source,label,split,segment_id,cycle_id,cycle_start_sec,cycle_end_sec,PORD,Shape_RMSE,AI1_abs_current_residual,AI0_abs_current_residual,timing_deviation,AI1_Vibration_rms,AI0_Vibration_rms,AI2_Current_rms,H1_share,Template_Correlation,H2_share,AI2_Current_kurtosis,H3_share,AI2_Current_crest_factor,AI2_Current_phase_C_std,AI0_current_residual,AI0_response_z,AI2_Current_phase_C_ptp,vibration_normalized_difference,cycle_duration,AI2_Current_phase_B_std,AI2_Current_std,AI2_Current_phase_B_rms_ratio,AI1_current_residual,AI1_response_z,AI2_Current_phase_C_rms_ratio,AI2_Current_phase_B_ptp,AI2_Current_phase_A_mean_abs,AI2_Current_ptp,AI2_Current_phase_A_rms,AI2_Current_phase_C_rms,AI2_Current_phase_A_rms_ratio,AI2_Current_phase_A_ptp,AI2_Current_phase_B_rms,AI2_Current_phase_B_mean_abs,AI2_Current_phase_C_mean_abs,AI2_Current_phase_A_std
normal,0,train,N0000,1,1.7,3.4,0.6427495321897372,0.0515403687610835,0.0092831175566669,0.0069059308831549,1.0697325378441949e-13,0.1651754969247355,0.0735416468687414,155.49395186163716,0.9983326919393056,0.9986289498776614,0.0010877266207558,1.4411603823960717,0.0001303705358622,1.414405559617529,109.7607254580236,-0.0069059308831549,-0.4463995333577969,274.15362,-0.3838595276378059,1.7,52.10490378815975,159.11802112052675,1.1373369832017366,0.0092831175566669,0.6427495321897372,0.7249755480230042,143.234982,137.3806761666667,439.24885,158.3413532490215,109.36164144448595,1.0496697729677444,218.482161,171.56584066544949,164.84053966666667,94.3169706,86.97778655299632
normal,0,train,N0001,1,8.405,10.105,0.6901791369331497,0.0398405311680025,0.0099681349303852,0.0020256515024972,1.0762632615184572e-13,0.1358733177027614,0.0797506453564971,148.7467728205239,0.998387267324606,0.9991807649425808,0.0007746244847558,1.4487607106606537,0.0001486460470945,1.4624730061369398,104.03104566725304,0.0020256515024972,0.1309381603667555,254.573736,-0.2602803118435413,1.700000000000001,51.20500782636677,152.28984631091484,1.1308571725942496,-0.0099681349303852,-0.6901791369331497,0.6895725926520038,144.81664899999998,137.0289676666667,433.55648,155.6170726293936,99.7099646089172,1.0762140840672738,208.533427,163.518286339458,156.6948285,88.41179559999999,80.79407389616829
normal,0,train,N0004,1,34.033,35.733,1.132421348185893,0.0569537751648588,0.0003664418807259,0.0175188882980143,1.0449157878819975e-13,0.0495045977488735,0.0340112236719978,83.82992740443507,0.9937955272346712,0.9983258154810156,0.0018718574982518,1.310383582592953,0.003339935491738,1.3276355288136854,66.78833954887567,-0.0175188882980143,-1.132421348185893,163.5262,-0.1855142392554886,1.6999999999999955,26.56711683941686,85.83626824805941,1.1261190196090232,0.0003664418807259,0.025371901839392,0.7901308010984281,71.512586,74.88756233333334,221.30086,83.94120900713068,64.88283838014391,1.0222199948988675,105.353364,92.4730414818956,89.2361305,55.789311,41.540046856255394
normal,0,train,N0006,1,49.357,51.057,1.9838042136912035,0.0933770830364716,0.0150754173125458,0.0306900293609453,1.0867124193972773e-13,0.0333411582423953,0.0820246804552006,83.34553111997793,0.9935361205102994,0.9954997266392732,0.0020443502091834,1.298558889544297,0.0033899919300809,1.3248632352110834,68.02742515704543,0.0306900293609453,1.9838042136912035,169.77241,0.4219925305618035,1.7000000000000028,32.194902098637506,85.32938660604349,1.102024031507382,-0.0150754173125458,-1.043799926700811,0.7654899411201386,84.055196,80.25070933333335,218.27736,86.94646251040844,62.59560345575131,1.0632798278675537,93.674311,90.11465150541832,85.18738549999999,53.963716,36.652601455897305
normal,0,train,N0010,1,82.803,84.503,2.613985285356299,0.0881587968469789,0.0377533261093012,0.0161968022878616,1.0867124193972773e-13,0.1208493001949581,0.0649849241512556,157.31333845218617,0.9987321726864818,0.9959886588585734,0.0007409362748908,1.4468311012313246,0.0002103917485053,1.4316414756429077,107.83944625033834,-0.0161968022878616,-1.0469616776539188,266.212737,-0.3006140351161861,1.7000000000000028,47.65053997606579,161.0076621509221,1.1413017535498593,-0.0377533261093012,-2.613985285356299,0.7247096660609404,133.18194899999995,138.25185866666666,447.65097,159.56568529738485,110.6050326706739,1.0455111464138072,231.310755,174.18522706424713,168.66638183333333,95.2768204,92.74924846639988
normal,0,train,N0012,1,95.927,97.627,1.1902046688654486,0.1069011474743459,0.0088411417030149,0.0184128131097419,1.0031191563667174e-13,0.1408518926376607,0.0555657355920794,139.46223388345433,0.9979987896328484,0.9941017520870488,0.0011305281806002,1.4554087177697623,0.000418882125133,1.4546567507984558,98.04394280109815,-0.0184128131097419,-1.1902046688654486,245.170384,-0.4342082623327064,1.6999999999999886,43.478046285591454,142.65474996139892,1.144065924162894,0.0088411417030149,0.6121477681336606,0.7643064496542245,118.075746,119.17713616666668,398.87982,137.32059927620475,103.03369179381558,1.0186475692554604,201.618817,154.22784391697155,149.03336566666664,86.672316,81.13400911655708
normal,0,train,N0016,1,128.605,130.305,2.537838117814923,0.0783049677995081,0.0270069296609386,0.0392610953296371,1.170305682427837e-13,0.1256958338302339,0.1042134590990477,117.0933049243768,0.9975436298356212,0.996835268138277,0.0007642818623905,1.4553272941926352,0.0008711647596467,1.440799626494084,83.10771730068075,0.0392610953296371,2.537838117814923,205.949685,-0.093438479399354,1.700000000000017,45.76916264837936,119.83007913948514,1.1174517431293547,0.0270069296609386,1.8699204550073656,0.6750056792802451,124.869245,113.19080483333336,335.56323,124.62187120694324,76.63352370762507,1.0976980668167802,145.733259,126.86450985203815,119.78699283333334,68.08496240000001,57.115172950474594
normal,0,train,N0016,2,130.305,132.005,1.2656797971317189,0.0449927262482292,0.0058264384536398,0.0195804353410724,1.0031191563667174e-13,0.1037006120398739,0.0843121057928351,116.54637693861358,0.997864926412082,0.9989551765598708,0.0006896902170044,1.4508239360175026,0.0010714895687366,1.427536697152168,84.04489825553422,0.0195804353410724,1.2656797971317189,210.815093,-0.1031233762823815,1.6999999999999886,39.22222587522561,119.23140982443805,1.1295480737176944,0.0058264384536398,0.4034141081968518,0.7321905865111742,104.58923500000002,103.68018666666669,328.13887,119.09884964311227,82.74332011553619,1.0538984470436177,164.30273000000005,127.64785504120124,122.5234225,71.8050078,64.20238200326672
normal,0,train,N0018,1,145.257,146.957,1.7711852917729167,0.0583917669183457,0.0030578902125601,0.0274007526715771,1.0031191563667174e-13,0.0850283523737164,0.0878244433932452,105.87022823778116,0.9977473869012426,0.9982402072547872,0.0007919188094974,1.4218546541936847,0.0008961586289636,1.4084458159955804,77.14596340783778,0.0274007526715771,1.7711852917729167,192.839764,0.0161761399756719,1.6999999999999886,39.86074022858015,108.3150184894259,1.11420205470396,0.0030578902125601,0.2117238623353459,0.6985770691443777,105.920923,101.16749300000002,295.74636,111.8737699087082,71.78679198072724,1.088674506000207,131.13834,114.49701780720952,108.56105,63.569601,52.3168663474586
normal,0,train,N0022,1,178.715,180.415,0.7535606962832966,0.0472529555634658,0.0002839085468988,0.0116578035950218,1.0031191563667174e-13,0.0786568832885378,0.0712608205756228,103.83641298250193,0.9971305869338948,0.9988475655176852,0.0006444262816046,1.4301334055097434,0.0016531845619735,1.429736792092555,77.45251886508993,0.0116578035950218,0.7535606962832966,196.362158,-0.049334151485986,1.6999999999999886,35.16739088819406,106.27830870645852,1.1271785536380945,-0.0002839085468988,-0.0196574140734504,0.7498979806455384,93.62603199999998,92.08924633333336,290.70369,105.72353848350726,75.79309046283127,1.046030284968556,148.838898,113.92529155780927,109.3085125,65.0572132,57.1352103408878
normal,0,train,N0023,1,185.581,187.181,0.9663834226644064,0.0894476588637669,0.0104913208161776,0.0149502331988281,0.058823529411616,0.03689291207153,0.0660052444551812,82.65252031696382,0.9968909336880724,0.9958705116509852,2.210558761877765e-05,1.3188458431233894,0.0023590517544555,1.3448014600613096,67.19568578189971,0.0149502331988281,0.9663834226644064,169.424316,0.2829237506875163,1.6000000000000227,23.892750949136985,85.14317126155638,1.1920372198637896,-0.0104913208161776,-0.7264037652747182,0.7443095972721986,58.863173,71.58935966666667,222.05749,81.62621727384462,60.130791244527735,1.0103837925378598,115.792883,96.30151416296142,93.9004302,51.9108358,45.91650279133275
normal,0,train,N0027,1,226.457,228.157,1.0393811078419766,0.0570740886052793,0.0095685806555978,0.0160795286635314,1.170305682427837e-13,0.0431360395802241,0.0685757205499471,86.22409206875811,0.9930140304128228,0.9983187346631608,0.0021341495775022,1.306127232853152,0.0038496123915073,1.3086104740891027,70.23473352041523,0.0160795286635314,1.0393811078419766,175.62475,0.2277260777186918,1.700000000000017,30.102003018022028,88.23553188088508,1.1100833193167914,-0.0095685806555978,-0.6625145811805855,0.7882937154088792,78.087106,79.75370550000001,223.1628,87.95476099710548,66.61794717830843,1.0407733692052925,103.135477,93.81207852381456,89.69725333333332,57.46019600000001,40.625899735177065
normal,0,train,N0028,1,233.925,235.625,1.3230490601563116,0.0375799908120274,0.0191085630460529,0.0079105178530436,1.0031191563667174e-13,0.0436788770460047,0.0631379328107209,92.99268093658284,0.99526450400046,0.9992710938273892,0.0013144047380307,1.3836820172723638,0.0024987956006657,1.369909854377419,72.77452556307951,0.0079105178530436,0.5113360585219089,184.58774,0.1821722235539016,1.6999999999999886,33.934483500612565,95.16509768776749,1.1175137614996151,-0.0191085630460529,-1.3230490601563116,0.7644400881973744,90.216414,84.99945283333334,251.99357,95.17256602768906,69.446206279275,1.0476270579216524,120.558394,101.52148271558605,96.67981766666666,59.3953444,46.89874636698224
normal,0,train,N0036,1,289.736,291.336,1.6942325779109697,0.1247415991914441,0.0244695007952795,0.0177207993183053,0.058823529411616,0.1200851461461457,0.0596556260356547,147.882941193635,0.9985380286282792,0.9919687914483336,8.700479250004608e-05,1.470985271176076,0.0007562982917128,1.4904655548566197,108.51995687212046,-0.0177207993183053,-1.145472881246781,267.11491,-0.3362037415141003,1.6000000000000227,35.231190465431624,152.34644032622435,1.243276115243713,-0.0244695007952795,-1.6942325779109697,0.7058236390276019,90.01435000000001,121.1128975,435.9508100000001,140.74485480287444,101.21057142937724,0.9815283540879376,277.538098,178.27780072890374,175.470752,89.61092060000001,106.1535907081836
normal,0,train,N0041,1,322.877,324.577,0.4867388362961489,0.1775021530750584,0.0038857549156388,0.0075299916564076,1.0031191563667174e-13,0.0607183700753825,0.0632495082066958,94.21222004952914,0.995445361508452,0.9837383151760966,0.0010208964585714,1.3739903665421902,0.0026405208606566,1.354870843006294,71.72315683248591,0.0075299916564076,0.4867388362961489,180.749319,0.0204176934087193,1.6999999999999886,43.10254022293498,96.46360413362925,1.0869692220546128,-0.0038857549156388,-0.269044008005392,0.6989367806562199,108.794221,96.3127925,254.4004,102.49446946062876,64.20952530591572,1.115677996038371,97.047938,99.85706819540816,91.77822866666668,54.7756022,38.40253539860678
normal,0,train,N0041,2,324.577,326.277,1.1306947151732143,0.1019485511203995,0.0163304233390813,0.0037810291729875,1.0031191563667174e-13,0.0458649004589687,0.0588480523249873,92.59519374418804,0.99548343052042,0.9946356092513244,0.0008775774773478,1.367439397715976,0.002764409853103,1.3785314856907671,72.5136760963755,0.0037810291729875,0.2444058139288497,184.458036,0.1239880217367324,1.6999999999999886,37.96220980652532,94.81933322498048,1.1011763005509063,-0.0163304233390813,-1.1306947151732143,0.7290090563568165,96.420059,90.15845283333334,249.02895,98.2176468113496,65.97426823684701,1.0852951602658198,110.559717,99.6548671036617,93.43527916666666,56.67410500000001,42.68244877499824
normal,0,train,N0042,1,330.088,331.688,0.9795658035011392,0.0505586673004916,0.0062521928951321,0.0151541684723467,0.0588235294116494,0.0406501686191423,0.0660786509449601,82.32904045116751,0.9965513985246665,0.998680681889443,3.804250148399679e-05,1.3027307868838325,0.0027007339072965,1.3330355777083962,68.66402843179513,0.0151541684723467,0.9795658035011392,172.462365,0.238253195617018,1.599999999999966,16.381920504845162,84.81503906256798,1.213587626825946,-0.0062521928951321,-0.4328927253129695,0.7691958419861131,40.713075,68.78808033333333,219.43357,78.37081386671048,61.96980768033044,0.972772167864502,124.91478,97.77196876603794,96.6678024,52.8806752,49.99344527084078
normal,0,train,N0042,2,331.688,333.388,0.3236930369658368,0.0592896353263013,0.0025169837182025,0.0050076256214472,1.0031191563667174e-13,0.0468479873408547,0.05659917703907,83.98218825984402,0.993049604820982,0.9981856718156754,0.0022811589594036,1.2946904360924585,0.00368307833508,1.3248693836809848,68.098669643506,0.0050076256214472,0.3236930369658368,168.070579,0.094262513202473,1.6999999999999886,28.974533300032927,85.95831254837199,1.1124692328784154,-0.0025169837182025,-0.1742722848793452,0.7832386310154816,76.62083,77.98489716666666,219.85295,85.78892229748318,64.5216124102936,1.041406058318754,100.178249,91.64296271890474,87.74297483333334,55.8899718,39.162660831992
normal,0,train,N0043,1,336.88,338.48,1.4092233817882722,0.053020045291848,0.0009360917016611,0.0218010964311545,0.058823529411616,0.179476237826332,0.0647812832868732,170.69737948759288,0.9991927991951238,0.9985490966695472,4.411068857848321e-05,1.444863807686119,0.0006489315569297,1.4284077513780604,128.14807316870852,-0.0218010964311545,-1.4092233817882722,320.82549,-0.4695657026906123,1.6000000000000227,51.148204796359465,175.86223986532076,1.2174930125233,0.0009360917016611,0.0648136253426298,0.6886970282306297,126.45413,147.62456866666665,485.97866,169.65403008635388,114.78267173510788,1.0179256553416205,274.548916,202.9152080927105,197.690846,98.8034832,109.04102026045716
normal,0,train,N0043,2,338.48,340.18,1.1671205060020051,0.0725354147970715,0.002760304250527,0.0180556943824187,1.0031191563667174e-13,0.1893305510075786,0.0707018700978505,176.08797958982814,0.9976337996205942,0.9972844457291417,0.0016111141420836,1.426116384276997,5.927186703943298e-05,1.4118892759126276,128.70637545135835,-0.0180556943824187,-1.1671205060020051,321.64518,-0.4562072698664537,1.6999999999999886,69.65277594613137,180.24739126809325,1.1215412300154808,0.002760304250527,0.1911194439688465,0.6984126263549715,186.265494,167.649886,495.56274,185.39296637081128,119.756470878072,1.0812007702081154,223.771604,192.3101252505727,181.49451766666667,105.279482,86.69994950832971
normal,0,train,N0049,1,378.015,379.615,0.256941187088218,0.0683326146264087,0.0029638577507777,0.0039749550491684,0.058823529411616,0.11004097882527,0.0728052027273907,126.70357884600692,0.9984400480707348,0.9975900148533235,7.960957159051833e-05,1.4804735218490837,0.0012579268105704,1.456588374858018,93.02230494117352,0.0039749550491684,0.256941187088218,232.74102,-0.2036453579805902,1.6000000000000227,34.81029589118094,130.53381918893652,1.238030462205636,-0.0029638577507777,-0.2052131917064031,0.6867536319933778,88.305007,106.12351916666664,366.43939,122.71464953063848,84.4278949233181,0.998185864286954,219.418675,152.20058679787556,148.98192260000002,73.8251286,85.7545622813753
normal,0,train,N0051,1,390.165,391.865,0.3806929742565302,0.1243140751080824,0.0047362393953699,0.0058894312638339,1.0031191563667174e-13,0.0457726850807334,0.0460119929879398,84.75012326952684,0.995811728267024,0.9920237474735516,0.0007828097838718,1.315788648635389,0.0025561943307759,1.3393846005273633,67.69066535678357,-0.0058894312638339,-0.3806929742565302,170.647999,0.0026072751164926,1.6999999999999886,34.66637929059629,86.87610801801458,1.0996128394693614,-0.0047362393953699,-0.3279303140491216,0.7339308238799512,89.861523,83.36310633333333,224.24689,90.22726970305978,61.0825874323101,1.084115411171619,95.603719,91.5170683982126,85.8714675,51.8632474,37.81353250664711
normal,0,train,N0051,2,391.865,393.565,0.3265882289673786,0.0718918731721138,0.0047168558984385,0.004819140067505,1.0031191563667174e-13,0.0437069992316257,0.0561557630450042,83.35041789290891,0.9947378058517932,0.9973324173273804,0.0014956251320242,1.303380763431209,0.0028721118283158,1.3445711831222202,67.0991256049973,0.004819140067505,0.311509326362864,166.082521,0.1246587169176185,1.6999999999999886,30.611096241075607,85.35821450915665,1.1084872003574011,-0.0047168558984385,-0.3265882289673786,0.7607205403672801,80.930238,79.15201566666667,220.54984,86.57834348018824,62.168675098389,1.0594069140466449,98.093994,90.58935174337536,86.171716,53.694493,38.43073731809798
normal,0,train,N0052,1,397.412,399.112,3.063639954011097,0.0752208166953635,0.04424760878082,0.0468086255211623,1.337492208488957e-13,0.1562599798798641,0.1153700352505893,126.03733756875228,0.9975502453316328,0.9970796535409946,0.0012510933385358,1.4538950023687829,0.0003536854005757,1.4189791172194663,90.6741598251674,0.0468086255211623,3.025710645430128,226.976423,-0.1505354428872172,1.7000000000000457,50.84143005811743,128.9976651583412,1.1223830821519811,0.04424760878082,3.063639954011097,0.6878939752284575,136.101853,120.01694683333332,357.13831,132.89197447051524,84.18134964642267,1.085936362132989,160.380498,137.3521590220155,129.27324966666666,73.7578244,62.50960903550993
normal,0,train,N0053,1,403.621,405.221,0.9875030670976956,0.1245343062466546,0.0100718270995173,0.0152769602534825,0.058823529411616,0.1665688674696374,0.0707908981317098,169.42227918460696,0.9986021680980932,0.9919954614542708,9.161407500181688e-05,1.4561360897567517,0.0006567862191553,1.4888226696865114,125.922319944094,-0.0152769602534825,-0.9875030670976956,309.50061,-0.4035139194499629,1.6000000000000227,38.66330292082882,174.5536676520524,1.243928316443593,-0.0100718270995173,-0.697358631622789,0.7122893623884252,96.12227,138.525244,497.73865,160.84642474250091,117.27392970786796,0.9769366269868188,316.964421,204.80491447334165,201.864242,103.4423708,120.96704686330706
normal,0,train,N0053,2,405.221,406.921,1.3998982245426936,0.0692128917361568,0.0202184819046478,0.0074441858283167,1.0031191563667174e-13,0.1618703287025691,0.0800994521929526,173.07959510333174,0.9982133083327388,0.9975275228993624,0.0009812773548346,1.4320500766905138,0.0001667150264467,1.441607370591757,122.47115423211588,-0.0074441858283167,-0.4811923455670561,299.12511,-0.3379383830767929,1.6999999999999886,53.97130869284587,177.11635760378854,1.1382651877349008,-0.0202184819046478,-1.3998982245426936,0.734624157280192,153.618472,151.49736133333332,496.46073,175.07629157664527,123.30661694904728,1.0430524844614024,248.656537,191.05773761933332,184.59588466666665,107.1498996,97.19568709032568
normal,0,train,N0054,1,410.127,411.727,0.3246349010086861,0.0579717786077839,0.0019492856380408,0.0050221965326942,0.0588235294116494,0.044747092731063,0.045846489453777,82.19076413132436,0.9968228431378132,0.9982654311664756,0.0003050180530003,1.312502147844401,0.0022309626392568,1.3685591220477624,67.25497750085611,-0.0050221965326942,-0.3246349010086861,168.938061,0.0121354813021833,1.599999999999966,18.0694593600274,84.69697750285161,1.2061986171907273,-0.0019492856380408,-0.1349656970631725,0.7465817208335848,45.49539800000001,70.00693483333333,222.95621,80.19106891570556,60.178378927909264,0.9948620633050348,122.816936,97.2258969407632,95.8732014,52.1253888,48.99068524137653
normal,0,train,N0054,2,411.727,413.427,1.6442275386532337,0.0690478580823341,0.0029847393118546,0.0254366792292726,1.337492208488957e-13,0.0460179867316393,0.0260567476598886,83.73901347196451,0.9914192716400354,0.9975392997647676,0.0035635848374966,1.305527552365682,0.0037997345080732,1.3250582422630122,68.20501858197598,-0.0254366792292726,-1.6442275386532337,168.118734,-0.2769519615991829,1.7000000000000457,30.37971643063621,85.5333454974185,1.099398743146395,-0.0029847393118546,-0.2066590005665839,0.7943318026663122,81.053867,78.9054525,219.53312,85.9083223294367,65.097954866722,1.0482620026956349,95.713869,90.09913681114428,85.72484166666668,56.14326659999999,37.21563238041729
normal,0,train,N0056,1,425.625,427.325,0.5962977938306918,0.0587573382612392,0.0086122233337967,0.002424819757052,1.0031191563667174e-13,0.0446590974762017,0.0550745188671171,86.6045177088521,0.9935071614970408,0.9982181033292647,0.0019926390234103,1.315707889626872,0.0035964922933819,1.3061491824281335,70.56862581885153,0.002424819757052,0.156740405651188,177.09865100000002,0.1044324047666873,1.6999999999999886,31.295640492598853,88.63967179503265,1.1090824201445455,-0.0086122233337967,-0.5962977938306918,0.782105125743505,80.932984,80.62788766666667,224.52607,88.68628500705745,66.32945220017197,1.0457194471898437,102.290281,94.06002716462775,89.61644816666667,57.3826138,40.463329750742
normal,0,train,N0056,2,427.325,428.925,0.4046920283824762,0.1081401190573052,0.0058448952283507,0.0015537369680603,0.058823529411616,0.0450567649370018,0.0504540710920804,85.01376642215195,0.9965053171421098,0.9939642398194892,7.212799517470571e-05,1.326274442522442,0.0027948801864335,1.343339964881763,67.87969298172524,-0.0015537369680603,-0.1004335938540458,169.652244,0.0565098828511843,1.6000000000000227,26.51036718509151,87.5786103300078,1.1883395791283,-0.0058448952283507,-0.4046920283824762,0.7350375303358802,63.186896,74.47714533333334,226.48373,84.47486690316939,60.89692846861589,1.019627739943533,118.433372,98.45242910730418,95.5543884,53.0768458,46.95115757970835
normal,0,train,N0058,1,439.829,441.529,1.5079451742992456,0.1568848820029168,0.0007745874079667,0.023328351333537,1.0031191563667174e-13,0.0514767129384194,0.0757017484305643,85.91977879122784,0.993795464558132,0.9872965851865324,0.0022583847072127,1.3353232467739014,0.0030029512113297,1.323189160859516,68.49557380543898,0.023328351333537,1.5079451742992456,173.033854,0.1904806461030383,1.6999999999999886,38.28496162209562,87.92608743139516,1.0884469498032303,-0.0007745874079667,-0.0536313033925948,0.7343141495664455,95.695151,86.51144199999999,225.45793,91.99041170041596,61.68309879412147,1.0951113393559886,85.860141,91.43059653216947,84.48730916666666,53.0427042,34.2579552435809
normal,0,train,N0058,2,441.529,443.229,0.962371981490852,0.0505820992843996,1.96235363487951e-06,0.014888175034748,1.0031191563667174e-13,0.0528965830029586,0.0674368971430164,86.35427384651084,0.9939621469929136,0.9986794587003772,0.002161584690949,1.3440267938893875,0.0029212296127343,1.32214452063988,69.24045730540325,0.014888175034748,0.962371981490852,175.046466,0.1208334880890864,1.6999999999999886,31.71670083362296,88.35250469657154,1.1124899644604176,-1.96235363487951e-06,-0.0001358705061233,0.7773245603051893,82.800275,79.80985266666667,227.20828,88.23833864083076,65.6317960187898,1.045070102399872,104.759462,93.93079564056252,89.35716783333334,56.5345118,41.22705650543906
normal,0,train,N0059,1,446.452,448.152,1.633944424058767,0.1068217620415883,0.0235987696761486,0.0167620716619921,1.0031191563667174e-13,0.1590953938305918,0.0709455436819912,173.48596801837354,0.9987316236120743,0.9941105089828748,0.0009553265285945,1.4323577818570432,9.819912158718924e-05,1.410486581681836,120.76898350109346,-0.0167620716619921,-1.0835007031817907,301.242028,-0.3831920140014018,1.6999999999999886,52.19036127932886,177.53964023331503,1.1434562710593523,-0.0235987696761486,-1.633944424058767,0.7531134330686495,142.40242,150.41800199999997,487.74725,172.781137914902,126.7952863778958,1.026251051295264,255.615502,192.5139812721352,186.525525,106.9436444,103.33694298334837
normal,0,train,N0059,2,448.152,449.752,1.7974135680107235,0.0600626731851665,0.0099120904979159,0.0278065117491463,0.058823529411616,0.1668870420485242,0.0583042641397895,169.5286384714518,0.9991344230826869,0.9981380517625024,7.520862933057839e-05,1.4529619705418264,0.000655208560966,1.4434117574843075,126.089916557658,-0.0278065117491463,-1.7974135680107235,315.57349,-0.4821801504959133,1.6000000000000227,45.65726532091492,174.66863675114027,1.2322693006357732,-0.0099120904979159,-0.686298702097374,0.6906780273809238,111.46034,143.4448728333333,483.07616,165.44935012058716,114.05969637020262,1.0018633611109269,290.62263,203.4989629101385,199.359372,99.8350732,114.65257354874744
normal,0,train,N0060,1,453.828,455.528,1.8714200999873645,0.0491081536024006,0.0193023826687644,0.0289514143678573,1.337492208488957e-13,0.1122194000711701,0.0923402958448922,113.21864197554385,0.9977462373468928,0.9987552976772958,0.0006881591363213,1.4532159678105725,0.0011680372248061,1.432557723444827,81.32378610969296,0.0289514143678573,1.8714200999873645,204.463147,-0.097179965668006,1.7000000000000457,37.97527729933751,115.84620304131616,1.1318424120092567,0.0193023826687644,1.3364688483973275,0.7303563145478055,100.592502,100.4158165,318.93149,115.5695821213451,80.19690758702652,1.0524966187802247,161.293283,124.28216133817268,119.34943466666664,69.6088154,62.67049170071024
normal,0,train,N0060,2,455.528,457.128,1.5838157633408787,0.0878105362670982,0.022874770315438,0.0237357040837036,0.0588235294116494,0.1076550577093884,0.0849205171512473,107.75646165882767,0.9968188748472396,0.996020288887988,0.0002033090185457,1.485615259166615,0.0019785889862004,1.489470492341945,77.64035944937748,0.0237357040837036,1.534276465570913,191.348695,-0.1180551613280953,1.599999999999966,35.62048706811886,111.02257287857992,1.211061112026021,0.022874770315438,1.5838157633408787,0.6627583962644622,90.178982,95.34219116666668,316.76261,108.90951192528767,69.50734919146461,1.0384613181365958,177.33004,127.01106176889,122.9502116,60.8337714,67.61136468011195
normal,0,train,N0061,1,461.141,462.741,1.0018920689969195,0.0617875063348107,0.0144701495525088,0.0074681502251443,0.0588235294116494,0.0318534218957804,0.0582358506859618,81.94049914493641,0.996299916646382,0.9980295762895084,6.536491516640206e-05,1.3122378693891192,0.0028380587053573,1.3311891084170997,68.56353473818743,0.0074681502251443,0.4827414047369283,172.47786200000002,0.2928476169673862,1.599999999999966,15.757238417565716,84.42166405435279,1.2203431484338938,-0.0144701495525088,-1.0018920689969195,0.7755495897875336,38.558367,67.47022,217.96503,77.00138912651656,62.11222692621072,0.9614595822024796,126.203431,97.73485997734564,96.71334140000002,53.034884,50.468672379903566
normal,0,train,N0062,1,467.905,469.605,1.4798725215185502,0.1162753606200017,0.0002411300773764,0.02289405921331,1.337492208488957e-13,0.2014904846745595,0.0698397657347795,185.9420528880698,0.998705027719906,0.9930219563936388,0.0009492387083227,1.4353941043738607,0.0001537007200945,1.4111003719957032,129.6924218083015,-0.02289405921331,-1.4798725215185502,323.060431,-0.4852047228080226,1.7000000000000457,55.48924821000683,190.2922171688953,1.1448503186114636,0.0002411300773764,0.0166954951808449,0.7607063291063922,150.61631,159.89150650000002,522.52085,184.0506651519735,137.26174700460567,1.0200111022384826,275.147471,206.5766364478489,200.26988333333333,115.27539740000002,111.2630479783987
normal,0,train,N0063,1,474.16,475.86,1.6998036912930337,0.0504019452387919,0.0245499633982953,0.0002631570560754,1.0031191563667174e-13,0.1231207424455088,0.0784836569930326,149.97474903101144,0.9979461274881196,0.998688848472848,0.0011251763757896,1.4237056647831334,1.1113559299083028e-05,1.461677391803278,107.76675256231248,0.0002631570560754,0.0170104782424685,263.41525,-0.2214092826176757,1.6999999999999886,53.64544270918841,153.58336919199886,1.1275664899087463,-0.0245499633982953,-1.6998036912930337,0.6945532536624661,150.30003999999997,140.651421,435.13219,157.3159254627404,101.45268431898816,1.0769975049602327,203.373572,164.7024854410577,157.25366166666666,90.148985,77.19179885101202
normal,0,train,N0064,1,481.148,482.748,1.657226662685797,0.0742030786299516,0.0096261335070123,0.0256377794666209,0.0588235294116494,0.0573583500783092,0.0767870521576315,82.88612148414822,0.9967341513345602,0.997158143546752,7.090287784164728e-05,1.3060878674900476,0.0024836819206284,1.3407266260040036,68.36154936098755,0.0256377794666209,1.657226662685797,172.272226,0.1448331568234098,1.599999999999966,21.647212176022087,85.4001302196296,1.1975140963651398,0.0096261335070123,0.666499456746041,0.7536371888924077,53.800233,71.09517683333334,221.76078,81.06609265156133,61.14562820585432,0.9991625562294042,117.767708,97.15915401577404,95.2103974,52.7544798,47.11288420722861
normal,0,train,N0065,1,487.018,488.618,1.5162815729838026,0.0905303487725426,0.0218993859755331,0.0050857975405131,0.058823529411616,0.1608958450439655,0.0707850320406793,144.15173414056525,0.998995987734058,0.9957699385554136,0.0001004127420436,1.4613460764503796,0.0007053257503532,1.4378503403773708,107.51707070652606,-0.0050857975405131,-0.3287460716375032,268.26576,-0.3889436803624286,1.6000000000000227,37.34063224005654,148.48076362102591,1.2401958269537727,0.0218993859755331,1.5162815729838026,0.7096998230873579,94.24103,118.522538,413.26432,137.2348470421718,99.13576322396696,0.9824461274102916,252.793461,173.2391017337302,169.9892,87.39205539999999,98.91013301286178
normal,0,train,N0065,2,488.618,490.318,0.9960126894534764,0.0597491944387719,0.0117711424923301,0.0154086065914362,1.0031191563667174e-13,0.1392404221004885,0.0637168614619047,152.21746482480492,0.9980391160803616,0.9981574367813753,0.0013839449942511,1.4331279367294778,4.59854121588489e-05,1.4240110374291133,108.1785231020446,-0.0154086065914362,-0.9960126894534764,269.314203,-0.3721155472353089,1.6999999999999886,50.189314441549655,155.72953065253293,1.1377070926808917,-0.0117711424923301,-0.8150167531650355,0.7371748280861335,138.71587599999998,133.5500645,432.07078,153.76491735094396,108.76590799716756,1.04216135920837,213.13932,167.86214104939063,161.48857233333334,93.8690534,84.77251364408119
normal,0,train,N0067,1,507.005,508.705,3.1240434703832216,0.0493602209295526,0.0169038408983709,0.0483298629820607,1.0031191563667174e-13,0.1371051123394423,0.119109472963134,131.53453978847585,0.9979493563084634,0.998742487014082,0.0011764245618299,1.4504902847570709,0.0002494073837393,1.426133776737743,93.9766907348639,0.0483298629820607,3.1240434703832216,234.423668,-0.070236592327428,1.6999999999999886,49.993367327312086,134.66727061570472,1.1304446321954398,0.0169038408983709,1.1703973113897248,0.6932774081503539,136.238827,122.61435800000002,374.78284,137.3322049208868,88.59458834872781,1.0746628756641528,173.524637,144.46060936499433,137.06234716666668,77.80417,67.75709899941356
normal,0,train,N0067,2,508.705,510.405,0.3116469596475708,0.0684402837650549,0.0045010617942109,0.004428332294632,1.0031191563667174e-13,0.1147168525207947,0.0660849069976563,130.87441293988715,0.9986303691581456,0.9975824142235634,0.0006645133471963,1.4611193907596287,0.0005131128299773,1.4156080309227157,91.22925421097858,-0.004428332294632,-0.2862475028093382,227.795745,-0.268979381906438,1.6999999999999886,42.66400403957092,133.94313255983266,1.1389818054641248,-0.0045010617942109,-0.3116469596475708,0.7248046584074025,116.628425,114.94343966666668,369.79906000000005,133.04270572527358,92.01480101976006,1.047983278865052,187.786605,144.5950753478741,139.25116916666664,78.991326,75.79530079449752
normal,0,train,N0068,1,514.187,515.887,1.5561102171270682,0.040714641404561,0.0224746240226849,0.0034294349311605,6.687461042444783e-14,0.1592417507263371,0.0840133180774863,172.82957921098216,0.998330953800582,0.999144422180798,0.0010258253746205,1.4435642382046556,0.0001152219013996,1.441333891670848,121.82176148214737,-0.0034294349311605,-0.2216787539367343,301.35611,-0.3092574104147881,1.6999999999999318,58.80028126751273,176.88784396467557,1.133924210371501,-0.0224746240226849,-1.5561102171270682,0.7096899610769603,165.016906,155.78498316666665,497.30748,178.31640867389825,119.16195853699128,1.0619946725017753,244.338188,190.39388627582213,182.670754,104.073537,95.04386748518654
normal,0,train,N0068,2,515.887,517.587,2.5820187595361466,0.1374774305255172,0.0372916392434146,0.003565074818518,1.337492208488957e-13,0.1441327602871741,0.0909287379034935,172.6335764814535,0.9987097658407956,0.990245138630236,0.0008578644485799,1.44505134045828,0.0001965092982833,1.4275050950269528,118.01390874200428,0.003565074818518,0.2304465194191184,291.929395,-0.2263408631059534,1.7000000000000457,49.6897495889036,176.6425075700093,1.1460513064225444,-0.0372916392434146,-2.5820187595361466,0.7620554309982042,135.01443,147.7771375,491.50234,170.26247140199573,127.47767709869284,1.0178208764081544,263.759641,191.7130335089922,186.26950333333332,106.7571998,105.51143574486986
normal,0,train,N0071,1,533.961,535.561,1.1341333887870138,0.0630058664399876,0.0163800874925303,0.0149363782851646,0.058823529411616,0.1575675712226345,0.0704019935316841,167.61444637971,0.9983936464907148,0.997951102345364,8.501416429353434e-05,1.455976217180326,0.0007009965671328,1.4779534541957458,126.13233142011528,-0.0149363782851646,-0.965487840722053,311.65913,-0.382356205243914,1.6000000000000227,43.32751849803598,172.69719681092266,1.2271724921968754,-0.0163800874925303,-1.1341333887870138,0.6949443333432269,108.4019,142.56538583333332,490.84645,164.78381678011797,113.9895891294368,1.0046143737563389,288.74198,201.2893428506897,197.52362,99.0948076,112.46423200640764
normal,0,train,N0071,2,535.561,537.261,2.2052219095255734,0.0454315077970478,0.0318496291314611,0.0195501678458351,6.687461042444783e-14,0.1465911339351357,0.0670052910995343,170.6306637205633,0.9975083527153112,0.9989346983738244,0.0012430013588005,1.438042100331516,7.259351995849678e-05,1.4729666082270003,122.84758019702222,-0.0195501678458351,-1.2637233055336343,300.27357,-0.3725991332594202,1.6999999999999318,61.54421825686745,174.73129244351378,1.1311862365824663,-0.0318496291314611,-2.2052219095255734,0.7014898383874116,172.483587,158.27059633333332,497.45602,177.77468169840753,116.61098580216354,1.069428680978321,234.677942,188.0408452914347,179.4518055,102.74454339999996,88.68543819090822
normal,0,train,N0072,1,540.465,542.165,0.9515664371563766,0.0645444897334494,0.0113363551409813,0.0147210101146428,6.687461042444783e-14,0.0602302315960275,0.036742931718601,83.66594283070147,0.9929706615571464,0.9978498110167976,0.0024512055758278,1.3161947228019726,0.0033659655327388,1.326215497559459,67.93689803749503,-0.0147210101146428,-0.9515664371563766,169.79207300000002,-0.2422041219897091,1.6999999999999318,30.97658998693672,85.60807774076858,1.1094296274096418,0.0113363551409813,0.7849127105332776,0.7801560009105665,81.522233,78.28047783333334,219.65268,85.76916104065604,63.93619438243905,1.046564099181218,98.477141,90.92118528718616,86.41202266666669,54.8921644,38.39555874008866
normal,0,train,N0072,2,542.165,543.765,1.294043806040062,0.1194200823621855,0.0015084424804545,0.0200192348255092,0.058823529411616,0.0447637453631973,0.0307345469014152,81.90600537243068,0.9966239037086906,0.9926394033179842,0.0001020954672293,1.3290490640123465,0.0024404778540227,1.352939500542406,65.83690973679016,-0.0200192348255092,-1.294043806040062,166.55339800000002,-0.1858214012632977,1.6000000000000227,25.98296654865255,84.3770849562855,1.1810779536322682,-0.0015084424804545,-0.1044423592321105,0.7393334377192332,63.523662,71.62309549999999,220.43422,81.93422330026443,59.153424823252266,1.0240609256427713,112.679853,94.49701903935612,91.5947322,51.328617400000006,44.793668047236686
normal,0,train,N0073,1,547.214,548.914,1.1307034790099186,0.1168921685049721,0.0032027180159873,0.017492312361193,6.687461042444783e-14,0.0819288135327791,0.0770371726408751,103.6922875163066,0.9959521032177796,0.9929477269379052,0.0018380516218135,1.4423622569978132,0.0009385970576934,1.4376894711340629,75.7725568933997,0.017492312361193,1.1307034790099186,187.346843,-0.030771619826455,1.6999999999999318,44.27923927854683,106.10408196358485,1.1144133155422655,0.0032027180159873,0.2217515284004042,0.6865719613065316,118.949304,101.81319133333334,297.29846,109.98431254389378,68.97312422327238,1.0948053466705658,118.58262,111.9541320951906,104.4023555,61.03618980000001,45.57134726481062
normal,0,train,N0073,2,548.914,550.614,0.7439172190493787,0.035687542528318,0.0107442645245294,0.0001371464309693,1.337492208488957e-13,0.0937300809701275,0.0605615823342928,106.5518347530776,0.9971279480272393,0.9993426577075036,0.0012178149026249,1.448165728051558,0.0010816471462628,1.448847505608448,77.36514839434408,-0.0001371464309693,-0.0088651484965973,192.970295,-0.214972720659428,1.7000000000000457,36.96354772459888,108.96831730660628,1.1299306387201742,0.0107442645245294,0.7439172190493787,0.7332567460410713,99.834333,95.77198033333332,304.18769,108.49789895761354,75.56185047854602,1.0528701433078442,141.541018,116.43895597971016,111.44255883333334,66.256721,55.85182390484452
normal,0,train,N0074,1,555.017,556.717,2.327933141166905,0.0358202514320755,0.0336219256976975,0.0014728405754487,6.687461042444783e-14,0.1636473825041037,0.0931285549657031,183.27025094086488,0.9983911734763096,0.999337759787015,0.0012031812874072,1.4276742389330046,2.5196253472066928e-05,1.4173873755638466,130.4711815765617,0.0014728405754487,0.0952044491488435,323.54478,-0.2746317596305842,1.6999999999999318,63.49938473832597,187.5595315338216,1.13061272588459,-0.0336219256976975,-2.327933141166905,0.7103953479361778,175.56466700000004,166.9184973333333,518.60064,189.8319709941616,126.60994144959324,1.065127647480174,250.769641,201.50302425583075,192.98529883333333,110.94271039999998,99.04176367276705
normal,0,train,N0075,1,560.665,562.265,2.3481634673727845,0.0635193495790343,0.0198764537611338,0.0363267732070597,0.058823529411616,0.1078055487753979,0.0983645317940304,109.87025368423966,0.9969015809211812,0.997917570182737,0.0002009795885938,1.4890654236232463,0.0019510562253709,1.4894152376338208,79.82933459290444,0.0363267732070597,2.3481634673727845,197.036651,-0.0457923717895741,1.6000000000000227,33.87606993425656,113.20059933185796,1.2240361230459729,0.0198764537611338,1.3762166942919545,0.6705393387007862,88.139904,95.24237266666668,324.22249,108.85463785511855,71.45623592696677,1.0214828130114066,187.812236,130.43979516693526,126.8718632,61.901935,71.39725688704084
normal,0,train,N0075,2,562.265,563.965,2.57047890545279,0.0864248177267954,0.0109881900134119,0.0397660578274768,1.337492208488957e-13,0.0993955062576886,0.1019333564513817,110.19128321169067,0.9973650635894756,0.996144903680456,0.0006299982501075,1.4513032798511651,0.0012414014982141,1.4208763655035552,78.94242669404103,0.0397660578274768,2.57047890545279,196.689391,0.0126054960999198,1.7000000000000457,43.87731972193875,112.76738572597444,1.1127153252131328,0.0109881900134119,0.7608062644494055,0.6774184776515678,117.656962,107.079518,313.03076,117.66711870983278,72.38028505661146,1.1012650801764186,133.99078200000002,118.89054562697056,111.9402185,64.2918188,53.43625342811624
normal,0,train,N0076,1,568.733,570.433,1.9005097369670547,0.0627143449222953,0.0274487252378849,2.1236933538518188e-05,1.337492208488957e-13,0.1660955170725902,0.0906679096023872,180.76961720115267,0.998476841209552,0.9979700185501748,0.00104744575503,1.4453242099854784,0.0001897227527855,1.4228920433779613,126.27733735621833,2.1236933538518188e-05,0.0013727558792491,313.66758,-0.2937630504728729,1.7000000000000457,59.21544913982466,184.99710494242944,1.1393653257370635,-0.0274487252378849,-1.9005097369670547,0.724040420531121,164.410373,159.46364216666666,511.41256,183.9212036250293,127.06635899550194,1.0480066216579809,257.605344,199.95431111557664,192.5088795,109.476915,102.83765648271492
normal,0,train,N0076,2,570.433,572.133,1.849802090139088,0.1720490917892185,0.0267163636834202,0.0213124854327281,1.337492208488957e-13,0.1656284503558424,0.0690092874349371,179.96444196644268,0.9987612764784776,0.984722121297794,0.0008558811546377,1.4475278847514572,0.0002368647332259,1.4274816024373442,121.63576553185813,-0.0213124854327281,-1.3776395554538594,301.47163,-0.4117801502444006,1.7000000000000457,50.357756378262685,184.0997267209489,1.146221268114733,-0.0267163636834202,-1.849802090139088,0.7825071203560857,131.17946999999998,151.85808816666665,509.19372,175.1896192679435,136.45775599973524,1.0046121855462982,285.715492,199.8841647024649,194.5261583333333,113.4064348,113.37219084806894
normal,0,train,N0078,1,581.972,583.672,0.4695985915472007,0.0305191585209129,0.0067823292145018,0.0059609221404577,1.337492208488957e-13,0.0914409936525553,0.0551909458355464,107.67481626625954,0.9971307039110956,0.9995192675938964,0.0010164388906821,1.4568157297708744,0.0014019834440384,1.445176833320132,78.16569491821457,-0.0059609221404577,-0.3853141461889099,195.016166,-0.2472179522640982,1.7000000000000457,38.478033027538245,110.1072850340902,1.1256901828914216,0.0067823292145018,0.4695985915472007,0.7256651883966808,104.285845,97.96189466666664,307.00222,110.60385777380228,75.59290536149358,1.0617579639915578,142.352597,117.26370896981402,111.87930216666666,66.17151039999999,56.2495925080108
normal,0,train,N0078,2,583.672,585.272,1.1245450929141347,0.0834985859112253,0.0126272453086283,0.0173970403334438,0.058823529411616,0.0943448623446106,0.0429581599808601,105.70049350841586,0.9972061349903742,0.9964015412391324,5.58250315928201e-05,1.4837495009904562,0.0020965454831301,1.4721705153402185,77.89276516949805,-0.0173970403334438,-1.1245450929141347,192.946099,-0.3742576200658297,1.6000000000000227,35.78866804222363,108.88363629376428,1.210852881336557,0.0126272453086283,0.8742920646455814,0.677858161727353,87.74031199999999,92.19621733333332,307.38715,105.9410045193856,69.68675886076669,1.0305110432606197,167.557022,124.48092760665848,120.2947976,60.8804298,64.26686601785806
normal,0,train,N0079,1,589.747,591.447,1.804728099895276,0.1447176126810236,0.0260653680323524,0.011304350737264,1.337492208488957e-13,0.1591546221896597,0.0996961592233566,175.18155346280352,0.9989052886166784,0.9891906129444568,0.0008061699413276,1.4273816601492222,0.0001764887486922,1.410846433968166,121.67668622114228,0.011304350737264,0.7307134953140633,302.79092,-0.2297016939315427,1.7000000000000457,49.46255656613452,179.18729195625846,1.1398798727101638,-0.0260653680323524,-1.804728099895276,0.7793494284557116,130.44573,149.93269983333332,488.42019,172.35281594854743,132.49063616518742,1.0138306561888708,271.305121,193.7813822312243,188.4474383333333,109.8598152,107.7251622555096
normal,0,train,N0084,1,629.937,631.537,0.7091954373762142,0.1018988413183166,0.0102427839867672,0.0015899877500672,0.058823529411616,0.1927782734017625,0.0860746461317494,173.37945022808154,0.9991074794657132,0.9946408392970189,6.066411346860737e-05,1.4579779402752602,0.0006882885029279,1.4455428810640385,127.80339997712854,-0.0015899877500672,-0.1027768452484655,320.37536,-0.3826519996567835,1.6000000000000227,42.40215495086364,178.62767887978796,1.2449224703533588,0.0102427839867672,0.7091954373762142,0.7014634537360072,107.57126,142.340519,497.93703,165.35572276667,118.06975755720325,0.9823937881021392,310.277262,209.54433687069007,206.08366,103.88814320000002,121.72134906455528
normal,0,train,N0086,1,644.232,645.832,0.9672724193270494,0.0763485500160815,0.0139701440891658,0.0082188443321252,0.058823529411616,0.0335098611702146,0.0592997983024047,82.7168122331135,0.9962929828621996,0.9969914316957093,3.75905661423623e-05,1.2991237292917728,0.0029776082867748,1.3359969638162683,69.17972622284263,0.0082188443321252,0.5312662893210023,172.998092,0.2778798810216595,1.6000000000000227,14.198282543851848,85.20776219202146,1.2190169981900802,-0.0139701440891658,-0.9672724193270494,0.780240270005468,34.195663999999994,68.19407916666667,219.69774,77.62948544003544,63.11328681787551,0.9596972956725132,130.428569,98.60574030881152,97.78455420000002,54.2377776,51.815802642392015
normal,0,train,N0089,1,670.175,671.875,0.7136149186596243,0.1584644531089828,0.0017972320074727,0.0110398307730792,1.337492208488957e-13,0.187709845307562,0.0785132591148357,178.05947158362383,0.998822534605502,0.9870394926972108,0.0009793638500807,1.4155701463708472,7.34989801477385e-05,1.4041225539781628,123.44307102163516,-0.0110398307730792,-0.7136149186596243,306.952632,-0.410169457039542,1.7000000000000457,49.08343448669324,182.25976284914933,1.1488821955232051,-0.0017972320074727,-0.1244377252564169,0.7864883599505932,128.46651,150.67718333333332,495.57335,172.71774365281595,135.9810983947335,0.9989660073604116,276.765024,198.6377304849273,193.5182033333333,112.4358778,110.24377795164376
normal,0,train,N0089,2,671.875,673.475,0.8682014907000152,0.0972251139812593,0.0025805950958397,0.0134313300964424,0.058823529411616,0.1858000523092435,0.1012812364176806,173.8385972615769,0.9993416743754648,0.995121175334876,9.036990001722264e-05,1.4380623277459674,0.0004549743158753,1.438215240679814,129.73904152230273,0.0134313300964424,0.8682014907000152,324.02066,-0.2944072609750057,1.6000000000000227,40.99262907871402,179.11289401103278,1.243278449102883,0.0025805950958397,0.1786766439719301,0.7074212975772315,103.56773,143.10900216666667,496.21541,165.62326141729483,119.48743005877884,0.980566930288476,310.306591,209.99671234035668,206.771136,105.162371,121.48565472490776
normal,0,train,N0091,1,684.737,686.337,0.1846515910524307,0.0477859651954021,0.0025156989792873,0.0028566139298595,0.058823529411616,0.048739750981164,0.0478841288135776,81.87369182052467,0.9966352907354108,0.9988214201446928,9.28881968244117e-05,1.2995855805969867,0.0025704661806238,1.3377834511249245,68.38268125485682,-0.0028566139298595,-0.1846515910524307,171.986004,-0.0088551833086726,1.6000000000000227,17.558784045784357,84.35608775251869,1.2078694424523742,0.0025156989792873,0.1741833314289846,0.765600596056964,44.171219,68.99127283333333,218.39872,78.630109723094,61.36323329148297,0.9810314033824016,121.527928,96.8112809271425,95.5289244,52.0194116,48.834135386307054
normal,0,train,N0094,1,711.407,713.007,0.5098769712360292,0.0642527987366241,0.0022590594123779,0.0078879453474834,0.0588235294116828,0.1469982909296407,0.0865382337881729,151.03986220777497,0.9989750812833988,0.9978692014732938,6.185039351276408e-05,1.4623176315228872,0.0007987965082698,1.442295741109238,112.42359813617098,0.0078879453474834,0.5098769712360292,281.31691,-0.2588890847556453,1.599999999999909,41.096858988225854,155.6074944207081,1.2357038775226783,-0.0022590594123779,-0.1564139817934318,0.6950613039594978,101.27164,126.54564233333332,432.11095,146.1901031633384,102.0403130093682,0.9957935323204536,259.028699,181.4107758999221,177.64770800000002,89.3952,101.84557211275823
normal,0,train,N0096,1,725.224,726.824,1.1194225202376349,0.0874955347634578,0.0073616125151128,0.0173177926411764,0.0588235294116828,0.0387691517552748,0.0333976804249143,81.81106784133387,0.9965071347988552,0.9960487903981674,0.0001022722228573,1.310041049975778,0.0026149944762576,1.3414171565739426,67.01147292643923,-0.0173177926411764,-1.1194225202376349,169.370791,-0.0744313026914407,1.599999999999909,22.197537465603368,84.28835197943117,1.1921965231493852,-0.0073616125151128,-0.5097073231451998,0.7489900324389399,55.16661,70.57703250000002,219.45014,80.65219233750535,59.96750851613704,1.0073403022719256,114.658246,95.45261226249772,93.36496479999998,51.95813819999999,45.85525613374088
normal,0,train,N0100,1,758.873,760.573,0.979038201810354,0.0418874936599648,0.0001506285039872,0.015146006320422,6.687461042444783e-14,0.0650569367255415,0.070947377929389,94.415075409378,0.9960709502673348,0.9990944195483278,0.0012472006496555,1.400443903492213,0.0022017974019414,1.3917799613063475,71.96502093147166,0.015146006320422,0.979038201810354,180.878779,0.0433106936257824,1.6999999999999318,35.03348417523176,96.58584440281427,1.115487231277268,0.0001506285039872,0.010429298119002,0.7378461231477585,91.61056200000002,88.36602066666667,258.84965,97.7895941801644,67.71662697420277,1.0655237299033586,118.214259,102.37504862482312,97.25154533333334,59.26588280000001,45.88138343327695
normal,0,train,N0100,2,760.573,762.173,1.2156140149739332,0.1223392551697199,0.0029292337987276,0.0188059030995353,0.058823529411616,0.0583397114362985,0.0736219898527766,91.97331655918634,0.9967475026276956,0.992275151816518,2.5305930520917588e-05,1.4261901201622995,0.0025713682395308,1.4287297111378898,68.35948522930275,0.0188059030995353,1.2156140149739332,169.166942,0.1158084373502045,1.6000000000000227,32.771187123318555,94.73404480375318,1.193411101738044,-0.0029292337987276,-0.2028158797207522,0.6880077028922249,81.28107499999999,81.68314883333333,261.22716,93.15528202358364,61.520046737044055,1.0417994620724282,135.914102,106.7120418082479,102.6075012,54.5236652,51.95061369808184
normal,0,train,N0102,1,772.845,774.545,1.3189807028027152,0.1268411439600039,0.0049045307292572,0.0204050158862282,6.687461042444783e-14,0.0882512016021437,0.0812014924989409,106.79407604016548,0.9975187728855244,0.9916961673284652,0.0006175651407254,1.4384535032883146,0.0011155571814178,1.4114405554041105,76.81056038532216,0.0204050158862282,1.3189807028027152,191.788099,-0.0416028151134372,1.6999999999999318,45.35903299324977,109.29377323217028,1.1016866510062762,0.0049045307292572,0.3395825607719788,0.6689767233908782,119.356889,106.74543483333332,300.6473,115.86252939738462,69.41875343881685,1.1165474953155932,124.75480199999998,114.32044093461708,106.55809833333336,60.94430199999999,49.35023234720264
normal,0,train,N0103,1,780.47,782.17,1.1813233767458453,0.0883167848499225,0.0170616441235046,0.0176156950417017,6.687461042444783e-14,0.0823502593681404,0.0735206255534987,94.67171780678436,0.9955063595256414,0.995974268652266,0.0014395342171803,1.3892486330639358,0.0023284184835134,1.4100088505041786,72.42496781634037,0.0176156950417017,1.138678938355719,181.22437,-0.0566471013430373,1.6999999999999318,37.69829696232004,96.84219308163549,1.1060262155948974,0.0170616441235046,1.1813233767458453,0.7236713900525958,98.508845,91.66929283333332,262.42641,99.53620896468108,66.49030056805782,1.08333856346922,108.202471,101.6207307928968,95.61627266666666,58.593495,42.4857290839723
normal,0,train,N0104,1,788.652,790.252,1.346142576311247,0.0835921584093583,0.002239394983272,0.0208252179856703,0.0588235294116828,0.0489143478054782,0.030037664272396,82.17638117890763,0.996204870020411,0.996393471510946,3.0053243765237984e-05,1.3040664582822954,0.0029345158672149,1.3407996119970376,68.29855884234838,-0.0208252179856703,-1.346142576311247,172.588011,-0.2390905948568369,1.599999999999909,22.64814449107607,84.6165235746077,1.18508566811883,0.002239394983272,0.1550524453773015,0.7603544801048274,56.51117000000001,70.55909283333334,219.10157,80.92411883176904,61.088881325783895,1.007237568717771,110.458264,95.21290350076929,93.0330384,52.76759279999999,44.39251828742825
normal,0,train,N0107,1,814.117,815.717,0.3342222074016627,0.0493233040996551,0.0014701619119872,0.0051705149567918,0.058823529411616,0.0799753184069567,0.0646555275190351,103.5439713284845,0.9971063387254868,0.9987443673149372,2.1088187427282223e-05,1.4741075230668106,0.0022050031042277,1.4565668871395745,76.8171227288853,0.0051705149567918,0.3342222074016627,189.798496,-0.1059233996021494,1.6000000000000227,31.69762476694734,106.64768092789784,1.2281030986654826,0.0014701619119872,0.1017918684541813,0.6889870382874932,82.05915100000001,88.47060666666668,301.0495,100.8228737498314,68.97708173012197,1.0070830982429757,171.074765,122.95001662181886,119.6365958,59.941275,64.98598918124094
normal,0,train,N0107,2,815.717,817.417,0.2253914402846734,0.0465662350432635,0.0032552886181042,0.0031095197687246,1.337492208488957e-13,0.0885565918905971,0.0644354650401814,108.10621919945072,0.9967972371937244,0.9988808184536226,0.0012003669677159,1.4533458328188438,0.0013578431892617,1.440084679242866,78.45063357520962,0.0031095197687246,0.2009994303753259,194.900298,-0.1576626089887246,1.7000000000000457,41.07181948734904,110.59620713980524,1.1247700931656586,0.0032552886181042,0.2253914402846734,0.7058180170177859,111.627835,101.26504583333332,309.83548,112.35974210425196,73.85407154550002,1.0738139239323372,133.718745,117.691598868327,111.55970216666668,65.29446440000001,53.33031563499586
normal,0,train,N0108,1,820.767,822.367,0.4604482983228953,0.0458401179007092,0.0066501731514864,0.0011749065172438,0.0588235294116828,0.1972125641900428,0.0886640455828496,178.7679028382667,0.9994108680095898,0.998915449595276,4.5249068657534485e-05,1.4338788529830395,0.0004468381762928,1.4265734281770055,134.4040837013659,-0.0011749065172438,-0.0759459846776032,335.66765,-0.3797040922412194,1.599999999999909,48.91751344195522,184.18072317474767,1.226253473722135,0.0066501731514864,0.4604482983228953,0.6941013727691366,119.89308,152.7151055,505.5781,175.39893061942712,121.0144169082182,1.0060341704370523,296.805063,213.7934816525976,209.268522,105.4169058,117.48622033530162
normal,0,train,N0108,2,822.367,824.067,1.1887271055692952,0.0450751080971924,0.0017119884442982,0.0183899547749181,1.337492208488957e-13,0.1963805228785572,0.1102686575145247,183.822866534575,0.9979589680914464,0.9989513469058194,0.0014626557933641,1.4140410098834864,4.806976586744025e-05,1.4003139264047115,133.63138517404624,0.0183899547749181,1.1887271055692952,332.96995,-0.280815573201168,1.7000000000000457,67.78949060013798,188.17157789937448,1.1271006592004555,-0.0017119884442982,-0.1185355851598219,0.7066185372377607,183.177134,171.53942733333335,514.16832,191.64205644819617,126.44909584045004,1.0709276226974942,238.974836,201.6941981655342,191.9662393333333,111.1759084,93.60065813772248
normal,0,train,N0113,1,860.591,862.291,0.7579935483750909,0.1140331836887791,0.0009328693290756,0.0117263811088263,1.337492208488957e-13,0.183749052817211,0.0765196760930735,174.8203487959131,0.9986928560758652,0.993288481557568,0.000955114268183,1.434178920092644,0.0001051284019558,1.4187303806923774,121.2994490427288,-0.0117263811088263,-0.7579935483750909,301.93487500000003,-0.4119948530608447,1.7000000000000457,52.01956163044655,178.87903882263527,1.143646340994284,-0.0009328693290756,-0.0645905129604779,0.75732699005421,141.52504,150.93568966666663,492.83295,173.50861147974408,128.39177892200226,1.023451466937512,258.169686,193.885587211654,187.98029666666665,108.002056,104.52275323243856
normal,0,train,N0113,2,862.291,863.891,0.7514901263665237,0.0665189926202749,0.009036135300998,0.0116257712749465,0.0588235294116828,0.1894178663514021,0.0754554549273551,171.93363396850205,0.9991611494139224,0.9977162444494344,7.528721004580823e-05,1.452512206355021,0.0006349567003572,1.442550443884862,127.78578932058218,-0.0116257712749465,-0.7514901263665237,319.46556,-0.4302525104205599,1.599999999999909,45.16559032777475,177.1433954550062,1.2346514786833989,0.009036135300998,0.6256488407117654,0.692991816219523,110.62146,144.6501971666667,490.04572,167.06241242125972,115.99551633137058,0.9980806868007656,296.852859,206.660500755184,202.673674,101.6777874,117.11573444489144
normal,0,train,N0126,1,949.707,951.407,0.4779391024424655,0.0526894045172009,0.005327097525073,0.0073938572090291,1.337492208488957e-13,0.0543622706975057,0.0441083589224688,83.76079520354945,0.9935333155107102,0.99856713633632,0.0019909836380706,1.3171983002351262,0.0032920852170351,1.322847756289026,67.15262731216295,-0.0073938572090291,-0.4779391024424655,166.587013,-0.1041316767700732,1.7000000000000457,28.21221593745313,85.73177516412635,1.11940760654664,0.005327097525073,0.3688404699465162,0.788830781160481,75.116281,75.77906966666666,219.94843,84.5397266062031,64.72033002078271,1.0303955272856349,104.063401,91.84280260576443,88.15796116666667,55.286676,41.05359387589906
normal,0,train,N0126,2,951.407,953.007,0.96899407611584,0.0535577161419896,0.0005651860404634,0.0149906207685907,0.0588235294116828,0.0473226828953279,0.0362008148624569,82.9906107913648,0.9961079239492152,0.9985195205376266,8.765968863177867e-06,1.3325023558292362,0.0027858346157101,1.348987179784063,68.39816057484086,-0.0149906207685907,-0.96899407611584,173.77652799999998,-0.1331585521596674,1.599999999999909,22.167513445366787,85.46389110681571,1.200998892055196,-0.0005651860404634,-0.0391326578480271,0.7583451545741791,53.82574400000001,70.31761433333334,222.14916,80.2455156573911,61.30206623054677,0.9926875506321116,117.65136,97.0847023673826,95.0385212,51.7053428,47.53164239017599
normal,0,train,N0127,1,956.266,957.966,3.986064903025059,0.0854243229916123,0.0575700288061235,0.0248229892052695,1.337492208488957e-13,0.153324849898834,0.0889805718017515,115.12365731263628,0.9981840628244968,0.9962336438923446,0.0006859402627859,1.4610820027138622,0.0007598752770586,1.4428247319221337,81.20243584539138,0.0248229892052695,1.6045586011882602,203.035374,-0.2655503027758352,1.7000000000000457,36.313352925374254,117.78055633450936,1.1365585657957715,0.0575700288061235,3.986064903025059,0.7427675618413864,97.147716,100.57931133333337,327.84871,116.03737083409744,82.86560893930613,1.040103320547071,171.61824,126.79823741409294,122.38835733333332,71.3568048,66.7672618322508
normal,0,train,N0127,2,957.966,959.566,0.7882990583933861,0.0588426863877254,0.0113852635628452,0.0088951290402657,0.058823529411616,0.0984573937913068,0.0707007539555438,109.29497391211191,0.9976517681077662,0.998212922972218,0.0001137008193597,1.484739861099046,0.0015513640094712,1.502697462850114,80.36183014008381,0.0088951290402657,0.5749813486285517,199.204228,-0.1640869222399939,1.6000000000000227,32.98480428138922,112.58189593093856,1.217007145984276,0.0113852635628452,0.7882990583933861,0.6779739868501197,83.265554,94.89607,321.64208,108.88039181386348,72.06065942186723,1.0243879797948063,187.29069,129.35354329478,125.9441992,62.46813039999999,71.40652530670087
normal,0,train,N0131,1,989.845,991.445,1.4751245376990108,0.0454674773116046,0.0096334009955036,0.0228206065198329,0.058823529411616,0.0360761251766969,0.0277807620369373,81.52829104449077,0.996624807848564,0.9989330108422796,9.69644386637132e-05,1.3111840392479273,0.00255605631807,1.3336266295667345,68.45260319642182,-0.0228206065198329,-1.4751245376990108,172.342321,-0.1299055356688052,1.6000000000000227,17.22942032690956,83.90950101556679,1.20015594592849,-0.0096334009955036,-0.6670026470589431,0.7814086860275563,42.852409,68.19713800000001,216.75923,77.89470539779256,62.20307240047314,0.9785304333766268,120.708358,95.53693033022611,94.2858564,53.2142942,48.31719045491134
normal,0,train,N0131,2,991.445,993.045,1.0056156112653185,0.1330455120140894,0.014523928013439,0.0099053163482068,0.0588235294116828,0.0342762559644599,0.0415332461706352,83.6030471460756,0.9961670968482046,0.990863944120202,4.728762589792888e-05,1.3253807829633524,0.0027107978191633,1.354283771525363,67.26449380310126,-0.0099053163482068,-0.6402798797749936,169.157764,0.095726656971673,1.599999999999909,28.87014600971065,86.09806183241676,1.178195660755744,-0.014523928013439,-1.0056156112653185,0.7430023160282019,68.863278,73.29224500000001,224.0869,83.39827125014746,60.47649296280168,1.0246147826349936,110.242144,95.8989495044773,92.357026,52.5591674,43.59153776190717
normal,0,train,N0133,1,1005.306,1007.006,1.9109134405408803,0.1761872267310762,0.0275989840843932,0.0022890057031967,6.687461042444783e-14,0.1755535283782572,0.0955383559452549,187.21964123394795,0.9989053855982574,0.9839783541351128,0.0008534285343463,1.43393624463789,0.0001336044145996,1.4132308354836425,127.44221353965362,0.0022890057031967,0.1479613820423237,316.880861,-0.2951588633218532,1.6999999999999318,51.736019051844494,191.55798429252616,1.1461596270307668,-0.0275989840843932,-1.9109134405408803,0.7891789681296928,132.63072,157.97501783333334,523.81915,181.7043969351871,143.3508092867997,1.000324233894253,298.571865,208.1947400297616,202.7671983333333,119.2131898,118.6725403864311
normal,0,train,N0136,1,1031.221,1032.921,0.4711746233819751,0.0997142783075305,0.0012150906220398,0.0072892087464716,1.337492208488957e-13,0.108291757324061,0.0745136403374129,122.72400317292824,0.9976673038940148,0.9948681613943734,0.0009024778358352,1.4557170867097051,0.0003898015326958,1.4616990593700807,87.20763310137902,0.0072892087464716,0.4711746233819751,215.112709,-0.1847763655699867,1.7000000000000457,49.41814200658924,125.64902288598768,1.1163420450349009,0.0012150906220398,0.0841311040301704,0.6681286222969969,134.483715,119.972562,357.05511,131.45357586892976,79.67524231095372,1.1023235574050745,154.982104,133.1252994884023,125.248625,70.9056694,58.85535125255444
normal,0,train,N0137,1,1037.528,1039.228,0.6532742975299406,0.100828983737077,0.006214627585088,0.0101063437780688,1.337492208488957e-13,0.0431703145511408,0.0617033049389486,83.99559482790232,0.9937588691492472,0.9947527824715036,0.002017643873273,1.300171796546241,0.0033955049300936,1.3112703139452322,65.38605732351928,0.0101063437780688,0.6532742975299406,158.438103,0.1767173716110985,1.7000000000000457,22.888628867020586,85.97536220513831,1.1321117540204395,-0.006214627585088,-0.4302917579859917,0.8097224956441211,61.62823,72.241375,219.61751,82.47847718334789,66.60903293033654,1.0026369614414656,111.478816,93.12927516529228,90.755096,56.7820374,44.47180505412573
normal,0,train,N0138,1,1045.208,1046.808,0.4693245728435386,0.1073389182877642,0.0059711432746101,0.007260587925449,0.0588235294116828,0.062061489540616,0.0606739015276604,88.49692723234921,0.9961899294625388,0.9940533453526714,0.0002994392166879,1.3643591970592686,0.0027304684043945,1.3673903013862612,68.89749187038841,0.007260587925449,0.4693245728435386,173.604271,-0.0113055248438687,1.599999999999909,28.17286813206974,91.19110597119968,1.1972577015280417,0.0059711432746101,0.4134332591358007,0.7183571539685678,68.68148199999999,77.255219,240.52658,87.99168406982862,61.91906671877401,1.0208399301040854,128.098502,103.19808063570083,100.0743496,53.72009920000001,50.60049552691589
normal,0,train,N0138,2,1046.808,1048.508,0.7247510808305928,0.1669568562370282,0.0078599441457805,0.0112121104474728,1.337492208488957e-13,0.0649117423951766,0.0648858610976913,89.14234917626091,0.9948015138264164,0.9856131138866684,0.001040435885932,1.3365281278362031,0.0031839157498546,1.3398230033610803,70.59319129339369,0.0112121104474728,0.7247510808305928,179.346106,-0.0001993973447022,1.7000000000000457,40.0748994590879,91.30445050421794,1.085606541786598,0.0078599441457805,0.5442110790797536,0.7250502089452912,100.271236,90.15668516666666,234.99623000000005,96.26652600093384,63.277570381360064,1.103045903481387,94.08284700000002,94.74453424997182,87.39677033333334,53.2268112,36.97052038660563
normal,0,train,N0139,1,1052.861,1054.461,0.8250555711468486,0.2033527805299116,0.0017035372430413,0.0127638501461766,0.0588235294116828,0.0518932014656346,0.0655016980960844,86.8229704827571,0.9963153340344034,0.9786568498842386,1.6088304769281205e-05,1.368192989472186,0.0029068596475452,1.3710399372207691,65.09394302644387,0.0127638501461766,0.8250555711468486,160.649796,0.11592068037998,1.599999999999909,35.14800784488548,89.42081545838775,1.1580007863042563,-0.0017035372430413,-0.1179504362999572,0.7103315666166595,83.67253000000001,80.75818433333335,237.31997,89.9750488555896,60.15756055345132,1.0624120529823369,112.063777,98.0704021853458,92.8950904,53.76530339999999,43.4551503932377
normal,0,train,N0145,1,1094.044,1095.644,0.5511147110177775,0.0680991916905459,0.0015730991811527,0.0085259052005508,0.0588235294116828,0.152240959394484,0.0875582709923881,151.98673635102557,0.998743568816642,0.9976064516599172,0.0001060566408553,1.4477883232158442,0.0005549156382766,1.4818185810625195,113.25165317598396,0.0085259052005508,0.5511147110177775,278.55185,-0.2697368473513136,1.599999999999909,38.74583139371151,156.5851331021331,1.228303441733123,0.0015730991811527,0.1089190949701829,0.6926388191647648,95.27816,129.51361766666665,441.4485,148.9684824893289,102.68953106559334,1.0047894145924985,269.150763,182.10631709890356,178.778408,90.23347959999998,103.90418087032674
normal,0,train,N0145,2,1095.644,1097.344,0.6467462616385641,0.0346226305776729,0.006451812496095,0.0100053531602482,1.337492208488957e-13,0.1471195924302175,0.0898242279269166,153.9358835838171,0.9980426637613976,0.9993813024267773,0.0011147457350916,1.424820413187903,7.759262713283725e-05,1.4460187242748954,110.03359306979088,0.0100053531602482,0.6467462616385641,268.37209,-0.2418099126480722,1.7000000000000457,52.6741581009013,157.53949304758595,1.1281822219506428,-0.006451812496095,-0.4467140955963485,0.7064246125042039,148.641722,142.01287183333335,443.90636,160.09515732635117,105.70679373049352,1.0698948997205495,210.256007,168.81705891219465,161.82416466666666,93.6638706,80.96520462271455
normal,0,train,N0146,1,1101.005,1102.705,0.1063675793894307,0.0821256989849052,0.0015362480939133,0.0003545748435777,0.0,0.0513224368765206,0.0513510755643064,84.26495137920959,0.9934375269178556,0.996518900421282,0.0020604591422542,1.2973569368110742,0.0035788321518742,1.3186312717367197,68.52829399759769,-0.0003545748435777,-0.0229197261588018,170.94363700000002,0.0002789296587281,1.699999999999818,31.70643419257921,86.25886506732955,1.1042464520243434,0.0015362480939133,0.1063675793894307,0.7678853565471788,82.68321800000001,80.50412866666666,219.66711,87.55504912747692,63.454889760962224,1.0595281210010077,96.028105,91.25038820535612,86.53834433333333,54.777557,37.70896808986969
normal,0,train,N0152,1,1150.509,1152.209,0.6422576323658192,0.1234880767402665,0.0020717964813567,0.0099359127571983,1.337492208488957e-13,0.0457367833101056,0.0611058706326796,82.93738405248651,0.9937245464306615,0.9921293909176646,0.0018433408577712,1.2996678058500934,0.0033911011806928,1.313515506240927,67.82519937786626,0.0099359127571983,0.6422576323658192,170.792719,0.1438478618348471,1.7000000000000457,34.05866232613235,84.9282957886339,1.0943202696050272,-0.0020717964813567,-0.1434481693305781,0.7568172424350664,88.2938,81.40330383333334,216.60819,87.56245345736878,61.56919956768131,1.076329967447559,89.93507399999999,89.02601485860242,83.42044666666666,52.7088466,35.33868215695473
normal,0,train,N0152,2,1152.209,1153.909,0.4713933930009379,0.0516771638886088,0.0068082512137434,0.0070578479996708,1.337492208488957e-13,0.0548177254595222,0.0582822239423536,83.07224433824805,0.9938548564271704,0.9986216623135108,0.0017678742463796,1.2995857401304007,0.0034163702936108,1.3238691319353773,66.78364605361735,0.0070578479996708,0.4562194593126256,165.021437,0.0306321841974522,1.7000000000000457,27.28682173866106,85.06200036234816,1.1193310179010718,0.0068082512137434,0.4713933930009379,0.7847409769838224,72.689187,75.51367,217.82699,84.11486033267218,63.89488581160723,1.033077637401893,103.175651,91.13775076340058,87.66763416666667,55.0528586,40.59057090383501
normal,0,train,N0154,1,1165.852,1167.552,0.4416521676732119,0.1420793399993788,0.0063787039684019,0.0005682098792644,0.0,0.0491004797040382,0.0526795526767475,88.08665427436496,0.9937503373693548,0.9895811412362948,0.0024749415214441,1.3443284965329478,0.0029374915462817,1.35177037862196,70.05329879256686,-0.0005682098792644,-0.0367290998483152,176.401159,0.0351647851641858,1.699999999999818,38.49774352270676,90.0818302261181,1.0884582620355456,-0.0063787039684019,-0.4416521676732119,0.7377314349375587,97.311032,88.1388295,234.63741,93.92270396215288,63.38338584598168,1.0931844400926294,89.407092,93.51664675327942,86.66198516666667,55.0238912,35.54750715195887
normal,0,train,N0155,1,1173.557,1175.257,0.4784505123676722,0.128788192289163,0.0012384248319156,0.0074017688696213,1.337492208488957e-13,0.1990512939445509,0.0992047224371568,183.63514294355005,0.9986866836493682,0.9914392782074182,0.00103616975196,1.4335662383060803,0.0001029009227233,1.4025750511119504,126.68547992308746,0.0074017688696213,0.4784505123676722,315.898451,-0.3347680047442052,1.7000000000000457,53.79536340626009,187.9151044658978,1.1456281654964386,0.0012384248319156,0.0857467307191676,0.7637444702450348,143.87215,157.79733633333333,512.97229,181.40953472834076,136.20212262766807,1.017242068813028,275.835904,204.3052276798737,198.31542666666667,113.5164872,111.38235643348816
normal,0,train,N0158,1,1198.625,1200.225,1.335217033525801,0.1148510785028251,0.0159363047445411,0.0206561966545553,0.0588235294116828,0.1114444969707289,0.0847469726969295,114.95809555270888,0.9973008590351584,0.9931918605247612,0.0001622309618705,1.469818920682762,0.0013222532861906,1.49535801870675,83.99319174445719,0.0206561966545553,1.335217033525801,205.333736,-0.1360789249343412,1.599999999999909,38.89976782465765,118.44124328401128,1.192435116435088,0.0159363047445411,1.103406518000042,0.6700407339573745,92.0241,103.50097466666666,334.32738,118.56688132734756,75.486488447839,1.0524352347176538,183.325669,134.3392051852494,129.75541800000002,67.32133280000001,70.30755685913589
normal,0,train,N0158,2,1200.225,1201.925,1.955835331710692,0.1590131208568353,0.0102675861144977,0.0302573426052409,1.337492208488957e-13,0.1049046135875083,0.094112138504493,114.37328335389228,0.9972092704537132,0.986949588333081,0.0009847986728929,1.4412394764287904,0.0005294280901046,1.4676352298168729,82.32706365547641,0.0302573426052409,1.955835331710692,201.070336,-0.0542289780609619,1.7000000000000457,50.13008716264618,117.07465349591196,1.0966303890800653,0.0102675861144977,0.71091270055841,0.6638375524300989,134.33374700000002,116.68244183333331,332.75918,125.15584762532544,73.91372227345546,1.1240558451721758,132.168187,122.10221268497828,113.20230700000002,65.1700104,49.58863534268068
normal,0,train,N0159,1,1205.817,1207.417,0.9953530456657538,0.0574180225690127,0.0032227252870314,0.0153984017097885,0.0588235294116828,0.0469471480465627,0.0672079841637356,84.52251850999204,0.9963894042213254,0.998298410675748,5.78558014410419e-05,1.3153522297327087,0.002806430228895,1.3322201229331376,69.49750682927454,0.0153984017097885,0.9953530456657538,175.226232,0.1774851092955729,1.599999999999909,21.75113644118801,87.07345468184246,1.2025426757129207,-0.0032227252870314,-0.2231368026927435,0.7544015799880036,52.43373700000001,72.21625999999999,224.21875,81.92568430381196,62.20085882991888,0.9936336385546132,122.421395,99.1503586328143,97.2229606,52.7725996,49.18579615041797
normal,0,train,N0159,2,1207.417,1209.117,0.3964092326266996,0.0808263339812616,0.0057252682774966,0.0016344266465842,1.337492208488957e-13,0.0476665885133392,0.0510479231164207,86.68543341593613,0.9932545821517318,0.9966281825729768,0.0020130152365026,1.309352016864093,0.0038111270546113,1.3010602307176806,70.79446482694473,-0.0016344266465842,-0.1056493765557966,178.217078,0.0342536730134404,1.7000000000000457,32.90852011519246,88.71336174761612,1.1014245228686,-0.0057252682774966,-0.3964092326266996,0.7722358527251714,84.422236,82.68426783333332,223.77398,89.98957741037567,65.5700921701118,1.059830415787576,98.203195,93.5213085847464,88.56500199999999,56.68209340000001,38.90659422818085
normal,0,train,N0160,1,1212.95,1214.55,0.8421470888838587,0.0488916643974232,0.0121629811218686,0.0011985542156932,0.0588235294116828,0.1935890219242512,0.0861655534551673,172.6346782658899,0.9992593272302046,0.998766247820618,7.502369488224265e-05,1.4412669039921662,0.0005606085880354,1.4360516814481987,129.40202915860752,-0.0011985542156932,-0.0774745724569253,323.19049,-0.3839918196976988,1.599999999999909,47.231261817541984,177.85908290525825,1.2258513949948144,0.0121629811218686,0.8421470888838587,0.6925091017727755,115.59572,147.36854699999998,489.70241,169.55001303416194,116.5575219781741,1.0073560696823696,288.776435,206.32537615507852,201.95427,101.425255,114.1520039784098
normal,0,train,N0164,1,1247.012,1248.612,1.7575851863530785,0.050500834082201,0.025384491288833,0.0181603034281225,0.0588235294115491,0.0720920041805241,0.0690320055217356,82.19823872739043,0.9970143105195686,0.9986836984552256,0.0001272659726986,1.306120311288642,0.0022495577400853,1.339996351567773,68.11500187636626,0.0181603034281225,1.1738824371561518,171.456595,-0.0216830478755719,1.6000000000001364,16.391787306037074,84.69165603837136,1.2143841723207496,0.025384491288833,1.7575851863530785,0.763299999819745,40.526635,68.86183050000001,219.51809,78.46811819792005,61.37953791582254,0.9758091481312426,126.950991,97.65274383196466,96.5458742,52.3501218,50.85773923602888
normal,0,train,N0166,1,1261.397,1263.097,1.3205880869221691,0.0583744292924072,0.0190730196458757,0.002178612285538,1.337492208488957e-13,0.1113312076710748,0.0713647630786915,138.38377586975653,0.9980998095135144,0.998241252131501,0.0009149720712574,1.4576680414136756,0.0004597625719259,1.4409994144666265,97.22259465376928,-0.002178612285538,-0.1408255489501006,240.81758,-0.2187593104990008,1.7000000000000457,45.136643566388365,141.58580839534025,1.1376489852075486,-0.0190730196458757,-1.3205880869221691,0.7247700455774094,125.753299,121.831749,398.1096,140.61893733279712,97.11411006229164,1.0494499054191642,194.063563,152.43699630781748,146.76264516666666,84.54321559999998,76.92108011882921
normal,0,train,N0169,1,1287.385,1289.085,1.0721972890913265,0.0559334113939466,0.0039980507964926,0.0165872045516588,1.337492208488957e-13,0.0458321776799759,0.0683047843830218,84.29451519031232,0.9934976294002378,0.9983852663173328,0.0018865048793314,1.2934987553938988,0.0037252483765989,1.318411995716328,68.46315041567298,0.0165872045516588,1.0721972890913265,169.576304,0.1968915791752478,1.7000000000000457,28.70665331209439,86.2971924527799,1.1128659357828263,-0.0039980507964926,-0.276819211157242,0.7840341550940185,75.97864299999999,77.85317350000001,220.01543,85.96650212125476,64.77825856081273,1.0404829545356105,101.548565,91.94690928103256,88.13346416666667,56.0108722,39.936793005086365
normal,0,train,N0170,1,1295.139,1296.839,0.9745598713475788,0.1284556762030376,0.014075395466891,0.014996974969347,1.337492208488957e-13,0.1938425025694543,0.1019117125176384,171.52103740617423,0.9985301286720514,0.991483426710299,0.0011620279494805,1.4190917588601857,8.688812398561851e-05,1.4135968022734926,120.5061648653444,0.014996974969347,0.9694048118009284,299.44959600000004,-0.3108350967185153,1.7000000000000457,49.57028011017596,175.45377367948706,1.142078057065367,0.014075395466891,0.9745598713475788,0.7782999083359038,133.11649999999997,146.66568766666668,479.68524,168.41032584152623,129.51604486330402,1.0120270527379027,254.044679,190.0519726290832,184.58622666666668,108.2765942,102.36217659000192
normal,0,train,N0175,1,1328.059,1329.759,1.2143491556511523,0.1027549476536138,0.0075024366108451,0.0187863353571715,1.337492208488957e-13,0.1386592829760937,0.0549609086209866,138.8890084321406,0.9985141479269992,0.9945504107007443,0.0009433105596739,1.4416129300024192,0.0003178426838709,1.4265727881325208,97.66300833209884,-0.0187863353571715,-1.2143491556511523,243.721519,-0.4322812288547333,1.7000000000000457,42.36982137739511,142.06236212036828,1.1392012106329878,0.0075024366108451,0.5194577783236923,0.7592807817943351,114.621534,120.09077516666667,391.96031,138.25460686691025,102.19479824551232,1.0271957848225,203.072929,153.32988885423438,148.371336,86.37348340000001,81.36074648683253
normal,0,train,N0175,2,1329.759,1331.359,1.215294778743299,0.0629709619101771,0.0175522870606263,0.0004886968083818,0.0588235294116828,0.1469256802982979,0.0727754473625791,137.69177778062402,0.9989532273519598,0.9979533718483112,3.888371208808887e-05,1.4575521587638964,0.0008372315694956,1.4389768451946126,102.60700075977776,-0.0004886968083818,-0.0315893730919341,255.97825,-0.3375050174973928,1.599999999999909,36.94302243999698,141.83921922111838,1.2357878438841627,0.0175522870606263,1.215294778743299,0.6981476733275228,92.4585,115.40517483333332,393.98663,132.83489167360526,93.30701216567849,0.9939056926822634,235.709933,165.1622941517743,161.823218,81.8512522,92.0483847065708
normal,0,train,N0176,1,1335.63,1337.33,2.2983243417221644,0.0404680276825609,0.0331942910559096,0.0063826323196622,0.0,0.1311459432250532,0.0891185556504492,161.1649900767106,0.9980649121034668,0.999154755476378,0.0011823370369422,1.423542204377743,2.720779217357173e-05,1.4415010349916666,114.56884280413232,0.0063826323196622,0.4125735020084611,279.98713,-0.1908041821944616,1.699999999999818,53.275784414070245,164.9449957108121,1.132976774658636,-0.0331942910559096,-2.2983243417221644,0.7140569794235139,150.72168399999998,145.9689305,463.73122,166.11640524442694,111.84276686700376,1.0605654874631194,224.929834,177.45818740708597,170.66385266666668,98.5277286,86.86355797467785
normal,0,train,N0177,1,1342.65,1344.25,1.4115770216226444,0.049240970528709,0.0203871567006361,0.0130895976570478,0.0588235294116828,0.0683274253098314,0.0642952272535702,83.02578665001707,0.9964166736095618,0.9987485557787812,2.955743418758411e-05,1.30124324087178,0.0028007145112607,1.3348042153115478,69.155510606336,0.0130895976570478,0.8461118978471417,174.225708,-0.0304035395032018,1.599999999999909,19.002046427829686,85.52985688564988,1.2044340916732987,0.0203871567006361,1.4115770216226444,0.7635535262316043,47.33539400000001,70.30823633333334,220.17076,80.07163250277088,62.01533414127079,0.985868708041424,120.135436,97.82337462953616,96.3356134,52.557784600000005,48.50901366886831
normal,0,train,N0184,1,1397.885,1399.585,0.6017204655103315,0.0865816979792942,0.0073698304940078,0.0093087909714805,1.337492208488957e-13,0.0581511500798661,0.0426664193658197,84.9329818878325,0.9944343732214768,0.996130895264524,0.0013476668456122,1.3082791339094342,0.0033006587075016,1.3214139843602772,66.88419919220684,-0.0093087909714805,-0.6017204655103315,163.189789,-0.1535915892342051,1.7000000000000457,24.111133019619743,86.99612317155815,1.1333589590243085,0.0073698304940078,0.5102763240285833,0.8027079141049885,64.617637,73.21932799999999,223.19391,83.6587442850033,66.75813679384297,1.0059228634411368,113.398808,94.25711531377318,91.65123116666666,57.00217,45.09373519172778
normal,0,train,N0189,1,1438.168,1439.868,1.1589575148157547,0.0657632217644794,0.0133003894372075,0.0179294105296825,1.337492208488957e-13,0.1425381315176944,0.0911568096654818,137.60071526780325,0.9977154581234988,0.9977678444713038,0.0009590193857096,1.4564060353760402,0.0001267479703739,1.4904897085806714,97.1652896184572,0.0179294105296825,1.1589575148157547,237.003588,-0.2198649298604999,1.7000000000000457,50.94962134420907,140.8823260041838,1.1238071044048603,0.0133003894372075,0.9208995831973428,0.6773666227570653,142.592085,131.0764698333333,406.15956000000006,145.94992728822538,90.70115538609424,1.0899707828200538,186.421293,150.48069889498947,143.1126158333333,81.0713616,70.31648738214558
normal,0,train,N0193,1,1469.877,1471.477,0.4986482504407711,0.1164691927852144,0.007201888288425,0.0038528316044405,0.0588235294115491,0.190950578854998,0.0841404328611329,174.193871186314,0.9992053035014028,0.9929986720681018,4.271524261043502e-05,1.4545735066545462,0.0006328052253342,1.441133768314366,128.55744994927645,-0.0038528316044405,-0.2490471247726547,320.80284,-0.3882720315983832,1.6000000000001364,41.07644413459069,179.464075775784,1.248494580529391,0.007201888288425,0.4986482504407711,0.7089820779784168,103.82689,141.65140849999997,499.87155,164.65853497747426,119.8459744950663,0.974083199515536,314.890061,211.04489704732552,207.82235,105.5535904,123.081591145471
normal,0,train,N0193,2,1471.477,1473.177,0.9042146608323622,0.069549413821779,0.004151688562001,0.0139884643343448,0.0,0.19661104252432,0.0763643349807719,180.04133252475617,0.9984279109466768,0.9975034214384736,0.0011808736905679,1.429766628486336,5.915319859446719e-05,1.406304466032461,126.97275223108096,-0.0139884643343448,-0.9042146608323622,316.17943,-0.4405038602460199,1.699999999999818,57.59054671452224,184.2530232865909,1.140366260889471,0.004151688562001,0.287456866158845,0.7367717675602389,158.46397199999998,157.91439949999997,505.63782,181.75581661054696,128.8253566235088,1.0394891019775383,256.289153,199.39429916944,192.338748,110.5581894,102.44013512466648
normal,0,train,N0198,1,1511.429,1513.129,1.6582722244087986,0.1415073315362618,0.0239501317841459,0.004845911358036,0.0,0.1985688163458704,0.0806742271966566,168.06490549132815,0.9985133907433053,0.9896648645788212,0.001073802746469,1.421500662883162,9.621258238317513e-05,1.4347037490967531,117.24400676924336,-0.004845911358036,-0.3132398232071938,289.014371,-0.4221934686470959,1.699999999999818,46.74218658661644,171.92405253615422,1.1445860852629857,0.0239501317841459,1.6582722244087986,0.7816276684659018,126.95672,142.56691833333335,477.74178,163.89562750418258,127.20928037006694,1.007044115218453,251.284632,186.28047355804205,181.32766333333333,106.6612362,100.78834701514408
normal,0,train,N0199,1,1517.965,1519.565,0.860291758214462,0.0613908877557909,0.0124250413646026,0.0002436284231387,0.0588235294115491,0.1250117373835235,0.0689606106505309,126.42288142598854,0.9981245015764084,0.9980547916906076,0.0001482981555793,1.4741331329317402,0.001017514101843,1.4892836476775295,92.5913606364088,0.0002436284231387,0.0157481469539604,228.61018,-0.2889645214938736,1.6000000000001364,37.474783725964464,130.25582800629263,1.218856152382744,0.0124250413646026,0.860291758214462,0.6724846157266239,92.055687,110.3308735,369.10216,126.49052724071998,82.94205368308519,1.0255706222268397,216.43331,150.3297325451156,146.54535460000002,71.9021872,83.49636161281401
normal,0,train,N0199,2,1519.565,1521.265,0.3864909667998557,0.0745509098125058,0.0055820205223172,0.0007054711038965,1.337492208488957e-13,0.1196069489141645,0.068401097915165,127.38836566229716,0.9982324052037284,0.997131438372192,0.0008461236323763,1.444281739918703,0.0002162344323443,1.4459519049667542,90.48108116912285,-0.0007054711038965,-0.0456016686099488,223.741676,-0.2723598902402876,1.7000000000000457,48.91193261231898,130.42427357065696,1.1201005644563446,0.0055820205223172,0.3864909667998557,0.6752711209960445,133.63577600000002,122.50299883333332,367.16597,135.62204135316304,83.64700504344742,1.0948586604954178,165.228389,138.74879977992867,131.36811566666665,74.4273034,63.74656110855922
normal,0,train,N0203,1,1550.809,1552.509,1.1481372473185234,0.1105922825317819,0.011482614453219,0.0177620178379585,1.337492208488957e-13,0.0543345679205338,0.0738101260280578,95.02654449585071,0.9955026026943394,0.9936874049261412,0.001486787792511,1.406755780047329,0.0022137284434783,1.4226378610021215,71.80042973526814,0.0177620178379585,1.1481372473185234,179.156926,0.1519809951334,1.7000000000000457,39.81682127690903,97.18748913681374,1.102579440981703,-0.011482614453219,-0.7950394921823705,0.7098675115157432,104.976313,93.41253066666668,266.7797,100.81716969047235,65.39328920355906,1.0944063869223597,105.052361,101.57007481587772,94.84371733333334,57.40772080000001,41.543242321897175
normal,0,train,N0203,2,1552.509,1554.209,0.9131259427744052,0.0607138040747406,0.0042572721709571,0.0141263244631607,1.337492208488957e-13,0.06597122639749,0.0713693650965018,97.98785751280369,0.9956634435594376,0.9980974627069784,0.0016591827102396,1.4225863061921782,0.0021654233553409,1.4229418168652284,74.27757796694387,0.0141263244631607,0.9131259427744052,186.892527,0.0393047579033373,1.7000000000000457,32.99585878939047,100.1562457876357,1.125353751843258,-0.0042572721709571,-0.2947673213856873,0.7803623139317215,86.424361,85.82199783333333,272.02586,97.77095766934542,74.1255175102642,1.029291576299699,133.155722,106.89576847607432,102.5642875,63.6433906,51.3078339220388
normal,0,train,N0204,1,1558.368,1559.968,0.0377395399075573,0.0894324246656616,0.0005450654849997,0.0001262366619179,0.0588235294115491,0.1841056151674263,0.0881113578787394,174.79937640618738,0.9991935731202066,0.9958719181514388,8.3987153716533e-05,1.4386913750015882,0.0005994244704485,1.4211109050112551,132.39066834486255,-0.0001262366619179,-0.0081599407706604,330.05909,-0.3526387653721152,1.6000000000001364,42.79235370231871,180.05587886010275,1.2405007999751565,-0.0005450654849997,-0.0377395399075573,0.7207376798721877,108.28054999999998,143.16461233333334,496.29241,165.22789551442875,122.08889960572942,0.9754037463504596,303.548491,210.1338418380618,206.61869,107.3170558,118.63721514115068
normal,0,train,N0205,1,1565.941,1567.541,0.7911949521020888,0.1360705849950974,0.0083897306257622,0.0122400165009552,0.0588235294116828,0.0577190705053364,0.0683671180569414,95.22230793333772,0.9964162194872468,0.9904437656253282,0.0002098212452679,1.4404772378235997,0.0025047678328882,1.438765799458583,69.25821332853178,0.0122400165009552,0.7911949521020888,172.09734600000002,0.0844505466692024,1.599999999999909,34.73856126775406,98.1083977802474,1.1928219941621503,-0.0083897306257622,-0.580892722944551,0.6764178098448826,86.18129199999998,85.2841035,271.35661,97.22036107697116,62.70988922496857,1.0486636880524085,143.23677,110.58510587733966,106.1303516,55.3561276,55.08414339868551
normal,0,train,N0210,1,1599.929,1601.529,0.7885515764554707,0.0617367299179715,0.0113889106364534,6.135867872283235e-05,0.0588235294116828,0.0590759757505735,0.0511984007930394,82.85581134722516,0.9966982725335832,0.9980328135117582,4.383090734381467e-05,1.3087144441039795,0.0025212040209186,1.3336621560184712,69.14905289050937,6.135867872283235e-05,0.0039662264237438,173.654933,-0.0714361323489059,1.599999999999909,15.680928047809088,85.35723644654452,1.2182924408300573,0.0113889106364534,0.7885515764554707,0.7743217525725363,38.72764699999999,68.4857645,220.83321,78.15032535812115,62.7442504660996,0.964446884708734,128.285185,98.7197451116888,97.7183446,53.800303,51.31057954487251
normal,0,train,N0212,1,1614.415,1616.115,1.354308959032709,0.1641471787783394,0.0195600442242508,0.0078227452944292,1.337492208488957e-13,0.1772286089770623,0.083702769801841,182.9475876252492,0.9987897119470384,0.986093266425334,0.0008210923744444,1.443019911295256,0.000244706935961,1.4238704832424278,124.55618194308876,-0.0078227452944292,-0.5056624382859103,308.17595500000004,-0.3584307859504725,1.7000000000000457,51.180995002266094,187.18962467757743,1.146902636309542,-0.0195600442242508,-1.354308959032709,0.778652603303865,134.01975000000002,154.77436766666665,516.80846,178.4554705977491,138.0809216245719,1.006328862234551,287.736809,203.383861253812,197.94464666666667,114.2181762,114.3192913370934
normal,0,train,N0216,1,1648.592,1650.292,0.8161137280572365,0.1175790544532063,0.0117869859062434,0.0053571047686345,0.0,0.1854094078797873,0.0969930681827315,183.22130355214568,0.998648917216966,0.992864601782646,0.0010187748382882,1.4308882690430036,0.0001255808727632,1.4192104572926711,127.45305162108748,0.0053571047686345,0.3462833771911079,316.662469,-0.3130862764714887,1.699999999999818,54.01820340871489,187.46928065672603,1.1439589358356888,-0.0117869859062434,-0.8161137280572365,0.7612906517292929,147.63178,157.7580955,517.23141,181.34063218373475,135.2601169527798,1.020647705844825,270.855936,203.24959868984956,197.17697833333327,113.7503048,109.20056216285522
normal,0,train,N0217,1,1654.645,1656.345,2.606749773799373,0.0651417930535366,0.0105125826192266,0.040327178731859,1.337492208488957e-13,0.0857768201393722,0.0989342947530217,101.36834502480232,0.9972669939489088,0.9978098306052984,0.0006724423221931,1.4159566688971017,0.0015342618393165,1.4101278852389822,75.52656440651523,0.040327178731859,2.606749773799373,190.319557,0.0712327172148966,1.7000000000000457,39.05018436227476,103.75861768831864,1.1119456587487846,0.0105125826192266,0.7278759015349572,0.7075626400383829,101.848252,96.93923783333332,281.15538000000004,107.123003380182,69.78478094371384,1.0861427671694923,128.041644,109.667865184188,103.71247066666668,61.31210980000001,49.93742510161602
normal,0,train,N0221,1,1688.994,1690.594,1.070993609874748,0.1097079253695321,0.0154681708581491,0.0089956255331314,0.0588235294115491,0.1757516833379346,0.0990126705248908,179.20925732763533,0.9994205571723878,0.9937879592831492,7.117531042205293e-05,1.4390809095222925,0.0004118536571163,1.430931324776244,132.92634458948868,0.0089956255331314,0.5814774442713225,332.27829,-0.2792902781380296,1.6000000000001364,42.13198159983541,184.63357308629816,1.2438260863797903,-0.0154681708581491,-1.070993609874748,0.7088532494684453,106.47786,146.81146349999997,509.42665,170.4653367382201,123.41107097331872,0.9791253484441794,322.13167200000004,216.54963074485383,213.245538,109.0158358,127.0677862106626
normal,0,train,N0222,1,1694.989,1696.689,1.0585082423160088,0.1480453240798746,0.0152878469077122,0.0162035790666356,1.337492208488957e-13,0.1111199866595664,0.0803821056558402,115.17556126639296,0.9969231679924074,0.9886877842673872,0.0011254283352041,1.4490721663488777,0.0007428345243348,1.4511833774650766,82.76116122089329,0.0162035790666356,1.0473997287919268,205.094243,-0.160509374241927,1.7000000000000457,50.75523844786987,117.87706372594492,1.1022025677894465,0.0152878469077122,1.0585082423160088,0.6657204765830297,135.7192,116.25706633333334,332.91356,125.09638693188444,74.51215416306593,1.1176596256344566,134.165421,123.36632346295464,114.335054,65.3378088,50.59723965963377
normal,0,train,N0222,2,1696.689,1698.389,1.2286380625455422,0.0419386242109973,0.0032402002991063,0.0190073889112966,0.0,0.0990909837007271,0.0831909656716935,115.18807673350094,0.9978470525452208,0.9990922073802774,0.0007025406565802,1.444842993721456,0.0010298390808985,1.4093592375501929,82.77411451464864,0.0190073889112966,1.2286380625455422,207.180289,-0.0872276058254186,1.699999999999818,42.64813638918378,117.90333481821143,1.1241158928910708,0.0032402002991063,0.2243467470640737,0.6954336136201086,115.027207,108.08385566666664,324.56855,120.76512992029016,77.75396743787888,1.0801266284819222,147.605193,125.68341365794338,119.501468,68.46731580000001,59.012846895147135
normal,0,train,N0227,1,1735.205,1736.905,0.3688661616823791,0.0431187468474468,0.0053274685862597,0.0032966432787737,1.337492208488957e-13,0.1823575515758045,0.0857628897863172,176.83632608087947,0.9980446521368695,0.9990403993137053,0.0012774783021153,1.4306091705938573,2.0096732487204015e-05,1.4376324459699816,125.96010698094229,-0.0032966432787737,-0.2130950984292799,309.54615,-0.3602659360785807,1.7000000000000457,59.58430038561952,180.95899668121027,1.1328163283656865,-0.0053274685862597,-0.3688661616823791,0.7188719607430584,167.050504,159.27211533333335,507.29114,181.84560582268023,123.55467019204974,1.0580231973997127,248.129991,194.7005245478169,186.94844266666664,108.2733514,96.12627716246764
normal,0,train,N0228,1,1743.205,1744.905,0.659629030970218,0.0609377577758606,0.0095269051654155,0.0061611770108484,1.337492208488957e-13,0.1919829124855762,0.0814819268491826,173.32609396168394,0.9977788450427983,0.9980834011237408,0.0015060109381613,1.4279660243716767,7.420837404366981e-06,1.4154272700233677,125.1887058390148,-0.0061611770108484,-0.3982586256816163,312.76146,-0.4040774891017012,1.7000000000000457,66.18667923747383,177.41235544937396,1.1243798435302732,0.0095269051654155,0.659629030970218,0.6972565237708509,177.437802,163.3454943333333,488.4358,182.05651278093683,117.66002980237616,1.0788718262666623,226.727511,189.735859599416,179.85864633333335,103.6111236,88.06468073152398
normal,0,train,N0228,2,1744.905,1746.605,0.6841520470359461,0.0818554010148248,0.0098810867393897,0.0009866850768659,1.337492208488957e-13,0.1964077186226538,0.0877590650547154,176.05870096009966,0.9984831970637582,0.9965417771998428,0.001158046067874,1.4288403826238956,4.323293747885298e-05,1.407378951729031,123.75958369703277,-0.0009866850768659,-0.0637793463815906,308.743869,-0.3823411454412315,1.7000000000000457,55.28003146354822,180.14165943508107,1.1397376266634631,0.0098810867393897,0.6841520470359461,0.7441128140397699,151.62994600000002,154.08136299999998,494.61574,177.02579561527315,127.1725480179469,1.0358144504136255,253.672272,194.78677872489035,188.13644233333332,108.5341104,101.80441337497956
normal,0,train,N0229,1,1750.473,1752.173,0.082990789901355,0.1428904972782356,0.0011986212672147,0.0010335976435146,1.337492208488957e-13,0.1338938655349411,0.0751975611410074,139.92173370795277,0.998339646572612,0.9894618352451912,0.0005186073759626,1.4625141877369328,0.0004252423358877,1.4573446497283506,95.54693794734236,0.0010335976435146,0.0668117757839298,236.667305,-0.2807207608976761,1.7000000000000457,39.75776506632671,143.12170404027708,1.1412155911986055,0.0011986212672147,0.082990789901355,0.7612258319365137,104.940783,120.11193816666666,402.80609,138.42962222615645,102.931140371222,1.0237543659161172,221.233038,154.3124487941543,149.98366116666668,87.21727039999999,86.1686268189311
normal,0,train,N0233,1,1776.726,1778.426,1.3181330814224417,0.0980976025425599,0.0190375624366288,0.0137152234156368,0.0,0.0671725551140907,0.0375431528207504,83.15650476058131,0.9939611499175536,0.9950332182582668,0.0017327563633144,1.3062585368182096,0.0035005974844258,1.3189022351981945,65.26768781447888,-0.0137152234156368,-0.8865523614741377,158.19659,-0.2829508855681334,1.699999999999818,22.923823698738797,85.10913176003503,1.129543985277767,0.0190375624366288,1.3181330814224417,0.8131201121582886,61.673765,71.37661050000001,218.34781,81.63162951851406,66.1618578241361,1.003241473753533,110.399497,91.90859682672269,89.49453666666666,56.5066886,43.86576737317889
normal,0,train,N0233,2,1778.426,1780.026,1.283778685643091,0.0478667985988959,0.0185413879882064,0.0153374743329169,0.0588235294115491,0.063780277902296,0.0351364087957039,81.2123533025827,0.9967317338196118,0.998817429466782,0.000118190638466,1.312000773803476,0.0025315523302461,1.3442283785726508,67.08452574797016,-0.0153374743329169,-0.9914146986037348,168.907305,-0.2895757031748786,1.6000000000001364,18.20611980963325,83.67084933028215,1.2068830596693798,0.0185413879882064,1.283778685643091,0.7571677781176825,45.281895,68.75881466666667,217.68442,78.44688361340488,60.15079083232671,0.9874758377058008,121.001977,95.87699394937576,94.4840078,51.1096538,48.41124994474448
normal,0,train,N0235,1,1790.289,1791.989,0.426564578801876,0.1456257133355457,0.0061607965968288,0.0029485804504062,1.337492208488957e-13,0.1848152873049497,0.0928995932149328,179.04561452494062,0.9986035904015518,0.9890545298660606,0.0011159588880392,1.424420296192357,6.144070662607902e-05,1.4262575527334589,124.06102617273996,0.0029485804504062,0.1905963090855545,307.455933,-0.330971440628675,1.7000000000000457,50.62000079709498,183.15377296400905,1.144231294237383,-0.0061607965968288,-0.426564578801876,0.780712004692371,136.73557,152.436075,506.67077,174.90879076202827,135.46443276541046,1.00803871456515,272.069245,198.54010479494963,193.08768166666667,112.7863306,108.88572438122782
normal,0,train,N0235,2,1791.989,1793.589,0.7338203078181804,0.0919706177305982,0.0105984366254423,0.0034824062594802,0.0588235294116828,0.1746308743423918,0.0918767395388741,175.18781047198445,0.9992300514036494,0.995634273793158,6.019802431550061e-05,1.441959727104134,0.0004447156934919,1.4576651155808429,131.4633248902611,0.0034824062594802,0.2251028218347974,325.90548,-0.3105132104783905,1.599999999999909,42.654752053652594,180.4811963189165,1.2364896377523449,-0.0105984366254423,-0.7338203078181804,0.7090326489647992,105.49321,145.48688916666666,504.04817,168.2307176738729,120.88507509379755,0.9867311684010815,313.530956,210.81277841102005,207.331824,106.7858578,121.98751822400824
normal,0,train,N0241,1,1830.78,1832.48,1.240667911756273,0.1264953076916115,0.0127520446488004,0.0191934941846582,1.337492208488957e-13,0.1996823442459436,0.0696616010100096,176.3296827720749,0.9986479808549424,0.991741386906833,0.0010113974056054,1.4224146843394234,0.0001296094152526,1.4182227635675415,124.02796298376144,-0.0191934941846582,-1.240667911756273,308.76783,-0.4827312643389649,1.7000000000000457,51.16688971129357,180.39129160147544,1.1419826182435262,0.0127520446488004,0.8829329891004898,0.7758786931649634,137.69556,150.97713233333334,494.36777,173.34399882647438,132.67851746183564,1.0136826808918815,262.405191,195.2838273437698,189.61557,111.023249,105.50616257729688
normal,0,train,N0245,1,1863.326,1864.926,0.4934655346104949,0.0642182408211032,0.0029649104691557,0.0076340556398112,0.0588235294116828,0.043692718945865,0.0432241340729104,82.16475198958369,0.99672923078157,0.9978714929268848,3.664277338824704e-05,1.2994300059384158,0.0025392734229127,1.3400869269824944,68.36456371477361,-0.0076340556398112,-0.4934655346104949,172.16875299999998,-0.0053911854453351,1.599999999999909,20.46751055709046,84.64093620999897,1.195057023319932,-0.0029649104691557,-0.2052860803928678,0.7603792580469383,51.356201000000006,70.35480916666667,219.39948,80.23131785545634,61.16797580412379,0.9973557100927816,116.790074,96.13520925694344,94.3760736,52.4774856,46.89633116140545
normal,0,train,N0245,2,1864.926,1866.626,0.8007311028007601,0.0990156229455471,0.0080512820234225,0.0123875435315526,1.337492208488957e-13,0.0569499602033808,0.0390776989876152,83.66916622477675,0.993015022298368,0.9949398226646168,0.0021615062547773,1.2932499676367355,0.0037442488728674,1.3155925290839563,68.89841710039326,-0.0123875435315526,-0.8007311028007601,172.231933,-0.1861157646260241,1.7000000000000457,32.62085521282118,85.67389538370571,1.1015423004125309,0.0080512820234225,0.5574590349085866,0.7702940676674441,85.152162,80.534368,218.34984,87.10216701626405,63.24368711803494,1.0608850557429648,92.863568,90.44026108824583,85.3971545,54.4891422,36.34836562658189
normal,0,train,N0246,1,1872.779,1874.479,1.835462466801512,0.1073815330156202,0.014118484751874,0.0283951393027033,1.337492208488957e-13,0.1076143525921767,0.0919408191450106,113.60722380939082,0.9971162320064156,0.9940486226411376,0.000936134961177,1.4539346365115644,0.0009335037634889,1.4454248109742671,81.6723324874451,0.0283951393027033,1.835462466801512,201.666259,-0.0785423565355122,1.7000000000000457,46.78175232817183,116.23543421691916,1.1079833404051758,0.014118484751874,0.9775433106497528,0.6752801706901517,126.792688,112.06493050000002,327.69565,121.98918300381146,74.4067966632909,1.1071149413129773,136.822955,122.08486890942564,114.3719295,66.2033634,52.79559211109471
normal,0,train,N0253,1,1927.229,1928.929,0.9009568774620992,0.0995945891703843,0.0100650435698156,0.0139380654761334,1.337492208488957e-13,0.1581296364794124,0.0643891301527931,150.23916510178495,0.9985546467614708,0.9948804737073408,0.0010656199515656,1.4339495084538898,8.012201739322662e-05,1.4188596552409052,105.00088342006744,-0.0139380654761334,-0.9009568774620992,262.1055,-0.4212701146287531,1.7000000000000457,46.069014220512,153.69494931993287,1.1404028617934807,0.0100650435698156,0.6968889499112549,0.7539441491196202,125.776184,130.3717265,423.20006,149.93839905086264,109.84471170404647,1.029136286481749,218.360097,166.14920843466834,160.73870433333337,92.884243,88.52880820138539
normal,0,train,N0257,1,1959.989,1961.689,0.3168967023299221,0.055502257934199,0.0045768828971785,0.0003156604376607,1.337492208488957e-13,0.0442558020527629,0.0511317059084782,83.62486502249278,0.9931978599933756,0.9984100641879756,0.0023999040626965,1.2987875380727434,0.0034551466060434,1.3252404051138575,67.16112205614444,-0.0003156604376607,-0.0204042980527092,165.429971,0.0720839028359683,1.7000000000000457,27.80192331984534,85.56760271512191,1.1151468917964655,-0.0045768828971785,-0.3168967023299221,0.787194457589426,73.99727,76.717823,219.18264,84.93888289374524,64.53730845900812,1.0360428633348244,101.912274,91.42414334744848,87.830812,55.7719778,39.93478876435488
normal,0,train,N0258,1,1966.952,1968.652,1.6492662150305506,0.0570064228807332,0.0077992696467583,0.0255146290213402,1.337492208488957e-13,0.1287238632398394,0.0496862287040718,142.49139226204693,0.9977954290349,0.9983227188388852,0.0012916839904462,1.450099685391694,0.0001739392446935,1.4267572010674348,101.56017677313037,-0.0255146290213402,-1.6492662150305506,253.37914,-0.4430110072482474,1.7000000000000457,54.84173133164664,145.91191027315466,1.1318152663381786,-0.0077992696467583,-0.5400100651828337,0.6883968697079712,148.558873,133.37118866666663,405.48258,148.99881585204722,95.34027518518018,1.0758340923971594,186.794542,156.75198958595794,148.5423845,83.8468658,72.76900295279036
normal,0,train,N0259,1,1974.625,1976.325,0.4740903585000965,0.0448026943746175,0.0002622449756462,0.0073343160185332,1.337492208488957e-13,0.196184729296707,0.0986252042482042,182.36612915191287,0.9986726195872572,0.99896398378156,0.0008515715584169,1.439491235747708,0.0001743082052599,1.4272402513033755,128.81642837355446,0.0073343160185332,0.4740903585000965,319.28483,-0.330923466095859,1.7000000000000457,60.77649982176332,186.6269334900655,1.1324075731336265,0.0002622449756462,0.0181574599682462,0.7170687496655955,169.84345499999998,162.95754766666667,519.77986,187.77835098729452,127.0906990646174,1.0594794768440594,258.786707,200.7038657907428,192.8830975,110.4305634,102.20888468997384
normal,0,train,N0264,1,2015.921,2017.621,1.0768887583431062,0.0503303155329886,0.0155533134424764,0.0018186397435666,1.337492208488957e-13,0.1822673447804991,0.0815602951039563,162.75851813374055,0.998032598059862,0.9986925725617276,0.0012164449818603,1.434624735951484,3.602632624999323e-05,1.4398272525892422,115.22493218054636,-0.0018186397435666,-0.1175569154412431,282.93935,-0.3817153112549777,1.7000000000000457,53.68381221770299,166.5679823873552,1.137730676213828,0.0155533134424764,1.0768887583431062,0.722456593381755,151.360885,144.36932149999998,465.56788,165.80813950212618,114.0100249736032,1.0506899164999548,228.687908,179.5439393821563,172.7263725,99.7860558,89.32975854519816
normal,0,train,N0264,2,2017.621,2019.321,1.4798257905015677,0.1610980656584388,0.0213728615714625,0.0071520679535615,0.0,0.1930919580353994,0.0918867692969631,166.11841433113707,0.9984774034297732,0.9866051165115268,0.0010094422398234,1.4418444695003856,0.0001164100547796,1.448625012277727,112.83634051365335,0.0071520679535615,0.4623098393296616,277.958549,-0.3551324328150584,1.699999999999818,46.30180890157075,169.90951180371096,1.146681243182867,0.0213728615714625,1.4798257905015677,0.780139305869859,124.11059,140.24722266666666,476.62168,161.56476793520008,125.338451707437,1.0056213731138108,256.681234,184.2276764433084,179.3133816666667,104.335584,102.42330322891468
normal,0,train,N0266,1,2030.209,2031.909,1.8462632894868047,0.0545017201373404,0.0266652534129035,0.0062111014714633,1.337492208488957e-13,0.0739973442605281,0.0448297856068435,82.61751740735276,0.99370805919917,0.9984668709688094,0.0020582195846788,1.2953263952172998,0.0032829958281865,1.3340473480529818,66.14337538201616,-0.0062111014714633,-0.4014857439801756,161.90315800000002,-0.2454621153098147,1.7000000000000457,26.48257220212958,84.56506188665341,1.1186692000069882,0.0266652534129035,1.8462632894868047,0.7876394313705235,71.355232,75.02304533333334,217.94024,83.54252304107364,63.76376668193098,1.0319557448913463,102.907077,90.56245665531245,87.27611183333335,55.1696358,40.26257555071604
normal,0,train,N0271,1,2062.968,2064.568,1.8519871975109796,0.0593454913854511,0.0267479228018503,0.004812624976677,0.0588235294114153,0.1735008251155155,0.0827845113102828,149.35862825869523,0.9981841166863632,0.998182251691466,0.0001130258177528,1.4734063149158194,0.001064713327909,1.4902920078675908,110.2159965338542,0.004812624976677,0.3110881907397856,273.19185000000004,-0.3539660718401793,1.6000000000003638,42.79282450224956,153.8815787884065,1.2192056708620431,0.0267479228018503,1.8519871975109796,0.6764392649040104,104.8751,129.652376,436.55699,149.5245582167611,98.86504473625638,1.023054027994088,252.678902,178.19312013115922,174.033926,85.21445980000001,98.27403519936676
normal,0,train,N0271,2,2064.568,2066.268,1.125031262173821,0.0684737628940049,0.016248627091341,0.0013353486696126,0.0,0.1635721717255108,0.0794618099627459,149.74169998993202,0.9978431446446334,0.99758004841039,0.0011814069499303,1.4445041989451886,0.000144054713612,1.4707286615205202,106.91700832704144,0.0013353486696126,0.0863169691488017,262.47039,-0.3460847786722612,1.699999999999818,57.393325047117095,153.2832739502101,1.1210040556852974,0.016248627091341,1.125031262173821,0.6823801484271437,159.02437600000002,143.51524666666668,435.78701,159.0658909150737,99.55816237426504,1.090251202551137,197.71566,163.55268255586182,154.933809,88.07421760000001,75.1425176060421
normal,0,train,N0272,1,2069.925,2071.625,1.399868886218958,0.0926349802591578,0.0064965892599554,0.0216563796583512,0.0,0.0566848032593882,0.0301581708948374,84.53483058423255,0.9937973236215084,0.9955709731263882,0.0019306654421439,1.3131276310710744,0.0033058770701963,1.3195601059240318,66.3107085783712,-0.0216563796583512,-1.399868886218958,161.06285499999998,-0.3054551346564466,1.699999999999818,24.137537883814232,86.55116720182188,1.1338183301653155,0.0064965892599554,0.4498143734769736,0.8076246741103826,64.84318999999999,72.49658016666667,222.5019,82.96626233478618,66.86395504261098,1.0021184139883283,111.414322,93.86981389365069,91.247053,57.007820200000005,44.19474923484872
normal,0,train,N0274,1,2086.409,2088.109,1.2902171616590303,0.1157540696201577,0.0186343777559907,0.0029579349253299,0.0,0.0691347168870716,0.0489411637376963,84.74435993431166,0.99437005004344,0.9930843847052172,0.0015506685399737,1.3118659325035442,0.0031301304887315,1.3203895821118268,68.75577166938346,-0.0029579349253299,-0.191200982562804,173.127908,-0.1710218297111603,1.699999999999818,34.630879329823934,86.82419382661641,1.1014374235430116,0.0186343777559907,1.2902171616590303,0.7507423230194827,89.622274,82.59366816666666,222.523,89.16170410772253,62.40619849447842,1.0726092356375443,93.46009,91.5580757541603,85.92709933333333,53.4677804,36.79286003834358
normal,0,train,N0274,2,2088.109,2089.809,0.4346632249681693,0.0576238413537507,0.0062777639078053,0.0048788845065898,2.6749844169779134e-13,0.0553405050683694,0.0466307992109888,83.77930157183086,0.9948177195000206,0.9982861898878114,0.0013309587352379,1.304270964234933,0.0029819766183095,1.3398537334875864,67.44170590285313,-0.0048788845065898,-0.3153712082987575,167.187235,-0.0854133024859059,1.7000000000002728,29.579247075179985,85.83479855308818,1.115469391046116,0.0062777639078053,0.4346632249681693,0.7654580915040491,78.312881,78.19206533333333,221.41614,86.21125937909032,62.89747959241648,1.0491852216990196,101.359737,91.65781123487828,87.59020766666667,54.3261356,39.77510019049385
normal,0,train,N0275,1,2093.637,2095.337,1.5869921312553654,0.038396784428039,0.0197853488530655,0.0245512307957007,0.0,0.0800215462693225,0.0407039731243905,117.84381135286895,0.9982213724198912,0.9992390642299792,0.0007364928594501,1.463831423025134,0.0005307582651569,1.438265769362132,82.23391320409392,-0.0245512307957007,-1.5869921312553654,204.246423,-0.3256773989630381,1.699999999999818,42.64467807876512,120.62977895503457,1.1308630594482112,-0.0197853488530655,-1.3699087232161182,0.6843878372488237,117.647071,109.25409433333334,337.61959,123.33442445997804,78.2312541137822,1.0789623785364104,158.353707,129.26710639280032,123.26601716666666,69.08934880000001,62.68897633501885
normal,0,train,N0275,2,2095.337,2097.037,0.5848304367535784,0.1064319134313532,0.0084466023282886,0.0038354666638762,0.0,0.0906068370878023,0.0688865753370471,117.33801714264236,0.9982381059199146,0.9941534182210736,0.0008178148464885,1.4661485956824365,0.0006010283102438,1.4481656000154686,81.61224200786299,0.0038354666638762,0.2479246546095651,204.092644,-0.1361828142015162,1.699999999999818,36.34206389137109,119.97313836518782,1.1372613627861985,-0.0084466023282886,-0.5848304367535784,0.7549934567750458,97.043052,101.507438,334.26075000000003,117.11631779551288,85.68296656281989,1.031967696314191,175.500298,129.06592295121138,124.72927133333332,72.5898824,69.18932928804627
normal,0,train,N0276,1,2102.152,2103.852,0.3102193355080144,0.035224068549279,0.0044804428718306,0.0040223824987685,0.0,0.1995164030896541,0.0870283650640538,181.77100623374236,0.9975517304608922,0.9993596206424956,0.0016156623724138,1.4240481208812246,6.205333099060436e-05,1.4105602170144362,132.23676521133788,-0.0040223824987685,-0.2600068985365417,329.92736,-0.3925670629060904,1.699999999999818,65.43780565255841,185.9674225858808,1.1292976617002974,0.0044804428718306,0.3102193355080144,0.7237948033663518,177.981037,165.57321833333336,511.15364,186.80605842421093,127.67786614401588,1.0589874220821014,240.780021,199.208829652705,190.0414055,111.4333044,94.75450069352084
normal,0,train,N0280,1,2134.595,2136.195,0.7365869066190046,0.0909644185482193,0.0106383941215025,0.0105192836895971,0.0588235294114153,0.1902225850573016,0.103147905934662,185.68133678177637,0.9992449733510596,0.9957292771913164,6.919043884770231e-05,1.4369096357082771,0.0005640142113325,1.4185445590019636,140.2551195050069,0.0105192836895971,0.6799667430423433,350.25350000000003,-0.2968078992127673,1.6000000000003638,44.920790840696256,191.2901489235025,1.2438188782992818,-0.0106383941215025,-0.7365869066190046,0.7180312628936785,113.97483,151.72304566666665,526.1946399999999,175.22649783489626,129.23719163608055,0.9735440854140394,322.745007,223.872785270551,220.237876,113.457382,126.56428143845103
normal,0,train,N0280,2,2136.195,2137.895,1.585440729201941,0.0484032076177914,0.0228982394093203,0.0197252784154494,0.0,0.1897968775044638,0.0761089619474751,193.62558393439727,0.9984669986602016,0.9987907765121584,0.0011109482633352,1.4185931065668105,0.0001212936070163,1.399799574480977,138.51409810395344,-0.0197252784154494,-1.2750424568376966,345.05443,-0.4275495257677843,1.699999999999818,63.2270105941222,198.2048026387209,1.1381739785366642,-0.0228982394093203,-1.585440729201941,0.731048104119595,173.97155,170.81636416666666,540.8693000000001,196.69832898604557,137.57172018978846,1.0452434576696854,268.703975,214.186386942505,206.26301000000004,118.9242744,107.32610301072197
normal,0,train,N0281,1,2142.516,2144.116,1.2178906080605734,0.0745413306595796,0.0073881600826792,0.0188411226580934,0.0588235294116828,0.0548724687386178,0.0322409970114777,82.7197010997651,0.9961507539608634,0.9971321754959968,9.283010567074912e-05,1.333106700421082,0.0027539050786572,1.3563148622199095,68.03620538229094,-0.0188411226580934,-1.2178906080605734,172.227881,-0.2597930358069289,1.599999999999909,24.546254140524105,85.16903572546704,1.1926911395372073,0.0073881600826792,0.5115454380381664,0.7559182530751837,60.119043000000005,70.68964733333333,222.90412,80.72369861278588,60.86663193691405,1.0025282374814195,113.706725,96.03563918360558,93.4924014,51.65503679999999,45.34712579781121
normal,0,train,N0285,1,2168.479,2170.179,1.9036715891018383,0.0692445672645632,0.0051330944822215,0.02945035430408,2.6749844169779134e-13,0.0650513533525629,0.0839005686313666,91.06660188786609,0.9947170534184404,0.9975252593054652,0.0020822998564282,1.381147819030014,0.0024197760153113,1.3949108385137376,70.95528344272103,0.02945035430408,1.9036715891018383,178.96011099999998,0.1265456331655178,1.7000000000002728,35.49978209705453,93.10366607349349,1.1062290133610444,0.0051330944822215,0.3554079819622803,0.7468657378495148,91.575157,86.76698850000001,248.68205,94.68577058142574,66.09549558516943,1.06993006532527,107.109441,97.89812433934874,92.378825,58.0722888,41.5242318253704
normal,0,train,N0285,2,2170.179,2171.779,2.879794511522317,0.1145325895846247,0.0043112111226292,0.0445512604026892,0.0588235294116828,0.063299981141155,0.0987496958196357,90.44263676849772,0.9968774346341284,0.993229566928014,2.6528158703921604e-05,1.4050625877193563,0.0022237238244485,1.4108175586101883,68.48848248479199,0.0445512604026892,2.879794511522317,168.581506,0.2187583174685331,1.599999999999909,31.797159440649533,93.15355382663026,1.1933889032419334,0.0043112111226292,0.2985019757991782,0.7010069192129764,79.377658,80.13899066666666,254.62785,90.81063317600146,61.531487800473016,1.0345740769492515,133.406057,104.75074172376527,100.8160226,54.32151019999999,50.91704139550875
normal,0,train,N0287,1,2182.241,2183.841,0.4325633022858672,0.1923888358946686,0.0060859254056775,0.0066918803559347,0.0588235294116828,0.0569753117855341,0.0619934611684737,93.17648070924568,0.9959459977585208,0.9808962765538362,0.000205834426804,1.4165333699100937,0.0028675494285499,1.426515135453178,67.06253425218982,0.0066918803559347,0.4325633022858672,165.724178,0.0421803911925474,1.599999999999909,37.02147178474393,96.00020834513217,1.1700246488420112,-0.0060859254056775,-0.4213806066294648,0.6829968251968425,89.677704,85.57576966666666,262.50497,97.07562065505536,62.176108723693645,1.066363625392816,130.687135,106.51232493626338,101.2344006,55.337054,50.20514441594797
normal,0,train,N0287,2,2183.841,2185.541,0.4319821980371113,0.2505649065596964,0.0062390423110911,0.0012709564225234,2.6749844169779134e-13,0.0568967467606404,0.0565927317658568,93.22652732673536,0.9951259941437016,0.9675959884390544,0.0011816294093166,1.3738594769814425,0.002664218053952,1.3648573388779446,69.22834453874788,0.0012709564225234,0.0821546527950971,173.226258,-0.0026787945343312,1.7000000000002728,47.383283877580574,95.4451096458796,1.06847938485423,-0.0062390423110911,-0.4319821980371113,0.6834073178431314,118.030923,99.24728866666668,253.60206,103.87137837998895,62.19993118804448,1.1412626789687137,85.998425,97.24704795893363,87.09769616666665,54.00903860000001,33.57211233522569
normal,0,train,N0293,1,2222.713,2224.413,1.0379283965446162,0.0295341891249917,0.0123929948568472,0.0160570547963719,0.0,0.099370047247649,0.0778369251323275,109.23114823608702,0.997557545937386,0.999549796992376,0.0007302603411422,1.4340748845039084,0.0011392618596069,1.4289130208780023,80.26948611522717,0.0160570547963719,1.0379283965446162,202.109246,-0.1215139665556022,1.699999999999818,37.79961943473072,111.7398079615212,1.1219616699963166,0.0123929948568472,0.858072904715907,0.7308005211516114,99.799286,99.22485533333332,306.33703,112.6055779102224,77.4319075618815,1.06276879406081,151.10351,118.87735408593916,113.75917233333332,67.96773379999999,58.32094917513846
normal,0,train,N0293,2,2224.413,2226.013,1.8381992915981864,0.0952030542974925,0.0162342274897536,0.0284374787799491,0.0588235294116828,0.0970706012864742,0.0885539689019872,105.108915629989,0.9971689776506004,0.995322001781894,0.0001344434181801,1.4569610544199452,0.0016845286152148,1.4713252350961985,77.2811345497695,0.0284374787799491,1.8381992915981864,189.95478,-0.0458809540988799,1.599999999999909,35.36030673012457,108.28717260213902,1.202709182437861,0.0162342274897536,1.1240342547431277,0.677472538068274,88.80115799999999,93.34567383333332,305.51569,106.1970241294723,69.2691754017316,1.038637562162936,169.11413800000005,122.97276809641777,118.8361084,60.872562,64.2615837985102
normal,0,train,N0294,1,2230.241,2231.941,0.4628876546692929,0.055599900256944,0.0066854043427859,0.003446489096468,0.0,0.0552013125734645,0.0479150691229341,83.41221306538552,0.9932475270221868,0.99840446507944,0.0021465226637231,1.2924064963870507,0.0036354465431552,1.327304191212545,67.46199554784967,-0.003446489096468,-0.2227811355799721,165.685438,-0.0706603871333687,1.699999999999818,27.47789655129224,85.37376234174923,1.1151876670170215,0.0066854043427859,0.4628876546692929,0.7896492117528534,73.404683,76.3612095,218.85029,84.58027840844855,64.56506316497612,1.034441025859608,101.816074,91.1824656950228,87.66439633333333,55.8853698,39.84152375621863
normal,0,train,N0298,1,2263.699,2265.399,1.2042630979485955,0.0468906101616786,0.006124893647343,0.0186303011049548,0.0,0.1423434757711469,0.0970668712672408,150.5102199477658,0.998147228617152,0.998865171963181,0.0009373255504395,1.4480189236414729,0.0001091042466712,1.4737688914213345,105.77742641349646,0.0186303011049548,1.2042630979485955,258.58191,-0.1891171583175442,1.699999999999818,53.566721570376025,154.07257017940665,1.1267623351960343,-0.006124893647343,-0.4240787108975472,0.6857870401120908,150.170821,140.81120283333334,439.52196,158.56690679721976,100.45495397239677,1.082506390895125,208.265924,165.04957355485658,157.63946316666667,89.1964554,79.86740828048478
normal,0,train,N0300,1,2277.617,2279.317,2.08923154550332,0.0340762089859197,0.0301744008648752,0.0067679841847473,0.0,0.1770131488683193,0.0847631243036865,149.41625640126568,0.9982211344727268,0.9994006771515596,0.0010999190668295,1.444392597467934,0.0001542670380775,1.4149234835079776,106.22631492224372,0.0067679841847473,0.4374826555553222,265.424522,-0.3524002517358226,1.699999999999818,53.38520082393739,152.91844378742925,1.132139104822687,0.0301744008648752,2.08923154550332,0.7077633190486045,145.845307,135.9348456666667,422.06471,154.50700082103654,102.68340750337116,1.0649664865645612,203.711417,164.25250916828935,156.8563155,89.5788768,80.45469062490736
normal,0,train,N0303,1,2303.377,2304.977,0.1640448269679723,0.1099376230939662,2.6530778230254848e-05,0.0025378212836793,0.0588235294116828,0.1914630216443281,0.0875522792648517,179.390305530362,0.999083615592538,0.9937619194985486,9.28814361911739e-05,1.4409164036899933,0.0006463592705107,1.428007267408566,135.4955883511665,-0.0025378212836793,-0.1640448269679723,338.56359999999995,-0.3724195126235287,1.599999999999909,42.31220387999459,184.786339293652,1.245807073205103,-2.6530778230254848e-05,-0.0018369524238004,0.72745389716652,108.35540999999998,144.82333166666666,511.22409,167.4932003134414,126.18908539531596,0.9655635504069378,315.456072,216.10614192748133,212.766554,110.7665658,123.35506770880728
normal,0,train,N0303,2,2304.977,2306.677,1.8079153152784708,0.0800158802576817,0.0065728227028143,0.0279689768400883,2.6749844169779134e-13,0.2020332222362616,0.1226955739170461,190.88059320339383,0.998024477098644,0.9966954626614616,0.0013168419104308,1.4245036652266938,0.0002645766362015,1.4202319127913314,136.759150217797,0.0279689768400883,1.8079153152784708,340.7381,-0.2443197192820406,1.7000000000002728,60.05486394008288,195.34227672479076,1.143344691470466,-0.0065728227028143,-0.4550926659725374,0.7560116689577486,164.20425999999998,165.01889666666668,537.82529,189.63533879122332,139.92462979735492,1.0245982367832642,266.744645,211.61324520999807,204.38854333333336,119.296779,107.3736701181454
normal,0,train,N0306,1,2326.399,2327.999,1.3355423547545884,0.0779192637177306,0.0192890014853168,0.0109619575602158,0.0588235294116828,0.0630507350780492,0.0391117951007109,80.22073945096838,0.9969835855289784,0.9968663681763515,7.469379225561442e-05,1.3053850610228528,0.0023868168832349,1.366786952481481,66.5702485917126,-0.0109619575602158,-0.7085811923638576,164.467712,-0.2343221133542453,1.599999999999909,13.614725960618516,82.63076221966097,1.2180512529184784,0.0192890014853168,1.3355423547545884,0.7761460890180325,32.834896,66.272584,215.6271,75.54637694551333,60.85765332455597,0.9634782447663504,129.890334,95.50745913754332,94.7279586,52.4395052,50.960518816176645
normal,0,train,N0309,1,2352.589,2354.289,1.3561775937348732,0.0640318443551903,0.0165372267587129,0.0209804626298964,2.6749844169779134e-13,0.0861233003589749,0.0780494838996389,97.55659814785712,0.9958950584256864,0.9978838311785644,0.0013041203967953,1.4233960683358746,0.0020776259738507,1.4329687858541906,73.33363416781744,0.0209804626298964,1.3561775937348732,183.512348,-0.0491787752504004,1.7000000000002728,38.17517065187757,99.76342453520525,1.112513785347772,0.0165372267587129,1.1450134825928855,0.7221699761530282,100.854293,92.71596866666664,274.37345,101.80979363734882,68.2347606656221,1.077514972222532,116.509805,105.11668220380945,99.17189033333334,59.9991622,46.07363542870788
normal,0,train,N0310,1,2358.968,2360.668,0.7685559457946911,0.04182103381402,0.0076265511326734,0.0118897844752938,2.6749844169779134e-13,0.198668166693582,0.082210722874209,189.32900116973644,0.998479833196854,0.9990972909061806,0.0011283568358361,1.4251306297686326,3.858816196725297e-05,1.39953138907889,134.28143269490707,-0.0118897844752938,-0.7685559457946911,335.69626,-0.4146180013676355,1.7000000000002728,63.49319867372431,193.78671421176196,1.1358020918873222,-0.0076265511326734,-0.5280512869544067,0.7193709140693895,173.536198,168.90629016666665,528.6595199999999,194.098507310432,132.4081048116951,1.054533790223668,262.875586,209.05682935834236,200.86131866666668,114.7560972,104.75626386391384
normal,0,train,N0322,1,2441.017,2442.717,0.6954148074181256,0.0941909168522772,0.0030560556982889,0.010758269747793,2.6749844169779134e-13,0.1972377931219347,0.08006108689099,181.1975671583891,0.9983937603112818,0.995420939965171,0.0010072725407175,1.4301286648529117,0.0001848448225294,1.4298801803090575,127.18987495946128,-0.010758269747793,-0.6954148074181256,311.60143500000004,-0.4225646574016474,1.7000000000002728,54.34643543756986,185.4101896912028,1.1415067540100834,0.0030560556982889,0.2115968432404818,0.7474623062284763,152.85636999999997,157.19967933333334,516.10154,181.31888093805037,131.34579319482825,1.0318490270007223,263.620887,200.5881885860321,194.356225,112.677992,104.55778352800796
normal,0,train,N0324,1,2453.657,2455.357,1.1983613306141303,0.1232682196395969,0.0051015898133015,0.0185389990442342,0.0,0.0754899470694976,0.0758253420217952,98.09517052144108,0.9956541966376296,0.9921573914977388,0.0017412147715403,1.4123342114005228,0.0016148078008126,1.4215200326250623,73.47408410321759,0.0185389990442342,1.1983613306141303,181.948322,0.0022165304927846,1.699999999999818,41.84187599200925,100.36745983475336,1.1065240651468975,0.0051015898133015,0.3532266445951201,0.7007140028172515,110.842365,96.87798366666668,277.57136,104.17199272649036,66.64116434321934,1.0953406160325558,107.513441,105.23559080981174,98.05905066666668,58.7575022,41.94940308451163
normal,0,train,N0324,2,2455.357,2457.057,1.3245168823104976,0.0254204770782736,0.0134969329195046,0.0204906621967203,0.0,0.0858176856607463,0.0783004503222469,99.39238605784936,0.9970427961123776,0.999666477081348,0.0010066998892405,1.4223658304702016,0.0015453586368089,1.4246555054789063,74.31074762779686,0.0204906621967203,1.3245168823104976,186.061881,-0.0458038064679977,1.699999999999818,34.728452187854415,101.64748660878782,1.1205170576171426,0.0134969329195046,0.9345079675068432,0.7429982461205712,92.1532,90.40092533333332,277.47193,101.84873079518674,71.57704295204687,1.0572304363163965,132.01155,107.94547360014668,103.18512866666669,62.6976326,51.3906995103298
normal,0,train,N0328,1,2480.18,2481.78,1.2685972132457148,0.075772940775126,0.018322124673509,0.0067328899895016,0.0588235294114153,0.1707562162651084,0.072777910601161,153.1724060560689,0.9989627784919182,0.997036625262598,8.298770017904377e-05,1.4598218919743438,0.0007159218899425,1.4567261541763796,113.30422976533892,-0.0067328899895016,-0.4352141659561254,281.23417,-0.4023185864104677,1.6000000000003638,39.88432854458039,157.8007313754824,1.2337921125579263,0.018322124673509,1.2685972132457148,0.6926820320250904,98.57906,128.87664083333334,440.96534,148.9316939797085,103.2505985195286,0.9991448950224876,269.316226,183.90800999680783,180.414934,90.8324094,105.65589716085898
normal,0,train,N0328,2,2481.78,2483.48,0.3901832336506097,0.0412298366261923,0.0056353472779344,0.0014310352806489,0.0,0.1672524020549979,0.0834293067646029,159.33692186385028,0.9978527812437488,0.9991226325531748,0.0013596944352997,1.4347438291104089,5.117793955497213e-05,1.432725430676169,113.49117504780952,0.0014310352806489,0.0925021539179356,279.63523,-0.3343805803972023,1.699999999999818,54.28063218534045,163.06341195657905,1.1363775312403048,0.0056353472779344,0.3901832336506097,0.7195622313803113,151.549005,142.82746816666668,454.1083,162.85269128148713,111.1995727288775,1.0538048218090377,220.128208,175.61329711568868,168.47761749999998,97.4281438,85.70633625157362
normal,0,train,N0329,1,2487.246,2488.946,0.7920574458269748,0.0437190939834716,0.0058248039422016,0.0122533595302509,0.0,0.1418098097280689,0.0659573637987281,149.95052038391873,0.9978639533175948,0.9990134920367804,0.0011109014966795,1.4438107910539495,0.0001365309973914,1.4649250261858902,106.82997525278763,-0.0122533595302509,-0.7920574458269748,261.43566,-0.3650838803907225,1.699999999999818,54.05137353489231,153.48225428051896,1.1271993484292566,-0.0058248039422016,-0.4033009370066933,0.6952702019939709,152.367734,140.031991,437.10774,157.0171258575161,101.36462518619513,1.0769963250092085,203.861977,164.33631002159038,156.75393766666667,89.7208092,77.81068802521386
normal,0,train,N0330,1,2493.621,2495.321,1.7307328687686143,0.0579750422292265,0.0249966680259264,0.0029634722398624,0.0,0.0740448786570235,0.0485422754639934,83.76954723907507,0.9935233481684098,0.9982652358598794,0.0022425062819828,1.311333901350665,0.0033005100341957,1.328320776074289,66.65473461958244,-0.0029634722398624,-0.1915589147033311,163.234257,-0.208036505747136,1.699999999999818,26.76585909431394,85.73696771492915,1.123786330106887,0.0249966680259264,1.7307328687686143,0.7921876958227129,71.96403799999999,75.10255683333334,221.13291,83.95273497021381,64.98186629238322,1.0234597352871664,104.745644,92.18236212110584,88.88519866666667,55.98910600000001,41.09989293526051
normal,0,train,N0334,1,2527.515,2529.215,1.5799472615090595,0.1472504702854158,0.0228188982292295,0.0164256502879843,2.6749844169779134e-13,0.1859165628277014,0.0783360028835897,190.96747013932253,0.9988743907412334,0.9888089285164916,0.0009579856992419,1.4294489881872556,7.281582318590928e-05,1.3989097714134262,129.91160574232595,-0.0164256502879843,-1.0617544177193885,323.952596,-0.4071126410982197,1.7000000000002728,53.988919678724606,195.4618247756065,1.1468636916080286,-0.0228188982292295,-1.5799472615090595,0.7651871607108214,141.88304,163.99691533333333,531.21907,188.53000558740376,142.13668243437758,1.0149437654901214,297.40623,213.03467791877048,207.25532833333327,117.459716,119.27377893206668
normal,0,train,N0335,1,2534.895,2536.595,0.2113203508688759,0.1841861405897075,0.0012130887361789,0.0032691874167682,0.0,0.0584965278171847,0.0576628849443999,90.92654046812552,0.9953915281541172,0.982490562897876,0.0010674804262617,1.3609713030290045,0.0026597447834978,1.3437574922674154,70.18905997672209,0.0032691874167682,0.2113203508688759,177.37212,-0.0071767139051279,1.699999999999818,42.2814341476146,93.10117531347956,1.082764636520774,-0.0012130887361789,-0.0839924963703278,0.7069640641264342,105.488913,93.2091595,242.26204,99.12331998408384,62.81790922854085,1.1155516954679878,93.058718,96.2099972321532,88.12829949999998,53.02124679999999,36.94566523916926
normal,0,train,N0336,1,2541.797,2543.497,0.4736727782187646,0.0906743270697766,0.0068411719703901,0.0003604271933447,0.0,0.0955127587396341,0.0618784567375611,110.36868780275668,0.9975522032968188,0.9957564729860308,0.0011658900310355,1.460713553076599,0.0008447254985478,1.4511380282623936,78.86567491680808,-0.0003604271933447,-0.0232980221842409,197.801855,-0.2136987245437002,1.699999999999818,35.41988650218842,112.82264335829902,1.134383958695799,0.0068411719703901,0.4736727782187646,0.763338745671142,94.059123,95.44274466666668,313.84889,109.92210943032136,81.46255751371078,1.0300168285281883,160.42008199999998,121.06003920531896,116.6621595,69.5234864,62.60651929285753
normal,0,train,N0341,1,2576.156,2577.856,1.3828471162137066,0.0451077191917436,0.0109603478899222,0.0213930479154145,2.6749844169779134e-13,0.0445294380001714,0.0746436823883977,88.0937715345568,0.9943358255280192,0.998949828990615,0.0020450958701746,1.3569253183472598,0.0028685163050291,1.3458693836656892,70.18436845126537,0.0213930479154145,1.3828471162137066,177.19842699999998,0.252693260777135,1.7000000000002728,32.09487739866726,90.10676097094075,1.1120235097851603,-0.0109603478899222,-0.7588785163907557,0.7760675755601717,83.9845,81.24120033333334,234.79285,89.94985410947567,66.71529420526592,1.0463442608220104,108.825338,95.59602533959648,90.99559933333336,57.798797,42.29671792536849
normal,0,train,N0347,1,2616.545,2618.245,0.535413850345378,0.0302312619190623,0.0077328873306072,0.0026194293643504,0.0,0.0787711695228654,0.0590323164645151,108.9136267119356,0.9973562651430864,0.9995282946078866,0.0010733902143737,1.4492237569332382,0.0009317414010883,1.4465338705201225,78.3416545849234,-0.0026194293643504,-0.1693199752059448,194.23833,-0.1432391417152873,1.699999999999818,38.78005974104527,111.3771783142989,1.125132996443612,-0.0077328873306072,-0.535413850345378,0.7137481956165308,106.096165,100.43662083333332,312.46785,112.63136078622858,75.19765390295566,1.0690550350779675,140.025159,118.5395104057376,113.129887,66.535672,55.8387889711676
normal,0,train,N0348,1,2622.582,2624.182,1.027395024114358,0.1165814230322158,0.0148384842124985,0.0140819423551193,0.0588235294116828,0.2094046012469921,0.1050054193170103,181.4556008822977,0.9992447004049102,0.9929851725438812,5.956656658016693e-05,1.4517902465595764,0.00058906709917,1.4413572726787922,134.0802519393193,0.0140819423551193,0.9102570822754624,334.81542,-0.3320478836596043,1.599999999999909,42.61889750704904,186.94345355993607,1.246673035683173,0.0148384842124985,1.027395024114358,0.7095563514072423,107.89348,147.68634,519.88679,171.8480011865571,124.97554641252816,0.9756775962880484,328.20455,219.578957362962,216.24482,110.0840924,128.63957581823826
normal,0,train,N0348,2,2624.182,2625.882,0.2362833435081646,0.0660705707665319,0.0034125984456121,0.0011779036318628,2.6749844169779134e-13,0.2061223620763755,0.0919515152971632,186.92242429885613,0.9984505404044958,0.9977469314470092,0.0011878503119106,1.4269516317223927,3.657534770784963e-05,1.4001445839454671,131.9391167589271,-0.0011779036318628,-0.0761397182364804,328.90491,-0.3830286900175193,1.7000000000002728,60.07613677088645,191.25853312340035,1.137520595841926,0.0034125984456121,0.2362833435081646,0.7359232415662854,164.995567,164.55771483333334,523.39011,189.39554229812424,133.62128400107156,1.043101647078338,265.147597,206.5391524672639,199.12509383333332,114.7191914,106.18792967895776
normal,0,train,N0353,1,2656.465,2658.065,1.843811435229513,0.122244599526839,0.000511183057932,0.0285243002775719,0.0588235294116828,0.051533882329407,0.0805648952766723,85.09501987683558,0.9963680850357988,0.9922871008446492,3.579042024058174e-05,1.366871041952089,0.0027340796539417,1.3827267467626512,65.98244174414417,0.0285243002775719,1.843811435229513,164.348741,0.2197674609345468,1.599999999999909,29.65744700337297,87.64734749698283,1.187350260682897,0.000511183057932,0.0353935700311338,0.7181325251435997,72.818289,75.06935700000001,233.80664,85.1604010717869,59.34246030216259,1.030568223031618,119.557038,98.11599285974104,94.4621444,51.8799128,46.78416959259346
normal,0,train,N0353,2,2658.065,2659.765,2.428204102700197,0.1244318190663964,0.00017692452687,0.0375650251632325,0.0,0.0553249260088876,0.090818927694066,88.10187052149695,0.9942220558108936,0.9920086309180968,0.0019562789723302,1.3677482454002856,0.0028582318153709,1.383071883476846,69.49102290842566,0.0375650251632325,2.428204102700197,175.256633,0.24287030063597,1.699999999999818,37.748159385859154,90.09809068161096,1.0926086869664648,-0.00017692452687,-0.012249996424637,0.7362734635360318,95.967188,86.96614766666669,238.68242,93.40490480551806,63.10138062997344,1.0898581312457898,95.049393,93.64063768476744,87.0697005,54.8649142,37.33146771956471
normal,0,train,N0354,1,2662.939,2664.639,0.6389671672216185,0.1840960628459199,0.0005028901349103,0.009885008302419,2.6749844169779134e-13,0.1995155579951376,0.082242945420531,184.44056687875587,0.9988789751493428,0.982507684977857,0.0009005825068386,1.4309940644897403,9.486184335832558e-05,1.4045978299898592,125.44420090960612,-0.009885008302419,-0.6389671672216185,312.567748,-0.4162167641882386,1.7000000000002728,50.700340338769976,188.7326985353832,1.1473861315733596,0.0005028901349103,0.0348193801256276,0.7959315182296065,128.29305,154.7646925,512.7384,178.0898674599239,142.5394998638868,0.9944425139981786,295.425691,205.47979518263904,200.19950666666668,118.6385774,117.70165508660378
normal,0,train,N0354,2,2664.639,2666.239,2.220794650609811,0.1206859893758895,0.0320745434704449,0.0138750955402286,0.0588235294116828,0.2236672589119303,0.0762429496925684,179.45955878207494,0.9991342085667358,0.9924825248868896,8.875786982912487e-05,1.456396718450104,0.0006770179328642,1.4435832883919713,131.94849494727157,-0.0138750955402286,-0.8968864993365334,330.06779,-0.4915614907036505,1.599999999999909,41.94549264823255,184.892753782436,1.2477921456470416,0.0320745434704449,2.220794650609811,0.7071119456002595,106.46082,145.83152216666667,514.5933,169.94702385648364,123.13111965954282,0.97596424868389,326.584612,217.28107543916337,214.017584,108.288945,128.09193807197502
normal,0,train,N0359,1,2703.937,2705.637,3.0518607566051887,0.0358856366459267,0.0440774839207213,0.0045643752453434,2.6749844169779134e-13,0.1900101507611574,0.0823140771027518,148.80800484458547,0.997836230268471,0.9993353399135564,0.0014785696428909,1.4337585494729483,4.876330568438182e-05,1.4173744229705962,106.3901584753636,0.0045643752453434,0.2950413223163246,264.760053,-0.39547004136492,1.7000000000002728,52.57754273276553,152.30764798707884,1.1354623162226207,0.0440774839207213,3.0518607566051887,0.7138316935463677,143.83651200000003,134.86919500000002,420.00275,152.86552458396665,103.1352476009705,1.0580306814292264,200.979493,164.0529387864518,156.8747963333333,90.308797,78.82767671103808
normal,0,train,N0360,1,2712.021,2713.721,0.7985993129056755,0.0610109928659056,0.0114572490423093,0.0123545641205705,0.0,0.0384615866836278,0.0640961457854959,84.35399716568361,0.99352641873593,0.9980787916126516,0.0021173916115222,1.3078229657958194,0.0034085551135205,1.31897472246001,67.53550979486755,0.0123545641205705,0.7985993129056755,167.459988,0.249952475395609,1.699999999999818,26.848847207036133,86.305206658165,1.117611682411291,-0.0114572490423093,-0.7932832280936629,0.7994516186681205,71.04874900000002,75.4809875,220.14991,84.75114535373596,66.06888483630354,1.0255120924909522,107.250947,92.36250926598257,89.0511985,56.62475379999999,42.21910228503098
normal,0,train,N0361,1,2719.025,2720.725,0.93700034872892,0.0360768370923403,0.0046613592224019,0.0144956684814173,0.0,0.1932461135643411,0.1063242481873778,183.69865031396344,0.998315560968344,0.9993282383615028,0.0012584523747916,1.4209133463642625,7.23003354432812e-06,1.3971128234277044,131.3377730868092,0.0144956684814173,0.93700034872892,327.82856,-0.2901550903380528,1.699999999999818,63.52229155504641,188.03316159170328,1.1329650243561329,-0.0046613592224019,-0.3227457199888077,0.7148902402373648,172.350073,166.23073933333333,513.24231,189.4853905233762,127.78035916560272,1.0601101549352367,251.226694,202.50755932298688,194.02768783333337,111.5533482,99.63164872161728
normal,0,train,N0362,1,2725.717,2727.317,0.8625598080948744,0.0619113802501267,0.0124577984069804,0.011427304785697,0.0588235294116828,0.1553488527686297,0.088353098024847,146.76617283154792,0.9982708278458357,0.9980216676105914,0.0001183010728796,1.4681425387143725,0.0007837455270333,1.4889067132029763,108.25647749016797,0.011427304785697,0.7386612478724972,267.03217,-0.2749085697729305,1.599999999999909,40.04959325635118,151.21805937399202,1.2235684952120292,0.0124577984069804,0.8625598080948744,0.6780280121962388,98.31919,126.99313516666666,429.79448,146.231537742647,97.4128199409508,1.0178237209039618,254.089143,175.7910519410996,172.102638,84.845766,98.75486600547556
normal,0,train,N0365,1,2751.173,2752.873,0.5466542033341091,0.1160358467298024,0.0070162846064738,0.0084568998466798,2.6749844169779134e-13,0.0556970557899308,0.0429493162667088,83.52288543311629,0.9944083970934308,0.9930506747219012,0.0016672770016958,1.3069836661534024,0.0031154340229637,1.3163680760052714,64.70298200105377,-0.0084568998466798,-0.5466542033341091,155.741476,-0.1292266431833239,1.7000000000002728,21.77008999232776,85.52324370466422,1.1376359373546805,0.0070162846064738,0.4857973219656517,0.8154680037838409,58.745034,70.96343083333333,219.7521,81.10661517851305,66.64286609661917,0.992452057469982,113.50788,92.97154405573274,90.822688,56.740411,45.29282931629007
normal,0,train,N0365,2,2752.873,2754.473,1.8091004501382253,0.0479963333653034,0.0261285171118484,0.0082353509267632,0.0588235294116828,0.0717149030512282,0.0588033633937019,81.44562710514276,0.9969256096975994,0.9988110203785728,0.0001477250434515,1.312181697661576,0.0022909348400958,1.3467378654768078,67.38361951782737,0.0082353509267632,0.5323332759834003,169.394274,-0.0989251543796372,1.599999999999909,16.63965624236699,83.91953450966682,1.2145947928750818,0.0261285171118484,1.8091004501382253,0.7605231639981921,41.423209,68.1936825,218.55214,77.89065231669765,60.607607374298645,0.9773962034161808,124.625816,96.79348086972342,95.6424352,51.4014066,49.85154081933418
normal,0,train,N0367,1,2766.429,2768.129,0.346621057322953,0.124817125053433,0.0050061864872665,0.0046265370819721,0.0,0.1648057212169326,0.0795915470832871,164.83812004917414,0.9984236470358728,0.9919590633772284,0.0008513846074662,1.4494935513737812,0.0003144806807983,1.4333744520352152,113.8025950434102,-0.0046265370819721,-0.299059464885837,279.545459,-0.3486707307571827,1.699999999999818,47.96013303711059,168.63031110811005,1.1431810176370432,-0.0050061864872665,-0.346621057322953,0.7581828988050567,131.90676,141.3896465,472.32836,163.3861266811531,121.03902003747172,1.023443242627846,244.890843,182.50149181458235,177.17218333333335,102.6579748,98.40262668023097
normal,0,train,N0372,1,2799.337,2800.937,0.5748366592459981,0.1336059669240425,0.0083022639712898,0.0074552650064668,0.0588235294116828,0.167756914235695,0.0739572567389633,157.88530145202063,0.9988937152686388,0.9907868106334318,6.477302995070211e-05,1.4465246942215344,0.0005048454149641,1.4634942447142083,117.67444036175324,-0.0074552650064668,-0.4819085039010851,288.23105,-0.3880602329524887,1.599999999999909,35.829130569728875,162.6458074678201,1.2448313896348069,0.0083022639712898,0.5748366592459981,0.7225245377622861,89.99802,128.18242583333333,459.46115,148.38153510983818,110.56064655305757,0.9696877090551836,294.924773,190.4839989432249,187.768934,97.8614694,112.73197592502066
normal,0,train,N0372,2,2800.937,2802.637,0.5450228936707148,0.0937789917672116,0.0078716690400117,0.0030474732736148,2.6749844169779134e-13,0.1790173120686314,0.0876268381858232,165.73345550078537,0.9980642009449576,0.9954609035887056,0.0012198112358029,1.424433828171416,9.478019666196191e-05,1.434333576656003,117.11999386092616,0.0030474732736148,0.196988743484287,286.521345,-0.3427432171125934,1.7000000000002728,49.47925419612282,169.5702748574703,1.142751223552587,0.0078716690400117,0.5450228936707148,0.7542058820715998,139.141936,142.97717433333332,474.98685,164.7287905410293,121.04766109085726,1.026367809612875,238.796262,183.40796075444032,177.75915233333333,104.27788540000002,94.21079514533402
normal,0,train,N0373,1,2807.239,2808.939,1.3674415672378055,0.0447051467121537,0.0159724913908023,0.0211547195828458,0.0,0.1601278057153791,0.0984229741599998,147.6148695288132,0.9983166254475562,0.9989684902490032,0.0009077008056515,1.427625185775501,2.6395201917191304e-05,1.44725061019886,103.75989705079787,0.0211547195828458,1.3674415672378055,252.849849,-0.2386565284579001,1.699999999999818,47.54161148492592,151.06286464238488,1.1312932890384824,0.0159724913908023,1.1059120286556967,0.708413539855859,135.085602,133.65655666666666,426.34743,152.73780138261134,101.54953373067256,1.0655049075284435,208.656337,162.16842218723258,156.253298,89.8482424,80.97970731883998
normal,0,train,N0377,1,2832.477,2834.177,0.9603882811030888,0.0958791170519566,0.0138707177011113,0.0010868798900085,2.6749844169779134e-13,0.0621215721991966,0.0502028808679785,83.23428270766945,0.993317663002966,0.9952553264068792,0.0022086068434771,1.2972055692160969,0.0034523895462434,1.3231093777402432,68.06674025761856,-0.0010868798900085,-0.0702559414400263,169.79183899999998,-0.1061094980269707,1.7000000000002728,32.36695115385804,85.19493802946592,1.0998430794439258,0.0138707177011113,0.9603882811030888,0.7673775471761597,84.35202699999999,80.30983783333333,217.56771,86.88883189116956,62.64216021281285,1.0644035656996602,92.895759,89.78181163236967,84.780643,54.0333338,36.3317886363272
normal,0,train,N0377,2,2834.177,2835.877,0.588700515031503,0.0800097902452633,0.0008319459716339,0.0091073685429386,0.0,0.0496889395428086,0.042346582495587,83.6411833803944,0.993379228234132,0.9966959656593048,0.0022166083518195,1.302549088767329,0.0034928589488765,1.3185353858330355,66.26687372269288,-0.0091073685429386,-0.588700515031503,161.191485,-0.0797774259820977,1.699999999999818,24.513028716914818,85.6018065039561,1.1271901831992726,0.0008319459716339,0.0576027267575407,0.8072862490104564,66.28347600000001,73.01212166666667,219.63432,82.71002756167631,66.12308692305454,1.0097935685234445,107.785352,92.32573272969732,89.57287783333334,56.6783976,42.57011274100812
normal,0,train,N0378,1,2839.572,2841.272,0.1991660517885861,0.0625440048688494,0.0028765199808886,0.0018010958086226,0.0,0.0849595849670758,0.0638136653494636,109.8078295274514,0.9972566444147396,0.9979810309444964,0.0009979749692359,1.4679672107258888,0.0011777291209122,1.464178835807025,78.52050430378117,0.0018010958086226,0.1164228750772691,196.473149,-0.1421352264098464,1.699999999999818,36.75250562064016,112.26057934181752,1.1323041542367394,-0.0028765199808886,-0.1991660517885861,0.7429483692757125,99.02467,96.14611783333334,315.50459,110.78195291008876,78.78921412658653,1.0446261226504128,153.50152500000002,120.0801538222023,115.29796666666664,68.10265460000001,60.28497440807527
normal,0,train,N0378,2,2841.272,2842.872,0.7602083448114281,0.0537917771046931,0.0109795543660705,0.0026836267401836,0.0588235294116828,0.0974988768623093,0.0643395077094479,108.92387452565832,0.9974741689978656,0.9985065521114403,3.164614101522296e-05,1.4942339795828588,0.0018001299637593,1.4760611546381113,79.93198544938834,0.0026836267401836,0.1734696950771095,197.475102,-0.204891869381914,1.599999999999909,33.51346616266606,112.18186410041822,1.225768377468828,0.0109795543660705,0.7602083448114281,0.6809623876983165,84.73695599999999,93.34547433333334,319.17242,107.00273618584528,71.86036130622811,1.0139781848974794,183.109898,129.35245774790496,125.8313808,62.66334859999999,69.88990688507916
normal,0,train,N0379,1,2846.469,2848.069,0.8650797404978672,0.0719487085283032,6.59505501998392e-05,0.0133830357109883,0.0588235294116828,0.1974235351568387,0.0783323201179361,183.41805592321535,0.9991557622264756,0.9973281978534732,9.733023877056992e-05,1.4519676382453222,0.0006158549213783,1.4423282847941026,136.99363015655965,-0.0133830357109883,-0.8650797404978672,342.68168000000003,-0.4318719358463056,1.599999999999909,47.4321748358211,188.95916881109147,1.2347789779610376,-6.59505501998392e-05,-0.0045663199921643,0.7000399298481319,116.00806,153.27149616666665,522.2130500000001,177.2026380376931,124.8176189512177,0.9938414411613836,317.824522,220.16197275139777,216.03575,109.5539202,125.0775772129025
normal,0,train,N0383,1,2880.112,2881.812,1.049473645070588,0.1669000285422709,0.0077993881288715,0.0162356631559046,0.0,0.1891817906983474,0.0753420030685997,183.07682992322316,0.9988866702497192,0.9856229060503542,0.0008835867186405,1.4293705403794774,7.614878180087225e-05,1.4037620167870313,124.99267253454948,-0.0162356631559046,-1.049473645070588,311.749137,-0.430357458617176,1.699999999999818,50.95662220987965,187.34190705094423,1.1465806129387088,-0.0077993881288715,-0.540018268711693,0.785420920369967,131.65833,154.95310066666667,508.76063,178.1837089094606,139.62742484153472,1.0023046174878132,288.608584,203.83223085329732,198.45343,115.589228,115.53599508347436
normal,0,train,N0383,2,2881.812,2883.412,0.2397366794459285,0.1074047371001114,0.0032798157509744,0.0037087963017283,0.0588235294116828,0.1937061917078056,0.0860933121837271,178.67659602319438,0.9992282613052847,0.9940460502959714,7.634253598201776e-05,1.451121646561171,0.0005902849979246,1.4383321919040746,131.775027576398,-0.0037087963017283,-0.2397366794459285,329.75856,-0.384607113404358,1.599999999999909,42.57162563307491,184.083228463624,1.2450345236219234,0.0032798157509744,0.2270896632234649,0.7042666982926614,107.76605,146.401759,510.4416,170.0988262614546,122.16463044083623,0.9806024732553652,320.760045,215.9681592684783,212.584974,107.4916244,126.1988654514314
normal,0,train,N0384,1,2887.04,2888.64,0.9051627696732162,0.138008145387864,0.0031504046631854,0.0140031318544369,0.0588235294116828,0.0757010241519033,0.0718751860298359,99.54669542072946,0.9961874327129018,0.9901696783517848,0.000277298139048,1.4601483115767504,0.0024673817790419,1.4709275820873555,71.70695367522983,0.0140031318544369,0.9051627696732162,177.596232,-0.0259244909279752,1.599999999999909,36.26234760029947,102.5665194147354,1.191017070107813,0.0031504046631854,0.2181294280838401,0.6699687477022184,90.210685,89.58356616666669,288.38757,102.23155827985596,64.99455124673825,1.0538106312387026,153.747339,115.54213575536608,110.89643299999996,57.7130146,58.556325048101606
normal,0,train,N0384,2,2888.64,2890.34,0.662535330398782,0.1917262384458236,0.0073039711729322,0.0102496146556563,2.6749844169779134e-13,0.0803073521437068,0.0682443123596717,99.85063383983484,0.9962048881577622,0.9810276384471628,0.000895273651766,1.4144744767196122,0.0020040195408932,1.393861357187257,72.87265262564736,0.0102496146556563,0.662535330398782,182.334088,-0.0812043394079878,1.7000000000002728,47.07259921913992,102.21139665250112,1.087228906123456,0.0073039711729322,0.5057163206080454,0.6705478719476945,120.827931,103.33056383333331,278.024,109.83997662941417,65.18800469237182,1.1298545327658556,104.34522,105.69608226209778,96.56674966666668,55.554658800000006,40.806103129345885
normal,0,train,N0385,1,2895.157,2896.757,0.1920823553690837,0.0450472477522853,0.0027742114091905,0.0029498784164462,0.0588235294116828,0.0455329239025745,0.0542548844588859,83.27206397267042,0.9968011056143586,0.9989526428231962,5.152651348277975e-05,1.323150933544362,0.002406312190507,1.331200101349489,68.70270481989715,0.0029498784164462,0.190680209640653,173.282644,0.0874050718162929,1.599999999999909,20.493612196195745,85.78214429191044,1.207502207413047,-0.0027742114091905,-0.1920823553690837,0.758589467379831,50.117256,70.41514716666667,221.66338,80.0953941368908,61.62632132904837,0.985934598521003,122.725857,98.0951123624184,96.367321,52.3874344,49.36906560606312
normal,0,train,N0390,1,2927.977,2929.577,1.3406028438170117,0.0625014171479984,0.0041022407510084,0.0207395167094423,0.0588235294114153,0.1405885261909001,0.0544513598204316,142.46665660068044,0.9982064189796088,0.9979837795378004,6.27064666922776e-05,1.4724094330741688,0.000961046358935,1.4912281587085785,105.60311632059503,-0.0207395167094423,-1.3406028438170117,260.02256,-0.4416387239122068,1.6000000000003638,38.67528585864144,146.77952037618698,1.2290243335129265,0.0041022407510084,0.2840331717814698,0.6860357136308579,93.01937,121.53144100000002,416.13941,140.07683210576937,95.35155554558824,1.0078252937455896,248.426943,170.82110985681803,167.281886,83.2601662,95.64106300738
normal,0,train,N0390,2,2929.577,2931.277,0.6368792348949153,0.053134595030877,0.0091983338934338,0.00161407782002,0.0,0.1476931146661136,0.0741208577002602,143.81495790373108,0.9978859880803638,0.9985428205475624,0.0009947307235606,1.459058636881696,0.0002540978346947,1.4773627381807122,101.13384111655836,-0.00161407782002,-0.1043340279320842,247.22472,-0.3316845020204643,1.699999999999818,52.93206996242325,147.25299620951648,1.1285075157463382,0.0091983338934338,0.6368792348949153,0.6798747841241937,148.71968900000002,135.549045,422.27178,151.6684374213161,95.1429916244104,1.0837954996972703,195.145629,157.92552338450116,150.35170183333332,84.52609700000001,74.53673974151253
normal,0,train,N0395,1,2968.448,2970.148,0.365020866766502,0.1232296641017865,0.0022632246420238,0.0056469791933638,2.6749844169779134e-13,0.1399142890069964,0.0811533697479312,143.2485717571735,0.9986873747241886,0.9921622967150174,0.0005064567327939,1.4532442303283015,0.0002463457208567,1.4392264262814596,96.77505021077717,0.0056469791933638,0.365020866766502,239.06878,-0.2658051367158181,1.7000000000002728,40.94832249209914,146.56695039682998,1.140038575626492,0.0022632246420238,0.1567023762245029,0.73800704666511,110.941898,125.11572783333332,410.15189,144.12971872399294,102.36443187140824,1.039118237727232,223.028928,158.12775993513074,153.64597033333334,87.6302112,88.27880890151931
normal,0,train,N0395,2,2970.148,2971.748,0.3238141294067573,0.0724232029830786,0.0046767900702342,0.0015398475876879,0.0588235294116828,0.1308498989639745,0.0739371022813628,135.54342947200965,0.9977177751221176,0.9972928411198276,0.0001347007358484,1.4777648668681789,0.0008005756731602,1.5174387338522644,99.81453391210847,0.0015398475876879,0.0995357839828254,243.25851,-0.2779121542687741,1.599999999999909,36.77237847453915,139.63011747594234,1.2223593769658478,0.0046767900702342,0.3238141294067573,0.6832891695166509,89.66793000000001,116.911942,401.30227,134.19980524093586,90.2442517473715,1.016100989225014,245.222126,161.4410300381294,158.05518,79.7256336,93.27056439187628
normal,0,train,N0396,1,2975.689,2977.289,1.6217330901085756,0.0685691198945655,0.0234224035445435,0.007997345758436,0.0588235294114153,0.0710398350860897,0.0591155256077652,82.8090663859077,0.9965403727607262,0.9975733036370992,3.244227439651819e-05,1.303708480572334,0.0026894976641856,1.3381449017140177,68.611576344984,0.007997345758436,0.5169486163516046,173.034211,-0.0916159689056572,1.6000000000003638,21.264109751057543,85.30921654210108,1.1966290120725906,0.0234224035445435,1.6217330901085756,0.7573837213530132,52.868609,70.8962375,220.75453,80.846430416732,61.37388997025286,0.9976843631194012,116.976514,96.96772620219107,95.084226,52.7184546,46.94796526464312
normal,0,train,N0400,1,3017.208,3018.908,0.2523031010893097,0.07252165347859,0.0036439689646204,0.0015456310150535,0.0,0.1970881375790762,0.0890739338018954,180.70243780942528,0.9987112203493996,0.9972854760137942,0.0009676328073639,1.429663702645169,6.905713750819552e-05,1.401048613782424,126.49782250946764,-0.0015456310150535,-0.09990962486263,315.43985,-0.3774581420086331,1.699999999999818,56.90487715462683,184.93075111485476,1.1388548186617518,0.0036439689646204,0.2523031010893097,0.7324302926377261,156.125798,159.3781313333333,505.60027,183.2447549822389,128.59512730201538,1.0436943633234088,260.512142,199.9523802557401,193.08672533333333,110.176932,104.3751987135043
normal,0,train,N0401,1,3023.917,3025.517,0.6237275460668127,0.0748337123877578,0.0090083863830185,0.0055080659321193,0.0588235294116828,0.1344488785167498,0.0777068702095555,135.05162442968194,0.9976363504534652,0.9971096338014248,8.947722028677825e-05,1.4772120141468672,0.0010656654627742,1.517028476074899,100.21252173443877,0.0055080659321193,0.3560415103197129,244.82766,-0.267454493444473,1.599999999999909,35.733626134567984,139.12483330369247,1.2293177232285517,0.0090083863830185,0.6237275460668127,0.6925589732420322,89.49842,114.7830025,401.60351,131.7760716586594,90.91711486287842,1.0038011107527158,244.785216,161.38123244947542,158.18466600000002,80.23012680000001,92.0869911955486
normal,0,train,N0402,1,3031.633,3033.333,0.1506482316662868,0.1219542669311046,0.0014328350016704,0.0023305720499555,2.6749844169779134e-13,0.0513528317276121,0.0501875736208122,86.27849851469634,0.9928870593659312,0.9923236938205326,0.002218494490759,1.314577013530774,0.0038688750943178,1.3088201805084163,70.82236464059508,-0.0023305720499555,-0.1506482316662868,178.904081,-0.0114758071212143,1.7000000000002728,35.96515967238122,88.291444120777,1.091340181404965,-0.0014328350016704,-0.0992074075769261,0.7629231707872275,91.212644,84.60534750000001,223.76886,90.84798040136327,64.42869492082471,1.0757633590529476,91.804279,92.16343964232256,86.117298,55.4845882,36.25394959025672
normal,0,train,N0405,1,3057.305,3059.005,1.0634553185684317,0.0399549515498594,0.0153592966530844,0.0083600362792947,2.6749844169779134e-13,0.2067992421253306,0.0984366993520878,179.35700442447717,0.9982074615797024,0.9991760525660116,0.0013467736817502,1.4153459358494451,4.835036697410991e-05,1.4047053295099343,129.27236124599395,0.0083600362792947,0.5403929400791325,320.95377,-0.3550123954878507,1.7000000000002728,59.96786831368817,183.56033023612235,1.1347075848974293,0.0153592966530844,1.0634553185684317,0.7300774401283023,165.424012,159.96611216666668,502.22165,182.9708422394815,127.27407276288496,1.0495687080682068,246.467623,197.8130644599195,190.087403,110.8106046,97.2985430606645
normal,0,train,N0405,2,3059.005,3060.705,1.1097166857614713,0.1486370225621782,0.0160274413789499,0.0152595225323112,0.0,0.2097763954090958,0.0754426022203488,180.90704001407929,0.9987656402993332,0.9885971796252018,0.0010133762318972,1.4190142108911292,8.590783006989496e-05,1.4085523702127267,125.87240956623106,-0.0152595225323112,-0.9863758923944702,311.920559,-0.470984732099795,1.699999999999818,50.55250481238561,185.10116932135955,1.144755774111843,0.0160274413789499,1.1097166857614713,0.7835169839767681,134.34245,153.75105283333332,505.65034,176.5812500868245,137.58027840080243,1.0056267519085729,276.482971,201.01136455761036,195.642375,114.217772,110.62360226233976
normal,0,train,N0406,1,3064.829,3066.429,0.4388275901736528,0.0923688351916726,0.0063379090962735,0.0058429571171869,0.0588235294116828,0.1267767335422673,0.0766869151930336,131.6940089298036,0.9982019180770406,0.9955963862117806,0.0001633013274215,1.4838142233939735,0.0010699961224238,1.493006489800183,95.11246723165968,0.0058429571171869,0.3776888843333252,234.98311,-0.2461855897126501,1.599999999999909,33.79256168425783,135.68663179781458,1.2411330679648522,0.0063379090962735,0.4388275901736528,0.6800425242554278,87.06666000000001,110.625419,388.00721,127.75796493655938,86.98489900866545,0.9988038149074496,241.739778,158.7545347865444,155.850738,77.104076,92.85802385647536
normal,0,train,N0407,1,3071.544,3073.244,1.3401112270002415,0.0745728740474794,0.0193549888972614,0.0056298658740119,2.6749844169779134e-13,0.068174896501979,0.0458140393590096,83.61628760091075,0.9933684101565408,0.9971297478484096,0.0021696729586227,1.2983017857756949,0.0034749275543317,1.3231565664342522,68.09256476592218,-0.0056298658740119,-0.3639146614044576,169.776699,-0.196166908427346,1.7000000000002728,30.936822170190776,85.58823242339243,1.1057337413287025,0.0193549888972614,1.3401112270002415,0.7731503300806746,80.809002,79.28896966666666,218.30704,86.51671154626908,63.416730625865966,1.054775662973229,96.956503,90.69648694382164,86.18747166666667,54.7666378,37.92203579944634
normal,0,train,N0410,1,3097.337,3099.037,2.313713575480145,0.1451259602484961,0.0334165550311095,0.0049936985540337,0.0,0.1973919712672675,0.087630800377049,160.9200880163688,0.9984667014566444,0.989129525502932,0.0009528588876843,1.4431385787148825,0.0002139942491471,1.4532341044718562,110.71487269602883,0.0049936985540337,0.3227927910034011,273.029,-0.385096146025854,1.699999999999818,45.85476640195233,164.61079743989842,1.1465302097600112,0.0334165550311095,2.313713575480145,0.7751201347905319,123.57976,136.35192,461.68071,156.9721649900506,120.58435004744466,1.0090221959779766,243.63854,178.36409344602168,173.3826216666667,100.9224284,97.38946524007814
normal,0,train,N0410,2,3099.037,3100.637,1.829096832580671,0.0954884540083719,0.0264173213188136,0.0085825690751748,0.0588235294114153,0.1874776615752018,0.0732649001962379,158.9631998534477,0.9987555533885756,0.9952939123360424,4.3001325997728646e-05,1.463826629948062,0.0007355217505897,1.471123884116554,117.71915703745884,-0.0085825690751748,-0.5547774651950765,290.52118,-0.4380288381098358,1.6000000000003638,39.37374076618108,163.7683940642339,1.241688853348935,0.0264173213188136,1.829096832580671,0.7012916671779281,97.32761,131.6508815,462.5296,152.31847471424044,108.34736498338052,0.9859000917164336,286.356245,191.83703683657075,188.576816,95.4840304,110.4750952272253
normal,0,train,N0411,1,3104.729,3106.329,0.9661040772805574,0.0622787664973838,0.0028323074052067,0.0149459116443254,0.0588235294114153,0.1650279442780738,0.0971009088053429,159.7253235598656,0.998476712680619,0.9979981188353864,0.0001017197560293,1.4678467758249132,0.0008354836461837,1.4853833738585396,118.84295259161512,0.0149459116443254,0.9661040772805574,294.21547,-0.2591360495933482,1.6000000000003638,43.36076212868923,164.55704264424904,1.2246427949740188,0.0028323074052067,0.1961048374752905,0.6876958535261373,106.15601,136.6363335,465.78783,157.7528043415824,107.27151797845464,1.0113210987618866,277.591503,191.0281862609013,187.049842,93.6757188,107.94499930875337
normal,0,train,N0412,1,3112.717,3114.317,1.0328117767086322,0.0493903810257846,0.010835611127562,0.0159778991962822,0.0588235294116828,0.0576479763519118,0.0349222051810289,82.26862601405416,0.9967136909582468,0.99874094981271,8.346298615330442e-05,1.313534644588529,0.0024131099769122,1.3366648420895506,68.2114492495398,-0.0159778991962822,-1.0328117767086322,172.389409,-0.2454977487815615,1.599999999999909,19.224722071449253,84.75855098253015,1.2062963986336088,0.010835611127562,0.750241924732346,0.759965538403649,47.783981,69.46977783333334,218.99143,79.3364235237426,61.13158292639736,0.9862814756626518,119.993702,97.03441090471804,95.49871699999998,51.8592896,48.53215327448128
normal,0,train,N0417,1,3154.653,3156.253,0.3017164015197613,0.0937736738558144,0.0004756238186633,0.0046676406660569,0.0588235294114153,0.1263182263135451,0.0678977597265355,135.96013256662036,0.9981910333245504,0.995461418369845,8.775905464180077e-05,1.4800206239558706,0.0010593082398108,1.4909960454817095,99.49220224116404,-0.0046676406660569,-0.3017164015197613,245.45434,-0.300801534301365,1.6000000000003638,34.77874955811048,140.06686132155107,1.2406075917768222,-0.0004756238186633,-0.0329315001213855,0.6923589832391089,89.94424999999998,113.44964666666664,401.4179,130.7580884864073,91.2363289938723,0.9922750969169172,249.088201,163.4823626698806,160.49558800000003,80.745635,94.83794213248056
normal,0,train,N0418,1,3161.29,3162.89,1.379242280754905,0.0540859728256765,0.0199201517700888,0.006766391343188,0.0588235294116828,0.0663708910592588,0.0440357562014698,82.0258668143387,0.9969801914602868,0.9984901716353534,5.513808437227518e-05,1.315089339952195,0.0022245132654138,1.3402021126923738,67.93511635992219,-0.006766391343188,-0.4373796942397803,171.29912,-0.2022988235920387,1.599999999999909,16.215759472465876,84.50852604510817,1.2182741780231316,0.0199201517700888,1.379242280754905,0.7653867341500535,39.96575399999999,68.14222233333334,219.37468,77.87846520298122,61.42588353407572,0.970391318983008,126.423728,97.77222994976763,96.6904766,52.4373592,50.68364949362344
normal,0,train,N0422,1,3193.937,3195.637,1.5491080521298954,0.0365215195502459,0.015094558545414,0.0239651530504026,2.6749844169779134e-13,0.1868900884346495,0.1168981531844898,186.43565407388124,0.9989188169762604,0.99931157605664,0.0008927790216996,1.4216620194321747,3.7126962584435205e-05,1.4162036296735876,130.55582794976107,0.0239651530504026,1.5491080521298954,326.27229,-0.2303971176661883,1.7000000000002728,62.32380921335103,190.84333096779997,1.1294951994334808,-0.015094558545414,-1.0451252377718467,0.6994444162093764,170.407674,170.1835815,523.76432,194.9231662138669,127.14192888660558,1.0723285496143244,261.240756,205.3146683226162,197.27450933333333,110.8595984,104.11103292930082
normal,0,train,N0422,2,3195.637,3197.337,2.5268929853016884,0.1245224607536189,0.0062043663106088,0.0390917709397238,0.0,0.2006799178285327,0.1299907156148298,181.3948043237949,0.99892018584397,0.9919969841382444,0.0009189253217821,1.4204656700513374,3.744822827459685e-05,1.3938680930941802,125.26258348058808,0.0390917709397238,2.5268929853016884,312.909402,-0.2137752647623511,1.699999999999818,52.14444196558584,185.57792362992427,1.139475017767689,0.0062043663106088,0.4295812822938567,0.7609095689751962,139.24839,157.63787216666665,502.15453,180.95913128503045,134.21902392153095,1.025886871809758,275.488052,200.9952705335655,195.277315,112.0253216,110.74077776851787
normal,0,train,N0423,1,3200.24,3201.94,0.5503071859531213,0.0394643609144945,0.0079479891367285,0.0031179021387826,2.6749844169779134e-13,0.0903487782107022,0.0636581593378082,106.15910634858264,0.9970160696879166,0.9991961621768306,0.000827665060859,1.4415074813469966,0.0015857901542515,1.4169609671173378,78.0194422206969,0.0031179021387826,0.2015412669713823,196.794529,-0.173307899615324,1.7000000000002728,39.70165467188825,108.60064553989866,1.1182375318641768,0.0079479891367285,0.5503071859531213,0.7143630056664103,104.40839499999998,99.26542783333332,296.67274,110.87155127020284,73.61338805533701,1.0759256801051065,138.972422,115.23168573709717,109.383836,64.6003554,54.09852920137303
normal,0,train,N0423,2,3201.94,3203.54,1.4769751030074307,0.141465009125755,0.0213316895973107,0.0107614220668709,0.0588235294116828,0.0966256621159872,0.0693765926714903,101.38830610542372,0.996295557946586,0.989671045777048,0.0001286521330194,1.4710222040882086,0.0024115410830029,1.474055497530451,72.82487711614273,0.0107614220668709,0.6956185733968432,179.384372,-0.1641487911065914,1.599999999999909,37.89264657339627,104.45181520778864,1.189125580082869,0.0213316895973107,1.4769751030074307,0.6673769584730016,93.271745,91.42686033333337,294.41432,104.49613568240144,65.98030840512502,1.056956460035071,155.34093,117.56305264989892,112.57170700000002,58.72727160000001,59.15055186479189
normal,0,train,N0424,1,3208.457,3210.157,0.3266515922745032,0.0393068150301776,0.0012184996369223,0.0050533953343364,2.6749844169779134e-13,0.067085791561171,0.0617752088071474,96.69613865120871,0.9963771438892486,0.9992025673766098,0.0012486695234135,1.4108996037825736,0.0017798280634487,1.405213299055572,73.35456207678318,0.0050533953343364,0.3266515922745032,185.476084,-0.0412117144737612,1.7000000000002728,33.08944372404972,98.88421025407796,1.1213989424985185,-0.0012184996369223,-0.0843671392529902,0.7627225994421588,86.32315399999999,86.51452516666667,266.05240000000003,98.0625240155528,71.60698599474449,1.0445140538451236,131.905337,105.28073827724867,100.854389,62.093813,50.57464445534429
normal,0,train,N0427,1,3235.035,3236.735,0.7382185460120183,0.0596161874310293,0.0106619596000239,0.0041859734948264,2.6749844169779134e-13,0.1806322022870107,0.0858511998819274,179.2591400208635,0.9978587247594044,0.9981656310689988,0.0014134410870664,1.4288678353026214,1.6717113487626546e-05,1.412476094499454,129.67180106182312,-0.0041859734948264,-0.2705814243372437,323.73468,-0.3556731925264177,1.7000000000002728,68.49425666960592,183.5168895797773,1.1259161955594168,-0.0106619596000239,-0.7382185460120183,0.6978089447393564,183.239958,168.48158816666668,504.29219,187.94050217352984,121.77361603239994,1.076970264729609,233.955411,196.4819848130848,186.267597,107.1125628,91.22885600122122
normal,0,train,N0428,1,3240.184,3241.884,0.4847595727391331,0.0336351714091446,0.0016169899110061,0.0074993718723288,0.0,0.118882405530283,0.0774837204812153,129.56370213430043,0.998124591762172,0.9994160904486584,0.0008454018772309,1.4488131055887012,0.0006676073933608,1.426598167196606,92.17136973228465,0.0074993718723288,0.4847595727391331,228.575968,-0.2108239638359658,1.699999999999818,44.038651112798014,132.57841797110504,1.1319554391264215,0.0016169899110061,0.1119580251473028,0.7145637263926643,121.650117,117.07994683333334,368.77339,133.3448268796972,89.77383592790905,1.0613713383803318,174.900072,142.2126230544171,136.4121005,78.9161292,69.91247875806083
normal,0,train,N0428,2,3241.884,3243.484,1.0830093294947027,0.0997315060770923,0.0156417117666582,0.004411279349292,0.0588235294116828,0.1228851173174263,0.0716808769748414,122.83593482811538,0.9973913481820338,0.9948663879719148,0.0001592436641213,1.4815241747121628,0.0016127019431531,1.4974286657840392,89.39653245124026,0.004411279349292,0.2851452000248274,220.73438,-0.2631715810801204,1.599999999999909,40.533378848017605,126.55397675090212,1.20013526233112,0.0156417117666582,1.0830093294947027,0.665870721905363,97.621928,109.540815,358.59613,125.99002580704948,80.1015026924343,1.0473345270330263,197.476412,144.3713243192639,139.74518040000004,70.658286,76.23070253364503
normal,0,train,N0429,1,3249.156,3250.856,0.7365844133546318,0.1178571288645129,0.0106383581117272,0.0080545406963918,2.6749844169779134e-13,0.0607353488578841,0.0598443807958051,84.47359248760739,0.9933578432522444,0.9928308114455742,0.0018334882017418,1.291412290940972,0.0038443605960959,1.3122316304502142,69.45109842817564,0.0080545406963918,0.5206456984750565,173.828024,-0.0073890368192938,1.7000000000002728,34.09050562659701,86.51757679885539,1.09676178533787,0.0106383581117272,0.7365844133546318,0.761506382037127,88.560474,82.53044933333332,220.22608,88.8037738102067,63.137112586789854,1.0710759129584102,91.285839,90.93341034978964,85.44247366666667,54.2022048,35.91381643500093
normal,0,train,N0438,1,3321.549,3323.149,0.3145339763434581,0.0607520932266341,0.0045427584645837,0.0038200917161478,0.0588235294116828,0.1181281277053711,0.0752686681987383,133.19239017161036,0.9977495298538056,0.9980950622805566,0.000131148612124,1.4918637679348052,0.0015185584044591,1.4990513327581798,97.06321111907472,0.0038200917161478,0.2469308176298037,240.43683,-0.2216141136467528,1.599999999999909,38.55589015806755,137.22986197968407,1.227118325547629,-0.0045427584645837,-0.3145339763434581,0.6717291782553879,95.55854,114.64692466666668,391.38012,132.08710756512693,87.17994651709937,1.017742815493136,230.405475,159.26077570315334,155.482312,75.6659138,88.64185895507597
normal,0,train,N0438,2,3323.149,3324.849,0.1658502848251043,0.0669751199714092,0.0023953462643417,0.0014348576895986,2.6749844169779134e-13,0.120433023878189,0.072926093256194,133.2981090358603,0.998165668334504,0.99768481718958,0.0007319465128408,1.4613598470993372,0.0004957372196323,1.4591935430057217,93.95158707161434,0.0014348576895986,0.0927492345215977,231.562765,-0.2456927365298856,1.7000000000002728,51.211078552576645,136.45797597441475,1.1209032810699289,-0.0023953462643417,-0.1658502848251043,0.6731021610284993,141.223323,127.64052183333337,387.07308,141.92562738061753,87.23045977766371,1.0951500970957944,175.364991,145.2631030401369,137.53505116666668,77.4715524,67.9774747412369
normal,0,train,N0440,1,3336.749,3338.349,2.063417964351084,0.0818904241607598,0.029801579888128,0.0155577644852874,0.0588235294114153,0.2190433947688958,0.0739234714083343,177.8814011246419,0.9990635153349828,0.996538817254588,6.545777875423918e-05,1.4604590070578498,0.0007532342510929,1.446207632577292,131.05244108260507,-0.0155577644852874,-1.0056542591909068,327.82201,-0.4953458568665439,1.6000000000003638,45.54110821699139,183.27173814119135,1.2406477565720908,0.029801579888128,2.063417964351084,0.6925962694436856,113.12331,148.25933866666665,509.29648,171.64200442433656,119.82580651919793,0.9920952372232597,312.96567,214.6439774457548,210.743548,105.3784984,123.16742713852982
normal,0,train,N0444,1,3371.445,3373.045,1.821723294180736,0.0667283565530249,0.0263108266107708,0.0065795346529746,0.0588235294116828,0.2109937118966847,0.0948258527490696,174.82099535077094,0.9991243868864188,0.9977018459002466,5.367599729833889e-05,1.4569650652177866,0.0006864687266346,1.4464775211502354,129.28620600634764,0.0065795346529746,0.425301273426228,323.49244,-0.3798575126539013,1.599999999999909,46.67912700851442,180.11120287167466,1.233379558806373,0.0263108266107708,1.821723294180736,0.6891747844641382,114.22338000000002,147.69027233333335,499.00478,170.5813820221431,117.3740580107893,1.0015874817747108,302.330765,210.0581262519973,205.867102,103.1494012,119.41498804589204
normal,0,train,N0445,1,3378.408,3380.108,0.7634197785916136,0.0807390682497818,0.0110259365348842,0.0051746968686999,2.6749844169779134e-13,0.1498297290741875,0.0809933371539494,144.0223972543708,0.9981715248900968,0.9966354595396908,0.0006425865860493,1.468649698422123,0.00037885897161,1.4587079093604265,98.20900749148522,0.0051746968686999,0.3344925262849421,240.483906,-0.2982214604666263,1.7000000000002728,44.69235383524632,147.3765584105572,1.139474980333426,0.0110259365348842,0.7634197785916136,0.7136208875693936,125.719563,126.87098533333334,417.54489,146.89792355497983,99.47499631679288,1.0538268959122228,209.853796,158.8368158025965,153.50774783333335,87.0950568,83.71750452152237
normal,0,train,N0446,1,3385.213,3386.913,0.7742594710035728,0.0731345738260388,0.0021005397377913,0.0119780196725544,0.0,0.0484152926356951,0.0399252757828087,84.75476053548948,0.993275265197905,0.9972393982509828,0.0021644363354296,1.302927146316144,0.003592321134808,1.3190855509902164,67.49551109305096,-0.0119780196725544,-0.7742594710035728,164.392136,-0.0961055266541846,1.699999999999818,25.42666941322097,86.74144429415259,1.125311023596126,-0.0021005397377913,-0.1454383105212011,0.8049248706742457,68.606976,74.60525533333332,222.36612,84.12002913648705,66.81144273246396,1.0134536960223417,107.670085,93.4045595413462,90.4745755,57.3332144,42.57090807448069
normal,0,train,N0449,1,3410.665,3412.265,1.475198025929442,0.112632646597549,0.0213060235880862,0.0135767455530219,0.0588235294116828,0.1456061411669487,0.0854666464345285,134.28609190730313,0.9988238844871892,0.9934523287331196,7.673192518544359e-05,1.466482206241941,0.0008299905002919,1.4450658087060355,99.50967146746154,0.0135767455530219,0.8776011492049147,247.25797,-0.2602621250057378,1.599999999999909,33.32165038503376,138.33312445498,1.247120197279925,0.0213060235880862,1.475198025929442,0.712823057308298,85.52910000000001,109.0902025,387.64851,126.4062214536201,92.58526143124308,0.9732139635018956,242.0899,161.98262432384587,159.217162,81.793102,93.8723901301473
normal,0,train,N0449,2,3412.265,3413.965,0.6323690655934332,0.0649603902379176,0.0091331943177059,0.0015648063989367,2.6749844169779134e-13,0.1425970381593998,0.0759369672974456,140.43769398437823,0.99847319228745,0.9978220117161978,0.0009501315323273,1.4421344023535585,0.0001944983623756,1.4266720302477136,99.0111959529332,0.0015648063989367,0.101149122124075,246.552852,-0.3050329431444603,1.7000000000002728,45.33044254162579,143.6972922381474,1.1379515312353294,0.0091331943177059,0.6323690655934332,0.733275743196755,125.058185,123.31830916666664,399.26664,142.10707751421683,99.79428308942884,1.0441847934753536,199.230931,154.86814926547544,149.2372925,86.1356352,79.63378581408362
normal,0,train,N0450,1,3417.874,3419.574,0.9882504693241202,0.1482458985955833,0.0142731263466076,0.0022464012197549,2.6749844169779134e-13,0.1954527078100423,0.0850509458184393,172.4692303096872,0.9987394746400629,0.9886571115094532,0.0008370332401579,1.4447190030793655,0.0001727402953855,1.4268816504724524,116.93284331312232,-0.0022464012197549,-0.145207427238956,288.939506,-0.3935840427142279,1.7000000000002728,48.77724236407261,176.44608537263804,1.144881784379934,0.0142731263466076,0.9882504693241202,0.7648050923796812,131.0996,147.60229783333332,490.48847,170.0425818521583,127.82297290974212,1.0174183056573831,267.01561,191.34573601531815,186.09274,106.6187506,106.79200514675946
normal,0,train,N0451,1,3425.428,3427.128,0.6917161955759636,0.0870450116432178,0.0059578395761798,0.0107010511446429,2.6749844169779134e-13,0.0551023622950958,0.0408307854708511,83.83420146623999,0.9936404135467926,0.9960893759731744,0.0018234384116743,1.3007251086948317,0.0035422734696913,1.317673909549728,66.42812992095821,-0.0107010511446429,-0.6917161955759636,161.602512,-0.1487658557698436,1.7000000000002728,23.92389390702486,85.82952558402746,1.129462722943022,0.0059578395761798,0.4125121304427445,0.8097896531026011,64.37445600000001,72.32583516666666,219.60512,82.57559762562593,66.49813278276174,1.005575070422578,110.095637,92.74897726302332,90.14106833333334,56.821519,43.64909470777295
normal,0,train,N0454,1,3451.261,3452.961,1.6196734533591457,0.0364269798909141,0.0029985446026284,0.0250568203735418,0.0,0.0663324600424089,0.0820567488473001,97.38537056316572,0.9954660580016456,0.9993151355540778,0.0014939173141198,1.4159431418788726,0.0024626572562313,1.416784052903591,74.4807512786811,0.0250568203735418,1.6196734533591457,187.678118,0.1059665249409906,1.699999999999818,34.45848876589447,99.55854818312808,1.1192601034020606,-0.0029985446026284,-0.2076148587825825,0.7639591706243237,89.85460900000001,88.05089400000001,268.90448000000004,98.80627795788402,72.16067980023197,1.0460539225815166,127.757568,105.72105557521677,100.93290866666666,62.6128026,49.10870346109416
normal,0,train,N0454,2,3452.961,3454.561,1.5731351143918475,0.0573046562242131,0.0090609855985152,0.0243368587062266,0.0588235294114153,0.0777624011668575,0.0811662447884514,96.96272792186272,0.9966400517074936,0.9983051232903338,9.419813374678192e-06,1.446637605638266,0.002584197914486,1.446197141988434,72.83620109648268,0.0243368587062266,1.5731351143918475,180.150054,0.0214174329688155,1.6000000000003638,30.866009387179936,99.86601658182435,1.2206093860237277,0.0090609855985152,0.627369439099799,0.6955054188441706,80.01924999999999,83.54281416666667,278.97767,94.75935760143793,65.19283160155224,1.0109339490083356,153.378862,114.41317349699597,111.032454,56.071288200000005,58.291075401764765
normal,0,train,N0456,1,3465.373,3467.073,0.7765324940216669,0.0937102589784904,0.0112153211594199,0.0072977746573318,0.0,0.0525486368080932,0.0627897076951664,93.6482166017323,0.9950310671711616,0.9954675547675748,0.0012011478849632,1.3877301876459345,0.0027608795066644,1.3892151364000824,73.17340183111487,0.0072977746573318,0.4717283240597676,186.601539,0.0887915543706717,1.699999999999818,38.938691688249975,95.82666128444518,1.1007864249430552,-0.0112153211594199,-0.7765324940216669,0.7334167883926053,99.111566,90.6640385,253.44851,98.983184414509,67.01901349562422,1.0832139333549289,113.274226,100.58894401741838,94.0989775,57.5792376,43.511418083632456
normal,0,train,N0461,1,3505.074,3506.774,0.453382100922968,0.1638062482034825,0.006548117315026,0.0026806530273149,0.0,0.0676280918438813,0.0520842455504114,91.846460675974,0.9949875207176516,0.9861509744771472,0.0010190320687289,1.3449098665348085,0.003113607189997,1.3556742315773465,72.40546140821293,-0.0026806530273149,-0.1732774742079192,183.54084,-0.1298433113217372,1.699999999999818,41.05941050244439,94.04758014418071,1.0839676319807898,0.006548117315026,0.453382100922968,0.72304112472582,102.879895,92.91934133333336,244.25307,99.29341995669084,64.92698093764164,1.105753340237888,98.452461,97.3371269930534,89.83106533333334,55.0351204,38.343384089700784
normal,0,train,N0461,2,3506.774,3508.474,0.6200441970916478,0.0873550868534768,0.0058836012993498,0.0095922644394526,2.6749844169779134e-13,0.0529451487217352,0.0445628249378834,90.33521547279376,0.994770730356882,0.9960614651875168,0.0010977499513366,1.330988600488832,0.0032042609306426,1.3450765503138082,72.70653739847519,-0.0095922644394526,-0.6200441970916478,183.905501,-0.085965521271388,1.7000000000002728,35.44923293046754,92.51928583652072,1.1030048869836535,-0.0058836012993498,-0.4073719803356557,0.7527783460684225,90.87731,86.68092033333333,238.11916,94.6636913631007,66.61095423537432,1.0698056773851603,106.510296,97.60138350417462,92.08052616666664,57.0344032,41.679239618611625
normal,0,train,N0467,1,3553.266,3554.966,1.499046608414978,0.0395174055727294,0.021650464437415,0.0027992093453585,0.0,0.2000573260461166,0.0893454851013748,170.6079056991184,0.9983047749391012,0.999193999822864,0.0012036630156323,1.4231333196132538,7.716633048586891e-05,1.4009050109407388,122.09167851760785,0.0027992093453585,0.1809409573714048,304.00233,-0.3825527489017235,1.699999999999818,57.28829253385775,174.59640353326597,1.1347623549659591,0.021650464437415,1.499046608414978,0.7257758347702409,156.984581,152.24055283333334,477.62208,174.35793481149375,120.29052977705166,1.051992837018568,234.281683,188.07620522819172,180.6590765,104.4248494,93.10319116805918
normal,0,train,N0467,2,3554.966,3556.666,1.282656396926428,0.1544579319266061,0.0185251789712138,0.0159858565009973,2.6749844169779134e-13,0.2003145231705768,0.1034483753935051,172.8785635443642,0.9986894951231876,0.9876865792335132,0.0010203149266503,1.4263554319651526,0.0001250590897736,1.411191850500271,119.93536411284276,0.0159858565009973,1.0333261370710098,298.422011,-0.3188873566674828,1.7000000000002728,48.74836636054808,176.8734315765257,1.145210738083311,0.0185251789712138,1.282656396926428,0.7872148544166236,127.47992999999998,146.49406766666667,482.44983,168.21418073069256,132.06440977617336,1.0026978655275427,265.813855,192.12236576301396,186.8974783333333,108.8314172,106.260816733809
normal,0,train,N0468,1,3561.3,3563.0,0.7965420251069012,0.0645236758653648,0.0115043152699021,0.0056869461753847,0.0,0.1111053757772823,0.0657450538401517,133.15130993486557,0.9980359131841338,0.9978511975498412,0.0005470104051894,1.466870913568706,0.0004918771915742,1.4625830575400611,92.83780510812304,-0.0056869461753847,-0.3676043334165054,228.385838,-0.2564897469290766,1.699999999999818,42.63030408769804,136.12035374353417,1.1271756496984262,-0.0115043152699021,-0.7965420251069012,0.7217492642265496,118.646155,118.10069666666664,387.13543,136.6390324659737,92.8262000364948,1.0624060998745166,187.564877,144.96922618590904,139.64821583333335,81.73400000000001,75.27908586123037
normal,0,train,N0469,1,3569.628,3571.328,0.3760701389745676,0.1356906057690789,0.0054315143532806,0.0037013254124308,0.0,0.2041442023599168,0.0957480209250069,184.2391906440776,0.998680020446933,0.99049706297084,0.0010210119166085,1.4341716582734,0.0001094496660015,1.4079687339765166,127.50943171350204,0.0037013254124308,0.2392537609874886,317.34076600000003,-0.3614504579252216,1.699999999999818,53.67488813121549,188.5106713727669,1.1449761717623028,0.0054315143532806,0.3760701389745676,0.7717686250148362,143.32523,157.42969283333335,515.6557,181.1472784949049,138.0205403941593,1.0129201468849525,277.82621900000004,204.76373986054548,198.81489166666668,114.7049546,112.15421268399191
normal,0,train,N0472,1,3594.573,3596.273,2.020469527038145,0.0775101820687171,0.0291812832212555,0.0184978458788989,2.6749844169779134e-13,0.0262442135040173,0.0347353740163475,88.05061426986967,0.9929132372296322,0.9968991853809902,0.0020447030181934,1.2711804998032503,0.0047022522996924,1.3165461815485366,71.95576211440302,-0.0184978458788989,-1.1957011890470195,175.724172,0.1392459486439673,1.7000000000002728,30.691441781514342,90.13977854031732,1.1052702738286138,-0.0291812832212555,-2.020469527038145,0.7736762385403314,82.265626,84.00099416666667,230.94442,90.92788407456024,66.68506232441992,1.0549400551954724,97.489365,95.2659696963765,91.05292133333334,58.8138178,38.13208226082017
normal,0,train,N0472,2,3596.273,3597.973,2.0319322974617333,0.0781568814597727,0.0035735969178801,0.0314345848436939,0.0,0.0518178094625776,0.02178940069672,88.02772944878734,0.9932270800004022,0.9968472267770204,0.0018779801106013,1.2700544897277255,0.0046254238417604,1.31540153000726,70.15878487132356,-0.0314345848436939,-2.0319322974617333,169.196031,-0.4079547193877263,1.699999999999818,23.561210929621936,90.10677854035582,1.1247599153502927,-0.0035735969178801,-0.2474306431197358,0.8049537562819836,64.137702,77.55314233333333,230.50394,87.32584573361291,69.31959141795132,1.014046189625539,111.309898,96.86009558548956,94.44188283333334,60.98154339999999,43.97244747315984
normal,0,train,N0473,1,3602.141,3603.841,1.1325312638976175,0.0910836580937003,0.0116248241858709,0.0175205887261093,0.0,0.0444734739317219,0.0358948788648495,88.5022653039302,0.992605616616234,0.9957180734081352,0.0020022529214105,1.2689468316218386,0.0050126106414077,1.3201291469633334,72.68366145453093,-0.0175205887261093,-1.1325312638976175,177.51410099999998,-0.1067409591991994,1.699999999999818,31.911690557460243,90.6009580221414,1.1007086193240971,-0.0116248241858709,-0.8048858868420181,0.771614395122631,85.41966500000001,85.3965985,232.5466,91.91630508472772,66.84941990220652,1.0609507794325437,95.679179,95.360756808432,90.80222433333334,58.756979,37.24558666567424
normal,0,train,N0474,1,3608.646,3610.346,0.1887359530790814,0.058843086836376,0.0027258799141147,0.0024323526774845,0.0,0.0530861998451575,0.0509055844016919,88.31012714996938,0.9928496234659254,0.9982128986485488,0.0020011805334819,1.2643797026138364,0.0048113440205018,1.3125464059536256,71.83800984182037,-0.0024323526774845,-0.1572273338036433,174.13486799999998,-0.0209691126970994,1.699999999999818,27.75077961105063,90.400429053987,1.1121113828965792,-0.0027258799141147,-0.1887359530790814,0.785526469696446,75.33539100000002,82.09839433333335,231.231,89.9377272654435,67.90824936008794,1.0403517401358342,102.4629,96.14130143204112,92.74370616666666,60.132963,40.22907058675554
normal,0,train,N0477,1,3634.605,3636.205,0.9364141075294944,0.0815318461455382,0.0135244629619605,0.0070110808213138,0.0588235294116828,0.0390258410249655,0.0454433100505777,86.12049969486922,0.9963586413356582,0.9965690622266292,8.192805966670638e-05,1.271885638697385,0.0033964715513382,1.34440244088479,71.32305993255842,-0.0070110808213138,-0.4531964278128513,175.990006,0.0759741153287656,1.599999999999909,20.96753031610864,88.72533598877615,1.188361091964182,-0.0135244629619605,-0.9364141075294944,0.7566372091827812,51.889431,74.94349316666667,230.28735,84.86583437148131,63.8072169957082,1.0063540003339253,123.14846,100.2144926841656,98.4440688,56.39394,48.34582831097224
normal,0,train,N0477,2,3636.205,3637.905,0.6839359527086536,0.118267094046078,0.001597745305631,0.0105806885199518,2.6749844169779134e-13,0.0533607832619924,0.0425260395581342,87.73713892085414,0.992896308112646,0.9927808487565842,0.0020935010310694,1.2676661931871906,0.004554023695665,1.3282243008302728,71.98935672081862,-0.0105806885199518,-0.6839359527086536,176.00729,-0.112995126807674,1.7000000000002728,33.608616162393794,89.8194009038629,1.0937069945798787,-0.001597745305631,-0.1106255567145301,0.7620323672641719,88.8846,86.45461983333335,230.9468,92.29534053100308,65.49313047027066,1.0738841818565843,91.513402,93.99901889920078,88.85118449999999,57.325775,35.39539958595118
normal,0,train,N0478,1,3641.185,3642.885,0.5736402797038658,0.0823185616239958,0.0082849848736386,0.0063201425701397,2.6749844169779134e-13,0.0629532256264742,0.0467079526663048,87.54226894403679,0.9933776235926748,0.9965025313094964,0.0018959635190997,1.272333935231139,0.0044449617812841,1.3194046875097345,69.51077075655103,-0.0063201425701397,-0.4085341631418467,167.415877,-0.1481406019243087,1.7000000000002728,23.17246589999648,89.61099597515317,1.1264706834930247,0.0082849848736386,0.5736402797038658,0.8060556180537319,63.238037,76.65716466666666,230.06621,86.5907840923823,69.00928855235922,1.0114143973008156,111.307035,96.44116200150532,94.09265866666664,60.6763674,44.113168034061495
normal,0,train,N0478,2,3642.885,3644.485,1.0129079854721357,0.0523567729813586,0.0048813805748031,0.0156699817449397,0.0588235294116828,0.0467670073732226,0.0365400991096244,85.51504418265574,0.9963257205699756,0.9985851707473424,8.957655316281007e-05,1.272214366741306,0.003439099820828,1.3506825740894208,71.19630772744442,-0.0156699817449397,-1.0129079854721357,175.198337,-0.122761534942774,1.599999999999909,18.225699115124584,88.10329560873242,1.2005086343414522,-0.0048813805748031,-0.3379796778121722,0.7623494968363275,44.473176,73.52557666666668,228.20797,82.86274563526638,63.7682860923324,0.9906236518581548,129.502548,100.41900515274664,99.0870108,55.265624,50.49316582065691
normal,0,train,N0480,1,3657.613,3659.313,0.9768429073709196,0.0578084822209534,0.0106886284497703,0.0151120444756305,2.6749844169779134e-13,0.0438734717638245,0.0378872995291444,87.47101688532966,0.9930808672340152,0.998275189359126,0.0019416380850979,1.2669963462743714,0.0046702017342341,1.3148373495048404,70.53252850233602,-0.0151120444756305,-0.9768429073709196,170.412439,-0.073215701612659,1.7000000000002728,25.633829987348747,89.540244848611,1.1182342122358255,-0.0106886284497703,-0.7400650583063957,0.7927031842361592,69.971566,79.52691116666666,229.386,88.07367272394387,67.83598660010024,1.0291923846736015,105.243097,95.69347335232126,92.7882705,60.0811308,41.45998881871752
normal,0,train,N0480,2,3659.313,3660.913,0.6589950670305658,0.0789361763913024,0.0042314220594871,0.0101948457495484,0.0588235294116828,0.0476475627955191,0.0420776989396856,85.66984370102439,0.9961028304069336,0.9967840413195947,5.957704534701217e-05,1.2676554743451895,0.0036842628852572,1.3424812633179202,71.28215429743955,-0.0101948457495484,-0.6589950670305658,175.84814699999998,-0.0620768749854313,1.599999999999909,20.606396750750992,88.25898421361032,1.1888807250925413,-0.0042314220594871,-0.2929774973364894,0.7603064141515564,50.732382,74.39113683333333,228.45808,84.15990098241289,63.76197266031127,1.0035340793513026,122.611303,99.70372323415768,97.9853742,56.23532,47.99249647633725
normal,0,train,N0481,1,3664.905,3666.605,1.0308053567468884,0.0557896330818107,0.0148877390421787,0.0108695918776101,0.0,0.041213702796791,0.0425467272811121,88.50437568156447,0.9932920910744972,0.9983935570790162,0.0019325622035539,1.271433681627581,0.0044624388089223,1.3138532316004077,71.24095325592585,-0.0108695918776101,-0.7026106724859323,172.485493,0.0159147282680542,1.699999999999818,26.323873213868552,90.59043810297908,1.117159261299666,-0.0148877390421787,-1.0308053567468884,0.7906047562622155,71.752556,80.6985395,232.04806,89.34904880446894,68.46918605902374,1.0317018065823518,106.676232,96.74996856978056,93.71820083333334,60.54170899999999,42.014258220232485
normal,0,train,N0483,1,3680.777,3682.477,0.7118443992168828,0.0571067519628412,0.0102810424730648,0.009212124177628,0.0,0.0453248952937443,0.0440699733870277,88.17174419606646,0.9930610242096513,0.998316809744646,0.0019996843560701,1.268053430191981,0.0046137629886469,1.316043603968727,71.648415446163,-0.009212124177628,-0.595471921701099,173.98681499999998,-0.0140379635343934,1.699999999999818,27.847081484677577,90.25560126612388,1.1120196862432228,-0.0102810424730648,-0.7118443992168828,0.7854669150812298,75.552232,81.86434700000001,231.30789,89.80954443781081,67.79749376296796,1.040487220088794,103.242768,95.98386169400366,92.55638866666668,60.0116804,40.45713231148307
normal,0,train,N0483,2,3682.477,3684.077,0.5773116564080472,0.1048962342071065,0.0083380099165719,0.0062703358909738,0.0588235294114153,0.0612181809365197,0.046273408997342,86.3419391690846,0.9961704003683266,0.9943209187350488,6.47477070085361e-05,1.267326262577561,0.00360648011637,1.334789803299502,71.45565506536839,-0.0062703358909738,-0.4053146582388931,176.605007,-0.1390320112320789,1.6000000000003638,22.767149862662404,88.95120406914378,1.1794404000526062,0.0083380099165719,0.5773116564080472,0.7570496414815887,56.248911,75.64070766666667,230.01984,85.84814492655606,64.04311853371802,1.0148054752251252,118.926305,99.77554602126028,97.6754068,56.9496936,46.89162228635986
normal,0,train,N0484,1,3688.652,3690.352,1.976022653343144,0.0623777029624042,0.0142097776229617,0.030569646354443,0.0,0.0417990899548728,0.0228215963909918,88.44223065444896,0.9925678935917126,0.9979917533796804,0.0020658035915528,1.2638256386691686,0.0050224050852739,1.3117760502139026,71.58867299630234,-0.030569646354443,-1.976022653343144,172.536041,-0.2936752089263713,1.699999999999818,25.568016547654093,90.53705826216712,1.1193975738996542,-0.0142097776229617,-0.983864296011159,0.7982119073623565,69.92532,79.98964233333334,231.78628,88.65607339407354,69.08289675757047,1.024368356924546,106.386199,96.88057308481037,94.0269955,61.19678859999999,41.8792044199614
normal,0,train,N0484,2,3690.352,3691.952,1.2808066438886112,0.0764810153787628,0.0184984633159843,0.0183805072600275,0.0588235294114153,0.0346598435139537,0.0342385787483342,86.52865151484565,0.9958082134240792,0.9969809828576144,7.003011514966509e-05,1.2644162644292525,0.0039485358575416,1.340785947416448,72.25258538645384,-0.0183805072600275,-1.1881164179864212,178.082249,-0.0061142875523298,1.6000000000003638,20.33689696889414,89.1462088157671,1.190334977836008,-0.0184984633159843,-1.2808066438886112,0.7629733259511653,50.190693,74.96115416666667,230.60825,84.73718751590123,64.6259824618899,1.0004058944694618,124.339594,100.82471402981618,99.1703154,56.9708654,48.61435815360583
normal,0,train,N0485,1,3697.541,3699.241,0.8262209665615643,0.0703490939535965,0.0119329629603056,0.0095674020937351,0.0,0.0438827001049388,0.0437715056273929,88.31253262038932,0.9927436473526894,0.9974456799896276,0.0020306133374153,1.2635198842415216,0.0048802844935945,1.3150268320261884,72.32940852850693,-0.0095674020937351,-0.6184370944845917,175.998831,-0.0012685583836583,1.699999999999818,29.513075096493164,90.40896500094722,1.1069154529393068,-0.0119329629603056,-0.8262209665615643,0.7799024263872633,79.45181099999999,83.5078855,231.28799,90.739053403798,67.43754310775306,1.04937998415262,99.55038199999998,95.71409967272749,91.84409366666668,59.6455174,38.88458108715378
normal,0,train,N0486,1,3704.587,3706.287,1.1584667315475434,0.0987138216439904,0.0034996748046324,0.0179218179694856,0.0,0.0524537954664229,0.035454418814867,88.40504248692041,0.992991719911164,0.994970622666544,0.0018397961473354,1.2690161694508253,0.0048502027316731,1.3236588853776403,70.20421730950834,-0.0179218179694856,-1.1584667315475434,168.299816,-0.1933764300679302,1.699999999999818,22.210422247506592,90.48122226784346,1.1270003054298754,-0.0034996748046324,-0.2423123837183598,0.8169270424405678,60.517203,76.2664165,232.4926,86.73206670326154,70.60489813155087,1.003524863170809,114.95055,97.40373084159714,95.27014783333334,61.9272072,45.24447071898448
normal,0,train,N0486,2,3706.287,3707.887,0.5128366129682342,0.0510550691525414,0.0060907725014708,0.0079337318676613,0.0588235294114153,0.0591997797362754,0.0446719999209927,86.49555673624535,0.9957723617291458,0.9986546476974588,8.415911288294476e-05,1.2683474802122914,0.0039702160410372,1.35288012951727,72.51188116901537,-0.0079337318676613,-0.5128366129682342,177.997252,-0.1398626254703462,1.6000000000003638,17.003460201861053,89.10771864441197,1.2039016991446043,0.0060907725014708,0.4217162124789576,0.770446539876834,41.677599,73.77478333333333,231.0175,83.00600712636773,65.12831088430116,0.981933818199438,133.72983399999998,101.76966223842444,100.6268852,55.85840400000001,51.82488997987356
normal,0,train,N0491,1,3755.261,3756.961,0.3741373287584946,0.053803684531819,0.0016159094782007,0.0057880135173516,0.0,0.0557002753758403,0.0470819223452295,87.15031422289411,0.9934632104506412,0.9985058908546054,0.0017997795473294,1.268466193483269,0.0043994132876755,1.3220147400195337,70.30691374772229,-0.0057880135173516,-0.3741373287584946,170.061012,-0.0838506397179347,1.699999999999818,26.595392815523983,89.21902353066727,1.1149401125012264,0.0016159094782007,0.111883217554275,0.7835738428746974,72.63459,80.4212175,229.51093,88.56644258248333,66.82237304658112,1.0385495845189592,103.77539,95.08094840024918,91.92909033333336,59.2331718,40.64149398140787
normal,0,train,N0492,1,3761.779,3763.379,0.5921933071110341,0.0570034489558901,0.008552942959685,0.0060544253140645,0.0588235294116828,0.0437956288565557,0.0463453205709436,85.98507705078237,0.9960044704975464,0.9983228938359382,5.415453064517952e-05,1.269774869625104,0.0037750991859691,1.3438786585229745,71.71072237432004,-0.0060544253140645,-0.391358193511681,176.602743,0.0282856097096062,1.599999999999909,18.80327141629679,88.58663348436417,1.199525384067466,-0.008552942959685,-0.5921933071110341,0.7630990788050221,46.082857,73.93529883333333,229.18465,83.37419851114997,64.19182535466295,0.9911351442095108,127.684726,100.90396660302852,99.4925126,55.8619806,49.796708262846295
normal,0,train,N0493,1,3769.352,3771.052,1.271259151291014,0.105847409537569,0.0126029240976571,0.0196667495760066,2.6749844169779134e-13,0.0417436674252647,0.0332742176734146,87.3263460744447,0.993124876762263,0.994217458526026,0.002037411715237,1.269836002111009,0.0044061280016669,1.328809977931255,71.44769268272468,-0.0196667495760066,-1.271259151291014,174.56653,-0.112899073875469,1.7000000000002728,32.60667409499834,89.40212421916371,1.0972445398318604,-0.0126029240976571,-0.8726080994389992,0.7631110061821414,86.554537,85.36878216666668,230.06215,91.5112513290586,65.28736304034668,1.0696287891969043,93.156583,93.87389519440696,89.02983883333333,57.314737,36.107840996498446
normal,0,train,N0497,1,3803.822,3805.522,0.9566545569096296,0.0709461083951479,0.0138167921844423,0.0125218309429821,0.0,0.0429910318684154,0.0410858322471925,88.97856949416091,0.9929335182204932,0.9974021417824924,0.0019242457164567,1.2682955333233767,0.0048474818831783,1.315165782786375,71.3057854324929,-0.0125218309429821,-0.8094114442076166,172.012825,-0.022660212666597,1.699999999999818,24.539746988574112,91.08139429021873,1.1228141994555438,-0.0138167921844423,-0.9566545569096296,0.8018756510623346,66.949022,79.20105149999999,233.23181,88.634643335922,69.80174588692445,1.0182261407444844,110.216988,97.73883435018264,95.13699116666668,61.5469286,43.58844031043712
normal,0,train,N0498,1,3810.729,3812.329,1.340634408237765,0.0870461435889654,0.0130244571513914,0.0207400050202307,0.0588235294114153,0.0405410795236285,0.031989390957371,86.80202458263508,0.9963689499461582,0.9960892742638872,6.288214137441058e-05,1.2815408300686506,0.0034180398628017,1.3468483086901168,71.42134882919186,-0.0207400050202307,-1.340634408237765,176.751635,-0.1179047717383815,1.6000000000003638,22.140136369749964,89.42775823225487,1.188703966837226,-0.0130244571513914,-0.9017944338181928,0.7521751214133501,54.768326,75.56069783333334,232.88753,85.7265547443532,63.91882902454146,1.008801048254883,122.893348,101.0144625287447,99.0543948,56.505996800000005,48.21315754430851
normal,0,train,N0498,2,3812.329,3814.029,1.7892876349570404,0.1335540407263395,0.0207358166632437,0.0276808011965215,0.0,0.034896350772283,0.025608401431735,88.18935215160077,0.9934286411320606,0.9907939706867872,0.0018441681495979,1.2762569467314115,0.0042781292816016,1.3367301961505589,71.960598400176,-0.0276808011965215,-1.7892876349570404,176.686189,-0.1535077659532623,1.699999999999818,35.31048359023416,90.31615928688645,1.0927238195836109,-0.0207358166632437,-1.435717729363486,0.7525425892794143,92.85082,87.68807983333333,233.33136,93.37778294917932,65.03891478714712,1.080441744634296,91.271058,94.43926815602022,88.76795683333332,56.4323256,35.16039255151179
normal,0,train,N0504,1,3859.636,3861.336,1.2197799037222865,0.0903120208093909,0.0142874338060064,0.0188703506126109,0.0,0.0417976372790509,0.0345415340544298,88.49338600761718,0.9931089548423556,0.9957903168502278,0.0018003449112543,1.2666050146699508,0.0048089934117155,1.3170730069020935,70.4070069774133,-0.0188703506126109,-1.2197799037222865,169.28173800000002,-0.095050851322822,1.699999999999818,22.67325485624188,90.59410103869544,1.1273941198508133,-0.0142874338060064,-0.989241096963956,0.8109669180593357,61.75459,76.88628633333333,232.01683,87.17505466229332,70.19735992247602,1.007104618880381,114.155665,97.58732328445016,95.36712533333332,61.6992064,45.00652125071443
normal,0,train,N0505,1,3866.29,3867.99,0.9117345608485424,0.0579431221084056,0.0120526588568924,0.0141047993792525,0.0,0.0449527709447494,0.0395563910372128,89.11122207454112,0.9924516814314004,0.9982671456001688,0.0020711821364544,1.268202703509684,0.00515456844761,1.3144347846786408,72.49270739507426,-0.0141047993792525,-0.9117345608485424,175.69461,-0.0638555605204629,1.699999999999818,27.33623208297588,91.20977192272176,1.1147239343731754,-0.0120526588568924,-0.8345085360194081,0.7930653586747053,74.280388,81.85433283333333,233.52268,90.03927779831989,69.14183040562912,1.0327616686312435,104.628572,97.1849953808656,93.92656,61.158236,41.0892649170497
normal,0,train,N0506,1,3873.48,3875.18,1.1975312742370576,0.1146446442094309,0.0123758186304123,0.0185261578301629,0.0,0.0429034532001795,0.0346674528276242,87.95245361556381,0.99255983668324,0.9932163125440416,0.002206160344823,1.2632638680804602,0.004830453333732,1.3245390573093134,72.47758623965638,-0.0185261578301629,-1.1975312742370576,177.169103,-0.1061738323579343,1.699999999999818,33.28207229027735,90.03555933760049,1.0937769409339275,-0.0123758186304123,-0.856883647826892,0.7665977505711656,88.21405299999999,86.39072466666666,231.1385,92.2871222161142,66.05078561018728,1.071101571979604,92.127575,94.24085340345204,89.20907,57.9675024,35.556528826647714
normal,0,train,N0509,1,3899.637,3901.337,1.3501666721091516,0.079490480425886,0.0195002179084947,0.0176841258009739,0.0,0.0379392616757363,0.0360946395396878,89.40259934482908,0.99302126838712,0.9967387166563384,0.0019835287829823,1.2708802362544267,0.0047218072325091,1.3176765649243238,71.33432874252709,-0.0176841258009739,-1.1431023042311277,172.10950300000002,-0.0249159115721337,1.699999999999818,24.083409612577498,91.50258115638808,1.1241612218433026,-0.0195002179084947,-1.3501666721091516,0.8073768986393214,65.579183,78.68938566666667,234.34046,88.59106114235334,70.6011965521014,1.0131043053851867,112.643849,98.30245021051198,95.81247066666668,62.0019982,44.58282222198294
normal,0,train,N0510,1,3906.425,3908.125,1.8028180554769984,0.0592435506494185,0.0260377815994025,0.0017962151679536,0.0,0.0306573192076541,0.0517809136742916,88.90289846982913,0.9927342934813064,0.9981884912033274,0.0019782671091495,1.2633917060055826,0.005012326883826,1.3122277451909068,71.95296070940255,-0.0017962151679536,-0.1161073903505954,174.137855,0.2562354107787698,1.699999999999818,26.13380526241714,91.0025628590332,1.1168393900341322,-0.0260377815994025,-1.8028180554769984,0.7943751885893061,71.218737,80.98223883333333,232.60203,89.57256644746674,69.1064256899824,1.029632536391605,106.405751,97.15909991108958,94.18462833333336,61.1671528,41.93025142104639
normal,0,train,N0514,1,3946.985,3948.585,1.2104030308686575,0.0928752943203627,0.0174816364132066,0.010887664235401,0.0588235294116828,0.035716453037616,0.0417421980452282,86.55535755627966,0.9959573584363328,0.9955479637186568,8.556485925924234e-05,1.2661974676756471,0.0038101729105958,1.3431088875626247,71.85903308093702,-0.010887664235401,-0.7037788701150424,177.395365,0.0777930537557344,1.599999999999909,21.65491469366642,89.17697269891381,1.1847274520150273,-0.0174816364132066,-1.2104030308686575,0.7588116330286753,53.29334999999999,75.46397883333333,230.98328,85.51078231640771,64.33602369086,1.0085574558175736,122.017874,100.44739709093342,98.562322,57.09961139999999,47.794595489742754
normal,0,train,N0516,1,3962.777,3964.477,1.1976177859215664,0.0669182041725497,0.014918070021574,0.0185274961911359,0.0,0.041219951427272,0.0348987316117808,88.52893154428226,0.992829661758296,0.9976887504259696,0.0020101112602253,1.2665468602869243,0.0048302787284066,1.3184050452661122,72.34287128369539,-0.0185274961911359,-1.1976177859215664,176.058318,-0.0830442614484679,1.699999999999818,29.408814815201893,90.63018319898498,1.1081512487989562,-0.014918070021574,-1.0329054295616686,0.7798207197273449,79.558024,83.47458566666667,232.60548,90.83519681270369,67.58271293370044,1.048125555784478,100.624211,96.03728887953449,92.208616,59.77908,39.2381425826596
normal,0,train,N0519,1,3988.539,3990.239,0.4175097506448043,0.098469955010815,0.006030019318857,0.0034283466063153,0.0,0.0614400872996522,0.0498006939677216,88.04025696609904,0.9932909495242932,0.994995441527824,0.0018531712765687,1.267418210359801,0.0045868612134651,1.322336553888393,69.62345715867313,-0.0034283466063153,-0.2216084045933537,167.144794,-0.1046324306537365,1.699999999999818,21.98930181895847,90.12139925950652,1.1287618697123776,0.006030019318857,0.4175097506448043,0.8141053583509774,60.042153,75.82631516666666,231.53296,86.37754555354753,70.07824093077981,1.0034558764939332,114.938747,97.1638934049113,95.06777066666666,61.4696336,45.3981444419488
normal,0,train,N0520,1,3995.089,3996.689,1.60604802292155,0.0575470821205009,0.0231958668995686,0.0187664831525983,0.0588235294116828,0.0302215016250117,0.0339227772005771,86.70255942229986,0.995900253697795,0.99829075269131,7.876835548924191e-05,1.2670428465783052,0.0038800127788469,1.3468067237928203,72.57275857382577,-0.0187664831525983,-1.2130659086845186,178.782365,0.0577023491926951,1.599999999999909,18.84105986095674,89.32240829086555,1.1968083966098924,-0.0231958668995686,-1.60604802292155,0.7663444466854775,45.846229,74.58649899999999,230.54638,84.07862337358458,64.96686523145726,0.9917853643969184,129.431022,101.45945487922693,100.0501502,56.4531394,50.41123781138421
normal,0,train,N0521,1,4002.714,4004.414,1.7181837532941384,0.0566129297363965,0.0248154233756426,0.0233222798302906,2.6749844169779134e-13,0.0315974686996003,0.0301784046233579,88.71345197492067,0.9930791164640208,0.998345794160856,0.0019394249836498,1.2689886122129184,0.0046823504004293,1.3158590653534803,72.06123196733525,-0.0233222798302906,-1.507552712187788,175.117511,-0.0229711698092991,1.7000000000002728,27.99335157442411,90.8003739447924,1.1111674941984933,-0.0248154233756426,-1.7181837532941384,0.7855733747552752,76.115971,82.41249066666667,232.73697,90.3706678374184,68.17509134520085,1.041330332107084,103.526843,96.4314064747922,92.98383216666666,60.30173979999999,40.620767902602566
normal,0,train,N0525,1,4034.885,4036.485,1.021386444794813,0.0502342382360246,0.0047511993150564,0.0158011459816889,0.0588235294116828,0.0488481593433702,0.0369374116573045,86.82472925291965,0.9959051943672392,0.9986975593852098,7.284329231115997e-05,1.2680387512577054,0.003876033125186,1.349934068421626,72.84314886041945,-0.0158011459816889,-1.021386444794813,179.08444200000002,-0.1388432523906989,1.599999999999909,17.58116878122811,89.45086851529302,1.2034351162792525,-0.0047511993150564,-0.3289661170884974,0.7699949229907007,43.197395,74.10163616666667,231.75087,83.413102041348,65.3580097178753,0.9827053387945665,133.198038,102.14888653955668,100.931249,56.1644144,51.70947667369761
normal,0,train,N0525,2,4036.485,4038.185,0.961742677763284,0.073600187794936,0.010895888236901,0.0148784395226734,0.0,0.0452605166618765,0.0385527679687925,88.54127233944989,0.9925784642455484,0.99720413540983,0.0020516448004829,1.2651019601339333,0.0050153179457211,1.3180677995294898,72.65850223010752,-0.0148784395226734,-0.961742677763284,176.83042799999998,-0.0800320465014853,1.699999999999818,30.058511361472117,90.63621151920866,1.1052582366698984,-0.010895888236901,-0.7544154239466888,0.7796562136964365,81.06292,84.04651199999999,232.44383,91.106856687178,67.56734235827929,1.0512775025227143,98.907716,95.7849887674466,91.77055983333334,59.7575726,38.52235438368503
normal,0,train,N0526,1,4042.048,4043.748,0.4169521388757831,0.0803942516936525,0.0060219658309218,0.001779898918015,2.6749844169779134e-13,0.0504496054174636,0.0517366804850399,88.75284325670178,0.992604145508077,0.9966641364101224,0.0021487964417315,1.271180029148805,0.0048718430123994,1.3214333839512689,72.78296344141113,-0.001779898918015,-0.115052707574014,177.46975,0.01259537966564,1.7000000000002728,31.225787430437528,90.83379577480976,1.1020746635888572,-0.0060219658309218,-0.4169521388757831,0.7762080489785068,83.984741,84.97811316666666,233.47976,91.78048840319512,67.41610939394384,1.0567319069311094,97.617634,95.71864937316252,91.37569883333332,59.472234,37.984918072765
normal,0,train,N0526,2,4043.748,4045.448,1.4194715512610454,0.0884124235132546,0.0205011759927827,0.0126778296356911,0.0,0.0363000082644618,0.0409280349740044,88.97411220470093,0.9929024481833278,0.9959655449643898,0.0020336092354813,1.2740829548089232,0.0047765389176583,1.3214350453927657,70.85842294259533,-0.0126778296356911,-0.8194952033427654,170.706056,0.0599267638465493,1.699999999999818,23.49966537607045,91.03430612586598,1.1230232164908485,-0.0205011759927827,-1.4194715512610454,0.8140002220287708,63.943038,77.78075249999999,233.62973,87.86470056306736,70.81761680445322,1.0099448272076106,113.583938,97.70246451498195,95.31828966666666,62.045129,44.770885346232326
normal,0,train,N0536,1,4116.185,4117.885,1.271985263728346,0.0929799919924047,0.0136659717318479,0.0196779827470359,0.0,0.0437806205199413,0.0341027092651335,89.40737407284574,0.993231298426094,0.9955379205621074,0.0018048234480982,1.2732232057337272,0.0047021778246959,1.3221435169730795,71.03643385594495,-0.0196779827470359,-1.271985263728346,171.103382,-0.1242616524151003,1.699999999999818,23.05250515993649,91.51100195613856,1.126607823923128,-0.0136659717318479,-0.946211968548774,0.814070569142103,62.481768,77.40023733333332,234.6572,87.93363239920127,71.16451464842847,1.0058971458963086,116.189975,98.4859323352057,96.21138466666666,62.309154,45.71468430596277
normal,0,train,N0537,1,4123.182,4124.882,1.4970319977927278,0.1341645588144113,0.0027615567632071,0.0231595213123612,0.0,0.0541997083356236,0.0304897058183395,89.08157434503087,0.992234335638718,0.990709610920318,0.0021115905849921,1.2640894715639557,0.0052148135320213,1.320057833110799,73.71984859583333,-0.0231595213123612,-1.4970319977927278,181.017303,-0.2799641815197814,1.699999999999818,35.40031968392572,91.19844183351722,1.088631635894585,-0.0027615567632071,-0.1912061661216493,0.7646093016010835,93.000306,88.4588675,233.35496,94.01483437873378,66.71372265048304,1.07750870433468,90.26219,94.98533286677718,89.31906066666669,58.0081774,34.8795271277267
normal,0,train,N0538,1,4130.757,4132.357,1.543547368035069,0.0610031757687564,0.0222931810201978,0.0177885073312694,0.0588235294114153,0.0320795519946346,0.0351595410965167,87.34389483695932,0.995946985791178,0.9980792838947732,7.515818525853836e-05,1.277461296503501,0.0038344902884192,1.352114995792777,72.53927242728815,-0.0177885073312694,-1.1498495287839727,178.982756,0.0458065235600498,1.6000000000003638,19.82745469911777,89.98602799297242,1.1979486594210864,-0.0222931810201978,-1.543547368035069,0.7599142569764858,48.281914,75.19138783333334,233.41611,84.9603478030691,64.90287774211313,0.9947568092399196,129.195946,102.31458966579297,100.7659312,56.65345880000001,50.28435641743618
normal,0,train,N0543,1,4170.662,4172.362,0.936061342215669,0.0673514601617498,0.0115015092017374,0.014481141776986,0.0,0.0447805633754447,0.0389841064359709,88.62563295098742,0.99273410650696,0.9976587255814586,0.0019748755329213,1.267867333124858,0.0050029658598094,1.3228096217358958,71.44783232074353,-0.014481141776986,-0.936061342215669,172.236464,-0.0691993050584989,1.699999999999818,24.88308020829844,90.6875928020068,1.1178668908849547,-0.0115015092017374,-0.7963477370361999,0.8040162583812526,68.140636,79.51117500000001,233.0015,88.57743991918584,69.66726114526188,1.0222549394086171,108.331577,96.86212660639404,94.16102433333332,61.5624502,42.76357205972884
normal,0,train,N0543,2,4172.362,4173.962,1.116396328359663,0.0647181969635773,0.0052278524095926,0.0172709765708476,0.0588235294114153,0.0483342823524815,0.0354574979003445,86.79974088120807,0.9956733403047572,0.9978382219260796,6.36644713144957e-05,1.2691615116161117,0.0041265096152314,1.3506358292065024,72.52949468450947,-0.0172709765708476,-1.116396328359663,178.552887,-0.1536759860350262,1.6000000000003638,19.701038807056523,89.42187188446523,1.1944943889599593,-0.0052278524095926,-0.3619688827714462,0.7644566419770072,48.123606,74.83834916666667,231.76232,84.48256090524472,64.88706441905613,0.9953178710343146,127.697602,101.38865974687572,99.8456588,56.7955084,49.55447769368166
normal,0,train,N0548,1,4212.549,4214.249,1.8232222472450468,0.0620081238338824,0.0176605811707852,0.0282057795387811,0.0,0.0384997015471837,0.0252264783720509,88.54387551635729,0.9927638343265216,0.9980154800405668,0.0019783693069239,1.2662020798176143,0.0049227946827817,1.3161025460024294,72.39824016088187,-0.0282057795387811,-1.8232222472450468,175.936958,-0.2082852477858661,1.699999999999818,28.695909493606955,90.63176437457628,1.1087415962483376,-0.0176605811707852,-1.2227929051236588,0.7852084146651639,77.73305400000001,82.86973883333333,232.10398,90.45931562303156,68.02660669153033,1.0441416861220545,101.567642,96.0559350636712,92.41498783333331,60.1927592,39.73151145399382
normal,0,train,N0549,1,4218.836,4220.436,0.5807463113264818,0.1182323454205661,0.0083876160287161,0.0068316694414946,0.0588235294119504,0.0616271498773065,0.045809419251683,86.58317914720004,0.9961933354093012,0.9927850903206908,9.704309425266288e-05,1.2715223289612336,0.0035572361548639,1.3366427652563568,71.26379828385086,-0.0068316694414946,-0.4415992720368357,176.56149599999998,-0.147228553124079,1.5999999999994543,23.83995398174781,89.20787077580579,1.1769943675925707,0.0083876160287161,0.5807463113264818,0.7546987293460131,58.802854,76.00477216666665,231.13135,86.42546051387367,64.03263457048152,1.0186241073865283,117.897767,99.86243159158198,97.5593692,57.135565,46.50050291202549
normal,0,train,N0549,2,4220.436,4222.136,0.774347769192839,0.1577904774607264,0.0111837675659916,0.0076070392724031,5.349968833955827e-13,0.0444936554715638,0.0456944221431894,88.21973220087916,0.992766942671814,0.9871495046310664,0.0021787204006571,1.2699627378207043,0.0045682637213513,1.325589265377917,72.57039059637569,-0.0076070392724031,-0.491719195991116,178.752562,0.0133140288979377,1.7000000000007276,37.00661942584827,90.3368874994038,1.085324106924794,-0.0111837675659916,-0.774347769192839,0.7548579734138736,96.06076,88.83624299999998,231.65502,93.96936240405128,65.28403408783899,1.086537060070088,87.242251,93.8644599226928,87.57451266666665,56.2964744,33.55645392949992
normal,0,train,N0550,1,4226.628,4228.328,1.8328288419965952,0.0972084901836822,0.0097149625058302,0.0283543963594073,5.349968833955827e-13,0.0439651283708653,0.0244060299334224,86.87892472617423,0.9925641473451744,0.995122843579974,0.0025156075915897,1.268078373357288,0.0046638118163009,1.3294608602033304,68.74174525185707,-0.0283543963594073,-1.8328288419965952,165.02299,-0.2860723574421325,1.7000000000007276,22.25021523151539,88.82968115432584,1.1202336480102295,-0.0097149625058302,-0.6726498471818648,0.8203573685027432,61.078675,75.73253916666667,228.79746,85.63851674435355,69.64440268923244,1.008755700761259,110.567822,95.10245934701008,92.90811433333334,60.9576062,43.79778160878317
normal,0,train,N0550,2,4228.328,4229.928,1.0471262063017053,0.0683688776395752,0.0151234581791898,0.0156084999158078,0.0588235294119504,0.0374327781991382,0.0368474979156938,86.12448210445068,0.9959350616698132,0.9975874562943484,2.6107942887056317e-05,1.27271774813606,0.0039071066699423,1.3411068162931938,72.51324831059932,-0.0156084999158078,-1.008933798603076,178.051372,-0.0078793498631022,1.5999999999994543,15.442370089051252,88.70210187362984,1.2102735395815862,-0.0151234581791898,-1.0471262063017053,0.7850051882860339,38.288123,72.22430766666666,229.67377,81.11333162785216,65.93855302200556,0.9656624728446748,137.887015,101.66007454686088,100.7174132,57.5936382,53.499546914018936
normal,0,train,N0551,1,4235.853,4237.553,1.894627458459359,0.0909227546006557,0.0273637685321181,0.0134725819361371,0.0,0.0284428305231154,0.0398638705360017,88.30644795775206,0.9931115779564492,0.9957331884881654,0.0019011889429726,1.2666123719221265,0.004710114746583,1.3216106263931635,70.15177500810346,-0.0134725819361371,-0.8708680105800193,168.702505,0.1672023364564863,1.699999999999818,22.623102604536918,90.3800891815967,1.12578427938339,-0.0273637685321181,-1.894627458459359,0.8123901306024811,61.779027000000006,76.77937516666667,231.84111,87.03180586080047,70.14617198973971,1.007949231216314,113.39511,97.20632330479876,94.987185,61.575420400000006,44.89270916852732
normal,0,train,N0555,1,4260.918,4262.618,0.92427813602787,0.1052542330103745,0.0117487041809815,0.0142988521430726,5.349968833955827e-13,0.0440545687692484,0.039036699357428,88.30421514613572,0.9931060735619266,0.994282088481748,0.0019604140217149,1.2701363375994408,0.0045338255336347,1.32529437928107,72.31460074675448,-0.0142988521430726,-0.92427813602787,177.177574,-0.0603898523261204,1.7000000000007276,32.96010204408409,90.41611262081372,1.0984301630721929,-0.0117487041809815,-0.8134631571845437,0.7636784444468748,87.476856,86.09512333333333,232.35621,92.36019224399928,66.03806036263862,1.0680732831095745,94.538576,94.98526237131544,90.09380183333332,57.9059202,36.62842911564667
normal,0,train,N0555,2,4262.618,4264.318,1.6371041843861414,0.0576489248519842,0.014758219916892,0.0253264788626756,0.0,0.0413091634016527,0.0280806145617695,88.48151222416958,0.9935287409041368,0.9982846975295004,0.0018313112222116,1.2717408385077698,0.0043624174025225,1.3165100490696688,71.16537854234994,-0.0253264788626756,-1.6371041843861414,172.309897,-0.1906411755152999,1.699999999999818,25.709640965253705,90.57888383937208,1.1194803375400044,-0.014758219916892,-1.021837641248354,0.7940326037115003,70.29606100000001,79.87315316666668,232.38948,88.88770635423089,68.72543412570256,1.0269813179397171,108.281979,96.89371926669482,94.0083585,60.7211902,42.72662510608835
normal,0,train,N0556,1,4268.929,4270.529,1.0931254226716955,0.1105276545320438,0.0157878167071881,0.0141588011415375,0.0588235294114153,0.0376511842716643,0.0385363189868833,86.71708127147076,0.9960264460190688,0.9936947806883268,9.1778477620219e-05,1.2701183320636618,0.0037278359742216,1.338385336525194,71.41447361065809,-0.0141588011415375,-0.9152252360221526,176.675698,0.0116178464623469,1.6000000000003638,23.146762427147834,89.34378669058903,1.1798432938869738,-0.0157878167071881,-1.0931254226716955,0.7542024734462152,57.01602199999999,75.98315699999999,231.3464,86.33519175130398,64.07738319890834,1.016180934888678,119.017738,100.24001978090732,98.0787616,57.1362324,46.85042384425032
normal,0,train,N0557,1,4275.185,4276.885,1.542656558511048,0.0807831139297686,0.0162681041510587,0.0238653465638461,0.0,0.0393599583064932,0.0294227441125247,88.1865964831847,0.993089539686386,0.996631787614866,0.0020308421761945,1.2713332133962507,0.0044993430580296,1.3263375009863632,72.03134105970081,-0.0238653465638461,-1.542656558511048,175.75552199999998,-0.1444725758707097,1.699999999999818,30.98594184107568,90.27047682919466,1.103017300438813,-0.0162681041510587,-1.1263798254065538,0.7718358035118154,83.259238,84.51377416666666,232.4833,91.36819602728173,66.62905325184778,1.058415834449611,97.971095,95.21843650457454,90.919984,58.7774348,38.03528711160906
normal,0,train,N0557,2,4276.885,4278.585,1.680534935398177,0.0819849878402218,0.0146279599121067,0.0259983652386235,0.0,0.041416028126533,0.027402390898322,88.46580699156773,0.9933995990069404,0.9965308189774617,0.0018848684519206,1.2729879756449616,0.0044473361905064,1.322123134095736,70.28749482299406,-0.0259983652386235,-1.680534935398177,169.441844,-0.2036320715671491,1.699999999999818,23.49712665696922,90.54952444677686,1.1256322957877265,-0.0146279599121067,-1.0128186283329454,0.8068584220882341,64.203624,77.47003333333333,232.68786,87.51954955884996,69.79134985517679,1.0118142979819258,112.616315,97.36453783339972,94.9724035,61.2936102,44.60581339219652
normal,0,train,N0558,1,4283.108,4284.808,0.7018030426848266,0.0916486392047487,0.003873922419463,0.0108570976092052,0.0,0.058298613583191,0.0421050251843859,87.37877430056382,0.9927322028096912,0.9956647880938888,0.0022071119266554,1.2682195339867102,0.0046749703040272,1.3217370113562554,71.56400761197594,-0.0108570976092052,-0.7018030426848266,174.647944,-0.1612848757018662,1.699999999999818,31.44539669200765,89.45352343988121,1.1020183109080224,0.003873922419463,0.268224743212582,0.7697721775070855,84.22209,84.33082833333333,230.03271,90.74635862088977,65.85613610435706,1.0607063549211115,94.733963,94.28071057034842,89.804463,58.053881,36.71315288391878
normal,0,train,N0561,1,4309.171,4310.771,0.6977560857323255,0.1484007951704543,0.0029218515608459,0.0107944900056738,0.0588235294119504,0.0529228738148593,0.0641412700932595,88.33204212604974,0.9959851037010862,0.988633395609164,4.008902758754597e-05,1.3664589296622396,0.0031326236390051,1.378830909696379,67.26213810619029,0.0107944900056738,0.6977560857323255,166.023394,0.095831190523286,1.5999999999994543,31.99186205030349,90.99028370413136,1.180643609314833,-0.0029218515608459,-0.2023047443272804,0.709920458487549,78.98009400000001,78.87356383333334,242.93747,89.46100494520607,60.969549132083216,1.0416707774871412,122.994317,101.39630107147173,97.2750044,53.99051380000001,47.48755461873287
normal,0,train,N0568,1,4356.936,4358.536,0.3307838573335831,0.0975713552180867,0.0002564305028873,0.0051173226791394,0.0588235294114153,0.0485074590789305,0.0564071305911709,83.23439956606269,0.9965442634018108,0.9950863642017532,3.303462894699659e-05,1.3007550782147166,0.0027645966237303,1.3346955174684287,68.47105223075826,0.0051173226791394,0.3307838573335831,172.667643,0.0752962151117898,1.6000000000003638,23.508183607345824,85.74168033865969,1.184632804039234,0.0002564305028873,0.0177548743473194,0.7526959327220947,58.018691,72.18103483333333,221.90848,82.4618443637702,61.30474562647153,1.0124615023371175,113.787788,96.48466207298152,94.165717,53.315455,45.58791867089651
normal,0,train,N0568,2,4358.536,4360.236,0.8346675532529549,0.1237345879687774,0.0058557780287927,0.0129125503107479,0.0,0.0451199651441699,0.0391153252724129,85.06349828563404,0.9926916009213386,0.9920979363820293,0.0025063007662828,1.2986627823518142,0.0037935507395177,1.309963289139954,69.86116830235416,-0.0129125503107479,-0.8346675532529549,175.4699,-0.0712841356869546,1.699999999999818,35.25588138480646,87.05754251650822,1.0929337571504727,-0.0058557780287927,-0.4054455376265752,0.7625143139639776,91.147909,83.63975049999999,221.46263,89.62223875868224,63.606772888551205,1.0743862139135945,90.129146,91.16942200325072,85.29976083333334,54.659779,35.26819218076245
normal,0,train,N0570,1,4371.949,4373.649,0.3077583859976397,0.0704559818794954,0.0044448998142915,0.00120519604645,5.349968833955827e-13,0.0538850515918427,0.0504067202409008,84.03265701576032,0.9939690423977388,0.9974379120605892,0.0017235647661216,1.3070459450193517,0.0033762495596659,1.3238864978306604,66.58863830615698,-0.00120519604645,-0.0779039005519561,162.963889,-0.0333519249868232,1.7000000000007276,25.25228007541365,86.02226233313628,1.1258671684592294,0.0044448998142915,0.3077583859976397,0.7989648145917777,67.98148499999999,73.85614366666667,220.84608,83.6612318132966,65.74051853723516,1.0167607748084768,108.650222,92.63873715937746,89.72478799999999,56.2926602,43.0507386864408
normal,0,train,N0571,1,4380.0,4381.7,0.6049668062714219,0.1309189881733927,0.008737428343769,0.0076030649654864,0.0,0.1646964692989972,0.0775961398212995,167.26955898462205,0.9982911907012124,0.9911536611796844,0.0009724493032771,1.4495174611080064,0.0002270707569892,1.4481862777092045,115.18962677529927,-0.0076030649654864,-0.4914622966993285,282.197986,-0.3594840543984298,1.699999999999818,48.60842762903229,171.12996028882563,1.1471727584377094,-0.008737428343769,-0.6049668062714219,0.763543375226291,133.2946,142.27312533333335,482.14835,164.30940157909342,123.52713511853204,1.0156258780123804,247.814923,185.59124331847735,180.208565,104.455006,99.7599691956472
normal,0,train,N0574,1,4406.021,4407.621,0.5300444366740074,0.0674762805866581,0.0010157160721133,0.00819994191557,0.0588235294114153,0.1097245730414005,0.0594666155665611,123.8196911878595,0.9980845839203908,0.9976500395139026,9.460697289059352e-05,1.4703672681534137,0.0009402711447241,1.4884101085374863,90.83624885375114,-0.00819994191557,-0.5300444366740074,222.03627,-0.2970483149154808,1.6000000000003638,33.847717037481935,127.56161430999322,1.2312743375768,0.0010157160721133,0.0703267007234652,0.6835132769258881,87.53765499999999,105.86944316666668,364.88811,121.0786185390147,82.18645234865383,1.0069645417006137,221.627019,148.04989616075628,144.921487,72.9305356,84.36884738294202
normal,0,train,N0575,1,4413.121,4414.821,2.589533731252559,0.0292158885012221,0.0374001766477762,0.013934150704792,0.0,0.1689257371358458,0.1080431083806623,189.3499429908503,0.9981291878414446,0.9995594487014624,0.0013495718945663,1.4094227397645245,6.664710959204692e-05,1.3997266427104609,137.0677721958574,0.013934150704792,0.9007038265512824,340.65536,-0.2198176067110582,1.699999999999818,65.95833221236302,193.85229276776423,1.1329598414814468,-0.0374001766477762,-2.589533731252559,0.7162199934393657,180.384057,172.7666865,528.8117500000001,195.1962446194308,131.96879958556977,1.0593674677632248,252.573518,208.75618054304115,199.88427883333333,115.52778560000002,99.51831559671456
normal,0,train,N0575,2,4414.821,4416.521,2.1432729694461354,0.1085731872719692,0.0309549115712489,0.0069410686420448,0.0,0.1743945457399208,0.0869033875864456,188.6944485454876,0.998881257596236,0.9939158002609518,0.0009440420016034,1.4154030924766088,6.482999479595996e-05,1.3885632673334194,131.45762477021006,-0.0069410686420448,-0.4486708389119756,325.777686,-0.3348329511809114,1.699999999999818,54.67318982725827,193.15219112138908,1.143549522688118,-0.0309549115712489,-2.1432729694461354,0.7511476957644597,148.09992,164.148389,523.2230999999999,188.55810036123816,137.86477796755992,1.027347120070037,279.332672,209.8857547314411,203.86531166666663,116.84678879999998,112.58462285239956
normal,0,train,N0576,1,4421.037,4422.737,0.8108984438426315,0.0681474709178081,0.0117116624808172,0.0075271794220423,0.0,0.10346745400232,0.0555471504749693,112.43911197475262,0.9976214650102369,0.9976030566232272,0.0005963160345287,1.4480655688797628,0.0011592642693635,1.4182266045982868,80.42758927222387,-0.0075271794220423,-0.4865570534011844,200.039647,-0.3013578764326227,1.699999999999818,43.13234658993039,115.082356196026,1.1169496112645738,0.0117116624808172,0.8108984438426315,0.6812882964294761,115.96681099999998,108.05663783333334,318.11575,119.47549602426209,74.33734410745907,1.0949712843355226,139.642494,121.87361508838464,115.33796116666666,66.184409,55.83716150091405
normal,0,train,N0578,1,4435.711,4437.411,2.276055229859024,0.1569893931208725,0.0057813677168299,0.0352112377569431,0.0,0.094528517568627,0.0974705901319298,110.4194132393587,0.9973170946708044,0.9872796544245244,0.0008466916506805,1.4301443847094817,0.0008743609235556,1.4372181969124334,79.94626947736793,0.0352112377569431,2.276055229859024,196.85211500000003,0.015323365814158,1.699999999999818,48.47801768482724,113.03115578274472,1.096185305581341,0.0057813677168299,0.4002934760575732,0.6680429240778081,128.157034,112.349763,315.79224,120.56685824964076,71.75956366036687,1.1224125736490416,125.070945,117.74958821397692,109.11706416666668,63.0176148,47.92366507728063
normal,0,train,N0583,1,4484.616,4486.216,1.425529354072251,0.0516296627425224,0.0067486892855968,0.0220533545747255,0.0588235294114153,0.1858662529837928,0.0646854353758611,171.08499944073836,0.9991389697441988,0.9986241950581116,6.13369580250311e-05,1.4534344799968466,0.0006946454437185,1.430733908876609,127.5275605799361,-0.0220533545747255,-1.425529354072251,319.60539,-0.4836559609748042,1.6000000000003638,49.92227972462816,176.2655322442422,1.2228153302081657,0.0067486892855968,0.4672694118901939,0.6856980020656686,123.28162,147.06656966666665,487.5651,169.32762653231785,114.4718188763116,1.0142899479319705,280.676038,204.1392778994283,199.196028,99.052799,111.82002377892972
normal,0,train,N0587,1,4524.614,4526.314,0.8733545648524851,0.1335096010236841,0.0009418594357512,0.0135110496554326,5.349968833955827e-13,0.1020157075146872,0.0796197040694771,119.95885481943672,0.9977642339694172,0.9908000962242473,0.0009083802108267,1.4500477006150687,0.0005824612083158,1.4553432530077213,85.45311834143112,0.0135110496554326,0.8733545648524851,211.53822,-0.1233019665590331,1.7000000000007276,51.5226123340594,122.8365728032256,1.1083997113419826,-0.0009418594357512,-0.0652129748462452,0.6600305640079738,137.40255299999998,120.15342183333335,346.16725,130.2473109748556,77.14641776228069,1.114338275409697,144.112127,129.5531932029543,120.71404316666668,67.7786668,55.072867053624165
normal,0,train,N0587,2,4526.314,4528.014,0.2587719255810564,0.0492198609786398,0.0019509619617891,0.0040032771072171,0.0,0.0975983093515342,0.0691886961753467,117.6708686968476,0.998090558417526,0.998749628534318,0.0006317482742516,1.448847946025364,0.0008944038097858,1.413782288193958,84.01541273061233,0.0040032771072171,0.2587719255810564,209.317951,-0.1703346917601345,1.699999999999818,43.973048284769554,120.43995846705847,1.1212693553803508,-0.0019509619617891,-0.1350817632767541,0.6874905394784356,118.91223,111.41019333333334,332.27805,124.26738881270866,78.5732888781646,1.087298945916558,150.98788299999998,128.14986666925208,121.70057866666669,69.5616812,60.30077356477141
normal,0,train,N0588,1,4532.317,4533.917,1.0067811807309044,0.1388559965719988,0.0095493419570853,0.0155751982899499,0.0588235294114153,0.041059534087354,0.0675036973118118,84.81722067703843,0.9967880649004908,0.9900485224340532,4.434726491334696e-05,1.3235748533108715,0.0026426848803535,1.338975730322946,67.01690847181506,0.0155751982899499,1.0067811807309044,167.514464,0.2435830518620448,1.6000000000003638,28.369025903573977,87.37050919528701,1.1760885744063223,-0.0095493419570853,-0.6611825217303647,0.730431998602929,67.830691,75.17020900000001,226.10536,85.62465123004527,60.47943293654476,1.0341198997890908,114.011659,97.37959207604528,94.0156564,53.198201,45.209140628655774
normal,0,train,N0593,1,4571.875,4573.575,1.658528577274793,0.0492201884595451,0.0071868083167524,0.0256579204647527,0.0,0.045489520301689,0.0781464487491985,86.2050999287432,0.9940993073613016,0.9987496118957444,0.0017832039247122,1.2839525482808205,0.0037771097926391,1.325877472382467,69.08147887454975,0.0256579204647527,1.658528577274793,167.43579,0.2641377642602052,1.699999999999818,26.217608523010803,88.25338692201319,1.1194788361719024,-0.0071868083167524,-0.4976041351768188,0.7854169529840472,71.691044,78.47991499999999,228.06301,86.99903383505496,66.18036793176786,1.0324892139876565,104.796304,94.32890516075808,91.24220433333332,58.523043,41.13005951601544
normal,0,train,N0593,2,4573.575,4575.175,1.7647690272791836,0.0881955489524124,0.0135181797725161,0.0273014911898537,0.0588235294114153,0.0635327382323013,0.0790690021228665,84.41825576000132,0.9968195387073088,0.995985313623213,0.0001196845416195,1.2853586269350048,0.0028969179912973,1.3539417389165709,69.33218501970804,0.0273014911898537,1.7647690272791836,171.332737,0.1089486274975417,1.6000000000003638,21.535091522832733,86.9739688674271,1.1868582084297772,0.0135181797725161,0.9359790686482764,0.7506262491174065,53.652414,73.64844116666667,227.45433,83.63433983979866,62.06011599196303,1.0115696660877735,120.503079,98.12680833873247,96.2177862,55.0002876,47.38383730621518
normal,0,train,N0597,1,4604.905,4606.605,1.18790852413485,0.0795810135064481,0.0171567522399303,0.0016037668102665,0.0,0.1356771203091696,0.0780153260032212,153.4407786916103,0.9984455342265928,0.9967312837622092,0.0010918075711394,1.4378628658052135,0.0001682145639218,1.402885346617247,107.8156974827621,-0.0016037668102665,-0.1036675240211305,269.052062,-0.2698354354621614,1.699999999999818,48.63213363138373,156.98794413738676,1.139420846760048,-0.0171567522399303,-1.18790852413485,0.742767700290532,131.548899,134.04800133333333,428.71767,154.51614943344816,110.67818096625534,1.0369668526393885,217.665338,169.78259370339504,163.87564016666667,94.2303304,88.25388848860294
normal,0,train,N0597,2,4606.605,4608.205,1.6400897614093113,0.0517291428179096,0.0236875256941516,0.0095944800608777,0.0588235294114153,0.1241706760267543,0.0686768085515301,150.10061486265465,0.9989381032426692,0.9986188881462308,4.719998385247835e-05,1.4634380423355742,0.0009086226641257,1.4341035191425926,110.46335597608189,-0.0095944800608777,-0.6201874149122423,276.68861,-0.287760390529798,1.6000000000003638,43.31817226191313,154.64849977251694,1.2293271537546993,-0.0236875256941516,-1.6400897614093113,0.6786259600467309,105.65342,128.52678266666666,426.6501,148.0545538049522,99.3126348760294,1.011690645813556,248.398695,179.9042859421732,175.682614,86.1016856,98.70249320123018
normal,0,train,N0598,1,4612.309,4614.009,0.7730490736420134,0.0490923317244464,0.0111650107363638,0.0103739485863974,0.0,0.0398263425574079,0.0624060526217876,85.07397734719021,0.9943867054354448,0.99875609959528,0.0017930426689463,1.2981547020424926,0.0032828776905683,1.3447083769591544,68.05754056159638,0.0103739485863974,0.6705722785817897,165.93386800000002,0.2208664878151452,1.699999999999818,28.24591823951996,87.08684958440196,1.1149024674631005,-0.0111650107363638,-0.7730490736420134,0.7728695627740104,76.871639,79.07651866666667,227.10958,86.96581400596902,64.30333677167691,1.045252610851821,101.941126,92.76073516924906,89.104961,56.453974,39.64780449832424
normal,0,holdout,N0005,1,39.937,41.637,1.4377722945763218,0.0736842695457638,0.0052777954529151,0.0222427564325001,1.0867124193972773e-13,0.1513468732164258,0.0584031830339751,155.98553708117808,0.9983269549182742,0.9971977437014204,0.0011541144646249,1.4429488194648104,0.0002069915267584,1.421492621361466,110.05080772853997,-0.0222427564325001,-1.4377722945763218,274.694116,-0.4431164016997966,1.7000000000000028,50.41489571260706,159.59347687773928,1.1398842833601328,-0.0052777954529151,-0.3654268663136854,0.7416139030639213,138.82268900000005,136.0540351666667,441.70707,156.8481170962356,112.15468194969093,1.0371456838524502,220.905089,172.38533249111427,166.12841849999998,95.888005,88.84169864699773
normal,0,holdout,N0005,2,41.637,43.237,0.7408415553655164,0.0503118075429712,0.0106998432591497,0.0076620350993183,0.0588235294116285,0.1424269574266877,0.0720364057632952,153.6374211144309,0.9989942248201068,0.998693533946713,6.706645123743686e-05,1.4567253705061936,0.0007805304367588,1.4432179894171178,114.78039300938482,-0.0076620350993183,-0.4952741275256155,287.3439,-0.3282171398231249,1.6000000000000014,44.653036392176624,158.28643148878035,1.223247721745881,-0.0106998432591497,-0.7408415553655164,0.6882847307903267,109.36559,131.61686583333332,438.96752,151.6475398940896,103.09891190034894,1.0123936736781944,254.663383,183.2315950867722,178.8259,89.3718838,100.65588869399868
normal,0,holdout,N0007,1,56.049,57.749,1.533813301137053,0.107820669466141,0.0221525936174954,0.008326983874288,1.0867124193972773e-13,0.1738426682308204,0.0996375859999071,182.4149846474816,0.9986964618636824,0.9939998468314124,0.0010170600874291,1.4162944673352298,9.044963088034073e-05,1.4050930108363695,128.37059787695773,0.008326983874288,0.538256431848607,319.874565,-0.2713361607746541,1.7000000000000028,53.75938090871422,186.6727448818459,1.1425894894607207,-0.0221525936174954,-1.533813301137053,0.7612553340898122,145.50938000000002,157.8864841666667,508.70663,181.04296691215907,134.82644638357235,1.0222024532875236,267.199307,202.36479619994932,196.3240133333333,113.7695442,107.76850484904656
normal,0,holdout,N0011,1,88.438,90.138,0.6098921706607703,0.1058000997139818,0.0036332622575775,0.0094352096317823,1.0867124193972773e-13,0.0531500152299549,0.0421974563023517,84.08407933629718,0.9938235754190616,0.9942226265292904,0.0019268654342367,1.302110604552568,0.003249847707223,1.3233122236490673,68.30212419040116,-0.0094352096317823,-0.6098921706607703,170.89154100000002,-0.1148699462237677,1.7000000000000028,33.42060646486496,86.09454498276921,1.1000125422000455,0.0036332622575775,0.2515617842955639,0.7569938361873019,87.209833,81.78318583333335,220.60159,88.29982657260491,62.4457609019172,1.0704077184175596,93.041315,90.74198086645715,85.45950099999999,53.6579428,36.46976645446311
normal,0,holdout,N0011,2,90.138,91.838,0.4793937213543002,0.0522816593608839,0.0051368412038751,0.0074163605875405,1.0031191563667174e-13,0.0444532870369435,0.0442361811580118,84.13333609504387,0.9939722251752012,0.9985892274035972,0.00188243536729,1.2973800457666036,0.0032865802132014,1.3328652494335815,67.22757673371514,-0.0074163605875405,-0.4793937213543002,164.506933,-0.0024479330336263,1.6999999999999886,26.78953564145653,86.13824731597413,1.1210266169249627,-0.0051368412038751,-0.3556673995098252,0.7849474877899015,72.260506,76.288708,222.17097,85.00884196765557,64.71444000786555,1.031106456832969,104.696044,92.42224591669596,89.12802883333335,56.0472796,41.08337246681546
normal,0,holdout,N0015,1,123.075,124.775,1.2802629143704725,0.1640525426286735,0.0184906103269378,0.0005531306408224,1.0867124193972773e-13,0.181931029714865,0.0919564839055832,185.38640877212163,0.998761593096724,0.986109297164924,0.001013497452857,1.434815821959124,9.56124982621327e-05,1.41121370079284,123.97434096605498,-0.0005531306408224,-0.0357543775237235,308.453118,-0.3285091190160628,1.7000000000000028,51.90799826788509,189.7430090558268,1.1508827400474828,-0.0184906103269378,-1.2802629143704725,0.768816212547063,134.60363,157.70592133333335,518.09782,181.3534883596465,138.30916424086496,1.0080857824435172,292.804274,207.0424989970668,201.54709,115.070619,117.19450350114988
normal,0,holdout,N0029,1,240.921,242.621,1.233642095334094,0.0850182424798935,0.0024570519078982,0.0190848027569492,1.170305682427837e-13,0.0762522347843727,0.077293982883893,100.38216982290892,0.9960530052453682,0.9962693669396764,0.0015765250575907,1.4278880026475045,0.0014913202454267,1.445076951971752,74.36149734758305,0.0190848027569492,1.233642095334094,184.595133,0.0067845897823688,1.700000000000017,40.416343335170765,102.59823981990066,1.107064129960439,0.0024570519078982,0.1701226936669891,0.7071244492913855,108.152884,97.41551766666667,285.87214,105.98807619996522,68.67315189490411,1.0913545970490868,115.459693,107.5137243951314,100.98498366666666,60.86445640000001,45.7430547423976
normal,0,holdout,N0033,1,266.008,267.708,1.3339153059761144,0.034970121122575,0.0062900807656714,0.0206360585499762,1.337492208488957e-13,0.1295033066049323,0.0543671265185947,142.00151468351936,0.9975385324225038,0.9993688209696366,0.0014906816043268,1.449523871870626,0.0002749335337297,1.4227629927066408,101.94410052817206,-0.0206360585499762,-1.3339153059761144,254.583154,-0.4086365535205503,1.7000000000000457,52.27405240897088,145.2481689556792,1.1293256984634636,-0.0062900807656714,-0.4355160262586016,0.7143999999289967,143.184081,130.00612850000002,403.64914,146.50318788550126,98.34233783249736,1.0642606198081883,187.833568,155.4598675423476,147.9548015,85.7624872,73.98586848626674
normal,0,holdout,N0033,2,267.708,269.408,2.0500679568697358,0.1290559766103287,0.0060430784842006,0.0317151487803316,1.0031191563667174e-13,0.1354403743195999,0.1082596524690626,145.82125103678877,0.9981857951167828,0.9914036412392968,0.00115637615349,1.4522854269820633,0.0003887430698416,1.439106841478524,101.9923986225023,0.0317151487803316,2.0500679568697358,254.589469,-0.1115335201583581,1.6999999999999886,44.065939428522846,149.11669394700934,1.1423170962569609,-0.0060430784842006,-0.4184139482232838,0.77792657608889,117.885483,123.8903156666667,413.19792,142.84637505539683,109.8066987860231,1.011996469086992,216.9421,161.24152736553364,156.14306783333333,91.3584586,86.69155747865449
normal,0,holdout,N0034,1,274.018,275.618,1.8008938229502882,0.1040146697535099,0.0260099902501176,0.0069068004851974,0.058823529411616,0.1359105103551598,0.0889872690388911,159.54062480450796,0.9985618945392732,0.9944159734069976,9.885442733472404e-05,1.4558671545389696,0.0006433307010737,1.4924111040166383,118.52868021376312,0.0069068004851974,0.4464557444541046,291.38318000000004,-0.2086425283632711,1.6000000000000227,37.66246712573447,164.3669501117581,1.2384040626600128,-0.0260099902501176,-1.8008938229502882,0.7037744440140642,93.65881,132.5686716666667,468.35833,153.3574840431884,109.25469020454246,0.987866771356268,293.877518,192.2511585420152,189.276884,96.3422178,112.39894861690554
normal,0,holdout,N0035,1,281.097,282.697,1.1116836577448534,0.0488755091627025,0.0074739418969829,0.0171980701829395,0.058823529411616,0.0398857140516722,0.0338502836993933,82.63602183752575,0.996513397894624,0.9987670630214628,5.616208803581559e-05,1.3149552914918332,0.002686809070974,1.3317347272158455,68.5455849220504,-0.0171980701829395,-1.1116836577448534,172.84824500000002,-0.0818518842394029,1.6000000000000227,17.379092280449083,85.13258606843232,1.2146689727840838,-0.0074739418969829,-0.5174848458586083,0.7650231246855659,42.48822,69.01489583333334,219.95952,78.70147586846852,61.7910266021742,0.9743882291177686,125.02624,98.10898571332172,96.8697414,52.59745740000001,50.140198737234975
normal,0,holdout,N0047,1,363.341,365.041,1.1503812504321766,0.1582892008732428,0.0166147524781004,0.0014607273195504,1.0031191563667174e-13,0.1389680007789563,0.0818244338935504,155.28610010210315,0.9987383973421488,0.987068143941618,0.000722406892228,1.4515848310657424,0.0002657483973918,1.435953571204278,104.72149413761424,0.0014607273195504,0.0944214480050546,259.653838,-0.258811253972112,1.6999999999999886,43.49390059179827,158.8600344949741,1.1441209912874306,-0.0166147524781004,-1.1503812504321766,0.7673242074868815,114.11978,132.66940483333332,441.49142,152.966829665297,115.44795209677196,1.0166932302646428,247.748409,172.1390047469873,167.49747499999998,95.9849708,97.48777472539842
normal,0,holdout,N0047,2,365.041,366.641,0.7913210469571718,0.0935404299252888,0.0114289096079802,0.0058840934296971,0.058823529411616,0.1321413630450804,0.0712256857076814,147.22213152481245,0.9982617714362576,0.995483967984198,0.0001131309074199,1.4784789831175835,0.0008752870851357,1.5069864000889568,107.57128890490924,-0.0058840934296971,-0.3803479365334298,265.22211,-0.2995356313163405,1.6000000000000227,37.24673379064224,151.67328636411514,1.2355624330575044,-0.0114289096079802,-0.7913210469571718,0.6874099244146482,93.79734000000002,123.85304183333336,435.22757,143.36429246530238,98.51502691940614,1.0003553826154412,270.781314,177.0726054863359,173.910472,87.116539,103.84834875386228
normal,0,holdout,N0048,1,370.258,371.958,0.1374729121170991,0.1186430776684569,0.0019854969006242,0.000765815145214,1.337492208488957e-13,0.0502232312746468,0.0505203916481036,83.22547517892839,0.99423400040376,0.9927348749013378,0.0016489405107533,1.3044283145252924,0.0032352911199023,1.3170730448139616,64.5229090002704,-0.000765815145214,-0.0495023088481448,155.250327,0.0029496693173489,1.7000000000000457,21.535120302612768,85.2098201057738,1.1360904659215567,0.0019854969006242,0.1374729121170991,0.8176202171463165,57.9331,70.76872266666668,218.61568,80.86818054024506,66.60254443910527,0.9927467469954656,113.382594,92.54481990119804,90.4327145,56.6075386,45.26813645077697
normal,0,holdout,N0048,2,371.958,373.558,1.0434462278962835,0.0502012200373459,0.0083927899749036,0.0161424172555413,0.0588235294116494,0.0537510354603408,0.0343637967780046,81.29247660172472,0.9969053216834106,0.9986992709712308,0.0001439035649231,1.31018260874498,0.0022479793435108,1.3403240318758884,67.54664173870368,-0.0161424172555413,-1.0434462278962835,169.97315500000002,-0.2200224206257909,1.599999999999966,16.316602368839632,83.76212889116482,1.215404774450371,0.0083927899749036,0.5811045478209944,0.7646994572028532,40.73918599999999,67.81582866666666,217.61051,77.46176282848062,60.826481271194105,0.9738351907094036,124.667066,96.67692981036625,95.5690512,51.651889,50.00947954980752
normal,0,holdout,N0055,1,419.579,421.279,0.5782442054569692,0.1066938881073539,0.006967389495237,0.0089456063863534,1.0031191563667174e-13,0.1264658445029065,0.0654182629516491,140.4171456209983,0.9984554894092432,0.9941246008983352,0.0005756612979032,1.4517537958806723,0.0002201472473859,1.448503949432112,96.13372275310634,-0.0089456063863534,-0.5782442054569692,236.79486100000003,-0.3181481903882908,1.6999999999999886,40.97159218355348,143.5938147401882,1.1352322170011653,-0.006967389495237,-0.4824118957139721,0.7387156526791913,112.918153,122.85999016666666,404.78079,141.77471780936838,100.32210139306262,1.0439494562580802,210.676935,154.17147472861487,149.56587449999998,86.5845084,83.75469941792356
normal,0,holdout,N0057,1,433.228,434.928,1.209645023662148,0.0306073037219414,0.0057450966306334,0.0187135610642933,1.0031191563667174e-13,0.0688803338684804,0.0771476377473737,100.93951438487284,0.9967781960792964,0.9995164866884504,0.0006937740845765,1.4215515058221264,0.0018091802529457,1.4228774615694415,76.25680509207781,0.0187135610642933,1.209645023662148,193.733354,0.056614522460018,1.6999999999999886,36.478924529630696,103.3050946200526,1.1190264095093028,-0.0057450966306334,-0.397782118903855,0.7384389152180281,94.967491,92.3898325,279.8008,104.24673252693968,72.5224158645083,1.061462765195752,137.943879,109.90008375958888,104.73347983333332,62.891204,52.89423514711503
normal,0,holdout,N0057,2,434.928,436.528,0.246433775770789,0.119122468154986,0.0015269354031303,0.0038124023337271,0.058823529411616,0.0671809354509061,0.0606435370165886,96.96706134996234,0.9964570187297082,0.9926760452029166,0.0001783837348093,1.4409680270277456,0.0023246683996514,1.4374468820597517,71.17172002115908,0.0038124023337271,0.246433775770789,176.38935800000002,-0.0511435588825047,1.6000000000000227,34.52347504398566,99.9010808126139,1.1973457920580028,-0.0015269354031303,-0.105722782250147,0.6807465672058803,86.920988,86.34530366666667,277.1844,98.14747450348624,64.119748359999,1.0420121422350506,148.791329,112.77840327829956,108.4687604,56.3802548,57.01626967011858
normal,0,holdout,N0066,1,493.473,495.073,2.228552709707443,0.1068180007156269,0.0321865917427625,0.0125079025151013,0.0588235294116494,0.1293820242748991,0.0694772479313742,159.30440496358497,0.9984548361154278,0.9941109237280542,8.331108974927443e-05,1.4708153219759632,0.0007315435997943,1.4982668561773884,116.9874416524454,-0.0125079025151013,-0.8085111103045431,288.40713,-0.3012420576551513,1.599999999999966,38.57326695357253,164.12494587287082,1.2397585149556178,-0.0321865917427625,-2.228552709707443,0.6962884145123366,95.32179,132.40728316666667,468.92649,153.63780011395644,107.96222222951202,0.9908671574311808,294.862901,192.2293714973147,189.107942,95.2512158,113.21557629038568
normal,0,holdout,N0066,2,495.073,496.773,2.3254128002404943,0.0549529531767509,0.0335855248604646,0.0056145183203906,1.337492208488957e-13,0.1326741214773166,0.0776413332217089,162.4534898481823,0.9981225546679472,0.9984413795804647,0.0010878704031115,1.4440276695055596,8.60809482561291e-05,1.44987614744452,113.75934275748352,-0.0056145183203906,-0.3629225951804181,279.20285,-0.2616678281398834,1.7000000000000457,52.98995219544389,166.25842131579716,1.1381143634344075,-0.0335855248604646,-2.3254128002404943,0.7170359421011632,150.546809,144.12823983333334,469.4789,166.0310827963334,113.0189567939549,1.05336535788404,232.181692,179.38919169190712,172.74413516666667,98.6675128,90.2886766127496
normal,0,holdout,N0069,1,521.037,522.737,0.6216075663739139,0.0754207093678543,0.0025676980000364,0.0096164502178896,6.687461042444783e-14,0.046893448121483,0.0420011529940945,84.04675050199708,0.993983755423039,0.9970641117927452,0.0019240889486655,1.3102928403896237,0.0030373648474519,1.326366448841483,66.32252423126147,-0.0096164502178896,-0.6216075663739139,161.070606,-0.0550347835069615,1.6999999999999318,24.988436711258977,86.05430266216523,1.130823885812743,-0.0025676980000364,-0.1777836678522651,0.7999787650893666,67.785505,73.277581,221.99883,83.1847876674891,65.8495799000605,1.0105768907479085,108.751308,93.08281803380696,90.24444233333334,56.4374516,43.12917836556155
normal,0,holdout,N0069,2,522.737,524.337,0.959008781558368,0.0504062079093306,0.0039813030433712,0.0148361453515956,0.058823529411616,0.0428065963560318,0.0360573317501611,82.25220212542595,0.9967373466654218,0.998688626686038,5.955443812507817e-05,1.3153930139522712,0.0023536019165158,1.3442782945968137,68.2383722392173,-0.0148361453515956,-0.959008781558368,172.57918999999998,-0.0855811366217645,1.6000000000000227,19.3711972097265,84.73881475436161,1.205087785520314,-0.0039813030433712,-0.2756596211360743,0.759660767288232,48.620351,69.43258366666664,219.94927,79.50392862244206,61.14768308624453,0.98770734018767,118.90782,97.00162121461962,95.4417094,51.9449536,48.1367733313594
normal,0,holdout,N0070,1,528.243,529.943,0.7111333711701209,0.0401904494578395,0.0012620793538225,0.0110014405101753,6.687461042444783e-14,0.1015276540001677,0.0550617513252166,119.84618826099732,0.9968034474674526,0.9991663111083228,0.0016343794761795,1.4574581492604015,0.0006345298105251,1.4483630436537636,86.72221164769394,-0.0110014405101753,-0.7111333711701209,216.909201,-0.2967372063141862,1.6999999999999318,45.57466285654626,122.55063949100172,1.127509684316424,-0.0012620793538225,-0.087384535346449,0.7165514102513107,124.163886,110.33319616666668,343.46502,123.44419386003344,83.05701776156374,1.0649805829974914,153.290532,130.6920767119278,123.89327666666664,72.3136044,60.64705916762694
normal,0,holdout,N0080,1,597.608,599.308,0.1762065120689411,0.1304879165352717,0.0025449194186319,0.0006744733431859,1.337492208488957e-13,0.0592937259707972,0.0542661499381622,88.93895109336735,0.9946987430470584,0.991211821232654,0.0015353411848274,1.357919106233095,0.0027167434713551,1.3353542912297394,70.19920065733714,0.0006744733431859,0.0435979726346367,178.173088,-0.0442724685312381,1.7000000000000457,38.90873511187576,91.04340782934167,1.0962649861002387,0.0025449194186319,0.1762065120689411,0.7299944407342505,98.321213,88.13388150000002,234.75626,94.85485987287517,63.54328656418975,1.0897063108921383,96.685301,95.42576802638187,88.56919599999999,54.0675468,38.41661161393708
normal,0,holdout,N0085,1,636.953,638.653,1.2953182923586313,0.0288489785408952,0.0059107485277903,0.0200389515003036,1.337492208488957e-13,0.0980779643019323,0.0832247275430272,112.715300744965,0.9979064869228876,0.9995704446127208,0.0005627948857505,1.4416243214480942,0.0011827842060702,1.4298690500295663,81.53802172125624,0.0200389515003036,1.2953182923586313,204.789063,-0.0819250757265363,1.7000000000000457,38.75997253260957,115.37384550570826,1.1288169525359528,0.0059107485277903,0.4092516148737082,0.7186493029005274,103.122838,102.084867,316.87752,116.29591035161248,78.66605858891307,1.0624146729037656,156.40916499999997,123.56455390125504,118.39025616666665,68.6309888,61.02542447966351
normal,0,holdout,N0090,1,677.421,679.121,0.1580226127710765,0.0540137985161757,0.0005512863592498,0.0024446558748929,6.687461042444783e-14,0.1266477206245295,0.0748211410301631,135.49195785553306,0.9984295614386228,0.998494198487665,0.000828148247967,1.4544869335046424,0.0003182002532942,1.4432193843452872,94.92310060670172,0.0024446558748929,0.1580226127710765,236.180927,-0.2572436215127741,1.6999999999999318,50.71522646875981,138.6934626024807,1.1242688398949343,0.0005512863592498,0.0381702641755216,0.6762445400202909,138.94082699999998,128.34423383333336,389.18249,143.6566914925395,89.11958591118336,1.0900752316783204,180.604476,148.1629315059264,140.74406716666667,78.7575572,70.69655707869212
normal,0,holdout,N0095,1,718.025,719.725,0.2440161757785968,0.0526218823135266,0.0035242823713363,0.0024330074491777,1.337492208488957e-13,0.1419262147322411,0.0800520997024923,148.48432468766148,0.9982669935713616,0.9985708064525308,0.0007476983796826,1.4604719188850794,0.0002958856117195,1.458290836123479,103.05710130993492,0.0024330074491777,0.1572696582611616,252.259884,-0.278739457892687,1.7000000000000457,48.71655028125333,151.9513661674361,1.1343125946500034,-0.0035242823713363,-0.2440161757785968,0.7057536717154387,138.522285,133.00557433333333,431.90508,153.19110742360667,101.63452065528308,1.0637644162760622,212.266586,163.3506440714442,157.1804091666667,89.44560179999999,83.26127015556132
normal,0,holdout,N0101,1,766.428,768.128,0.7753003605170113,0.1575616632006792,0.0042069891462225,0.0119941225366921,1.337492208488957e-13,0.1875646418337481,0.078172387138938,179.57966463929935,0.998839691136481,0.9871867469880832,0.0009965251500427,1.4152503344877336,2.108656854455996e-05,1.404765236123476,123.917672513533,-0.0119941225366921,-0.7753003605170113,308.80001500000003,-0.4116560462698723,1.7000000000000457,49.65363325775574,183.74047938163687,1.144563256409736,-0.0042069891462225,-0.2912857980258904,0.7860603844547532,130.74471,152.72211966666666,499.51523,175.09353272985953,137.0596987803257,1.00419080793231,278.990187,199.5692675281704,194.35360333333333,113.789451,111.68927393577282
normal,0,holdout,N0109,1,828.638,830.338,1.122369677593022,0.0478989755827412,0.0077704625435241,0.0173633860244065,6.687461042444783e-14,0.0927506127862356,0.0786023377189819,107.8906294286088,0.997596298232298,0.9988158390390306,0.0007248645708485,1.4489660062429632,0.0011165968428375,1.4263256300847431,78.41897648302847,0.0173633860244065,1.122369677593022,198.675535,-0.0825680271361325,1.6999999999999318,36.66502684415573,110.37773161491032,1.128432638539024,0.0077704625435241,0.538015503332835,0.737564313187852,96.124065,95.81592733333332,302.14194,110.08632975460644,77.1845420442722,1.051969034813405,154.372709,118.08808381332469,113.245421,66.7902784,59.69217825027384
normal,0,holdout,N0112,1,855.065,856.665,0.5885818223054513,0.059592775765616,0.0085007829248264,0.0012516038903481,0.0588235294116828,0.0396207247840289,0.0500031195526839,83.14745231199112,0.9966482172973408,0.9981670715233786,3.3791460547961504e-05,1.3194214633442531,0.0024081057063006,1.3317485613931537,68.32596886685488,-0.0012516038903481,-0.0809037046639191,172.956964,0.1158441131975206,1.599999999999909,21.73702892121096,85.65244910572761,1.2008213533937937,-0.0085007829248264,-0.5885818223054513,0.7529243484013185,53.24627,71.04894433333334,221.39743,80.91566944588388,61.14971924876728,0.9962985675396498,119.890346,97.5262505241976,95.5686706,51.7994704,48.085698361374256
normal,0,holdout,N0114,1,869.389,871.089,0.8659691835030173,0.0662133356390227,0.0070878423589836,0.013396795653504,1.337492208488957e-13,0.1371096142700349,0.0638828743843849,147.64315962392303,0.9978646564842631,0.9977371840947352,0.0011175188518708,1.4477213329382286,0.000242606180317,1.4520923322563568,104.05079139834508,-0.013396795653504,-0.8659691835030173,254.285129,-0.3643257535419115,1.7000000000000457,47.09601372562874,151.04077370082916,1.138597075225803,-0.0070878423589836,-0.4907518764748966,0.732577600222471,133.687517,129.1181983333333,427.67042,149.1155315951493,104.6458543371279,1.0438894018672569,207.810781,162.64415352936757,156.85904050000002,91.4055696,81.71119352004075
normal,0,holdout,N0119,1,902.058,903.758,0.997425531369624,0.0801935516997618,0.0144056401413169,0.0107990563726029,1.337492208488957e-13,0.1583923157381345,0.0742278852139365,166.84265178989557,0.9985073664200076,0.9966807712339468,0.0008789015641344,1.4392789754226762,0.0001165980187805,1.437881125877244,116.45318196462895,-0.0107990563726029,-0.6980512557971262,286.143341,-0.3618104970220424,1.7000000000000457,51.29294091846161,170.75092141262704,1.140542851102932,-0.0144056401413169,-0.997425531369624,0.7325712655562711,144.59945299999998,145.9958515,477.5142,168.56623872814984,118.53591380922477,1.0417668271734468,243.835834,184.5489926381501,178.5101095,102.6285784,96.13136504609646
normal,0,holdout,N0119,2,903.758,905.458,0.4596652395736234,0.1823114583702204,0.0066388635727792,0.0046877152686556,6.687461042444783e-14,0.1639665042899175,0.0797453005052126,165.37076921601894,0.9988894222487686,0.982845177882266,0.0006845151653796,1.4421678028697325,0.0001924430543715,1.4305410268182042,111.74864110543582,-0.0046877152686556,-0.3030140242999502,276.680622,-0.3455770386467641,1.6999999999999318,44.89795449459737,169.2061094693931,1.1458996828406718,-0.0066388635727792,-0.4596652395736234,0.7858073602213229,114.48003,139.44273833333332,468.02514,160.74949140475226,125.961563766693,1.0028307820285247,269.325526,183.68282517704512,179.05173833333333,105.0694602,105.7654933376375
normal,0,holdout,N0120,1,910.265,911.865,1.013266825082886,0.0516322213395314,0.000593160607849,0.015675533098301,0.058823529411616,0.0446546282595656,0.0348007605689368,81.21832716279943,0.9968978107887322,0.9986240586939577,4.5917848698022336e-05,1.3101953367094343,0.002281967525929,1.3368552861518648,67.60641918623995,-0.015675533098301,-1.013266825082886,170.27225099999998,-0.1240176133524875,1.6000000000000227,16.077615714468088,83.669163236609,1.2149462049221482,-0.000593160607849,-0.0410695761290403,0.7692437915033703,40.037752,67.4876665,216.84244,77.16256786413652,61.109049578616094,0.9713262875997216,123.771449,96.51583632133055,95.4385398,52.0877898,49.68834971101182
normal,0,holdout,N0121,1,917.521,919.221,0.3808184712261425,0.045963232259438,0.0055000936742788,0.0011926101073453,1.337492208488957e-13,0.103302019892858,0.0635194900575143,116.4978773387585,0.9975989491473216,0.9989096161446516,0.0010267305668571,1.463852985584099,0.0007263564605629,1.4615152987285709,82.85141401970435,-0.0011926101073453,-0.0770903451546781,205.564762,-0.2384736227776627,1.7000000000000457,39.78772241466415,119.12138620192238,1.131319371959102,0.0055000936742788,0.3808184712261425,0.7271880531041316,109.745273,103.84823283333331,337.04654,118.7146733390937,81.8363532615274,1.054884397212414,157.395982,127.316519269049,122.02572283333332,71.5956774,63.01160086906073
normal,0,holdout,N0125,1,943.329,945.029,2.4752974461289963,0.0304973547356666,0.0357502822317879,0.0053590287791315,1.337492208488957e-13,0.1657692094325387,0.0981660281566671,186.12339568418497,0.9987297158606112,0.9995199542472906,0.0010311211804785,1.4167978652309954,4.432339700151607e-05,1.416591498509843,132.14299346288163,0.0053590287791315,0.3464077452745127,327.77528,-0.2561354894977475,1.7000000000000457,62.7943295369595,190.53954832345485,1.13079218782047,-0.0357502822317879,-2.4752974461289963,0.7060161897454736,173.133037,170.07058933333334,524.77986,193.63521525374375,128.0818471584295,1.0673612218044553,256.557614,205.142536774662,196.97086216666665,112.1694696,101.413556668779
normal,0,holdout,N0128,1,964.185,965.885,1.7786253325342904,0.1679155715598604,0.0256883703904548,0.00583451102758,1.337492208488957e-13,0.1537566607258221,0.0809929829343944,171.3048280553721,0.9986606635687768,0.985447412040102,0.0007328341690575,1.4297606782353538,6.180126850831933e-05,1.439332112229208,116.08466972222142,-0.00583451102758,-0.3771429289041478,283.655555,-0.3099628892150224,1.7000000000000457,45.77709725832195,175.23885938912804,1.1439191864001756,-0.0256883703904548,-1.7786253325342904,0.7768367521706652,121.5315,145.61481983333334,489.75545,167.62215468756696,128.81307103594145,1.0108838271778005,270.139607,189.6817355839649,185.02128333333332,107.6853406,107.4388510384611
normal,0,holdout,N0132,1,998.048,999.748,1.3741553781852949,0.0403853420792144,0.0018034485741592,0.021258584194928,1.337492208488957e-13,0.1075396492544855,0.0465797757484702,124.24545656712614,0.996318794155505,0.9991582060103964,0.0021977210731715,1.4600069272732616,0.0004744194408937,1.4485606554374382,90.28946137441852,-0.021258584194928,-1.3741553781852949,225.521596,-0.395536600947289,1.7000000000000457,46.20335453550225,127.05054269982672,1.1338600313002691,-0.0018034485741592,-0.1248681512749585,0.7320143394472607,125.750917,112.06061966666668,356.53834,126.09623701514636,87.96239388647973,1.0493604092284172,160.668157,136.2501214944523,129.55746716666667,76.4166696,63.334147275882536
normal,0,holdout,N0144,1,1088.185,1089.785,0.4315870861589078,0.105234377840667,0.0062333357802737,0.0020638270360398,0.0588235294115491,0.149491902490127,0.0790891716128811,147.0128835755967,0.998897707288368,0.9942842455331492,3.181936885778052e-05,1.4634808224838949,0.0009055691884083,1.4407403953210998,108.81425126042288,0.0020638270360398,0.1334058277453391,271.18496,-0.3079989502770971,1.6000000000001364,35.919811133994976,151.44814653714317,1.2482240827100122,0.0062333357802737,0.4315870861589078,0.7088420547536788,91.76099999999998,119.8083695,423.36207,138.77020253580582,100.9445897671292,0.9744569345517906,261.841333,177.7567613569409,174.829288,88.72843900000001,101.71307521925604
normal,0,holdout,N0153,1,1158.555,1160.255,2.023811627512145,0.1376520427096593,0.0060649761332893,0.0313089557128233,1.337492208488957e-13,0.0703270442180278,0.0902215642977516,102.12542473318086,0.996755604681222,0.9902203432969492,0.0008696034195597,1.4239786370416452,0.0016264385542478,1.3950260708557116,75.09527917580625,0.0313089557128233,2.023811627512145,188.024062,0.1239158673719962,1.7000000000000457,44.47084468650888,104.5275205945406,1.0994119333526986,-0.0060649761332893,-0.4199301095367547,0.6815596989298578,115.882048,102.377149,284.65024000000005,110.4374193851225,67.66177508480749,1.1124404320219392,115.065831,109.14401640364488,101.31322533333334,59.1352764,45.36972069224884
normal,0,holdout,N0165,1,1252.717,1254.417,0.6269288199832156,0.1015036821935133,0.0090546218147206,0.0054955154529324,0.0,0.1674749719057547,0.0866278671133666,157.19097657670918,0.9984885728146708,0.9946823238715602,0.0010604370528488,1.445297953158262,0.0001920881578259,1.4192962907837583,109.09358451476824,0.0054955154529324,0.3552302470523504,271.524821,-0.3181668693830931,1.699999999999818,48.34002831794179,160.818916525836,1.142658522810317,0.0090546218147206,0.6269288199832156,0.7493915920260046,131.89138100000002,136.2094235,444.56916,156.9112011852241,114.2290096907116,1.0294051850864403,229.100011,174.1742940061497,168.4915015,96.7146748,92.43152385730644
normal,0,holdout,N0165,2,1254.417,1256.017,0.8283648379501978,0.0591513215773978,0.0119639265147392,0.0112126350238978,0.0588235294115491,0.1647887606354411,0.0684040094701197,153.43471120188914,0.9988629356915072,0.9981941270480744,4.748985455063719e-05,1.4685914570260332,0.000913999727595,1.4540423627248509,113.15517174610204,-0.0112126350238978,-0.7247849894629431,282.40553,-0.4133264985928891,1.6000000000001364,42.50682811001781,158.07305555846787,1.231187108616307,0.0119639265147392,0.8283648379501978,0.6842235300739218,103.82487,130.36268599999997,440.18441,150.50631039084536,102.29952330432955,1.006651406259947,261.851223,184.07705782389093,180.10801999999998,89.47178,103.1036360464915
normal,0,holdout,N0178,1,1349.657,1351.357,5.640053681855351,0.0462101960399879,0.0643706341241034,0.087253274238882,1.337492208488957e-13,0.1813053318294246,0.1571480383456595,129.34169146439774,0.9975314879839736,0.9988978672422936,0.0014039240112468,1.461841800027689,0.0002430245481868,1.4351427439859508,91.87327630084036,0.087253274238882,5.640053681855351,229.232455,-0.071375544203318,1.7000000000000457,48.69043927955629,132.3605581814745,1.1313002437546025,0.0643706341241034,4.456928905344992,0.6979593038469096,133.028288,119.7040025,370.21165,134.42239120880984,87.5827041015763,1.071231581074799,172.419093,141.96004545349993,134.822187,76.8738356,66.9955017335431
normal,0,holdout,N0181,1,1374.517,1376.217,0.2752467828502722,0.0334042064791591,0.003975340493191,0.0011879781515911,1.337492208488957e-13,0.2002104214425968,0.0925635422096026,182.5759750173457,0.998188388231888,0.9994240820590956,0.0013588619443785,1.4175624864609155,5.448459742447986e-05,1.394846830070634,131.19280070333923,0.0011879781515911,0.0767909354266912,327.27615,-0.3676791402137983,1.7000000000000457,62.47419937263299,186.8546578955632,1.1338902945163407,0.003975340493191,0.2752467828502722,0.7226994837068494,170.28082999999998,164.39787533333333,508.26388,187.2246088263108,128.29034044087825,1.0546945909645244,245.932488,201.2830715749,193.03459166666664,111.6279024,98.1410784700324
normal,0,holdout,N0181,2,1376.217,1377.917,0.2783200605410097,0.1387195890944604,0.0040197272980949,0.0039955786421908,0.0,0.1948226633268773,0.0960774078563159,184.32625990754897,0.9986204753238368,0.9900680648265524,0.0011375521365644,1.4190566477638726,6.707681260413497e-05,1.3980256536927993,128.43764325716916,0.0039955786421908,0.2582742966221959,319.9201,-0.339447340348148,1.699999999999818,52.56521485850267,188.6075043223405,1.1450681223431225,-0.0040197272980949,-0.2783200605410097,0.7786017902681509,138.99388,157.31316566666666,511.17259,180.5898883608129,139.4296394281703,1.0084484974551695,278.48044100000004,205.05531507191603,199.361725,115.747918,111.74616282923884
normal,0,holdout,N0182,1,1381.584,1383.284,0.572525865319571,0.033917921229829,0.0082688895842324,0.0064665390971755,1.337492208488957e-13,0.0657528575775312,0.0647370907066935,100.5342622455764,0.9968754665507092,0.9994062320616496,0.0009412799316094,1.424506413038689,0.0015373384230746,1.415847163152213,75.87375199414416,0.0064665390971755,0.4179972380639186,192.87469,-0.0077842537619638,1.7000000000000457,35.56223805468102,102.89187346887836,1.1247044962571646,-0.0082688895842324,-0.572525865319571,0.74963224232304,92.877881,90.11377016666668,278.52336,102.60970557698715,73.3371500575805,1.0488482796971337,140.255106,110.030782770017,105.13267416666667,63.3117268,53.75790291607552
normal,0,holdout,N0182,2,1383.284,1384.884,1.0093516998668544,0.1111221743837644,0.0026960347644205,0.0156149649701549,0.0588235294116828,0.0649928074396109,0.0721700663013494,96.2829882360157,0.9966981233891004,0.9936267676697867,0.0002194944564862,1.4445942742686266,0.0022089312521434,1.4400192862744647,70.64565062560689,0.0156149649701549,1.0093516998668544,175.350567,0.0523265419127976,1.599999999999909,33.683333174884325,99.21222402536064,1.203726342573325,-0.0026960347644205,-0.1866695184048509,0.6786991503724622,84.458122,85.401008,275.24081,97.13860537276886,63.57639125873577,1.036986963707306,149.802582,112.7577320258773,108.6584216,55.6330268,57.58908741959071
normal,0,holdout,N0183,1,1389.801,1391.501,0.5564179618312223,0.1802964954620018,0.0080362459895115,0.0017598616870288,1.337492208488957e-13,0.0446397890302661,0.0507285870677361,86.20490283619611,0.9933433850780696,0.9832222832124322,0.0019851245594179,1.308095213975806,0.0037910489643128,1.3119302531423216,69.61327345677519,-0.0017598616870288,-0.1137575004957257,175.211332,0.0638450426286932,1.7000000000000457,38.89886324275224,88.23505793745393,1.0785008633254036,-0.0080362459895115,-0.5564179618312223,0.7397861369232286,97.507843,87.96935233333335,224.4735,92.94935504915932,62.40586521976437,1.1018618852438498,82.825911,90.97869797345125,83.76269366666666,53.14272100000001,32.88116155080663
normal,0,holdout,N0187,1,1423.851,1425.451,0.5789733923328233,0.1093165658687739,0.0083620100739664,0.0034791234318849,0.0588235294116828,0.0412836638222461,0.048188464459258,84.17062384887825,0.9965274273971596,0.9938322004782688,6.246982585390696e-05,1.328406974167432,0.0027495606562163,1.3435697019787165,67.45379542728492,-0.0034791234318849,-0.2248906197824678,168.977877,0.0771726432527714,1.599999999999909,26.544279665450915,86.70809815074207,1.1871812840764917,-0.0083620100739664,-0.5789733923328233,0.737804467961761,63.414582,73.5258755,224.46993,83.59098858579877,60.51870440359888,1.0190866686213351,116.39096,97.37901615449938,94.4404244,52.697426400000005,46.26057381907128
normal,0,holdout,N0188,1,1430.156,1431.856,0.8439282981941566,0.0562064202650922,0.0121887068121918,0.0016417737683461,1.337492208488957e-13,0.1973261600550103,0.0867276771922704,175.1261464549902,0.9978449653334688,0.9983694649398612,0.0015103689603105,1.413680685287921,3.658905304930951e-05,1.402404123950286,128.13436210681076,-0.0016417737683461,-0.1061242946778518,319.58214,-0.3893574680565569,1.7000000000000457,66.22319225022011,179.24950812649186,1.122961823533382,0.0121887068121918,0.8439282981941566,0.7060456855890499,177.887937,164.87032150000002,489.79157,183.3853477517678,120.38007151105776,1.0755803012501928,225.429681,191.4638491252228,181.6695155,105.9083816,87.9633755049687
normal,0,holdout,N0192,1,1463.835,1465.535,0.7468584533389381,0.0550455238663753,0.0107867442499968,0.0042017622837005,1.337492208488957e-13,0.0607104557030061,0.047541140112772,84.35727023734938,0.9939387622512226,0.99843612402698,0.001796711713166,1.2939597171588693,0.0033686031566663,1.3312164995860651,68.14060998202218,-0.0042017622837005,-0.2716020120183189,167.910119,-0.1216547016315942,1.7000000000000457,28.67725675576477,86.37434765800012,1.1143131929352672,0.0107867442499968,0.7468584533389381,0.7781975403723669,76.35308,78.11378483333333,221.82062,86.21196343102241,64.34971486258097,1.042583297159356,101.986185,92.14336015336862,88.34635216666665,55.775029200000006,39.96106992026588
normal,0,holdout,N0194,1,1478.587,1480.287,1.7493134221041906,0.0552328905775632,0.0252650236640774,0.012819690136158,1.337492208488957e-13,0.1164540105952655,0.0637886275962346,145.9793966786019,0.997683085774048,0.9984254595088744,0.0011067165022278,1.4521743075406095,0.000144551671764,1.4753416913632822,103.80146870251848,-0.012819690136158,-0.8286650694016322,253.42814,-0.2921915897767982,1.7000000000000457,54.06827660657618,149.43900155201496,1.1261594259370968,-0.0252650236640774,-1.7493134221041906,0.6876403010351669,151.14678700000002,137.61927516666665,427.33138,153.68102123995098,97.65455106000871,1.0821540067691582,197.29616700000005,159.93040692398287,152.12358883333334,86.69627840000001,74.93029874721346
normal,0,holdout,N0209,1,1592.994,1594.694,1.594349870324177,0.1892045162947531,0.0230269125552733,0.0072103586523863,1.337492208488957e-13,0.1554106171394563,0.0793442244407941,170.62849316062685,0.9987229635844636,0.9815234327812296,0.0007043934565978,1.4426978781830038,0.0001810834747262,1.445207042693983,114.80794962249573,-0.0072103586523863,-0.4660777514612452,282.742413,-0.3240248089721934,1.7000000000000457,45.903058877515775,174.54039212882566,1.145694993080066,-0.0230269125552733,-1.594349870324177,0.7902205316375034,116.94587,143.24497816666667,486.87785,165.10314609677252,130.44555406187314,1.0001712731560957,277.032763,189.1254557111412,184.42486,109.2388048,108.95082179143226
normal,0,holdout,N0209,2,1594.694,1596.294,0.7606956819705611,0.1338796088199681,0.0109865928902722,0.0031441892503623,0.0588235294115491,0.1591163832865003,0.087441117720979,165.03351408093565,0.998487320064886,0.990749032434681,7.383887621166535e-05,1.4672372295132363,0.0006752990558713,1.494202564692804,121.0005622400127,0.0031441892503623,0.2032404664770012,296.79803,-0.2907040559396984,1.6000000000001364,38.13555266382369,170.0321656273279,1.24649551014181,-0.0109865928902722,-0.7606956819705611,0.7066239365879496,94.65219,134.82961566666663,487.06132,156.77047756299183,113.3116329897857,0.9776381212891002,313.03254000000004,199.88346623327956,196.951628,100.2265822,119.39579652300414
normal,0,holdout,N0211,1,1606.545,1608.245,1.0465546041042753,0.1158123371052542,0.0151152026299772,0.0142266179023746,0.0,0.1348473422951137,0.0564259141830142,131.21961200424366,0.9982685036593464,0.9930774206834608,0.0009672160157375,1.461860857434015,0.0005156991529375,1.4335764839322676,91.74976037864,-0.0142266179023746,-0.919608913024391,229.396366,-0.4099968262978621,1.699999999999818,40.806054056911314,134.2005268782621,1.140611575316724,0.0151152026299772,1.0465546041042753,0.7655156221754088,109.090939,112.48975333333334,371.40314,129.8474739244367,97.2833866211794,1.0217599658226753,195.199035,144.95139439584625,140.08317183333335,81.5206386,77.973558826334
normal,0,holdout,N0211,2,1608.245,1609.845,0.8758616133104223,0.0735539738856591,0.0126499140217692,0.0100562720212173,0.0588235294115491,0.1309069593975274,0.0803092321998499,130.2293823930399,0.9984469885054428,0.9972076453809664,0.0001307437094585,1.4779890054063751,0.0011788997812901,1.444477018498505,97.03107189642132,0.0100562720212173,0.6500376579992085,241.98893,-0.2395542065917364,1.6000000000001364,35.755515541150814,134.13426429000606,1.2373740953153705,0.0126499140217692,0.8758616133104223,0.7033762853084108,90.272911,107.86017866666668,374.7826,124.65709225672606,88.64012795707082,0.989177751766654,224.323057,155.93502429702636,152.6203338,77.8488736,87.3861335216444
normal,0,holdout,N0223,1,1702.921,1704.621,1.1737699164352426,0.0522235905561225,0.0169525508351998,0.0014633410022506,1.337492208488957e-13,0.0660002084630546,0.0529689389092009,83.76917600844287,0.993863985415292,0.9985923595300256,0.0018183413380154,1.2937558235804043,0.0034186397625027,1.332395104241574,67.12778563772264,0.0014633410022506,0.0945903965157528,164.797802,-0.1095348654804519,1.7000000000000457,27.10277480142201,85.7525003779103,1.116677840311546,0.0169525508351998,1.1737699164352426,0.7824277005586245,72.682626,76.72890916666667,220.4627,85.1829299984932,64.24653207827829,1.0374020494111844,103.260763,91.6924063877808,88.291357,55.5770702,40.52859821738138
normal,0,holdout,N0234,1,1783.465,1785.065,0.8735187932931117,0.059176094578741,0.0126160770875583,0.000603814515348,0.0588235294115491,0.0910932664344949,0.0588736223368226,103.52519700448194,0.9977667137417536,0.9981926141060152,1.641150337867138e-05,1.469021789596902,0.0016284678769616,1.4567113549513082,76.66158901362958,-0.000603814515348,-0.0390305843551814,189.738535,-0.2148450525408226,1.6000000000001364,33.04136020031441,106.63107413321605,1.2176592922919067,0.0126160770875583,0.8735187932931117,0.6826870720061178,82.92390099999999,89.80881300000003,300.07152,102.63629510701456,68.61865927072512,1.0211285462707522,167.447114,122.39011329170428,118.7684918,59.012444,64.19480174787634
normal,0,holdout,N0234,2,1785.065,1786.765,1.167042565038796,0.0604233571762588,0.0168553888915023,0.0143502242255851,1.337492208488957e-13,0.1029977108049278,0.0759039836946798,108.67079433734028,0.99649917323642,0.9981156221458308,0.0018462262285083,1.4499737848797136,0.0007455666008253,1.4402653533031191,79.0212850562646,0.0143502242255851,0.927598828639649,196.210527,-0.1514447763386388,1.7000000000000457,42.60712646527766,111.1334407626654,1.1227429300762686,0.0168553888915023,1.167042565038796,0.7052894468354428,116.051568,102.74651933333332,312.20523000000003,113.19797804007985,74.18295946568499,1.0762220850963635,133.12675199999998,118.09108110994458,111.50200633333333,65.648969,52.04154106765887
normal,0,holdout,N0239,1,1816.956,1818.656,1.5119158618412742,0.0410512960960467,0.0072757693658809,0.0233897790270599,1.337492208488957e-13,0.0872424846317562,0.0832706970098125,104.5251145570136,0.9973792480377698,0.9991302147555268,0.000697386871328,1.4241479451214898,0.0013702395790305,1.4353446120182518,77.72468543042359,0.0233897790270599,1.5119158618412742,197.011015,-0.0232931412321506,1.7000000000000457,35.31700307149184,106.97507850679573,1.125297422222491,0.0072757693658809,0.503763668583711,0.7444599104356088,93.015081,93.33917516666666,292.38120000000004,106.9443618469223,75.73227701156665,1.0512794964555645,149.590393,114.47404340455306,109.84032816666668,65.6531646,57.18281115914225
normal,0,holdout,N0239,2,1818.656,1820.256,0.8317385006498805,0.1006780746128171,0.0120126517270797,0.0102545213008385,0.0588235294115491,0.0842207006944883,0.0680337803529808,99.31672810503404,0.996830514081746,0.9947684775701916,0.0001281343607799,1.444833219154802,0.0020992366735716,1.4498258525766066,73.18757897298734,0.0102545213008385,0.6628524960577964,181.032441,-0.1063149027210204,1.6000000000001364,34.08246604596471,102.3255957341414,1.2043811301521488,0.0120126517270797,0.8317385006498805,0.6803327810032285,86.37775099999999,88.02830183333333,286.04129,99.9645015929032,65.68009771850174,1.0354602038167138,156.503811,116.27231926420625,112.20499379999998,57.4712584,59.60661312080275
normal,0,holdout,N0240,1,1824.169,1825.769,1.2094482529756332,0.1270083597936363,0.0004714947656681,0.0187105169644245,0.0588235294116828,0.0546559960555429,0.071607577391108,87.21753503124164,0.9964313734776872,0.9916742588606524,6.148761739910806e-06,1.3590389889377588,0.0028173345756138,1.3768722076011923,67.4821902888102,0.0187105169644245,1.2094482529756332,167.62211,0.1342555170323388,1.599999999999909,30.251681824762723,89.82839289547876,1.186008024993124,0.0004714947656681,0.0326456105088797,0.716656039970142,74.403536,77.12698983333334,239.29921,87.51280178577586,60.73006918182988,1.0327104648392296,120.498556,100.5033731537917,96.7925442,53.36666759999999,47.09890810136642
normal,0,holdout,N0247,1,1879.613,1881.213,1.4151808615910964,0.1398729854261728,0.0090127374263153,0.0218932603799979,0.0588235294116828,0.0537623282036999,0.0771173233571076,92.9843739701568,0.9966163387535708,0.9899022182957165,4.248025915371711e-05,1.4321134996700495,0.0025806285394292,1.4298341143068922,68.61854583228093,0.0218932603799979,1.4151808615910964,169.142386,0.1784463426874143,1.599999999999909,34.39589127718767,95.78049726572928,1.188180650649817,-0.0090127374263153,-0.6240288059643089,0.6859491252230799,84.36514399999999,82.98793416666668,264.28584,94.79666332422978,62.0536338834421,1.0478949291424686,135.642069,107.4874569726078,102.9907352,55.42197900000001,51.93175174998691
normal,0,holdout,N0248,1,1886.888,1888.488,1.2575149585814964,0.1015650257175018,0.0181620656338853,0.00671603552163,0.0588235294115491,0.1906381632361653,0.0916557924946564,166.62658858704734,0.9988353982050988,0.994675894477932,6.812674018203962e-05,1.470987023584232,0.0009568350554118,1.4583431855658204,122.63709201611604,0.00671603552163,0.4341246927597961,306.65115000000003,-0.3506358132426389,1.6000000000001364,41.36528968494757,171.6697206509321,1.2455213359686688,0.0181620656338853,1.2575149585814964,0.6999585321562024,104.55228,136.64173666666667,481.5523,158.9747019754753,113.23976419667557,0.9826556937319216,298.8557,201.501283158222,198.075484,99.5072476,116.67177326402656
normal,0,holdout,N0251,1,1911.681,1913.281,0.5925515309774869,0.0773462985241772,0.0085581167234878,0.0061064474405856,0.0588235294116828,0.1605873475944221,0.0855075798078055,152.9006233795969,0.9986139405714768,0.9969122839249568,9.975843396416932e-05,1.461119163613558,0.0006272956326009,1.492826549394293,113.2333529002006,0.0061064474405856,0.3947209049833425,279.51757,-0.3050845808926328,1.599999999999909,39.09689973591155,157.52370872155484,1.2295301325337011,0.0085581167234878,0.5925515309774869,0.6908510966975382,95.97076,129.73339950000002,446.4541,149.7553051105141,102.9884995464465,1.0045647545842202,274.577534,183.2919772467673,179.925248,90.8455968,106.0033837115053
normal,0,holdout,N0251,2,1913.281,1914.981,1.316700466483866,0.0377368972889541,0.0190168714330229,0.0140486850361623,1.337492208488957e-13,0.1723460812338553,0.0938019542555839,153.77329819068888,0.998406491282027,0.9992649943654202,0.0009598220310219,1.4362928891849498,5.72150059629562e-05,1.452030766245996,108.92342277745573,0.0140486850361623,0.9081073284024062,268.05797,-0.2951144344670277,1.7000000000000457,53.34827552106798,157.39695663614944,1.1283459686439,0.0190168714330229,1.316700466483866,0.6992628982639759,149.493596,141.69927133333331,444.28891,160.57121037829677,104.58056552872873,1.0736362858550257,213.793784,168.7534971550763,161.57364900000002,92.5059178,82.73642563674322
normal,0,holdout,N0252,1,1918.401,1920.001,0.9361345221624195,0.074318703383431,0.0135204249600645,0.0072753891247998,0.0588235294116828,0.0579999396845528,0.0429927952938218,80.70258534797037,0.997044280636091,0.9971492801689806,2.5170009451949912e-05,1.307016389750158,0.0023250299253983,1.3424236600708186,67.270363329379,-0.0072753891247998,-0.4702813227147878,168.386718,-0.1485962766905541,1.599999999999909,14.476121233984976,83.12737030617379,1.2186223794081392,0.0135204249600645,0.9361345221624195,0.7790503232357845,35.50876099999999,66.4860895,215.68397,75.83103654316287,61.47880122091953,0.9609197374875558,127.934593,96.1676554035934,95.2920326,53.041536,50.8635177106913
normal,0,holdout,N0252,2,1920.001,1921.701,0.9665845515757246,0.0603732595673356,0.00955297331279,0.0149533447217048,1.337492208488957e-13,0.056586633574841,0.036006703810232,82.41718119504978,0.9935967150921696,0.9981187455634644,0.0021876233469149,1.3052548022776953,0.0033334215080401,1.324793063980184,65.83351787349862,-0.0149533447217048,-0.9665845515757246,161.677738,-0.2222614536378561,1.7000000000000457,25.91573479701563,84.34772869354933,1.1219351094613628,0.00955297331279,0.6614339515077172,0.7971600824205568,69.587478,73.592056,216.75661,82.50793069522317,64.33902586717801,1.0222726867070382,104.152932,90.55171429274812,87.40666566666665,55.4012128,40.86712010358371
normal,0,holdout,N0265,1,2021.815,2023.515,1.233522452995001,0.0581652492462065,0.0178155461287218,0.0112653140045449,1.337492208488957e-13,0.1220979106129812,0.0648539108903833,144.76731394181334,0.998315160942577,0.998253834209096,0.0007155653092076,1.4595510850077036,0.0003070212641492,1.4546596484109788,99.74522384638227,-0.0112653140045449,-0.7281901600006289,244.329961,-0.3061965337484638,1.7000000000000457,46.43405201729096,148.1534802640907,1.137123254495865,-0.0178155461287218,-1.233522452995001,0.7061134478388363,131.49167799999998,128.75198833333332,418.55638,148.79045861604703,99.06366282131648,1.0605598536004393,206.573627,159.53186419891998,153.79742533333334,87.008582,81.6935204925345
normal,0,holdout,N0265,2,2023.515,2025.215,0.4215556090206886,0.1524341574567028,0.0007582067407992,0.0065215881329557,0.0,0.1366123803705213,0.068908827053901,143.06028760216373,0.998482159649592,0.98800713684668,0.0006347199707138,1.4611956887959263,0.0003869786162811,1.4485609771475512,96.674421206965,-0.0065215881329557,-0.4215556090206886,239.653612,-0.3294236841285001,1.699999999999818,40.46629942119346,146.3470188755678,1.1444079067719557,-0.0007582067407992,-0.0524971298679568,0.7634325852137981,105.311764,122.28407016666664,409.11799,140.96425460805557,105.6298611962402,1.018809492878463,227.669984,158.34226975044325,153.97296266666666,88.6566734,88.96107648004576
normal,0,holdout,N0270,1,2056.94,2058.54,2.435450203084731,0.1324430860507524,0.0351747755640059,0.0160207596740653,0.0588235294116828,0.2052153924670656,0.1003007963337104,164.99165235059863,0.9987852730157756,0.9909464923650764,6.444340223915918e-05,1.4650175891216868,0.0006882201009797,1.4768099266151504,121.47629148809256,0.0160207596740653,1.0355822789921882,299.82272,-0.3434011027200442,1.599999999999909,38.45279656995898,169.9802663717314,1.2471004284296534,0.0351747755640059,2.435450203084731,0.7117888851181041,96.94517,133.94393,483.12681,155.88591555004692,113.9354950986568,0.9738656240437132,309.127841,199.6223988905128,196.63725,100.6988394,118.63792566165348
normal,0,holdout,N0273,1,2077.449,2079.049,0.8366309289236017,0.0618261618700943,0.0005374598767023,0.0129429243045942,0.0588235294116828,0.1193368142510442,0.0836339576157351,131.31502675478714,0.9982996493909954,0.99802711004305,0.0001690286961434,1.470914976865713,0.0008791257860413,1.4932438795916525,96.30868113188902,0.0129429243045942,0.8366309289236017,238.24277,-0.1759014675204904,1.599999999999909,36.28701001045501,135.30300045521167,1.2266782912464238,-0.0005374598767023,-0.0372129386719997,0.6767401199816167,90.228572,113.13250999999998,384.32198,130.0145255016514,86.65025954641878,1.0154158342734814,231.180221,157.06471240296423,153.6747416,75.785383,89.09461428709932
normal,0,holdout,N0273,2,2079.049,2080.749,0.0622003063675972,0.0631396551533506,0.0001073646601846,0.0009622568676419,0.0,0.1191146588502019,0.0714184436138328,130.73302381921826,0.9985898579732038,0.9979423917146386,0.0007264658161627,1.4422568093827064,0.000201782553362,1.4494706422612686,92.3143709472097,0.0009622568676419,0.0622003063675972,228.277944,-0.2503303343056725,1.699999999999818,48.87321165338388,133.85788113119864,1.121227287732569,0.0001073646601846,0.0074337726185298,0.6745460836171231,134.241355,124.958689,376.68602,139.23357920210648,85.8435176776038,1.0940775506369846,173.276089,142.68868626285695,135.5343825,76.2897334,67.27242187551036
normal,0,holdout,N0286,1,2174.925,2176.625,0.4897278663834009,0.0343362423631556,0.0026765276087299,0.0075762328230033,0.0,0.1936913358751782,0.0989877648668426,182.66511182606487,0.9982335365685266,0.9993914954634204,0.0012434506166685,1.4304527657663884,4.435983160730447e-05,1.4058635906594417,130.05029174767873,0.0075762328230033,0.4897278663834009,324.50334,-0.323574764197077,1.699999999999818,64.12777350874508,186.9681917562561,1.1332652566230674,-0.0026765276087299,-0.1853188713708185,0.7098779425762904,174.88100000000003,166.0445145,513.5234,188.74531716188775,126.09354087717476,1.0625931866589706,249.076277,201.2985900675813,192.59840666666665,110.0104466,98.3097998472232
normal,0,holdout,N0286,2,2176.625,2178.325,0.999319877902245,0.1287106053729969,0.0118404698391013,0.0154597697606111,0.0,0.1878540894000802,0.0768528939435594,184.8983200135401,0.9986213256998764,0.9914495897107098,0.0010688808343878,1.4312998078975403,8.823017408897035e-05,1.4129003442587755,128.09272189124243,-0.0154597697606111,-0.999319877902245,319.347058,-0.4193361053569218,1.699999999999818,54.143901681173446,189.18647608888676,1.1452041434132685,-0.0118404698391013,-0.8198168776311021,0.7678504342398926,145.35237999999998,158.53102683333333,518.54259,182.1148881351402,137.75123802496256,1.0151414821460722,276.170048,205.4479381816812,199.4138583333333,114.8140554,111.60699335742972
normal,0,holdout,N0288,1,2189.749,2191.449,0.7384341977409494,0.0737148782074197,0.0106650742197174,0.0108633340119247,2.6749844169779134e-13,0.0391237204689601,0.062569690304758,84.26670072186077,0.9934092369623482,0.9971954150868956,0.0021207263476783,1.3055416001990736,0.0035186719272637,1.3225974085287404,66.84076895822132,0.0108633340119247,0.7022061639020687,163.076183,0.2305554475671763,1.7000000000002728,25.34786186806258,86.25596372837799,1.1270885830537185,-0.0106650742197174,-0.7384341977409494,0.8015586534764496,68.17115100000001,74.09718483333333,221.62988,83.6903133230512,66.17597282744133,1.013701680384361,108.16122,93.05143562831438,90.12847083333334,56.795604,42.61937226968952
normal,0,holdout,N0292,1,2215.537,2217.237,0.882168181664536,0.1715740979298172,0.0127409986705762,0.0023362814187891,2.6749844169779134e-13,0.1985084343416616,0.0862038184839988,175.54905315288732,0.9986063305932484,0.9848063633133112,0.0010223038929975,1.4396552169219548,0.0002158271888138,1.419769776729785,120.7300738225876,-0.0023362814187891,-0.1510172854008548,300.840649,-0.3944495354263396,1.7000000000002728,49.4776359503114,179.58575625758044,1.146760331372303,0.0127409986705762,0.882168181664536,0.7961975682173643,127.47552,147.04449816666667,491.53573,169.37039665074235,135.53175455174625,0.9949867349340972,274.48776300000003,195.20587096141364,189.90866666666668,112.1691828,109.25615827031127
normal,0,holdout,N0292,2,2217.237,2218.837,1.0565756335025862,0.11558926530371,0.0152599345812031,0.0128226934395824,0.0588235294116828,0.1974039398913989,0.0747358956616761,173.1166472630918,0.9990310870491648,0.9931040628369214,5.915939728776615e-05,1.4605696435912845,0.0007886764518088,1.4397185016021126,128.3923430919446,-0.0128226934395824,-0.8288592030050366,321.15236000000004,-0.4507537236508261,1.599999999999909,41.37815832526962,178.3484627311555,1.2490284627314754,0.0152599345812031,1.0565756335025862,0.7131943764875112,105.34204,139.99503683333333,497.23059,162.89844739264984,119.6547933136476,0.970945278510071,310.882848,209.5533103991248,206.259226,105.0898174,121.3339771333464
normal,0,holdout,N0299,1,2269.827,2271.527,1.2017792901820414,0.0543187958024494,0.0069109580548774,0.0185918758749062,0.0,0.0421258871400156,0.0329107931721832,83.7619176308836,0.9933429697783728,0.9984771449922938,0.0020775195256251,1.2957502267221654,0.0036310566087779,1.3216758060369656,67.6115535643781,-0.0185918758749062,-1.2017792901820414,166.064279,-0.1228078578285861,1.699999999999818,27.55078319572192,85.76234872513695,1.1199148874356624,-0.0069109580548774,-0.4785046650158232,0.7882952350992785,73.63404,76.19113533333332,219.71109,84.56705963606667,64.71047131602946,1.0301858231243413,102.394947,91.93284060720325,88.42572666666668,55.9839786,40.1969920084736
normal,0,holdout,N0299,2,2271.527,2273.227,0.6001736668586262,0.1330358468938256,0.0017964967074408,0.0092848615455277,0.0,0.0511714231551382,0.0423093865767396,83.98887130423886,0.9936730395636052,0.9908652714535354,0.0019386151844504,1.2965652006762831,0.0035594908003179,1.3093484683422558,64.77600269152963,-0.0092848615455277,-0.6001736668586262,154.558563,-0.0948005970821383,1.699999999999818,20.64299547791688,85.97337891834181,1.1371069373021117,0.0017964967074408,0.1243868141536893,0.8254826107516331,55.583605,70.97578983333334,219.924,81.06573590589852,67.8589574353843,0.9861388657764684,114.329353,93.47609538086388,91.55691866666666,57.653459,45.74889721901326
normal,0,holdout,N0304,1,2309.783,2311.483,0.1155893607038943,0.1251099900573392,0.0016694366467426,0.0008529754325149,2.6749844169779134e-13,0.0599987777366246,0.0548727854718934,89.99996265855815,0.9956817549579672,0.9919212853614644,0.0009948983464081,1.3613624811390128,0.002417564934671,1.35241022778831,70.45178782907591,0.0008529754325149,0.0551363518521577,179.071925,-0.0446236833687179,1.7000000000002728,38.5317041465172,92.17955756104536,1.0986341107430304,0.0016694366467426,0.1155893607038943,0.7230489973663164,97.490206,88.79551233333332,239.57935,96.08859673019644,63.671326145869344,1.091178207360333,102.028142,96.74515978155392,90.124261,54.2387076,40.22499836229946
normal,0,holdout,N0304,2,2311.483,2313.183,0.5003654118505757,0.0629222495259921,0.0072266889462749,0.0046969620175859,0.0,0.062574518077338,0.0485152193657939,87.99847607628354,0.9955913383847568,0.997956537039786,0.0009179671614018,1.344875434957865,0.0024631209426906,1.343329285583606,69.83848820526163,-0.0046969620175859,-0.30361173436647,176.168466,-0.1265580334872485,1.699999999999818,33.41485347821565,90.15934305479092,1.1135772071828132,0.0072266889462749,0.5003654118505757,0.7494838980153155,86.396345,82.74113266666667,232.63374,91.4796251070077,64.63635101196915,1.0607422130231898,107.646482,96.03617560430334,91.06309166666664,55.191977,42.74239265304282
normal,0,holdout,N0305,1,2318.877,2320.477,0.6046000366109279,0.0843033490135785,0.0026706250505638,0.0093533387756511,0.0588235294116828,0.0688895680991131,0.0655102754522031,95.29624611402204,0.9969864768833095,0.9963318427587547,5.376665361469452e-05,1.4483545162209746,0.0023161627623117,1.4533149588525247,70.84702645740296,0.0093533387756511,0.6046000366109279,175.223729,-0.0251435757482457,1.599999999999909,31.57627058948333,98.16227581387189,1.207190274254574,0.0026706250505638,0.1849101868446437,0.6852402477333681,80.03891899999999,83.59623916666666,274.90977,95.3066066572361,63.40431978241899,1.0300232378573675,149.781958,111.69962424163644,108.0701502,55.448944,57.024942270586486
normal,0,holdout,N0311,1,2366.912,2368.612,1.71461431417112,0.1046108130161271,0.0087474826100671,0.026525583160597,2.6749844169779134e-13,0.0882869735210127,0.0862907750834351,104.23831919082916,0.9970989696536592,0.9943517820903712,0.0006027877090799,1.4263786528845224,0.0015698647795157,1.4027538158238495,76.27688503314053,0.026525583160597,1.71461431417112,190.798544,-0.0114344379711815,1.7000000000002728,42.461156677688,106.6917613306241,1.1055012577130483,0.0087474826100671,0.6056629490187387,0.684727207384971,112.046731,102.56571733333334,291.8686,111.83245796139676,69.31355789923059,1.104758274654292,122.740879,111.90766864195076,104.9803225,61.1495806,48.82752029238845
normal,0,holdout,N0315,1,2391.665,2393.365,0.7695167293223125,0.0839470499206067,0.011113993713514,0.0087200995426594,0.0,0.0590641756166779,0.0599284144412685,83.03244143629276,0.993627418714264,0.9963627833856104,0.0021101474880029,1.2931934551229294,0.0035056097609375,1.3241276312988643,65.28774496804436,0.0087200995426594,0.5636674378209778,157.383934,0.007262963384211,1.699999999999818,23.102391207271083,84.98285249830768,1.1284918125902486,0.011113993713514,0.7695167293223125,0.8041801210965828,63.28356500000001,72.43455366666666,219.15295,82.13293815780078,65.36950935521233,1.0104049549286056,107.521548,91.73188215571304,89.27469483333333,56.46715759999999,42.41303996004876
normal,0,holdout,N0315,2,2393.365,2394.965,0.3133808645790372,0.0462922158604024,0.0030111603630386,0.0048480933091647,0.0588235294114153,0.0424478456565507,0.0553816012445628,81.36011706733878,0.9968455431353886,0.9988939513552164,5.291609254104093e-05,1.2976179391490736,0.0024850049042845,1.3401048809917393,67.87136235385695,0.0048480933091647,0.3133808645790372,170.325657,0.1322071829860531,1.6000000000003638,17.74018434797343,83.81700278351478,1.2043635716822363,-0.0030111603630386,-0.2084883556495963,0.7644657921534773,44.82805800000001,68.89193016666667,217.51954,78.49627918981453,60.89982823890853,0.985351223266727,119.994651,95.94351428863078,94.6223368,51.7623486,48.11628131129736
normal,0,holdout,N0316,1,2399.02,2400.62,1.4022693248939797,0.0822044248746104,0.0202527272867093,0.020223135406023,0.0588235294116828,0.168840035420234,0.0582456527436117,150.59006341159989,0.9992688307778874,0.9965122232418208,6.708944951048167e-05,1.4463064860026718,0.0005101538798231,1.4428720931348171,112.46098911498824,-0.020223135406023,-1.3072239443201563,280.55921,-0.4870160844145302,1.599999999999909,38.08948093135137,155.14196716170153,1.2375330791256942,0.0202527272867093,1.4022693248939797,0.7036187375984749,95.41239,125.2543065,430.68152,144.7282264309938,102.97983554148824,0.9888682715483236,265.127927,181.12217051024675,177.88927399999997,90.8537962,103.91448445439296
normal,0,holdout,N0316,2,2400.62,2402.32,0.7893922705395479,0.0396923241173291,0.0112573738527423,0.0122121284917953,2.6749844169779134e-13,0.167511658797397,0.0683334818417085,155.7368987844039,0.9982589446791452,0.999186848725762,0.0013053471045169,1.4193618292853616,2.2333902313571223e-05,1.4046057916102948,111.609000518823,-0.0122121284917953,-0.7893922705395479,278.040322,-0.4205224525148566,1.7000000000002728,52.45762360047364,159.3798798327464,1.1342831837893768,0.0112573738527423,0.7794441612277779,0.725434295088855,144.07314300000002,139.16877633333334,436.46495,159.27696333933508,109.75999737548216,1.0527056704337532,214.307575,171.61984223605842,164.8035245,95.6126086,84.86131800401785
normal,0,holdout,N0317,1,2405.741,2407.341,0.2314625660282436,0.1417535466836688,0.0030448488022513,0.0035807933556855,0.0588235294116828,0.1679147849153744,0.0809481855604522,165.60858759977592,0.9986589555540768,0.9896288681303644,7.339576984319742e-05,1.4661736883588918,0.0006547880323962,1.4909445432667532,121.21715958982377,-0.0035807933556855,-0.2314625660282436,298.95643,-0.3494557635002603,1.599999999999909,37.621523103519216,170.61893080779316,1.2471647933980436,-0.0030448488022513,-0.2108208940896202,0.709973106440629,94.00857000000002,134.410734,487.74152,156.7477466516276,114.15178943197216,0.9749009207091331,315.135989,200.52321924795015,197.679686,100.7717976,120.4975156171468
normal,0,holdout,N0323,1,2446.246,2447.946,0.5798554330050276,0.0445231459634533,0.0083747492310404,0.0036854598758428,0.0,0.0450088786617583,0.0563655806040648,86.6799093632959,0.995361464696012,0.9989768719863308,0.0009450539963625,1.3494092467812586,0.0026772005096417,1.343584353692403,69.10795000898455,0.0036854598758428,0.2382282123324027,174.315472,0.1120272504972382,1.699999999999818,31.50937958648044,88.81502659384553,1.1197414256245763,-0.0083747492310404,-0.5798554330050276,0.7630431869761267,82.227125,79.54838866666667,230.02306,88.7896472995612,64.76493480235908,1.046095941464232,109.518543,95.04046646883334,90.58323666666666,55.35207439999999,43.20632353881657
normal,0,holdout,N0323,2,2447.946,2449.646,2.116226243913067,0.0516041073198209,0.0305642805088023,0.0071962738135928,2.6749844169779134e-13,0.0815004470727342,0.0592134289287489,85.03693053979191,0.9952581505920308,0.9986255567007598,0.0008812850807528,1.3306844690028656,0.0028425480449961,1.3380675816697751,67.35554819489883,0.0071962738135928,0.4651673071531192,166.00575,-0.1583853616795547,1.7000000000002728,27.099637786966586,87.17690661463548,1.134310289650954,0.0305642805088023,2.116226243913067,0.7782761499287258,72.12723199999999,74.85054833333335,225.71769,85.05832872746039,64.85374222457976,1.020740921505224,111.23277,94.52206281080096,91.2273445,55.529601,44.25807994174232
normal,0,holdout,N0340,1,2568.609,2570.309,1.9330450717148948,0.0640512154955171,0.0131404587447174,0.0299047706409374,2.6749844169779134e-13,0.0990597283488883,0.0913981099476351,108.52105950136288,0.9979512373296666,0.9978825506031188,0.000785106914097,1.430694792970325,0.0006892735805923,1.4020226184585785,78.35026763808152,0.0299047706409374,1.9330450717148948,195.814632,-0.0402273724711956,1.7000000000002728,41.29705162523711,111.05835420045956,1.1161991478892153,0.0131404587447174,0.9098262151016204,0.6894917213537348,110.134143,104.00841033333332,304.2324,115.03224141466224,72.66814333594641,1.091451831616291,134.942073,117.6404547846068,111.43639983333333,64.54854759999999,53.82936534807854
normal,0,holdout,N0340,2,2570.309,2572.009,2.0596747265681024,0.0441381220494869,0.0130567861672098,0.0318637683074361,0.0,0.0960450265000165,0.0925631536525798,106.55346190661312,0.9980156883544826,0.9989944909326158,0.0007598291383472,1.431548913267964,0.0007708505217243,1.4279121229617884,77.46993750375182,0.0318637683074361,2.0596747265681024,195.897006,-0.0184608792927283,1.699999999999818,35.59511675871921,109.00242755602912,1.1254204994752408,0.0130567861672098,0.9040328477633556,0.7364511497853744,93.014133,95.25828716666668,296.98304,109.34583509264904,76.2691069055062,1.055838585837822,152.54940399999998,116.5519483717832,111.9308405,66.18822379999999,59.07061908206455
normal,0,holdout,N0342,1,2582.295,2583.995,1.0657636088671938,0.1058360179810264,0.0064244073036058,0.0164876736435103,0.0,0.2027985961556988,0.1079009190960752,182.6693580406448,0.9986376864648076,0.9942187031215012,0.0011293336928928,1.413786966193252,5.787997313033359e-05,1.3949945559194483,128.65919125728925,0.0164876736435103,1.0657636088671938,320.207633,-0.3054323305989653,1.699999999999818,54.00938844193665,186.92501367638332,1.1419325571089685,0.0064244073036058,0.4448166000034546,0.7608901747148252,146.73271,158.26288733333334,508.0114,181.62574927899408,135.06869834505616,1.0231626557069224,266.29082,202.7090757800328,196.62178000000003,114.103712,107.56675903375992
normal,0,holdout,N0343,1,2590.517,2592.217,1.041904496012473,0.1318256968333385,0.0107363737519023,0.0161185662139646,2.6749844169779134e-13,0.0992775987465898,0.0783221378918147,110.28117604824408,0.9977953080895892,0.9910307022732324,0.000719751241421,1.440710585343296,0.0005408794970977,1.4348537590021415,78.92543007769916,0.0161185662139646,1.041904496012473,195.170187,-0.1179926347375315,1.7000000000002728,46.54667493510225,112.8818685478872,1.1022925845695393,0.0107363737519023,0.7433708734511751,0.6645850777529165,123.468414,110.55812583333334,315.23351,119.8629130942192,71.24290535513683,1.1181338411357906,131.039281,118.16474504917096,110.26065866666666,63.2211998,50.72299771488088
normal,0,holdout,N0349,1,2630.627,2632.227,1.0414939264996428,0.1932234705971143,0.0150421121604125,0.0053619771409488,0.0588235294116828,0.0507857731050966,0.0614129845185086,95.03372933848676,0.9958268925982118,0.9807301627924484,0.0001634739740239,1.4301373520079317,0.0028650568353718,1.437486363535518,68.5303970874956,0.0053619771409488,0.3465983274511479,169.016858,0.0947177280604891,1.599999999999909,38.38980718892272,97.9142545877633,1.1695696970420384,-0.0150421121604125,-1.0414939264996428,0.6850384201253592,92.748416,87.013572,269.74443,98.89213942120914,63.56918270925633,1.0656879963639598,134.695189,108.53199992617849,102.9571424,56.6942522,51.47768674411876
normal,0,holdout,N0355,1,2670.613,2672.313,1.6343199663770167,0.1682832257939537,0.0176103879917099,0.0252834061986205,2.6749844169779134e-13,0.1082233146705356,0.0880481581333003,111.67190772416902,0.9973643898225087,0.9853836159568272,0.0007830172550107,1.4414791641812306,0.0008387684216661,1.453118096637294,79.76376538330221,0.0252834061986205,1.6343199663770167,196.292786,-0.1027920983570372,1.7000000000002728,50.06491452236697,114.32649717520276,1.0953223262399414,0.0176103879917099,1.2193176025463868,0.6574913157996097,132.832539,114.4447855,321.98921,122.67023515641324,71.47500421590269,1.128431053726228,127.146018,119.071029539853,109.95073299999996,62.3807276,48.37823062314757
normal,0,holdout,N0356,1,2677.893,2679.593,0.8483478078844482,0.0643551355395849,0.0043816685137695,0.0131241878369757,0.0,0.0443221155018074,0.0382882619668801,83.53833392882731,0.9931662909006038,0.9978624085314468,0.0019126222536399,1.291526205616508,0.0039140749943399,1.31917126925094,67.23152922130632,-0.0131241878369757,-0.8483478078844482,164.076707,-0.0730398978886305,1.699999999999818,25.57729660303236,85.51363692114138,1.121449271127254,-0.0043816685137695,-0.3033803428906573,0.8010991462792163,68.899162,74.42596483333334,218.56358,83.4894658139592,65.55662345944013,1.0202377159990743,104.975592,91.77194600395784,88.75204216666668,56.4781974,41.44297277745926
normal,0,holdout,N0366,1,2758.342,2760.042,2.8174061461455437,0.1271290017514381,0.0406912975423593,0.0398803284238145,0.0,0.1903294160577625,0.1186337589254331,151.29547157661617,0.9983482392469664,0.9916584345360864,0.0011251414336951,1.4477696645691085,0.0002428019359382,1.4300596557540344,105.46209901143938,0.0398803284238145,2.5778653594652474,263.248596,-0.2320524351680322,1.699999999999818,45.587346285522,154.75556369356258,1.14384667146074,0.0406912975423593,2.8174061461455437,0.7732559046098264,122.437968,128.90570816666667,427.72036,148.513503697017,113.33711586482433,1.013250979361241,224.480055,167.65508282843842,162.408092,94.331848,90.47954171822664
normal,0,holdout,N0366,2,2760.042,2761.642,2.230660140948233,0.0798701168263322,0.0322170289986003,0.0018214748637811,0.0588235294116828,0.1796466547628165,0.0763337215683251,149.81291216729466,0.9988898714980912,0.9967074913229118,3.7870437865238007e-05,1.470468949721409,0.0009443408329665,1.4442116294915297,110.46702972726898,-0.0018214748637811,-0.1177401776780279,276.5427,-0.4035970830062378,1.599999999999909,39.44067933707886,154.34293402588,1.2426917182454933,0.0322170289986003,2.230660140948233,0.6945591819091271,98.6271,124.20510816666668,430.16582,143.88907671604792,101.07000227525543,0.988814456908602,260.993036,180.83247340461455,177.358196,88.73377980000001,102.47809474326792
normal,0,holdout,N0371,1,2793.465,2795.165,0.1251984599330581,0.0838549502450739,0.0018082191635561,0.0001805452580572,0.0,0.0515294296273714,0.0518685944109406,84.22133148601539,0.9930544267854085,0.9963707599067811,0.0022251784913029,1.295910217056221,0.0038333464518961,1.312712564017796,66.69875582226429,0.0001805452580572,0.0116704496917716,161.85452800000002,0.0032801863161361,1.699999999999818,24.23102961456169,86.19873613580701,1.1275100777192644,0.0018082191635561,0.1251984599330581,0.8078963487474329,65.267336,73.48631633333333,220.24503,83.25671214456368,66.66087713042349,1.009029533450451,108.267674,93.03273974525057,90.36484383333332,57.2479562,42.8687498611285
normal,0,holdout,N0389,1,2921.326,2922.926,1.725089508846214,0.1084088358562672,0.0249151619789352,0.0098481239249657,0.0588235294116828,0.2017875464100212,0.0762824943533226,169.5778124027558,0.9991023899291326,0.9939342060945948,4.8961949276030206e-05,1.4598472981424526,0.0007106243846764,1.4503807810413945,124.89785941747208,-0.0098481239249657,-0.6365829602027604,311.91793,-0.4513433080087198,1.599999999999909,40.97194987440286,174.70810781893428,1.2461024709233388,0.0249151619789352,1.725089508846214,0.703593078557123,103.24658000000002,138.8642765,487.99604,161.34983039925945,115.8562610520035,0.9798747418952846,305.983106,205.18788141705684,201.888846,102.1038404,119.53652831610306
normal,0,holdout,N0389,2,2922.926,2924.626,1.2923041373029265,0.0561776843481485,0.0186645195752685,0.0074098534099381,2.6749844169779134e-13,0.2025574344802535,0.0954421852045054,174.29068886880404,0.9984155164985384,0.9983711317580782,0.0011877461013164,1.4334950755991012,7.004127616412792e-05,1.407878249793986,122.86138693727922,0.0074098534099381,0.4789730972423117,306.63244000000003,-0.359447603955674,1.7000000000002728,57.39203158358101,178.35853958159063,1.137697951255273,0.0186645195752685,1.2923041373029265,0.7269209092199944,157.769338,154.11265600000002,489.09097,177.4770952265811,123.08451266351264,1.048156332880979,245.944769,192.6385609664072,185.377302,106.1760794,97.9909597082067
normal,0,holdout,N0391,1,2935.965,2937.565,1.2498597144201105,0.0495306305286342,0.0033586930303126,0.0193356940507974,0.0588235294116828,0.050758680161189,0.03172358469749,82.66309612774417,0.9963033929151712,0.9987337892332562,9.880513710341006e-05,1.3079912346959952,0.0028295627761366,1.3309826894213437,68.85445437211345,-0.0193356940507974,-1.2498597144201105,173.50079699999998,-0.2307780405409813,1.599999999999909,18.643274277336097,85.16083212912149,1.2056500204891034,0.0033586930303126,0.2325510111042394,0.7643489360174065,46.227218,69.758067,219.62204,79.51867061993467,61.76108793575995,0.984114971308233,121.475236,97.41919354681038,95.9814666,52.28231579999999,48.91224473258738
normal,0,holdout,N0397,1,2983.68,2985.38,2.600029212808525,0.041028597628703,0.0375517610274116,0.0006046986408944,2.6749844169779134e-13,0.2090718576145266,0.0840760978363582,165.98482587372533,0.9977865364622708,0.9991311763492232,0.0013159238957074,1.4259627932776642,1.5157873851475985e-06,1.4336100227681574,119.0444858328794,-0.0006046986408944,-0.0390877342511207,292.00999,-0.4263913749133557,1.7000000000002728,56.48667550340618,169.87384509656434,1.1328588114543792,0.0375517610274116,2.600029212808525,0.7182165390561457,158.136623,150.13058966666668,475.56287,170.55210145766546,115.74006955940814,1.0583485952961396,229.84484,182.55936825268287,175.12558116666665,101.8941298,88.64869107639286
normal,0,holdout,N0419,1,3168.977,3170.577,2.7214138068432083,0.0631439229731948,0.039304897201861,0.0176415605848572,0.0588235294114153,0.2091325432101121,0.1018639079244805,164.8486851600383,0.9989485463650556,0.9979421135440264,6.981841663540828e-05,1.45101426034378,0.0005655734906697,1.4580227908197176,123.80736944615975,0.0176415605848572,1.1403508876685684,306.4715,-0.3449191619195134,1.6000000000003638,43.368720032738224,169.84149926362593,1.230460766394403,0.039304897201861,2.7214138068432083,0.6973922319429889,106.58504,139.41820066666665,476.28254,160.81568034931095,112.16981769510858,0.99983764398261,284.558811,197.90951709184912,194.070864,98.1654286,111.26098126097516
normal,0,holdout,N0433,1,3283.017,3284.617,0.6243288169079055,0.0571344642083132,0.0084986045379028,0.0096585487567526,0.0588235294114153,0.0546950000091416,0.0410747024163077,81.85512601372977,0.9968233758997608,0.998315175741742,5.762210510100255e-05,1.3158125491803976,0.0023390608017331,1.3368518910061336,68.23626018688489,-0.0096585487567526,-0.6243288169079055,172.206303,-0.1422192744442763,1.6000000000003638,16.15086881967911,84.32353378315425,1.216012739005853,0.0084986045379028,0.5884309939692197,0.7726030805200821,39.617071,67.7061955,218.14707,77.44298082447791,61.81148591701675,0.9679865264843488,125.949993,97.28611778427867,96.207631,52.7835194,50.54157579684775
normal,0,holdout,N0434,1,3288.625,3290.325,0.5069599055279768,0.0669587437604817,0.0073219320494872,0.0043902470720335,0.0,0.1039639773174664,0.0600076658260333,115.7192501885989,0.997633862275199,0.9976859492304588,0.0009723468013977,1.4618511009314945,0.0007489060349467,1.446108229419613,82.35060978993273,-0.0043902470720335,-0.2837856731322889,204.141401,-0.2680726413938332,1.699999999999818,45.092659354680286,118.39252836220945,1.1185342208807738,0.0073219320494872,0.5069599055279768,0.6822149093054681,124.03823,111.011022,334.32165,122.743313384098,76.62141595766438,1.0928709338189786,148.00097,125.62562710369204,118.69010733333332,67.8142388,57.36696584295606
normal,0,holdout,N0434,2,3290.325,3292.025,0.6786239893798993,0.0871130719217345,0.0098012459825925,0.0034241568099534,2.6749844169779134e-13,0.1088788134487146,0.0616334876426768,117.35421428324103,0.997320449053748,0.9960832581679232,0.0013917771090756,1.4613288899951216,0.000882023800113,1.458519926577901,84.0172926803108,-0.0034241568099534,-0.2213375760588027,209.840923,-0.2770786946358671,1.7000000000002728,37.95776524604201,119.92939099956112,1.1340646293883003,0.0098012459825925,0.6786239893798993,0.7655484201127777,102.78357599999998,101.01397133333334,336.07665999999995,116.68521837831062,86.81056172342352,1.029001342770108,165.428899,128.59903426273334,123.84285066666666,73.86365900000001,65.44218054403272
normal,0,holdout,N0435,1,3296.474,3298.074,0.8226308080575023,0.0587497339440792,0.0085763258018337,0.0127263383544928,0.0588235294116828,0.1955000041239656,0.1015796399855218,176.32523791548013,0.9991685942513872,0.9982185645220628,0.0001161840987739,1.4412887201128537,0.0005566912253866,1.451783153825685,131.61881269696772,0.0127263383544928,0.8226308080575023,328.27643,-0.316145404104206,1.599999999999909,45.79040026294321,181.66376040459423,1.2288177977810475,0.0085763258018337,0.5938123010277432,0.6928043927304908,112.88561,149.93186583333335,503.3719,172.55861386650997,119.05291372644189,1.0041700110330904,303.976815,211.16254573410825,207.15263,104.1125184,119.18679216524708
normal,0,holdout,N0439,1,3328.539,3330.239,0.5176761015010255,0.1869014467432432,0.0027152503458384,0.0080086001657214,0.0,0.0498502055813213,0.0604670953783956,86.13067118017335,0.9934383412609068,0.9819705028156116,0.0019546472400488,1.3282087667850202,0.0035230831196591,1.3287990030936347,68.58214149378476,0.0080086001657214,0.5176761015010255,173.362395,0.0962395717137326,1.699999999999818,39.905474208737104,88.15412058988214,1.07985193522192,-0.0027152503458384,-0.1879999772611237,0.7298411471281779,99.107753,88.13332566666666,226.20621,93.09529720980304,61.42970193138911,1.1060574342966685,82.387096,90.88961724306044,83.26994333333333,52.080685,32.84968072018063
normal,0,holdout,N0439,2,3330.239,3331.939,0.6698522804596586,0.0680692871044598,0.009674557745571,0.0092684086711953,0.0,0.0436100888416634,0.0619217174530336,86.6134632924032,0.9936145937582836,0.9976085533693348,0.0019088203602917,1.3358783839762085,0.003440885714457,1.3213921444708971,70.06086293232065,0.0092684086711953,0.5991101526780344,177.425049,0.1735176270939735,1.699999999999818,33.01358324332438,88.61273224739608,1.1039262068013969,-0.009674557745571,-0.6698522804596586,0.7716985171964056,85.91700300000001,81.76437,227.39091,89.56630221791302,65.3568127667226,1.0575513046976668,102.230204,93.49389275531608,88.5034505,56.311495,40.05062233963857
normal,0,holdout,N0443,1,3364.033,3365.733,0.8718726784877683,0.1179279192029338,0.0125923025432226,0.0016714538654552,2.6749844169779134e-13,0.0624748138252528,0.0500602882743508,84.32961259567591,0.9935465434191588,0.9928221965793304,0.0017976092151411,1.293299679877315,0.0037150528069227,1.3131871070124936,65.77058544517769,-0.0016714538654552,-0.1080428168472229,157.770767,-0.1103169172922033,1.7000000000002728,21.57328925951076,86.33669575528859,1.134636365335396,0.0125923025432226,0.8718726784877683,0.8200437161959437,58.20131599999999,71.83069933333334,220.78934,81.9904996660298,67.72722545214792,0.9927439606454606,114.029187,93.70936134691904,91.61662183333334,57.693511,45.41903450451771
normal,0,holdout,N0455,1,3458.028,3459.728,1.226889329869618,0.0333272150263222,0.0045359606047303,0.0189803355071359,2.6749844169779134e-13,0.1986662709989069,0.1122431536150176,187.25301765334248,0.9989459432396792,0.9994267338005618,0.000789367100076,1.428496063311065,8.997334748443299e-05,1.4279656656589377,131.87049954340364,0.0189803355071359,1.226889329869618,328.7429,-0.2779687926505549,1.7000000000002728,64.97515976270329,191.7292626132816,1.128097624242402,-0.0045359606047303,-0.3140633024331041,0.6914195130835823,177.353526,173.29695066666667,529.4888699999999,196.8913404489016,126.27015931510348,1.0781210341537122,258.488091,206.0182914144316,197.29519399999995,110.6840988,102.37792828574032
normal,0,holdout,N0455,2,3459.728,3461.428,1.8379526744541916,0.0940753018001687,0.0022195445495521,0.0284336635408555,0.0,0.1909246313522694,0.118971966664187,180.50105294248164,0.9990539991241516,0.9954321742406186,0.0007057024349824,1.4313644190986805,0.0001345201512897,1.4033858300024458,125.47748698587446,0.0284336635408555,1.8379526744541916,312.729752,-0.2321828156501068,1.699999999999818,54.40185958751953,184.71343697302268,1.1368729639147606,-0.0022195445495521,-0.1536780302727468,0.7394191600434442,147.1807,158.94065166666667,503.64,182.89775968191293,129.81862335102517,1.041746587253113,268.156324,199.5989434351992,193.322105,110.3958016,108.09897321309823
normal,0,holdout,N0460,1,3499.068,3500.768,0.6078305074181366,0.0762641230451008,0.0058748269567534,0.0094033151005518,0.0,0.1996139591343195,0.1001027793206673,180.9004466123344,0.9985108219245918,0.9969980818251128,0.0010509918460466,1.4389069541584805,0.0001324174165002,1.411081480340553,127.30248523385318,0.0094033151005518,0.6078305074181366,317.52221,-0.3320174252739152,1.699999999999818,57.83131329530126,185.02959905236528,1.1355641768530058,0.0058748269567534,0.4067644576403201,0.7425582766309656,157.823578,158.54811533333336,507.93022,182.8001882137905,130.35442443544275,1.0413132758303325,258.366376,199.3457205201233,192.2281603333333,111.2704894,104.16676166196372
normal,0,holdout,N0466,1,3546.849,3548.549,1.001838495513241,0.1036413100714259,0.0095422497103892,0.0154987335090984,0.0,0.0457851678621654,0.0377079188139279,87.98477381345775,0.9935753461045592,0.9944559890821508,0.0019427545570018,1.327041355439572,0.0036919159924632,1.335107029416861,71.15602532505496,-0.0154987335090984,-1.001838495513241,179.487607,-0.0967415311818092,1.699999999999818,35.36703951537916,90.0178872512955,1.095391750515837,-0.0095422497103892,-0.6606914649040098,0.7574484382752977,90.287819,85.6544065,231.47515,92.36988999256712,65.0920492961953,1.0748690458363028,96.483598,94.1335280663788,88.42378000000001,56.4701384,37.876418379330055
normal,0,holdout,N0466,2,3548.549,3550.149,0.7690852600126631,0.1618640995376795,0.0045217081330313,0.0118979731205132,0.0588235294116828,0.0488890578693529,0.0645854449897917,86.6981271544548,0.9962820725453208,0.986477426209461,5.435596640955948e-05,1.3439908507170897,0.003002985641293,1.355755353176166,66.56114841466568,0.0118979731205132,0.7690852600126631,164.820571,0.138325233641114,1.599999999999909,31.2549504140758,89.31073217116906,1.173124573041753,-0.0045217081330313,-0.3130764820614823,0.7173063056849845,75.88662,77.78826283333332,235.01054,88.22416395072723,60.5858863070868,1.044529559159724,116.919058,99.08569246228112,95.0603856,53.79455740000001,45.59591126638947
normal,0,holdout,N0479,1,3651.841,3653.541,0.6150492290999822,0.0684790892697344,0.0054645800951269,0.0095149908288497,2.6749844169779134e-13,0.0491115974931923,0.0434881664395934,87.48046701567083,0.9933513552620796,0.9975796719136946,0.0019747095454326,1.271388105933057,0.0043728179088814,1.318228787911503,69.8399220360278,-0.0095149908288497,-0.6150492290999822,168.452765,-0.0607283519385641,1.7000000000002728,24.27315400459681,89.54555483010438,1.1232041542030762,-0.0054645800951269,-0.378359562756346,0.7993102787697723,66.491967,77.90780916666667,230.05262,87.22768217077315,68.39000758329708,1.0194761693430492,108.881721,96.10278093979656,93.513401,60.3614652,42.974994697879794
normal,0,holdout,N0482,1,3674.599,3676.299,2.1681730764841927,0.0764768654286309,0.0313145394032917,0.029645414259762,0.0,0.0245419272696972,0.0237045462974229,88.33992404948201,0.9923385883504152,0.99698131047959,0.0022026679354179,1.265088566690366,0.005095702448007,1.316119650893924,72.47866494066082,-0.029645414259762,-1.9162802691866112,176.39292999999998,-0.0173563145727541,1.699999999999818,30.27225269720022,90.40557495929644,1.1030284832368196,-0.0313145394032917,-2.1681730764841927,0.7796566919609285,81.338292,84.22131483333334,231.32911,91.09295935548668,67.40710330417555,1.0536164865525477,97.533956,95.3649929303992,91.27325716666668,59.6008842,38.02153135082639
normal,0,holdout,N0487,1,3712.841,3714.541,0.8724813764720534,0.1592680079296478,0.0058922217620505,0.0134975411766986,2.6749844169779134e-13,0.0496491964123175,0.0397670793922421,88.12843224550305,0.9923369946288276,0.9869077169806948,0.002242158595399,1.2640029590154371,0.0049158433188227,1.3224893150864734,72.65812760460595,-0.0134975411766986,-0.8724813764720534,178.57363,-0.1105181012186709,1.7000000000002728,36.85463523282208,90.2254643808544,1.0831781376333356,-0.0058922217620505,-0.4079688486112418,0.756716123850776,95.739136,88.97877783333333,230.72293,93.96795016578623,65.37973918943977,1.0876008974220863,85.81794400000001,93.585826840576,87.32937766666664,56.3808986,33.09536681131046
normal,0,holdout,N0499,1,3817.283,3818.983,1.1962209096794365,0.0668921244782504,0.0172768065508589,0.010272892318347,2.6749844169779134e-13,0.0387255658369104,0.0431165910171994,88.43787043857715,0.9929328212468695,0.9976905515782102,0.0019451431614973,1.2663272479709164,0.0048331536231561,1.315034039413841,71.02369683758484,-0.010272892318347,-0.664039999058026,171.36122799999998,0.0536523638796892,1.7000000000002728,24.740091531138,90.51839647300876,1.1202889547774977,-0.0172768065508589,-1.1962209096794365,0.800064118748187,67.60216500000001,79.27235983333334,231.75159,88.43970412120629,69.22158418680274,1.02218744010735,108.73116,96.92745166226284,94.2595925,61.1342026,42.95310323831376
normal,0,holdout,N0499,2,3818.983,3820.583,0.2307086244591259,0.0653831923545083,0.0003555652474854,0.0035691296598768,0.0588235294116828,0.0528099811248949,0.0490519173877205,86.53351141387014,0.9959028505965112,0.9977935680813054,6.315850396108759e-05,1.2661565838040476,0.0038861323523104,1.3439742372613217,72.28928289520705,-0.0035691296598768,-0.2307086244591259,178.149721,-0.0368937138617348,1.599999999999909,19.617985610471425,89.14528601875014,1.1927300480632643,-0.0003555652474854,-0.024618819603347,0.7639585925655688,47.994147,74.80272616666667,230.24467,84.43236300288726,64.67113113307322,0.9973975725574374,126.690285,100.9677776980246,99.4313826,56.56865319999999,49.47223588135741
normal,0,holdout,N0515,1,3954.111,3955.811,2.0098554047337376,0.1277077539812006,0.0290279853343213,0.0088516428444589,2.6749844169779134e-13,0.0272909826357026,0.0446235995516323,88.65040079855625,0.9924049669905836,0.9915823120377087,0.0020855810346644,1.267371507906493,0.0050485484585325,1.3270806329159426,72.9719618510184,-0.0088516428444589,-0.5721703999173473,178.59281800000002,0.2410167227355622,1.7000000000002728,34.83293790729662,90.75728657601536,1.091515690441304,-0.0290279853343213,-2.0098554047337376,0.7619689953117719,92.073098,87.80726883333331,233.4359,93.43989162222964,66.16027577080078,1.0761487843261663,90.785036,94.77416998864209,89.28063616666667,57.6391756,35.00108946426814
normal,0,holdout,N0515,2,3955.811,3957.511,0.682762499565696,0.0562949493552127,0.0085001422437369,0.0105625348578301,0.0,0.0481263675592127,0.0429960141292189,88.85685338388576,0.9928147261739412,0.9983643244784988,0.001918461042802,1.2685155166772184,0.0049438839675274,1.3172330050258814,72.1489046150416,-0.0105625348578301,-0.682762499565696,174.49440399999995,-0.0563017925440019,1.699999999999818,26.938848287027348,90.94934194219312,1.1145284324989162,-0.0085001422437369,-0.5885374624804194,0.7924778294002741,73.545818,81.50296366666666,233.37331,89.81293205573719,68.87779758108525,1.0333483349814665,105.142964,96.86865792841073,93.69517383333334,60.9743662,41.33225875267618
normal,0,holdout,N0524,1,4028.4,4030.1,1.7985066505506622,0.1288962437394386,0.025975512742311,0.0164505347026703,0.0,0.0303192791031273,0.0370181588915794,88.63417138554776,0.9927975147882768,0.991424907535405,0.0020432519545808,1.270324445696601,0.0047034039446306,1.329382766917958,72.77822585743226,-0.0164505347026703,-1.0633629468650871,178.402804,0.0994822492189147,1.699999999999818,35.0063311193434,90.73677728308029,1.0906939717412047,-0.025975512742311,-1.7985066505506622,0.759816258257654,92.282787,87.91378233333334,233.44794,93.59983432584836,65.9576061069118,1.078248288388832,91.186533,94.68021062915298,89.12429300000001,57.4201654,35.192542306691344
normal,0,holdout,N0524,2,4030.1,4031.8,1.6551550460146558,0.0544726482759713,0.0239051109291647,0.0147459942020357,2.6749844169779134e-13,0.0326596219061941,0.0387958207084789,88.81538255518059,0.9930814543885148,0.998468506110864,0.0019277195509528,1.2729024093140304,0.0046846843442584,1.3201727744307366,71.80866096604494,-0.0147459942020357,-0.9531814091481732,173.975484,0.0858744775438408,1.7000000000002728,27.1351175437872,90.8906786229784,1.1135721550498778,-0.0239051109291647,-1.6551550460146558,0.7901027872113794,74.02933099999998,81.63445166666666,233.52697,89.97051928040773,68.62296016874708,1.035891746370334,105.261458,96.7173118205563,93.4914055,60.6609646,41.432025883399184
normal,0,holdout,N0531,1,4075.297,4076.897,1.236262709487671,0.0489951823653425,0.0034989012308272,0.019125344421677,0.0588235294116828,0.048694262320536,0.0332323046447278,85.88075160744255,0.9962294839036916,0.9987610178606372,7.73063663771971e-05,1.2682153870308237,0.0035413647911672,1.3523128038149976,71.78639694255992,-0.019125344421677,-1.236262709487671,176.22747099999998,-0.1887294713835035,1.599999999999909,17.023042266123973,88.47621242332588,1.2038064223775198,-0.0034989012308272,-0.24225882259535,0.7677030185809487,41.71777,73.45722983333333,229.31507,82.61534075090674,64.46712394512774,0.9838200092429932,133.199233,101.08848859393846,99.9352558,55.43146779999999,51.759257346110346
normal,0,holdout,N0531,2,4076.897,4078.597,1.051705426009633,0.069542638627584,0.0121122165679367,0.016270189457479,2.6749844169779134e-13,0.0425299365969953,0.0367508392020584,87.52475636723887,0.9929978801497794,0.997503907825914,0.001920586186324,1.2641719885338891,0.004717848789166,1.324177007859476,71.46764710268087,-0.016270189457479,-1.051705426009633,173.458125,-0.0728940570600847,1.7000000000002728,29.107326636430614,89.60068290672781,1.1065372427219229,-0.0121122165679367,-0.8386322251441389,0.7773199148113611,78.762664,82.90250283333334,230.44554,90.07725847392533,66.59748356804892,1.051373762671494,99.226253,94.80343219752837,91.00362833333334,58.9928946,38.59151489352301
normal,0,holdout,N0532,1,4082.705,4084.405,1.9969085447807655,0.0711110801002321,0.0085230446562092,0.0308927571821277,2.6749844169779134e-13,0.046404065367882,0.0222054602756969,87.71604767782611,0.9926775641936152,0.9973900460835992,0.0020092216351257,1.261989832577536,0.0049393936507916,1.319640625226911,71.98733353422456,-0.0308927571821277,-1.9969085447807655,174.573922,-0.3527003701722437,1.7000000000002728,29.247093082994034,89.79984456964665,1.1066774836058595,-0.0085230446562092,-0.5901231921464185,0.7810688733721498,79.077137,82.93285916666666,230.45912,90.04222967812755,67.04991215712997,1.0489079049916812,98.734386,95.00138923945028,91.17256666666668,59.4244556,38.41474710343165
normal,0,holdout,N0542,1,4163.809,4165.409,1.6417866223493789,0.1191116592245611,0.0065385979807715,0.0253989175426525,0.0588235294119504,0.0469698099815815,0.0273150034725584,86.76367412372538,0.9958332076906103,0.9926773742641332,8.147495579860015e-05,1.266819383989102,0.0039458377311945,1.3391146833445242,71.4688029316204,-0.0253989175426525,-1.6417866223493789,176.627896,-0.264587142308602,1.5999999999994543,23.691715605529406,89.38614121081908,1.1749854889862763,-0.0065385979807715,-0.4527229960908353,0.7551925409333252,58.368927,76.27396716666665,231.47931,86.72594518697672,64.19480920606702,1.0202505112268072,117.742311,99.87912379557096,97.60533519999998,57.3932002,46.24950548304176
normal,0,holdout,N0542,2,4165.409,4167.109,1.4558249627148492,0.1555185832823645,0.0126289351412047,0.0225220364700115,5.349968833955827e-13,0.0432271469314519,0.0308278199070615,88.339665867588,0.9925017263775212,0.9875168878729405,0.0020532825732187,1.264170062296967,0.0049715594599329,1.326835333243041,72.76561211953805,-0.0225220364700115,-1.4558249627148492,178.760789,-0.1674341040657173,1.7000000000007276,36.58071696756058,90.4595476893751,1.085033478833792,-0.0126289351412047,-0.8744090661907377,0.7560812961086375,95.381629,88.94988933333333,232.01969000000005,94.05938548467086,65.47770492372779,1.0861184302545817,87.14367000000001,93.96542716384916,87.83152883333334,56.52271,33.49779429171414
normal,0,holdout,N0562,1,4316.877,4318.577,0.8866813503897597,0.1397347274906662,0.0128061815664495,0.0133157258960189,0.0,0.0370710135018663,0.0650460279857442,84.32604382568115,0.9948034584981776,0.9899221708041754,0.0011439574668248,1.301200571880422,0.0031656887332956,1.343999847002007,68.32723451702226,0.0133157258960189,0.8607288324883423,171.175858,0.2739504991142741,1.699999999999818,35.62847300274812,86.39892547037364,1.0919804134680522,-0.0128061815664495,-0.8866813503897597,0.7436019115753695,92.427382,83.74892733333334,222.86167,89.91401011872824,61.54655486482981,1.086335863128873,91.638097,90.38119911021644,84.32637633333334,52.047545,35.84376742721365
normal,0,holdout,N0563,1,4323.665,4325.265,0.463168813963456,0.0603585742646019,0.0065188920609208,0.0071653565414925,0.0588235294114153,0.1246098080723324,0.0665742632165278,138.87011388921798,0.9979500317481262,0.9981196606517372,0.0001179627607707,1.4943492626716606,0.0016167982640314,1.482938655643956,101.08191644575268,-0.0071653565414925,-0.463168813963456,252.13447,-0.3035584735917413,1.6000000000003638,40.40663988105142,143.08425024733032,1.229972066660867,-0.0065188920609208,-0.4513585869160029,0.6709852209381597,98.977936,118.83329816666668,403.92356,137.42109935048515,90.8199699728568,1.0152781016863135,236.746458,166.48060594450527,162.5104148,78.5638182,92.29482402648466
normal,0,holdout,N0563,2,4325.265,4326.965,0.6753130141205724,0.0648643439016583,0.0013318409045418,0.0104472891468587,0.0,0.1346491473016281,0.0638851778510129,140.33932351555774,0.9979850032312304,0.9978284474272016,0.0010425447167684,1.4574109547373957,0.0004086581072497,1.4352592342207675,100.28562945222843,-0.0104472891468587,-0.6753130141205724,249.478013,-0.35643191370486,1.699999999999818,55.12811351248576,143.62211055727798,1.1214185972148052,0.0013318409045418,0.0922147234611518,0.6862154901570354,149.128334,133.459941,400.88205,148.39922668987813,93.61310802048784,1.0878161214306947,181.526085,152.9832564013233,144.46897933333335,82.3561768,71.08396131699776
normal,0,holdout,N0567,1,4351.066,4352.766,2.431480498867177,0.1532993564956218,0.0351174418296798,0.0209664895699047,0.0,0.135937214869586,0.0635882290662177,165.67237645099877,0.998753631460175,0.9878706102183252,0.0006942645269479,1.4494765213555418,0.000223931327835,1.4315589302248477,112.19996494648716,-0.0209664895699047,-1.3552743748111098,276.251945,-0.3626053117630631,1.699999999999818,46.45037652838424,169.49782760937748,1.1445231230365314,-0.0351174418296798,-2.431480498867177,0.765905377194914,124.00938,141.3735925,472.37175,163.22701011194678,122.91073146675056,1.0171320539411786,259.969387,183.6704355676953,178.708695,102.8162838,103.35588480698962
normal,0,holdout,N0569,1,4364.393,4366.093,2.9314920565003217,0.0436742656754732,0.0152127109238111,0.0453510364906287,0.0,0.1007978767917371,0.1149954787072566,128.72133717079663,0.997746023799764,0.9990155140736552,0.0012177083802833,1.4634132271021965,0.0005788341999533,1.4331917617917198,91.12927424949235,0.0453510364906287,2.9314920565003217,227.069286,0.0657925814380317,1.699999999999818,44.95322683805247,131.6579945371061,1.134975935615451,-0.0152127109238111,-1.053305936279461,0.7234720253038033,123.187438,114.73651216666669,367.08002,131.28483483234444,90.19307184072436,1.053084271434531,173.974655,141.49402121729776,135.41257033333332,78.0612086,69.89627142660173
normal,0,holdout,N0581,1,4469.05,4470.75,0.7159120915960573,0.0444519668511916,0.0103397914330392,0.0004116629764916,0.0,0.0584694698406308,0.0572702621838865,97.03512465719396,0.9962998668813324,0.998980140718998,0.0008612540400492,1.40305341338932,0.0021387363316053,1.4056077166062373,74.52932555016264,0.0004116629764916,0.0266099044018539,189.597513,-0.0103612444556195,1.699999999999818,36.65957877425749,99.3254414515176,1.1141352671235507,-0.0103397914330392,-0.7159120915960573,0.7375567237211333,95.036161,90.61180533333334,265.95035,100.98487923841438,69.79832775632462,1.067104027713761,126.876603,105.4356580836654,99.98370233333333,60.40573919999999,48.835805336223245
normal,0,holdout,N0581,2,4470.75,4472.35,0.3171968443272634,0.1558883775722608,0.0016780221746566,0.0049071276280282,0.0588235294114153,0.060908161157502,0.0600800263775692,92.8575774353748,0.9963505910232352,0.9874574522518008,0.0001145436524713,1.4126093290445088,0.0026300429217377,1.4139200442890607,68.6466315724896,0.0049071276280282,0.3171968443272634,170.265576,-0.0068447573006736,1.6000000000003638,35.30824631981392,95.66752052791232,1.182967748993394,-0.0016780221746566,-0.1161838101457621,0.6910298899603556,86.59995099999999,83.34284033333334,260.59904,94.99640744758428,62.51785194282323,1.050025791755775,133.78120700000002,107.02373900056158,102.2582168,55.2367752,51.56556438936487
normal,0,holdout,N0582,1,4476.033,4477.733,1.145116760471716,0.1047219884880981,0.0004771225625062,0.0177152900261245,0.0,0.0495647165504073,0.0694901907122308,84.43656924052617,0.9935384108569676,0.9943397703881748,0.0020078015815152,1.3016285737436588,0.0034930246344173,1.3199818633382632,68.84231848505547,0.0177152900261245,1.145116760471716,172.710438,0.1673637367815514,1.699999999999818,33.63476471669589,86.43865676437935,1.098134675820872,-0.0004771225625062,-0.0330352709610852,0.7607981445398029,87.04306,82.037936,220.41443,88.59380957039718,62.987337863709705,1.0700881831950644,93.729032,90.91581037914304,85.57415933333334,54.19669759999999,36.63834304750759
normal,0,holdout,N0582,2,4477.733,4479.433,2.418620245941044,0.056649941889267,0.0227615466797423,0.0374167601059756,0.0,0.0730043886565123,0.0892461082251396,84.57150230152476,0.9937339969187368,0.9983436304949368,0.0019721343224389,1.3046989222217802,0.0034038194265102,1.3255960571718353,67.51666095715046,0.0374167601059756,2.418620245941044,166.245478,0.1001027416290386,1.699999999999818,26.893129002304224,86.56668896911634,1.1215018329231827,0.0227615466797423,1.5759763237957038,0.7917783425644788,72.28172599999999,75.90328633333333,222.50369,85.00878780866562,65.58801491476596,1.0262258615698323,106.666103,92.90109995489416,89.5986275,56.3972296,41.931159704907984
normal,0,holdout,N0586,1,4517.5,4519.2,1.871750875052173,0.1139119150957118,0.0270333660931769,0.0243717983979391,0.0,0.1770552109128361,0.0691311119704997,187.84802060976827,0.9986662394936268,0.9933027486963688,0.0010875880135207,1.4227104807894635,3.0350259847843152e-05,1.399696995190629,130.91006514733326,-0.0243717983979391,-1.5753936168790634,326.19801900000004,-0.4383838130318946,1.699999999999818,55.587501694352994,192.2325726621382,1.143865507233878,-0.0270333660931769,-1.871750875052173,0.7601130236673409,150.39601,162.3190641666667,523.9007,186.39196280848773,138.69921476488145,1.0214834934561083,276.672995,208.72323287464863,202.46089166666664,116.5958542,112.3126155990043
normal,0,holdout,N0586,2,4519.2,4520.8,1.8042472858704437,0.0607119385751655,0.0260584237206231,0.0155143842050224,0.0588235294114153,0.1713396977393498,0.0761762229778851,183.35672317757252,0.9993358661872752,0.9980975796203572,8.390740803991895e-05,1.4418551186660944,0.0004823068394218,1.4339823784119663,137.0282966441707,-0.0155143842050224,-1.002850156862798,342.83881,-0.3844741561889108,1.6000000000003638,48.50776892117004,188.9062787619577,1.230000983252964,-0.0260584237206231,-1.8042472858704437,0.6947608844342797,118.35838,155.131934,518.7327300000001,178.97303515792044,124.11587396549076,1.0018336915612969,313.13209,219.73408468319656,215.408136,108.8114172,124.30931845908016
normal,0,holdout,N0592,1,4565.625,4567.225,1.157456557309032,0.0533666248976208,0.0022564443038499,0.0179061902796029,0.0588235294114153,0.0921740911654488,0.0817050518536752,114.23466543771934,0.9981175893156776,0.9985300662436304,0.0002373238319294,1.4594566512723195,0.0014780501287699,1.447585103579233,83.91208746716583,0.0179061902796029,1.157456557309032,209.178951,-0.0602087123845664,1.6000000000003638,32.62830106333679,117.702547584052,1.2270483116771052,-0.0022564443038499,-0.1562329154897121,0.6762545485600071,81.706175,98.3885235,326.32545,112.9458279504518,75.22817198413372,1.01531285259036,189.518351,136.49978638996944,133.343567,64.7865376,74.26398190123726
normal,0,holdout,N0594,1,4580.273,4581.973,0.2979322720391479,0.0666011221337827,0.0022362456820272,0.0046090990801161,0.0,0.1959645206178914,0.0872989276477348,183.8955380136933,0.998522669780989,0.9977106015641376,0.0010110435025283,1.423077337396359,0.0001279226639034,1.4192195896594628,131.1147684944422,-0.0046090990801161,-0.2979322720391479,323.34987,-0.3836202433992591,1.699999999999818,57.79186149490201,188.13677110419349,1.135701194088497,-0.0022362456820272,-0.1548343923482971,0.7430807300176114,160.91432100000003,160.77832166666664,520.12152,185.61095358448333,132.51045090217588,1.0408531700691548,256.889969,202.52480146435707,195.53272316666667,114.36118000000002,103.51287793041485
abnormal,1,test,A0001,1,8.981,10.281,31.148736967853903,0.8628387476347158,0.2171345759276194,0.4818800391199297,0.2352941176468381,0.2871039586630027,0.5390528907435014,97.81391326227046,0.6604356129861829,0.6157467332022749,0.0050429875204394,1.6981688311971688,0.027452688559083,1.9012275840693968,35.1077641359002,0.4818800391199297,31.148736967853903,77.486048,0.30496501028974,1.3000000000000007,98.38439197695344,97.7402852543148,0.9299231529651888,0.2171345759276194,15.034081626970655,0.3667708281725539,211.00046,125.6466064,293.25488,136.1482983626404,37.21354758767588,1.3418560546290612,153.779998,94.35248620555711,92.3872085,30.99441905,58.622621990214114
abnormal,1,test,A0001,2,10.281,11.581,27.243480037689583,1.2401262987635266,0.215625731028693,0.4214645762322024,0.2352941176468392,0.3040299164824524,0.4836310267910407,110.18918151453202,0.6838329869225489,0.2062383293489194,0.0317310617560954,2.15289464933526,0.0213121945975538,1.6660649210448006,41.28814455305208,0.4214645762322024,27.243480037689583,100.135816,0.2280183013289245,1.299999999999999,154.56923982114154,114.31590262523484,1.244784196985621,0.215625731028693,14.929611404869965,0.7744070717253053,364.78047,73.6713498,364.78047,104.39768001132016,86.1508907660803,0.9384267644080244,203.847912,138.47919433758827,126.063839,78.38011750000001,94.88566401959106
abnormal,1,test,A0006,1,51.441,52.941,43.9820520207962,0.5603335393176001,0.1102509505438734,0.6804151632288896,0.1176470588233657,0.3010040019372581,0.7703057611946543,178.8958929812651,0.7276916943933752,0.8379490708209015,0.0608198830853234,1.63989366008532,0.0552950841862459,1.8258300096034443,122.06997696327856,0.6804151632288896,43.9820520207962,314.712561,0.4380635511852159,1.5,68.56659470131939,134.22697611959416,1.390394025559308,0.1102509505438734,7.633615157082226,0.9995691559981468,159.74046,39.57748902,406.503724,47.87407663820704,183.96200994796516,0.2601268076652286,121.59349,255.88992820223328,248.43219,168.5619542,50.55092999246973
abnormal,1,test,A0011,1,91.729,93.329,10.884832509464289,1.5244940209740103,0.1572077064385296,0.0430788406912219,0.0588235294116327,0.1602999740131626,0.0821360934574466,52.91935959142045,0.1703760070052023,-0.1995262038646923,0.0695977576315783,3.15639940163215,0.1118844934057013,2.2751862632048945,59.20395500978597,0.0430788406912219,2.7846172670310487,153.780005,-0.322410280660362,1.5999999999999943,38.48633198770322,51.28751291876001,0.7198363561600127,0.1572077064385296,10.884832509464289,1.131108707852267,85.83069900000001,54.83627966666668,206.232099,56.99235446271191,59.63087342142472,1.081059939508031,138.28279300000003,37.94902323740544,35.5243726,45.0611174,62.1338591575569
abnormal,1,test,A0011,2,93.329,94.929,26.83884813924728,1.2381104349441323,0.2372191096299779,0.4152048028342705,0.0588235294116243,0.27113655738913,0.4626119462557057,73.61227828088727,0.3567165309692096,0.2088168004546642,0.2741396708630373,3.0496959655175893,0.0107205021622048,2.056665321813691,29.838068735185807,0.4152048028342705,26.83884813924728,77.486052,0.26095506555063,1.6000000000000083,52.87439938431264,74.11441231201641,0.6307755616312087,0.2372191096299779,16.424705473177234,1.202956240491921,108.480466,63.9756605,275.3735,80.40518186212766,91.02315460238697,1.062629785920404,206.2321,47.72840402098614,44.5842796,87.02279239999999,78.22528816619516
abnormal,1,test,A0012,1,98.512,100.412,24.66145967318897,1.5835543600122586,0.1828968920634135,0.3815199686695242,0.1176470588235831,0.202889000346798,0.4251550315625302,64.26420907998128,0.5263889428246034,-0.2942680831568271,0.019287345345076,3.4463043397514586,0.0246688091105717,2.448583468975074,62.85846749384914,0.3815199686695242,24.66145967318897,170.46930300000002,0.3539019876355853,1.9000000000000057,33.25633352573264,65.92549090872791,0.5010859916238088,0.1828968920634135,12.663514287642482,1.267273166789389,95.367443,58.753157,267.02884000000006,64.32727956951219,76.94311807451489,1.0594870253640427,76.29395500000001,30.42368419799711,21.06031038333333,55.63100805,28.291512494718027
abnormal,1,test,A0016,1,132.001,133.201,11.91045080905401,1.0792162785382762,0.1720205297336691,0.0673812049366684,0.2941176470585817,0.0599662761148584,0.0336787467504138,206.57607921518775,0.6364019720423435,0.3988605027802964,0.1854999369303888,1.648521370644214,0.0017647324438038,1.338807382978283,41.52979990107506,-0.0673812049366684,-4.3555226586735385,91.79116000000002,-0.2807146451550764,1.1999999999999886,38.32661210977944,49.59627196665853,0.8822552206009816,-0.1720205297336691,-11.91045080905401,1.0960671322536342,84.63861,197.8874475,152.5879,207.54747482866716,225.21568431725615,1.0100804756629926,138.28278999999998,181.28243006573655,178.21790749999997,222.32535,72.26352173068575
abnormal,1,test,A0017,1,139.31,140.91,19.73058772133836,1.0329246411037012,0.120707104613892,0.3052379424831878,0.0588235294116327,0.2543454422878526,0.445051383595158,302.6159962291791,0.7950512942751881,0.4493247410579191,0.0475962928582405,1.9442876150694923,0.0693432049285967,1.5678385673990751,10.629031864091855,0.3052379424831878,19.73058772133836,23.84186,0.2726720142978351,1.5999999999999943,94.02961977530336,105.73589391318626,0.8069047410279074,-0.120707104613892,-8.357584028098161,0.6972953951604008,233.65023,400.14589666666666,342.13070000000005,403.84750609959207,214.78724584724023,1.3110694968850063,156.16419000000002,248.55010973734773,233.888652,214.576746,59.760216502513344
