eval_set,source,segment_id,label,n_windows,n_alarm_A,alarm_ratio_A,max_score_A,mean_score_A,any_alarm_A,segment_result_A,cycle_context_available,cycle_timing_break,cycle_current_break,cycle_response_break,cycle_shape_break,max_PORD,max_Shape_RMSE,max_timing_deviation,n_alarm_B,alarm_ratio_B,max_score_B,mean_score_B,any_alarm_B,segment_result_B,comparison_result,models_agree
OOF,abnormal,A0001,1,41,41,1.0,0.999785371424817,0.8479292767720291,True,DETECTED_ABNORMAL,True,True,False,True,True,31.148736967853903,1.2401262987635266,0.2352941176468392,41,1.0,11766.063057072191,3979.9626581565726,True,DETECTED_ABNORMAL,BOTH_DETECT,True
OOF,abnormal,A0003,1,22,22,1.0,0.9294888725118444,0.6870178582031113,True,DETECTED_ABNORMAL,False,False,False,False,False,,,,22,1.0,5187.22037265336,2240.7037482118485,True,DETECTED_ABNORMAL,BOTH_DETECT,True
OOF,abnormal,A0004,1,9,9,1.0,0.9910675359751324,0.9770663048037775,True,DETECTED_ABNORMAL,False,False,False,False,False,,,,9,1.0,13622.435091047297,11366.717481149319,True,DETECTED_ABNORMAL,BOTH_DETECT,True
OOF,abnormal,A0006,1,41,41,1.0,0.959245347389195,0.8726794662380986,True,DETECTED_ABNORMAL,True,True,False,True,True,43.9820520207962,0.5603335393176001,0.1176470588233657,41,1.0,32456.29838925385,9197.173774836438,True,DETECTED_ABNORMAL,BOTH_DETECT,True
OOF,abnormal,A0008,1,16,16,1.0,0.996006830381033,0.8559515964579061,True,DETECTED_ABNORMAL,False,False,False,False,False,,,,16,1.0,9328.296664417388,6249.217782586142,True,DETECTED_ABNORMAL,BOTH_DETECT,True
OOF,abnormal,A0011,1,41,41,1.0,0.9890037614352472,0.8117973386805303,True,DETECTED_ABNORMAL,True,False,True,True,True,26.83884813924728,1.5244940209740103,0.0588235294116327,41,1.0,10811.087986147664,4555.59125211511,True,DETECTED_ABNORMAL,BOTH_DETECT,True
OOF,abnormal,A0013,1,19,19,1.0,0.9992238181577232,0.9828303767146612,True,DETECTED_ABNORMAL,False,False,False,False,False,,,,19,1.0,24503.84550923142,12885.877289113932,True,DETECTED_ABNORMAL,BOTH_DETECT,True
OOF,abnormal,A0014,1,6,5,0.8333333333333334,0.948646956977705,0.5392933297955022,True,DETECTED_ABNORMAL,False,False,False,False,False,,,,6,1.0,3591.982739814337,1242.9617898289182,True,DETECTED_ABNORMAL,BOTH_DETECT,True
OOF,abnormal,A0015,1,41,41,1.0,0.9887845804334636,0.7027238508616636,True,DETECTED_ABNORMAL,False,False,False,False,False,,,,41,1.0,16714.245308313486,4931.178909903878,True,DETECTED_ABNORMAL,BOTH_DETECT,True
OOF,abnormal,A0016,1,41,41,1.0,0.8680631193526451,0.6208945583446809,True,DETECTED_ABNORMAL,True,True,True,True,True,11.910450809054009,1.0792162785382762,0.2941176470585817,41,1.0,5731.891486328128,2588.9466018163876,True,DETECTED_ABNORMAL,BOTH_DETECT,True
OOF,abnormal,A0018,1,15,15,1.0,0.9742548827306352,0.923175368681726,True,DETECTED_ABNORMAL,False,False,False,False,False,,,,15,1.0,27653.77284252952,17784.046493986454,True,DETECTED_ABNORMAL,BOTH_DETECT,True
OOF,abnormal,A0019,1,1,1,1.0,0.7954289778173499,0.7954289778173499,True,DETECTED_ABNORMAL,False,False,False,False,False,,,,1,1.0,1656.3013190723009,1656.3013190723009,True,DETECTED_ABNORMAL,BOTH_DETECT,True
OOF,abnormal,A0020,1,6,6,1.0,0.6735061352177674,0.6556681534233518,True,DETECTED_ABNORMAL,False,False,False,False,False,,,,6,1.0,2860.345263406397,2361.1983856196025,True,DETECTED_ABNORMAL,BOTH_DETECT,True
OOF,normal,N0000,0,32,0,0.0,0.0151759824300675,0.0014215486675364345,False,CLEAN_NORMAL,True,False,False,False,False,0.6427495321897371,0.0515403687610835,1.0697325378441949e-13,0,0.0,137.22210210566024,45.90843706442996,False,CLEAN_NORMAL,BOTH_CLEAN,True
OOF,normal,N0001,0,28,0,0.0,0.0092893342084581,0.0003317619360163607,False,CLEAN_NORMAL,True,False,False,False,False,0.69017913693315,0.0398405311680025,1.0762632615184572e-13,0,0.0,50.5133049729177,30.347186179875628,False,CLEAN_NORMAL,BOTH_CLEAN,True
OOF,normal,N0003,0,1,0,0.0,0.0,0.0,False,CLEAN_NORMAL,False,False,False,False,False,,,,0,0.0,31.496102420893525,31.496102420893525,False,CLEAN_NORMAL,BOTH_CLEAN,True
OOF,normal,N0004,0,41,0,0.0,0.0294685582869819,0.0025360016842790856,False,CLEAN_NORMAL,True,False,False,False,False,1.132421348185893,0.0569537751648588,1.0449157878819977e-13,0,0.0,137.99859016170996,47.85027911057537,False,CLEAN_NORMAL,BOTH_CLEAN,True
OOF,normal,N0005,0,41,0,0.0,0.0092084858695119,0.0009891890475406707,False,CLEAN_NORMAL,True,False,False,False,False,1.4377722945763218,0.0736842695457638,0.0588235294116285,0,0.0,86.71684109402415,44.125220991893194,False,CLEAN_NORMAL,BOTH_CLEAN,True
OOF,normal,N0006,0,41,0,0.0,0.0825182297817576,0.013940721959359335,False,CLEAN_NORMAL,True,False,False,False,False,1.9838042136912035,0.0933770830364716,1.0867124193972773e-13,2,0.04878048780487805,311.5604308748162,98.36073925934475,True,FALSE_ALARM_NORMAL,B_ONLY_FP,False
OOF,normal,N0008,0,17,0,0.0,0.00926143960359,0.0009151951493162119,False,CLEAN_NORMAL,False,False,False,False,False,,,,0,0.0,40.08446599334759,27.931198036012113,False,CLEAN_NORMAL,BOTH_CLEAN,True
OOF,normal,N0009,0,4,0,0.0,0.0031567506103474,0.00078918765258685,False,CLEAN_NORMAL,False,False,False,False,False,,,,0,0.0,58.48410302442159,46.926466308192076,False,CLEAN_NORMAL,BOTH_CLEAN,True
OOF,normal,N0010,0,41,0,0.0,0.021400934906124,0.001191572168396105,False,CLEAN_NORMAL,True,False,False,True,False,2.6139852853562995,0.0881587968469789,1.0867124193972773e-13,0,0.0,62.67174924111376,35.663090229467095,False,CLEAN_NORMAL,BOTH_CLEAN,True
OOF,normal,N0011,0,41,0,0.0,0.025421918449138,0.005033724064275442,False,CLEAN_NORMAL,True,False,False,False,False,0.6098921706607703,0.1058000997139818,1.0867124193972773e-13,2,0.04878048780487805,198.5275820408179,61.063384524080256,True,FALSE_ALARM_NORMAL,B_ONLY_FP,False
OOF,normal,N0013,0,16,0,0.0,0.0211074293216958,0.0035798462182514,False,CLEAN_NORMAL,False,False,False,False,False,,,,1,0.0625,291.162446574802,88.73992054260282,True,FALSE_ALARM_NORMAL,B_ONLY_FP,False
OOF,normal,N0014,0,5,0,0.0,0.0,0.0,False,CLEAN_NORMAL,False,False,False,False,False,,,,0,0.0,41.65683108838808,30.429771586171107,False,CLEAN_NORMAL,BOTH_CLEAN,True
OOF,normal,N0015,0,41,0,0.0,0.0061625476175371,0.0007539832108839025,False,CLEAN_NORMAL,True,False,False,False,False,1.280262914370473,0.1640525426286735,1.0867124193972773e-13,0,0.0,86.45179038677058,48.49506369899473,False,CLEAN_NORMAL,BOTH_CLEAN,True
OOF,normal,N0016,0,41,0,0.0,0.0724620541509877,0.008024829880115254,False,CLEAN_NORMAL,True,False,False,False,False,2.537838117814923,0.0783049677995081,1.170305682427837e-13,0,0.0,75.39203818067172,32.750874990033864,False,CLEAN_NORMAL,BOTH_CLEAN,True
OOF,normal,N0018,0,27,0,0.0,0.0193783547867534,0.0028086230887424926,False,CLEAN_NORMAL,True,False,False,False,False,1.7711852917729165,0.0583917669183457,1.0031191563667174e-13,0,0.0,42.37974987847826,27.407225223631556,False,CLEAN_NORMAL,BOTH_CLEAN,True
OOF,normal,N0019,0,14,0,0.0,0.0378445590615265,0.016770954244661598,False,CLEAN_NORMAL,False,False,False,False,False,,,,5,0.35714285714285715,259.45144756191587,119.14438446153122,True,FALSE_ALARM_NORMAL,B_ONLY_FP,False
OOF,normal,N0020,0,13,0,0.0,0.0028325550766283,0.00021788885204833077,False,CLEAN_NORMAL,False,False,False,False,False,,,,0,0.0,48.258989767928696,32.23985990031384,False,CLEAN_NORMAL,BOTH_CLEAN,True
OOF,normal,N0021,0,2,0,0.0,0.0061442630749561,0.00612873346335835,False,CLEAN_NORMAL,False,False,False,False,False,,,,0,0.0,33.52969104852574,30.11737815005612,False,CLEAN_NORMAL,BOTH_CLEAN,True
OOF,normal,N0023,0,41,0,0.0,0.0921358903670297,0.017918126455713182,False,CLEAN_NORMAL,True,False,False,False,False,0.966383422664406,0.0894476588637669,0.058823529411616,10,0.24390243902439024,465.5188639125242,111.91114825932068,True,FALSE_ALARM_NORMAL,B_ONLY_FP,False
OOF,normal,N0024,0,27,0,0.0,0.0029468237641044,0.00010914162089275555,False,CLEAN_NORMAL,False,False,False,False,False,,,,0,0.0,70.71583226669959,40.45716736933617,False,CLEAN_NORMAL,BOTH_CLEAN,True
OOF,normal,N0025,0,17,0,0.0,0.0124415615328879,0.0013062766215024297,False,CLEAN_NORMAL,False,False,False,False,False,,,,0,0.0,89.35333211414066,48.52989779879985,False,CLEAN_NORMAL,BOTH_CLEAN,True
OOF,normal,N0026,0,3,0,0.0,0.0,0.0,False,CLEAN_NORMAL,False,False,False,False,False,,,,0,0.0,64.43966392391926,51.04440505468691,False,CLEAN_NORMAL,BOTH_CLEAN,True
OOF,normal,N0028,0,41,0,0.0,0.0065523084700241,0.00038618241728260007,False,CLEAN_NORMAL,True,False,False,False,False,1.323049060156312,0.0375799908120274,1.0031191563667174e-13,0,0.0,73.64193629489583,32.70542830435156,False,CLEAN_NORMAL,BOTH_CLEAN,True
OOF,normal,N0029,0,33,0,0.0,0.025778704549634,0.002582366748043809,False,CLEAN_NORMAL,True,False,False,False,False,1.233642095334094,0.0850182424798935,1.170305682427837e-13,0,0.0,79.33628190065303,41.518687530685895,False,CLEAN_NORMAL,BOTH_CLEAN,True
OOF,normal,N0030,0,18,0,0.0,0.0062273625704174,0.00034596458724541114,False,CLEAN_NORMAL,False,False,False,False,False,,,,0,0.0,68.72309013134253,43.36151483493518,False,CLEAN_NORMAL,BOTH_CLEAN,True
OOF,normal,N0031,0,4,0,0.0,0.0030443716689141,0.000761092917228525,False,CLEAN_NORMAL,False,False,False,False,False,,,,0,0.0,35.554702052116994,28.517269661378947,False,CLEAN_NORMAL,BOTH_CLEAN,True
OOF,normal,N0033,0,41,0,0.0,0.1231299154051073,0.008812137292314568,False,CLEAN_NORMAL,True,False,False,False,False,2.050067956869736,0.1290559766103287,1.337492208488957e-13,0,0.0,88.59149505021695,54.13716111750617,False,CLEAN_NORMAL,BOTH_CLEAN,True
OOF,normal,N0034,0,41,0,0.0,0.0187267810277473,0.002083390719183529,False,CLEAN_NORMAL,True,False,False,False,False,1.8008938229502889,0.1040146697535099,0.058823529411616,0,0.0,74.53215911373887,44.89967766126617,False,CLEAN_NORMAL,BOTH_CLEAN,True
OOF,normal,N0035,0,29,0,0.0,0.0404134481288393,0.009010938502813651,False,CLEAN_NORMAL,True,False,False,False,False,1.111683657744854,0.0488755091627025,0.058823529411616,1,0.034482758620689655,147.90736114198515,63.76527590663586,True,FALSE_ALARM_NORMAL,B_ONLY_FP,False
OOF,normal,N0036,0,28,0,0.0,0.0228064905062311,0.002661170908850046,False,CLEAN_NORMAL,True,False,False,False,False,1.69423257791097,0.1247415991914441,0.058823529411616,0,0.0,62.46200854461602,32.45259940263727,False,CLEAN_NORMAL,BOTH_CLEAN,True
OOF,normal,N0038,0,3,0,0.0,0.0033333333333333,0.0011111111111111,False,CLEAN_NORMAL,False,False,False,False,False,,,,0,0.0,55.68334487539043,46.76513311126001,False,CLEAN_NORMAL,BOTH_CLEAN,True
OOF,normal,N0039,0,3,0,0.0,0.0462172769938332,0.020746310515729966,False,CLEAN_NORMAL,False,False,False,False,False,,,,0,0.0,85.0863774602547,80.038182541262,False,CLEAN_NORMAL,BOTH_CLEAN,True
OOF,normal,N0041,0,41,0,0.0,0.0221547731474568,0.002727687127975578,False,CLEAN_NORMAL,True,False,False,False,False,1.1306947151732147,0.1775021530750584,1.0031191563667174e-13,0,0.0,54.53979105749708,34.8610244588228,False,CLEAN_NORMAL,BOTH_CLEAN,True
OOF,normal,N0043,0,34,0,0.0,0.0033333333333333,0.00019369437625642354,False,CLEAN_NORMAL,True,False,False,False,False,1.4092233817882711,0.0725354147970715,0.058823529411616,0,0.0,81.34551781606235,42.507867590464514,False,CLEAN_NORMAL,BOTH_CLEAN,True
OOF,normal,N0044,0,20,0,0.0,0.0060082679356453,0.00046708006344893006,False,CLEAN_NORMAL,False,False,False,False,False,,,,0,0.0,48.76621981160961,26.218697718894408,False,CLEAN_NORMAL,BOTH_CLEAN,True
OOF,normal,N0045,0,8,0,0.0,0.0155101406491116,0.004281221196339212,False,CLEAN_NORMAL,False,False,False,False,False,,,,0,0.0,113.53422410363636,64.41445794891587,False,CLEAN_NORMAL,BOTH_CLEAN,True
OOF,normal,N0048,0,41,0,0.0,0.041283734231335,0.005135526737868888,False,CLEAN_NORMAL,True,False,True,True,False,1.0434462278962835,0.1186430776684569,0.0588235294116494,2,0.04878048780487805,168.1825285288725,63.96435964773613,True,FALSE_ALARM_NORMAL,B_ONLY_FP,False
OOF,normal,N0049,0,31,0,0.0,0.0691169009043864,0.019002781748132486,False,CLEAN_NORMAL,True,False,False,False,False,0.256941187088218,0.0683326146264087,0.058823529411616,7,0.22580645161290322,211.4996946709144,89.19831751241902,True,FALSE_ALARM_NORMAL,B_ONLY_FP,False
OOF,normal,N0050,0,13,0,0.0,0.0062155486279332,0.0006985603331532308,False,CLEAN_NORMAL,False,False,False,False,False,,,,0,0.0,49.96515691876759,34.8662379240145,False,CLEAN_NORMAL,BOTH_CLEAN,True
OOF,normal,N0051,0,41,0,0.0,0.034440724235385,0.0032306727350505096,False,CLEAN_NORMAL,True,False,False,False,False,0.3806929742565302,0.1243140751080824,1.0031191563667174e-13,0,0.0,91.98935400467153,48.69996824541859,False,CLEAN_NORMAL,BOTH_CLEAN,True
OOF,normal,N0053,0,41,0,0.0,0.0160812803986964,0.0016049935483229342,False,CLEAN_NORMAL,True,False,False,False,False,1.3998982245426903,0.1245343062466546,0.058823529411616,0,0.0,97.78507688731764,47.674883433059875,False,CLEAN_NORMAL,BOTH_CLEAN,True
OOF,normal,N0054,0,41,0,0.0,0.1320880846355757,0.00863307225188783,False,CLEAN_NORMAL,True,False,False,False,False,1.644227538653234,0.0690478580823341,0.0588235294116494,0,0.0,79.39093148095567,49.61501439248592,False,CLEAN_NORMAL,BOTH_CLEAN,True
OOF,normal,N0055,0,41,0,0.0,0.0239802815233154,0.0019321577796093195,False,CLEAN_NORMAL,True,False,False,False,False,0.5782442054569692,0.1066938881073539,1.0031191563667174e-13,0,0.0,48.058356619904046,28.312073137939656,False,CLEAN_NORMAL,BOTH_CLEAN,True
OOF,normal,N0056,0,41,0,0.0,0.0504563364886513,0.004287456111072151,False,CLEAN_NORMAL,True,False,False,False,False,0.596297793830692,0.1081401190573052,0.058823529411616,0,0.0,112.63102819386135,45.971974194286545,False,CLEAN_NORMAL,BOTH_CLEAN,True
OOF,normal,N0058,0,41,0,0.0,0.0478957992443475,0.005358745566467105,False,CLEAN_NORMAL,True,False,False,True,False,1.5079451742992456,0.1568848820029168,1.0031191563667174e-13,0,0.0,116.57113511672964,54.24315322332299,False,CLEAN_NORMAL,BOTH_CLEAN,True
OOF,normal,N0059,0,41,0,0.0,0.0,0.0,False,CLEAN_NORMAL,True,False,False,False,False,1.7974135680107235,0.1068217620415883,0.058823529411616,0,0.0,59.20898799221936,30.549160573249782,False,CLEAN_NORMAL,BOTH_CLEAN,True
OOF,normal,N0060,0,41,0,0.0,0.0153763888242799,0.0006762011020495512,False,CLEAN_NORMAL,True,False,False,False,False,1.871420099987364,0.0878105362670982,0.0588235294116494,0,0.0,40.8443365022278,28.548800266746404,False,CLEAN_NORMAL,BOTH_CLEAN,True
OOF,normal,N0061,0,41,0,0.0,0.0242028203960244,0.004187601639920747,False,CLEAN_NORMAL,True,False,False,False,False,1.0018920689969202,0.0617875063348107,0.0588235294116494,0,0.0,98.1229912720848,57.4745157573115,False,CLEAN_NORMAL,BOTH_CLEAN,True
OOF,normal,N0063,0,41,0,0.0,0.0307246389846447,0.002055160345369534,False,CLEAN_NORMAL,True,False,False,False,False,1.699803691293034,0.0504019452387919,1.0031191563667174e-13,0,0.0,61.04679926898504,33.66631776790399,False,CLEAN_NORMAL,BOTH_CLEAN,True
OOF,normal,N0064,0,41,0,0.0,0.1327773240845777,0.027832255349708665,False,CLEAN_NORMAL,True,False,False,False,False,1.657226662685797,0.0742030786299516,0.0588235294116494,11,0.2682926829268293,261.8887070868931,109.49826748749923,True,FALSE_ALARM_NORMAL,B_ONLY_FP,False
OOF,normal,N0065,0,41,0,0.0,0.0258195696931903,0.0011024235353256197,False,CLEAN_NORMAL,True,False,False,False,False,1.5162815729838026,0.0905303487725426,0.058823529411616,0,0.0,53.33009362393888,35.708148958906776,False,CLEAN_NORMAL,BOTH_CLEAN,True
OOF,normal,N0066,0,41,0,0.0,0.0552849230801542,0.009932004039647543,False,CLEAN_NORMAL,True,False,False,False,False,2.325412800240495,0.1068180007156269,0.0588235294116494,0,0.0,98.64041511193878,40.13419520964396,False,CLEAN_NORMAL,BOTH_CLEAN,True
OOF,normal,N0068,0,41,0,0.0,0.0325291346360896,0.002317574615708593,False,CLEAN_NORMAL,True,False,False,False,False,2.5820187595361466,0.1374774305255172,1.337492208488957e-13,0,0.0,65.82464786239524,41.101969442170244,False,CLEAN_NORMAL,BOTH_CLEAN,True
OOF,normal,N0069,0,41,0,0.0,0.073902916946851,0.0066220588470768515,False,CLEAN_NORMAL,True,False,False,False,False,0.959008781558368,0.0754207093678543,0.058823529411616,0,0.0,74.2355267082878,51.681252726584475,False,CLEAN_NORMAL,BOTH_CLEAN,True
OOF,normal,N0070,0,41,0,0.0,0.0325061167703852,0.0012613728354003366,False,CLEAN_NORMAL,True,False,False,False,False,0.7111333711701209,0.0401904494578395,6.687461042444783e-14,0,0.0,46.30045810453426,25.551737170264815,False,CLEAN_NORMAL,BOTH_CLEAN,True
OOF,normal,N0071,0,41,0,0.0,0.0535411823832575,0.0055385183619199385,False,CLEAN_NORMAL,True,False,False,False,False,2.2052219095255734,0.0630058664399876,0.058823529411616,0,0.0,110.10189894086804,43.10060240573051,False,CLEAN_NORMAL,BOTH_CLEAN,True
OOF,normal,N0073,0,41,1,0.024390243902439025,0.4201876196647183,0.033085308844541604,True,FALSE_ALARM_NORMAL,True,False,False,True,False,1.1307034790099186,0.1168921685049721,1.337492208488957e-13,0,0.0,127.81201327570771,52.16243251942134,False,CLEAN_NORMAL,A_ONLY_FP,False
OOF,normal,N0074,0,41,0,0.0,0.0220425035785571,0.0014093561766397318,False,CLEAN_NORMAL,True,False,False,False,False,2.327933141166902,0.0358202514320755,6.687461042444783e-14,0,0.0,88.80191429789834,43.80509636149084,False,CLEAN_NORMAL,BOTH_CLEAN,True
OOF,normal,N0075,0,41,0,0.0,0.0338182473970201,0.0030462583733572852,False,CLEAN_NORMAL,True,False,False,False,False,2.5704789054527897,0.0864248177267954,0.058823529411616,0,0.0,49.35985305644057,29.374857526152976,False,CLEAN_NORMAL,BOTH_CLEAN,True
OOF,normal,N0076,0,41,0,0.0,0.0162440029495222,0.0009862107310816318,False,CLEAN_NORMAL,True,False,False,True,False,1.900509736967052,0.1720490917892185,1.337492208488957e-13,0,0.0,99.90514741015453,51.718956045682305,False,CLEAN_NORMAL,BOTH_CLEAN,True
OOF,normal,N0078,0,41,0,0.0,0.0427449663358067,0.004578309508052931,False,CLEAN_NORMAL,True,False,False,False,False,1.1245450929141347,0.0834985859112253,0.058823529411616,0,0.0,55.68912579434801,31.29351845087057,False,CLEAN_NORMAL,BOTH_CLEAN,True
OOF,normal,N0079,0,41,0,0.0,0.0066147563676633,0.0006251188274547586,False,CLEAN_NORMAL,True,False,False,False,False,1.8047280998952728,0.1447176126810236,1.337492208488957e-13,0,0.0,78.03251299310713,53.56313608223146,False,CLEAN_NORMAL,BOTH_CLEAN,True
OOF,normal,N0080,0,33,0,0.0,0.0191498358484424,0.0011479352700940817,False,CLEAN_NORMAL,True,False,False,False,False,0.1762065120689389,0.1304879165352717,1.337492208488957e-13,0,0.0,46.46627873676752,30.236504740911496,False,CLEAN_NORMAL,BOTH_CLEAN,True
OOF,normal,N0081,0,22,0,0.0,0.0151545981936427,0.0028775724083533864,False,CLEAN_NORMAL,False,False,False,False,False,,,,0,0.0,64.52935974442357,32.86589507226128,False,CLEAN_NORMAL,BOTH_CLEAN,True
OOF,normal,N0084,0,41,0,0.0,0.002832779822278,6.909219078726829e-05,False,CLEAN_NORMAL,True,False,False,False,False,0.709195437376214,0.1018988413183166,0.058823529411616,0,0.0,74.52005078464397,38.688348549306106,False,CLEAN_NORMAL,BOTH_CLEAN,True
OOF,normal,N0085,0,37,0,0.0,0.0185845691546978,0.0011937657204845323,False,CLEAN_NORMAL,True,False,False,False,True,1.2953182923586313,0.0288489785408952,1.337492208488957e-13,0,0.0,38.39342857166445,23.21670165204992,False,CLEAN_NORMAL,BOTH_CLEAN,True
OOF,normal,N0086,0,24,0,0.0,0.0374817337489153,0.0019376616729556084,False,CLEAN_NORMAL,True,False,False,False,False,0.9672724193270508,0.0763485500160815,0.058823529411616,0,0.0,73.12747270131997,39.78272562418406,False,CLEAN_NORMAL,BOTH_CLEAN,True
OOF,normal,N0088,0,3,0,0.0,0.0,0.0,False,CLEAN_NORMAL,False,False,False,False,False,,,,0,0.0,32.23499936581399,27.531204666783015,False,CLEAN_NORMAL,BOTH_CLEAN,True
OOF,normal,N0089,0,41,0,0.0,0.0254801630993388,0.0008598118234481829,False,CLEAN_NORMAL,True,False,False,False,False,0.8682014907000152,0.1584644531089828,0.058823529411616,0,0.0,79.004632930238,47.595769459576246,False,CLEAN_NORMAL,BOTH_CLEAN,True
OOF,normal,N0090,0,40,0,0.0,0.0065860391190718,0.0002406359836881375,False,CLEAN_NORMAL,True,False,False,False,False,0.1580226127710765,0.0540137985161757,6.687461042444783e-14,0,0.0,48.14659427918618,28.987708749182975,False,CLEAN_NORMAL,BOTH_CLEAN,True
OOF,normal,N0091,0,27,0,0.0,0.104239052413177,0.011625357232356023,False,CLEAN_NORMAL,True,False,False,False,False,0.1846515910524311,0.0477859651954021,0.058823529411616,2,0.07407407407407407,147.74868406433433,81.1846855066139,True,FALSE_ALARM_NORMAL,B_ONLY_FP,False
OOF,normal,N0094,0,41,0,0.0,0.0822618285140667,0.010303206537386065,False,CLEAN_NORMAL,True,False,False,False,False,0.5098769712360302,0.0642527987366241,0.0588235294116828,3,0.07317073170731707,187.3862577291899,64.50795096242263,True,FALSE_ALARM_NORMAL,B_ONLY_FP,False
OOF,normal,N0095,0,41,0,0.0,0.1350132215180316,0.005931647218615066,False,CLEAN_NORMAL,True,False,False,False,False,0.2440161757785971,0.0526218823135266,1.337492208488957e-13,0,0.0,107.13182484338388,36.9734692076251,False,CLEAN_NORMAL,BOTH_CLEAN,True
OOF,normal,N0096,0,29,0,0.0,0.0150822187131142,0.0012413408482078276,False,CLEAN_NORMAL,True,False,False,False,False,1.1194225202376349,0.0874955347634578,0.0588235294116828,0,0.0,106.54747892697372,42.50231318918559,False,CLEAN_NORMAL,BOTH_CLEAN,True
OOF,normal,N0098,0,15,0,0.0,0.1080424745648333,0.012761209615811214,False,CLEAN_NORMAL,False,False,False,False,False,,,,1,0.06666666666666667,141.57807306866954,78.12815502533527,True,FALSE_ALARM_NORMAL,B_ONLY_FP,False
OOF,normal,N0099,0,3,0,0.0,0.0,0.0,False,CLEAN_NORMAL,False,False,False,False,False,,,,0,0.0,60.33462469941247,58.99359815099396,False,CLEAN_NORMAL,BOTH_CLEAN,True
OOF,normal,N0100,0,41,0,0.0,0.0754538236010628,0.014615531997956685,False,CLEAN_NORMAL,True,False,False,True,False,1.2156140149739332,0.1223392551697199,0.058823529411616,0,0.0,73.24269955367296,42.635377715688094,False,CLEAN_NORMAL,BOTH_CLEAN,True
OOF,normal,N0101,0,41,0,0.0,0.0158747984138187,0.00038719020521509024,False,CLEAN_NORMAL,True,False,False,False,False,0.7753003605170113,0.1575616632006792,1.337492208488957e-13,0,0.0,74.51072934496469,40.54003673269028,False,CLEAN_NORMAL,BOTH_CLEAN,True
OOF,normal,N0103,0,25,0,0.0,0.1490394102983277,0.01753442435020952,False,CLEAN_NORMAL,True,False,False,False,False,1.181323376745845,0.0883167848499225,6.687461042444783e-14,0,0.0,75.85101424528423,40.5532116519484,False,CLEAN_NORMAL,BOTH_CLEAN,True
OOF,normal,N0104,0,25,0,0.0,0.0346939510210243,0.002028208757264992,False,CLEAN_NORMAL,True,False,False,False,False,1.3461425763112471,0.0835921584093583,0.0588235294116828,0,0.0,82.4427787611689,54.04557264202095,False,CLEAN_NORMAL,BOTH_CLEAN,True
OOF,normal,N0105,0,13,0,0.0,0.0422649490979207,0.010784079998137715,False,CLEAN_NORMAL,False,False,False,False,False,,,,0,0.0,44.61668079226782,31.33066575736691,False,CLEAN_NORMAL,BOTH_CLEAN,True
OOF,normal,N0108,0,41,0,0.0,0.0092751892755088,0.0007536366277004585,False,CLEAN_NORMAL,True,False,False,False,False,1.188727105569296,0.0458401179007092,0.0588235294116828,0,0.0,75.75480062682779,48.02897365934853,False,CLEAN_NORMAL,BOTH_CLEAN,True
OOF,normal,N0109,0,28,0,0.0,0.0216143588507355,0.0016199413105595641,False,CLEAN_NORMAL,True,False,False,False,False,1.122369677593022,0.0478989755827412,6.687461042444783e-14,0,0.0,49.04877695164431,27.98867223538923,False,CLEAN_NORMAL,BOTH_CLEAN,True
OOF,normal,N0110,0,14,0,0.0,0.0123178440228743,0.00251537996641725,False,CLEAN_NORMAL,False,False,False,False,False,,,,0,0.0,75.16157414695299,51.40998686270118,False,CLEAN_NORMAL,BOTH_CLEAN,True
OOF,normal,N0111,0,1,0,0.0,0.0,0.0,False,CLEAN_NORMAL,False,False,False,False,False,,,,0,0.0,29.619958343382187,29.619958343382187,False,CLEAN_NORMAL,BOTH_CLEAN,True
OOF,normal,N0113,0,41,0,0.0,0.0,0.0,False,CLEAN_NORMAL,True,False,False,False,False,0.7579935483750918,0.1140331836887791,0.0588235294116828,0,0.0,65.80667555221994,36.23775725041673,False,CLEAN_NORMAL,BOTH_CLEAN,True
OOF,normal,N0114,0,31,0,0.0,0.0561403512628519,0.0036567817210381806,False,CLEAN_NORMAL,True,False,False,False,False,0.8659691835030173,0.0662133356390227,1.337492208488957e-13,0,0.0,57.462577547679,29.615328993067806,False,CLEAN_NORMAL,BOTH_CLEAN,True
OOF,normal,N0115,0,18,0,0.0,0.0084303450378352,0.0006499791622037556,False,CLEAN_NORMAL,False,False,False,False,False,,,,0,0.0,55.81351181548052,38.48521674820726,False,CLEAN_NORMAL,BOTH_CLEAN,True
OOF,normal,N0116,0,18,0,0.0,0.0510723974661658,0.006386223550747428,False,CLEAN_NORMAL,False,False,False,False,False,,,,0,0.0,54.21983365005269,34.51020771205137,False,CLEAN_NORMAL,BOTH_CLEAN,True
OOF,normal,N0119,0,41,0,0.0,0.0090961733206831,0.00022185788587031954,False,CLEAN_NORMAL,True,False,False,False,False,0.9974255313696244,0.1823114583702204,1.337492208488957e-13,0,0.0,60.14121030056719,33.76507373358717,False,CLEAN_NORMAL,BOTH_CLEAN,True
OOF,normal,N0120,0,41,0,0.0,0.0610782734054685,0.006502213475947324,False,CLEAN_NORMAL,True,False,True,False,False,1.013266825082886,0.0516322213395314,0.058823529411616,2,0.04878048780487805,150.00195548409127,60.872180790579975,True,FALSE_ALARM_NORMAL,B_ONLY_FP,False
OOF,normal,N0121,0,33,0,0.0,0.0409250074554267,0.005387697936225843,False,CLEAN_NORMAL,True,False,False,False,False,0.3808184712261423,0.045963232259438,1.337492208488957e-13,0,0.0,95.77780613487997,38.40620319768332,False,CLEAN_NORMAL,BOTH_CLEAN,True
OOF,normal,N0123,0,9,0,0.0,0.0063259449683389,0.002070135773291722,False,CLEAN_NORMAL,False,False,False,False,False,,,,0,0.0,52.29710984319125,39.53101021974888,False,CLEAN_NORMAL,BOTH_CLEAN,True
OOF,normal,N0125,0,41,0,0.0,0.0089393929904916,0.0011839710336056513,False,CLEAN_NORMAL,True,False,False,False,False,2.4752974461289967,0.0304973547356666,1.337492208488957e-13,0,0.0,126.40666992530925,59.167573519549514,False,CLEAN_NORMAL,BOTH_CLEAN,True
OOF,normal,N0126,0,41,0,0.0,0.0033026067476453,0.000619625752703439,False,CLEAN_NORMAL,True,False,False,False,False,0.96899407611584,0.0535577161419896,0.0588235294116828,0,0.0,68.1683317358325,48.707689306783074,False,CLEAN_NORMAL,BOTH_CLEAN,True
OOF,normal,N0128,0,27,0,0.0,0.0182241901884476,0.0021929915426787297,False,CLEAN_NORMAL,True,False,False,False,False,1.778625332534291,0.1679155715598604,1.337492208488957e-13,0,0.0,96.12719307499968,40.55386070126983,False,CLEAN_NORMAL,BOTH_CLEAN,True
OOF,normal,N0129,0,11,0,0.0,0.0092423153225446,0.0011357485366942908,False,CLEAN_NORMAL,False,False,False,False,False,,,,0,0.0,45.31931935148813,35.53747424265465,False,CLEAN_NORMAL,BOTH_CLEAN,True
OOF,normal,N0131,0,41,0,0.0,0.1229272166683668,0.0074063406620425215,False,CLEAN_NORMAL,True,False,True,False,False,1.4751245376990112,0.1330455120140894,0.0588235294116828,0,0.0,129.11195873649308,55.343618907655525,False,CLEAN_NORMAL,BOTH_CLEAN,True
OOF,normal,N0133,0,26,0,0.0,0.0092875014017389,0.0017963978570123382,False,CLEAN_NORMAL,True,False,False,False,False,1.910913440540877,0.1761872267310762,6.687461042444783e-14,0,0.0,85.01555012155809,52.714006663015795,False,CLEAN_NORMAL,BOTH_CLEAN,True
OOF,normal,N0134,0,13,0,0.0,0.0032180425531914,0.00024754173486087695,False,CLEAN_NORMAL,False,False,False,False,False,,,,0,0.0,52.87136320114092,34.98777583758549,False,CLEAN_NORMAL,BOTH_CLEAN,True
OOF,normal,N0136,0,41,0,0.0,0.0286564012048289,0.0021099249552099953,False,CLEAN_NORMAL,True,False,False,False,False,0.4711746233819751,0.0997142783075305,1.337492208488957e-13,0,0.0,43.22261974937374,25.809379902114394,False,CLEAN_NORMAL,BOTH_CLEAN,True
OOF,normal,N0138,0,39,0,0.0,0.0536570800800385,0.0022536512859384515,False,CLEAN_NORMAL,True,False,False,False,False,0.7247510808305928,0.1669568562370282,0.0588235294116828,0,0.0,52.0021055471611,37.02195935698231,False,CLEAN_NORMAL,BOTH_CLEAN,True
OOF,normal,N0139,0,26,0,0.0,0.0430786062457146,0.0071165295494528494,False,CLEAN_NORMAL,True,False,False,False,True,0.8250555711468486,0.2033527805299116,0.0588235294116828,0,0.0,109.55524750338036,46.364358335796574,False,CLEAN_NORMAL,BOTH_CLEAN,True
OOF,normal,N0140,0,14,0,0.0,0.0821851659423465,0.026902673749598493,False,CLEAN_NORMAL,False,False,False,False,False,,,,4,0.2857142857142857,156.2063320691803,102.74714979297451,True,FALSE_ALARM_NORMAL,B_ONLY_FP,False
OOF,normal,N0141,0,4,0,0.0,0.0030515888331403,0.000762897208285075,False,CLEAN_NORMAL,False,False,False,False,False,,,,0,0.0,64.92263819600136,57.93082413802139,False,CLEAN_NORMAL,BOTH_CLEAN,True
OOF,normal,N0144,0,41,0,0.0,0.0099435086810054,0.0011420243519639462,False,CLEAN_NORMAL,True,False,False,False,False,0.4315870861589115,0.105234377840667,0.0588235294115491,0,0.0,139.73326992563076,48.69353717896931,False,CLEAN_NORMAL,BOTH_CLEAN,True
OOF,normal,N0145,0,41,0,0.0,0.0126027010275676,0.0010093252516287438,False,CLEAN_NORMAL,True,False,False,False,False,0.6467462616385641,0.0680991916905459,0.0588235294116828,0,0.0,59.83534768738902,36.80378096591783,False,CLEAN_NORMAL,BOTH_CLEAN,True
OOF,normal,N0146,0,31,0,0.0,0.0248354988431372,0.001196451152472316,False,CLEAN_NORMAL,True,False,False,True,False,0.1063675793894305,0.0821256989849052,0.0,0,0.0,108.6767855929032,44.49105338919473,False,CLEAN_NORMAL,BOTH_CLEAN,True
OOF,normal,N0148,0,17,0,0.0,0.0092741053813308,0.0008897996248498058,False,CLEAN_NORMAL,False,False,False,False,False,,,,0,0.0,46.86313449450774,35.64255128457153,False,CLEAN_NORMAL,BOTH_CLEAN,True
OOF,normal,N0149,0,6,0,0.0,0.042139518164744,0.02159981872604123,False,CLEAN_NORMAL,False,False,False,False,False,,,,0,0.0,101.09801907042784,86.74175100154036,False,CLEAN_NORMAL,BOTH_CLEAN,True
OOF,normal,N0153,0,41,0,0.0,0.0246622071035392,0.0016472853307941415,False,CLEAN_NORMAL,True,False,False,False,False,2.023811627512145,0.1376520427096593,1.337492208488957e-13,0,0.0,44.8113355478952,27.677375811242467,False,CLEAN_NORMAL,BOTH_CLEAN,True
OOF,normal,N0154,0,38,0,0.0,0.0293304751079749,0.0015514052265061396,False,CLEAN_NORMAL,True,False,False,False,False,0.4416521676732122,0.1420793399993788,0.0,0,0.0,96.06768636685332,45.03807283540383,False,CLEAN_NORMAL,BOTH_CLEAN,True
OOF,normal,N0155,0,25,0,0.0,0.0062957003617182,0.000379812422459632,False,CLEAN_NORMAL,True,False,False,False,False,0.4784505123676723,0.128788192289163,1.337492208488957e-13,0,0.0,79.66453027254597,47.6733392443036,False,CLEAN_NORMAL,BOTH_CLEAN,True
OOF,normal,N0156,0,10,0,0.0,0.0158385253962814,0.0022505192062947997,False,CLEAN_NORMAL,False,False,False,False,False,,,,0,0.0,39.30815007696663,25.30065099581801,False,CLEAN_NORMAL,BOTH_CLEAN,True
OOF,normal,N0158,0,41,0,0.0,0.024833253753916,0.001814971655497234,False,CLEAN_NORMAL,True,False,False,False,False,1.955835331710692,0.1590131208568353,0.0588235294116828,0,0.0,45.16043519584151,27.480225998161856,False,CLEAN_NORMAL,BOTH_CLEAN,True
OOF,normal,N0159,0,41,0,0.0,0.0250394080329132,0.002832593757727405,False,CLEAN_NORMAL,True,False,False,False,False,0.9953530456657538,0.0808263339812616,0.0588235294116828,2,0.04878048780487805,205.3880183555117,53.460164107162186,True,FALSE_ALARM_NORMAL,B_ONLY_FP,False
OOF,normal,N0160,0,29,0,0.0,0.0029243391628882,0.00010083928147890345,False,CLEAN_NORMAL,True,False,False,False,False,0.8421470888838586,0.0488916643974232,0.0588235294116828,0,0.0,58.57498559131242,40.856869379891776,False,CLEAN_NORMAL,BOTH_CLEAN,True
OOF,normal,N0161,0,17,0,0.0,0.0573278451481947,0.003919442202672859,False,CLEAN_NORMAL,False,False,False,False,False,,,,0,0.0,56.68570267593737,36.15991151720858,False,CLEAN_NORMAL,BOTH_CLEAN,True
OOF,normal,N0164,0,41,0,0.0,0.1681293550559611,0.02997989909541825,False,CLEAN_NORMAL,True,False,False,False,False,1.7575851863530771,0.050500834082201,0.0588235294115491,5,0.12195121951219512,182.7882808425198,89.8486642504407,True,FALSE_ALARM_NORMAL,B_ONLY_FP,False
OOF,normal,N0165,0,34,0,0.0,0.006401609942625,0.0006489494206350176,False,CLEAN_NORMAL,True,False,False,False,False,0.8283648379501977,0.1015036821935133,0.0588235294115491,0,0.0,70.44822820697883,42.61446776808737,False,CLEAN_NORMAL,BOTH_CLEAN,True
OOF,normal,N0166,0,23,0,0.0,0.0120198711663016,0.0021024754100578305,False,CLEAN_NORMAL,True,False,False,False,False,1.3205880869221696,0.0583744292924072,1.337492208488957e-13,0,0.0,49.73169289517513,30.011892830975473,False,CLEAN_NORMAL,BOTH_CLEAN,True
OOF,normal,N0169,0,41,0,0.0,0.064725282353858,0.005021903173395069,False,CLEAN_NORMAL,True,False,False,False,False,1.0721972890913265,0.0559334113939466,1.337492208488957e-13,0,0.0,120.89151417760806,48.731568346669995,False,CLEAN_NORMAL,BOTH_CLEAN,True
OOF,normal,N0170,0,33,0,0.0,0.0149497123352229,0.001288192631519003,False,CLEAN_NORMAL,True,False,False,False,False,0.9745598713475786,0.1284556762030376,1.337492208488957e-13,0,0.0,102.13856684069457,56.57002225805927,False,CLEAN_NORMAL,BOTH_CLEAN,True
OOF,normal,N0171,0,18,0,0.0,0.0979830064927855,0.008372737781254918,False,CLEAN_NORMAL,False,False,False,False,False,,,,0,0.0,56.08448124925051,36.39428150063743,False,CLEAN_NORMAL,BOTH_CLEAN,True
OOF,normal,N0173,0,5,0,0.0,0.009646697416235,0.0025053711567661003,False,CLEAN_NORMAL,False,False,False,False,False,,,,0,0.0,43.06204929571615,33.11135442548239,False,CLEAN_NORMAL,BOTH_CLEAN,True
OOF,normal,N0175,0,41,0,0.0,0.0552326790017314,0.0032977566314510024,False,CLEAN_NORMAL,True,False,False,False,False,1.215294778743299,0.1027549476536138,0.0588235294116828,0,0.0,74.35776890239607,38.37144635485476,False,CLEAN_NORMAL,BOTH_CLEAN,True
OOF,normal,N0176,0,41,0,0.0,0.0225662089742543,0.0013877049194497488,False,CLEAN_NORMAL,True,False,False,False,False,2.298324341722165,0.0404680276825609,0.0,0,0.0,69.6736026788675,40.585328686551655,False,CLEAN_NORMAL,BOTH_CLEAN,True
OOF,normal,N0178,0,23,8,0.34782608695652173,0.706412839121736,0.29621827917503935,True,FALSE_ALARM_NORMAL,True,False,False,True,False,5.640053681855351,0.0462101960399879,1.337492208488957e-13,12,0.5217391304347826,294.1591430311766,154.68427479216737,True,FALSE_ALARM_NORMAL,BOTH_FP,True
OOF,normal,N0179,0,11,0,0.0,0.0094190793781452,0.0008562799434677454,False,CLEAN_NORMAL,False,False,False,False,False,,,,0,0.0,57.25490113036784,35.562893343771876,False,CLEAN_NORMAL,BOTH_CLEAN,True
OOF,normal,N0181,0,41,0,0.0,0.0064066855946323,0.0007519517661324,False,CLEAN_NORMAL,True,False,False,False,False,0.2783200605410061,0.1387195890944604,1.337492208488957e-13,0,0.0,98.6656068420004,48.86302536614605,False,CLEAN_NORMAL,BOTH_CLEAN,True
OOF,normal,N0183,0,23,0,0.0,0.0214779337778286,0.0011977163441786564,False,CLEAN_NORMAL,True,False,False,False,False,0.5564179618312245,0.1802964954620018,1.337492208488957e-13,0,0.0,54.38047111675179,36.84125270640845,False,CLEAN_NORMAL,BOTH_CLEAN,True
OOF,normal,N0184,0,24,0,0.0,0.067882105050092,0.003069186858669075,False,CLEAN_NORMAL,True,False,False,False,False,0.6017204655103315,0.0865816979792942,1.337492208488957e-13,0,0.0,69.55005572588128,35.785655219320596,False,CLEAN_NORMAL,BOTH_CLEAN,True
OOF,normal,N0185,0,13,0,0.0,0.0060912064859504,0.0016317893451069617,False,CLEAN_NORMAL,False,False,False,False,False,,,,0,0.0,51.91787532519913,32.603705163154935,False,CLEAN_NORMAL,BOTH_CLEAN,True
OOF,normal,N0188,0,41,0,0.0,0.0066499137822265,0.0011948606880036903,False,CLEAN_NORMAL,True,False,False,False,False,0.8439282981941603,0.0562064202650922,1.337492208488957e-13,0,0.0,84.86603085565515,47.4377623740078,False,CLEAN_NORMAL,BOTH_CLEAN,True
OOF,normal,N0189,0,27,0,0.0,0.0435708765240966,0.005273302991859829,False,CLEAN_NORMAL,True,False,False,False,False,1.1589575148157547,0.0657632217644794,1.337492208488957e-13,0,0.0,63.25995581997567,37.55439924112999,False,CLEAN_NORMAL,BOTH_CLEAN,True
OOF,normal,N0190,0,17,0,0.0,0.0343827168512491,0.010212689897289188,False,CLEAN_NORMAL,False,False,False,False,False,,,,0,0.0,109.21145616631073,69.14440082226533,False,CLEAN_NORMAL,BOTH_CLEAN,True
OOF,normal,N0191,0,3,0,0.0,0.0,0.0,False,CLEAN_NORMAL,False,False,False,False,False,,,,0,0.0,32.13780946986938,29.78932723544408,False,CLEAN_NORMAL,BOTH_CLEAN,True
OOF,normal,N0193,0,41,0,0.0,0.0091470001996133,0.0006038524668006683,False,CLEAN_NORMAL,True,False,False,False,False,0.9042146608323612,0.1164691927852144,0.0588235294115491,0,0.0,107.57193258609767,49.16904887485969,False,CLEAN_NORMAL,BOTH_CLEAN,True
OOF,normal,N0194,0,33,0,0.0,0.0258829726489006,0.0020931107957823636,False,CLEAN_NORMAL,True,False,False,False,False,1.749313422104191,0.0552328905775632,1.337492208488957e-13,0,0.0,59.86304678354049,33.1290607582616,False,CLEAN_NORMAL,BOTH_CLEAN,True
OOF,normal,N0195,0,20,0,0.0,0.1251821346176573,0.03640285110732923,False,CLEAN_NORMAL,False,False,False,False,False,,,,0,0.0,140.06107609618155,68.04255849982918,False,CLEAN_NORMAL,BOTH_CLEAN,True
OOF,normal,N0196,0,9,0,0.0,0.0,0.0,False,CLEAN_NORMAL,False,False,False,False,False,,,,0,0.0,58.24996638193859,35.606413974320404,False,CLEAN_NORMAL,BOTH_CLEAN,True
OOF,normal,N0198,0,41,0,0.0,0.0250938041713583,0.0021973011243965196,False,CLEAN_NORMAL,True,False,False,False,False,1.6582722244088024,0.1415073315362618,0.0,0,0.0,76.93048034421535,44.4843516627695,False,CLEAN_NORMAL,BOTH_CLEAN,True
OOF,normal,N0199,0,40,0,0.0,0.0155757916279239,0.001182008203223695,False,CLEAN_NORMAL,True,False,False,False,False,0.8602917582144619,0.0745509098125058,0.0588235294115491,0,0.0,49.74449892152642,28.842529907331432,False,CLEAN_NORMAL,BOTH_CLEAN,True
OOF,normal,N0200,0,24,0,0.0,0.0033333333333333,0.00025929828848365833,False,CLEAN_NORMAL,False,False,False,False,False,,,,0,0.0,60.03255373105381,36.06825219719361,False,CLEAN_NORMAL,BOTH_CLEAN,True
OOF,normal,N0201,0,13,0,0.0,0.0174555788490768,0.005257506120378069,False,CLEAN_NORMAL,False,False,False,False,False,,,,3,0.23076923076923078,178.7255248063225,76.03686972992824,True,FALSE_ALARM_NORMAL,B_ONLY_FP,False
OOF,normal,N0203,0,41,0,0.0,0.0186196094964787,0.0022905400539560564,False,CLEAN_NORMAL,True,False,False,False,False,1.1481372473185234,0.1105922825317819,1.337492208488957e-13,0,0.0,55.54524925279308,37.34487955287148,False,CLEAN_NORMAL,BOTH_CLEAN,True
OOF,normal,N0204,0,39,0,0.0,0.0063537892049379,0.0003204082988556462,False,CLEAN_NORMAL,True,False,False,True,False,0.0377395399075538,0.0894324246656616,0.0588235294115491,0,0.0,115.7452476816547,52.923192101616564,False,CLEAN_NORMAL,BOTH_CLEAN,True
OOF,normal,N0205,0,24,0,0.0,0.0126582344987854,0.0011814918605110958,False,CLEAN_NORMAL,True,False,False,False,False,0.7911949521020888,0.1360705849950974,0.0588235294116828,0,0.0,38.63591966471364,24.51021024818458,False,CLEAN_NORMAL,BOTH_CLEAN,True
OOF,normal,N0206,0,13,0,0.0,0.0033333333333333,0.0014979495291593617,False,CLEAN_NORMAL,False,False,False,False,False,,,,0,0.0,44.89840988224204,32.09473115177191,False,CLEAN_NORMAL,BOTH_CLEAN,True
OOF,normal,N0208,0,2,0,0.0,0.0033045726062807,0.00165228630314035,False,CLEAN_NORMAL,False,False,False,False,False,,,,0,0.0,56.28385309117529,52.38023722935756,False,CLEAN_NORMAL,BOTH_CLEAN,True
OOF,normal,N0209,0,41,0,0.0,0.0219096540479224,0.0013525349563239294,False,CLEAN_NORMAL,True,False,False,False,False,1.5943498703241736,0.1892045162947531,0.0588235294115491,0,0.0,79.53940499670814,36.995372221453934,False,CLEAN_NORMAL,BOTH_CLEAN,True
OOF,normal,N0210,0,41,0,0.0,0.0057899446441344,0.0007472702473455049,False,CLEAN_NORMAL,True,False,False,True,False,0.7885515764554706,0.0617367299179715,0.0588235294116828,0,0.0,80.30645490238884,42.751820226539024,False,CLEAN_NORMAL,BOTH_CLEAN,True
OOF,normal,N0211,0,41,0,0.0,0.0376538201697759,0.002203101519427473,False,CLEAN_NORMAL,True,False,False,False,False,1.046554604104275,0.1158123371052542,0.0588235294115491,0,0.0,80.69850627933259,39.69947644006507,False,CLEAN_NORMAL,BOTH_CLEAN,True
OOF,normal,N0213,0,14,0,0.0,0.0127448187650963,0.003460090430782021,False,CLEAN_NORMAL,False,False,False,False,False,,,,0,0.0,36.758924005992746,27.77510790214347,False,CLEAN_NORMAL,BOTH_CLEAN,True
OOF,normal,N0214,0,3,0,0.0,0.0,0.0,False,CLEAN_NORMAL,False,False,False,False,False,,,,0,0.0,36.370131941116206,28.310063778341128,False,CLEAN_NORMAL,BOTH_CLEAN,True
OOF,normal,N0215,0,1,0,0.0,0.0032031910218706,0.0032031910218706,False,CLEAN_NORMAL,False,False,False,False,False,,,,0,0.0,84.10014748148858,84.10014748148858,False,CLEAN_NORMAL,BOTH_CLEAN,True
OOF,normal,N0216,0,41,0,0.0,0.0063619603741871,0.0009189208695819903,False,CLEAN_NORMAL,True,False,False,False,False,0.816113728057233,0.1175790544532063,0.0,0,0.0,105.71007794805236,48.45740151728778,False,CLEAN_NORMAL,BOTH_CLEAN,True
OOF,normal,N0218,0,29,0,0.0,0.0412515562164335,0.005417340408221335,False,CLEAN_NORMAL,False,False,False,False,False,,,,0,0.0,123.73061793438244,48.589044459100144,False,CLEAN_NORMAL,BOTH_CLEAN,True
OOF,normal,N0219,0,15,0,0.0,0.0031402575448714,0.0004075249642693,False,CLEAN_NORMAL,False,False,False,False,False,,,,0,0.0,75.85869677158773,43.074555427779536,False,CLEAN_NORMAL,BOTH_CLEAN,True
OOF,normal,N0220,0,5,0,0.0,0.0,0.0,False,CLEAN_NORMAL,False,False,False,False,False,,,,0,0.0,26.62273182561107,21.218055670613346,False,CLEAN_NORMAL,BOTH_CLEAN,True
OOF,normal,N0221,0,41,0,0.0,0.0061114285976486,0.0005906593747708781,False,CLEAN_NORMAL,True,False,False,False,False,1.0709936098747446,0.1097079253695321,0.0588235294115491,0,0.0,88.48289768534163,51.514995610784744,False,CLEAN_NORMAL,BOTH_CLEAN,True
OOF,normal,N0223,0,31,0,0.0,0.0378975065001046,0.01028751795170148,False,CLEAN_NORMAL,True,False,False,False,False,1.1737699164352415,0.0522235905561225,1.337492208488957e-13,0,0.0,139.8754452080369,77.44978336651428,False,CLEAN_NORMAL,BOTH_CLEAN,True
OOF,normal,N0224,0,20,0,0.0,0.0155002065332564,0.00077501032666282,False,CLEAN_NORMAL,False,False,False,False,False,,,,0,0.0,85.26502767390002,41.695971669762244,False,CLEAN_NORMAL,BOTH_CLEAN,True
OOF,normal,N0225,0,6,0,0.0,0.1909075133378432,0.045687040797411954,False,CLEAN_NORMAL,False,False,False,False,False,,,,0,0.0,45.82751234788804,37.52713735874051,False,CLEAN_NORMAL,BOTH_CLEAN,True
OOF,normal,N0228,0,41,0,0.0,0.0,0.0,False,CLEAN_NORMAL,True,False,False,False,False,0.6841520470359498,0.0818554010148248,1.337492208488957e-13,0,0.0,62.25166327611716,34.18727178716824,False,CLEAN_NORMAL,BOTH_CLEAN,True
OOF,normal,N0229,0,34,0,0.0,0.1503165589182576,0.005908760102908782,False,CLEAN_NORMAL,True,False,False,True,False,0.0829907899013548,0.1428904972782356,1.337492208488957e-13,0,0.0,73.66082291114088,32.1998307509893,False,CLEAN_NORMAL,BOTH_CLEAN,True
OOF,normal,N0230,0,23,0,0.0,0.0255078921813949,0.0017774325750951087,False,CLEAN_NORMAL,False,False,False,False,False,,,,0,0.0,92.74103343145804,55.73636352310667,False,CLEAN_NORMAL,BOTH_CLEAN,True
OOF,normal,N0231,0,7,0,0.0,0.0029647066208433,0.0004235295172633286,False,CLEAN_NORMAL,False,False,False,False,False,,,,0,0.0,54.47170349401943,44.62095350215078,False,CLEAN_NORMAL,BOTH_CLEAN,True
OOF,normal,N0233,0,41,0,0.0,0.1061147082423237,0.008230877294336242,False,CLEAN_NORMAL,True,False,True,False,False,1.3181330814224406,0.0980976025425599,0.0588235294115491,0,0.0,87.62399326198799,49.17383237966998,False,CLEAN_NORMAL,BOTH_CLEAN,True
OOF,normal,N0234,0,41,0,0.0,0.0414839333653863,0.0017822669001193998,False,CLEAN_NORMAL,True,False,False,False,False,1.167042565038794,0.0604233571762588,0.0588235294115491,0,0.0,54.75178217359024,34.839163060029094,False,CLEAN_NORMAL,BOTH_CLEAN,True
OOF,normal,N0235,0,32,0,0.0,0.0130864414418148,0.00088177566635,False,CLEAN_NORMAL,True,False,False,False,False,0.7338203078181808,0.1456257133355457,0.0588235294116828,0,0.0,99.94732773989874,52.940430245776874,False,CLEAN_NORMAL,BOTH_CLEAN,True
OOF,normal,N0236,0,17,0,0.0,0.0190547684771995,0.003986985608247882,False,CLEAN_NORMAL,False,False,False,False,False,,,,0,0.0,50.80509482216657,36.35199751293742,False,CLEAN_NORMAL,BOTH_CLEAN,True
OOF,normal,N0239,0,41,0,0.0,0.0245055088322229,0.0035385586066466806,False,CLEAN_NORMAL,True,False,False,False,False,1.5119158618412738,0.1006780746128171,0.0588235294115491,0,0.0,36.38382094089733,22.896496050769795,False,CLEAN_NORMAL,BOTH_CLEAN,True
OOF,normal,N0240,0,41,0,0.0,0.0192221320703092,0.002999758246292683,False,CLEAN_NORMAL,True,False,False,False,False,1.2094482529756332,0.1270083597936363,0.0588235294116828,0,0.0,58.841272710251936,36.7424877744826,False,CLEAN_NORMAL,BOTH_CLEAN,True
OOF,normal,N0241,0,34,0,0.0,0.028278002969837,0.0012173119050556823,False,CLEAN_NORMAL,True,False,False,False,False,1.2406679117562736,0.1264953076916115,1.337492208488957e-13,0,0.0,88.6692127208673,43.536646606121096,False,CLEAN_NORMAL,BOTH_CLEAN,True
OOF,normal,N0243,0,7,0,0.0,0.0250519042606452,0.004030097000928357,False,CLEAN_NORMAL,False,False,False,False,False,,,,0,0.0,64.7384678774957,40.69853489529384,False,CLEAN_NORMAL,BOTH_CLEAN,True
OOF,normal,N0245,0,41,0,0.0,0.0146941748945833,0.0007403761250668903,False,CLEAN_NORMAL,True,False,False,False,False,0.8007311028007601,0.0990156229455471,0.0588235294116828,0,0.0,67.99644323567885,38.341498381219,False,CLEAN_NORMAL,BOTH_CLEAN,True
OOF,normal,N0246,0,41,0,0.0,0.0440585437216456,0.0024098053472743587,False,CLEAN_NORMAL,True,False,False,False,False,1.835462466801512,0.1073815330156202,1.337492208488957e-13,0,0.0,50.33068898044572,26.30875545704572,False,CLEAN_NORMAL,BOTH_CLEAN,True
OOF,normal,N0248,0,26,0,0.0,0.0032529375386518,0.00012511298225583847,False,CLEAN_NORMAL,True,False,False,False,False,1.2575149585814962,0.1015650257175018,0.0588235294115491,0,0.0,89.19355880996446,39.45824995852483,False,CLEAN_NORMAL,BOTH_CLEAN,True
OOF,normal,N0249,0,14,0,0.0,0.0159325859847464,0.0017587849169912715,False,CLEAN_NORMAL,False,False,False,False,False,,,,0,0.0,45.31494579651156,29.66299592905843,False,CLEAN_NORMAL,BOTH_CLEAN,True
OOF,normal,N0251,0,41,0,0.0,0.0287485216383899,0.0026349538984992878,False,CLEAN_NORMAL,True,False,False,False,False,1.3167004664838655,0.0773462985241772,0.0588235294116828,0,0.0,109.58029354150544,39.26850891891498,False,CLEAN_NORMAL,BOTH_CLEAN,True
OOF,normal,N0253,0,29,0,0.0,0.009165049222924,0.0006171791111571897,False,CLEAN_NORMAL,True,False,False,False,False,0.9009568774620992,0.0995945891703843,1.337492208488957e-13,0,0.0,56.69772981336366,33.71683078192048,False,CLEAN_NORMAL,BOTH_CLEAN,True
OOF,normal,N0254,0,18,0,0.0,0.0543012475776233,0.007211239328193023,False,CLEAN_NORMAL,False,False,False,False,False,,,,2,0.1111111111111111,147.801969113911,68.27630783903982,True,FALSE_ALARM_NORMAL,B_ONLY_FP,False
OOF,normal,N0255,0,4,0,0.0,0.0,0.0,False,CLEAN_NORMAL,False,False,False,False,False,,,,0,0.0,31.30842272517812,21.377583445056622,False,CLEAN_NORMAL,BOTH_CLEAN,True
OOF,normal,N0258,0,36,0,0.0,0.038557157391595,0.00418774403742915,False,CLEAN_NORMAL,True,False,False,False,False,1.6492662150305506,0.0570064228807332,1.337492208488957e-13,0,0.0,75.19690414924844,41.204917808118864,False,CLEAN_NORMAL,BOTH_CLEAN,True
OOF,normal,N0259,0,23,0,0.0,0.0032873803307223,0.0004259725443154522,False,CLEAN_NORMAL,True,False,False,False,False,0.4740903585000975,0.0448026943746175,1.337492208488957e-13,0,0.0,76.3529513543857,49.07558686984865,False,CLEAN_NORMAL,BOTH_CLEAN,True
OOF,normal,N0260,0,10,0,0.0,0.0155115085652803,0.00280339652946393,False,CLEAN_NORMAL,False,False,False,False,False,,,,0,0.0,55.90526750919238,40.536591538099216,False,CLEAN_NORMAL,BOTH_CLEAN,True
OOF,normal,N0261,0,12,0,0.0,0.0126455647825051,0.001306487303487,False,CLEAN_NORMAL,False,False,False,False,False,,,,0,0.0,48.62547953248641,36.34775063500758,False,CLEAN_NORMAL,BOTH_CLEAN,True
OOF,normal,N0264,0,41,0,0.0,0.0216477662740603,0.0015375038147167075,False,CLEAN_NORMAL,True,False,False,False,False,1.4798257905015677,0.1610980656584388,1.337492208488957e-13,0,0.0,61.24406379776069,39.87829225975919,False,CLEAN_NORMAL,BOTH_CLEAN,True
OOF,normal,N0265,0,41,0,0.0,0.0938326654342215,0.007182966230513419,False,CLEAN_NORMAL,True,False,False,False,False,1.2335224529950015,0.1524341574567028,1.337492208488957e-13,0,0.0,70.13642209270351,30.04072159151754,False,CLEAN_NORMAL,BOTH_CLEAN,True
OOF,normal,N0266,0,30,0,0.0,0.059907908655979,0.0069464046570043535,False,CLEAN_NORMAL,True,False,False,False,False,1.846263289486804,0.0545017201373404,1.337492208488957e-13,0,0.0,72.29647340329834,42.177755950340355,False,CLEAN_NORMAL,BOTH_CLEAN,True
OOF,normal,N0268,0,6,0,0.0,0.0,0.0,False,CLEAN_NORMAL,False,False,False,False,False,,,,0,0.0,31.50306815671192,28.411596135810964,False,CLEAN_NORMAL,BOTH_CLEAN,True
OOF,normal,N0270,0,41,0,0.0,0.0300283488092176,0.0024959986913114783,False,CLEAN_NORMAL,True,False,False,False,False,2.435450203084732,0.1324430860507524,0.0588235294116828,0,0.0,64.43779947875115,48.04183048665003,False,CLEAN_NORMAL,BOTH_CLEAN,True
OOF,normal,N0271,0,41,0,0.0,0.0249295338124124,0.002049231395290939,False,CLEAN_NORMAL,True,False,False,False,False,1.8519871975109792,0.0684737628940049,0.0588235294114153,0,0.0,101.97551864969992,40.49622350342364,False,CLEAN_NORMAL,BOTH_CLEAN,True
OOF,normal,N0273,0,36,0,0.0,0.0063348187478271,0.0005147188989674611,False,CLEAN_NORMAL,True,False,False,True,False,0.8366309289236017,0.0631396551533506,0.0588235294116828,0,0.0,40.14540572603547,25.344001460936017,False,CLEAN_NORMAL,BOTH_CLEAN,True
OOF,normal,N0274,0,41,0,0.0,0.0148522563998093,0.0020223692898543363,False,CLEAN_NORMAL,True,False,False,False,False,1.2902171616590303,0.1157540696201577,2.6749844169779134e-13,0,0.0,130.73509202082002,39.15175088985609,False,CLEAN_NORMAL,BOTH_CLEAN,True
OOF,normal,N0275,0,38,0,0.0,0.0780172985859018,0.009598970402729895,False,CLEAN_NORMAL,True,False,False,False,False,1.5869921312553654,0.1064319134313532,0.0,0,0.0,72.32069184417166,37.85624975720271,False,CLEAN_NORMAL,BOTH_CLEAN,True
OOF,normal,N0276,0,23,0,0.0,0.0345280817316109,0.006192074557582257,False,CLEAN_NORMAL,True,False,False,False,False,0.3102193355080181,0.035224068549279,0.0,0,0.0,134.58668404570187,64.67265112026269,False,CLEAN_NORMAL,BOTH_CLEAN,True
OOF,normal,N0280,0,41,0,0.0,0.0655509178703364,0.008261627891092964,False,CLEAN_NORMAL,True,False,True,False,False,1.5854407292019377,0.0909644185482193,0.0588235294114153,0,0.0,100.6239540913164,58.11156325307581,False,CLEAN_NORMAL,BOTH_CLEAN,True
OOF,normal,N0281,0,39,0,0.0,0.1378232370924503,0.007180127379975065,False,CLEAN_NORMAL,True,False,False,False,False,1.2178906080605734,0.0745413306595796,0.0588235294116828,0,0.0,81.64834963986709,42.666596386252245,False,CLEAN_NORMAL,BOTH_CLEAN,True
OOF,normal,N0283,0,13,0,0.0,0.0677392840602301,0.015047789011113153,False,CLEAN_NORMAL,False,False,False,False,False,,,,1,0.07692307692307693,153.91775256530272,75.38639476295897,True,FALSE_ALARM_NORMAL,B_ONLY_FP,False
OOF,normal,N0284,0,1,0,0.0,0.0,0.0,False,CLEAN_NORMAL,False,False,False,False,False,,,,0,0.0,42.24780710958783,42.24780710958783,False,CLEAN_NORMAL,BOTH_CLEAN,True
OOF,normal,N0285,0,41,0,0.0,0.184652620444689,0.039903184319554856,False,CLEAN_NORMAL,True,False,False,True,False,2.8797945115223165,0.1145325895846247,0.0588235294116828,1,0.024390243902439025,160.27453250398747,61.31444957536921,True,FALSE_ALARM_NORMAL,B_ONLY_FP,False
OOF,normal,N0286,0,41,0,0.0,0.009273525276756,0.0005774317078015073,False,CLEAN_NORMAL,True,False,False,False,False,0.999319877902244,0.1287106053729969,0.0,0,0.0,92.62516762828238,45.71463406642005,False,CLEAN_NORMAL,BOTH_CLEAN,True
OOF,normal,N0288,0,27,0,0.0,0.040096066080184,0.005458563239147218,False,CLEAN_NORMAL,True,False,False,False,False,0.7384341977409516,0.0737148782074197,2.6749844169779134e-13,0,0.0,113.14649345179171,58.76004565391177,False,CLEAN_NORMAL,BOTH_CLEAN,True
OOF,normal,N0289,0,15,0,0.0,0.0,0.0,False,CLEAN_NORMAL,False,False,False,False,False,,,,0,0.0,62.88160942013134,46.706338493368406,False,CLEAN_NORMAL,BOTH_CLEAN,True
OOF,normal,N0290,0,4,0,0.0,0.0064661930706066,0.0032330965353033,False,CLEAN_NORMAL,False,False,False,False,False,,,,0,0.0,38.21818907365062,29.827630301610114,False,CLEAN_NORMAL,BOTH_CLEAN,True
OOF,normal,N0293,0,41,0,0.0,0.0088139012696315,0.001325250581524705,False,CLEAN_NORMAL,True,False,False,False,True,1.838199291598186,0.0952030542974925,0.0588235294116828,0,0.0,44.101322616074576,24.766432936102394,False,CLEAN_NORMAL,BOTH_CLEAN,True
OOF,normal,N0294,0,33,0,0.0,0.1483571202933185,0.010885184131578685,False,CLEAN_NORMAL,True,False,False,False,False,0.4628876546692917,0.055599900256944,0.0,0,0.0,108.42201259782992,71.82363507388068,False,CLEAN_NORMAL,BOTH_CLEAN,True
OOF,normal,N0295,0,20,0,0.0,0.0085313579250205,0.0018871291013412297,False,CLEAN_NORMAL,False,False,False,False,False,,,,0,0.0,99.44987934693926,49.84325018686023,False,CLEAN_NORMAL,BOTH_CLEAN,True
OOF,normal,N0296,0,11,0,0.0,0.0,0.0,False,CLEAN_NORMAL,False,False,False,False,False,,,,0,0.0,30.67075017606193,22.563721863019836,False,CLEAN_NORMAL,BOTH_CLEAN,True
OOF,normal,N0298,0,41,0,0.0,0.0599026721862916,0.003213292706052812,False,CLEAN_NORMAL,True,False,False,False,False,1.2042630979485955,0.0468906101616786,0.0,0,0.0,61.537467448854784,31.767098612642013,False,CLEAN_NORMAL,BOTH_CLEAN,True
OOF,normal,N0299,0,39,0,0.0,0.0060603348847903,0.0009488901335790179,False,CLEAN_NORMAL,True,False,False,False,False,1.201779290182042,0.1330358468938256,0.0,0,0.0,61.76596869382514,44.886613604033585,False,CLEAN_NORMAL,BOTH_CLEAN,True
OOF,normal,N0300,0,27,0,0.0,0.0033011453344847,0.0009384877496144519,False,CLEAN_NORMAL,True,False,False,False,False,2.089231545503324,0.0340762089859197,0.0,0,0.0,73.55828613345531,44.75772537013219,False,CLEAN_NORMAL,BOTH_CLEAN,True
OOF,normal,N0301,0,11,0,0.0,0.0227775015631856,0.008970123431630372,False,CLEAN_NORMAL,False,False,False,False,False,,,,0,0.0,105.3089611240264,77.98826262072798,False,CLEAN_NORMAL,BOTH_CLEAN,True
OOF,normal,N0303,0,41,0,0.0,0.0705683408906139,0.012547945008917103,False,CLEAN_NORMAL,True,False,True,True,False,1.8079153152784708,0.1099376230939662,0.0588235294116828,1,0.024390243902439025,154.821510396,83.02838077512415,True,FALSE_ALARM_NORMAL,B_ONLY_FP,False
OOF,normal,N0304,0,41,0,0.0,0.0130440863263668,0.0013415620672157218,False,CLEAN_NORMAL,True,False,False,True,False,0.5003654118505756,0.1251099900573392,2.6749844169779134e-13,0,0.0,64.7285447595123,36.00109773895555,False,CLEAN_NORMAL,BOTH_CLEAN,True
OOF,normal,N0305,0,29,0,0.0,0.0163071285522822,0.0015354410373986172,False,CLEAN_NORMAL,True,False,False,False,False,0.6046000366109279,0.0843033490135785,0.0588235294116828,0,0.0,56.34969835914606,32.32624787559542,False,CLEAN_NORMAL,BOTH_CLEAN,True
OOF,normal,N0306,0,26,0,0.0,0.1522317949633093,0.01232209401611119,False,CLEAN_NORMAL,True,False,True,False,False,1.3355423547545884,0.0779192637177306,0.0588235294116828,0,0.0,71.43439541844188,48.16589602750972,False,CLEAN_NORMAL,BOTH_CLEAN,True
OOF,normal,N0309,0,41,0,0.0,0.0894513790600142,0.008045698244059585,False,CLEAN_NORMAL,True,False,False,False,False,1.3561775937348732,0.0640318443551903,2.6749844169779134e-13,0,0.0,67.56245002195385,32.56177842591788,False,CLEAN_NORMAL,BOTH_CLEAN,True
OOF,normal,N0310,0,41,0,0.0,0.0596822783658673,0.011459161564115123,False,CLEAN_NORMAL,True,False,False,False,False,0.7685559457946902,0.04182103381402,2.6749844169779134e-13,5,0.12195121951219512,161.5327288490361,88.83921417507183,True,FALSE_ALARM_NORMAL,B_ONLY_FP,False
OOF,normal,N0311,0,29,0,0.0,0.0125215403919519,0.0006555951001117689,False,CLEAN_NORMAL,True,False,False,False,False,1.71461431417112,0.1046108130161271,2.6749844169779134e-13,0,0.0,37.8850952297157,25.395451987928485,False,CLEAN_NORMAL,BOTH_CLEAN,True
OOF,normal,N0313,0,8,0,0.0,0.0092174607650995,0.0027067870225494497,False,CLEAN_NORMAL,False,False,False,False,False,,,,0,0.0,64.47297808797335,54.85651969626235,False,CLEAN_NORMAL,BOTH_CLEAN,True
OOF,normal,N0315,0,41,0,0.0,0.0601934944691634,0.006375758268908904,False,CLEAN_NORMAL,True,False,True,False,False,0.7695167293223114,0.0839470499206067,0.0588235294114153,0,0.0,93.93377707551392,45.048547194601234,False,CLEAN_NORMAL,BOTH_CLEAN,True
OOF,normal,N0316,0,41,0,0.0,0.0090276068606403,0.000963628826334044,False,CLEAN_NORMAL,True,False,False,False,False,1.4022693248939797,0.0822044248746104,0.0588235294116828,0,0.0,103.93951641103632,39.721302971424514,False,CLEAN_NORMAL,BOTH_CLEAN,True
OOF,normal,N0318,0,22,0,0.0,0.0125827216091391,0.0012809015634657592,False,CLEAN_NORMAL,False,False,False,False,False,,,,0,0.0,78.00130562427417,37.53142493479708,False,CLEAN_NORMAL,BOTH_CLEAN,True
OOF,normal,N0319,0,7,0,0.0,0.0250731245041095,0.005868011101522699,False,CLEAN_NORMAL,False,False,False,False,False,,,,0,0.0,49.33235287804501,34.965342775127475,False,CLEAN_NORMAL,BOTH_CLEAN,True
OOF,normal,N0323,0,41,0,0.0,0.0532204567299038,0.005128738632595064,False,CLEAN_NORMAL,True,False,False,False,False,2.116226243913067,0.0516041073198209,2.6749844169779134e-13,2,0.04878048780487805,351.96205942312594,58.80337513270854,True,FALSE_ALARM_NORMAL,B_ONLY_FP,False
OOF,normal,N0324,0,35,0,0.0,0.0066231060505737,0.0009775959502374514,False,CLEAN_NORMAL,True,False,False,False,True,1.3245168823104976,0.1232682196395969,0.0,0,0.0,49.52451813388735,31.376840416021594,False,CLEAN_NORMAL,BOTH_CLEAN,True
OOF,normal,N0325,0,21,0,0.0,0.0124221482961438,0.0010502433964089477,False,CLEAN_NORMAL,False,False,False,False,False,,,,0,0.0,74.54175829762448,44.958489181086904,False,CLEAN_NORMAL,BOTH_CLEAN,True
OOF,normal,N0326,0,10,0,0.0,0.0593418636259749,0.0065461609082048495,False,CLEAN_NORMAL,False,False,False,False,False,,,,0,0.0,47.68392703305844,34.1797668382757,False,CLEAN_NORMAL,BOTH_CLEAN,True
OOF,normal,N0328,0,41,0,0.0,0.0415606670773046,0.004991981851150892,False,CLEAN_NORMAL,True,False,False,False,False,1.2685972132457148,0.075772940775126,0.0588235294114153,0,0.0,126.5580571531288,53.542238039030295,False,CLEAN_NORMAL,BOTH_CLEAN,True
OOF,normal,N0329,0,41,0,0.0,0.0099491018093765,0.0007997973205141025,False,CLEAN_NORMAL,True,False,False,False,False,0.7920574458269748,0.0437190939834716,0.0,0,0.0,90.81855333653064,39.005791152187854,False,CLEAN_NORMAL,BOTH_CLEAN,True
OOF,normal,N0330,0,33,0,0.0,0.0093529814608641,0.0007469969276115212,False,CLEAN_NORMAL,True,False,False,False,False,1.7307328687686137,0.0579750422292265,0.0,0,0.0,74.10632620050137,42.63988975298461,False,CLEAN_NORMAL,BOTH_CLEAN,True
OOF,normal,N0331,0,21,0,0.0,0.0746722681261442,0.009567407639075652,False,CLEAN_NORMAL,False,False,False,False,False,,,,0,0.0,92.23386418698134,49.12995159318451,False,CLEAN_NORMAL,BOTH_CLEAN,True
OOF,normal,N0334,0,41,0,0.0,0.0620549020925553,0.0038240603633023316,False,CLEAN_NORMAL,True,False,True,False,False,1.5799472615090562,0.1472504702854158,2.6749844169779134e-13,0,0.0,102.75810262387182,54.13131513113516,False,CLEAN_NORMAL,BOTH_CLEAN,True
OOF,normal,N0335,0,36,0,0.0,0.0603250617622332,0.006748569223597561,False,CLEAN_NORMAL,True,False,False,False,False,0.2113203508688759,0.1841861405897075,0.0,0,0.0,113.9502782517438,47.98250687849921,False,CLEAN_NORMAL,BOTH_CLEAN,True
OOF,normal,N0336,0,25,0,0.0,0.1196137661377901,0.011361234167537539,False,CLEAN_NORMAL,True,False,False,False,False,0.4736727782187644,0.0906743270697766,0.0,0,0.0,82.57322017512162,38.48062942950246,False,CLEAN_NORMAL,BOTH_CLEAN,True
OOF,normal,N0338,0,11,0,0.0,0.0604981674529309,0.007740384681873636,False,CLEAN_NORMAL,False,False,False,False,False,,,,0,0.0,63.42905013715942,47.28257353831637,False,CLEAN_NORMAL,BOTH_CLEAN,True
OOF,normal,N0340,0,41,0,0.0,0.0033279251471862,0.00015233713986784146,False,CLEAN_NORMAL,True,False,False,False,False,2.0596747265681024,0.0640512154955171,2.6749844169779134e-13,0,0.0,37.8034446709652,26.34866316006107,False,CLEAN_NORMAL,BOTH_CLEAN,True
OOF,normal,N0341,0,41,0,0.0,0.0277139429171686,0.004524745103858839,False,CLEAN_NORMAL,True,False,False,False,False,1.3828471162137062,0.0451077191917436,2.6749844169779134e-13,0,0.0,67.17981558896535,46.04956525877771,False,CLEAN_NORMAL,BOTH_CLEAN,True
OOF,normal,N0343,0,25,0,0.0,0.0118592191353979,0.0006032335860964081,False,CLEAN_NORMAL,True,False,False,False,False,1.041904496012473,0.1318256968333385,2.6749844169779134e-13,0,0.0,40.58203776392179,26.86234676818935,False,CLEAN_NORMAL,BOTH_CLEAN,True
OOF,normal,N0344,0,12,0,0.0,0.0060106863638908,0.0010187976596955082,False,CLEAN_NORMAL,False,False,False,False,False,,,,0,0.0,76.69598569366345,44.58141255211543,False,CLEAN_NORMAL,BOTH_CLEAN,True
OOF,normal,N0345,0,5,0,0.0,0.0,0.0,False,CLEAN_NORMAL,False,False,False,False,False,,,,0,0.0,64.75078980326573,45.39422607926325,False,CLEAN_NORMAL,BOTH_CLEAN,True
OOF,normal,N0348,0,41,0,0.0,0.0093321056839594,0.0010212371674101683,False,CLEAN_NORMAL,True,False,False,False,False,1.027395024114358,0.1165814230322158,0.0588235294116828,0,0.0,85.69582850162352,50.09145964564378,False,CLEAN_NORMAL,BOTH_CLEAN,True
OOF,normal,N0349,0,32,0,0.0,0.0094830973758649,0.002105260129062778,False,CLEAN_NORMAL,True,False,False,False,True,1.0414939264996432,0.1932234705971143,0.0588235294116828,0,0.0,42.53771989291307,25.893617842932805,False,CLEAN_NORMAL,BOTH_CLEAN,True
OOF,normal,N0350,0,19,0,0.0,0.0315866320335355,0.003984016074461821,False,CLEAN_NORMAL,False,False,False,False,False,,,,0,0.0,102.78503825233297,48.41814029978144,False,CLEAN_NORMAL,BOTH_CLEAN,True
OOF,normal,N0351,0,9,0,0.0,0.0215425732938451,0.007791627125518345,False,CLEAN_NORMAL,False,False,False,False,False,,,,0,0.0,96.23691577778636,62.33847269899031,False,CLEAN_NORMAL,BOTH_CLEAN,True
OOF,normal,N0353,0,41,0,0.0,0.1475710905869291,0.015424446824282102,False,CLEAN_NORMAL,True,False,False,False,False,2.428204102700197,0.1244318190663964,0.0588235294116828,2,0.04878048780487805,220.061835072444,61.790051797068415,True,FALSE_ALARM_NORMAL,B_ONLY_FP,False
OOF,normal,N0354,0,41,0,0.0,0.0342669170047311,0.004254963340972881,False,CLEAN_NORMAL,True,False,False,False,False,2.220794650609815,0.1840960628459199,0.0588235294116828,0,0.0,93.8284407561304,57.73659312841753,False,CLEAN_NORMAL,BOTH_CLEAN,True
OOF,normal,N0355,0,37,0,0.0,0.0162118297580234,0.001275671989808357,False,CLEAN_NORMAL,True,False,False,False,False,1.6343199663770167,0.1682832257939537,2.6749844169779134e-13,0,0.0,47.79838044473914,27.40608632758714,False,CLEAN_NORMAL,BOTH_CLEAN,True
OOF,normal,N0356,0,23,0,0.0,0.0128255166557095,0.004244407393493147,False,CLEAN_NORMAL,True,False,False,False,False,0.8483478078844482,0.0643551355395849,0.0,0,0.0,78.32198520321376,54.16536788602911,False,CLEAN_NORMAL,BOTH_CLEAN,True
OOF,normal,N0359,0,41,0,0.0,0.1691258722934416,0.014552034350910965,False,CLEAN_NORMAL,True,False,False,True,False,3.051860756605189,0.0358856366459267,2.6749844169779134e-13,4,0.0975609756097561,178.78178170370805,66.73149703715717,True,FALSE_ALARM_NORMAL,B_ONLY_FP,False
OOF,normal,N0360,0,41,0,0.0,0.0245269788899163,0.0016303268119724316,False,CLEAN_NORMAL,True,False,False,False,False,0.7985993129056755,0.0610109928659056,0.0,0,0.0,112.29226059342598,51.35361483984543,False,CLEAN_NORMAL,BOTH_CLEAN,True
OOF,normal,N0361,0,41,0,0.0,0.0086445837471556,0.0004929116330533635,False,CLEAN_NORMAL,True,False,False,False,False,0.93700034872892,0.0360768370923403,0.0,0,0.0,90.67328858563894,58.46027979696564,False,CLEAN_NORMAL,BOTH_CLEAN,True
OOF,normal,N0363,0,12,0,0.0,0.0033117161586193,0.0005413873054557167,False,CLEAN_NORMAL,False,False,False,False,False,,,,0,0.0,62.52454885873249,45.90834032800161,False,CLEAN_NORMAL,BOTH_CLEAN,True
OOF,normal,N0365,0,41,0,0.0,0.052916415386879,0.004802589597940681,False,CLEAN_NORMAL,True,False,True,False,False,1.809100450138224,0.1160358467298024,0.0588235294116828,0,0.0,110.21853313338968,54.06356376053744,False,CLEAN_NORMAL,BOTH_CLEAN,True
OOF,normal,N0366,0,41,0,0.0,0.177911435143085,0.02274792026617954,False,CLEAN_NORMAL,True,False,False,True,False,2.817406146145544,0.1271290017514381,0.0588235294116828,1,0.024390243902439025,171.19953573152273,62.20198900113556,True,FALSE_ALARM_NORMAL,B_ONLY_FP,False
OOF,normal,N0368,0,18,0,0.0,0.0973788019154542,0.02304021617245868,False,CLEAN_NORMAL,False,False,False,False,False,,,,0,0.0,126.90035587017049,81.76802202258409,False,CLEAN_NORMAL,BOTH_CLEAN,True
OOF,normal,N0369,0,6,0,0.0,0.0334878911772273,0.010395360815958583,False,CLEAN_NORMAL,False,False,False,False,False,,,,0,0.0,85.92899537081455,66.97488517472947,False,CLEAN_NORMAL,BOTH_CLEAN,True
OOF,normal,N0371,0,41,0,0.0,0.0555638467557801,0.008709603152290243,False,CLEAN_NORMAL,True,False,False,True,False,0.1251984599330559,0.0838549502450739,0.0,3,0.07317073170731707,274.4139246443379,77.42258088307452,True,FALSE_ALARM_NORMAL,B_ONLY_FP,False
OOF,normal,N0373,0,34,0,0.0,0.0256194018828969,0.003992703360903223,False,CLEAN_NORMAL,True,False,False,False,False,1.3674415672378055,0.0447051467121537,0.0,0,0.0,94.76507632049534,42.640683567330335,False,CLEAN_NORMAL,BOTH_CLEAN,True
OOF,normal,N0374,0,21,0,0.0,0.0706003816250799,0.013115379951769061,False,CLEAN_NORMAL,False,False,False,False,False,,,,0,0.0,119.90049012070018,59.76049002471517,False,CLEAN_NORMAL,BOTH_CLEAN,True
OOF,normal,N0375,0,12,0,0.0,0.0032781548690954,0.0002731795724246167,False,CLEAN_NORMAL,False,False,False,False,False,,,,0,0.0,59.98993951159953,40.26183247698587,False,CLEAN_NORMAL,BOTH_CLEAN,True
OOF,normal,N0378,0,41,0,0.0,0.0572059120341491,0.0047527612303272316,False,CLEAN_NORMAL,True,False,False,False,False,0.760208344811428,0.0625440048688494,0.0588235294116828,0,0.0,67.33035438407838,37.402897994719005,False,CLEAN_NORMAL,BOTH_CLEAN,True
OOF,normal,N0379,0,34,0,0.0,0.0451360839604403,0.006103714468378336,False,CLEAN_NORMAL,True,False,False,True,False,0.8650797404978663,0.0719487085283032,0.0588235294116828,0,0.0,95.44172779335064,58.4245086444564,False,CLEAN_NORMAL,BOTH_CLEAN,True
OOF,normal,N0380,0,20,0,0.0,0.0196036433925605,0.003792635494951685,False,CLEAN_NORMAL,False,False,False,False,False,,,,0,0.0,48.990167782398025,38.747673395715054,False,CLEAN_NORMAL,BOTH_CLEAN,True
OOF,normal,N0381,0,4,0,0.0,0.0062911360451615,0.0031725251388002,False,CLEAN_NORMAL,False,False,False,False,False,,,,0,0.0,88.34029374641884,73.56343187482851,False,CLEAN_NORMAL,BOTH_CLEAN,True
OOF,normal,N0383,0,41,0,0.0,0.0125282526807106,0.0005965767942625537,False,CLEAN_NORMAL,True,False,False,False,False,1.049473645070588,0.1669000285422709,0.0588235294116828,0,0.0,84.19587329291201,44.009442844690874,False,CLEAN_NORMAL,BOTH_CLEAN,True
OOF,normal,N0384,0,41,0,0.0,0.0339968248952883,0.0031080559375856755,False,CLEAN_NORMAL,True,False,False,False,True,0.9051627696732162,0.1917262384458236,0.0588235294116828,0,0.0,42.47965543086777,24.870980216526142,False,CLEAN_NORMAL,BOTH_CLEAN,True
OOF,normal,N0385,0,31,0,0.0,0.129688275670937,0.01826596880679333,False,CLEAN_NORMAL,True,False,False,False,False,0.192082355369085,0.0450472477522853,0.0588235294116828,0,0.0,118.52837742773866,61.6118525320445,False,CLEAN_NORMAL,BOTH_CLEAN,True
OOF,normal,N0386,0,19,0,0.0,0.0505388856902855,0.01130517980984077,False,CLEAN_NORMAL,False,False,False,False,False,,,,0,0.0,136.37732420939307,68.85358330620109,False,CLEAN_NORMAL,BOTH_CLEAN,True
OOF,normal,N0389,0,41,0,0.0,0.0064316408713028,0.000844647432418483,False,CLEAN_NORMAL,True,False,False,False,False,1.7250895088462177,0.1084088358562672,0.0588235294116828,0,0.0,81.44736754194204,49.49156157051661,False,CLEAN_NORMAL,BOTH_CLEAN,True
OOF,normal,N0390,0,41,0,0.0,0.0276897434410017,0.0025664485895568415,False,CLEAN_NORMAL,True,False,False,False,False,1.3406028438170117,0.0625014171479984,0.0588235294114153,2,0.04878048780487805,253.04881141098355,46.74835614081847,True,FALSE_ALARM_NORMAL,B_ONLY_FP,False
OOF,normal,N0391,0,30,0,0.0,0.0251073208763064,0.002595295233066343,False,CLEAN_NORMAL,True,False,False,False,False,1.2498597144201105,0.0495306305286342,0.0588235294116828,0,0.0,70.75565241800155,49.46154121224984,False,CLEAN_NORMAL,BOTH_CLEAN,True
OOF,normal,N0393,0,5,0,0.0,0.1001285773341475,0.02454094065926824,False,CLEAN_NORMAL,False,False,False,False,False,,,,0,0.0,34.372543024145266,28.886353658165717,False,CLEAN_NORMAL,BOTH_CLEAN,True
OOF,normal,N0395,0,41,0,0.0,0.0427839976771039,0.0024704883061812707,False,CLEAN_NORMAL,True,False,False,False,False,0.365020866766502,0.1232296641017865,0.0588235294116828,0,0.0,64.10490332673662,37.9973905905325,False,CLEAN_NORMAL,BOTH_CLEAN,True
OOF,normal,N0396,0,35,0,0.0,0.0656629460405084,0.0074585967531171,False,CLEAN_NORMAL,True,False,False,False,False,1.6217330901085747,0.0685691198945655,0.0588235294114153,2,0.05714285714285714,176.06271688953402,73.17544409103813,True,FALSE_ALARM_NORMAL,B_ONLY_FP,False
OOF,normal,N0398,0,13,0,0.0,0.0033333333333333,0.0007292457854255461,False,CLEAN_NORMAL,False,False,False,False,False,,,,0,0.0,39.64922279419643,26.797719081180485,False,CLEAN_NORMAL,BOTH_CLEAN,True
OOF,normal,N0400,0,41,0,0.0,0.0125550059560191,0.0006168776936135536,False,CLEAN_NORMAL,True,False,False,False,False,0.2523031010893095,0.07252165347859,0.0,0,0.0,96.25373645450718,47.70572761001107,False,CLEAN_NORMAL,BOTH_CLEAN,True
OOF,normal,N0401,0,37,0,0.0,0.0379498743660654,0.002538584301579573,False,CLEAN_NORMAL,True,False,False,False,False,0.6237275460668126,0.0748337123877578,0.0588235294116828,0,0.0,59.59127341633241,33.85345596196591,False,CLEAN_NORMAL,BOTH_CLEAN,True
OOF,normal,N0403,0,12,0,0.0,0.0239251276786465,0.0030212398385934167,False,CLEAN_NORMAL,False,False,False,False,False,,,,0,0.0,78.5480526958985,60.27067454107822,False,CLEAN_NORMAL,BOTH_CLEAN,True
OOF,normal,N0404,0,3,0,0.0,0.0,0.0,False,CLEAN_NORMAL,False,False,False,False,False,,,,0,0.0,36.422184018248,31.353037665441054,False,CLEAN_NORMAL,BOTH_CLEAN,True
OOF,normal,N0405,0,41,0,0.0,0.0263527331818493,0.0024256600842643976,False,CLEAN_NORMAL,True,False,False,False,False,1.1097166857614749,0.1486370225621782,2.6749844169779134e-13,0,0.0,98.978706813845,46.55390502174907,False,CLEAN_NORMAL,BOTH_CLEAN,True
OOF,normal,N0406,0,41,0,0.0,0.0259383635359041,0.000994717987338144,False,CLEAN_NORMAL,True,False,False,False,False,0.4388275901736526,0.0923688351916726,0.0588235294116828,0,0.0,54.22242417523159,30.537302294230365,False,CLEAN_NORMAL,BOTH_CLEAN,True
OOF,normal,N0408,0,16,0,0.0,0.0032419526606891,0.00020262204129306875,False,CLEAN_NORMAL,False,False,False,False,False,,,,0,0.0,39.488274634688885,28.652296884449576,False,CLEAN_NORMAL,BOTH_CLEAN,True
OOF,normal,N0409,0,4,0,0.0,0.0053481304270777,0.001337032606769425,False,CLEAN_NORMAL,False,False,False,False,False,,,,0,0.0,54.81152174047856,37.908179460065554,False,CLEAN_NORMAL,BOTH_CLEAN,True
OOF,normal,N0410,0,41,0,0.0,0.0309865889475426,0.003243628471882949,False,CLEAN_NORMAL,True,False,False,False,False,2.3137135754801457,0.1451259602484961,0.0588235294114153,0,0.0,96.01132482067344,50.09470161223392,False,CLEAN_NORMAL,BOTH_CLEAN,True
OOF,normal,N0411,0,41,0,0.0,0.0092908285213547,0.0006698712860608025,False,CLEAN_NORMAL,True,False,False,False,False,0.9661040772805582,0.0622787664973838,0.0588235294114153,0,0.0,79.07250950743628,38.965356807558614,False,CLEAN_NORMAL,BOTH_CLEAN,True
OOF,normal,N0413,0,19,0,0.0,0.1021081654684435,0.027206759632337423,False,CLEAN_NORMAL,False,False,False,False,False,,,,1,0.05263157894736842,163.56841792169217,70.29787837575286,True,FALSE_ALARM_NORMAL,B_ONLY_FP,False
OOF,normal,N0414,0,6,0,0.0,0.0164877533472629,0.003288739943337667,False,CLEAN_NORMAL,False,False,False,False,False,,,,0,0.0,56.897050578491466,39.4632153406331,False,CLEAN_NORMAL,BOTH_CLEAN,True
OOF,normal,N0415,0,5,0,0.0,0.0,0.0,False,CLEAN_NORMAL,False,False,False,False,False,,,,0,0.0,72.41179529752809,53.28383521614537,False,CLEAN_NORMAL,BOTH_CLEAN,True
OOF,normal,N0418,0,41,0,0.0,0.0150940339661085,0.0015838660287219024,False,CLEAN_NORMAL,True,False,False,False,False,1.379242280754904,0.0540859728256765,0.0588235294116828,0,0.0,65.2243648101878,38.905018647560915,False,CLEAN_NORMAL,BOTH_CLEAN,True
OOF,normal,N0419,0,29,0,0.0,0.0097214504558946,0.0009628826708964345,False,CLEAN_NORMAL,True,False,False,True,False,2.7214138068432123,0.0631439229731948,0.0588235294114153,0,0.0,98.45459699806212,55.356096466768136,False,CLEAN_NORMAL,BOTH_CLEAN,True
OOF,normal,N0420,0,14,0,0.0,0.0063720470078877,0.0009039187516136857,False,CLEAN_NORMAL,False,False,False,False,False,,,,0,0.0,55.84926464270734,44.95629933645857,False,CLEAN_NORMAL,BOTH_CLEAN,True
OOF,normal,N0421,0,1,0,0.0,0.0,0.0,False,CLEAN_NORMAL,False,False,False,False,False,,,,0,0.0,47.20859524960321,47.20859524960321,False,CLEAN_NORMAL,BOTH_CLEAN,True
OOF,normal,N0423,0,40,0,0.0,0.0059366653778087,0.0003125050447855,False,CLEAN_NORMAL,True,False,False,False,False,1.4769751030074307,0.141465009125755,0.0588235294116828,0,0.0,35.79329851287694,22.703028154956616,False,CLEAN_NORMAL,BOTH_CLEAN,True
OOF,normal,N0424,0,27,0,0.0,0.0312133878648245,0.002153840203611663,False,CLEAN_NORMAL,True,False,False,False,False,0.3266515922745032,0.0393068150301776,2.6749844169779134e-13,0,0.0,43.81539622899881,32.14173141157891,False,CLEAN_NORMAL,BOTH_CLEAN,True
OOF,normal,N0425,0,15,0,0.0,0.0125174723013643,0.0026062462542743867,False,CLEAN_NORMAL,False,False,False,False,False,,,,0,0.0,98.5145279126579,64.58493321686997,False,CLEAN_NORMAL,BOTH_CLEAN,True
OOF,normal,N0426,0,2,0,0.0,0.0063043535544821,0.00315217677724105,False,CLEAN_NORMAL,False,False,False,False,False,,,,0,0.0,36.251965397668414,27.034262832277005,False,CLEAN_NORMAL,BOTH_CLEAN,True
OOF,normal,N0428,0,41,0,0.0,0.038535196499879,0.0014774353115761757,False,CLEAN_NORMAL,True,False,False,False,False,1.0830093294947027,0.0997315060770923,0.0588235294116828,0,0.0,43.09147121009896,24.666356461024158,False,CLEAN_NORMAL,BOTH_CLEAN,True
OOF,normal,N0429,0,30,0,0.0,0.0307309698446275,0.0035052178378325903,False,CLEAN_NORMAL,True,False,False,False,False,0.7365844133546315,0.1178571288645129,2.6749844169779134e-13,0,0.0,131.31102894912917,69.43068878835442,False,CLEAN_NORMAL,BOTH_CLEAN,True
OOF,normal,N0430,0,19,0,0.0,0.0337705049658437,0.004648410694142332,False,CLEAN_NORMAL,False,False,False,False,False,,,,0,0.0,83.89415953763772,51.83520683061164,False,CLEAN_NORMAL,BOTH_CLEAN,True
OOF,normal,N0431,0,16,0,0.0,0.0298328367686715,0.004205258828241618,False,CLEAN_NORMAL,False,False,False,False,False,,,,0,0.0,129.3089404506893,51.31829262781004,False,CLEAN_NORMAL,BOTH_CLEAN,True
OOF,normal,N0433,0,41,0,0.0,0.0275357768991633,0.0021979647735621585,False,CLEAN_NORMAL,True,False,False,False,False,0.6243288169079055,0.0571344642083132,0.0588235294114153,0,0.0,71.78697866370123,44.24522444291901,False,CLEAN_NORMAL,BOTH_CLEAN,True
OOF,normal,N0434,0,40,0,0.0,0.0315241080936962,0.0024986873269974776,False,CLEAN_NORMAL,True,False,False,False,False,0.6786239893798992,0.0871130719217345,2.6749844169779134e-13,0,0.0,52.44946989839183,30.291603232583714,False,CLEAN_NORMAL,BOTH_CLEAN,True
OOF,normal,N0435,0,26,0,0.0,0.0033126967471143,0.00037095591395473846,False,CLEAN_NORMAL,True,False,False,False,False,0.8226308080575014,0.0587497339440792,0.0588235294116828,0,0.0,94.20991418192747,57.034358525094596,False,CLEAN_NORMAL,BOTH_CLEAN,True
OOF,normal,N0436,0,13,0,0.0,0.0029640409351234,0.00022800314885564616,False,CLEAN_NORMAL,False,False,False,False,False,,,,0,0.0,83.16246144770567,46.73843376131645,False,CLEAN_NORMAL,BOTH_CLEAN,True
OOF,normal,N0438,0,41,0,0.0,0.0346189279086005,0.0009162767359167488,False,CLEAN_NORMAL,True,False,False,False,False,0.3145339763434584,0.0669751199714092,0.0588235294116828,0,0.0,46.31646787597009,26.033487952240133,False,CLEAN_NORMAL,BOTH_CLEAN,True
OOF,normal,N0439,0,40,0,0.0,0.0436498248901256,0.0033228577794437025,False,CLEAN_NORMAL,True,False,False,False,False,0.6698522804596589,0.1869014467432432,0.0,1,0.025,148.07532588430837,52.228162040583825,True,FALSE_ALARM_NORMAL,B_ONLY_FP,False
OOF,normal,N0440,0,25,0,0.0,0.0840826633630254,0.010638572452501245,False,CLEAN_NORMAL,True,False,False,False,False,2.063417964351088,0.0818904241607598,0.0588235294114153,0,0.0,108.91031850862606,64.62438414398075,False,CLEAN_NORMAL,BOTH_CLEAN,True
OOF,normal,N0441,0,8,0,0.0,0.0466084287554878,0.006225612596869062,False,CLEAN_NORMAL,False,False,False,False,False,,,,0,0.0,52.74530565723735,37.91899637398455,False,CLEAN_NORMAL,BOTH_CLEAN,True
OOF,normal,N0443,0,41,0,0.0,0.0289136954319178,0.0036431375595438365,False,CLEAN_NORMAL,True,False,False,False,False,0.8718726784877682,0.1179279192029338,2.6749844169779134e-13,0,0.0,89.10444116004375,44.632217804569606,False,CLEAN_NORMAL,BOTH_CLEAN,True
OOF,normal,N0444,0,41,0,0.0,0.0154893967190996,0.0017037983018405927,False,CLEAN_NORMAL,True,False,False,False,False,1.821723294180736,0.0667283565530249,0.0588235294116828,0,0.0,76.70647802162024,46.56028418919286,False,CLEAN_NORMAL,BOTH_CLEAN,True
OOF,normal,N0445,0,35,0,0.0,0.2108813673377839,0.01832484494863738,False,CLEAN_NORMAL,True,False,False,False,False,0.7634197785916135,0.0807390682497818,2.6749844169779134e-13,0,0.0,62.27259529778444,44.441019717763275,False,CLEAN_NORMAL,BOTH_CLEAN,True
OOF,normal,N0446,0,22,0,0.0,0.0128436621009177,0.0005838028227689863,False,CLEAN_NORMAL,True,False,False,False,False,0.7742594710035733,0.0731345738260388,0.0,0,0.0,42.26823257559455,29.732833319854535,False,CLEAN_NORMAL,BOTH_CLEAN,True
OOF,normal,N0449,0,41,0,0.0,0.0548640314793578,0.005548809239363451,False,CLEAN_NORMAL,True,False,False,False,False,1.475198025929442,0.112632646597549,0.0588235294116828,0,0.0,80.85894114715903,46.3533947390126,False,CLEAN_NORMAL,BOTH_CLEAN,True
OOF,normal,N0450,0,39,0,0.0,0.0186716376276621,0.0008112604223689718,False,CLEAN_NORMAL,True,False,False,False,False,0.98825046932412,0.1482458985955833,2.6749844169779134e-13,0,0.0,126.99543987548356,52.32422708946373,False,CLEAN_NORMAL,BOTH_CLEAN,True
OOF,normal,N0451,0,28,0,0.0,0.0879407106450543,0.004357976517975071,False,CLEAN_NORMAL,True,False,False,False,False,0.6917161955759636,0.0870450116432178,2.6749844169779134e-13,0,0.0,61.85506028448745,43.95407506877415,False,CLEAN_NORMAL,BOTH_CLEAN,True
OOF,normal,N0453,0,2,0,0.0,0.003212583412774,0.001606291706387,False,CLEAN_NORMAL,False,False,False,False,False,,,,0,0.0,46.18478506836235,43.59006455207118,False,CLEAN_NORMAL,BOTH_CLEAN,True
OOF,normal,N0454,0,41,0,0.0,0.008864851967886,0.0003747667789776854,False,CLEAN_NORMAL,True,False,False,False,False,1.6196734533591457,0.0573046562242131,0.0588235294114153,0,0.0,45.72060118059586,34.039591721312426,False,CLEAN_NORMAL,BOTH_CLEAN,True
OOF,normal,N0455,0,41,0,0.0,0.0639036483836313,0.009448601760944126,False,CLEAN_NORMAL,True,False,False,False,False,1.8379526744541903,0.0940753018001687,2.6749844169779134e-13,1,0.024390243902439025,165.84335749062978,76.62640626555802,True,FALSE_ALARM_NORMAL,B_ONLY_FP,False
OOF,normal,N0456,0,30,0,0.0,0.0703085152516472,0.00823255600572759,False,CLEAN_NORMAL,True,False,False,False,False,0.7765324940216672,0.0937102589784904,0.0,0,0.0,65.82985797586514,34.262399809208134,False,CLEAN_NORMAL,BOTH_CLEAN,True
OOF,normal,N0458,0,9,0,0.0,0.0029357313701736,0.00032619237446373335,False,CLEAN_NORMAL,False,False,False,False,False,,,,0,0.0,46.20548245454159,39.06509576680917,False,CLEAN_NORMAL,BOTH_CLEAN,True
OOF,normal,N0460,0,41,0,0.0,0.0853540444304051,0.01561341458602695,False,CLEAN_NORMAL,True,False,False,False,False,0.6078305074181366,0.0762641230451008,0.0,5,0.12195121951219512,177.90823571843194,99.92668357411853,True,FALSE_ALARM_NORMAL,B_ONLY_FP,False
OOF,normal,N0461,0,39,0,0.0,0.0713727590468614,0.0029325908238177797,False,CLEAN_NORMAL,True,False,False,False,False,0.6200441970916483,0.1638062482034825,2.6749844169779134e-13,0,0.0,60.19096904995888,35.74331216545392,False,CLEAN_NORMAL,BOTH_CLEAN,True
OOF,normal,N0463,0,25,0,0.0,0.0097513435893723,0.002240580067471428,False,CLEAN_NORMAL,False,False,False,False,False,,,,0,0.0,64.7850965511877,40.148610200059565,False,CLEAN_NORMAL,BOTH_CLEAN,True
OOF,normal,N0464,0,11,0,0.0,0.0098671476855292,0.001775789129963909,False,CLEAN_NORMAL,False,False,False,False,False,,,,0,0.0,44.73739059618802,33.56117200188414,False,CLEAN_NORMAL,BOTH_CLEAN,True
OOF,normal,N0466,0,41,0,0.0,0.0221122987137083,0.0015972178957918927,False,CLEAN_NORMAL,True,False,False,False,False,1.0018384955132411,0.1618640995376795,0.0588235294116828,0,0.0,109.63610216177236,45.437082073904534,False,CLEAN_NORMAL,BOTH_CLEAN,True
OOF,normal,N0468,0,27,0,0.0,0.1617113020351183,0.014684912613163991,False,CLEAN_NORMAL,True,False,False,False,False,0.7965420251069015,0.0645236758653648,0.0,0,0.0,52.52843196127401,31.209444311314027,False,CLEAN_NORMAL,BOTH_CLEAN,True
OOF,normal,N0469,0,28,0,0.0,0.0960707313906378,0.009454076917806323,False,CLEAN_NORMAL,True,False,False,False,False,0.3760701389745674,0.1356906057690789,0.0,0,0.0,109.28869271203348,61.48395008864793,False,CLEAN_NORMAL,BOTH_CLEAN,True
OOF,normal,N0470,0,15,0,0.0,0.0269584713479363,0.0025907726818494865,False,CLEAN_NORMAL,False,False,False,False,False,,,,0,0.0,37.427460865442704,26.87668456248066,False,CLEAN_NORMAL,BOTH_CLEAN,True
OOF,normal,N0471,0,2,0,0.0,0.0,0.0,False,CLEAN_NORMAL,False,False,False,False,False,,,,0,0.0,35.48817520820268,29.761684859164617,False,CLEAN_NORMAL,BOTH_CLEAN,True
OOF,normal,N0473,0,41,0,0.0,0.024417541668691,0.0007454154045395805,False,CLEAN_NORMAL,True,False,False,False,False,1.1325312638976175,0.0910836580937003,0.0,0,0.0,68.52323543029073,32.62628365336466,False,CLEAN_NORMAL,BOTH_CLEAN,True
OOF,normal,N0474,0,30,0,0.0,0.0341511771986388,0.0017517844771042332,False,CLEAN_NORMAL,True,False,False,False,False,0.1887359530790817,0.058843086836376,0.0,0,0.0,48.149911040930725,31.97651399633447,False,CLEAN_NORMAL,BOTH_CLEAN,True
OOF,normal,N0475,0,18,0,0.0,0.0308871335069749,0.004684751368115772,False,CLEAN_NORMAL,False,False,False,False,False,,,,0,0.0,92.53736627917914,49.98912205799867,False,CLEAN_NORMAL,BOTH_CLEAN,True
OOF,normal,N0476,0,5,0,0.0,0.0,0.0,False,CLEAN_NORMAL,False,False,False,False,False,,,,0,0.0,37.23466136083042,31.724383641321168,False,CLEAN_NORMAL,BOTH_CLEAN,True
OOF,normal,N0478,0,41,0,0.0,0.0093570122495774,0.0007542563614034805,False,CLEAN_NORMAL,True,False,False,False,False,1.0129079854721357,0.0823185616239958,0.0588235294116828,0,0.0,50.22152651677379,30.519219296747128,False,CLEAN_NORMAL,BOTH_CLEAN,True
OOF,normal,N0479,0,41,0,0.0,0.0031522100365569,0.0001461905898172878,False,CLEAN_NORMAL,True,False,False,False,False,0.6150492290999826,0.0684790892697344,2.6749844169779134e-13,0,0.0,51.21079519642899,31.054013761216737,False,CLEAN_NORMAL,BOTH_CLEAN,True
OOF,normal,N0480,0,41,0,0.0,0.0093316330962592,0.001064016208706312,False,CLEAN_NORMAL,True,False,False,False,False,0.9768429073709196,0.0789361763913024,0.0588235294116828,0,0.0,52.35205681255738,29.676138757535977,False,CLEAN_NORMAL,BOTH_CLEAN,True
OOF,normal,N0481,0,32,0,0.0,0.0267230591690044,0.0010391347060575845,False,CLEAN_NORMAL,True,False,False,False,False,1.0308053567468909,0.0557896330818107,0.0,0,0.0,50.453684841753216,32.06415962288872,False,CLEAN_NORMAL,BOTH_CLEAN,True
OOF,normal,N0483,0,35,0,0.0,0.0032612204251227,0.00018269396987086,False,CLEAN_NORMAL,True,False,False,False,False,0.711844399216885,0.1048962342071065,0.0588235294114153,0,0.0,72.69921821950403,36.71053917647937,False,CLEAN_NORMAL,BOTH_CLEAN,True
OOF,normal,N0484,0,35,0,0.0,0.0349301903663508,0.0028368290613464114,False,CLEAN_NORMAL,True,False,False,False,False,1.976022653343144,0.0764810153787628,0.0588235294114153,0,0.0,53.93216241147002,34.60071059366578,False,CLEAN_NORMAL,BOTH_CLEAN,True
OOF,normal,N0485,0,35,0,0.0,0.0118238733555699,0.0008665779522533742,False,CLEAN_NORMAL,True,False,False,False,False,0.8262209665615646,0.0703490939535965,0.0,0,0.0,61.309898203533145,31.562198943448468,False,CLEAN_NORMAL,BOTH_CLEAN,True
OOF,normal,N0486,0,34,0,0.0,0.0709987184299632,0.0026445167331438854,False,CLEAN_NORMAL,True,False,False,False,False,1.1584667315475434,0.0987138216439904,0.0588235294114153,0,0.0,59.58182406458744,31.197811242309886,False,CLEAN_NORMAL,BOTH_CLEAN,True
OOF,normal,N0488,0,14,0,0.0,0.0089496966983046,0.0013237601191965927,False,CLEAN_NORMAL,False,False,False,False,False,,,,0,0.0,71.71572008337556,41.9946177073624,False,CLEAN_NORMAL,BOTH_CLEAN,True
OOF,normal,N0489,0,12,0,0.0,0.0090686494789061,0.0015575841336215085,False,CLEAN_NORMAL,False,False,False,False,False,,,,0,0.0,50.546252233165205,34.426229231218564,False,CLEAN_NORMAL,BOTH_CLEAN,True
OOF,normal,N0491,0,41,0,0.0,0.0188662341243698,0.002019591507904305,False,CLEAN_NORMAL,True,False,False,False,False,0.374137328758495,0.053803684531819,0.0,0,0.0,119.62301886469794,43.01442859521223,False,CLEAN_NORMAL,BOTH_CLEAN,True
OOF,normal,N0493,0,30,0,0.0,0.0662165834492072,0.0034340039659471197,False,CLEAN_NORMAL,True,False,False,False,False,1.271259151291014,0.105847409537569,2.6749844169779134e-13,0,0.0,75.40490623046375,39.015497610712075,False,CLEAN_NORMAL,BOTH_CLEAN,True
OOF,normal,N0494,0,18,0,0.0,0.0117959788376229,0.0009955815287125056,False,CLEAN_NORMAL,False,False,False,False,False,,,,0,0.0,64.46629381286071,31.928907511921416,False,CLEAN_NORMAL,BOTH_CLEAN,True
OOF,normal,N0495,0,6,0,0.0,0.0,0.0,False,CLEAN_NORMAL,False,False,False,False,False,,,,0,0.0,50.323609396325466,34.304926631703964,False,CLEAN_NORMAL,BOTH_CLEAN,True
OOF,normal,N0496,0,4,0,0.0,0.0031717456166817,0.000792936404170425,False,CLEAN_NORMAL,False,False,False,False,False,,,,0,0.0,55.17577794678686,48.30294279596784,False,CLEAN_NORMAL,BOTH_CLEAN,True
OOF,normal,N0498,0,41,0,0.0,0.1212143663322344,0.008231609470037137,False,CLEAN_NORMAL,True,False,False,False,False,1.7892876349570404,0.1335540407263395,0.0588235294114153,0,0.0,80.87164171458852,44.04095039186648,False,CLEAN_NORMAL,BOTH_CLEAN,True
OOF,normal,N0499,0,41,0,0.0,0.0093813893370116,0.00022881437407345364,False,CLEAN_NORMAL,True,False,False,False,False,1.196220909679437,0.0668921244782504,0.0588235294116828,0,0.0,51.06186145784317,30.83789299246244,False,CLEAN_NORMAL,BOTH_CLEAN,True
OOF,normal,N0500,0,28,0,0.0,0.0065846182499005,0.00023516493749644644,False,CLEAN_NORMAL,False,False,False,False,False,,,,0,0.0,72.75857598945912,41.061907614403175,False,CLEAN_NORMAL,BOTH_CLEAN,True
OOF,normal,N0501,0,15,0,0.0,0.0403001026465514,0.00386710347996598,False,CLEAN_NORMAL,False,False,False,False,False,,,,0,0.0,58.2208400738612,39.41043897847877,False,CLEAN_NORMAL,BOTH_CLEAN,True
OOF,normal,N0503,0,4,0,0.0,0.0,0.0,False,CLEAN_NORMAL,False,False,False,False,False,,,,0,0.0,29.298564644258143,24.83989565938956,False,CLEAN_NORMAL,BOTH_CLEAN,True
OOF,normal,N0504,0,41,0,0.0,0.0124983496776353,0.0011875100404890465,False,CLEAN_NORMAL,True,False,False,False,False,1.2197799037222867,0.0903120208093909,0.0,0,0.0,97.2263970481857,35.85864233361277,False,CLEAN_NORMAL,BOTH_CLEAN,True
OOF,normal,N0505,0,41,0,0.0,0.082754433454907,0.002688122353515495,False,CLEAN_NORMAL,True,False,False,False,False,0.9117345608485424,0.0579431221084056,0.0,0,0.0,66.24326633660185,34.50653475190427,False,CLEAN_NORMAL,BOTH_CLEAN,True
OOF,normal,N0506,0,29,0,0.0,0.0097247397579722,0.001061529712289169,False,CLEAN_NORMAL,True,False,False,False,False,1.1975312742370576,0.1146446442094309,0.0,0,0.0,53.25813242884548,35.32071442893926,False,CLEAN_NORMAL,BOTH_CLEAN,True
OOF,normal,N0508,0,4,0,0.0,0.0,0.0,False,CLEAN_NORMAL,False,False,False,False,False,,,,0,0.0,31.047740874789746,27.876948637913443,False,CLEAN_NORMAL,BOTH_CLEAN,True
OOF,normal,N0509,0,41,0,0.0,0.0623804224965284,0.0035397385141819563,False,CLEAN_NORMAL,True,False,False,False,False,1.350166672109154,0.079490480425886,0.0,0,0.0,73.64534076630514,36.457848966860155,False,CLEAN_NORMAL,BOTH_CLEAN,True
OOF,normal,N0510,0,41,0,0.0,0.0282376480603071,0.001306329303796966,False,CLEAN_NORMAL,True,False,False,False,False,1.8028180554769988,0.0592435506494185,0.0,0,0.0,76.39401866231111,36.956344566780245,False,CLEAN_NORMAL,BOTH_CLEAN,True
OOF,normal,N0511,0,29,0,0.0,0.1106478968735203,0.026676047764211754,False,CLEAN_NORMAL,False,False,False,False,False,,,,0,0.0,81.9472177684776,45.13859985320149,False,CLEAN_NORMAL,BOTH_CLEAN,True
OOF,normal,N0513,0,4,0,0.0,0.0,0.0,False,CLEAN_NORMAL,False,False,False,False,False,,,,0,0.0,46.94231129580746,42.661996307980026,False,CLEAN_NORMAL,BOTH_CLEAN,True
OOF,normal,N0514,0,41,0,0.0,0.0389888116990155,0.001564834192386344,False,CLEAN_NORMAL,True,False,False,False,False,1.2104030308686595,0.0928752943203627,0.0588235294116828,0,0.0,66.28488302606554,33.39816705932147,False,CLEAN_NORMAL,BOTH_CLEAN,True
OOF,normal,N0515,0,41,0,0.0,0.0783897209316909,0.003932329953191232,False,CLEAN_NORMAL,True,False,False,False,False,2.00985540473374,0.1277077539812006,2.6749844169779134e-13,0,0.0,51.86305805074296,31.34686389263413,False,CLEAN_NORMAL,BOTH_CLEAN,True
OOF,normal,N0516,0,31,0,0.0,0.0062127962266223,0.00020041278150394518,False,CLEAN_NORMAL,True,False,False,False,False,1.1976177859215664,0.0669182041725497,0.0,0,0.0,54.57901400859803,30.801096997670772,False,CLEAN_NORMAL,BOTH_CLEAN,True
OOF,normal,N0518,0,4,0,0.0,0.0,0.0,False,CLEAN_NORMAL,False,False,False,False,False,,,,0,0.0,41.0474656180136,33.625320444128434,False,CLEAN_NORMAL,BOTH_CLEAN,True
OOF,normal,N0519,0,41,0,0.0,0.0213858041622316,0.0027047099060458343,False,CLEAN_NORMAL,True,False,False,False,False,0.4175097506448022,0.098469955010815,0.0,0,0.0,51.83292080845598,34.557926730389426,False,CLEAN_NORMAL,BOTH_CLEAN,True
OOF,normal,N0520,0,41,0,0.0,0.0621791908788377,0.0066552895796084454,False,CLEAN_NORMAL,True,False,False,False,False,1.6060480229215524,0.0575470821205009,0.0588235294116828,0,0.0,87.36300447696073,43.357699322290074,False,CLEAN_NORMAL,BOTH_CLEAN,True
OOF,normal,N0521,0,30,0,0.0,0.0430417714745429,0.004418170963459156,False,CLEAN_NORMAL,True,False,False,False,False,1.7181837532941409,0.0566129297363965,2.6749844169779134e-13,0,0.0,69.31512576304615,41.48509966080883,False,CLEAN_NORMAL,BOTH_CLEAN,True
OOF,normal,N0523,0,2,0,0.0,0.0062840969213031,0.0046347925032114,False,CLEAN_NORMAL,False,False,False,False,False,,,,0,0.0,42.64562425477059,40.411789925556675,False,CLEAN_NORMAL,BOTH_CLEAN,True
OOF,normal,N0524,0,41,0,0.0,0.0274761989723051,0.006187903479354374,False,CLEAN_NORMAL,True,False,False,False,False,1.7985066505506626,0.1288962437394386,2.6749844169779134e-13,0,0.0,82.82519551058668,46.8259780059841,False,CLEAN_NORMAL,BOTH_CLEAN,True
OOF,normal,N0525,0,41,0,0.0,0.0205178925567019,0.0008723618036710853,False,CLEAN_NORMAL,True,False,False,False,False,1.021386444794813,0.073600187794936,0.0588235294116828,0,0.0,45.11911437381935,29.458802162824334,False,CLEAN_NORMAL,BOTH_CLEAN,True
OOF,normal,N0526,0,40,0,0.0,0.0349770786669835,0.0023776032888309074,False,CLEAN_NORMAL,True,False,False,False,False,1.4194715512610478,0.0884124235132546,2.6749844169779134e-13,0,0.0,52.35029012168676,34.04188379744223,False,CLEAN_NORMAL,BOTH_CLEAN,True
OOF,normal,N0528,0,16,0,0.0,0.03961596246493,0.0034188618953141002,False,CLEAN_NORMAL,False,False,False,False,False,,,,0,0.0,53.01772884519959,30.506917190630787,False,CLEAN_NORMAL,BOTH_CLEAN,True
OOF,normal,N0529,0,2,0,0.0,0.0060373960700156,0.0030186980350078,False,CLEAN_NORMAL,False,False,False,False,False,,,,0,0.0,48.45869621720538,46.07131232596135,False,CLEAN_NORMAL,BOTH_CLEAN,True
OOF,normal,N0531,0,41,0,0.0,0.0400031281100694,0.0011947156968649096,False,CLEAN_NORMAL,True,False,False,False,False,1.2362627094876717,0.069542638627584,0.0588235294116828,0,0.0,71.6319531688489,30.952668968301417,False,CLEAN_NORMAL,BOTH_CLEAN,True
OOF,normal,N0533,0,29,0,0.0,0.0156178942640048,0.0008766049282541655,False,CLEAN_NORMAL,False,False,False,False,False,,,,0,0.0,62.4598752480611,37.96771281649856,False,CLEAN_NORMAL,BOTH_CLEAN,True
OOF,normal,N0534,0,16,0,0.0,0.0091040573676575,0.0015705087352903063,False,CLEAN_NORMAL,False,False,False,False,False,,,,0,0.0,68.94331334402878,35.017580000923644,False,CLEAN_NORMAL,BOTH_CLEAN,True
OOF,normal,N0535,0,1,0,0.0,0.0026159215555924,0.0026159215555924,False,CLEAN_NORMAL,False,False,False,False,False,,,,0,0.0,41.98936991269266,41.98936991269266,False,CLEAN_NORMAL,BOTH_CLEAN,True
OOF,normal,N0536,0,41,0,0.0,0.0387136005240121,0.0032054650493130343,False,CLEAN_NORMAL,True,False,False,False,False,1.2719852637283464,0.0929799919924047,0.0,0,0.0,118.67142332561,48.921060224485664,False,CLEAN_NORMAL,BOTH_CLEAN,True
OOF,normal,N0538,0,26,0,0.0,0.0152893266469378,0.0021422299393781884,False,CLEAN_NORMAL,True,False,False,False,False,1.5435473680350715,0.0610031757687564,0.0588235294114153,0,0.0,67.07299644660779,35.96371995032846,False,CLEAN_NORMAL,BOTH_CLEAN,True
OOF,normal,N0539,0,14,0,0.0,0.003276066094858,0.0006678930980512215,False,CLEAN_NORMAL,False,False,False,False,False,,,,0,0.0,51.68124643907164,36.28128808196855,False,CLEAN_NORMAL,BOTH_CLEAN,True
OOF,normal,N0540,0,1,0,0.0,0.0,0.0,False,CLEAN_NORMAL,False,False,False,False,False,,,,0,0.0,26.8373421710984,26.8373421710984,False,CLEAN_NORMAL,BOTH_CLEAN,True
OOF,normal,N0543,0,41,0,0.0,0.0990733820844903,0.0071631830588014785,False,CLEAN_NORMAL,True,False,False,False,False,1.116396328359663,0.0673514601617498,0.0588235294114153,0,0.0,91.84064881819852,34.74964961915229,False,CLEAN_NORMAL,BOTH_CLEAN,True
OOF,normal,N0544,0,27,0,0.0,0.0029525949505352,0.00010935536853834074,False,CLEAN_NORMAL,False,False,False,False,False,,,,0,0.0,46.11970987436932,33.35588051849971,False,CLEAN_NORMAL,BOTH_CLEAN,True
OOF,normal,N0545,0,13,0,0.0,0.0127000168920398,0.0014731741541518077,False,CLEAN_NORMAL,False,False,False,False,False,,,,0,0.0,43.936325439901886,31.09481605749106,False,CLEAN_NORMAL,BOTH_CLEAN,True
OOF,normal,N0548,0,41,0,0.0,0.0220409944218524,0.0008299295071776025,False,CLEAN_NORMAL,True,False,False,False,False,1.8232222472450468,0.0620081238338824,0.0,0,0.0,72.29632884476815,37.94274244630089,False,CLEAN_NORMAL,BOTH_CLEAN,True
OOF,normal,N0549,0,40,0,0.0,0.008949904111961,0.00061373554512094,False,CLEAN_NORMAL,True,True,False,False,False,0.7743477691928393,0.1577904774607264,0.0588235294119504,0,0.0,49.67260065098478,32.73953957633973,False,CLEAN_NORMAL,BOTH_CLEAN,True
OOF,normal,N0550,0,37,0,0.0,0.0061408393408255,0.0005825611610178433,False,CLEAN_NORMAL,True,True,False,False,False,1.8328288419965952,0.0972084901836822,0.0588235294119504,0,0.0,78.62274139489982,40.96042378264573,False,CLEAN_NORMAL,BOTH_CLEAN,True
OOF,normal,N0551,0,36,0,0.0,0.0157426265931281,0.0024283050988512887,False,CLEAN_NORMAL,True,False,False,False,False,1.89462745845936,0.0909227546006557,0.0,0,0.0,69.77743351124232,42.51705523651454,False,CLEAN_NORMAL,BOTH_CLEAN,True
OOF,normal,N0553,0,8,0,0.0,0.0033042110781058,0.000413026384763225,False,CLEAN_NORMAL,False,False,False,False,False,,,,0,0.0,65.86210608231436,33.5973750340284,False,CLEAN_NORMAL,BOTH_CLEAN,True
OOF,normal,N0555,0,41,0,0.0,0.0240412466608757,0.0017161771471955539,False,CLEAN_NORMAL,True,False,False,False,False,1.6371041843861418,0.1052542330103745,5.349968833955827e-13,0,0.0,80.24352632231724,35.67217975612319,False,CLEAN_NORMAL,BOTH_CLEAN,True
OOF,normal,N0556,0,41,0,0.0,0.0587600108922825,0.0034613195383829927,False,CLEAN_NORMAL,True,False,False,False,False,1.093125422671696,0.1105276545320438,0.0588235294114153,0,0.0,83.71433803810177,43.54481331101089,False,CLEAN_NORMAL,BOTH_CLEAN,True
OOF,normal,N0558,0,21,0,0.0,0.0210546483372627,0.0011445289263419,False,CLEAN_NORMAL,True,False,False,False,False,0.7018030426848271,0.0916486392047487,0.0,0,0.0,49.25443268590142,31.406281440568087,False,CLEAN_NORMAL,BOTH_CLEAN,True
OOF,normal,N0559,0,10,0,0.0,0.0031763285024154,0.0008970302222414999,False,CLEAN_NORMAL,False,False,False,False,False,,,,0,0.0,51.38886227888913,36.005045330412045,False,CLEAN_NORMAL,BOTH_CLEAN,True
OOF,normal,N0561,0,41,0,0.0,0.0200832726123323,0.002124455329362878,False,CLEAN_NORMAL,True,True,False,False,False,0.6977560857323255,0.1484007951704543,0.0588235294119504,0,0.0,95.98042203387166,46.557581114457456,False,CLEAN_NORMAL,BOTH_CLEAN,True
OOF,normal,N0563,0,35,0,0.0,0.0221727016846375,0.0022267183834306253,False,CLEAN_NORMAL,True,False,False,False,False,0.6753130141205724,0.0648643439016583,0.0588235294114153,0,0.0,65.10192141693341,38.8396782592315,False,CLEAN_NORMAL,BOTH_CLEAN,True
OOF,normal,N0564,0,21,0,0.0,0.0222193940482731,0.0015328450704066002,False,CLEAN_NORMAL,False,False,False,False,False,,,,0,0.0,58.06143267653181,34.53995679876299,False,CLEAN_NORMAL,BOTH_CLEAN,True
OOF,normal,N0565,0,9,0,0.0,0.015182896645815,0.0016869885162016666,False,CLEAN_NORMAL,False,False,False,False,False,,,,0,0.0,59.21676227040601,44.84455867459554,False,CLEAN_NORMAL,BOTH_CLEAN,True
OOF,normal,N0568,0,41,0,0.0,0.0216583908148744,0.0019676430807676146,False,CLEAN_NORMAL,True,False,False,False,False,0.8346675532529549,0.1237345879687774,0.0588235294114153,0,0.0,71.9603859741927,46.86961975728156,False,CLEAN_NORMAL,BOTH_CLEAN,True
OOF,normal,N0569,0,35,1,0.02857142857142857,0.344969805421748,0.12570612561122335,True,FALSE_ALARM_NORMAL,True,False,False,True,False,2.9314920565003217,0.0436742656754732,0.0,8,0.22857142857142856,238.67966652317227,118.15568352888081,True,FALSE_ALARM_NORMAL,BOTH_FP,True
OOF,normal,N0570,0,33,0,0.0,0.0120745237320329,0.0017133308161071848,False,CLEAN_NORMAL,True,False,False,False,False,0.3077583859976395,0.0704559818794954,5.349968833955827e-13,0,0.0,98.62708418500765,41.32224749391753,False,CLEAN_NORMAL,BOTH_CLEAN,True
OOF,normal,N0571,0,21,0,0.0,0.0182670980279313,0.004354947978765214,False,CLEAN_NORMAL,True,False,False,False,False,0.6049668062714183,0.1309189881733927,0.0,0,0.0,105.07308125841456,51.73899676811353,False,CLEAN_NORMAL,BOTH_CLEAN,True
OOF,normal,N0574,0,41,0,0.0,0.0061285835345022,0.00022507790235080732,False,CLEAN_NORMAL,True,False,False,False,False,0.5300444366740074,0.0674762805866581,0.0588235294114153,0,0.0,37.56076986595144,24.196919330157307,False,CLEAN_NORMAL,BOTH_CLEAN,True
OOF,normal,N0575,0,41,0,0.0,0.0256652706054662,0.003953357370750944,False,CLEAN_NORMAL,True,False,True,False,True,2.589533731252556,0.1085731872719692,0.0,0,0.0,133.388263519727,63.185639748130264,False,CLEAN_NORMAL,BOTH_CLEAN,True
OOF,normal,N0576,0,40,0,0.0,0.009515254537742,0.001008523063103,False,CLEAN_NORMAL,True,False,False,False,False,0.8108984438426313,0.0681474709178081,0.0,0,0.0,40.084593944059854,24.411729210740468,False,CLEAN_NORMAL,BOTH_CLEAN,True
OOF,normal,N0578,0,26,0,0.0,0.0349185196488316,0.005752989762935104,False,CLEAN_NORMAL,True,False,False,False,False,2.276055229859024,0.1569893931208725,0.0,0,0.0,51.52087770112249,35.202060790464444,False,CLEAN_NORMAL,BOTH_CLEAN,True
OOF,normal,N0579,0,15,0,0.0,0.0570751877622877,0.01115227531109104,False,CLEAN_NORMAL,False,False,False,False,False,,,,0,0.0,69.80414462805946,37.531866337184276,False,CLEAN_NORMAL,BOTH_CLEAN,True
OOF,normal,N0580,0,1,0,0.0,0.0,0.0,False,CLEAN_NORMAL,False,False,False,False,False,,,,0,0.0,37.48755713712249,37.48755713712249,False,CLEAN_NORMAL,BOTH_CLEAN,True
OOF,normal,N0581,0,41,0,0.0,0.0630872858659534,0.0031237919265966,False,CLEAN_NORMAL,True,False,False,False,False,0.7159120915960575,0.1558883775722608,0.0588235294114153,0,0.0,59.51202088349888,30.250190824374947,False,CLEAN_NORMAL,BOTH_CLEAN,True
OOF,normal,N0583,0,28,0,0.0,0.0,0.0,False,CLEAN_NORMAL,True,False,False,False,False,1.425529354072251,0.0516296627425224,0.0588235294114153,0,0.0,72.109757828787,41.722045971164825,False,CLEAN_NORMAL,BOTH_CLEAN,True
OOF,normal,N0584,0,16,0,0.0,0.0033229686124963,0.00039631435952040627,False,CLEAN_NORMAL,False,False,False,False,False,,,,0,0.0,34.90159862339253,23.391059197368527,False,CLEAN_NORMAL,BOTH_CLEAN,True
OOF,normal,N0585,0,2,0,0.0,0.0065201218303075,0.00326006091515375,False,CLEAN_NORMAL,False,False,False,False,False,,,,0,0.0,51.02518465154724,40.99406193762772,False,CLEAN_NORMAL,BOTH_CLEAN,True
OOF,normal,N0586,0,41,0,0.0,0.0228874095526661,0.0026480633637574074,False,CLEAN_NORMAL,True,False,False,False,False,1.8717508750521696,0.1139119150957118,0.0588235294114153,0,0.0,85.13382838056285,52.06492223613543,False,CLEAN_NORMAL,BOTH_CLEAN,True
OOF,normal,N0588,0,33,0,0.0,0.0400755852009887,0.005876675206037839,False,CLEAN_NORMAL,True,False,False,False,False,1.0067811807309044,0.1388559965719988,0.0588235294114153,1,0.030303030303030304,221.8726181990902,60.372280923777076,True,FALSE_ALARM_NORMAL,B_ONLY_FP,False
OOF,normal,N0589,0,20,0,0.0,0.0060329048822883,0.0007576136865277601,False,CLEAN_NORMAL,False,False,False,False,False,,,,0,0.0,96.4126267476516,62.00270382179285,False,CLEAN_NORMAL,BOTH_CLEAN,True
OOF,normal,N0590,0,9,0,0.0,0.0032963560925646,0.0016681570533945223,False,CLEAN_NORMAL,False,False,False,False,False,,,,0,0.0,41.21936241886449,32.417885225974544,False,CLEAN_NORMAL,BOTH_CLEAN,True
OOF,normal,N0593,0,37,0,0.0,0.1097611741094165,0.015724868516049074,False,CLEAN_NORMAL,True,False,False,False,False,1.7647690272791836,0.0881955489524124,0.0588235294114153,0,0.0,102.920785743023,70.8141719240331,False,CLEAN_NORMAL,BOTH_CLEAN,True
OOF,normal,N0594,0,26,0,0.0,0.0247812898950336,0.0022392588721664272,False,CLEAN_NORMAL,True,False,False,False,False,0.297932272039147,0.0666011221337827,0.0,0,0.0,101.80825932027108,54.13767727228906,False,CLEAN_NORMAL,BOTH_CLEAN,True
OOF,normal,N0595,0,13,0,0.0,0.0030312049927988,0.0002331696148306769,False,CLEAN_NORMAL,False,False,False,False,False,,,,0,0.0,31.966572916968243,23.158056740497116,False,CLEAN_NORMAL,BOTH_CLEAN,True
OOF,normal,N0598,0,35,0,0.0,0.0696958177560912,0.008206867548658172,False,CLEAN_NORMAL,True,False,False,False,False,0.7730490736420157,0.0490923317244464,0.0,1,0.02857142857142857,169.63234145377234,68.8057895686388,True,FALSE_ALARM_NORMAL,B_ONLY_FP,False
TEST,abnormal,A0002,1,38,38,1.0,0.9996875637300124,0.9256236618249039,True,DETECTED_ABNORMAL,False,False,False,False,False,,,,38,1.0,11202.01508248102,6944.45298792798,True,DETECTED_ABNORMAL,BOTH_DETECT,True
TEST,abnormal,A0007,1,31,31,1.0,0.9500056043610716,0.8076099891902471,True,DETECTED_ABNORMAL,False,False,False,False,False,,,,31,1.0,15007.464039513252,5068.220796653395,True,DETECTED_ABNORMAL,BOTH_DETECT,True
TEST,abnormal,A0012,1,33,33,1.0,0.9984457093981104,0.9555828948508448,True,DETECTED_ABNORMAL,True,True,True,True,True,24.66145967318897,1.5835543600122586,0.1176470588235831,33,1.0,16189.960429276807,5810.977220123384,True,DETECTED_ABNORMAL,BOTH_DETECT,True
TEST,abnormal,A0017,1,27,27,1.0,0.9997354467205828,0.8631623911986656,True,DETECTED_ABNORMAL,True,False,True,True,True,19.73058772133836,1.0329246411037012,0.0588235294116327,27,1.0,27480.305276860192,9379.039904941372,True,DETECTED_ABNORMAL,BOTH_DETECT,True
TEST,normal,N0002,0,15,0,0.0,0.0033264962067996,0.0010585347868494333,False,CLEAN_NORMAL,False,False,False,False,False,,,,0,0.0,48.64702260432813,35.235203480115196,False,CLEAN_NORMAL,BOTH_CLEAN,True
TEST,normal,N0007,0,32,0,0.0,0.0092481093528416,0.0014505810716977626,False,CLEAN_NORMAL,True,False,False,False,False,1.5338133011370496,0.107820669466141,1.0867124193972773e-13,0,0.0,99.35431243438885,51.968145451876126,False,CLEAN_NORMAL,BOTH_CLEAN,True
TEST,normal,N0012,0,31,0,0.0,0.0230321853859939,0.001544412054410742,False,CLEAN_NORMAL,True,False,False,False,False,1.1902046688654486,0.1069011474743459,1.0031191563667174e-13,0,0.0,53.426069486837896,33.98256477544207,False,CLEAN_NORMAL,BOTH_CLEAN,True
TEST,normal,N0017,0,27,0,0.0,0.0415756331741942,0.003001412798053104,False,CLEAN_NORMAL,False,False,False,False,False,,,,0,0.0,140.9815246127216,56.3465228397885,False,CLEAN_NORMAL,BOTH_CLEAN,True
TEST,normal,N0022,0,41,0,0.0,0.031495625773087,0.005802727229356122,False,CLEAN_NORMAL,True,False,False,False,False,0.7535606962832966,0.0472529555634658,1.0031191563667174e-13,0,0.0,52.84851151798586,30.310217895713212,False,CLEAN_NORMAL,BOTH_CLEAN,True
TEST,normal,N0027,0,41,0,0.0,0.0126421405342466,0.0019326713325621464,False,CLEAN_NORMAL,True,False,False,False,False,1.0393811078419766,0.0570740886052793,1.170305682427837e-13,1,0.024390243902439025,141.9580142707595,56.677721686255154,True,FALSE_ALARM_NORMAL,B_ONLY_FP,False
TEST,normal,N0037,0,15,0,0.0,0.0314308641096992,0.008188861695204965,False,CLEAN_NORMAL,False,False,False,False,False,,,,0,0.0,97.23944575808105,59.84971470213131,False,CLEAN_NORMAL,BOTH_CLEAN,True
TEST,normal,N0042,0,41,0,0.0,0.0284378239364321,0.0028494778822566805,False,CLEAN_NORMAL,True,False,False,False,False,0.9795658035011392,0.0592896353263013,0.0588235294116494,0,0.0,109.3936030421954,59.981280921050114,False,CLEAN_NORMAL,BOTH_CLEAN,True
TEST,normal,N0047,0,41,0,0.0,0.0155499835891331,0.0007589055315725683,False,CLEAN_NORMAL,True,False,False,False,False,1.150381250432177,0.1582892008732428,0.058823529411616,0,0.0,54.39892437623166,28.863566973677052,False,CLEAN_NORMAL,BOTH_CLEAN,True
TEST,normal,N0052,0,41,3,0.07317073170731707,0.4617738036415716,0.142815523729578,True,FALSE_ALARM_NORMAL,True,False,False,True,False,3.063639954011097,0.0752208166953635,1.337492208488957e-13,12,0.2926829268292683,225.5125230832828,114.46170592722237,True,FALSE_ALARM_NORMAL,BOTH_FP,True
TEST,normal,N0057,0,41,0,0.0,0.0408115697378259,0.004027685095665671,False,CLEAN_NORMAL,True,False,False,False,False,1.2096450236621477,0.119122468154986,0.058823529411616,0,0.0,44.97200074099021,26.516278451207615,False,CLEAN_NORMAL,BOTH_CLEAN,True
TEST,normal,N0062,0,41,0,0.0,0.0149288017977852,0.0010591780036564439,False,CLEAN_NORMAL,True,False,False,False,False,1.4798725215185493,0.1162753606200017,1.337492208488957e-13,0,0.0,114.89168306331864,56.63835247980112,False,CLEAN_NORMAL,BOTH_CLEAN,True
TEST,normal,N0067,0,41,3,0.07317073170731707,0.4182587528039569,0.08210037867855483,True,FALSE_ALARM_NORMAL,True,False,False,True,False,3.1240434703832216,0.0684402837650549,1.0031191563667174e-13,10,0.24390243902439024,239.39843050811768,99.51177742279032,True,FALSE_ALARM_NORMAL,BOTH_FP,True
TEST,normal,N0072,0,41,0,0.0,0.0124642452248408,0.0023648179889735536,False,CLEAN_NORMAL,True,False,False,False,False,1.2940438060400627,0.1194200823621855,0.058823529411616,0,0.0,89.69945782299716,48.75460360700199,False,CLEAN_NORMAL,BOTH_CLEAN,True
TEST,normal,N0077,0,3,0,0.0,0.0,0.0,False,CLEAN_NORMAL,False,False,False,False,False,,,,0,0.0,47.98257477994698,37.0242717132294,False,CLEAN_NORMAL,BOTH_CLEAN,True
TEST,normal,N0082,0,7,0,0.0,0.0,0.0,False,CLEAN_NORMAL,False,False,False,False,False,,,,0,0.0,52.57218510733576,42.32028560207318,False,CLEAN_NORMAL,BOTH_CLEAN,True
TEST,normal,N0087,0,14,0,0.0,0.0576748359227892,0.013983525319132136,False,CLEAN_NORMAL,False,False,False,False,False,,,,4,0.2857142857142857,187.95158631195264,122.48014285755882,True,FALSE_ALARM_NORMAL,B_ONLY_FP,False
TEST,normal,N0092,0,14,0,0.0,0.0032017199881007,0.0002286942848643357,False,CLEAN_NORMAL,False,False,False,False,False,,,,0,0.0,77.66393336341105,44.39507594434548,False,CLEAN_NORMAL,BOTH_CLEAN,True
TEST,normal,N0097,0,16,0,0.0,0.0570053787980486,0.003956917582190638,False,CLEAN_NORMAL,False,False,False,False,False,,,,0,0.0,62.365217345393326,39.38267008932426,False,CLEAN_NORMAL,BOTH_CLEAN,True
TEST,normal,N0102,0,36,0,0.0,0.0091420767051938,0.0002539465751442722,False,CLEAN_NORMAL,True,False,False,False,False,1.3189807028027152,0.1268411439600039,6.687461042444783e-14,0,0.0,32.39925295652065,21.663820250234565,False,CLEAN_NORMAL,BOTH_CLEAN,True
TEST,normal,N0107,0,41,0,0.0,0.0325263287139798,0.004466341632660285,False,CLEAN_NORMAL,True,False,False,False,False,0.3342222074016627,0.0493233040996551,0.058823529411616,0,0.0,76.92392294347319,40.114800503315124,False,CLEAN_NORMAL,BOTH_CLEAN,True
TEST,normal,N0112,0,41,0,0.0,0.032496630186128,0.004845628502946069,False,CLEAN_NORMAL,True,False,False,False,False,0.5885818223054525,0.059592775765616,0.0588235294116828,1,0.024390243902439025,186.57700729415907,72.14158319601897,True,FALSE_ALARM_NORMAL,B_ONLY_FP,False
TEST,normal,N0117,0,8,0,0.0,0.003308961537384,0.000413620192173,False,CLEAN_NORMAL,False,False,False,False,False,,,,0,0.0,61.71395161748684,40.82087209215708,False,CLEAN_NORMAL,BOTH_CLEAN,True
TEST,normal,N0122,0,20,0,0.0,0.0192365813752636,0.004560253070282065,False,CLEAN_NORMAL,False,False,False,False,False,,,,1,0.05,145.2648289087418,85.80972300957735,True,FALSE_ALARM_NORMAL,B_ONLY_FP,False
TEST,normal,N0127,0,39,0,0.0,0.1416373686386707,0.02602226181220139,False,CLEAN_NORMAL,True,False,False,True,False,3.986064903025059,0.0854243229916123,0.058823529411616,0,0.0,86.78041927771304,43.023502345720395,False,CLEAN_NORMAL,BOTH_CLEAN,True
TEST,normal,N0132,0,40,0,0.0,0.0619834137501844,0.004170823837986322,False,CLEAN_NORMAL,True,False,False,False,False,1.3741553781852949,0.0403853420792144,1.337492208488957e-13,0,0.0,68.33233019572356,30.704872149015518,False,CLEAN_NORMAL,BOTH_CLEAN,True
TEST,normal,N0137,0,39,0,0.0,0.0627642663129098,0.010329576971986774,False,CLEAN_NORMAL,True,False,False,False,False,0.6532742975299406,0.100828983737077,1.337492208488957e-13,0,0.0,96.7039755147482,55.78966865939363,False,CLEAN_NORMAL,BOTH_CLEAN,True
TEST,normal,N0147,0,17,0,0.0,0.0762422590131576,0.016403269419537764,False,CLEAN_NORMAL,False,False,False,False,False,,,,0,0.0,112.84732629547328,55.32631334730706,False,CLEAN_NORMAL,BOTH_CLEAN,True
TEST,normal,N0152,0,41,0,0.0,0.0248072715215388,0.0015726672348651072,False,CLEAN_NORMAL,True,False,False,False,False,0.6422576323658192,0.1234880767402665,1.337492208488957e-13,0,0.0,59.15769233937777,38.116624539116586,False,CLEAN_NORMAL,BOTH_CLEAN,True
TEST,normal,N0162,0,4,0,0.0,0.0093077842520686,0.003977429604940375,False,CLEAN_NORMAL,False,False,False,False,False,,,,0,0.0,55.82193799926924,40.45182683741423,False,CLEAN_NORMAL,BOTH_CLEAN,True
TEST,normal,N0167,0,10,0,0.0,0.2293666873730347,0.11919382944322854,False,CLEAN_NORMAL,False,False,False,False,False,,,,2,0.2,158.23290392133583,116.32963771899055,True,FALSE_ALARM_NORMAL,B_ONLY_FP,False
TEST,normal,N0172,0,17,0,0.0,0.0064752178552676,0.0013059491784222412,False,CLEAN_NORMAL,False,False,False,False,False,,,,0,0.0,65.20045078878313,46.100014295744664,False,CLEAN_NORMAL,BOTH_CLEAN,True
TEST,normal,N0177,0,37,0,0.0,0.0541237029110486,0.011857242307454049,False,CLEAN_NORMAL,True,False,False,False,False,1.4115770216226435,0.049240970528709,0.0588235294116828,0,0.0,130.0727268632841,65.29968103213524,False,CLEAN_NORMAL,BOTH_CLEAN,True
TEST,normal,N0182,0,38,0,0.0,0.0474236957246265,0.005877073538437489,False,CLEAN_NORMAL,True,False,False,False,False,1.009351699866854,0.1111221743837644,0.0588235294116828,0,0.0,59.489097288978265,30.49688053811944,False,CLEAN_NORMAL,BOTH_CLEAN,True
TEST,normal,N0187,0,41,0,0.0,0.0212943331949817,0.0024300980599841096,False,CLEAN_NORMAL,True,False,False,False,False,0.5789733923328235,0.1093165658687739,0.0588235294116828,0,0.0,129.3787369579684,46.15187460497303,False,CLEAN_NORMAL,BOTH_CLEAN,True
TEST,normal,N0192,0,41,0,0.0,0.0398270141150894,0.006035316413551414,False,CLEAN_NORMAL,True,False,False,False,False,0.746858453338938,0.0550455238663753,1.337492208488957e-13,1,0.024390243902439025,145.55793423983295,69.79512454231482,True,FALSE_ALARM_NORMAL,B_ONLY_FP,False
TEST,normal,N0207,0,3,0,0.0,0.0,0.0,False,CLEAN_NORMAL,False,False,False,False,False,,,,0,0.0,55.9565306528106,49.036657531531205,False,CLEAN_NORMAL,BOTH_CLEAN,True
TEST,normal,N0212,0,29,0,0.0,0.0159063170571981,0.00230293805466611,False,CLEAN_NORMAL,True,False,False,False,False,1.3543089590327095,0.1641471787783394,1.337492208488957e-13,0,0.0,95.09825249427509,53.184742499046344,False,CLEAN_NORMAL,BOTH_CLEAN,True
TEST,normal,N0217,0,41,0,0.0,0.0404069509682841,0.005711973711124951,False,CLEAN_NORMAL,True,False,False,True,False,2.606749773799373,0.0651417930535366,1.337492208488957e-13,0,0.0,57.54960578110804,32.43383778020356,False,CLEAN_NORMAL,BOTH_CLEAN,True
TEST,normal,N0222,0,41,0,0.0,0.0092675729505722,0.0004514136356600732,False,CLEAN_NORMAL,True,False,False,False,False,1.2286380625455422,0.1480453240798746,1.337492208488957e-13,0,0.0,51.305901522292814,24.76244176929277,False,CLEAN_NORMAL,BOTH_CLEAN,True
TEST,normal,N0227,0,41,0,0.0,0.031032000590174,0.002887423695124385,False,CLEAN_NORMAL,True,False,False,False,False,0.3688661616823755,0.0431187468474468,1.337492208488957e-13,0,0.0,132.47227985517594,61.10255452188713,False,CLEAN_NORMAL,BOTH_CLEAN,True
TEST,normal,N0237,0,6,0,0.0,0.0032746695411233,0.0010319150102530165,False,CLEAN_NORMAL,False,False,False,False,False,,,,0,0.0,33.62462242957666,28.100602323555844,False,CLEAN_NORMAL,BOTH_CLEAN,True
TEST,normal,N0242,0,20,0,0.0,0.0781015459154672,0.006274033474674303,False,CLEAN_NORMAL,False,False,False,False,False,,,,0,0.0,116.20794829605484,36.96609865007666,False,CLEAN_NORMAL,BOTH_CLEAN,True
TEST,normal,N0247,0,41,0,0.0,0.0290450125611947,0.004567730080512063,False,CLEAN_NORMAL,True,False,False,False,False,1.4151808615910964,0.1398729854261728,0.0588235294116828,0,0.0,103.2006301496012,41.67994275176304,False,CLEAN_NORMAL,BOTH_CLEAN,True
TEST,normal,N0252,0,41,0,0.0,0.0975993214632028,0.010069536333600982,False,CLEAN_NORMAL,True,False,True,False,False,0.9665845515757252,0.074318703383431,0.0588235294116828,0,0.0,122.10380571789604,47.4638028513443,False,CLEAN_NORMAL,BOTH_CLEAN,True
TEST,normal,N0257,0,41,0,0.0,0.0248623875419958,0.0010698842766227975,False,CLEAN_NORMAL,True,False,False,False,False,0.3168967023299234,0.055502257934199,1.337492208488957e-13,0,0.0,67.0983695088449,40.488689360424786,False,CLEAN_NORMAL,BOTH_CLEAN,True
TEST,normal,N0267,0,17,0,0.0,0.0121996008059028,0.0007176235768178119,False,CLEAN_NORMAL,False,False,False,False,False,,,,0,0.0,75.01858346234718,36.948647907174895,False,CLEAN_NORMAL,BOTH_CLEAN,True
TEST,normal,N0272,0,34,0,0.0,0.0970774647698999,0.004869118276004067,False,CLEAN_NORMAL,True,False,False,False,False,1.399868886218958,0.0926349802591578,0.0,0,0.0,67.99380242110433,44.94019881927501,False,CLEAN_NORMAL,BOTH_CLEAN,True
TEST,normal,N0277,0,12,0,0.0,0.0088790733138308,0.0010037703656049083,False,CLEAN_NORMAL,False,False,False,False,False,,,,0,0.0,66.14920611240365,41.03823141713864,False,CLEAN_NORMAL,BOTH_CLEAN,True
TEST,normal,N0282,0,24,0,0.0,0.0317110473943812,0.006856638490106692,False,CLEAN_NORMAL,False,False,False,False,False,,,,1,0.041666666666666664,158.86730885396034,57.356886350222645,True,FALSE_ALARM_NORMAL,B_ONLY_FP,False
TEST,normal,N0287,0,41,0,0.0,0.0696860263317068,0.0034224573027952735,False,CLEAN_NORMAL,True,False,False,False,True,0.4325633022858673,0.2505649065596964,0.0588235294116828,0,0.0,49.95848818357348,28.98163115039858,False,CLEAN_NORMAL,BOTH_CLEAN,True
TEST,normal,N0292,0,41,0,0.0,0.0064305317056541,0.0006744166185030464,False,CLEAN_NORMAL,True,False,False,False,False,1.05657563350259,0.1715740979298172,0.0588235294116828,0,0.0,107.8371108779694,50.51874020393683,False,CLEAN_NORMAL,BOTH_CLEAN,True
TEST,normal,N0307,0,14,0,0.0,0.0258811147498447,0.0020846830170124144,False,CLEAN_NORMAL,False,False,False,False,False,,,,0,0.0,48.90822776865525,31.510896661020208,False,CLEAN_NORMAL,BOTH_CLEAN,True
TEST,normal,N0312,0,15,0,0.0,0.0121351112715564,0.0021207887422672062,False,CLEAN_NORMAL,False,False,False,False,False,,,,0,0.0,64.61929536928353,46.534089954580075,False,CLEAN_NORMAL,BOTH_CLEAN,True
TEST,normal,N0317,0,33,0,0.0,0.0686140231366998,0.0039474214970597575,False,CLEAN_NORMAL,True,False,False,False,False,0.2314625660282436,0.1417535466836688,0.0588235294116828,0,0.0,62.290443446216045,37.644316913267254,False,CLEAN_NORMAL,BOTH_CLEAN,True
TEST,normal,N0322,0,41,0,0.0,0.0188353743825642,0.0015264197131398586,False,CLEAN_NORMAL,True,False,False,False,False,0.6954148074181256,0.0941909168522772,2.6749844169779134e-13,0,0.0,91.7975881921242,49.242223361973835,False,CLEAN_NORMAL,BOTH_CLEAN,True
TEST,normal,N0332,0,5,0,0.0,0.0128285376313689,0.00560818900721498,False,CLEAN_NORMAL,False,False,False,False,False,,,,0,0.0,98.33765129430898,71.88159592325066,False,CLEAN_NORMAL,BOTH_CLEAN,True
TEST,normal,N0337,0,23,0,0.0,0.0251397054094659,0.002837204053676804,False,CLEAN_NORMAL,False,False,False,False,False,,,,0,0.0,94.50834198373862,60.890930150311306,False,CLEAN_NORMAL,BOTH_CLEAN,True
TEST,normal,N0342,0,36,0,0.0,0.0279189214835288,0.0028059206155049087,False,CLEAN_NORMAL,True,False,False,False,False,1.065763608867193,0.1058360179810264,0.0,0,0.0,110.09733015598134,59.58497976611198,False,CLEAN_NORMAL,BOTH_CLEAN,True
TEST,normal,N0347,0,41,0,0.0,0.1025905681669647,0.006755953732045997,False,CLEAN_NORMAL,True,False,False,False,True,0.5354138503453802,0.0302312619190623,0.0,0,0.0,66.14634935837596,33.37662367819754,False,CLEAN_NORMAL,BOTH_CLEAN,True
TEST,normal,N0357,0,11,0,0.0,0.025384553683261,0.0051211346002796995,False,CLEAN_NORMAL,False,False,False,False,False,,,,0,0.0,96.08202428255206,70.9300966399937,False,CLEAN_NORMAL,BOTH_CLEAN,True
TEST,normal,N0362,0,25,0,0.0,0.0368248480316813,0.002956002453600432,False,CLEAN_NORMAL,True,False,False,False,False,0.8625598080948743,0.0619113802501267,0.0588235294116828,0,0.0,79.46818797269725,39.630204356989005,False,CLEAN_NORMAL,BOTH_CLEAN,True
TEST,normal,N0367,0,28,0,0.0,0.0243947660504592,0.0017634289210459967,False,CLEAN_NORMAL,True,False,False,False,False,0.3466210573229495,0.124817125053433,0.0,0,0.0,62.46024889850328,37.32694775882566,False,CLEAN_NORMAL,BOTH_CLEAN,True
TEST,normal,N0372,0,41,0,0.0,0.0186789052167542,0.001746241594716239,False,CLEAN_NORMAL,True,False,False,False,False,0.574836659245998,0.1336059669240425,0.0588235294116828,0,0.0,59.600746153242206,35.35472095598871,False,CLEAN_NORMAL,BOTH_CLEAN,True
TEST,normal,N0377,0,41,0,0.0,0.0748414574247818,0.004983319158655242,False,CLEAN_NORMAL,True,False,False,False,False,0.9603882811030886,0.0958791170519566,2.6749844169779134e-13,0,0.0,108.5899321863741,49.780586013703406,False,CLEAN_NORMAL,BOTH_CLEAN,True
TEST,normal,N0387,0,8,0,0.0,0.0094911188013237,0.0027810602001246626,False,CLEAN_NORMAL,False,False,False,False,False,,,,0,0.0,40.579633052660064,30.68513862968907,False,CLEAN_NORMAL,BOTH_CLEAN,True
TEST,normal,N0392,0,16,0,0.0,0.0220555758126693,0.0025203806629639624,False,CLEAN_NORMAL,False,False,False,False,False,,,,0,0.0,65.31621990003204,39.71016183814138,False,CLEAN_NORMAL,BOTH_CLEAN,True
TEST,normal,N0397,0,23,0,0.0,0.0402528553625779,0.0036306186124636652,False,CLEAN_NORMAL,True,False,False,False,False,2.6000292128085256,0.041028597628703,2.6749844169779134e-13,0,0.0,83.70951123046366,46.18110403711506,False,CLEAN_NORMAL,BOTH_CLEAN,True
TEST,normal,N0402,0,25,0,0.0,0.0154672722208794,0.002271353612220188,False,CLEAN_NORMAL,True,False,False,True,False,0.1506482316662868,0.1219542669311046,2.6749844169779134e-13,1,0.04,145.49044772259202,69.14918402243312,True,FALSE_ALARM_NORMAL,B_ONLY_FP,False
TEST,normal,N0407,0,29,0,0.0,0.019092076956533,0.0023078984914695656,False,CLEAN_NORMAL,True,False,False,False,False,1.3401112270002404,0.0745728740474794,2.6749844169779134e-13,0,0.0,62.709735592255456,41.77866810780797,False,CLEAN_NORMAL,BOTH_CLEAN,True
TEST,normal,N0412,0,31,0,0.0,0.018614012259892,0.0013766998432725806,False,CLEAN_NORMAL,True,False,False,False,False,1.0328117767086322,0.0493903810257846,0.0588235294116828,0,0.0,100.8678315778193,48.340811208446986,False,CLEAN_NORMAL,BOTH_CLEAN,True
TEST,normal,N0417,0,41,0,0.0,0.0033333333333333,0.00016000575534034635,False,CLEAN_NORMAL,True,False,False,False,False,0.3017164015197613,0.0937736738558144,0.0588235294114153,0,0.0,54.110871893374615,27.137726294713985,False,CLEAN_NORMAL,BOTH_CLEAN,True
TEST,normal,N0422,0,41,0,0.0,0.1106065889574853,0.016562208481595907,False,CLEAN_NORMAL,True,False,False,False,False,2.5268929853016893,0.1245224607536189,2.6749844169779134e-13,5,0.12195121951219512,186.13953369211643,95.5504580413628,True,FALSE_ALARM_NORMAL,B_ONLY_FP,False
TEST,normal,N0427,0,41,0,0.0,0.0032790463166328,7.997673943006829e-05,False,CLEAN_NORMAL,True,False,False,False,False,0.7382185460120148,0.0596161874310293,2.6749844169779134e-13,0,0.0,85.6791679970217,47.170502344787124,False,CLEAN_NORMAL,BOTH_CLEAN,True
TEST,normal,N0432,0,2,0,0.0,0.0063584158627463,0.00317920793137315,False,CLEAN_NORMAL,False,False,False,False,False,,,,0,0.0,51.15129285776758,47.04302595044956,False,CLEAN_NORMAL,BOTH_CLEAN,True
TEST,normal,N0437,0,1,0,0.0,0.1442094213138186,0.1442094213138186,False,CLEAN_NORMAL,False,False,False,False,False,,,,0,0.0,88.06831973661015,88.06831973661015,False,CLEAN_NORMAL,BOTH_CLEAN,True
TEST,normal,N0447,0,12,0,0.0,0.0061283045984495,0.0007558926175857333,False,CLEAN_NORMAL,False,False,False,False,False,,,,0,0.0,74.56508424808874,45.417393535057556,False,CLEAN_NORMAL,BOTH_CLEAN,True
TEST,normal,N0452,0,15,0,0.0,0.0663023639082702,0.017013828346562503,False,CLEAN_NORMAL,False,False,False,False,False,,,,0,0.0,93.1150661750564,57.242431133632074,False,CLEAN_NORMAL,BOTH_CLEAN,True
TEST,normal,N0457,0,18,0,0.0,0.0177748735411482,0.0025674514736692333,False,CLEAN_NORMAL,False,False,False,False,False,,,,0,0.0,52.003820872642365,33.04086206535967,False,CLEAN_NORMAL,BOTH_CLEAN,True
TEST,normal,N0462,0,25,0,0.0,0.2307683347924306,0.03893858433672516,False,CLEAN_NORMAL,False,False,False,False,False,,,,0,0.0,113.99284024559692,47.08014339589065,False,CLEAN_NORMAL,BOTH_CLEAN,True
TEST,normal,N0467,0,40,0,0.0,0.0215279419510862,0.00168941966629309,False,CLEAN_NORMAL,True,False,False,False,False,1.4990466084149818,0.1544579319266061,2.6749844169779134e-13,0,0.0,94.72725781400914,48.6928426229705,False,CLEAN_NORMAL,BOTH_CLEAN,True
TEST,normal,N0472,0,41,0,0.0,0.0362090372485744,0.007843692546181499,False,CLEAN_NORMAL,True,False,False,False,False,2.031932297461734,0.0781568814597727,2.6749844169779134e-13,0,0.0,133.19939445987757,63.73106482470716,False,CLEAN_NORMAL,BOTH_CLEAN,True
TEST,normal,N0477,0,41,0,0.0,0.009193872336558,0.0005219527086218537,False,CLEAN_NORMAL,True,False,False,False,False,0.9364141075294948,0.118267094046078,0.0588235294116828,0,0.0,72.16978921745572,36.22392571274922,False,CLEAN_NORMAL,BOTH_CLEAN,True
TEST,normal,N0482,0,41,0,0.0,0.0898814248548356,0.02301671528450605,False,CLEAN_NORMAL,True,False,False,False,False,2.1681730764841927,0.0764768654286309,0.0,2,0.04878048780487805,164.12156666675585,63.569197826981345,True,FALSE_ALARM_NORMAL,B_ONLY_FP,False
TEST,normal,N0487,0,26,0,0.0,0.0188400437180248,0.0014238922567947115,False,CLEAN_NORMAL,True,False,False,False,False,0.8724813764720534,0.1592680079296478,2.6749844169779134e-13,0,0.0,72.2791386483542,39.633396407845375,False,CLEAN_NORMAL,BOTH_CLEAN,True
TEST,normal,N0492,0,41,0,0.0,0.0365184777425544,0.007874974609453932,False,CLEAN_NORMAL,True,False,False,False,False,0.5921933071110363,0.0570034489558901,0.0588235294116828,0,0.0,131.91834168830974,58.80771070005384,False,CLEAN_NORMAL,BOTH_CLEAN,True
TEST,normal,N0497,0,41,0,0.0,0.0,0.0,False,CLEAN_NORMAL,True,False,False,False,False,0.956654556909632,0.0709461083951479,0.0,0,0.0,53.11083372771697,30.301229942547497,False,CLEAN_NORMAL,BOTH_CLEAN,True
TEST,normal,N0502,0,2,0,0.0,0.0,0.0,False,CLEAN_NORMAL,False,False,False,False,False,,,,0,0.0,30.57293574501411,26.66900610051196,False,CLEAN_NORMAL,BOTH_CLEAN,True
TEST,normal,N0507,0,18,0,0.0,0.0033333333333333,0.0007093307335465556,False,CLEAN_NORMAL,False,False,False,False,False,,,,0,0.0,63.88927681437543,36.63560373653543,False,CLEAN_NORMAL,BOTH_CLEAN,True
TEST,normal,N0512,0,17,0,0.0,0.0032833791246912,0.0005535232971756882,False,CLEAN_NORMAL,False,False,False,False,False,,,,0,0.0,37.77109127890551,27.660719202093144,False,CLEAN_NORMAL,BOTH_CLEAN,True
TEST,normal,N0517,0,16,0,0.0,0.0554863000342372,0.006392037267834656,False,CLEAN_NORMAL,False,False,False,False,False,,,,0,0.0,61.61444392050304,38.845810143810574,False,CLEAN_NORMAL,BOTH_CLEAN,True
TEST,normal,N0522,0,16,0,0.0,0.0,0.0,False,CLEAN_NORMAL,False,False,False,False,False,,,,0,0.0,37.07514327009432,25.677055300068396,False,CLEAN_NORMAL,BOTH_CLEAN,True
TEST,normal,N0527,0,27,0,0.0,0.0065289409532004,0.0010734997807349926,False,CLEAN_NORMAL,False,False,False,False,False,,,,0,0.0,119.71891703883288,40.186769528524174,False,CLEAN_NORMAL,BOTH_CLEAN,True
TEST,normal,N0532,0,41,0,0.0,0.1203240816200442,0.020085196537701647,False,CLEAN_NORMAL,True,False,False,False,False,1.9969085447807653,0.0711110801002321,2.6749844169779134e-13,0,0.0,95.53503046840684,48.30847971907392,False,CLEAN_NORMAL,BOTH_CLEAN,True
TEST,normal,N0537,0,41,0,0.0,0.0091494304365574,0.0010622688436037414,False,CLEAN_NORMAL,True,False,False,False,False,1.4970319977927282,0.1341645588144113,0.0,0,0.0,67.23856644362662,32.31242112169332,False,CLEAN_NORMAL,BOTH_CLEAN,True
TEST,normal,N0542,0,41,0,0.0,0.074725286824783,0.007883783097168988,False,CLEAN_NORMAL,True,True,False,False,False,1.641786622349379,0.1555185832823645,0.0588235294119504,0,0.0,71.59619358880504,39.218094756775265,False,CLEAN_NORMAL,BOTH_CLEAN,True
TEST,normal,N0552,0,22,0,0.0,0.0152790434327699,0.002721642986882932,False,CLEAN_NORMAL,False,False,False,False,False,,,,0,0.0,72.47367834811556,38.39750959499141,False,CLEAN_NORMAL,BOTH_CLEAN,True
TEST,normal,N0557,0,36,0,0.0,0.0182616094243118,0.0015448320655791195,False,CLEAN_NORMAL,True,False,False,False,False,1.6805349353981776,0.0819849878402218,0.0,1,0.027777777777777776,175.05086162958378,48.88005295178993,True,FALSE_ALARM_NORMAL,B_ONLY_FP,False
TEST,normal,N0562,0,41,0,0.0,0.0187755945052376,0.001610561171976446,False,CLEAN_NORMAL,True,False,False,False,False,0.886681350389762,0.1397347274906662,0.0,0,0.0,113.74789470395046,52.92582930007503,False,CLEAN_NORMAL,BOTH_CLEAN,True
TEST,normal,N0567,0,41,0,0.0,0.0159872121956541,0.0012424433696154853,False,CLEAN_NORMAL,True,False,False,False,False,2.431480498867177,0.1532993564956218,0.0,0,0.0,68.53595722754665,38.721458003681235,False,CLEAN_NORMAL,BOTH_CLEAN,True
TEST,normal,N0572,0,11,0,0.0,0.0158215791576918,0.002309351235743164,False,CLEAN_NORMAL,False,False,False,False,False,,,,0,0.0,41.89534897080401,27.072727705959803,False,CLEAN_NORMAL,BOTH_CLEAN,True
TEST,normal,N0577,0,26,0,0.0,0.0190178023471802,0.005404131809789165,False,CLEAN_NORMAL,False,False,False,False,False,,,,0,0.0,110.89974155365384,64.08692980872765,False,CLEAN_NORMAL,BOTH_CLEAN,True
TEST,normal,N0582,0,41,0,0.0,0.0363275346571243,0.0036410534043248904,False,CLEAN_NORMAL,True,False,False,False,False,2.418620245941044,0.1047219884880981,0.0,1,0.024390243902439025,142.47756329381977,54.275845319322386,True,FALSE_ALARM_NORMAL,B_ONLY_FP,False
TEST,normal,N0587,0,41,0,0.0,0.0866640427341669,0.0042695590936252265,False,CLEAN_NORMAL,True,False,False,False,False,0.8733545648524851,0.1335096010236841,5.349968833955827e-13,0,0.0,38.65586456225167,24.44161129692815,False,CLEAN_NORMAL,BOTH_CLEAN,True
TEST,normal,N0592,0,41,0,0.0,0.0503320525369416,0.008890878157199373,False,CLEAN_NORMAL,True,False,False,False,False,1.157456557309032,0.0533666248976208,0.0588235294114153,0,0.0,55.40708619569897,33.960816069563656,False,CLEAN_NORMAL,BOTH_CLEAN,True
TEST,normal,N0597,0,41,0,0.0,0.015274522428068,0.0005296712078848317,False,CLEAN_NORMAL,True,False,False,False,False,1.6400897614093115,0.0795810135064481,0.0588235294114153,0,0.0,97.02011142147477,42.739034349390764,False,CLEAN_NORMAL,BOTH_CLEAN,True
