source,label,segment_id,cycle_id,cycle_start_sec,cycle_end_sec,cycle_duration,n_samples_cycle,AI0_Vibration_mean,AI0_Vibration_std,AI0_Vibration_rms,AI0_Vibration_ptp,AI0_Vibration_peak,AI0_Vibration_mean_abs,AI0_Vibration_energy,AI0_Vibration_crest_factor,AI0_Vibration_kurtosis,AI1_Vibration_mean,AI1_Vibration_std,AI1_Vibration_rms,AI1_Vibration_ptp,AI1_Vibration_peak,AI1_Vibration_mean_abs,AI1_Vibration_energy,AI1_Vibration_crest_factor,AI1_Vibration_kurtosis,AI2_Current_mean,AI2_Current_std,AI2_Current_rms,AI2_Current_ptp,AI2_Current_peak,AI2_Current_mean_abs,AI2_Current_energy,AI2_Current_crest_factor,AI2_Current_kurtosis,vibration_normalized_difference,vibration_log_ratio,AI0_Vibration_phase_A_rms,AI0_Vibration_phase_A_std,AI0_Vibration_phase_A_ptp,AI0_Vibration_phase_A_mean_abs,AI0_Vibration_phase_A_rms_ratio,AI1_Vibration_phase_A_rms,AI1_Vibration_phase_A_std,AI1_Vibration_phase_A_ptp,AI1_Vibration_phase_A_mean_abs,AI1_Vibration_phase_A_rms_ratio,AI2_Current_phase_A_rms,AI2_Current_phase_A_std,AI2_Current_phase_A_ptp,AI2_Current_phase_A_mean_abs,AI2_Current_phase_A_rms_ratio,AI0_Vibration_phase_B_rms,AI0_Vibration_phase_B_std,AI0_Vibration_phase_B_ptp,AI0_Vibration_phase_B_mean_abs,AI0_Vibration_phase_B_rms_ratio,AI1_Vibration_phase_B_rms,AI1_Vibration_phase_B_std,AI1_Vibration_phase_B_ptp,AI1_Vibration_phase_B_mean_abs,AI1_Vibration_phase_B_rms_ratio,AI2_Current_phase_B_rms,AI2_Current_phase_B_std,AI2_Current_phase_B_ptp,AI2_Current_phase_B_mean_abs,AI2_Current_phase_B_rms_ratio,AI0_Vibration_phase_C_rms,AI0_Vibration_phase_C_std,AI0_Vibration_phase_C_ptp,AI0_Vibration_phase_C_mean_abs,AI0_Vibration_phase_C_rms_ratio,AI1_Vibration_phase_C_rms,AI1_Vibration_phase_C_std,AI1_Vibration_phase_C_ptp,AI1_Vibration_phase_C_mean_abs,AI1_Vibration_phase_C_rms_ratio,AI2_Current_phase_C_rms,AI2_Current_phase_C_std,AI2_Current_phase_C_ptp,AI2_Current_phase_C_mean_abs,AI2_Current_phase_C_rms_ratio,H1_share,H2_share,H3_share,split,timing_deviation,duration_z,AI0_expected_rms,AI0_current_residual,AI0_abs_current_residual,AI0_response_z,AI1_expected_rms,AI1_current_residual,AI1_abs_current_residual,AI1_response_z,PORD,AI0_Gain,AI0_GainDev,AI1_Gain,AI1_GainDev,CNVG,Shape_RMSE,Template_Correlation
normal,0,N0000,1,1.7,3.4,1.7,18,-0.013839388888888887,0.07432172214662325,0.07354164686874143,0.320468,0.19158,0.05773094444444445,0.097350728835,2.6050545256613,5.380892277555788,-0.01778877777777778,0.168975646531249,0.16517549692473557,0.5337510000000001,0.2669,0.1496437777777778,0.491093006118,1.615857103318518,1.5543263690032092,16.32207811111111,159.11802112052675,155.49395186163716,439.24885,219.93151,139.15798099999998,435210.6431798845,1.414405559617529,1.4411603823960715,-0.38385952763780595,-0.8091566565656385,0.049089144641831624,0.02061238700070098,0.05415500000000001,0.04533966666666667,0.6549778770582604,0.14906853102013182,0.16312504431560063,0.39280000000000004,0.13567516666666665,0.9133813892863061,158.3413532490215,86.97778655299632,218.48216100000002,137.3806761666667,1.0496697729677444,0.057296721933574296,0.056657864008449875,0.157447,0.048800333333333334,0.7644884743514182,0.19110420737301068,0.20844760961993944,0.5337510000000001,0.1706983333333333,1.170944834797128,171.56584066544949,52.104903788159746,143.234982,164.84053966666667,1.1373369832017366,0.11075735735652055,0.12049119326614705,0.320468,0.0862406,1.4777934983234242,0.14167363321380588,0.15831651110986497,0.338236,0.13193760000000002,0.8680709405567881,109.36164144448595,109.76072545802361,274.15362,94.3169706,0.7249755480230042,0.9983326919393055,0.001087726620755898,0.00013037053586220196,train,1.0697325378441948e-13,0.7060345943817176,0.0804475777518964,-0.00690593088315497,0.00690593088315497,-0.4463995333577969,0.15589237936806866,0.009283117556666914,0.009283117556666914,0.6427495321897372,0.6427495321897372,0.728995183464203,0.12734708249585658,1.3050247058544358,0.25317714339344716,0.25317714339344716,0.05154036876108354,0.9986289498776614
normal,0,N0001,1,8.405,10.105,1.700000000000001,18,0.008139777777777777,0.08163418046566434,0.07975064535649713,0.24489,0.136729,0.07256422222222222,0.114482977826,1.7144563456358406,1.702570531864483,0.011956777777777778,0.139270091108885,0.13587331770276148,0.411261,0.230715,0.11921444444444444,0.332308052344,1.698015503711447,1.570987675970106,14.89498372222222,152.28984631091484,148.7467728205239,433.55647999999997,217.53814,133.96301138888887,398260.8436413698,1.4624730061369398,1.4487607106606535,-0.26028031184354133,-0.5328181302704293,0.07061147435438521,0.07686854604951668,0.21192,0.06045583333333332,0.894228821468418,0.13652280325217958,0.14705229815193868,0.368641,0.1102065,1.0072101816505774,155.6170726293936,80.79407389616829,208.533427,137.0289676666667,1.0762140840672738,0.07975053619046499,0.08515113313789,0.20741199999999999,0.07679133333333334,1.0099665619663556,0.1492578848134999,0.16331200940612625,0.411261,0.1385836666666667,1.1011644772492328,163.518286339458,51.20500782636677,144.81664899999998,156.6948285,1.1308571725942496,0.08708883299597027,0.09477578431382142,0.229416,0.078113,1.1028992837933842,0.11561620260413331,0.12651078962167614,0.317426,0.10235780000000001,0.852969713869393,99.70996460891719,104.03104566725305,254.573736,88.41179559999999,0.6895725926520038,0.9983872673246061,0.0007746244847558632,0.00014864604709455503,train,1.0762632615184572e-13,0.7060345943817411,0.0777249938539999,0.0020256515024972277,0.0020256515024972277,0.13093816036675557,0.14584145263314674,-0.009968134930385258,0.009968134930385258,-0.6901791369331497,0.6901791369331497,0.8264021969185799,0.0019326312156124532,1.1222076903875113,0.10225306837640452,0.10225306837640452,0.039840531168002506,0.9991807649425808
normal,0,N0004,1,34.033,35.733,1.6999999999999957,18,-0.016340000000000004,0.030693761813034487,0.034011223671997846,0.105994,0.083278,0.025515666666666666,0.020821740042000002,2.4485446569969938,2.632488033684391,-0.0009159444444444454,0.05093109092798209,0.049504597748873565,0.19803500000000002,0.10408,0.04004116666666667,0.044112693569,2.1024309808146713,2.800423232644723,8.301663222222222,85.83626824805941,83.82992740443507,221.30086,111.29559,76.25537677777778,126494.22111539138,1.3276355288136854,1.310383582592953,-0.18551423925548866,-0.3753749709251958,0.03943435923996569,0.03924924792994978,0.105994,0.030596999999999996,1.1294137797725217,0.06276896942226576,0.06718257819008337,0.19803500000000002,0.051110333333333334,1.2652971915104143,83.94120900713068,41.540046856255394,105.353364,74.88756233333334,1.0222199948988677,0.02456185749626169,0.02288161077371958,0.062204999999999996,0.017655,0.7034601511915196,0.044586037681842355,0.048793462014563665,0.133276,0.03710083333333333,0.8987655648748144,92.4730414818956,26.56711683941686,71.512586,89.2361305,1.1261190196090232,0.03943291408709227,0.03360979249712798,0.082743,0.031985799999999995,1.1293723900910213,0.035409615578257836,0.026249281571121143,0.069324,0.028752600000000007,0.713787203390662,64.88283838014391,66.78833954887567,163.5262,55.789311,0.7901308010984281,0.9937955272346713,0.0018718574982518753,0.0033399354917380835,train,1.0449157878819974e-13,0.7060345943816282,0.05153011197001215,-0.017518888298014304,0.017518888298014304,-1.132421348185893,0.049138155868147654,0.00036644188072591094,0.00036644188072591094,0.025371901839392037,1.132421348185893,0.6253569437344566,0.28069161074717586,0.7254927196819297,0.33394907049627176,0.33394907049627176,0.056953775164858805,0.9983258154810157
normal,0,N0006,1,49.357,51.057,1.7000000000000028,18,0.01822922222222222,0.08229194296102538,0.08202468045520067,0.29573,0.16201,0.06957266666666667,0.12110486766800001,1.9751372282210207,2.2738720954000153,0.013449944444444443,0.03139236783692012,0.03334115824239531,0.11058000000000001,0.061837,0.028288611111111115,0.020009390993,1.8546746201927233,2.724434564014999,8.359373722222221,85.32938660604349,83.34553111997793,218.27736,110.42143,76.05816494444444,125036.5960380818,1.3248632352110834,1.298558889544297,0.4219925305618035,0.900227566078681,0.0898520331591519,0.07205448047623408,0.18634199999999998,0.06961016666666665,1.1213680881508084,0.03989963574812849,0.03901118126084708,0.11058000000000001,0.034590166666666665,1.176971960794751,86.94646251040844,36.652601455897305,93.674311,80.25070933333335,1.0632798278675535,0.07484166444679506,0.08154062680018266,0.21730100000000002,0.06468083333333334,0.9340362284966135,0.0317617776291987,0.022111304298178945,0.058038,0.0249785,0.9369188714039401,90.11465150541831,32.194902098637506,84.055196,85.18738549999999,1.102024031507382,0.07361814631189786,0.08213930666374047,0.17797400000000002,0.0674412,0.9187665218076474,0.028043186848145486,0.03037585311229958,0.06595100000000001,0.026009000000000004,0.8272267150494859,62.59560345575131,68.02742515704543,169.77241,53.963716,0.7654899411201386,0.9935361205102994,0.0020443502091834743,0.0033899919300809265,train,1.0867124193972773e-13,0.7060345943817787,0.051334651094255355,0.030690029360945316,0.030690029360945316,1.9838042136912035,0.048416575554941124,-0.015075417312545816,0.015075417312545816,-1.043799926700811,1.9838042136912035,1.5169352301556793,0.6054330749904985,0.49145637958903443,0.7234269217878814,0.7234269217878814,0.09337708303647169,0.9954997266392731
normal,0,N0010,1,82.803,84.503,1.7000000000000028,18,0.008350944444444444,0.06631450807856916,0.06498492415125562,0.222774,0.11332,0.053467833333333326,0.07601472660500001,1.74378906307934,2.0307813145648126,-0.0052389444444444445,0.12423599997749644,0.12084930019495815,0.366165,0.208353,0.10934061111111112,0.262881960437,1.7240728714512865,1.71870582613341,16.254593500000002,161.0076621509221,157.31333845218617,447.65097000000003,225.2163,141.1293452777778,445454.7561894974,1.4316414756429077,1.4468311012313246,-0.3006140351161861,-0.6203890095745638,0.06080841126028537,0.0665222344743971,0.186398,0.04456433333333334,0.9481242189720145,0.12985998228990073,0.14224469532136047,0.320809,0.12059500000000001,1.0975694325132503,159.56568529738485,92.74924846639988,231.310755,138.25185866666666,1.0455111464138072,0.06975905750271191,0.07347143918285527,0.186886,0.060159,1.0876826172595548,0.10157151562076841,0.11117320683045293,0.296695,0.09028316666666665,0.8584768671115668,174.18522706424713,47.65053997606579,133.18194899999997,168.66638183333333,1.1413017535498593,0.060898611107315086,0.06474046192837984,0.159105,0.0512116,0.9495306142016214,0.12238873018215363,0.13508541195221638,0.299057,0.10901000000000001,1.0344228203586516,110.6050326706739,107.83944625033834,266.212737,95.27682039999999,0.7247096660609404,0.9987321726864818,0.0007409362748908915,0.0002103917485053709,train,1.0867124193972773e-13,0.7060345943817787,0.08118172643911728,-0.01619680228786166,0.01619680228786166,-1.0469616776539188,0.15860262630425936,-0.03775332610930121,0.03775332610930121,-2.613985285356299,2.613985285356299,0.636724964424321,0.2626764120983314,0.9437679069856317,0.07091983320043799,0.2626764120983314,0.08815879684697892,0.9959886588585734
normal,0,N0012,1,95.927,97.627,1.6999999999999886,18,-0.0077764444444444435,0.05661396725733305,0.05556573559207949,0.188044,0.10165,0.04521777777777778,0.05557591749400001,1.829364785993934,2.277796542567294,-0.006532722222222221,0.14477943175327307,0.14085189263766074,0.48779300000000003,0.250263,0.12196405555555555,0.357106601873,1.7767812367548204,2.1872330890270697,15.162899833333332,142.65474996139892,139.46223388345433,398.87982,202.86968,124.74968172222219,350094.8642357397,1.4546567507984558,1.4554087177697623,-0.4342082623327064,-0.9301421865214082,0.06656110821643521,0.06711780455189716,0.181709,0.05480533333333334,1.1678531715411424,0.16337927231802285,0.17656416338477826,0.48779300000000003,0.13566783333333332,1.1497899760829586,137.32059927620475,81.13400911655708,201.618817,119.17713616666667,1.0186475692554604,0.03353956600295637,0.03403649383627324,0.09368699999999999,0.031058,0.5884710993888536,0.11999588306062839,0.13060826329511724,0.29783000000000004,0.11344083333333334,0.8444771577007051,154.22784391697155,43.478046285591454,118.07574600000001,149.03336566666664,1.1440659241628939,0.06616717455355035,0.07215196373419092,0.18338900000000002,0.055986400000000006,1.1609413774033264,0.13906506212920627,0.1457815737835204,0.377894,0.11659419999999998,0.9786774796516013,103.03369179381558,98.04394280109815,245.170384,86.672316,0.7643064496542245,0.9979987896328484,0.0011305281806002858,0.0004188821251330294,train,1.0031191563667174e-13,0.7060345943814776,0.07397854870182147,-0.01841281310974198,0.01841281310974198,-1.1902046688654486,0.13201075093464576,0.008841141703014976,0.008841141703014976,0.6121477681336606,1.1902046688654486,0.6141228542023419,0.29881921102785985,1.2407739941360691,0.20269054482035018,0.29881921102785985,0.1069011474743459,0.9941017520870487
normal,0,N0016,1,128.605,130.305,1.700000000000017,18,-0.014583388888888889,0.10617960834090556,0.10421345909904771,0.354596,0.195443,0.08804494444444444,0.195488011033,1.8754103518840586,2.170743497285752,-0.006687722222222225,0.12915674613967668,0.1256958338302339,0.418311,0.248462,0.11078450000000001,0.28438996756099993,1.9766924044242817,2.5929481570884216,12.220073000000003,119.83007913948514,117.09330492437681,335.56323,168.70799,105.81476822222223,246795.15704603557,1.440799626494084,1.4553272941926352,-0.09343847939935408,-0.18742368429639694,0.08465418455595289,0.0915615001764752,0.248444,0.07356649999999999,0.804713559607098,0.11630393373900415,0.12688395402532188,0.300623,0.10889216666666666,0.9064696181214233,124.62187120694324,57.115172950474594,145.733259,113.19080483333335,1.0976980668167802,0.13404225340540946,0.14550261516916685,0.354596,0.12145633333333333,1.2741912221046676,0.13771630572726917,0.15021138081971908,0.418311,0.11541683333333334,1.073357048625996,126.86450985203815,45.76916264837936,124.86924499999999,119.78699283333334,1.1174517431293547,0.08640632420372944,0.09656845512484913,0.246616,0.06578120000000001,0.821369210361835,0.13030694161248663,0.1443957694369887,0.328495,0.1161832,1.0156086712175274,76.63352370762507,83.10771730068075,205.949685,68.08496240000001,0.6750056792802451,0.9975436298356211,0.0007642818623905405,0.0008711647596467435,train,1.170305682427837e-13,0.7060345943820797,0.06495236376941058,0.03926109532963713,0.03926109532963713,2.537838117814923,0.09868890416929528,0.02700692966093861,0.02700692966093861,1.8699204550073658,2.537838117814923,1.3718181876850837,0.5048780758019166,1.318789352173786,0.2636693294167099,0.5048780758019166,0.07830496779950813,0.996835268138277
normal,0,N0016,2,130.305,132.005,1.6999999999999886,18,0.00021200000000000076,0.08675616686200605,0.08431210579283513,0.32730400000000004,0.1809,0.07002255555555556,0.127953561298,2.1455993572796395,2.6805915123538453,-0.002755888888888886,0.10666936167698371,0.10370061203987394,0.323114,0.197009,0.09195533333333333,0.19356870487400002,1.8997862801836505,2.0232621733429346,12.518539777777779,119.23140982443805,116.54637693861358,328.13887,166.37423,104.54172522222223,244495.04359531318,1.427536697152168,1.4508239360175026,-0.10312337628238154,-0.20698255883094577,0.06890884900963977,0.07525135253734647,0.186001,0.05870383333333334,0.858870842475824,0.11550591785633034,0.1261520347476277,0.322864,0.10639083333333334,1.0855174766488556,119.09884964311227,64.20238200326672,164.30273000000003,103.68018666666667,1.0538984470436177,0.07906573453884222,0.08612410985181018,0.239952,0.0658605,0.9854649295454871,0.09037743451861568,0.09894655151090412,0.24642200000000003,0.07723983333333333,0.8493615434204191,127.64785504120123,39.22222587522561,104.58923500000002,122.5234225,1.1295480737176944,0.09320170939741394,0.09805981391375368,0.256788,0.07538500000000001,1.1616538633397542,0.11262414521762196,0.12530788675298932,0.284513,0.1040808,1.0584347555112479,82.74332011553619,84.04489825553422,210.81509300000002,71.8050078,0.7321905865111742,0.9978649264120819,0.0006896902170044068,0.0010714895687366339,train,1.0031191563667174e-13,0.7060345943814776,0.06473167045176263,0.019580435341072497,0.019580435341072497,1.2656797971317189,0.09787417358623406,0.005826438453639879,0.005826438453639879,0.4034141081968518,1.2656797971317189,1.1150541754034908,0.2976440630815174,1.093123309299607,0.07599419123142566,0.2976440630815174,0.04499272624822921,0.9989551765598708
normal,0,N0018,1,145.257,146.957,1.6999999999999886,18,0.009445888888888889,0.08984638679034926,0.08782444339324522,0.26729,0.148057,0.07962944444444445,0.138836391432,1.6858290730868146,1.4618150911289185,-0.007362944444444444,0.08716479983576224,0.08502835237371643,0.253882,0.144284,0.07780172222222223,0.130136772733,1.6968928124802802,1.8694666263021171,11.3202355,108.3150184894259,105.87022823778115,295.74636,149.11248,95.8517635,201753.0940881577,1.4084458159955804,1.4218546541936847,0.016176139975671938,0.03235510224105749,0.08536980358319522,0.09285942423128989,0.26729,0.07203316666666666,1.0009206090320735,0.08901510485492524,0.09739458788180515,0.236091,0.08066099999999998,1.0497762035497469,111.87376990870821,52.3168663474586,131.13834,101.16749300000002,1.088674506000207,0.07989949678815256,0.08414307039719116,0.180392,0.07376966666666666,0.9367838466281337,0.08661911863920882,0.09457981386056963,0.24528699999999998,0.07893516666666667,1.0215197709207948,114.49701780720953,39.86074022858015,105.920923,108.56105000000001,1.11420205470396,0.09125421025465072,0.10187886345704883,0.222592,0.0870708,1.0699124968211304,0.07703514178866683,0.08595721206391004,0.197274,0.0707884,0.9084936631667471,71.78679198072724,77.14596340783778,192.839764,63.569601,0.6985770691443777,0.9977473869012426,0.0007919188094974687,0.0008961586289636058,train,1.0031191563667174e-13,0.7060345943814776,0.06042369072166803,0.027400752671577183,0.027400752671577183,1.7711852917729167,0.08197046216115632,0.003057890212560116,0.003057890212560116,0.21172386233534596,1.7711852917729167,1.2786343451242106,0.4345336620416379,0.9866804587254792,0.0264538708828356,0.4345336620416379,0.058391766918345786,0.9982402072547872
normal,0,N0022,1,178.715,180.415,1.6999999999999886,18,-0.009816444444444445,0.07262771931385445,0.07126082057562284,0.242278,0.14596,0.0622618888888889,0.091405881884,2.048250340383121,2.03554822438187,-0.005668444444444443,0.08072682055675558,0.07865688328853787,0.26113600000000003,0.168196,0.068068,0.11136429519600001,2.138350681694377,2.772335215495112,10.697015611111112,106.27830870645853,103.83641298250191,290.70369,148.45874,93.14175827777778,194076.01189930845,1.429736792092555,1.4301334055097434,-0.049334151485986,-0.09874846829993861,0.06942243453788312,0.07565155737921064,0.176259,0.06606450000000001,0.9516555131990099,0.0848842965767717,0.09298599146036282,0.241325,0.07236666666666668,1.091969910211961,105.72353848350726,57.135210340887795,148.838898,92.08924633333335,1.046030284968556,0.0764277288074601,0.08368922771938253,0.216552,0.06940066666666668,1.0476853767092913,0.07859142016149091,0.08479087048497615,0.20255299999999998,0.07341466666666667,1.011016989927651,113.92529155780929,35.16739088819406,93.62603199999998,109.30851249999999,1.1271785536380943,0.0728048528217728,0.07883430964497627,0.196616,0.05545560000000001,0.9980223257321001,0.06698465619229527,0.07314682824087453,0.189145,0.0515192,0.8617050733491699,75.79309046283127,77.45251886508993,196.36215800000002,65.0572132,0.7498979806455384,0.9971305869338949,0.0006444262816046704,0.0016531845619735448,train,1.0031191563667174e-13,0.7060345943814776,0.059603016980601005,0.011657803595021839,0.011657803595021839,0.7535606962832966,0.07894079183543672,-0.00028390854689884504,0.00028390854689884504,-0.01965741407345042,0.7535606962832966,1.0578058171372517,0.2449378504575627,0.9306227595327463,0.0849461119243229,0.2449378504575627,0.04725295556346581,0.9988475655176853
normal,0,N0023,1,185.581,187.181,1.6000000000000227,17,0.016411117647058826,0.06590013643942852,0.06600524445518126,0.259684,0.161971,0.050217000000000005,0.074063769025,2.4539110692936106,3.8759076655267206,0.013777470588235294,0.035277082247398325,0.03689291207153004,0.13885,0.096299,0.02778829411764706,0.023138478338999995,2.610230382825029,3.6212968146844497,2.9176052941176476,85.14317126155638,82.65252031696382,222.05749,111.15123,74.51767282352941,116134.46495068399,1.3448014600613096,1.3188458431233894,0.2829237506875163,0.5817147524862645,0.06869550122460713,0.07448617538510083,0.220731,0.052215500000000005,1.0118217018061046,0.022114068365334017,0.02050827948577517,0.056868,0.015997,0.6065851789816747,81.62621727384462,45.91650279133275,115.792883,71.58935966666667,1.0103837925378598,0.08033435215149246,0.07951194077809949,0.203383,0.0622896,1.1832512967864857,0.03298999468323691,0.036588491929840455,0.098989,0.0257108,0.9049100101772932,96.30151416296142,23.892750949136985,58.863173,93.90043019999999,1.1920372198637896,0.051319867287435574,0.05726792900917581,0.137534,0.0422532,0.7558945568423353,0.050773055125725886,0.052226098729466666,0.13885,0.0409172,1.392696369663217,60.130791244527735,67.19568578189971,169.424316,51.910835799999994,0.7443095972721986,0.9968909336880724,2.210558761877765e-05,0.0023590517544555918,train,0.05882352941161602,-1.4120691887634962,0.051055011256353075,0.014950233198828183,0.014950233198828183,0.9663834226644064,0.04738423288770771,-0.010491320816177672,0.010491320816177672,-0.7264037652747182,0.9663834226644064,1.2309124146146155,0.3964967664298889,0.5483696981361595,0.6138504167505924,0.6138504167505924,0.08944765886376695,0.9958705116509851
normal,0,N0027,1,226.457,228.157,1.700000000000017,18,-0.005894055555555559,0.07030271187345079,0.06857572054994716,0.26737,0.141809,0.056031611111111115,0.084647330081,2.067918482850112,2.950820781132363,-0.012557222222222223,0.042464250329722765,0.043136039580224175,0.18846500000000002,0.127565,0.03232388888888889,0.033492922392,2.957271952673247,5.080219444921772,9.034005166666667,88.23553188088508,86.22409206875811,223.1628,112.83375,78.63433127777778,133822.69295547015,1.3086104740891027,1.3061272328531521,0.22772607771869186,0.4635797113749882,0.050294426661079125,0.0546500056190909,0.127611,0.04822116666666667,0.8162780660193436,0.023549982997163005,0.022229365683707664,0.062363,0.0161895,0.5626297954359236,87.95476099710548,40.625899735177065,103.135477,79.75370550000001,1.0407733692052923,0.06611684024765048,0.07240570592432616,0.217779,0.050821000000000005,1.0730756879355596,0.0355588543755279,0.03671731939788996,0.082924,0.03367916666666667,0.8495322890742291,93.81207852381456,30.102003018022028,78.087106,89.69725333333332,1.1100833193167914,0.06801726559484732,0.06151646364429606,0.148876,0.0545014,1.1039195732327838,0.061432742816839955,0.06066977301342078,0.14742300000000003,0.044343600000000004,1.4676822284020408,66.61794717830843,70.23473352041523,175.62475,57.46019600000001,0.7882937154088792,0.9930140304128229,0.0021341495775022376,0.003849612391507301,train,1.170305682427837e-13,0.7060345943820797,0.05249619188641573,0.016079528663531434,0.016079528663531434,1.0393811078419766,0.05270462023582202,-0.009568580655597847,0.009568580655597847,-0.6625145811805855,1.0393811078419766,1.2258760453827633,0.3923967990384325,0.6146080606231292,0.4998153430276172,0.4998153430276172,0.05707408860527933,0.9983187346631607
normal,0,N0028,1,233.925,235.625,1.6999999999999886,18,0.00639661111111111,0.06463411713651188,0.06313793281072094,0.191666,0.103403,0.055230499999999995,0.071755174073,1.6377317944505456,1.6378929687488457,0.004052555555555553,0.044751325765734026,0.04367887704600474,0.155789,0.080161,0.034951666666666666,0.034341197399999995,1.8352349103565664,2.581974883235802,9.714730611111111,95.16509768776747,92.99268093658284,251.99356999999998,127.39159,83.94310527777778,155657.49673991578,1.369909854377419,1.3836820172723638,0.1821722235539016,0.36845712036120526,0.06568994139008905,0.07037857577250811,0.18323099999999998,0.05758850000000001,1.0111073812974463,0.051701550987373675,0.05621153932334534,0.155789,0.0403245,1.1569904383936074,95.17256602768906,46.89874636698224,120.55839399999999,84.99945283333334,1.0476270579216524,0.06038228040438133,0.06580902352033496,0.157845,0.05693283333333333,0.9294112328992497,0.03730933581781732,0.04028691048343122,0.111455,0.031940500000000004,0.8349177922065186,101.52148271558605,33.934483500612565,90.216414,96.67981766666666,1.1175137614996153,0.06926450882233988,0.07743502774713779,0.19008799999999998,0.061318399999999995,1.0661275478436685,0.04371818253770392,0.04861823553667903,0.129405,0.035135200000000005,0.9783365917286041,69.446206279275,72.77452556307951,184.58774,59.3953444,0.7644400881973744,0.9952645040004601,0.0013144047380307265,0.0024987956006657613,train,1.0031191563667174e-13,0.7060345943814776,0.05522741495767731,0.007910517853043635,0.007910517853043635,0.5113360585219089,0.06278744009205774,-0.019108563046052997,0.019108563046052997,-1.3230490601563116,1.3230490601563116,1.046517269168127,0.2342088361446828,0.5770445036825809,0.5628807149060737,0.5628807149060737,0.037579990812027425,0.9992710938273891
normal,0,N0036,1,289.736,291.336,1.6000000000000227,17,0.006279000000000001,0.06115004798853391,0.0596556260356547,0.24375400000000003,0.132362,0.047952529411764706,0.06049949320100001,2.2187680994394476,2.9801966258960673,0.004354470588235291,0.1236995289714747,0.12008514614614572,0.369651,0.224794,0.10194505882352942,0.245147519524,1.871955085322724,1.8901455336977442,5.0187117647058805,152.34644032622435,147.882941193635,435.95081000000005,220.41443,132.87925811764705,371779.1930333618,1.4904655548566195,1.470985271176076,-0.3362037415141003,-0.6996125808367127,0.08057926493314932,0.08717835061699665,0.24375400000000003,0.06857183333333333,1.3269650506440647,0.12284452689341381,0.13433595204511214,0.369651,0.100331,0.9924351045000662,140.74485480287444,106.15359070818359,277.538098,121.11289749999999,0.9815283540879375,0.044915047364997844,0.04457032214041087,0.121968,0.0355666,0.7396530379226124,0.13318618276082544,0.14888513330349676,0.324442,0.1253264,1.0759831679020562,178.27780072890374,35.231190465431624,90.01435000000001,175.470752,1.243276115243713,0.04461947516051707,0.04931051603157282,0.121503,0.0374396,0.7347856072552664,0.11481287547744809,0.1282900786000227,0.314122,0.10083500000000001,0.9275490813789222,101.21057142937725,108.51995687212046,267.11491,89.61092060000001,0.7058236390276019,0.9985380286282792,8.700479250004608e-05,0.0007562982917128304,train,0.05882352941161602,-1.4120691887634962,0.07737642535396001,-0.017720799318305315,0.017720799318305315,-1.145472881246781,0.14455464694142522,-0.0244695007952795,0.0244695007952795,-1.6942325779109695,1.6942325779109695,0.6217819880844242,0.2864246776102679,0.9976031784168293,0.015444527448998628,0.2864246776102679,0.12474159919144413,0.9919687914483336
normal,0,N0041,1,322.877,324.577,1.6999999999999886,18,-0.010973166666666666,0.06409625951759633,0.06324950820669588,0.21818700000000002,0.109713,0.056105722222222223,0.07200900519100001,1.7346063726134284,1.8660533910607568,-0.0055924999999999985,0.06221310593459719,0.06071837007538255,0.23038,0.134332,0.051332388888888886,0.066360968363,2.212378228091849,2.799571686619993,9.363361333333334,96.46360413362925,94.21222004952914,254.4004,127.64539,85.00386266666666,159766.96331989617,1.354870843006294,1.3739903665421902,0.02041769340871933,0.04084106275224897,0.08339084211910402,0.09126741810964087,0.21818700000000002,0.08024866666666666,1.3093363365808468,0.062434902782818526,0.06625533192858267,0.174374,0.05619650000000001,0.9997032197214645,102.49446946062876,38.40253539860678,97.047938,96.3127925,1.115677996038371,0.057611530506777316,0.053032119828144396,0.12579400000000002,0.053836666666666665,0.9045701947801601,0.06901448946175481,0.07536319681825253,0.196922,0.057069,1.1050550933401284,99.85706819540815,43.10254022293498,108.794221,91.77822866666668,1.0869692220546128,0.03825975056635889,0.04011681840949005,0.105381,0.0300306,0.6007240168351422,0.05355490824751733,0.0594127271407398,0.138873,0.047413399999999994,0.8575173792320551,64.20952530591572,71.72315683248591,180.749319,54.7756022,0.6989367806562199,0.9954453615084521,0.0010208964585714294,0.0026405208606566813,train,1.0031191563667174e-13,0.7060345943814776,0.05571951655028819,0.007529991656407692,0.007529991656407692,0.4867388362961489,0.06460412499102143,-0.0038857549156388824,0.0038857549156388824,-0.269044008005392,0.4867388362961489,1.0347959595308576,0.22294533827671642,0.791770797403924,0.246528155159168,0.246528155159168,0.17750215307505843,0.9837383151760966
normal,0,N0041,2,324.577,326.277,1.6999999999999886,18,-0.006270222222222222,0.06020943660800684,0.05884805232498731,0.19764900000000002,0.10012,0.050160555555555555,0.062335678724000004,1.7013307330392022,2.1223392755218122,-0.0054853333333333325,0.04685585142817088,0.045864900458968745,0.135682,0.069584,0.03963477777777777,0.037864603694,1.5171514448668786,1.6766799066287708,9.091073388888889,94.81933322498048,92.59519374418805,249.02895,127.64539,83.7674637222222,154329.65828142702,1.3785314856907673,1.367439397715976,0.12398802173673242,0.24925860891717208,0.04543727956205124,0.04965689070276819,0.127032,0.03904733333333333,0.8058953694623227,0.045171246276438586,0.048700704158153606,0.12406799999999998,0.0363815,1.0107831794821829,98.21764681134961,42.682448774998235,110.559717,90.15845283333334,1.0852951602658198,0.06288002181800936,0.0679625550218648,0.189475,0.05352316666666667,1.1152674390556292,0.040122575303686576,0.0406971902011265,0.10016900000000001,0.03286366666666666,0.8978106113407659,99.6548671036617,37.962209806525316,96.42005900000001,93.43527916666666,1.1011763005509065,0.05988230325730633,0.06678640553136543,0.16183,0.051277399999999994,1.062098597736187,0.04909129316487802,0.05486500778729554,0.121753,0.04707979999999999,1.0985008712493636,65.97426823684701,72.5136760963755,184.458036,56.67410500000001,0.7290090563568165,0.99548343052042,0.0008775774773478505,0.0027644098531030012,train,1.0031191563667174e-13,0.7060345943814776,0.05506702315199972,0.0037810291729875947,0.0037810291729875947,0.2444058139288497,0.06219532379805011,-0.016330423339081364,0.016330423339081364,-1.1306947151732143,1.1306947151732143,0.9795992817727575,0.16812938445549366,0.6085252777949955,0.5097616551491391,0.5097616551491391,0.10194855112039952,0.9946356092513243
normal,0,N0042,1,330.088,331.688,1.599999999999966,17,-0.02007494117647059,0.06489296110082991,0.06607865094496014,0.26974200000000004,0.135808,0.05407835294117647,0.07422859788200001,2.055247770011536,3.868900811018884,0.00039005882352941164,0.04189930568409008,0.040650168619142356,0.161443,0.086809,0.03296511764705883,0.028091415549,2.135513896961333,2.8354855299203523,2.7626895294117637,84.81503906256798,82.32904045116751,219.43357,109.74754,74.53734941176471,115227.2053273696,1.3330355777083962,1.3027307868838325,0.23825319561701802,0.48584272945542023,0.07525831317535625,0.08190181306418069,0.220673,0.06143033333333333,1.132367515001387,0.04088709016303312,0.02495035494470303,0.06613200000000001,0.03395566666666667,1.0093142897897924,78.37081386671048,49.99344527084078,124.91478000000001,68.78808033333333,0.972772167864502,0.04025514910666709,0.035076476978168715,0.08043800000000001,0.0321436,0.6056955203568597,0.03530244144248383,0.036360659871625,0.081812,0.028513,0.8714549866544739,97.77196876603794,16.381920504845162,40.713075,96.6678024,1.213587626825946,0.07561459136701064,0.07072674070887193,0.19745600000000002,0.06608080000000001,1.137728223121337,0.04470979150476996,0.03212425355864319,0.08526299999999999,0.034254799999999995,1.1036792121755379,61.96980768033044,68.66402843179513,172.462365,52.8806752,0.7691958419861131,0.9965513985246665,3.804250148399679e-05,0.002700733907296503,train,0.05882352941164946,-1.4120691887647003,0.050924482472613344,0.015154168472346796,0.015154168472346796,0.9795658035011392,0.0469023615142745,-0.006252192895132146,0.006252192895132146,-0.4328927253129695,0.9795658035011392,1.2371231198016281,0.40152969096466884,0.6065909274157331,0.5129454691826507,0.5129454691826507,0.05055866730049163,0.998680681889443
normal,0,N0042,2,331.688,333.388,1.6999999999999886,18,-0.020879722222222223,0.05413223066529453,0.056599177039070095,0.196173,0.107573,0.04580983333333334,0.057662403146999996,1.9006106736453598,2.436819798357728,-0.008886555555555556,0.047330959193151695,0.04684798734085477,0.164872,0.116418,0.038163888888888886,0.039505210522,2.4850160403470576,2.985122802669872,8.641011944444443,85.95831254837199,83.98218825984402,219.85295,111.26543,76.74853227777777,126954.1430084139,1.3248693836809848,1.2946904360924583,0.09426251320247302,0.18908639703259605,0.04998739478275165,0.05068511476722398,0.123603,0.042548166666666665,0.9234556486440547,0.06121718487075341,0.06644972129286925,0.164872,0.05229316666666667,1.2938976902206196,85.78892229748318,39.162660831992,100.178249,77.98489716666666,1.0414060583187539,0.05878898406305952,0.05472255425842864,0.124296,0.04676050000000001,1.0860541872010154,0.030704403981079546,0.02915655241222231,0.090031,0.026312500000000003,0.6489739355802997,91.64296271890474,28.974533300032927,76.62083,87.74297483333334,1.1124692328784154,0.05307190865420237,0.04647913241229875,0.125159,0.040025,0.9804382493635256,0.044523646836259936,0.04813340806238428,0.119505,0.035443199999999994,0.9410599968499715,64.5216124102936,68.098669643506,168.070579,55.8899718,0.7832386310154816,0.993049604820982,0.0022811589594036222,0.0036830783350800455,train,1.0031191563667174e-13,0.7060345943814776,0.05159155141762283,0.005007625621447263,0.005007625621447263,0.32369303696583684,0.049364971059057336,-0.0025169837182025673,0.0025169837182025673,-0.17427228487934524,0.32369303696583684,1.0387899493966284,0.22679759709827815,0.6853151992043318,0.39092123062077183,0.39092123062077183,0.05928963532630133,0.9981856718156754
normal,0,N0043,1,336.88,338.48,1.6000000000000227,17,-0.0012379411764705862,0.06676282499496874,0.0647812832868732,0.21621200000000002,0.12454,0.052567941176470595,0.071342449293,1.9224688626264967,2.1418273378491586,0.007940176470588239,0.184818737248904,0.17947623782633207,0.541858,0.283382,0.16117405882352942,0.5475992390529999,1.578938824615942,1.5257483109984404,5.4161122352941184,175.86223986532076,170.69737948759288,485.97866,243.82546,152.57767047058823,495339.12118683197,1.4284077513780604,1.4448638076861193,-0.4695657026906123,-1.019026095886982,0.06294966434117553,0.06886076944676119,0.200045,0.048276000000000006,0.9763886681372959,0.1931279014634257,0.20988882648011542,0.541858,0.178903,1.128958940164685,169.65403008635388,109.04102026045717,274.54891599999996,147.62456866666665,1.0179256553416205,0.06236245755260131,0.06972285296945328,0.1792,0.051974000000000006,0.9672807235562134,0.15983663101116716,0.17431946493206085,0.424237,0.1432386,0.9343496831815068,202.91520809271046,51.148204796359465,126.45412999999999,197.69084600000002,1.2174930125233001,0.0682418337282931,0.07470301404227275,0.178928,0.05491700000000001,1.0584735255153963,0.15277107340723897,0.1688141306369227,0.423783,0.1337224,0.8930468762656769,114.78267173510787,128.14807316870852,320.82549,98.8034832,0.6886970282306297,0.9991927991951238,4.411068857848321e-05,0.0006489315569297164,train,0.05882352941161602,-1.4120691887634962,0.08658237971802776,-0.021801096431154562,0.021801096431154562,-1.4092233817882722,0.1785401461246709,0.0009360917016611736,0.0009360917016611736,0.06481362534262983,1.4092233817882722,0.5849617945084694,0.3474676708707308,1.2917150393213261,0.24292599434190792,0.3474676708707308,0.05302004529184805,0.9985490966695473
normal,0,N0043,2,338.48,340.18,1.6999999999999886,18,0.016959222222222223,0.07062765076966548,0.07070187009785056,0.244753,0.157214,0.056647,0.08997757983600002,2.2236186932879947,2.449524443951979,0.017825944444444443,0.19395409985975676,0.18933055100757862,0.576156,0.29442,0.1717873888888889,0.6452290358069999,1.555058063440669,1.4769730830372836,17.966795,180.24739126809325,176.08797958982814,495.56273999999996,248.61673,159.03931177777775,558125.5780084992,1.4118892759126276,1.426116384276997,-0.4562072698664537,-0.9850224108291322,0.08653209093163068,0.09074647788573761,0.23456899999999997,0.07637133333333333,1.329632962673927,0.1844216923394136,0.2003036905710926,0.493799,0.17021766666666668,0.9922895605095245,185.39296637081128,86.69994950832971,223.771604,167.649886,1.0812007702081154,0.04839362815323246,0.04747636574444173,0.126442,0.03634183333333333,0.7436057823537705,0.18696394259410912,0.20403540282901886,0.495127,0.16240233333333332,1.0059682571744173,192.3101252505727,69.65277594613137,186.265494,181.49451766666667,1.1215412300154808,0.05103475290231158,0.051691566162189354,0.135126,0.0418582,0.7841887208578698,0.1862322800681987,0.20505927021766168,0.5064690000000001,0.1711178,1.002031512656637,119.75647087807201,128.70637545135835,321.64518,105.279482,0.6984126263549715,0.9976337996205942,0.0016111141420836073,5.927186703943298e-05,train,1.0031191563667174e-13,0.7060345943814776,0.08875756448026928,-0.01805569438241872,0.01805569438241872,-1.1671205060020051,0.18657024675705153,0.0027603042505270903,0.0027603042505270903,0.19111944396884656,1.1671205060020051,0.6188793612793855,0.29110384667201683,1.3209233007829781,0.2652861334818457,0.29110384667201683,0.07253541479707153,0.9972844457291415
normal,0,N0049,1,378.015,379.615,1.6000000000000227,17,-0.044537588235294114,0.0593659273237381,0.07280520272739079,0.226645,0.182821,0.056902294117647065,0.090110158251,2.511098014307418,3.5228310368108575,-0.010895999999999998,0.1128702245617727,0.11004097882527003,0.346569,0.176057,0.09987705882352942,0.205853289354,1.5999221551777938,1.7436044294236859,4.125244647058822,130.53381918893652,126.70357884600693,366.43939,184.55496,113.35978652941176,272914.54717056704,1.456588374858018,1.4804735218490837,-0.2036453579805902,-0.41306541250444756,0.0394174532641739,0.04159268707557455,0.103871,0.0349755,0.5265421198681188,0.09363716460448097,0.1011298095810528,0.28105,0.08056083333333333,0.8422152118634879,122.71464953063847,85.7545622813753,219.418675,106.12351916666665,0.998185864286954,0.06739387509410628,0.06116021113272909,0.15478999999999998,0.0521386,0.9002538449238302,0.11838049577020701,0.13169470453856524,0.313793,0.11127599999999997,1.064767976975228,152.20058679787556,34.81029589118094,88.305007,148.98192260000002,1.238030462205636,0.10736344714939065,0.05561063626052124,0.137692,0.09514660000000001,1.434171220538229,0.12255390239808765,0.11817995738364437,0.305153,0.1136566,1.102305492791088,84.4278949233181,93.02230494117352,232.74102,73.8251286,0.6867536319933778,0.9984400480707347,7.960957159051833e-05,0.0012579268105704603,train,0.05882352941161602,-1.4120691887634962,0.0688302476782223,0.003974955049168491,0.003974955049168491,0.256941187088218,0.1130048365760478,-0.0029638577507777736,0.0029638577507777736,-0.2052131917064031,0.256941187088218,0.8856830687119607,0.06734496891618313,1.0669699188272816,0.05177795074181407,0.06734496891618313,0.06833261462640873,0.9975900148533235
normal,0,N0051,1,390.165,391.865,1.6999999999999886,18,-0.03191150000000001,0.034108541276774235,0.04601199298793981,0.12468199999999999,0.107399,0.03659172222222223,0.038107862976999994,2.334152316074427,2.779563992576799,-0.013989611111111109,0.044845965552870876,0.04577268508073346,0.18608,0.097676,0.03722783333333333,0.037712496591,2.133936425790183,3.276962157330272,7.377565999999998,86.87610801801458,84.75012326952684,224.24689,113.51301,76.78421555555556,129286.50109559992,1.3393846005273633,1.315788648635389,0.0026072751164926294,0.005214562048944994,0.0397573000550423,0.030768450508055597,0.073512,0.034777666666666665,0.8411650282909733,0.04883034334646166,0.044526047988415356,0.113658,0.036309666666666664,1.037170409865636,90.22726970305978,37.81353250664711,95.603719,83.36310633333333,1.084115411171619,0.06388779835122405,0.038418773184039426,0.10113499999999999,0.053400833333333335,1.3517060170875377,0.0479657568792571,0.05252898573549655,0.139906,0.040521666666666664,1.0188063468855257,91.51706839821261,34.66637929059629,89.861523,85.8714675,1.0996128394693614,0.028295598177101682,0.026999233026143543,0.06520200000000001,0.0236278,0.5986640845379314,0.04375113145051222,0.04450960833348234,0.09872800000000001,0.0407092,0.9292865015642208,61.0825874323101,67.69066535678357,170.647999,51.8632474,0.7339308238799512,0.995811728267024,0.0007828097838718472,0.002556194330775948,train,1.0031191563667174e-13,0.7060345943814776,0.05190142425177375,-0.005889431263833941,0.005889431263833941,-0.38069297425653026,0.05050892447610346,-0.004736239395369997,0.004736239395369997,-0.32793031404912165,0.38069297425653026,0.8368266749073819,0.010602762644089127,0.6635179306745282,0.4232442300879304,0.4232442300879304,0.12431407510808247,0.9920237474735517
normal,0,N0051,2,391.865,393.565,1.6999999999999886,18,0.03398416666666667,0.04600117038440755,0.05615576304500426,0.159422,0.105509,0.04729094444444445,0.056762455017,1.8788632595988972,2.0226474441428253,0.015037611111111111,0.0422284380136794,0.04370699923162574,0.168506,0.118366,0.03585861111111111,0.034385432073,2.708170363577651,3.548358370266663,8.126901833333333,85.35821450915665,83.35041789290891,220.54984000000002,112.07057,75.98410861111111,125051.25893260588,1.3445711831222202,1.303380763431209,0.12465871691761858,0.25062105775122845,0.0436059030904456,0.047343591540988945,0.127247,0.03836833333333333,0.8012972145056902,0.0301768273155634,0.03147204484247356,0.071627,0.0270605,0.6753931490089514,86.57834348018824,38.43073731809798,98.09399400000001,79.15201566666667,1.0594069140466449,0.06031005356212733,0.04600191920199272,0.119981,0.048111666666666664,1.1082508215868208,0.059534235241861744,0.05828824295659174,0.161183,0.04788716666666667,1.3324467212331261,90.58935174337536,30.611096241075607,80.930238,86.171716,1.1084872003574013,0.05850103999588383,0.0383085781033439,0.091212,0.050449,1.0750085899415476,0.03796822976120957,0.04176723892238988,0.101022,0.034921999999999995,0.8497739670430279,62.168675098388995,67.0991256049973,166.08252099999999,53.694493,0.7607205403672801,0.9947378058517932,0.001495625132024222,0.002872111828315816,train,1.0031191563667174e-13,0.7060345943814776,0.05133662297749922,0.004819140067505043,0.004819140067505043,0.311509326362864,0.04842385513006432,-0.0047168558984385794,0.0047168558984385794,-0.3265882289673786,0.3265882289673786,1.038463795940751,0.22648357339338485,0.6442134999514825,0.4527699150455995,0.4527699150455995,0.07189187317211385,0.9973324173273803
normal,0,N0052,1,397.412,399.112,1.7000000000000455,18,0.03805683333333333,0.11206998980849633,0.11537003525058931,0.380948,0.229969,0.0985195,0.23958441060699998,1.9933165444605803,1.8294366044270538,0.006169500000000004,0.16066481998475987,0.15625997987986417,0.5253950000000001,0.290651,0.1281883888888889,0.43950926361700005,1.8600475964700516,2.255834908599465,13.01842461111111,128.9976651583412,126.03733756875228,357.13831,178.84435,113.42157227777777,285937.38830555306,1.4189791172194663,1.4538950023687827,-0.15053544288721724,-0.30337649732273203,0.05552709343344622,0.05931333180800642,0.145004,0.04990616666666667,0.4973581826485155,0.12948536366580846,0.14182486863687435,0.424022,0.09337866666666667,0.8364832686513552,132.89197447051524,62.50960903550993,160.380498,120.01694683333331,1.085936362132989,0.09582989610067762,0.0966022915918665,0.224374,0.08800366666666666,0.8583518426937949,0.1645170084874712,0.17588984001205604,0.471263,0.14691466666666667,1.062789809692453,137.3521590220155,50.841430058117425,136.101853,129.27324966666666,1.1223830821519813,0.16630996509650287,0.1668022810281682,0.380948,0.155898,1.4896443678593798,0.1699198123963183,0.1894614164039739,0.504676,0.1372644,1.0976922492084653,84.18134964642267,90.67415982516741,226.97642299999998,73.7578244,0.6878939752284575,0.9975502453316327,0.0012510933385358083,0.00035368540057572706,train,1.3374922084889567e-13,0.7060345943826817,0.068561409729427,0.046808625521162314,0.046808625521162314,3.0257106454301277,0.11201237109904418,0.04424760878082,0.04424760878082,3.0636399540110966,3.0636399540110966,1.41090773331988,0.5329743512911664,1.5231236313613825,0.4077184179328415,0.5329743512911664,0.07522081669536353,0.9970796535409946
normal,0,N0053,1,403.621,405.221,1.6000000000000227,17,0.021575470588235293,0.0694979566076565,0.07079089813170981,0.22551,0.140793,0.06082782352941177,0.08519297139099999,1.9888573773714238,1.9784587487961935,0.0014177647058823569,0.1716890391097847,0.16656886746963748,0.49243600000000004,0.261406,0.15049470588235292,0.47166818937200006,1.569356891062789,1.5368349954248781,5.217174,174.5536676520524,169.42227918460696,497.73865,252.23973,152.3877628235294,487966.4476298174,1.4888226696865114,1.4561360897567517,-0.40351391944996295,-0.855678407358382,0.0522730239495797,0.05726129718550451,0.138124,0.046824833333333336,0.7960622560711096,0.1561428835404718,0.17098137835526614,0.442187,0.13553633333333334,0.9726625732005882,160.84642474250091,120.96704686330706,316.964421,138.52524400000001,0.9769366269868187,0.062043345298267084,0.05904697409435983,0.157867,0.055942599999999995,0.9448538022207625,0.17046291166761174,0.1900055475329602,0.47420300000000004,0.1562758,1.0618664811253353,204.80491447334163,38.66330292082882,96.12226999999999,201.864242,1.243928316443593,0.08166702061297448,0.08960429759615327,0.22551,0.0692234,1.2437013924902847,0.1554050570625036,0.17139524144007032,0.413271,0.1440418,0.9680664226469189,117.27392970786795,125.922319944094,309.50061,103.4423708,0.7122893623884252,0.9986021680980933,9.161407500181687e-05,0.0006567862191553655,train,0.05882352941161602,-1.4120691887634962,0.0860678583851924,-0.015276960253482588,0.015276960253482588,-0.9875030670976956,0.17664069456915482,-0.010071827099517344,0.010071827099517344,-0.697358631622789,0.9875030670976956,0.6440383244867317,0.25125597303125397,1.207841439907076,0.17579000365125338,0.25125597303125397,0.12453430624665461,0.9919954614542708
normal,0,N0053,2,405.221,406.921,1.6999999999999886,18,0.012007944444444446,0.08149022576284279,0.08009945219295268,0.256686,0.132527,0.06729916666666666,0.115486600349,1.6545306662117223,2.251196783555941,0.019398055555555557,0.16536286971899894,0.16187032870256915,0.47896099999999997,0.286997,0.1395982777777778,0.471636059657,1.773005604549964,1.633437909249057,18.141974222222228,177.11635760378854,173.07959510333174,496.46073,249.51282,155.4334213333333,539217.8323403987,1.441607370591757,1.4320500766905138,-0.33793838307679297,-0.7035265595836104,0.10378704203239118,0.11185211679251612,0.251453,0.09704816666666667,1.2610028840336773,0.17662889388489075,0.1911647868825916,0.438963,0.149128,1.0841272147612675,175.07629157664527,97.19568709032568,248.65653700000001,151.49736133333332,1.0430524844614024,0.08862696717515875,0.0949351882573931,0.25043,0.08127433333333335,1.0768093879788394,0.16987781611107045,0.183554925899216,0.451679,0.15818333333333334,1.0426898995939182,191.05773761933335,53.97130869284587,153.618472,184.59588466666665,1.1382651877349008,0.026082285475011582,0.029051438386076513,0.065315,0.0246776,0.31689733672065357,0.13483847661999152,0.14813724456226396,0.384263,0.10522039999999999,0.8276225870267335,123.30661694904727,122.47115423211588,299.12511,107.1498996,0.734624157280192,0.9982133083327387,0.0009812773548346701,0.00016671502644670833,train,1.0031191563667174e-13,0.7060345943814776,0.08754363802126941,-0.007444185828316727,0.007444185828316727,-0.4811923455670561,0.182088810607217,-0.02021848190464784,0.02021848190464784,-1.3998982245426936,1.3998982245426936,0.7133267071273335,0.14907467720685685,1.1489681521419903,0.1258194516992562,0.14907467720685685,0.0692128917361568,0.9975275228993624
normal,0,N0054,1,410.127,411.727,1.599999999999966,17,0.010712529411764706,0.04594930579605861,0.04584648945377709,0.164327,0.089256,0.03805123529411764,0.035732310119,1.946844808913643,2.236252574363126,0.0028215294117647054,0.04603246256327925,0.04474709273106302,0.14879599999999998,0.094232,0.03726611764705883,0.034039139233999996,2.1058798292516783,2.549460208433441,1.928441529411765,84.69697750285161,82.19076413132436,222.95621,112.48292,74.3745305882353,114840.46904434693,1.3685591220477624,1.312502147844401,0.012135481302183332,0.024272154170186848,0.0558694139653651,0.054106350657755514,0.137124,0.050742499999999996,1.1840837546096852,0.04724144921923261,0.050629081326842185,0.134808,0.039503666666666666,1.0303237074923652,80.19106891570556,48.99068524137653,122.816936,70.00693483333333,0.9948620633050349,0.04875119665813343,0.05448637419300351,0.14881899999999998,0.0383052,1.0332218629761054,0.03281520670055272,0.024390100317546872,0.06565599999999999,0.030403999999999997,0.7156911142361225,97.2258969407632,18.069459360027402,45.49539800000001,95.8732014,1.2061986171907273,0.03165132230729073,0.03476493326183728,0.08032500000000001,0.028065800000000002,0.6708109839707924,0.05452049272337879,0.06042284590533617,0.14879599999999998,0.0448864,1.1890777511159223,60.178378927909264,67.25497750085611,168.938061,52.125388799999996,0.7465817208335848,0.9968228431378131,0.0003050180530003853,0.002230962639256849,train,0.05882352941164946,-1.4120691887647003,0.0508686859864713,-0.005022196532694208,0.005022196532694208,-0.3246349010086861,0.04669637836910383,-0.0019492856380408097,0.0019492856380408097,-0.13496569706317252,0.3246349010086861,0.8597810672210144,0.037663576401618916,0.6688495182134717,0.41524100845204454,0.41524100845204454,0.05797177860778398,0.9982654311664757
normal,0,N0054,2,411.727,413.427,1.7000000000000455,18,-0.006479388888888888,0.02596999301034785,0.026056747659888618,0.09011,0.055906,0.02096538888888889,0.012221173774999998,2.1455478914607937,2.50387318587317,-0.005628277777777779,0.046996618562722844,0.04601798673163933,0.17232,0.09379,0.03502561111111111,0.038117791851000005,2.038116107663514,3.2658237785306268,10.134644999999999,85.5333454974185,83.73901347196451,219.53312,110.95907,76.56874544444445,126220.00279064139,1.3250582422630122,1.305527552365682,-0.27695196159918295,-0.5687555740422415,0.022655702413152706,0.024763513876265623,0.064532,0.019464166666666668,0.8638122699971836,0.018314792864421555,0.019924173384777262,0.050976999999999995,0.016943000000000003,0.4224598040289875,85.9083223294367,37.21563238041729,95.713869,78.9054525,1.0482620026956349,0.03507786088356396,0.03752223209645183,0.09011,0.028895833333333332,1.3374419421613615,0.03559662450055249,0.03893778836768553,0.106312,0.027219500000000004,0.8210927157036028,90.09913681114428,30.379716430636215,81.053867,85.72484166666668,1.099398743146395,0.0156948083008363,0.015190104334730555,0.042689000000000005,0.012851600000000001,0.5984086363018855,0.06683640186305663,0.06614725311983863,0.15953699999999998,0.057391199999999996,1.541687828090069,65.097954866722,68.20501858197598,168.118734,56.14326659999999,0.7943318026663122,0.9914192716400354,0.0035635848374966296,0.003799734508073247,train,1.3374922084889567e-13,0.7060345943826817,0.05149342688916124,-0.025436679229272622,0.025436679229272622,-1.6442275386532337,0.04900272604349394,-0.0029847393118546117,0.0029847393118546117,-0.20665900056658393,1.6442275386532337,0.479619879971715,0.5460203339923371,0.6751284150219637,0.40589719061732504,0.5460203339923371,0.06904785808233413,0.9975392997647676
normal,0,N0056,1,425.625,427.325,1.6999999999999886,18,-0.011562777777777778,0.05540815738048553,0.055074518867117166,0.18931599999999998,0.104752,0.04691255555555556,0.054597647312,1.9020048137459682,2.0310791309110723,-0.01331772222222222,0.043862967577251395,0.044659097476201746,0.1537,0.098378,0.03824261111111111,0.035899829773000005,2.2028658338298115,2.209945258104406,8.935915999999999,88.63967179503265,86.6045177088521,224.52607,113.11842,78.95662633333333,135006.1647764918,1.3061491824281337,1.315707889626872,0.10443240476668736,0.20962911925318659,0.042987865820872447,0.043886315422539936,0.093801,0.0379845,0.7592517179534728,0.05730550069437779,0.058630150112093916,0.140349,0.04852183333333334,1.2495046983947768,88.68628500705745,40.463329750742,102.290281,80.62788766666667,1.0457194471898437,0.06258801744610012,0.06129956720700944,0.139453,0.05084983333333334,1.105429610468832,0.036227706317126955,0.03967637427823599,0.107322,0.032835333333333334,0.7899187461380537,94.06002716462777,31.295640492598853,80.932984,89.61644816666667,1.1090824201445457,0.06309558650492125,0.06909242288630497,0.165088,0.060273200000000006,1.1143942955614996,0.040445476530756815,0.03800693919141609,0.09151899999999999,0.03765779999999999,0.8818841532075551,66.32945220017197,70.56862581885153,177.09865100000002,57.3826138,0.782105125743505,0.9935071614970409,0.001992639023410331,0.003596492293381904,train,1.0031191563667174e-13,0.7060345943814776,0.05264969911006515,0.002424819757052013,0.002424819757052013,0.15674040565118807,0.05327132080999851,-0.008612223333796763,0.008612223333796763,-0.5962977938306918,0.5962977938306918,0.980200621135486,0.1687430587195932,0.6335136944483488,0.4695184912205427,0.4695184912205427,0.05875733826123924,0.9982181033292647
normal,0,N0056,2,427.325,428.925,1.6000000000000227,17,0.011955882352941177,0.0505256078870932,0.05045407109208043,0.234536,0.132736,0.035586470588235296,0.043275425926000005,2.630828338069136,5.149554290894802,0.005557529411764707,0.04608880074665326,0.0450567649370018,0.16007,0.086419,0.037276823529411765,0.034511905132,1.9180027709674832,2.2842734510604874,2.9162867647058826,87.5786103300078,85.01376642215195,226.48372999999998,114.20239,76.71890782352942,122864.78818176356,1.343339964881763,1.326274442522442,0.05650988285118439,0.11314030125892655,0.055125893244463625,0.06028982594656139,0.181982,0.04245366666666667,1.0601187481007208,0.03350189418525466,0.03628569915912696,0.102259,0.028474666666666672,0.7251490430563603,84.47486690316939,46.95115757970835,118.433372,74.47714533333334,1.019627739943533,0.06515235867104122,0.05490274032778327,0.13205,0.042817999999999995,1.2529363760847554,0.05922458352407385,0.0629932336937865,0.14701399999999998,0.055230800000000004,1.2819170710292536,98.45242910730418,26.51036718509151,63.186896,95.55438840000001,1.1883395791283,0.027590665316371044,0.030830819997204096,0.06658700000000001,0.026542600000000006,0.5305924285842716,0.04445005998646121,0.048299573619236015,0.126112,0.0335416,0.9621222694078885,60.89692846861589,67.87969298172524,169.652244,53.0768458,0.7350375303358802,0.9965053171421098,7.212799517470571e-05,0.002794880186433512,train,0.05882352941161602,-1.4120691887634962,0.05200780806014077,-0.0015537369680603402,0.0015537369680603402,-0.10043359385404585,0.050901660165352566,-0.005844895228350765,0.005844895228350765,-0.4046920283824762,0.4046920283824762,0.9147696903460691,0.09965812161482415,0.6511144918896137,0.4421146103293066,0.4421146103293066,0.10814011905730529,0.9939642398194891
normal,0,N0058,1,439.829,441.529,1.6999999999999886,18,-0.015603777777777779,0.07622373531106463,0.0757017484305643,0.261976,0.150781,0.06398011111111111,0.103153584878,1.9917769817205797,2.1970946770778284,-0.018457055555555556,0.04944718117996001,0.05147671293841949,0.216677,0.143599,0.03765516666666666,0.047697335549,2.789591483274864,4.309587216008866,8.98395022222222,87.92608743139516,85.91977879122784,225.45793,113.68812,78.04967488888889,132879.75097560347,1.3231891608595159,1.3353232467739014,0.19048064610303833,0.38567172755320744,0.07875054046375385,0.08184790925776093,0.231437,0.06974300000000001,1.0494508285518602,0.07361517779076994,0.07522327385435087,0.216677,0.056661500000000004,1.409915549321775,91.99041170041595,34.2579552435809,85.860141,86.51144199999999,1.0951113393559886,0.05783670878285981,0.06142402944912249,0.155835,0.05096283333333334,0.7707474970387221,0.04101750576684708,0.03442226781992532,0.088227,0.03341666666666667,0.785588256533754,91.43059653216949,38.28496162209562,95.69515100000001,84.48730916666666,1.0884469498032303,0.08768811217035066,0.09763628744068467,0.261976,0.0682452,1.1685553067877497,0.02732997966336602,0.02828819463132987,0.078451,0.020108400000000002,0.5234377535505864,61.68309879412147,68.49557380543898,173.033854,53.0427042,0.7343141495664455,0.9937954645581321,0.002258384707212735,0.0030029512113297543,train,1.0031191563667174e-13,0.7060345943814776,0.05237339709702723,0.023328351333537077,0.023328351333537077,1.5079451742992456,0.05225130034638627,-0.0007745874079667786,0.0007745874079667786,-0.05363130339259486,1.5079451742992456,1.3580556573304599,0.49479508461987937,0.7360448351895396,0.3195090736221951,0.49479508461987937,0.1568848820029168,0.9872965851865325
normal,0,N0058,2,441.529,443.229,1.6999999999999886,18,0.00920761111111111,0.06874213961066118,0.06743689714301643,0.226611,0.131983,0.05711583333333333,0.081859231733,1.9571333437850464,2.082520030734054,0.011204611111111111,0.053195031445492424,0.0528965830029586,0.191144,0.143843,0.04313138888888889,0.050364872881,2.719324989138799,3.608402214691548,9.196269000000001,88.35250469657154,86.35427384651084,227.20828,114.17283,78.4359728888889,134227.09100804734,1.32214452063988,1.3440267938893875,0.12083348808908642,0.24285356022128918,0.09357869547694425,0.10186048305680995,0.226611,0.0880765,1.4272193803167632,0.048949980589032584,0.053417995211351765,0.13186900000000001,0.044716,0.9375997325565109,88.23833864083076,41.22705650543906,104.759462,79.80985266666667,1.0450701023998719,0.04772939988099578,0.05196301542700026,0.13672800000000002,0.041560999999999994,0.7279469346506241,0.06611847658937704,0.06761350283116532,0.185603,0.050880499999999995,1.2664492451531946,93.93079564056251,31.71670083362296,82.800275,89.35716783333334,1.1124899644604176,0.03707679663347415,0.04113866279669284,0.104223,0.0313166,0.5654783115500381,0.03385123299083801,0.03753832300862679,0.10195199999999999,0.027862599999999998,0.6483946799772393,65.6317960187898,69.24045730540325,175.046466,56.534511800000004,0.7773245603051893,0.9939621469929135,0.0021615846909490686,0.002921229612734316,train,1.0031191563667174e-13,0.7060345943814776,0.052548722108268366,0.014888175034748062,0.014888175034748062,0.9623719814908521,0.05289854535659348,-1.96235363487951e-06,1.96235363487951e-06,-0.0001358705061233902,0.9623719814908521,1.203700808267931,0.37414188943341703,0.7525413959943076,0.29734410147472307,0.37414188943341703,0.05058209928439969,0.9986794587003772
normal,0,N0059,1,446.452,448.152,1.6999999999999886,18,-0.013836666666666667,0.07160048587988278,0.07094554368199128,0.254654,0.16471,0.05498511111111112,0.09059886303,2.321639830378941,2.819858115180279,-0.0041307777777777775,0.1636526195824039,0.15909539383059182,0.49119900000000005,0.273977,0.1387652222222222,0.455604198086,1.722092597424515,1.8025979406825088,18.115914222222223,177.53964023331503,173.48596801837354,487.74725,244.69963,155.6155007777778,541752.8597868984,1.410486581681836,1.4323577818570432,-0.38319201400140185,-0.8075913911471391,0.08250274957640301,0.08551460282704158,0.245958,0.06612233333333334,1.1727630675852143,0.15561062768547226,0.17034244326414952,0.42086599999999996,0.13719866666666666,0.951011375513034,172.781137914902,103.33694298334835,255.61550200000002,150.41800199999997,1.026251051295264,0.07556369934697481,0.08222414651913391,0.218051,0.062749,1.0741256055009247,0.16061634272389594,0.17586036187612036,0.43480699999999994,0.14829233333333333,0.9816037072510675,192.5139812721352,52.19036127932886,142.40242,186.52552500000002,1.1434562710593523,0.0425048590304685,0.046501874378351675,0.112408,0.027218399999999997,0.6041996069196054,0.17611238906902604,0.19688089872890158,0.49119900000000005,0.1527104,1.0763074981739014,126.7952863778958,120.76898350109346,301.242028,106.9436444,0.7531134330686495,0.9987316236120743,0.0009553265285945189,9.819912158718924e-05,train,1.0031191563667174e-13,0.7060345943814776,0.08770761534398347,-0.016762071661992187,0.016762071661992187,-1.0835007031817907,0.18269416350674045,-0.02359876967614863,0.02359876967614863,-1.633944424058767,1.633944424058767,0.6303265153313306,0.2727762440080195,1.1266262476923963,0.10618271646295768,0.2727762440080195,0.10682176204158839,0.9941105089828747
normal,0,N0059,2,448.152,449.752,1.6000000000000227,17,0.008755705882352943,0.059417128282554924,0.05830426413978958,0.194607,0.114195,0.051220529411764706,0.057789582687000005,1.9586046009637905,1.8646478833128104,-0.0011686470588235293,0.17201900769825595,0.1668870420485242,0.487134,0.246343,0.14872770588235293,0.473471841663,1.4761062151750113,1.4964234335614863,5.047916411764708,174.66863675114027,169.52863847145179,483.07616,244.69963,152.0695801764706,488579.3074537314,1.4434117574843075,1.4529619705418264,-0.48218015049591334,-1.0516419566122832,0.06928626812844423,0.07562752542141431,0.194607,0.06107683333333334,1.1906269792482478,0.15977698329494563,0.17485734436477068,0.420446,0.14279383333333331,0.9560923168624732,165.44935012058716,114.65257354874745,290.62263,143.44487283333333,1.0018633611109267,0.060818001910618535,0.06245425182083283,0.143789,0.05623560000000001,1.0451068567369795,0.16581709340957584,0.1848834776330757,0.425043,0.1530192,0.9922358386295659,203.4989629101385,45.65726532091492,111.46034,199.359372,1.2322693006357732,0.03710878918261818,0.03972655588897683,0.102202,0.032611,0.6376837252390899,0.1767416044823629,0.1956376333063248,0.486862,0.1486618,1.0576072136973358,114.05969637020262,126.08991655765799,315.57349,99.8350732,0.6906780273809238,0.9991344230826867,7.520862933057839e-05,0.0006552085609660255,train,0.05882352941161602,-1.4120691887634962,0.08611077588893595,-0.027806511749146376,0.027806511749146376,-1.7974135680107237,0.17679913254644014,-0.009912090497915943,0.009912090497915943,-0.686298702097374,1.7974135680107237,0.5301051866042268,0.4459387552916535,1.2093893944328904,0.17707077064745663,0.4459387552916535,0.06006267318516652,0.9981380517625025
normal,0,N0060,1,453.828,455.528,1.7000000000000455,18,0.006218722222222224,0.09480166266586476,0.09234029584489223,0.302406,0.174924,0.08400494444444445,0.15348114426099999,1.8943409093450057,1.793817487469976,-0.01083488888888889,0.11493332615343911,0.1122194000711701,0.328075,0.187854,0.10158011111111112,0.22667748754199998,1.6739886319198112,1.7103897836964137,11.98719022222222,115.84620304131616,113.21864197554383,318.93149,162.19224,101.50753633333333,230732.29603415474,1.432557723444827,1.4532159678105723,-0.097179965668006,-0.19497526336160137,0.09168974300414778,0.10044019332070206,0.23893000000000003,0.08832849999999999,1.0085929344310367,0.11513691010488339,0.12588030818956553,0.313872,0.10181316666666666,1.0259029489228109,115.5695821213451,62.67049170071024,161.293283,100.4158165,1.0524966187802247,0.09282054739926932,0.10058875948020568,0.271536,0.0766805,1.0210318538322127,0.11222297685783127,0.12136272986780854,0.292358,0.10574716666666667,0.9999389664918789,124.28216133817267,37.975277299337506,100.592502,119.34943466666665,1.1318424120092567,0.08758799542288886,0.09603291606162961,0.211535,0.08161500000000001,0.9634734533011768,0.10864718142501442,0.12053149534997067,0.293027,0.0942076,0.9680776018267181,80.19690758702652,81.32378610969296,204.463147,69.6088154,0.7303563145478055,0.9977462373468928,0.0006881591363213486,0.0011680372248061715,train,1.3374922084889567e-13,0.7060345943826817,0.06338888147703489,0.028951414367857337,0.028951414367857337,1.8714200999873645,0.09291701740240567,0.019302382668764426,0.019302382668764426,1.3364688483973277,1.8714200999873645,1.2571240337898137,0.4175676707388719,1.217689648107793,0.18391050341914447,0.4175676707388719,0.04910815360240069,0.9987552976772958
normal,0,N0060,2,455.528,457.128,1.599999999999966,17,0.01079829411764706,0.08682350931470455,0.08492051715124735,0.263736,0.140583,0.07143958823529413,0.12259540196500002,1.6554656603140465,1.6421573647668588,-0.002906294117647059,0.11092784912487301,0.10765505770938848,0.352065,0.188308,0.09477617647058822,0.197023394657,1.7491793140674512,1.8428480502184974,3.240810352941177,111.02257287857991,107.75646165882767,316.76261,160.50007,96.31177776470588,197394.73549691678,1.489470492341945,1.485615259166615,-0.11805516132809539,-0.23721647892564282,0.08940319792938058,0.09669125023427233,0.243016,0.07465133333333333,1.0529609911487932,0.09378429824069698,0.10272078251146001,0.251361,0.08491749999999999,0.909287802434415,108.90951192528767,67.61136468011195,177.33004,95.34219116666667,1.0384613181365958,0.06364078988981832,0.07112167841804636,0.198251,0.0471486,0.7495399577631136,0.10552007118079479,0.1177710999112261,0.280607,0.0907756,1.0230722566207995,127.01106176889,35.62048706811886,90.178982,122.95021159999999,1.211061112026021,0.09709520013986273,0.10843867869307519,0.24587799999999999,0.0891354,1.1435548229026158,0.11114103195399977,0.12251142250949501,0.299749,0.096811,1.0775704099888619,69.50734919146461,77.64035944937748,191.34869500000002,60.8337714,0.6627583962644622,0.9968188748472396,0.00020330901854572652,0.001978588986200436,train,0.05882352941164946,-1.4120691887647003,0.06118481306754374,0.02373570408370361,0.02373570408370361,1.534276465570913,0.08478028739395042,0.022874770315438053,0.022874770315438053,1.5838157633408787,1.5838157633408787,1.2147142242309208,0.38324991427673527,1.2273762874009995,0.1918339625215836,0.38324991427673527,0.08781053626709824,0.9960202888879881
normal,0,N0061,1,461.141,462.741,1.599999999999966,17,0.0018372352941176443,0.059998260817011824,0.05823585068596188,0.196195,0.10538,0.048931352941176474,0.057654043187,1.8095382613755226,2.123331594175436,0.0018592941176470595,0.03277777419755021,0.03185342189578049,0.109445,0.058109,0.026501176470588233,0.01724888827,1.8242624038988255,2.2151753417324667,2.5425093529411775,84.42166405435279,81.94049914493641,217.96503,109.0783,74.16932217647059,114142.17180206253,1.3311891084170995,1.3122378693891192,0.29284761696738626,0.6033563421409769,0.07037126738946799,0.07677920494248426,0.196195,0.05986400000000001,1.172805540729556,0.04024190213985086,0.043964389201943885,0.10059,0.034312166666666664,1.2699410104566742,77.00138912651656,50.468672379903566,126.203431,67.47022,0.9614595822024797,0.05183088996341853,0.057932217487336006,0.151861,0.0417208,0.8638121378944904,0.0267297200770977,0.029882925345420922,0.071866,0.020828599999999996,0.8435279129193595,97.73485997734565,15.757238417565715,38.558367000000004,96.71334140000002,1.2203431484338938,0.0537771465996477,0.06010609850672392,0.123887,0.05140560000000001,0.8962483956361387,0.023567879845247004,0.025888955569895053,0.057221,0.021222400000000002,0.7437475753750586,62.11222692621072,68.56353473818743,172.47786200000002,53.034884,0.7755495897875336,0.996299916646382,6.536491516640206e-05,0.002838058705357362,train,0.05882352941164946,-1.4120691887647003,0.0507677004608175,0.007468150225144382,0.007468150225144382,0.4827414047369283,0.046323571448289344,-0.014470149552508853,0.014470149552508853,-1.0018920689969197,1.0018920689969197,1.0954602611798563,0.27991567634321823,0.4775777679029407,0.7520730964940728,0.7520730964940728,0.0617875063348107,0.9980295762895083
normal,0,N0062,1,467.905,469.605,1.7000000000000455,18,-0.023123222222222226,0.06781131716023908,0.06983976573477955,0.308525,0.155996,0.054808555555555555,0.087796671802,2.2336271944611554,4.753195499345718,0.010811388888888891,0.20703332029698215,0.2014904846745595,0.6459440000000001,0.326666,0.17655605555555554,0.7307714774590002,1.6212477751871,1.6428207850670253,19.366167555555556,190.29221716889532,185.9420528880698,522.52085,262.3829,166.6515681111111,622340.0465801355,1.4111003719957032,1.4353941043738607,-0.4852047228080226,-1.0595386005908913,0.04561812151619865,0.037209845643324024,0.09451599999999999,0.03696966666666666,0.6427633775594167,0.20451107105321542,0.2238360507636486,0.565302,0.18119300000000002,1.0340150494004896,184.0506651519735,111.2630479783987,275.147471,159.89150650000002,1.0200111022384826,0.04900630014260071,0.04654077990751766,0.125623,0.04088933333333334,0.6905031148677032,0.18632258412674152,0.20408298456755278,0.514484,0.17253366666666667,0.9420534303500262,206.5766364478489,55.48924821000683,150.61631,200.26988333333335,1.1448503186114636,0.10838204165543293,0.11743886669454878,0.308525,0.0945686,1.527112578199747,0.20286238112622065,0.225786379100246,0.587236,0.15984220000000002,1.0256792161004724,137.26174700460567,129.6924218083015,323.060431,115.27539740000002,0.7607063291063922,0.998705027719906,0.0009492387083227236,0.0001537007200945096,train,1.3374922084889567e-13,0.7060345943826817,0.09273382494808963,-0.022894059213310072,0.022894059213310072,-1.4798725215185502,0.20124935459718307,0.0002411300773764169,0.0002411300773764169,0.016695495180844983,1.4798725215185502,0.5789352073248103,0.35782364057376875,1.3312619916316815,0.27308252934222904,0.35782364057376875,0.11627536062000177,0.9930219563936387
normal,0,N0063,1,474.16,475.86,1.6999999999999886,18,0.008161444444444449,0.08032117672285305,0.07848365699303264,0.292971,0.16319,0.06811811111111112,0.11087431947000001,2.079286392254723,2.4936333467393657,0.0052463333333333355,0.1265751294509684,0.12312074244550889,0.399329,0.227567,0.10878499999999998,0.272856909966,1.8483238118931684,1.822542229121782,14.663227388888888,153.58336919199886,149.97474903101144,435.13219,219.2147,135.74878005555556,404863.6562444676,1.461677391803278,1.4237056647831334,-0.22140928261767576,-0.4502751078249777,0.050659736435029606,0.05540893475484497,0.140746,0.044177999999999995,0.6450394858481285,0.1217343812918109,0.13326127681626046,0.356005,0.11136250000000002,0.9708320112673586,157.3159254627404,77.19179885101202,203.373572,140.651421,1.0769975049602327,0.09595412011042917,0.10506703108857063,0.270662,0.08428683333333335,1.221763093466134,0.12011912046103791,0.13114375085022797,0.296899,0.10380033333333334,0.9579503018897777,164.7024854410577,53.64544270918841,150.30003999999997,157.25366166666666,1.1275664899087463,0.0827242805988665,0.07768523813891544,0.206437,0.0755546,1.053310403481533,0.13550322371368145,0.15147374510851705,0.38734,0.11851199999999999,1.080638565828187,101.45268431898815,107.76675256231249,263.41525,90.148985,0.6945532536624661,0.9979461274881196,0.0011251763757896044,1.1113559299083027e-05,train,1.0031191563667174e-13,0.7060345943814776,0.07822049993695716,0.00026315705607547757,0.00026315705607547757,0.017010478242468506,0.14767070584380426,-0.024549963398295377,0.024549963398295377,-1.6998036912930337,1.6998036912930337,0.8066142612836936,0.026168644416341525,1.008555250379266,0.004525967270265341,0.026168644416341525,0.050401945238791976,0.9986888484728481
normal,0,N0064,1,481.148,482.748,1.599999999999966,17,0.022034588235294115,0.07582149312122752,0.07678705215763153,0.266495,0.143623,0.06410576470588236,0.100236273444,1.8704064808369643,2.631463836471683,0.03200288235294118,0.04906534505239206,0.057358350078309285,0.153258,0.113913,0.046280176470588234,0.055929665503000006,1.9859880879502059,1.6277081729380745,2.4367218235294112,85.4001302196296,82.88612148414822,221.76078,111.12763,74.91087394117648,116791.8552896446,1.3407266260040036,1.3060878674900476,0.14483315682340983,0.2917176026860197,0.053173132773986526,0.043586472519196444,0.132016,0.044865666666666665,0.7328542292559582,0.08047230852908346,0.031197549286228667,0.091882,0.07526433333333334,1.4613680463235958,81.06609265156133,47.11288420722861,117.767708,71.09517683333334,0.9991625562294042,0.0759967231819899,0.05600646652842866,0.13442199999999999,0.05715,1.0474184440146925,0.02573161398358059,0.028687259536247095,0.079552,0.019805800000000002,0.46728320764338294,97.15915401577404,21.647212176022087,53.800233,95.2103974,1.1975140963651398,0.08762269030565085,0.08055554955619135,0.20238299999999998,0.08166799999999999,1.2076523578595038,0.035641654459354154,0.03968669935003413,0.098092,0.030010199999999997,0.6472484249185275,61.145628205854315,68.36154936098755,172.272226,52.7544798,0.7536371888924077,0.9967341513345602,7.090287784164728e-05,0.002483681920628419,train,0.05882352941164946,-1.4120691887647003,0.051149272691010536,0.02563777946662099,0.02563777946662099,1.657226662685797,0.04773221657129695,0.009626133507012337,0.009626133507012337,0.666499456746041,1.657226662685797,1.4279433768748786,0.5449762826265916,0.8501615218403712,0.1753737507466363,0.5449762826265916,0.07420307862995167,0.997158143546752
normal,0,N0065,1,487.018,488.618,1.6000000000000227,17,-0.009073941176470587,0.07236156351654395,0.07078503204067935,0.286715,0.183596,0.054308176470588235,0.08517885293700002,2.593712183311431,3.74057767281695,-0.009461588235294121,0.16556063317334033,0.1608958450439655,0.46252099999999996,0.246047,0.1434560588235294,0.440087040191,1.5292315344300318,1.5208977864893478,5.480913941176471,148.48076362102591,144.15173414056525,413.26432,207.26862,129.4509044117647,353255.28174744744,1.4378503403773708,1.4613460764503796,-0.3889436803624286,-0.8211096639431688,0.0999701677943642,0.10676229530019793,0.286715,0.0856925,1.3783641909913384,0.15389874956227986,0.16796911954096402,0.39522999999999997,0.14029283333333334,0.9642208809173639,137.2348470421718,98.91013301286178,252.793461,118.52253800000001,0.9824461274102916,0.047759982587936525,0.04575952427418799,0.107527,0.0337448,0.6585029435680585,0.17124919409445405,0.19143847971998731,0.45330099999999995,0.1517044,1.072926513410828,173.2391017337302,37.34063224005654,94.24103,169.9892,1.2401958269537727,0.05058848088448595,0.04794040929424779,0.122922,0.041704599999999994,0.6975015853855179,0.15418324315177703,0.1713342574233186,0.41798199999999996,0.13164800000000002,0.9660033168387766,99.13576322396696,107.51707070652606,268.26576,87.39205539999999,0.7096998230873579,0.998995987734058,0.00010041274204362557,0.0007053257503532194,train,0.05882352941161602,-1.4120691887634962,0.07587082958119251,-0.005085797540513165,0.005085797540513165,-0.32874607163750325,0.13899645906843233,0.021899385975533175,0.021899385975533175,1.5162815729838026,1.5162815729838026,0.7568788519549029,0.0898110038552801,1.3712339917039464,0.3026662294119361,0.3026662294119361,0.0905303487725426,0.9957699385554137
normal,0,N0065,2,488.618,490.318,1.6999999999999886,18,0.023267111111111113,0.061036459476272814,0.0637168614619047,0.20666299999999999,0.125553,0.05366022222222221,0.07307709182199999,1.9704831204698643,2.135216425551601,0.002198499999999999,0.14325935169156753,0.13924042210048854,0.433445,0.253211,0.12117927777777779,0.348982112641,1.8185164636836562,2.137766642472103,16.302938666666666,155.72953065253293,152.21746482480492,432.07078,216.75935,136.46313544444445,417062.818758433,1.4240110374291133,1.4331279367294778,-0.37211554723530893,-0.7817528657103602,0.06956500631304027,0.06806979838273848,0.162681,0.057816333333333324,1.0966488562956078,0.1457354616516973,0.1596423711672437,0.432105,0.13005350000000002,1.0268875865523184,153.76491735094396,84.77251364408119,213.13932,133.5500645,1.04216135920837,0.06257617858658357,0.052479538661907715,0.126135,0.05082483333333334,0.9864743542107993,0.11013626652772768,0.12063108433069812,0.31891400000000003,0.09277366666666668,0.7760469802253102,167.86214104939063,50.189314441549655,138.71587599999998,161.48857233333334,1.1377070926808917,0.05634852279696426,0.06049019544934534,0.12392,0.049138600000000004,0.8882992520860905,0.16863388838249566,0.18639967340287913,0.43031200000000003,0.1526266,1.188235482904632,108.76590799716755,108.1785231020446,269.314203,93.86905340000001,0.7371748280861335,0.9980391160803616,0.0013839449942511513,4.59854121588489e-05,train,1.0031191563667174e-13,0.7060345943814776,0.07912546805334093,-0.015408606591436239,0.015408606591436239,-0.9960126894534764,0.15101156459281873,-0.011771142492330189,0.011771142492330189,-0.8150167531650355,0.9960126894534764,0.6452005068813275,0.24945307556785531,1.1237959415859429,0.10366735946708464,0.24945307556785531,0.059749194438771955,0.9981574367813751
normal,0,N0067,1,507.005,508.705,1.6999999999999886,18,0.05629444444444445,0.10800981364357713,0.11910947296313404,0.361772,0.241951,0.09890244444444445,0.255367197892,2.031332974455248,2.4618008723378786,0.024090833333333343,0.1388850528569876,0.13710511233944236,0.510557,0.322817,0.10763794444444445,0.338360612933,2.354521975816449,2.7732815573768343,13.174846944444447,134.66727061570472,131.53453978847583,374.78283999999996,187.58585,118.3856933888889,311424.0328325903,1.4261337767377433,1.4504902847570709,-0.07023659232742803,-0.14070486390796097,0.12903012893635862,0.12639470861076424,0.33085699999999996,0.11231466666666667,1.053847337754995,0.17913180215184202,0.1945654793373343,0.510557,0.1442585,1.3073394022578788,137.3322049208868,67.75709899941356,173.524637,122.61435800000002,1.0746628756641528,0.1243862965476235,0.13333229421924256,0.361772,0.09890449999999999,1.0159190613114155,0.10762464342333497,0.09224113468440567,0.234173,0.07459500000000001,0.7854659826512176,144.46060936499433,49.993367327312086,136.238827,137.06234716666668,1.1304446321954398,0.11146340341385598,0.05934252783038485,0.141837,0.0980146,0.9103719566361163,0.10690100905417124,0.10602380332642287,0.242131,0.097164,0.7801847555755593,88.59458834872781,93.9766907348639,234.42366800000002,77.80417,0.6932774081503539,0.9979493563084634,0.0011764245618299547,0.0002494073837393342,train,1.0031191563667174e-13,0.7060345943814776,0.07077960998107333,0.04832986298206071,0.04832986298206071,3.1240434703832216,0.12020127144107139,0.016903840898370978,0.016903840898370978,1.1703973113897248,3.1240434703832216,1.395761781569996,0.5221814177481908,1.2805615336110427,0.23425385097404527,0.5221814177481908,0.04936022092955268,0.9987424870140821
normal,0,N0067,2,508.705,510.405,1.6999999999999886,18,-0.03974088888888889,0.054331109221890966,0.06608490699765635,0.16589399999999999,0.112691,0.051145888888888894,0.078609868792,1.7052456471490005,1.483294263159857,0.010144611111111111,0.11758020444592597,0.11471685252079476,0.38802000000000003,0.232626,0.10211916666666666,0.23687921254099994,2.0278276023815405,1.8760193799974492,13.566806722222225,133.94313255983266,130.87441293988715,369.79906000000005,185.26687,116.96617516666667,308306.01532248186,1.4156080309227155,1.4611193907596287,-0.26897938190643805,-0.551526555388165,0.06187674103409132,0.06475239589389724,0.165633,0.047106666666666665,0.9100061009647246,0.11812992066505984,0.10494347405849812,0.302383,0.09236866666666667,1.0077302412664213,133.04270572527358,75.79530079449752,187.786605,114.94343966666668,1.047983278865052,0.04676431792510182,0.041476743616955594,0.08970199999999999,0.032848666666666665,0.687751389425153,0.11776787591486908,0.1287685811716766,0.292131,0.11176716666666665,1.0046417481784302,144.5950753478741,42.66400403957092,116.62842500000001,139.25116916666664,1.1389818054641248,0.09220072810016199,0.03246304001938204,0.078803,0.0875094,1.3559735642559163,0.11546448381905147,0.10555268121037949,0.267256,0.11121999999999999,0.9849922143483782,92.01480101976006,91.22925421097858,227.795745,78.991326,0.7248046584074025,0.9986303691581456,0.0006645133471963602,0.0005131128299773871,train,1.0031191563667174e-13,0.7060345943814776,0.07051323929228837,-0.00442833229463202,0.00442833229463202,-0.28624750280933825,0.11921791431500574,-0.004501061794210975,0.004501061794210975,-0.31164695964757083,0.31164695964757083,0.7783095253728736,0.061889914856761964,1.0768596120456182,0.06100420985418893,0.061889914856761964,0.06844028376505491,0.9975824142235634
normal,0,N0068,1,514.187,515.887,1.6999999999999318,18,-0.011668611111111112,0.08561111126493066,0.08401331807748631,0.34582,0.185524,0.06086672222222221,0.127048277059,2.2082689298009797,3.1424384299803907,-0.012528055555555554,0.1633505242201467,0.15924175072633712,0.5106360000000001,0.258583,0.13720783333333333,0.45644283313899997,1.6238392181732826,1.920444437333001,17.861944777777776,176.88784396467557,172.82957921098216,497.30748,249.10513,155.1516437777778,537661.1421044129,1.441333891670848,1.4435642382046556,-0.30925741041478816,-0.6394481575110844,0.10967221923987862,0.11658335655258287,0.34582,0.07991966666666665,1.2687979112817278,0.17004930492752193,0.1848264733393641,0.5106360000000001,0.1505856666666667,1.0382233140803292,178.31640867389825,95.04386748518654,244.338188,155.78498316666665,1.0619946725017753,0.08577833718272541,0.09293306009972986,0.19617300000000001,0.07335883333333333,0.9923695882602096,0.14995424437140817,0.1639088661502686,0.41134,0.131274,0.9155344246661349,190.39388627582213,58.80028126751273,165.016906,182.670754,1.133924210371501,0.04626045551224069,0.05126361983902424,0.142711,0.0340438,0.5351872127297098,0.17183516069885116,0.19206926311437758,0.463906,0.1517772,1.0491267229367733,119.16195853699129,121.82176148214737,301.35611,104.07353699999999,0.7096899610769603,0.9983309538005819,0.0010258253746205472,0.00011522190139966509,train,6.687461042444783e-14,0.7060345943802737,0.08744275300864687,-0.0034294349311605604,0.0034294349311605604,-0.22167875393673436,0.18171637474902208,-0.022474624022684964,0.022474624022684964,-1.5561102171270682,1.5561102171270682,0.7492640126957896,0.09992279911916666,1.1319454126808963,0.11089292771381709,0.11089292771381709,0.04071464140456105,0.9991444221807981
normal,0,N0068,2,515.887,517.587,1.7000000000000455,18,0.025009944444444446,0.08995609550054189,0.09092873790349354,0.31596199999999997,0.173432,0.0756675,0.148824636781,1.9073397915637036,2.2709816054736596,0.009582444444444444,0.14798325188154876,0.14413276028717412,0.421149,0.246605,0.12199255555555556,0.373936546584,1.7109573112223573,1.8373372516963429,18.25520922222222,176.6425075700093,172.6335764814535,491.50234,246.43531,154.69450855555553,536442.3311180014,1.4275050950269528,1.44505134045828,-0.22634086310595347,-0.46065872150677123,0.0827920120130358,0.09000876862932115,0.24701299999999998,0.06284216666666666,0.8904537270799504,0.1543354613766173,0.16890240910853424,0.396274,0.13567300000000002,1.040783803159692,170.26247140199573,105.51143574486986,263.759641,147.7771375,1.0178208764081544,0.1170553626779511,0.11812615668343739,0.31596199999999997,0.10431933333333332,1.2589666736794032,0.13184795270689645,0.14437612048904302,0.415109,0.10825133333333337,0.8891359926818044,191.7130335089922,49.6897495889036,135.01443,186.26950333333335,1.1460513064225444,0.06873497234450597,0.06811062384679793,0.17010599999999998,0.063176,0.7392659124562129,0.15912091693237568,0.17652583219092893,0.415416,0.1442794,1.0730552240551137,127.47767709869285,118.01390874200428,291.929395,106.7571998,0.7620554309982042,0.9987097658407955,0.0008578644485799192,0.0001965092982833085,train,1.3374922084889567e-13,0.7060345943826817,0.08736366308497553,0.003565074818518005,0.003565074818518005,0.2304465194191184,0.1814243995305888,-0.03729163924341469,0.03729163924341469,-2.5820187595361466,2.5820187595361466,0.811859176980616,0.019687309680198703,1.0257087222892491,0.012338981147102872,0.019687309680198703,0.13747743052551722,0.9902451386302361
normal,0,N0071,1,533.961,535.561,1.6000000000000227,17,-0.004151470588235294,0.07244243479663495,0.07040199353168414,0.258764,0.130148,0.05584770588235294,0.084259491785,1.8486408334648567,2.607198438872796,0.0001861764705882419,0.16241682145572056,0.1575675712226345,0.461907,0.242964,0.14320311764705881,0.422068171517,1.541967031126633,1.4298786126386738,4.965150411764705,172.69719681092266,167.61444637971,490.84645,247.72635,150.3282895882353,477608.2447980035,1.4779534541957458,1.4559762171803259,-0.38235620524391406,-0.8056328099147839,0.08280628087389669,0.09055180882658649,0.258764,0.0656655,1.2068671201353853,0.15970487958731883,0.17362383855181485,0.399351,0.14885633333333334,1.060236940658956,164.78381678011797,112.46423200640764,288.74198,142.56538583333332,1.0046143737563389,0.05391654209794987,0.06007033491915956,0.142563,0.050656999999999994,0.7858111872999636,0.13459988608464718,0.1461705702345722,0.36333899999999997,0.11364079999999999,0.8935717669002385,201.28934285068974,43.32751849803598,108.40190000000001,197.52362,1.2271724921968754,0.06268453593032336,0.06048807837251899,0.145844,0.04152,0.9136010524426348,0.15454263370798363,0.16704877301943885,0.39359500000000003,0.1460294,1.025966204585152,113.98958912943681,126.13233142011528,311.65913,99.0948076,0.6949443333432269,0.9983936464907148,8.501416429353434e-05,0.0007009965671328756,train,0.05882352941161602,-1.4120691887634962,0.08533837181684881,-0.01493637828516467,0.01493637828516467,-0.965487840722053,0.17394765871516482,-0.01638008749253031,0.01638008749253031,-1.1341333887870138,1.1341333887870138,0.6474083837403924,0.24603691616764248,1.154893684819965,0.13096346307104778,0.24603691616764248,0.06300586643998765,0.997951102345364
normal,0,N0071,2,535.561,537.261,1.6999999999999318,18,0.0030698888888888885,0.06887547446864556,0.06700529109953432,0.287091,0.17546,0.050146666666666666,0.080814762636,2.6185991750914046,4.70676110653243,0.010320833333333338,0.15046671257017769,0.1465911339351357,0.42221600000000004,0.242964,0.13135816666666666,0.38680128987100004,1.6574262950139114,1.4068113479504494,16.732210666666667,174.73129244351378,170.6306637205633,497.45601999999997,251.33327,154.05968655555554,524066.82123095926,1.4729666082270003,1.438042100331516,-0.37259913325942023,-0.7828757217756477,0.08582013930405069,0.08866091338671549,0.26999300000000004,0.06625416666666667,1.2673672839951926,0.14338377949114978,0.1570200811651172,0.37810900000000003,0.12470283333333332,1.0019314752730881,177.77468169840753,88.68543819090822,234.677942,158.27059633333332,1.069428680978321,0.07228728809871529,0.07786731899584061,0.22324,0.05957833333333332,1.0675180060063434,0.15813409467073614,0.17278398839823092,0.406118,0.13732166666666668,1.1050031414062729,188.0408452914347,61.54421825686745,172.483587,179.4518055,1.1311862365824665,0.021944618848364628,0.012606196861067974,0.033242,0.0188264,0.3240718578843984,0.12228117906202901,0.13486889067609326,0.273194,0.1191428,0.8544715627566062,116.61098580216354,122.84758019702222,300.27357,102.74454339999997,0.7014898383874116,0.9975083527153111,0.0012430013588005562,7.259351995849678e-05,train,6.687461042444783e-14,0.7060345943802737,0.08655545894536948,-0.01955016784583516,0.01955016784583516,-1.2637233055336345,0.1784407630665969,-0.03184962913146119,0.03184962913146119,-2.2052219095255734,2.2052219095255734,0.6052807014471389,0.3133218876729541,1.0554489614882936,0.04092140342681872,0.3133218876729541,0.04543150779704787,0.9989346983738243
normal,0,N0072,1,540.465,542.165,1.6999999999999318,18,0.00046205555555555507,0.0378051752191373,0.03674293171860103,0.114838,0.058797,0.03177405555555556,0.024300774562999998,1.6002261455428213,1.7621153031701038,0.002783777777777779,0.06191016491142207,0.060230231596027514,0.213567,0.120363,0.04699822222222222,0.065298254366,1.9983818227246952,2.789987793454904,8.85434372222222,85.60807774076858,83.66594283070147,219.65268,110.95907,76.18597027777777,125999.81981550371,1.326215497559459,1.3161947228019726,-0.24220412198970911,-0.49422853925897897,0.04387732982418142,0.04765086762448997,0.114838,0.039711166666666665,1.1975341837345812,0.07067575823788523,0.07705440519723711,0.210308,0.0625585,1.1405983695954427,85.76916104065604,38.39555874008866,98.477141,78.28047783333334,1.046564099181218,0.013808394312880843,0.015055212276816292,0.038475999999999996,0.012655166666666669,0.37686942843654436,0.03826522408140321,0.04138881022692003,0.121583,0.03128966666666667,0.6175420439431105,90.92118528718616,30.976589986936716,81.522233,86.41202266666669,1.1094296274096418,0.045003636701937764,0.05030890279562853,0.096969,0.04385599999999999,1.2282742263236188,0.0728229048939961,0.08109065506148042,0.213567,0.055543600000000005,1.1752500243679211,63.93619438243905,67.93689803749503,169.79207300000002,54.8921644,0.7801560009105665,0.9929706615571465,0.0024512055758278066,0.003365965532738886,train,6.687461042444783e-14,0.7060345943802737,0.05146394183324387,-0.014721010114642837,0.014721010114642837,-0.9515664371563766,0.04889387645504617,0.011336355140981344,0.011336355140981344,0.7849127105332776,0.9515664371563766,0.6769084028649277,0.20147824225369698,0.8844075397384646,0.13588213366772428,0.20147824225369698,0.06454448973344942,0.9978498110167975
normal,0,N0072,2,542.165,543.765,1.6000000000000227,17,0.006256529411764705,0.03101709167966439,0.030734546901415256,0.11142099999999999,0.061522,0.024148176470588235,0.016058410345,2.0017213918050976,3.0001624318927718,0.0021292941176470587,0.04608918195569963,0.044763745363197396,0.163555,0.092343,0.037185647058823525,0.034064479282,2.0628970889446614,2.4402909333113003,2.8097908823529405,84.3770849562855,81.90600537243068,220.43421999999998,110.81387,73.65670829411765,114046.09317316694,1.352939500542406,1.3290490640123465,-0.18582140126329774,-0.37601122835543366,0.026865570593853638,0.026101361716712533,0.064361,0.02039466666666667,0.8481635442899853,0.046211562809900006,0.050606407604834654,0.12842900000000002,0.039786,1.006960930060665,81.93422330026443,44.793668047236686,112.679853,71.62309549999999,1.0240609256427713,0.04235942916282041,0.047332581090618754,0.106335,0.039789,1.337314740713452,0.05114945986029569,0.05503801249863588,0.12945,0.0427776,1.1145588796661485,94.49701903935613,25.98296654865255,63.523662,91.5947322,1.1810779536322682,0.023455144194824296,0.024909769563366095,0.06665499999999999,0.0173708,0.7404941638077918,0.03950439529470107,0.04212686685833638,0.104768,0.0320784,0.860810156779946,59.153424823252266,65.83690973679016,166.55339800000002,51.328617400000006,0.7393334377192332,0.9966239037086906,0.00010209546722932794,0.002440477854022769,train,0.05882352941161602,-1.4120691887634962,0.050753781726924484,-0.020019234825509227,0.020019234825509227,-1.294043806040062,0.04627218784365196,-0.0015084424804545637,0.0015084424804545637,-0.10444235923211054,1.294043806040062,0.5783834780498963,0.3587771019214217,0.6714246536479117,0.41139830423930324,0.41139830423930324,0.11942008236218553,0.9926394033179842
normal,0,N0073,1,547.214,548.914,1.6999999999999318,18,0.03395527777777778,0.07115507977881878,0.07703717264087513,0.24360700000000002,0.14843,0.06481172222222223,0.106825067433,1.9267321854079127,2.178931507396679,0.03311666666666666,0.07710996874746671,0.0819288135327791,0.223943,0.144136,0.06716533333333334,0.12082194876399999,1.7592833801057335,1.6840449052218933,10.929911222222223,106.10408196358485,103.69228751630659,297.29846,149.07731,93.92752111111112,193537.62882655906,1.4376894711340629,1.4423622569978132,-0.03077161982645505,-0.061562675641791784,0.08979555433780302,0.0776749971245574,0.201998,0.07351916666666666,1.139280900472026,0.07078660466736156,0.06548712317394924,0.18826,0.054329333333333334,0.9081263050258543,109.98431254389378,45.57134726481062,118.58261999999999,101.81319133333334,1.0948053466705658,0.08163963819534398,0.07383707413668737,0.186489,0.07073933333333333,1.0358027321431147,0.0873023151038963,0.09513670031433714,0.223943,0.0749485,1.120007510009298,111.95413209519059,44.27923927854683,118.94930400000001,104.4023555,1.1144133155422655,0.05871695124237974,0.06528919019408956,0.15048699999999998,0.05323479999999999,0.7449711912544903,0.07415584206655602,0.07212558603089475,0.188941,0.0601802,0.9513504874041929,68.97312422327238,75.7725568933997,187.346843,61.03618980000001,0.6865719613065316,0.9959521032177797,0.001838051621813521,0.0009385970576934106,train,6.687461042444783e-14,0.7060345943802737,0.059544860279682116,0.017492312361193016,0.017492312361193016,1.1307034790099186,0.07872609551679173,0.0032027180159873714,0.0032027180159873714,0.22175152840040427,1.1307034790099186,1.1451402742062076,0.32426821127014005,0.970681657228656,0.042801543770409324,0.32426821127014005,0.11689216850497214,0.9929477269379051
normal,0,N0073,2,548.914,550.614,1.7000000000000455,18,-0.031865277777777784,0.05299365549462508,0.060561582334292874,0.177542,0.130974,0.04906983333333334,0.06601869458700002,2.1626581564041505,2.1073302929908473,-0.009421000000000002,0.09595903264291855,0.09373008097012754,0.276054,0.142318,0.0838178888888889,0.15813590541599998,1.5183812766080698,1.6287359513059163,11.784363,108.96831730660627,106.55183475307759,304.18769,154.37736,96.05267777777777,204359.28280644875,1.448847505608448,1.448165728051558,-0.21497272065942805,-0.43675843545658044,0.047407406824602136,0.044554536529591085,0.105756,0.04453616666666666,0.7618075087098903,0.09151581453224356,0.09941880320425642,0.226566,0.08195916666666667,1.007553846265637,108.49789895761354,55.85182390484452,141.541018,95.77198033333332,1.0528701433078442,0.07171429118383588,0.06669459480247757,0.177542,0.057819333333333334,1.1524040053020166,0.09220909001557274,0.1001364719645145,0.237998,0.08438883333333334,1.0151865421370583,116.43895597971016,36.96354772459888,99.83433299999999,111.44255883333334,1.1299306387201742,0.06556169205717619,0.05559338604276591,0.134979,0.051107400000000004,1.0535355683484289,0.08830019725232782,0.07216087626061646,0.180119,0.0753796,0.9721511393667565,75.56185047854602,77.36514839434408,192.97029500000002,66.256721,0.7332567460410713,0.9971279480272393,0.0012178149026249654,0.0010816471462628385,train,1.3374922084889567e-13,0.7060345943826817,0.060698728765262215,-0.00013714643096934126,0.00013714643096934126,-0.008865148496597388,0.08298581644559806,0.010744264524529479,0.010744264524529479,0.7439172190493787,0.7439172190493787,0.8760746028075399,0.056437042894603565,1.0806988082453601,0.06456304767353835,0.06456304767353835,0.035687542528318045,0.9993426577075036
normal,0,N0074,1,555.017,556.717,1.6999999999999318,18,-0.014314,0.09468979346575974,0.09312855496570319,0.320355,0.180725,0.07468522222222222,0.1561126995,1.940597060338328,2.2578408232790617,-0.0025111111111111115,0.16837194159601077,0.16364738250410377,0.5496110000000001,0.280717,0.14034188888888888,0.4820483844080001,1.7153772685179396,2.073103126971157,19.07281961111111,187.5595315338216,183.27025094086486,518.60064,259.76494,164.9051505,604583.7278386963,1.4173873755638466,1.4276742389330046,-0.2746317596305842,-0.563733156239801,0.09464813467610794,0.09871107339638582,0.23638699999999999,0.07871233333333333,1.022313397233466,0.16324635156208955,0.1787247717969355,0.43701,0.14564266666666667,0.9700795764031807,189.83197099416157,99.04176367276703,250.76964099999998,166.91849733333333,1.0651276474801739,0.10585104250785629,0.11537154373530184,0.313906,0.08784266666666667,1.1433182411594511,0.15829947495701516,0.17337405090151178,0.467573,0.13997633333333334,0.9406831218077212,201.50302425583075,63.49938473832597,175.56466700000004,192.98529883333333,1.13061272588459,0.07034053012310897,0.0764959487705068,0.209082,0.048607199999999996,0.7597621079320728,0.18502332085388587,0.2068221013932022,0.5496110000000001,0.1574614,1.0994876332680592,126.60994144959325,130.4711815765617,323.54478,110.94271039999998,0.7103953479361778,0.9983911734763095,0.0012031812874072827,2.5196253472066928e-05,train,6.687461042444783e-14,0.7060345943802737,0.09165571439025441,0.001472840575448775,0.001472840575448775,0.09520444914884352,0.19726930820180127,-0.03362192569769751,0.03362192569769751,-2.3279331411669055,2.3279331411669055,0.7832415150271943,0.055573110696798524,1.0969926089456947,0.07952761486399176,0.07952761486399176,0.03582025143207559,0.999337759787015
normal,0,N0075,1,560.665,562.265,1.6000000000000227,17,0.005065176470588234,0.10125732280323933,0.09836453179403043,0.33143500000000004,0.166804,0.08251658823529413,0.16448487895599997,1.695773842031575,2.0335331868064186,0.0015300588235294113,0.11111222354418898,0.10780554877539794,0.331186,0.197544,0.09438652941176469,0.19757461789499997,1.8324103188005947,1.899657127337894,3.299054529411766,113.20059933185796,109.87025368423966,324.22249,163.64243,98.15727747058824,205215.03495886602,1.4894152376338208,1.4890654236232463,-0.04579237178957414,-0.09164884018632957,0.09857422881260598,0.1078156456135503,0.30829799999999996,0.07659566666666667,0.9763406254414886,0.11279041032892231,0.12333755322001488,0.328904,0.09855016666666666,1.0273030053833019,108.85463785511855,71.39725688704084,187.81223599999998,95.24237266666667,1.0214828130114066,0.1041618251462598,0.11632836287939413,0.279824,0.0925658,1.0316836635238364,0.10489056083080117,0.11656017578058127,0.309774,0.08403300000000001,0.9553506194683213,130.43979516693526,33.876069934256556,88.139904,126.8718632,1.2240361230459729,0.10054508705550959,0.11204955970149996,0.26416700000000004,0.08862300000000001,0.9958612343543015,0.11093323978050942,0.12390004673041895,0.282378,0.10490459999999999,1.010387765157381,71.45623592696677,79.82933459290444,197.036651,61.901935,0.6705393387007862,0.9969015809211811,0.00020097958859385958,0.0019510562253709704,train,0.05882352941161602,-1.4120691887634962,0.062037758586970644,0.036326773207059786,0.036326773207059786,2.3481634673727845,0.08792909501426409,0.019876453761133853,0.019876453761133853,1.3762166942919545,2.3481634673727845,1.3799495553454095,0.5107880159472576,1.205445555669913,0.17380442545130942,0.5107880159472576,0.06351934957903434,0.997917570182737
normal,0,N0075,2,562.265,563.965,1.7000000000000455,18,-0.00189866666666667,0.10487036142781239,0.10193335645138173,0.32661,0.173968,0.08990544444444444,0.187027364834,1.7066837201910057,1.7794010739550947,0.005629111111111114,0.10211298122863073,0.09939550625768864,0.299738,0.181877,0.08784366666666668,0.177830399956,1.8298312151906877,1.7304547014312281,11.493776833333337,112.76738572597445,110.19128321169069,313.03076,156.56819,99.5577823888889,218558.14012510245,1.4208763655035552,1.4513032798511651,0.012605496099919814,0.025212327656920958,0.09763165824072298,0.10306143624799725,0.229302,0.0870265,0.9362690355457501,0.08594205780543851,0.09410744020621678,0.249749,0.07090383333333333,0.8666858623486019,117.66711870983278,53.43625342811624,133.99078200000002,107.07951800000001,1.1012650801764186,0.1133505121338232,0.12328949181769981,0.32661,0.09393499999999999,1.087009855066512,0.10745340838707723,0.1176336668027766,0.284717,0.10158333333333334,1.0836178733476551,118.89054562697056,43.87731972193875,117.656962,111.9402185,1.1127153252131328,0.10057072926254439,0.11243574214056667,0.232889,0.097182,0.9644541677107328,0.10350666528489845,0.11538466656276301,0.277395,0.0885948,1.043816796478819,72.38028505661146,78.94242669404103,196.689391,64.2918188,0.6774184776515678,0.9973650635894757,0.0006299982501075729,0.00124140149821418,train,1.3374922084889567e-13,0.7060345943826817,0.06216729862390485,0.03976605782747688,0.03976605782747688,2.57047890545279,0.08840731624427674,0.010988190013411905,0.010988190013411905,0.7608062644494055,2.57047890545279,1.4258501751740267,0.5435093215181231,1.1081693194842173,0.08966456317787981,0.5435093215181231,0.0864248177267954,0.9961449036804559
normal,0,N0076,1,568.733,570.433,1.7000000000000455,18,0.04409977777777777,0.08151716880478439,0.09066790960238726,0.313282,0.174062,0.07682333333333333,0.14797205697,1.9197751526789033,3.089696098875293,0.00815861111111111,0.1707045678795899,0.16609551707259024,0.49575199999999997,0.280088,0.14431549999999999,0.49657897424900005,1.6863068006681396,1.5826325939855637,18.84290438888889,184.99710494242944,180.76961720115267,511.41256,257.21565,161.85647861111113,588197.781054923,1.4228920433779613,1.4453242099854784,-0.29376305047287293,-0.6053595405380661,0.08115443035965443,0.04268456708928884,0.103927,0.071188,0.8699318598906597,0.15912069522587774,0.17265793063598325,0.448862,0.13926283333333334,0.95516485787895,183.92120362502934,102.83765648271492,257.605344,159.46364216666666,1.0480066216579809,0.09515211662473234,0.08868895236217417,0.253836,0.07939683333333332,1.019979530643567,0.16971010989380295,0.18582723063076628,0.49575199999999997,0.14299816666666668,1.0187306733874353,199.95431111557664,59.21544913982466,164.410373,192.5088795,1.1393653257370635,0.104025085968722,0.11518904878806839,0.270412,0.09483920000000001,1.1150929913623686,0.17149990088451947,0.1890492756341584,0.428325,0.14933140000000003,1.0294743761776601,127.06635899550194,126.27733735621833,313.66758,109.476915,0.724040420531121,0.9984768412095519,0.0010474457550300326,0.00018972275278554096,train,1.3374922084889567e-13,0.7060345943826817,0.09064667266884874,2.1236933538518188e-05,2.1236933538518188e-05,0.0013727558792491726,0.19354424231047523,-0.027448725237884997,0.027448725237884997,-1.9005097369670547,1.9005097369670547,0.7730951943373628,0.06861201722514144,1.1288054182178937,0.10811509263425277,0.10811509263425277,0.06271434492229531,0.9979700185501749
normal,0,N0076,2,570.433,572.133,1.7000000000000455,18,-0.03984616666666667,0.05797675273280814,0.06900928743493717,0.19921499999999998,0.139197,0.056672611111111104,0.08572107154099999,2.017076326592079,2.238149297192263,-0.020972722222222226,0.16905841538592703,0.16562845035584248,0.5366580000000001,0.274361,0.14633005555555553,0.49379010421099995,1.6564847368344773,1.7186224902591434,19.42728216666667,184.09972672094887,179.96444196644268,509.19372,256.89593,161.23519905555557,582969.606701276,1.4274816024373442,1.4475278847514572,-0.4117801502444006,-0.8755059328064456,0.07675781755083104,0.07849833092429417,0.18250299999999997,0.057982833333333324,1.0889563954188146,0.15517057532223477,0.16988591993148422,0.447489,0.13654750000000002,0.9585294441861533,175.1896192679435,113.37219084806894,285.715492,151.85808816666665,1.0046121855462982,0.05314193451816874,0.03513568379866827,0.10079500000000001,0.042371,0.7539199433356111,0.15718284374044558,0.16909156772668077,0.417346,0.136823,0.9709597553096088,199.8841647024649,50.357756378262685,131.17946999999998,194.52615833333334,1.146221268114733,0.08021138520559284,0.06780191107409878,0.18399100000000002,0.07650660000000001,1.137951855486109,0.17481598776828164,0.19543495992836085,0.500577,0.1547978,1.0798843224136283,136.45775599973524,121.63576553185813,301.47163,113.40643479999999,0.7825071203560857,0.9987612764784776,0.0008558811546377837,0.0002368647332259864,train,1.3374922084889567e-13,0.7060345943826817,0.09032177286766535,-0.02131248543272818,0.02131248543272818,-1.3776395554538594,0.19234481403926273,-0.026716363683420258,0.026716363683420258,-1.8498020901390881,1.8498020901390881,0.5910519411983307,0.3371103069247035,1.1306673392277424,0.10976319520611516,0.3371103069247035,0.1720490917892185,0.984722121297794
normal,0,N0078,1,581.972,583.672,1.7000000000000455,18,0.002265777777777779,0.05674313721609145,0.05519094583554645,0.207118,0.109443,0.044983222222222216,0.054828729039999996,1.9829883025761048,2.6464622297854623,0.00842138888888889,0.09369212394806029,0.09144099365255536,0.27313699999999996,0.16177,0.08046783333333332,0.150506195763,1.76911900820622,1.6892854664950852,11.991078499999999,110.10728503409021,107.67481626625954,307.00221999999997,155.60915,96.97299349999999,208689.58904350948,1.445176833320132,1.4568157297708744,-0.2472179522640982,-0.5048949710256518,0.058444394726953924,0.05136455575069901,0.134253,0.04450966666666666,1.1257482762689324,0.09066495310390522,0.09789377540102673,0.24148399999999998,0.07883699999999999,1.023218405340686,110.60385777380229,56.2495925080108,142.352597,97.96189466666665,1.0617579639915578,0.0484969906471869,0.05112569653478245,0.133662,0.04574883333333333,0.9341426817809506,0.10085639977958762,0.11009231039223402,0.27313699999999996,0.09222083333333332,1.1382361212121699,117.26370896981402,38.478033027538245,104.285845,111.87930216666666,1.1256901828914216,0.04735704746497611,0.05013760166082937,0.128235,0.034646199999999995,0.9121852455133033,0.06799913084738657,0.07589479489530228,0.192972,0.05831200000000001,0.7674184990806399,75.59290536149358,78.16569491821457,195.016166,66.17151039999999,0.7256651883966808,0.9971307039110955,0.001016438890682106,0.0014019834440384359,train,1.3374922084889567e-13,0.7060345943826817,0.06115186797600416,-0.005960922140457708,0.005960922140457708,-0.3853141461889099,0.08465866443805346,0.006782329214501892,0.006782329214501892,0.4695985915472007,0.4695985915472007,0.7900571477410399,0.04690892568036222,1.043310096134045,0.029353614668892507,0.04690892568036222,0.03051915852091293,0.9995192675938965
normal,0,N0078,2,583.672,585.272,1.6000000000000227,17,0.011391411764705883,0.04269504303642699,0.042958159980860174,0.16092099999999998,0.094916,0.03610352941176471,0.031371859652000005,2.2094987318425514,2.812430373870508,0.0020715294117647047,0.097225013140985,0.09434486234461062,0.262487,0.151563,0.08253235294117646,0.15131620186399997,1.6064785748098336,1.596545630036369,3.786691352941178,108.88363629376427,105.70049350841586,307.38715,155.60915,94.31733476470588,189934.10357468532,1.4721705153402185,1.4837495009904562,-0.37425762006582974,-0.7867301988642007,0.05106736397805027,0.0486857584063348,0.150022,0.04352066666666667,1.1653815041668725,0.09679569145628332,0.10596398652262318,0.245333,0.0847815,1.0769443723533543,105.94100451938559,64.26686601785806,167.557022,92.19621733333332,1.0305110432606197,0.04336467010366849,0.04196513191567495,0.105801,0.038786799999999996,0.9896023709944164,0.08424751013175404,0.09160625902742672,0.21083,0.08124899999999999,0.9373338891034403,124.48092760665847,35.78866804222363,87.74031199999999,120.2947976,1.2108528813365573,0.03368610465755873,0.03656379084148688,0.090417,0.0266478,0.7687329099700929,0.08666002159704324,0.09654527378800062,0.249442,0.0679168,0.9641753797389463,69.68675886076669,77.89276516949805,192.946099,60.8804298,0.677858161727353,0.9972061349903742,5.5825031592820104e-05,0.002096545483130199,train,0.05882352941161602,-1.4120691887634962,0.060355200314304025,-0.01739704033344385,0.01739704033344385,-1.1245450929141347,0.08171761703598222,0.012627245308628396,0.012627245308628396,0.8742920646455814,1.1245450929141347,0.6264313226709742,0.2789750597470453,1.0965485195111062,0.07912270844587713,0.2789750597470453,0.0834985859112253,0.9964015412391324
normal,0,N0079,1,589.747,591.447,1.7000000000000455,18,0.007103888888888888,0.10232573728274581,0.09969615922335669,0.439541,0.224613,0.075445,0.17890783495,2.2529754581295642,3.684289113223721,0.009289444444444446,0.1634895570963343,0.15915462218965976,0.54003,0.289794,0.13428711111111113,0.45594348775800003,1.820833074233064,2.0772407273520717,19.085953166666666,179.18729195625846,175.18155346280352,488.42019,247.15427,157.04078750000002,552394.3801255396,1.4108464339681661,1.4273816601492222,-0.22970169393154274,-0.46774904338949247,0.061767518084615745,0.06579190526500962,0.185841,0.04728833333333334,0.6282368493968256,0.16671101104356206,0.18261674965393146,0.494799,0.1375411666666667,1.018212613730858,172.35281594854743,107.72516225550959,271.305121,149.93269983333332,1.0138306561888708,0.1320806073722912,0.14416395775285398,0.439541,0.0971765,1.3433906236659103,0.14341318793844124,0.15623243695468622,0.389747,0.13176800000000002,0.8759176494713852,193.7813822312243,49.462556566134516,130.44573,188.44743833333334,1.1398798727101638,0.08575432729023066,0.09350739796828912,0.213941,0.07409820000000002,0.8722064617386169,0.1819687648592472,0.20309050943434062,0.523408,0.15729,1.1114016436280567,132.49063616518742,121.67668622114228,302.79092,109.8598152,0.7793494284557116,0.9989052886166785,0.0008061699413276255,0.00017648874869220218,train,1.3374922084889567e-13,0.7060345943826817,0.08839180848609268,0.011304350737264005,0.011304350737264005,0.7307134953140633,0.18521999022201224,-0.026065368032352487,0.026065368032352487,-1.8047280998952762,1.8047280998952762,0.8771924061585762,0.057712152158363145,1.116136974862152,0.09682876486808603,0.09682876486808603,0.1447176126810236,0.9891906129444568
normal,0,N0084,1,629.937,631.537,1.6000000000000227,17,-0.007719058823529412,0.08836622454271668,0.08607464613174941,0.283968,0.157218,0.0727084705882353,0.125950360014,1.8265308899365746,2.1023969640011977,-0.0066570588235294065,0.19859278160360921,0.19277827340176254,0.5527789999999999,0.281695,0.16995223529411763,0.631778865828,1.461238318142466,1.48875584405438,5.433076,178.62767887978796,173.37945022808154,497.93703,250.62743,155.53906294117647,511027.37394366064,1.4455428810640383,1.4579779402752602,-0.38265199965678354,-0.806325787940804,0.07424158511687817,0.07928410319856057,0.200567,0.06763033333333333,0.8426489371776008,0.18804601400809676,0.20594109786829826,0.533104,0.16400299999999998,0.9937106574619166,165.35572276667,121.72134906455528,310.277262,142.340519,0.9823937881021391,0.10596615352649165,0.11405537396677107,0.282458,0.0895064,1.2027257568022593,0.1966087938272345,0.21981190975627324,0.485931,0.17886660000000001,1.0389598248460794,209.54433687069007,42.40215495086364,107.57126,206.08366,1.2449224703533588,0.0836478952072316,0.08862877870816002,0.206879,0.0681782,0.9494114367648746,0.183042307265834,0.20190005806512287,0.5370999999999999,0.15366439999999998,0.9672690615428111,118.06975755720323,127.80339997712854,320.37536,103.88814320000002,0.7014634537360072,0.9991074794657131,6.066411346860737e-05,0.0006882885029279625,train,0.05882352941161602,-1.4120691887634962,0.08766463388181661,-0.0015899877500672038,0.0015899877500672038,-0.10277684524846557,0.18253548941499526,0.010242783986767284,0.010242783986767284,0.7091954373762142,0.7091954373762142,0.7652131655107881,0.07885976469977526,1.3659886080258785,0.2988335925636119,0.2988335925636119,0.10189884131831667,0.9946408392970187
normal,0,N0086,1,644.232,645.832,1.6000000000000227,17,-0.0010563529411764722,0.06111513384173062,0.05929979830240472,0.231096,0.120541,0.04821717647058824,0.059779923337999995,2.032738785809864,2.8513534222216834,-0.008262235294117647,0.033474791337156626,0.033509861170214636,0.113793,0.061894,0.028014823529411766,0.019089483526,1.8470383892552413,1.973519668008553,2.964531882352941,85.20776219202146,82.7168122331135,219.69774,110.50941,75.12333964705881,116315.20744213862,1.3359969638162683,1.2991237292917728,0.27787988102165956,0.5707661458717592,0.05717563347994785,0.059851289846585595,0.181516,0.04030216666666667,0.9944550853706807,0.023266016884431823,0.022250844196719067,0.055278999999999995,0.019916,0.7046961174397779,77.62948544003544,51.815802642392015,130.428569,68.19407916666667,0.9596972956725132,0.05570001584021319,0.06226945427494929,0.158413,0.0481794,0.9687896860286436,0.03766052603721833,0.041920396786051535,0.113793,0.030207,1.1406862898361354,98.60574030881152,14.198282543851848,34.195663999999994,97.78455420000002,1.2190169981900802,0.05960366445613894,0.055846725958645066,0.156244,0.050795,1.0366857980842983,0.0376858958232387,0.040658786949440584,0.083832,0.033022800000000005,1.1414547062693239,63.11328681787551,69.17972622284263,172.99809199999999,54.2377776,0.780240270005468,0.9962929828621995,3.75905661423623e-05,0.002977608286774839,train,0.05882352941161602,-1.4120691887634962,0.051080953970279515,0.008218844332125205,0.008218844332125205,0.5312662893210023,0.04748000525938048,-0.013970144089165845,0.013970144089165845,-0.9672724193270494,0.9672724193270494,1.105004982197044,0.2885909152791283,0.4976974919565827,0.710807661287778,0.710807661287778,0.07634855001608155,0.9969914316957093
normal,0,N0089,1,670.175,671.875,1.7000000000000455,18,-0.010590166666666666,0.08005117630854873,0.07851325911483571,0.330107,0.189929,0.05849894444444443,0.110957973423,2.4190691119089127,3.460592136689394,-0.01628127777777778,0.19242390525754682,0.18770984530756207,0.627086,0.314021,0.16593116666666666,0.634229748457,1.672906391699793,1.8175167559328935,18.221778722222226,182.25976284914933,178.05947158362383,495.57335,250.01732,159.85383494444443,570693.1575715081,1.4041225539781628,1.4155701463708472,-0.41016945703954205,-0.8716298781204552,0.1147587362658431,0.12476689410683695,0.330107,0.09210166666666665,1.424160610722366,0.18254215262873758,0.19952964311366536,0.534546,0.15796,0.973687287570687,172.71774365281595,110.24377795164375,276.765024,150.67718333333332,0.9989660073604117,0.060037646173047125,0.06506808350848106,0.179348,0.04849733333333334,0.74506964456343,0.1899272767631513,0.20787219350745303,0.544957,0.16376900000000003,1.0130798409248434,198.63773048492726,49.083434486693235,128.46651,193.5182033333333,1.1488821955232051,0.04413288535774656,0.04616343945699887,0.10966100000000001,0.037082000000000004,0.5476909123365445,0.19033322277048745,0.2127585084980152,0.5217499999999999,0.1729462,1.0152451734855217,135.9810983947335,123.44307102163515,306.952632,112.43587779999999,0.7864883599505932,0.9988225346055019,0.0009793638500807085,7.34989801477385e-05,train,1.3374922084889567e-13,0.7060345943826817,0.08955308988791497,-0.011039830773079254,0.011039830773079254,-0.7136149186596243,0.1895070773150348,-0.0017972320074727266,0.0017972320074727266,-0.12443772525641697,0.7136149186596243,0.6796459515865765,0.1974422042891404,1.2951157482508784,0.2455552431547523,0.2455552431547523,0.1584644531089828,0.9870394926972109
normal,0,N0089,2,671.875,673.475,1.6000000000000227,17,0.0041814705882352934,0.10430929687060356,0.10128123641768064,0.38038,0.199783,0.08457241176470587,0.174384110455,1.9725568828573654,2.4965759818256488,0.0024742352941176503,0.1915013281877992,0.18580005230924357,0.53601,0.282252,0.16095541176470587,0.586868210448,1.5191169027779543,1.5007703122534404,5.056873294117651,179.11289401103278,173.83859726157687,496.21541,250.01732,156.33158635294117,513737.5842638363,1.4382152406798139,1.4380623277459674,-0.2944072609750057,-0.6067699416735873,0.05500100423628645,0.057059344614766354,0.136693,0.049765000000000004,0.5542744567001093,0.18614011159160007,0.20380185446621105,0.48369399999999996,0.15848633333333334,0.9725895400256863,165.62326141729483,121.48565472490776,310.306591,143.10900216666667,0.9805669302884761,0.12268497873660003,0.12987087186779028,0.301043,0.107874,1.2363619697261865,0.20002833222971192,0.22254305911485983,0.49770400000000004,0.17788540000000003,1.0451560492358698,209.99671234035668,40.99262907871402,103.56773000000001,206.77113599999998,1.243278449102883,0.11325970870437554,0.12210031405242168,0.340564,0.09400299999999999,1.141378496262325,0.18873932637052618,0.21072613887104752,0.501008,0.1734872,0.9861705413727263,119.48743005877883,129.73904152230273,324.02066,105.16237100000001,0.7074212975772315,0.9993416743754647,9.036990001722263e-05,0.000454974315875312,train,0.05882352941161602,-1.4120691887634962,0.08784990632123821,0.013431330096442429,0.013431330096442429,0.8682014907000152,0.18321945721340377,0.0025805950958397994,0.0025805950958397994,0.17867664397193017,0.8682014907000152,0.8980232785861433,0.08118178322997352,1.313065031605262,0.2593192942244274,0.2593192942244274,0.09722511398125933,0.9951211753348759
normal,0,N0091,1,684.737,686.337,1.6000000000000227,17,-0.023268588235294117,0.04313848636522094,0.04788412881357761,0.138227,0.086667,0.041854941176470595,0.038979126468,1.8099316443118716,1.80154249259194,-0.024204176470588236,0.04360709506524611,0.04873975098116406,0.17188799999999999,0.086928,0.03994817647058824,0.040384576537000005,1.7835134207721774,4.047297616713642,2.4366244117647065,84.35608775251869,81.87369182052467,218.39872,109.52927,73.96355335294118,113956.12400947824,1.3377834511249245,1.2995855805969867,-0.00885518330867266,-0.01771082955410773,0.044395264319519484,0.04609927666966876,0.12279699999999999,0.03515733333333334,0.9506304448499862,0.05026481720846103,0.024152828604534084,0.05603999999999999,0.045170999999999996,1.0006832447309606,78.630109723094,48.834135386307054,121.527928,68.99127283333333,0.9810314033824016,0.04846627060544271,0.04878012620934882,0.118006,0.0429192,1.0378024118580242,0.05821891863303543,0.0628617075388507,0.17188799999999999,0.049089200000000006,1.159035278310473,96.8112809271425,17.558784045784357,44.171218999999994,95.52892440000001,1.2078694424523742,0.04759201437846479,0.042814298993443765,0.105154,0.0444182,1.0190820686253907,0.04065248458089617,0.04276944673245143,0.108151,0.0317566,0.809318772772516,61.36323329148297,68.38268125485682,171.986004,52.0194116,0.765600596056964,0.9966352907354108,9.28881968244117e-05,0.0025704661806238544,train,0.05882352941161602,-1.4120691887634962,0.05074074274343715,-0.0028566139298595375,0.0028566139298595375,-0.1846515910524307,0.046224052001876695,0.0025156989792873632,0.0025156989792873632,0.17418333142898465,0.1846515910524307,0.9014715509191173,0.08501427721341598,0.7313504699836116,0.3259073239151245,0.3259073239151245,0.0477859651954021,0.9988214201446927
normal,0,N0094,1,711.407,713.007,1.599999999999909,17,0.007868941176470589,0.08883203125243633,0.08653823378817291,0.317176,0.18236,0.0701229411764706,0.127310720422,2.107276657002017,2.9262594083961524,-0.001330941176470587,0.1515161592539186,0.14699829092964073,0.5556399999999999,0.326904,0.12327788235294115,0.36734445811599997,2.2238625900519438,2.7575224133450744,4.866466705882353,155.6074944207081,151.03986220777497,432.11095,217.84415,135.4005425882353,387821.6795876421,1.442295741109238,1.4623176315228872,-0.25888908475564537,-0.529834634985015,0.0788880334799476,0.08602782025755777,0.260898,0.06040500000000001,0.9551869176520792,0.1494455360836627,0.16175799537539612,0.408638,0.13708499999999998,0.9967302066421605,146.1901031633384,101.84557211275825,259.028699,126.54564233333332,0.9957935323204536,0.07439378352254979,0.07619082374735162,0.19705899999999998,0.0640068,0.900769934814549,0.11277172065815082,0.11879793375307501,0.258797,0.10742860000000001,0.7521334084683877,181.4107758999221,41.096858988225854,101.27163999999999,177.64770800000002,1.2357038775226785,0.0939396194094909,0.10235217765294494,0.252077,0.07496200000000001,1.1374335441124834,0.18005597365375023,0.20087219876005738,0.5556399999999999,0.12971839999999998,1.2008871762257818,102.04031300936819,112.42359813617098,281.31691,89.3952,0.6950613039594978,0.9989750812833987,6.185039351276408e-05,0.0007987965082698901,train,0.058823529411682896,-1.4120691887659043,0.07865028844068944,0.007887945347483466,0.007887945347483466,0.5098769712360292,0.1492573503420187,-0.002259059412377973,0.002259059412377973,-0.15641398179343188,0.5098769712360292,0.8831231216465276,0.06445041905906147,1.195658945523903,0.16565262336526068,0.16565262336526068,0.06425279873662411,0.9978692014732938
normal,0,N0096,1,725.224,726.824,1.599999999999909,17,-0.009161411764705883,0.033104994966883065,0.03339768042491433,0.095549,0.061374,0.029015764705882355,0.018961885982,1.8376725335156994,1.5299852806917074,-0.004204529411764705,0.039726623648564774,0.03876915175527483,0.15240599999999999,0.08407,0.030458882352941172,0.025551801173,2.16847664170423,3.1559767987829623,2.537292352941176,84.28835197943117,81.81106784133387,219.45013999999998,109.74277,73.88156411764706,113781.86396276865,1.3414171565739426,1.310041049975778,-0.07443130269144076,-0.14913842333007155,0.014788621047954404,0.016090927076047132,0.036569000000000004,0.013009833333333333,0.4383238612712325,0.032996021154072505,0.03513875259406154,0.09381199999999999,0.02663866666666666,0.8542325868396329,80.65219233750535,45.85525613374088,114.65824599999999,70.57703250000002,1.0073403022719256,0.04611449845547493,0.03833328169750145,0.095549,0.04450820000000001,1.3667998495631193,0.05251748742085821,0.05871531432428851,0.15240599999999999,0.043623800000000004,1.359622995886597,95.45261226249772,22.197537465603368,55.16661,93.36496479999998,1.1921965231493852,0.0354067719483152,0.0393661487410186,0.086523,0.03306099999999999,1.0494307038641841,0.02664303293545988,0.026061433041949172,0.06376,0.0197732,0.6897603453288603,59.96750851613704,67.01147292643923,169.370791,51.95813819999999,0.7489900324389399,0.9965071347988553,0.00010227222285730887,0.002614994476257609,train,0.058823529411682896,-1.4120691887659043,0.05071547306609079,-0.017317792641176458,0.017317792641176458,-1.1194225202376349,0.046130764270387634,-0.007361612515112803,0.007361612515112803,-0.5097073231451998,1.1194225202376349,0.6292294668199808,0.27451820515036407,0.5821847838555112,0.5540122124992884,0.5540122124992884,0.08749553476345787,0.9960487903981674
normal,0,N0100,1,758.873,760.573,1.6999999999999318,18,-0.0028678333333333303,0.07294458307771971,0.07094737792938902,0.287011,0.160194,0.06014205555555555,0.090603547831,2.2579269970968405,2.745871308703719,0.013076111111111113,0.06557688169477455,0.0650569367255415,0.240848,0.151614,0.05186422222222222,0.07618329029,2.330481692361577,2.5043059385961466,10.180825111111112,96.58584440281427,94.41507540937799,258.84965,131.40501,85.63554555555555,160455.7163620536,1.3917799613063477,1.400443903492213,0.04331069362578244,0.08667561022473586,0.07450978234433384,0.06232595117498542,0.184979,0.06749766666666666,1.0365082739656322,0.08123597974727702,0.08866003269963303,0.240848,0.06713483333333332,1.2291149593754764,97.7895941801644,45.88138343327695,118.21425900000001,88.36602066666667,1.0655237299033586,0.05965789556853868,0.06354500610643346,0.165633,0.05156433333333333,0.8299031404816649,0.05290411140607757,0.05608508352732183,0.15182800000000002,0.043663,0.8004487044283641,102.37504862482312,35.03348417523176,91.61056200000002,97.25154533333334,1.1154872312772681,0.08146530526549324,0.07880954657717554,0.207038,0.06313759999999999,1.1332668046002017,0.05978664984593132,0.056833305143199266,0.139849,0.04498500000000001,0.9045827467728778,67.71662697420277,71.96502093147166,180.878779,59.26588280000001,0.7378461231477585,0.9960709502673348,0.00124720064965554,0.0022017974019414533,train,6.687461042444783e-14,0.7060345943802737,0.055801371608966956,0.01514600632042206,0.01514600632042206,0.9790382018103541,0.06490630822155426,0.0001506285039872407,0.0001506285039872407,0.010429298119002096,0.9790382018103541,1.1582433466904658,0.3356455725644485,0.8465232265477567,0.1796624683445188,0.3356455725644485,0.04188749365996484,0.9990944195483278
normal,0,N0100,2,760.573,762.173,1.6000000000000227,17,0.0060867058823529385,0.07562801226378087,0.07362198985277668,0.331254,0.181551,0.05187164705882353,0.09214335562799998,2.4659887672562375,4.2801996392458275,-0.011689529411764703,0.058915673930115625,0.05833971143629859,0.207231,0.119014,0.04872964705882353,0.057859872818,2.0400169467747875,2.5144063129164693,3.530692176470589,94.73404480375318,91.97331655918634,261.22716,131.40501,82.45621323529411,143804.5463012371,1.4287297111378898,1.4261901201622997,0.11580843735020456,0.23266073809413743,0.07883442784617221,0.08109104092911044,0.23404799999999998,0.0507945,1.0927358183930853,0.04718195311592488,0.05103068464920559,0.14061,0.03700516666666667,0.8044010439064849,93.15528202358364,51.95061369808184,135.914102,81.68314883333333,1.0417994620724282,0.08381214328484865,0.09370125091214099,0.24998700000000001,0.060717200000000006,1.1617326780420654,0.08129261339014757,0.08224925311818947,0.19927299999999998,0.0746566,1.3859507450286093,106.7120418082479,32.771187123318555,81.28107499999999,102.6075012,1.193411101738044,0.04661486782132928,0.038514355099105585,0.093903,0.035859999999999996,0.6461356685104555,0.041585660112591696,0.04587205051771721,0.114475,0.036009,0.7089903278043496,61.520046737044055,68.35948522930275,169.166942,54.5236652,0.6880077028922249,0.9967475026276956,2.5305930520917588e-05,0.00257136823953085,train,0.05882352941161602,-1.4120691887634962,0.05481608675324136,0.018805903099535323,0.018805903099535323,1.2156140149739332,0.0612689452350262,-0.002929233798727608,0.002929233798727608,-0.2028158797207522,1.2156140149739332,1.2338163271565383,0.39885314247758336,0.7792719462663857,0.2624400263029122,0.39885314247758336,0.12233925516971994,0.9922751518165179
normal,0,N0102,1,772.845,774.545,1.6999999999999318,18,0.0012587222222222177,0.08354560714456262,0.0812014924989409,0.25571,0.138146,0.07142394444444444,0.118686282913,1.7012741484006813,1.6798570524783065,0.00410877777777778,0.09071126317287341,0.08825120160214377,0.252667,0.159876,0.07914433333333334,0.140188942516,1.8116013957606707,1.6759893535018264,11.111439166666665,109.29377323217028,106.79407604016549,300.6473,150.73349,96.31426327777777,205289.54419090768,1.4114405554041105,1.4384535032883146,-0.04160281511343723,-0.08325368408050043,0.07458413545564946,0.08141293519746519,0.180755,0.07255299999999999,0.8926287443853181,0.08158579676941324,0.08936651704693431,0.24078,0.07048116666666666,0.9252182339629546,115.86252939738462,49.350232347202635,124.75480199999998,106.74543483333333,1.1165474953155932,0.07975670003412462,0.08735674316197158,0.230142,0.06980733333333333,0.9545344002829025,0.08725935907778985,0.0954015351546644,0.20268999999999998,0.07956,0.9895588852416458,114.32044093461707,45.35903299324977,119.35688900000001,106.55809833333335,1.1016866510062762,0.09710058757906669,0.10749086056032857,0.25571,0.08622579999999999,1.1621073977765555,0.0965035277334461,0.10721761642006411,0.247058,0.0869798,1.0943917573433308,69.41875343881685,76.81056038532216,191.788099,60.94430199999999,0.6689767233908782,0.9975187728855244,0.0006175651407254438,0.001115557181417895,train,6.687461042444783e-14,0.7060345943802737,0.06079647661271261,0.02040501588622829,0.02040501588622829,1.3189807028027152,0.08334667087288654,0.004904530729257228,0.004904530729257228,0.3395825607719788,1.3189807028027152,1.1719839336348354,0.347439054102078,1.015219795550783,0.0020603075004209915,0.347439054102078,0.12684114396000398,0.9916961673284652
normal,0,N0103,1,780.47,782.17,1.6999999999999318,18,0.0006590000000000006,0.07564906041716579,0.07352062555349878,0.24991999999999998,0.134182,0.06238377777777778,0.097295082872,1.8250932849090047,2.1252022464600473,0.001752111111111111,0.08471853601043655,0.08235025936814043,0.27121799999999996,0.159711,0.07057333333333332,0.12206817392399999,1.9394110137045761,1.9594693331911799,10.263848666666664,96.84219308163549,94.67171780678436,262.42641,133.48796,86.12049044444444,161329.21474477337,1.4100088505041786,1.3892486330639358,-0.05664710134303731,-0.11341561957207283,0.06463745545992149,0.07026150532024394,0.17425000000000002,0.05848133333333334,0.8617979217730481,0.09858847675142703,0.10705487980610692,0.265189,0.08736516666666666,1.1939844838841964,99.53620896468108,42.4857290839723,108.20247099999999,91.66929283333333,1.0833385634692199,0.05491603769240214,0.04083564980136841,0.11498599999999999,0.0403255,0.7321842547571725,0.07193871921758592,0.06976482464107539,0.199307,0.06272166666666668,0.8712348275028621,101.6207307928968,37.69829696232004,98.508845,95.61627266666666,1.1060262155948974,0.10244032001414288,0.08962494945995785,0.219379,0.097859,1.3658157528910493,0.07285087575314382,0.06265217351137949,0.136455,0.0582592,0.8822817650985779,66.49030056805782,72.42496781634037,181.22437,58.593495,0.7236713900525958,0.9955063595256414,0.0014395342171803543,0.0023284184835134867,train,6.687461042444783e-14,0.7060345943802737,0.05590493051179708,0.0176156950417017,0.0176156950417017,1.138678938355719,0.06528861524463579,0.017061644123504638,0.017061644123504638,1.1813233767458453,1.1813233767458453,1.1969988833169618,0.3685585652178505,1.0686397552858293,0.053341754108209315,0.3685585652178505,0.08831678484992254,0.9959742686522659
normal,0,N0104,1,788.652,790.252,1.599999999999909,17,-0.01296564705882353,0.027929157716312304,0.03003766427239602,0.090496,0.048963,0.025380000000000003,0.015338441673999998,1.6300535073559619,2.0919102498522606,-0.006747588235294116,0.049937723129737835,0.048914347805478244,0.200578,0.103343,0.04005194117647059,0.040674428161,2.1127338835421603,3.057150953029583,3.7650295882352944,84.6165235746077,82.17638117890763,219.10157,110.18206,74.09969664705883,114800.27960223913,1.3407996119970376,1.3040664582822954,-0.23909059485683692,-0.48761869462828933,0.03460608274325965,0.031963104657818625,0.08619399999999999,0.03245116666666666,1.1177882062496973,0.037309444822993545,0.03878852103909094,0.115179,0.02972266666666667,0.7418646280970943,80.92411883176904,44.39251828742825,110.458264,70.55909283333334,1.007237568717771,0.02577699876246263,0.02879275105473598,0.072423,0.021538,0.8326058000542064,0.07459626332732759,0.07641014141984034,0.200578,0.0687904,1.483279352274225,95.21290350076927,22.64814449107607,56.51117000000001,93.03303840000001,1.18508566811883,0.031074182682735197,0.026287457570103655,0.061886,0.025486199999999997,1.0037066367581091,0.029300825824539484,0.0307808704279135,0.05973,0.028843199999999996,0.582620469331219,61.088881325783895,68.29855884234838,172.588011,52.76759279999999,0.7603544801048274,0.996204870020411,3.0053243765237984e-05,0.0029345158672149222,train,0.058823529411682896,-1.4120691887659043,0.05086288225806638,-0.020825217985670358,0.020825217985670358,-1.346142576311247,0.046674952822206156,0.0022393949832720875,0.0022393949832720875,0.1550524453773015,1.346142576311247,0.5634092277469764,0.3850079734515234,0.7312668188210273,0.32602170949406667,0.3850079734515234,0.08359215840935831,0.996393471510946
normal,0,N0107,1,814.117,815.717,1.6000000000000227,17,0.007455470588235295,0.06620083286401846,0.0646555275190351,0.258502,0.160884,0.05075182352941176,0.07106573305899999,2.488325533383584,3.3993966859005065,0.01725429411764706,0.0804952619372444,0.07997531840695676,0.28533000000000003,0.169944,0.06663723529411764,0.108732876423,2.1249555911141855,2.3890046821675064,4.082764470588233,106.64768092789784,103.5439713284845,301.0495,150.81872,92.74678670588234,182263.01797405834,1.4565668871395745,1.4741075230668106,-0.10592339960214944,-0.21264446645845486,0.062159629860009086,0.06350591440697997,0.171706,0.054966666666666664,0.944532515696651,0.07794274637514385,0.08352434918613055,0.21483799999999997,0.0678035,1.009295611720744,100.82287374983139,64.98598918124094,171.074765,88.47060666666668,1.0070830982429755,0.08693756808652978,0.09090705414982932,0.22753099999999998,0.0673276,1.3210400396246318,0.0954940172125982,0.09311053520305852,0.22551000000000002,0.08082580000000002,1.2365703930211642,122.95001662181886,31.69762476694734,82.05915100000001,119.63659580000001,1.2281030986654826,0.04079596486173602,0.03694851006738973,0.099795,0.030853,0.6199058039423478,0.05171649743553791,0.0551239258734354,0.129269,0.0412994,0.6696868707195229,68.97708173012197,76.8171227288853,189.798496,59.941275,0.6889870382874932,0.9971063387254867,2.1088187427282226e-05,0.0022050031042277992,train,0.05882352941161602,-1.4120691887634962,0.05948501256224328,0.0051705149567918204,0.0051705149567918204,0.3342222074016627,0.07850515649496954,0.0014701619119872195,0.0014701619119872195,0.10179186845418137,0.3342222074016627,0.9624665628580581,0.1504851182327316,0.948894157549837,0.06550284598910862,0.1504851182327316,0.04932330409965515,0.9987443673149372
normal,0,N0107,2,815.717,817.417,1.7000000000000455,18,-0.031117166666666665,0.05805966489158828,0.06443546504018144,0.19378900000000002,0.134971,0.05440961111111111,0.074734724789,2.0946694481964734,2.0162924429033726,-0.028525944444444444,0.08626693466995144,0.08855659189059716,0.262192,0.137082,0.08045272222222222,0.14116085941099998,1.5479593000750431,1.7279664721389816,11.617337999999998,110.59620713980524,108.10621919945073,309.83547999999996,155.68211,97.72793999999999,210365.18333279443,1.440084679242866,1.4533458328188438,-0.15766260898872467,-0.31797762312271405,0.055212189738015886,0.05188609356658102,0.137351,0.050666666666666665,0.8556584594284184,0.08281495370704496,0.08917594236507961,0.207924,0.07519183333333333,0.9478867285196292,112.35974210425195,53.33031563499586,133.718745,101.26504583333332,1.0738139239323372,0.0658480211889469,0.06655220458983059,0.154473,0.053371833333333334,1.020488711538086,0.08864413124398028,0.08500361350358387,0.202009,0.08420433333333333,1.0146065632609689,117.691598868327,41.07181948734904,111.627835,111.55970216666668,1.1247700931656586,0.07276691682213834,0.07137237454155494,0.19378900000000002,0.058453,1.1277152426091095,0.09106833806872727,0.10097877235835263,0.262192,0.07700299999999999,1.0423536472537105,73.85407154550002,78.45063357520962,194.900298,65.29446440000001,0.7058180170177859,0.9967972371937243,0.0012003669677159825,0.0013578431892617958,train,1.3374922084889567e-13,0.7060345943826817,0.06132594527145679,0.0031095197687246515,0.0031095197687246515,0.20099943037532597,0.08530130327249287,0.003255288618104285,0.003255288618104285,0.2253914402846734,0.2253914402846734,0.9187113827148172,0.10395780978643053,1.0063680212996506,0.006696997769995527,0.10395780978643053,0.04656623504326359,0.9988808184536226
normal,0,N0108,1,820.767,822.367,1.599999999999909,17,-0.01849923529411765,0.08938139894402626,0.08866404558284968,0.35012299999999996,0.196125,0.06645276470588235,0.133642320645,2.2120014794129417,3.0975264699132588,-0.009474294117647056,0.20304734128269344,0.19721256419004285,0.669468,0.340984,0.17255170588235297,0.6611775230650001,1.7290176282653704,2.0004292535667934,5.555875647058823,184.18072317474767,178.7679028382667,505.5781,255.02554,160.49001952941177,543285.3724482633,1.4265734281770057,1.4338788529830397,-0.3797040922412194,-0.7994276944830251,0.11712320477884246,0.12742726153012418,0.35012299999999996,0.09295933333333334,1.2865724439263169,0.19007073040099223,0.20808118845433066,0.55799,0.16440483333333333,0.951446298231645,175.39893061942712,117.48622033530162,296.805063,152.7151055,1.0060341704370523,0.08039982664906685,0.0857322909311305,0.23244700000000001,0.058911599999999995,0.8831742749736298,0.2150480238360725,0.2403024301389813,0.593129,0.1915682,1.0764763506153898,213.7934816525976,48.91751344195522,119.89308,209.268522,1.2262534737221347,0.05995063775640756,0.058781509344350794,0.141632,0.049013799999999996,0.6585444675873127,0.19521338417792977,0.21178139115961062,0.5537449999999999,0.16772420000000002,0.9771891303280521,121.01441690821821,134.4040837013659,335.66765,105.4169058,0.6941013727691366,0.9994108680095898,4.5249068657534485e-05,0.00044683817629288504,train,0.058823529411682896,-1.4120691887659043,0.08983895210009349,-0.0011749065172438067,0.0011749065172438067,-0.07594598467760323,0.19056239103855638,0.0066501731514864715,0.0066501731514864715,0.46044829832289536,0.46044829832289536,0.7644741543173569,0.07982598994247096,1.3552881692507879,0.2909692738629188,0.2909692738629188,0.0458401179007092,0.998915449595276
normal,0,N0108,2,822.367,824.067,1.7000000000000455,18,4.10555555555519e-05,0.11346550463128442,0.11026865751452475,0.422455,0.218655,0.08927916666666667,0.21886518294100002,1.982929736595355,2.712670862736291,0.009527055555555556,0.2018359569220603,0.19638052287855728,0.615801,0.341688,0.16998483333333334,0.694175575789,1.739928150671549,1.7308917689109056,18.693442555555553,188.17157789937446,183.822866534575,514.16832,257.40972,166.08829011111112,608235.2326977873,1.4003139264047115,1.4140410098834864,-0.28081557320116807,-0.5771344911532045,0.07220395476010992,0.07727229960514095,0.19059900000000002,0.05868766666666667,0.6671858717701614,0.20317858364913036,0.22155772354460285,0.557366,0.18938766666666665,1.0070136601609003,191.64205644819617,93.60065813772249,238.97483599999998,171.53942733333335,1.0709276226974942,0.11646626515576661,0.12670420285005018,0.332015,0.09923133333333334,1.0761826953652396,0.2047783785083279,0.22419032539585645,0.570604,0.16681350000000003,1.0149427206343662,201.6941981655342,67.78949060013798,183.177134,191.9662393333333,1.1271006592004555,0.13148073295049736,0.14413263931705408,0.396115,0.10378640000000001,1.214920813215908,0.19634165440425524,0.21939111460243782,0.511101,0.17527140000000002,0.9731277996558763,126.44909584045004,133.63138517404624,332.96995,111.1759084,0.7066185372377607,0.9979589680914465,0.0014626557933641472,4.806976586744025e-05,train,1.3374922084889567e-13,0.7060345943826817,0.09187870273960663,0.018389954774918116,0.018389954774918116,1.1887271055692952,0.1980925113228555,-0.001711988444298207,0.001711988444298207,-0.11853558515982195,1.1887271055692952,0.9246073938410234,0.11035500088388393,1.3124582300438212,0.25885706135747266,0.25885706135747266,0.04507510809719245,0.9989513469058194
normal,0,N0113,1,860.591,862.291,1.7000000000000455,18,0.007761833333333332,0.07833197300347826,0.07651967609307353,0.27204700000000004,0.142625,0.06408661111111111,0.105394694929,1.8638996828282477,2.103207174393171,0.011936,0.1886768843465089,0.18374905281721107,0.5413920000000001,0.281075,0.164246,0.607746859402,1.5296677489793993,1.4232289190435135,18.495794333333333,178.87903882263527,174.8203487959131,492.83295,248.02294,156.75161877777776,550118.7783562449,1.4187303806923774,1.434178920092644,-0.41199485306084477,-0.8760230717434858,0.06373493372685553,0.06975250852191625,0.20093,0.04975383333333333,0.9010682361700588,0.1902557684399258,0.20676922211264098,0.508922,0.17154999999999998,1.0316697290357368,173.50861147974408,104.52275323243856,258.169686,150.93568966666663,1.0234514669375119,0.06160273674386012,0.06446836572459395,0.156913,0.058221333333333326,0.8709237790836423,0.1943540750721905,0.21271600624377093,0.5209900000000001,0.18316416666666666,1.0538929653007065,193.88558721165396,52.019561630446546,141.52504,187.98029666666665,1.143646340994284,0.0870753358822118,0.09300128678840955,0.24660500000000002,0.0726166,1.2310488884095214,0.16390789312415677,0.18018528432616246,0.454415,0.1312232,0.8887972915239681,128.39177892200226,121.2994490427288,301.93487500000003,108.002056,0.75732699005421,0.9986928560758652,0.0009551142681830228,0.00010512840195586952,train,1.3374922084889567e-13,0.7060345943826817,0.08824605720189987,-0.011726381108826345,0.011726381108826345,-0.7579935483750909,0.1846819221462867,-0.0009328693290756307,0.0009328693290756307,-0.06459051296047798,0.7579935483750909,0.6746615343232937,0.20480307295559697,1.2912779630330637,0.2425875681115346,0.2425875681115346,0.11403318368877917,0.9932884815575681
normal,0,N0113,2,862.291,863.891,1.599999999999909,17,-0.00034088235294117534,0.07777690897599553,0.0754554549273551,0.280244,0.142625,0.05886970588235294,0.096789936531,1.8901880604564976,2.769325042064031,0.0035842941176470614,0.19521250853069222,0.18941786635140215,0.5650740000000001,0.298161,0.16952276470588237,0.609945177583,1.5740912182320805,1.4768294737979264,5.221254470588235,177.14339545500619,171.93363396850205,490.04572,248.02294,154.27077882352944,502539.96632345224,1.442550443884862,1.4525122063550213,-0.4302525104205599,-0.9204130264381496,0.0940762334244592,0.10285779385086316,0.26928799999999997,0.07502233333333333,1.2833510643120214,0.18897877422257417,0.2065776357885819,0.510499,0.17170300000000002,1.0302644185617322,167.06241242125972,117.11573444489144,296.852859,144.6501971666667,0.9980806868007656,0.04637512802569929,0.051274241312768344,0.123944,0.041259000000000004,0.6326313006268146,0.17916131583798997,0.1951758198619901,0.43266099999999996,0.15523040000000002,0.9767421217008427,206.66050075518396,45.16559032777475,110.62146000000001,202.67367399999998,1.2346514786833989,0.06651769000950047,0.07024078684923739,0.17116199999999998,0.048075400000000004,0.9074082280070863,0.18086365990933612,0.2014400406887866,0.48890500000000003,0.1615814,0.9860228704625623,115.99551633137058,127.78578932058218,319.46556,101.6777874,0.692991816219523,0.9991611494139225,7.528721004580823e-05,0.0006349567003572473,train,0.058823529411682896,-1.4120691887659043,0.08708122620230163,-0.01162577127494653,0.01162577127494653,-0.7514901263665237,0.18038173105040406,0.009036135300998088,0.009036135300998088,0.6256488407117654,0.7514901263665237,0.6764482980552128,0.20215818838634333,1.3534640057632847,0.2896224073757678,0.2896224073757678,0.06651899262027491,0.9977162444494345
normal,0,N0126,1,949.707,951.407,1.7000000000000455,18,-0.00030405555555555627,0.04538604850867749,0.0441083589224688,0.202848,0.117943,0.034105833333333335,0.035019851883000004,2.673937613668955,4.69842696138118,0.00822061111111111,0.0552950399383258,0.054362270697505724,0.17624800000000002,0.101646,0.04336505555555556,0.053194616557,1.8697894458014936,2.148293561324629,8.617620833333332,85.73177516412635,83.76079520354945,219.94843,110.80278,76.05065416666667,126285.67463635713,1.322847756289026,1.3171983002351262,-0.10413167677007326,-0.20902105066490534,0.030166874879576106,0.029464108471155204,0.07839499999999999,0.027651,0.6765695179532455,0.057868559414129765,0.0629937161331721,0.174988,0.04811133333333334,1.107498173556518,84.5397266062031,41.05359387589906,104.063401,75.77906966666666,1.0303955272856347,0.037146453846004374,0.03481713926598029,0.09943199999999999,0.024589333333333335,0.8331044721267731,0.052929864137995546,0.05726363274423538,0.151975,0.042289,1.0129805969407202,91.84280260576445,28.212215937453134,75.116281,88.15796116666667,1.11940760654664,0.06333737316782248,0.06886180500466134,0.17516900000000002,0.05310020000000001,1.4205029922271029,0.0436162204093844,0.045657146574222096,0.12314900000000001,0.031164800000000003,0.834734524755374,64.72033002078271,67.15262731216295,166.587013,55.286676,0.788830781160481,0.9935333155107102,0.001990983638070624,0.003292085217035175,train,1.3374922084889567e-13,0.7060345943826817,0.05150221613149794,-0.007393857209029138,0.007393857209029138,-0.4779391024424655,0.04903517317243271,0.005327097525073016,0.005327097525073016,0.3688404699465162,0.4779391024424655,0.811680134950444,0.01990786735882331,0.7973397392128654,0.23951924737289243,0.23951924737289243,0.05268940451720092,0.9985671363363201
normal,0,N0126,2,951.407,953.007,1.599999999999909,17,0.010009764705882352,0.03586011130338522,0.03620081486245693,0.142506,0.097621,0.027374941176470588,0.022278482944,2.696652005511638,3.766077879259501,0.005581352941176472,0.04843864796567558,0.047322682895327955,0.138498,0.084979,0.04036205882352941,0.038070417379,1.7957350429172254,1.8505320010608666,3.607820117647058,85.46389110681571,82.9906107913648,222.14916,111.95327,74.56342800000002,117086.50515190452,1.3489871797840627,1.3325023558292362,-0.13315855215966743,-0.26790810576364277,0.050696969745077786,0.03954581407768294,0.110558,0.040055999999999994,1.3629983185401735,0.05035305432146098,0.05244927995088843,0.128416,0.039592499999999996,1.1467410444717787,80.2455156573911,47.53164239017599,117.65136,70.31761433333334,0.9926875506321117,0.02665120201792032,0.02915973362704125,0.074784,0.022430600000000002,0.716522974058558,0.040811135948414866,0.045589144766051484,0.115531,0.0363258,0.9294332845191174,97.08470236738259,22.167513445366787,53.82574400000001,95.03852119999999,1.200998892055196,0.025152236679866068,0.021173872638230354,0.053973,0.0201872,0.6762229867892733,0.03823261009661778,0.03930094112740813,0.08982699999999999,0.0363984,0.8707099067948985,61.30206623054677,68.39816057484086,173.77652799999998,51.705342800000004,0.7583451545741791,0.9961079239492153,8.765968863177867e-06,0.002785834615710106,train,0.058823529411682896,-1.4120691887659043,0.051191435631047666,-0.014990620768590736,0.014990620768590736,-0.9689940761158399,0.04788786893579139,-0.0005651860404634335,0.0005651860404634335,-0.039132657848027184,0.9689940761158399,0.6723481195275957,0.20823796603694547,0.700530438188706,0.36896229095014316,0.36896229095014316,0.05355771614198966,0.9985195205376266
normal,0,N0127,1,956.266,957.966,1.7000000000000455,18,-0.007274277777777778,0.09125377888633406,0.08898057180175158,0.294685,0.176653,0.07295294444444445,0.14251575884700002,1.9852985480199241,2.227104944621394,-0.0029265000000000016,0.15774122768496138,0.15332484989883408,0.495025,0.251233,0.1392822777777778,0.42315317273700004,1.6385667435237479,1.592335631339437,12.323883444444444,117.78055633450936,115.12365731263627,327.84871,166.10326,103.26818422222225,238562.21651467157,1.4428247319221337,1.4610820027138622,-0.2655503027758352,-0.5441408209928837,0.09639820812736441,0.1046222136803015,0.258752,0.0855185,1.0540335896139195,0.15821240395325098,0.1701372010921382,0.420752,0.12949466666666667,1.0406131613420844,116.03737083409744,66.7672618322508,171.61824000000001,100.57931133333335,1.040103320547071,0.08995023821906568,0.09842698227958971,0.240178,0.07855499999999999,0.9835304443771631,0.16595367431806585,0.17948346787229924,0.43374,0.1577686666666667,1.0915299518455273,126.79823741409294,36.313352925374254,97.147716,122.38835733333333,1.1365585657957717,0.08705280065339656,0.09640468795551387,0.24665,0.062148800000000004,0.951849393688032,0.12452469595626404,0.137473060482045,0.301043,0.12194940000000001,0.8190384210488264,82.86560893930613,81.20243584539138,203.035374,71.3568048,0.7427675618413864,0.9981840628244967,0.0006859402627859172,0.0007598752770586095,train,1.3374922084889567e-13,0.7060345943826817,0.064157582596482,0.024822989205269583,0.024822989205269583,1.6045586011882602,0.09575482109271048,0.057570028806123594,0.057570028806123594,3.986064903025059,3.986064903025059,1.1913391757158995,0.36381910367143233,1.6361931979698847,0.4793274939855315,0.4793274939855315,0.08542432299161237,0.9962336438923446
normal,0,N0127,2,957.966,959.566,1.6000000000000227,17,-0.014715764705882357,0.071280576308986,0.07070075395554387,0.229302,0.132216,0.06148035294117647,0.084976142368,1.8700790670936336,1.5976134806319675,-0.016645470588235293,0.10002667579145928,0.09845739379130686,0.3313,0.173754,0.08514817647058824,0.164795592667,1.7647633489902648,2.1808688632275963,4.034555294117646,112.58189593093856,109.29497391211193,321.64207999999996,164.23728,97.69562164705883,203071.65248163688,1.502697462850114,1.4847398610990459,-0.1640869222399939,-0.33116766725747904,0.06817630984318038,0.06476140742988837,0.156119,0.060846500000000005,0.95656467308089,0.10748078418644577,0.11704537512605954,0.31404299999999996,0.09581033333333333,1.1362070457415814,108.88039181386347,71.40652530670087,187.29068999999998,94.89607000000001,1.0243879797948063,0.06285616964149184,0.07006988631145337,0.151929,0.055634,0.881919122676672,0.0852802858062753,0.09430417323215343,0.219004,0.07940080000000001,0.901519860776799,129.35354329478,32.98480428138922,83.265554,125.9441992,1.217007145984276,0.0820154857206857,0.08978639538203993,0.229302,0.0682164,1.1507386725159594,0.08660078696524645,0.09682005958839314,0.248353,0.06572259999999999,0.9154792185549325,72.06065942186723,80.36183014008381,199.204228,62.46813039999999,0.6779739868501197,0.9976517681077662,0.00011370081935970194,0.0015513640094712816,train,0.05882352941161602,-1.4120691887634962,0.061805624915278114,0.008895129040265758,0.008895129040265758,0.5749813486285517,0.08707213022846162,0.011385263562845235,0.011385263562845235,0.7882990583933861,0.7882990583933861,0.9970769199797327,0.18581371098178642,1.1067123532340404,0.08834894755988085,0.18581371098178642,0.0588426863877254,0.9982129229722181
normal,0,N0131,1,989.845,991.445,1.6000000000000227,17,0.01602135294117647,0.02339401474988094,0.02778076203693738,0.097934,0.065454,0.021444882352941178,0.013120102569000001,2.3560908773118667,3.6904433319630625,0.01436941176470588,0.03410930575564904,0.03607612517669693,0.11688200000000001,0.073454,0.03040576470588235,0.022125275732000002,2.036083410849428,2.1255048578445788,4.496981470588234,83.90950101556679,81.52829104449077,216.75923,108.7283,73.78978711764705,112996.65809079829,1.3336266295667345,1.3111840392479273,-0.1299055356688052,-0.2612875260092648,0.034680048620688714,0.026541379283425846,0.059116999999999996,0.024812666666666667,1.2163411326679077,0.03591229554994594,0.0360661279762605,0.103712,0.027318,0.9712914195357187,77.89470539779256,48.31719045491134,120.708358,68.19713800000001,0.9785304333766269,0.02814989559483303,0.027684274278008448,0.07131000000000001,0.026381600000000005,0.9873076092481725,0.02762849532638359,0.020770509562839327,0.054553,0.023652399999999997,0.7472460346589982,95.53693033022613,17.22942032690956,42.852408999999994,94.2858564,1.20015594592849,0.019122898399562764,0.015212120963231917,0.040622000000000005,0.014626400000000003,0.6707017096089518,0.04542711944862892,0.048180468597762725,0.10742499999999999,0.043768600000000005,1.2286313269312539,62.20307240047314,68.45260319642182,172.342321,53.2142942,0.7814086860275563,0.9966248078485641,9.696443866371321e-05,0.0025560563180700414,train,0.05882352941161602,-1.4120691887634962,0.05060136855677029,-0.02282060651983291,0.02282060651983291,-1.4751245376990108,0.045709526172200615,-0.009633400995503687,0.009633400995503687,-0.6670026470589431,1.4751245376990108,0.5252192371030736,0.45519843753180744,0.5436234206395079,0.622543342197603,0.622543342197603,0.04546747731160463,0.9989330108422797
normal,0,N0131,2,991.445,993.045,1.599999999999909,17,-0.01240770588235294,0.040856463172558005,0.04153324617063526,0.152769,0.076882,0.035255705882352946,0.029325179136999998,1.8510953775232946,3.0847930021257985,-0.006541294117647058,0.034681807462206865,0.034276255964459955,0.131085,0.070903,0.026532235294117645,0.019972649290000002,2.0685748196511673,2.7396543309444437,3.5559506470588227,86.09806183241676,83.6030471460756,224.0869,113.22225,75.15039335294118,118820.98136585197,1.354283771525363,1.3253807829633524,0.09572665697167307,0.1920413505326723,0.031625912661402626,0.03409799395858941,0.092029,0.028798666666666663,0.738725824934796,0.028160778587721372,0.030842066266707876,0.08775,0.022500333333333334,0.8081312131384523,83.39827125014746,43.59153776190717,110.242144,73.29224500000001,1.0246147826349936,0.049668126681001366,0.05529550673427271,0.129688,0.0451628,1.1601602852766943,0.05245838454050982,0.05378188592546751,0.131085,0.0476546,1.5054007759746346,95.8989495044773,28.870146009710652,68.863278,92.357026,1.178195660755744,0.04688133821042228,0.027166044664249524,0.070606,0.0400932,1.0950657966562982,0.013499577785990197,0.014798253163802814,0.037476999999999996,0.0108904,0.3873980308841985,60.47649296280168,67.26449380310126,169.157764,52.5591674,0.7430023160282019,0.9961670968482046,4.728762589792888e-05,0.002710797819163378,train,0.058823529411682896,-1.4120691887659043,0.05143856251884208,-0.009905316348206822,0.009905316348206822,-0.6402798797749936,0.048800183977898995,-0.01452392801343904,0.01452392801343904,-1.0056156112653183,1.0056156112653183,0.7657351415460272,0.07817786570546127,0.5036836845119255,0.6988516469258244,0.6988516469258244,0.13304551201408943,0.9908639441202021
normal,0,N0133,1,1005.306,1007.006,1.6999999999999318,18,0.03725583333333333,0.09052540953283911,0.0955383559452549,0.32242099999999996,0.167952,0.08218450000000001,0.164296394221,1.7579536337870347,2.4556928188900127,0.00816438888888889,0.18044763187569338,0.1755535283782572,0.551201,0.296861,0.1529132777777778,0.554742743869,1.690999906082019,1.7651725173523967,19.882502444444444,191.55798429252619,187.21964123394793,523.81915,264.58457,168.0613231111111,630921.4931478272,1.4132308354836423,1.43393624463789,-0.29515886332185326,-0.6084162016125209,0.11254383669634395,0.12328197707478035,0.32242099999999996,0.094511,1.1484441334953444,0.17652678084405965,0.19337385976884258,0.45647,0.15875416666666667,0.9801544601250672,181.7043969351871,118.6725403864311,298.571865,157.97501783333334,1.000324233894253,0.10000833884481833,0.09147109739238218,0.196763,0.08966350000000001,1.0205266980264345,0.16861198883383113,0.18433315967716354,0.501349,0.1445025,0.9362080478430648,208.19474002976162,51.736019051844494,132.63072,202.76719833333334,1.1461596270307668,0.07382492925157463,0.04715082257288838,0.125329,0.06840779999999999,0.7533402929334644,0.1969101017144626,0.22005434345065766,0.540552,0.175048,1.0933316379320692,143.3508092867997,127.44221353965362,316.880861,119.21318980000001,0.7891789681296928,0.9989053855982574,0.0008534285343463855,0.0001336044145996155,train,6.687461042444783e-14,0.7060345943802737,0.0932493502420581,0.002289005703196789,0.002289005703196789,0.14796138204232379,0.20315251246265043,-0.027598984084393235,0.027598984084393235,-1.9109134405408805,1.9109134405408805,0.7865587449669086,0.051346796098857755,1.151979542334569,0.1284369748347579,0.1284369748347579,0.17618722673107629,0.9839783541351129
normal,0,N0136,1,1031.221,1032.921,1.7000000000000455,18,-0.0072643333333333344,0.07630866770441959,0.07451364033741295,0.267029,0.167153,0.06130833333333333,0.09994108673400001,2.2432537082217046,2.465444735152234,-0.006384222222222221,0.11123748717393449,0.10829175732406106,0.339781,0.186259,0.09482511111111111,0.21108788467799997,1.7199739352518164,2.03798568313016,12.271803722222224,125.64902288598768,122.72400317292824,357.05511,179.38556,110.95348994444446,271101.2571862002,1.4616990593700807,1.4557170867097051,-0.18477636556998678,-0.3738468410448642,0.056507156304902356,0.06182630315542623,0.15603899999999998,0.048245666666666666,0.7382368273917901,0.09793086110874345,0.10726724966813807,0.29787600000000003,0.0808485,0.902429636501352,131.45357586892976,58.855351252554435,154.982104,119.972562,1.1023235574050743,0.08364639743587288,0.09058561315941216,0.251691,0.06272733333333334,1.092797003137358,0.12200097393532015,0.13356658613103803,0.339781,0.1098175,1.1242349277313992,133.1252994884023,49.418142006589235,134.483715,125.248625,1.1163420450349009,0.08770688987645156,0.09733080377506394,0.212885,0.083855,1.1458452407943127,0.10329627900849091,0.11537577984655185,0.280573,0.091701,0.9518717844629678,79.67524231095372,87.20763310137902,215.112709,70.9056694,0.6681286222969969,0.9976673038940149,0.000902477835835206,0.00038980153269588025,train,1.3374922084889567e-13,0.7060345943826817,0.06722443159094132,0.007289208746471626,0.007289208746471626,0.4711746233819751,0.10707666670202119,0.001215090622039866,0.001215090622039866,0.0841311040301704,0.4711746233819751,0.93586041319013,0.12245212671129957,1.084057955387616,0.06766653707693096,0.12245212671129957,0.09971427830753052,0.9948681613943734
normal,0,N0137,1,1037.528,1039.228,1.7000000000000455,18,-0.02983361111111111,0.05557748316395651,0.06170330493894868,0.177316,0.101934,0.052284611111111115,0.06853136112699999,1.6520022728256925,1.7289205684337992,0.00015522222222222277,0.044421600046076634,0.04317031455114086,0.13516,0.07759,0.036643777777777775,0.033546169052,1.7972998530757645,1.8929830003636872,8.611070722222223,85.97536220513831,83.99559482790232,219.61750999999998,110.14093,76.17965905555555,126994.67910887636,1.3112703139452322,1.300171796546241,0.17671737161109854,0.35718439824335235,0.060983440421697,0.06340995686483314,0.153428,0.053725,0.9747077482814438,0.04965485059723102,0.03938424208445133,0.08974700000000001,0.04233516666666667,1.119572851469945,82.47847718334789,44.471805054125724,111.478816,72.241375,1.0026369614414656,0.05900661928687888,0.05989019868726434,0.139078,0.049464333333333325,0.9431119107270213,0.04348414296997623,0.045264185292200575,0.121003,0.03551616666666666,0.9804412933091751,93.12927516529227,22.888628867020582,61.628229999999995,90.755096,1.1321117540204397,0.0683253034519423,0.05343948334611778,0.111285,0.0554866,1.0920538791805317,0.038213218616075774,0.030947781177331598,0.079087,0.0364362,0.8615972380396223,66.60903293033654,65.38605732351928,158.438103,56.7820374,0.8097224956441211,0.9937588691492473,0.0020176438732730584,0.003395504930093634,train,1.3374922084889567e-13,0.7060345943826817,0.051596961160879855,0.010106343778068828,0.010106343778068828,0.6532742975299406,0.049384942136228946,-0.0062146275850880825,0.0062146275850880825,-0.43029175798599173,0.6532742975299406,1.1322875323994843,0.3129810229578852,0.6314156120464991,0.472835805974997,0.472835805974997,0.100828983737077,0.9947527824715037
normal,0,N0138,1,1045.208,1046.808,1.599999999999909,17,-0.004733764705882352,0.06235058869562641,0.060673901527660425,0.249579,0.131852,0.04563917647058823,0.06258247955199998,2.1731254572427723,3.291312111011918,0.004593764705882351,0.06379603179619542,0.06206148954061608,0.239724,0.162122,0.05073611764705882,0.06547768422799999,2.6122801950136796,3.687340060080749,2.2481269411764715,91.19110597119969,88.49692723234921,240.52658,121.00984,79.52579576470589,133139.0042026511,1.3673903013862612,1.3643591970592686,-0.011305524843868753,-0.022612013104395614,0.032438244211115984,0.034811258131529806,0.09021299999999999,0.027429833333333334,0.5187288774009691,0.054764484805391894,0.059964450068353,0.16553099999999998,0.04698366666666667,1.106492362302757,87.99168406982862,50.60049552691589,128.098502,77.255219,1.0208399301040854,0.05622454310530233,0.06285976676698697,0.16448600000000002,0.0426346,0.8991021196332653,0.04610513856393884,0.05141238795951809,0.122388,0.0413808,0.9315340747784391,103.19808063570085,28.17286813206974,68.68148199999999,100.0743496,1.1972577015280417,0.08994307868201977,0.10023831776571272,0.249579,0.0788676,1.4383044880931928,0.04598005993471518,0.04841939079232616,0.118176,0.0423172,0.9290069160109443,61.91906671877401,68.89749187038841,173.604271,53.72009920000001,0.7183571539685678,0.9961899294625387,0.00029943921668793266,0.002730468404394576,train,0.058823529411682896,-1.4120691887659043,0.053413313602211354,0.0072605879254490704,0.0072605879254490704,0.4693245728435386,0.05609034626600591,0.005971143274610166,0.005971143274610166,0.4134332591358007,0.4693245728435386,1.0567652893184616,0.24395370014963866,0.8615502566171932,0.16206671742865583,0.24395370014963866,0.10733891828776423,0.9940533453526714
normal,0,N0138,2,1046.808,1048.508,1.7000000000000455,18,0.004779166666666668,0.0665856465960769,0.0648858610976913,0.22159299999999998,0.111371,0.056823166666666675,0.075783149467,1.7164139939874001,1.8966419437587196,0.00474911111111111,0.06661462672795349,0.06491174239517669,0.24841999999999997,0.162122,0.050955333333333325,0.075843617414,2.497575847109699,3.520235541253027,8.543697833333333,91.30445050421794,89.14234917626091,234.99623000000003,119.43497,80.43700050000001,143034.45149992363,1.3398230033610803,1.3365281278362033,-0.00019939734470222036,-0.0003987946946866865,0.07094100229768396,0.072037327707238,0.160773,0.06290266666666666,1.0699556073516863,0.07831411291608513,0.08252825459138222,0.24841999999999997,0.058852499999999995,1.1794733581306984,96.26652600093384,36.97052038660563,94.08284700000002,90.15668516666666,1.1030459034813873,0.07463815007420803,0.0797640579143681,0.22159299999999998,0.06569816666666665,1.1257172101847053,0.07419993381847902,0.08128058378973418,0.193436,0.06828866666666666,1.1175105208397467,94.74453424997182,40.0748994590879,100.271236,87.39677033333334,1.085606541786598,0.047142465563438665,0.052679091239314295,0.116723,0.04376100000000001,0.7110182227525662,0.031982344964057906,0.03153742060315015,0.072048,0.0248802,0.4816797689590369,63.277570381360064,70.59319129339369,179.346106,53.2268112,0.7250502089452912,0.9948015138264164,0.0010404358859320282,0.0031839157498546474,train,1.3374922084889567e-13,0.7060345943826817,0.053673750650218476,0.011212110447472827,0.011212110447472827,0.7247510808305928,0.05705179824939614,0.007859944145780548,0.007859944145780548,0.5442110790797536,0.7247510808305928,1.121943034602499,0.3038031060565357,0.8945936366813471,0.12443052993181809,0.3038031060565357,0.1669568562370282,0.9856131138866685
normal,0,N0139,1,1052.861,1054.461,1.599999999999909,17,-0.003633352941176468,0.06741365328972795,0.06550169809608442,0.21404299999999998,0.109698,0.05758241176470588,0.072938031709,1.674735208224435,1.8770088730298171,-0.0034096470588235294,0.05337469982929784,0.0518932014656346,0.191519,0.106441,0.04249635294117647,0.045779374091999996,2.0511550067013835,2.612160449752311,3.536063470588236,89.42081545838775,86.8229704827571,237.31997,119.03776,78.44587205882353,128149.8794586451,1.3710399372207693,1.368192989472186,0.11592068037998009,0.23288827879571292,0.06278730158240597,0.06860164020974037,0.190576,0.05539233333333332,0.9608951182351407,0.040139587151173675,0.04263850876222885,0.12435199999999999,0.03169433333333333,0.750579964482797,89.9750488555896,43.4551503932377,112.063777,80.75818433333335,1.0624120529823367,0.07359938270121563,0.08200639304773745,0.201906,0.0638228,1.1263629071540673,0.0683459832865107,0.07501936581443487,0.17385299999999998,0.06035099999999999,1.2780182694587345,98.0704021853458,35.14800784488548,83.67253000000001,92.8950904,1.1580007863042565,0.059289942814949655,0.06428624267679672,0.170571,0.051887,0.9073716368675748,0.05046884498579297,0.054296489892994,0.125329,0.045189799999999995,0.9437292848642723,60.15756055345132,65.09394302644387,160.649796,53.76530339999999,0.7103315666166595,0.9963153340344034,1.6088304769281205e-05,0.0029068596475452044,train,0.058823529411682896,-1.4120691887659043,0.052737847949907775,0.01276385014617664,0.01276385014617664,0.8250555711468486,0.05359673870867597,-0.0017035372430413698,0.0017035372430413698,-0.11795043629995727,0.8250555711468486,1.1628474041465988,0.33961272765548584,0.7342812473836762,0.3219079818270017,0.33961272765548584,0.2033527805299116,0.9786568498842386
normal,0,N0145,1,1094.044,1095.644,1.599999999999909,17,0.017488588235294117,0.08843436892411995,0.0875582709923881,0.289531,0.173266,0.07626541176470589,0.13032966392599998,1.9788650236716407,1.884726356424118,0.004025705882352939,0.15687151549148617,0.15224095939448404,0.47395299999999996,0.283259,0.12573441176470587,0.394014265195,1.8605965249208944,2.1761921210880395,4.832451058823529,156.5851331021331,151.98673635102557,441.44849999999997,225.21677,136.74422141176473,392699.45645281463,1.4818185810625197,1.4477883232158442,-0.2697368473513136,-0.5531599989055104,0.07466683220368554,0.08117170124782815,0.188135,0.07102966666666667,0.8738638554211399,0.15461087861359132,0.16936696680482494,0.41847,0.12674633333333335,0.9879123647885545,148.9684824893289,103.90418087032674,269.150763,129.51361766666665,1.0047894145924983,0.09947073893160742,0.10836174445024407,0.275555,0.0818516,1.164156572053871,0.16298153745071864,0.18197323486491085,0.41204399999999997,0.147675,1.0413981055124788,182.10631709890353,38.745831393711505,95.27816,178.778408,1.228303441733123,0.08232758856543777,0.07370566819655053,0.191587,0.0689622,0.9635215774932487,0.15208359341559496,0.16932403828842496,0.456708,0.11850660000000002,0.9717638484691588,102.68953106559334,113.25165317598395,278.55185,90.23347959999998,0.6926388191647648,0.9987435688166421,0.00010605664085535856,0.00055491563827662,train,0.058823529411682896,-1.4120691887659043,0.07903236579183726,0.00852590520055084,0.00852590520055084,0.5511147110177775,0.15066786021333128,0.001573099181152754,0.001573099181152754,0.10891909497018298,0.5511147110177775,0.8879659173869826,0.06991915349667813,1.2305873190896852,0.19444672172345473,0.19444672172345473,0.0680991916905459,0.9976064516599171
normal,0,N0145,2,1095.644,1097.344,1.7000000000000455,18,-0.019366666666666667,0.09025448811001036,0.08982422792691662,0.310421,0.157636,0.07191222222222222,0.14523105460799998,1.7549385465161675,2.3012054594768623,-0.001387166666666667,0.15137808226200888,0.14711959243021758,0.48459199999999997,0.272792,0.12671994444444445,0.389595140583,1.8542193836581753,1.9737459040485963,16.011889333333333,157.53949304758595,153.9358835838171,443.90635999999995,222.59417,139.19719344444445,426532.6125851488,1.4460187242748954,1.424820413187903,-0.24180991264807228,-0.49339107230608786,0.0845382675646558,0.09205795623283555,0.26905,0.06063283333333334,0.9817616256124587,0.1556689687756255,0.1704511404620104,0.48459199999999997,0.12983199999999998,1.0344734075044661,160.09515732635117,80.96520462271455,210.25600699999998,142.01287183333335,1.0698948997205495,0.07928898016328205,0.08445537145893485,0.21246500000000001,0.063131,0.9208004883554385,0.12952808480209996,0.14186538149586272,0.36069300000000004,0.11242383333333333,0.8607583149464297,168.81705891219465,52.6741581009013,148.641722,161.82416466666666,1.1281822219506428,0.09534088654297274,0.10614221982086111,0.265768,0.0826684,1.1072148324801434,0.16667139942413634,0.18622318371379004,0.421058,0.1518668,1.107588312891947,105.70679373049353,110.03359306979088,268.37208999999996,93.6638706,0.7064246125042039,0.9980426637613976,0.0011147457350916578,7.759262713283725e-05,train,1.3374922084889567e-13,0.7060345943826817,0.07981887476666832,0.010005353160248295,0.010005353160248295,0.6467462616385641,0.15357140492631266,-0.006451812496095083,0.006451812496095083,-0.4467140955963485,0.6467462616385641,0.8994114936677345,0.0827264460784288,1.1741328986753203,0.14748508770531937,0.14748508770531937,0.034622630577672994,0.9993813024267771
normal,0,N0146,1,1101.005,1102.705,1.699999999999818,18,-0.007304722222222222,0.05230247542652097,0.05135107556430645,0.164135,0.086648,0.044352166666666665,0.047464793309000004,1.6873648516181818,1.8016836022927492,-0.003552277777777777,0.05268370062240542,0.05132243687652063,0.197603,0.101134,0.04372561111111112,0.047411865485,1.9705611454756844,2.616836473809678,8.564837388888886,86.25886506732955,84.26495137920959,219.66711,111.1144,76.91190183333333,127810.47655692999,1.3186312717367197,1.2973569368110742,0.0002789296587281457,0.0005578593319183667,0.02569053347376552,0.02689584771236383,0.077668,0.0223285,0.498265627813378,0.06428234128436829,0.06938438414129411,0.197603,0.056098,1.2216117912601616,87.55504912747692,37.70896808986969,96.02810500000001,80.50412866666666,1.0595281210010075,0.06611422460156866,0.06975098929095319,0.157561,0.06176166666666668,1.282279547138841,0.03300212823187822,0.03612554309303414,0.08759,0.0301295,0.627167402108081,91.25038820535613,31.70643419257921,82.68321800000001,86.53834433333333,1.1042464520243434,0.0547844086561131,0.055304926287809114,0.150851,0.0492274,1.062538767491847,0.05611450578237324,0.06267319419656221,0.146639,0.050254,1.0663914934466334,63.454889760962224,68.52829399759769,170.94363700000002,54.777557,0.7678853565471788,0.9934375269178557,0.0020604591422542073,0.0035788321518742333,train,0.0,0.7060345943778656,0.0517056504078842,-0.0003545748435777457,0.0003545748435777457,-0.022919726158801897,0.04978618878260725,0.001536248093913381,0.001536248093913381,0.10636757938943076,0.10636757938943076,0.9393066109934024,0.12612774775062247,0.748250313423794,0.3030625422643078,0.3030625422643078,0.0821256989849052,0.9965189004212821
normal,0,N0152,1,1150.509,1152.209,1.7000000000000455,18,-0.018527666666666665,0.05991746965422277,0.061105870632679624,0.24072300000000002,0.126089,0.049237222222222224,0.06721069366400001,2.063451493195274,3.033262129832305,0.0027626666666666663,0.046976826807918565,0.04573678331010562,0.163839,0.087961,0.036340333333333336,0.037653360256,1.9232004009465369,2.4567107136220456,8.155134333333333,84.9282957886339,82.93738405248651,216.60818999999998,108.93954,75.48934477777777,123814.97412245358,1.313515506240927,1.2996678058500934,0.14384786183484713,0.289705083335999,0.05851049820473816,0.06384638986322301,0.176623,0.04678516666666666,0.9311566078650592,0.04334964052330769,0.04545218453899292,0.133935,0.0311765,1.0333717436997056,87.56245345736878,35.33868215695473,89.93507399999999,81.40330383333334,1.076329967447559,0.06697136082187172,0.061873887038071236,0.140258,0.062209999999999994,1.0658057456422587,0.05008782613403514,0.050448051077321115,0.147036,0.04341583333333333,1.19399708060846,89.02601485860242,34.05866232613235,88.2938,83.42044666666666,1.0943202696050272,0.06272336654230223,0.060596052859901696,0.150294,0.044586400000000005,0.9982016734678437,0.02678929925548632,0.029933518189481166,0.075942,0.0237222,0.6386051775735191,61.56919956768131,67.82519937786626,170.792719,52.7088466,0.7568172424350664,0.9937245464306615,0.001843340857771201,0.0033911011806928544,train,1.3374922084889567e-13,0.7060345943826817,0.051169957875481294,0.00993591275719833,0.00993591275719833,0.6422576323658192,0.04780857979146237,-0.002071796481356754,0.002071796481356754,-0.14344816933057816,0.6422576323658192,1.1356314525378512,0.31592991362266465,0.6774884519193849,0.40240760040151086,0.40240760040151086,0.12348807674026653,0.9921293909176646
normal,0,N0152,2,1152.209,1153.909,1.7000000000000455,18,-0.005825222222222224,0.059671610871064235,0.058282223942353696,0.215031,0.116632,0.04942311111111111,0.061142717298,2.00115905177811,2.4314379959989574,-0.016386333333333333,0.0538278737546002,0.054817725459522265,0.192744,0.096927,0.043873555555555555,0.054089694442,1.7681689487749992,3.1996061677120995,8.211488,85.06200036234816,83.07224433824805,217.82699000000002,109.97678,75.64824377777778,124217.96002908457,1.3238691319353773,1.2995857401304007,0.030632184197452294,0.06128354126922373,0.038135508798668644,0.04158717089520116,0.109797,0.033399333333333336,0.643977259217836,0.0631601338398413,0.06625503534675685,0.175964,0.05424366666666667,1.1257462059685133,84.11486033267218,40.59057090383501,103.175651,75.51367,1.033077637401893,0.07036802825384078,0.073274989674968,0.166484,0.06100466666666666,1.1882733808720982,0.05705575635580807,0.06214097365506917,0.192744,0.040295,1.0169437165710764,91.13775076340058,27.28682173866106,72.689187,87.66763416666667,1.1193310179010718,0.06508564565555142,0.07011999417427243,0.16192,0.0568252,1.0990721514943709,0.04482182195761346,0.023277600600147774,0.062057,0.0396928,0.798889947594613,63.89488581160723,66.78364605361735,165.021437,55.0528586,0.7847409769838224,0.9938548564271703,0.001767874246379676,0.0034163702936108073,train,1.3374922084889567e-13,0.7060345943826817,0.05122437594268283,0.007057847999670866,0.007057847999670866,0.4562194593126256,0.04800947424577884,0.006808251213743427,0.006808251213743427,0.4713933930009379,0.4713933930009379,1.081396552023833,0.2669943810673099,0.8106841469110532,0.22292159088596242,0.2669943810673099,0.05167716388860886,0.9986216623135108
normal,0,N0154,1,1165.852,1167.552,1.699999999999818,18,-0.000756444444444445,0.054201223730728595,0.05267955267674757,0.18510300000000002,0.10234,0.04379066666666667,0.049952434864,1.942689237093166,2.1398859918639155,-0.0029620555555555563,0.05043195766280161,0.0491004797040382,0.190416,0.107997,0.03806238888888888,0.043395427929,2.199510079147311,3.2636463006472978,9.764281777777777,90.0818302261181,88.08665427436496,234.63741,119.07293,80.16651522222222,139666.65590252698,1.35177037862196,1.3443284965329478,0.03516478516418583,0.0703585808154447,0.03350664103079667,0.03170656020079546,0.081971,0.02512416666666667,0.6330391996703746,0.05794728612713455,0.06347602037436395,0.190416,0.04502316666666667,1.1481752203773061,93.92270396215288,35.54750715195887,89.407092,88.1388295,1.0931844400926294,0.051433887514296776,0.05633413959728742,0.14283600000000002,0.04434716666666667,0.9717377208315278,0.03670040858310254,0.039831763688878585,0.08963399999999999,0.03512116666666667,0.7271867679944559,93.51664675327942,38.497743522706756,97.31103200000001,86.66198516666667,1.0884582620355456,0.07073577972568056,0.0707936881134187,0.18510300000000002,0.06463540000000001,1.3364073511411614,0.05490398492277222,0.0608556534949712,0.170606,0.03890880000000001,1.0878748462868446,63.38338584598168,70.05329879256686,176.401159,55.0238912,0.7377314349375587,0.9937503373693547,0.002474941521444134,0.0029374915462817026,train,0.0,0.7060345943778656,0.05324776255601206,-0.0005682098792644877,0.0005682098792644877,-0.03672909984831522,0.05547918367244013,-0.0063787039684019345,0.0063787039684019345,-0.4416521676732119,0.4416521676732119,0.9218001463815724,0.10731423164811901,0.6847976053911189,0.39167677985160687,0.39167677985160687,0.14207933999937883,0.9895811412362947
normal,0,N0155,1,1173.557,1175.257,1.7000000000000455,18,0.031236944444444446,0.09688833615254468,0.09920472243715686,0.38952,0.252725,0.07624161111111111,0.177148385169,2.5475097736410026,3.2007051807543507,-0.009439333333333333,0.20459165915521177,0.1990512939445509,0.623714,0.314734,0.17068644444444445,0.713185517178,1.5811703293306623,1.8085566904036896,19.275938888888888,187.9151044658978,183.63514294355005,512.97229,257.56207,164.54561577777775,606993.583030165,1.4025750511119504,1.4335662383060803,-0.3347680047442052,-0.6963769316497387,0.0672936819347354,0.06688905715287068,0.158525,0.056998999999999994,0.6604513729829984,0.19731110498567148,0.21609434188859888,0.51923,0.17282133333333335,1.0350974911221456,181.40953472834073,111.38235643348817,275.835904,157.79733633333333,1.0172420688130281,0.12542718597324373,0.1262259243411062,0.335387,0.09101516666666665,1.231000516003322,0.20208417047854094,0.22081138693252816,0.553687,0.18173933333333334,1.0601370757769961,204.3052276798737,53.79536340626009,143.87215,198.31542666666667,1.1456281654964386,0.10481005988262768,0.11614280541514399,0.29214300000000004,0.0917142,1.0286544882333302,0.1667925490697951,0.1778640695567826,0.46524600000000005,0.1272024,0.8749966155860799,136.20212262766807,126.68547992308746,315.898451,113.5164872,0.7637444702450348,0.9986866836493682,0.0010361697519600255,0.00010290092272331699,train,1.3374922084889567e-13,0.7060345943826817,0.09180295356753551,0.00740176886962135,0.00740176886962135,0.4784505123676722,0.1978128691126353,0.0012384248319156077,0.0012384248319156077,0.08574673071916766,0.4784505123676722,0.832686182376858,0.005642631907198445,1.3316675605074517,0.2733871328782708,0.2733871328782708,0.12878819228916305,0.9914392782074182
normal,0,N0158,1,1198.625,1200.225,1.599999999999909,17,-0.016350941176470592,0.08571385308358168,0.08474697269692952,0.297944,0.189089,0.07517529411764706,0.122094839482,2.2312183430577095,2.0190425574810877,-0.0034347058823529443,0.11481978757751465,0.11144449697072899,0.355528,0.214507,0.09544799999999999,0.211137890386,1.9247877269017644,2.3552700007725917,3.497340941176471,118.44124328401129,114.95809555270888,334.32738,171.90351,103.13604011764706,224661.1834627977,1.4953580187067501,1.469818920682762,-0.13607892493434126,-0.27385665671301235,0.06514105273814151,0.06744845633642528,0.147649,0.060283833333333335,0.8867644319759428,0.10598701489962502,0.11607090367816848,0.334796,0.08273766666666667,0.940697040730347,118.56688132734757,70.30755685913589,183.325669,103.50097466666666,1.0524352347176538,0.07322739737147566,0.08186854715212674,0.174942,0.06755420000000001,0.9968437522222009,0.10762323808360348,0.12030685540026385,0.24506099999999997,0.10412360000000001,0.9552194830182122,134.3392051852494,38.899767824657644,92.02409999999999,129.75541800000002,1.1924351164350881,0.08254549099860028,0.09193580500980018,0.209536,0.07788339999999999,1.123690857926369,0.12473500693470137,0.13921950941337208,0.355528,0.10319180000000001,1.1070964873392997,75.486488447839,83.99319174445719,205.333736,67.32133280000001,0.6700407339573745,0.9973008590351583,0.00016223096187052523,0.0013222532861906105,train,0.058823529411682896,-1.4120691887659043,0.06409077604237412,0.020656196654555398,0.020656196654555398,1.3352170335258007,0.09550819222618788,0.015936304744541108,0.015936304744541108,1.103406518000042,1.3352170335258007,1.1362906733560116,0.3165102335457351,1.1909833238493885,0.16173445957826085,0.3165102335457351,0.11485107850282517,0.9931918605247612
normal,0,N0158,2,1200.225,1201.925,1.7000000000000455,18,-0.0048336666666666675,0.09671277823230891,0.09411213850449308,0.323091,0.189089,0.08197366666666667,0.15942770305,2.009188219551217,2.015464609937009,-0.00450927777777778,0.10784618638042169,0.10490461358750837,0.333276,0.185295,0.09149416666666667,0.198089603135,1.766318884015833,2.321313762214375,11.67237161111111,117.07465349591197,114.37328335389229,332.75918,167.85826,103.46380027777778,235462.46301269523,1.4676352298168727,1.4412394764287904,-0.054228978060961976,-0.10856446118012993,0.11127151768459588,0.11988829241158899,0.300237,0.10223616666666668,1.1624858395959694,0.11072443329500495,0.1212425951906617,0.278654,0.1032245,1.0308353676594624,125.15584762532545,49.588635342680675,132.168187,116.68244183333331,1.1240558451721758,0.10222555623962142,0.11171643142662586,0.262941,0.08799516666666667,1.0679800549699214,0.10392759921775672,0.11374430683496502,0.333276,0.08418716666666666,0.9675574013927647,122.10221268497827,50.130087162646184,134.33374700000002,113.20230700000002,1.0966303890800653,0.06126396698876102,0.06750513093239653,0.17025400000000002,0.0547068,0.640042443779563,0.10749035965052867,0.1201625855073034,0.300385,0.09564500000000001,1.000726408009525,73.91372227345546,82.32706365547641,201.070336,65.1700104,0.6638375524300989,0.9972092704537132,0.0009847986728929864,0.0005294280901046429,train,1.3374922084889567e-13,0.7060345943826817,0.06385479589925214,0.030257342605240947,0.030257342605240947,1.9558353317106922,0.09463702747301063,0.01026758611449774,0.01026758611449774,0.71091270055841,1.9558353317106922,1.2683113014303686,0.42642740328716905,1.1268253596588256,0.1063594337852182,0.42642740328716905,0.1590131208568353,0.986949588333081
normal,0,N0159,1,1205.817,1207.417,1.599999999999909,17,-0.010241823529411765,0.06846728651538202,0.06720798416373565,0.23693199999999998,0.148831,0.058596882352941186,0.076787523301,2.2144839166342205,2.902623354428149,0.004703235294117646,0.04814856104226975,0.04694714804656277,0.15556199999999998,0.100987,0.040254058823529414,0.037468590065,2.1510784829749365,2.084738233056218,2.8735112352941163,87.07345468184246,84.52251850999204,224.21875,112.6026,76.22811535294117,121448.95429962312,1.3322201229331376,1.3153522297327087,0.17748510929557296,0.35876959309835765,0.07755191073511127,0.08469168871618984,0.23693199999999998,0.064886,1.1374318998079713,0.05833969428985151,0.062471203886003884,0.153928,0.05321083333333334,1.256540639663655,81.92568430381196,49.18579615041797,122.421395,72.21625999999999,0.9936336385546132,0.06473208322771638,0.06310076543672034,0.141825,0.058248999999999995,0.9494071223559716,0.03105692342779626,0.03469919694747992,0.08425200000000001,0.026741599999999997,0.6689148255742016,99.1503586328143,21.75113644118801,52.43373700000001,97.2229606,1.2025426757129207,0.05889423104855008,0.06183437440857634,0.15009,0.05330320000000001,0.8637849986454731,0.04300320312953443,0.04572636658209353,0.10986599999999999,0.035354199999999995,0.9262179554713744,62.20085882991888,69.49750682927454,175.226232,52.7725996,0.7544015799880036,0.9963894042213254,5.78558014410419e-05,0.0028064302288950274,train,0.058823529411682896,-1.4120691887659043,0.05180958245394711,0.01539840170978854,0.01539840170978854,0.9953530456657538,0.050169873333594225,-0.003222725287031457,0.003222725287031457,-0.22313680269274358,0.9953530456657538,1.2256126906072502,0.39218194610220675,0.6823754572497811,0.3952200776851955,0.3952200776851955,0.05741802256901275,0.998298410675748
normal,0,N0159,2,1207.417,1209.117,1.7000000000000455,18,-0.01222561111111111,0.05099922027909018,0.051047923116420715,0.184718,0.09858,0.04180283333333333,0.046906028181,1.9311265568077445,2.49443053132548,-0.020511722222222223,0.04427501779692811,0.0476665885133392,0.136546,0.080404,0.0426165,0.040897865889000004,1.6867999684411952,1.7382102591883934,9.029363222222223,88.71336174761612,86.68543341593613,223.77398,112.78297,79.08773033333335,135258.55859715655,1.3010602307176806,1.309352016864093,0.034253673013440455,0.06853415844971181,0.051244369874488,0.05010239307425013,0.14765,0.04063716666666666,1.0268640370518278,0.05248184399072375,0.039116284898577304,0.10885500000000001,0.050571333333333336,1.1013211715498026,89.98957741037567,38.90659422818085,98.20319500000001,82.68426783333332,1.059830415787576,0.04671540307007958,0.05117309545715079,0.147979,0.036991,0.9361100059682322,0.04259275874097223,0.045192619040797646,0.11155799999999999,0.0396515,0.8938006630338053,93.5213085847464,32.90852011519246,84.422236,88.56500199999999,1.1014245228686,0.051935830810722575,0.04727156642528361,0.108004,0.0438168,1.0407199273707946,0.04731528943164144,0.045217260838091466,0.09872800000000001,0.0355744,0.9929020405282205,65.5700921701118,70.79446482694473,178.21707800000001,56.68209340000001,0.7722358527251714,0.9932545821517318,0.002013015236502685,0.0038111270546113503,train,1.3374922084889567e-13,0.7060345943826817,0.052682349763004926,-0.001634426646584211,0.001634426646584211,-0.10564937655579668,0.0533918567908359,-0.005725268277496698,0.005725268277496698,-0.3964092326266996,0.3964092326266996,0.9076883504892322,0.09188688591424007,0.6755454270465661,0.4052797032197556,0.4052797032197556,0.08082633398126164,0.9966281825729769
normal,0,N0160,1,1212.95,1214.55,1.599999999999909,17,-0.0017899999999999986,0.08879825256515468,0.0861655534551673,0.312851,0.166638,0.06819058823529411,0.126216544238,1.9339282731666458,2.6328427937683108,0.00121923529411765,0.1995430387274038,0.19358902192425126,0.627348,0.32151,0.16801017647058825,0.637104059963,1.6607863235437106,1.8273936911999884,5.44919005882353,177.85908290525825,172.6346782658899,489.70241,247.91232,154.83287923529414,506646.44637944445,1.4360516814481987,1.4412669039921662,-0.3839918196976988,-0.8094669823770039,0.12020010022943686,0.1316393445371355,0.312851,0.10508583333333334,1.3596798830591263,0.1817299292714329,0.1990500296133278,0.538587,0.15536933333333333,0.9336827529918026,169.55001303416194,114.15200397840981,288.776435,147.36854699999998,1.0073560696823696,0.07403831147318259,0.07870487275893406,0.19054100000000002,0.0603638,0.8375068115051246,0.21105785871461882,0.23582834598135144,0.578938,0.1864012,1.0843622916448101,206.32537615507854,47.231261817541984,115.59571999999999,201.95427,1.2258513949948144,0.04678753880682334,0.050172170709468014,0.121991,0.0385272,0.5292514330026024,0.19248900470312583,0.21304923456398525,0.542346,0.163198,0.988960181475833,116.5575219781741,129.40202915860752,323.19049,101.425255,0.6925091017727755,0.9992593272302046,7.502369488224265e-05,0.0005606085880354014,train,0.058823529411682896,-1.4120691887659043,0.08736410767086059,-0.0011985542156932871,0.0011985542156932871,-0.07747457245692536,0.18142604080238262,0.012162981121868643,0.012162981121868643,0.8421470888838587,0.8421470888838587,0.769326072973758,0.07349930573157473,1.3776512754576218,0.3073352459680226,0.3073352459680226,0.0488916643974232,0.9987662478206181
normal,0,N0164,1,1247.012,1248.612,1.6000000000001364,17,0.013797529411764705,0.06972077410295088,0.06903200552173565,0.25057799999999997,0.127355,0.056004705882352936,0.081012102368,1.844868898671944,2.9962148455107855,0.015899117647058824,0.07248106525231465,0.07209200418052411,0.251169,0.134174,0.059067588235294115,0.088353370135,1.8611495341982396,2.9435652609691383,2.407488411764708,84.69165603837136,82.19823872739043,219.51809,110.14534,74.37784723529411,114861.35764804616,1.339996351567773,1.306120311288642,-0.021683047875571956,-0.04337289392461875,0.059380245838438,0.05759862018746629,0.16041,0.04906883333333334,0.83760023960508,0.08363968885642749,0.04014344638750722,0.108674,0.07518433333333334,1.1365040423833415,78.46811819792005,50.85773923602888,126.950991,68.86183050000001,0.9758091481312426,0.06698066683752857,0.06558785704152865,0.154302,0.0534932,0.9448095372435352,0.0677391485863234,0.07070111782143193,0.167529,0.053837600000000006,0.9204459897993296,97.65274383196466,16.391787306037074,40.526635,96.54587419999999,1.2143841723207496,0.08582031417094672,0.09230874552554595,0.203485,0.07314799999999999,1.2105560476820536,0.06593980565030502,0.07020765499359738,0.17060599999999998,0.0485332,0.8959963469517922,61.37953791582254,68.11500187636626,171.456595,52.3501218,0.763299999819745,0.9970143105195686,0.00012726597269860015,0.0022495577400853325,train,0.05882352941154915,-1.4120691887610883,0.05087170209361308,0.018160303428122568,0.018160303428122568,1.1738824371561518,0.04670751289169103,0.025384491288833078,0.025384491288833078,1.7575851863530783,1.7575851863530783,1.2944723783258165,0.4468442538090071,1.0774849182803243,0.06158471705112359,0.4468442538090071,0.05050083408220108,0.9986836984552255
normal,0,N0166,1,1261.397,1263.097,1.7000000000000455,18,3.572222222221863e-05,0.07343372618242892,0.07136476307869156,0.268107,0.15113,0.05972094444444445,0.091672729367,2.1177117877257428,2.4522703379802855,-0.000699944444444446,0.11455660348310336,0.11133120767107486,0.352179,0.224153,0.09694561111111111,0.22310348042699998,2.0133887405789594,2.2002448993621058,14.738555388888889,141.58580839534025,138.38377586975653,398.1096,199.41094,124.0545057222222,344701.24963147816,1.4409994144666263,1.4576680414136756,-0.21875931049900088,-0.4447053781232805,0.08732351121643395,0.09504808433507045,0.268107,0.07135716666666667,1.247790819737681,0.11390453954810872,0.12474178379516623,0.347615,0.08918,1.010469040160026,140.61893733279712,76.92108011882921,194.063563,121.831749,1.0494499054191642,0.05339887708869291,0.05803359029619541,0.163203,0.046357666666666665,0.763031945090089,0.10020646816365365,0.10976986105256761,0.24162,0.09214316666666666,0.8889508188599193,152.43699630781748,45.136643566388365,125.75329900000001,146.76264516666666,1.1376489852075486,0.06387068553569783,0.06956089036017293,0.163646,0.055391600000000006,0.9126666341240447,0.12483752799378879,0.13846686507861727,0.327088,0.1145784,1.1074576798105202,97.11411006229163,97.22259465376928,240.81758,84.54321559999998,0.7247700455774094,0.9980998095135144,0.0009149720712574568,0.0004597625719259399,train,1.3374922084889567e-13,0.7060345943826817,0.07354337536422961,-0.002178612285538048,0.002178612285538048,-0.1408255489501006,0.13040422731695062,-0.019073019645875752,0.019073019645875752,-1.3205880869221691,1.3205880869221691,0.7948834614178513,0.04081869294026667,0.9883672729011673,0.024745745495475077,0.04081869294026667,0.05837442929240725,0.998241252131501
normal,0,N0169,1,1287.385,1289.085,1.7000000000000455,18,0.01222561111111111,0.06915005169760212,0.06830478438302189,0.242381,0.142814,0.05433238888888889,0.083979784253,2.0908345043469376,2.7133887780341426,0.006769555555555556,0.04664364865183206,0.04583217767997599,0.162306,0.086134,0.03929200000000001,0.037810593196,1.8793346587507191,2.1032959494605854,8.490789166666666,86.2971924527799,84.29451519031232,220.01542999999998,111.1349,76.93567149999998,127900.17524105633,1.318411995716328,1.2934987553938988,0.19689157917524786,0.3989933997824491,0.05415145938322746,0.05597272261736068,0.120537,0.04869766666666667,0.8820085712259007,0.028622493354586238,0.031246654648137934,0.078917,0.02543316666666667,0.6274244739829125,85.96650212125476,39.936793005086365,101.548565,77.85317350000001,1.0404829545356105,0.06363535924573172,0.06745347198081554,0.18293500000000001,0.057131999999999995,1.0364805109049222,0.05311786341398407,0.05479211272071921,0.130495,0.048007333333333325,1.1643796051847113,91.94690928103257,28.70665331209439,75.97864299999999,88.13346416666667,1.1128659357828263,0.06661701118933512,0.07169381092046928,0.183469,0.0403878,1.0850450851679958,0.052027102041147744,0.057986814565899374,0.15121400000000002,0.0434596,1.1404693758376563,64.77825856081273,68.46315041567298,169.576304,56.010872199999994,0.7840341550940185,0.9934976294002378,0.0018865048793314909,0.003725248376598998,train,1.3374922084889567e-13,0.7060345943826817,0.051717579831363006,0.01658720455165888,0.01658720455165888,1.0721972890913265,0.04983022847646863,-0.003998050796492646,0.003998050796492646,-0.27681921115724206,1.0721972890913265,1.2489832570621984,0.411070897523158,0.6679712775439964,0.416554932949046,0.416554932949046,0.05593341139394665,0.9983852663173329
normal,0,N0170,1,1295.139,1296.839,1.7000000000000455,18,0.006108388888888887,0.1046777478466729,0.10191171251763842,0.412362,0.230349,0.08426538888888889,0.186947948669,2.260279945351053,3.151216233214113,0.007304722222222217,0.19932061418162905,0.1938425025694543,0.7044250000000001,0.366785,0.15972072222222222,0.676348484443,1.8921804822891202,2.344443855989055,18.592021944444447,175.45377367948706,171.52103740617423,479.68524,242.46159,153.96422483333333,529550.3929120239,1.4135968022734926,1.4190917588601857,-0.3108350967185153,-0.6429391119953779,0.13354910797281025,0.14562642606477713,0.412362,0.107099,1.2829181196142234,0.1693776158567989,0.18550671573827185,0.44313,0.14882233333333333,0.8581034330345236,168.41032584152623,102.36217659000192,254.044679,146.66568766666668,1.0120270527379027,0.09687633735507001,0.10268122456418213,0.270264,0.08630266666666668,0.9306270213349765,0.19905288661852324,0.21803069945621575,0.6464890000000001,0.1508675,1.0084447375100438,190.05197262908322,49.57028011017596,133.11649999999997,184.58622666666668,1.142078057065367,0.06464684797575207,0.07222278734236169,0.164917,0.0608244,0.6210195927398016,0.2247114066027802,0.2512063287015277,0.6525289999999999,0.19169619999999998,1.1384363185917539,129.51604486330402,120.50616486534439,299.44959600000004,108.2765942,0.7782999083359038,0.9985301286720514,0.001162027949480555,8.688812398561851e-05,train,1.3374922084889567e-13,0.7060345943826817,0.08691473754829138,0.014996974969347043,0.014996974969347043,0.9694048118009284,0.17976710710256327,0.014075395466891016,0.014075395466891016,0.9745598713475787,0.9745598713475787,0.9158229316714894,0.10080883251463967,1.3884115761342763,0.3151155138310265,0.3151155138310265,0.12845567620303763,0.991483426710299
normal,0,N0175,1,1328.059,1329.759,1.7000000000000455,18,-0.004878999999999999,0.05633102950051805,0.054960908620986654,0.196957,0.101437,0.04650911111111111,0.054372626576000005,1.8456208702719044,2.1169358717840545,-0.004291333333333332,0.1426108777812177,0.13865928297609378,0.420162,0.238281,0.12032655555555556,0.34607514159800007,1.7184641005325403,1.887493343871706,15.154151444444446,142.06236212036828,138.8890084321406,391.96031,198.13528,124.48752022222223,347222.81993873796,1.4265727881325208,1.4416129300024192,-0.43228122885473336,-0.9253975422133255,0.055061146332963315,0.06029194432564492,0.159661,0.0472595,0.9895551810759371,0.12033762985519811,0.13058965177493967,0.348125,0.09828716666666666,0.8727710659883254,138.25460686691025,81.36074648683253,203.072929,120.09077516666667,1.0271957848225,0.05471978324762139,0.05969532718619328,0.16201100000000002,0.04480900000000001,0.983420226898168,0.1514585760926069,0.16587814446635216,0.420162,0.13421833333333333,1.0984815229324414,153.32988885423438,42.369821377395105,114.621534,148.371336,1.1392012106329878,0.057406002546772056,0.06392310564498568,0.157322,0.0486092,1.0316967776424333,0.14047056060684032,0.15704611904883228,0.37344299999999997,0.12391,1.0187888947815598,102.19479824551233,97.66300833209884,243.721519,86.37348340000001,0.7592807817943351,0.9985141479269992,0.0009433105596739255,0.000317842683870997,train,1.3374922084889567e-13,0.7060345943826817,0.07374724397815821,-0.018786335357171557,0.018786335357171557,-1.2143491556511523,0.13115684636524866,0.007502436610845126,0.007502436610845126,0.5194577783236923,1.2143491556511523,0.609945224798462,0.30564504971428114,1.2265003753099215,0.19112006182593033,0.30564504971428114,0.10275494765361388,0.9945504107007445
normal,0,N0175,2,1329.759,1331.359,1.599999999999909,17,-0.02013388235294118,0.07208726172310399,0.07277544736257915,0.240507,0.122722,0.06258564705882354,0.09003651756,1.6863104858507976,2.1860241764468897,-0.023686058823529418,0.14946658165894083,0.14692568029829792,0.482071,0.248116,0.12841888235294116,0.366981644029,1.6887177210699928,1.6845608510533419,4.908639529411764,141.83921922111838,137.69177778062402,393.98663,198.13528,123.63978588235295,322303.4363626087,1.4389768451946126,1.4575521587638964,-0.33750501749739287,-0.7025482459088503,0.06628849905275173,0.06888401147436174,0.165315,0.05759500000000001,0.9683615585991522,0.1502996527934557,0.15800330936122825,0.416778,0.12316816666666668,1.027986221682515,132.83489167360526,92.04838470657081,235.70993299999998,115.40517483333333,0.9939056926822634,0.05488327702679569,0.04573811543669022,0.11028600000000001,0.044531600000000005,0.8017507779200608,0.13304117544204125,0.14561700945047595,0.36336100000000005,0.12191860000000002,0.9099455170319566,165.1622941517743,36.94302243999698,92.4585,161.823218,1.2357878438841627,0.08191454956233356,0.08466076319228406,0.203893,0.0746012,1.1966314220360372,0.15361514860911343,0.16741667230087928,0.368697,0.1353102,1.0506628144303767,93.30701216567847,102.60700075977776,255.97825,81.8512522,0.6981476733275228,0.9989532273519598,3.888371208808887e-05,0.0008372315694956646,train,0.058823529411682896,-1.4120691887659043,0.07326414417096097,-0.0004886968083818166,0.0004886968083818166,-0.03158937309193418,0.1293733932376716,0.01755228706062631,0.01755228706062631,1.215294778743299,1.215294778743299,0.8146699282378513,0.016231172257197363,1.3109203815655617,0.25768464297485033,0.25768464297485033,0.06297096191017715,0.9979533718483112
normal,0,N0176,1,1335.63,1337.33,1.699999999999818,18,0.005965777777777779,0.09149653681042061,0.08911855565044927,0.252917,0.131595,0.08079833333333335,0.142958105302,1.4766285095121667,1.620144420118703,0.0061912777777777765,0.1347975992694256,0.13114594322505324,0.430493,0.248823,0.11581594444444446,0.309586651639,1.897298489614786,1.784878874775803,16.697130666666666,164.94499571081207,161.1649900767106,463.73122,232.3195,145.39446066666665,467534.77247567207,1.4415010349916666,1.423542204377743,-0.19080418219446163,-0.3863432042490214,0.07127840366946125,0.07775540439266371,0.17191099999999998,0.064044,0.798156796165745,0.12990976293630388,0.14227101814272178,0.36509800000000003,0.11267916666666666,0.9826152048054839,166.11640524442694,86.86355797467785,224.929834,145.9689305,1.0605654874631194,0.10532113355748376,0.11487483750833628,0.252917,0.0967435,1.179358321752117,0.1260219256313493,0.1378722346949039,0.321763,0.11348916666666665,0.9532082690732446,177.45818740708597,53.275784414070245,150.72168399999998,170.66385266666668,1.1329767746586359,0.08779389158705747,0.0901496444518779,0.23367300000000002,0.08074719999999999,0.9830928812182556,0.14184117354421458,0.1585171952480235,0.393879,0.1232252,1.0728623518490736,111.84276686700376,114.56884280413233,279.98713,98.5277286,0.7140569794235139,0.9980649121034667,0.001182337036942262,2.7207792173571734e-05,train,0.0,0.7060345943778656,0.08273592333078697,0.006382632319662296,0.006382632319662296,0.4125735020084611,0.16434023428096284,-0.0331942910559096,0.0331942910559096,-2.2983243417221644,2.2983243417221644,0.85231914253073,0.02894682968881034,0.9997024764179001,0.013342396742018064,0.02894682968881034,0.040468027682560956,0.999154755476378
normal,0,N0177,1,1342.65,1344.25,1.599999999999909,17,0.029998647058823522,0.058618083908616864,0.0642952272535702,0.24598,0.171271,0.04932076470588235,0.07027589620900002,2.6638213646019833,4.0761377648936215,0.022229941176470588,0.06659858059717808,0.06832742530983141,0.220356,0.13633,0.056682764705882356,0.079366829841,1.9952456774393332,2.155595639527329,2.8705249411764697,85.52985688564988,83.02578665001707,220.17076,110.82317,74.95336164705883,117185.78123052057,1.3348042153115478,1.30124324087178,-0.030403539503201897,-0.06082582558993329,0.0598100167850949,0.06548156379546842,0.179745,0.049986499999999996,1.1823570412003042,0.07120697384619946,0.07493080798888176,0.220356,0.057413333333333344,1.0220287310518505,80.07163250277088,48.509013668868306,120.135436,70.30823633333334,0.9858687080414241,0.05106435518833074,0.034964718664676826,0.088215,0.0436664,1.0094680315542455,0.06211117886016977,0.06054950399301385,0.15219,0.05468860000000001,0.891477419777781,97.82337462953615,19.002046427829686,47.33539400000001,96.3356134,1.2044340916732987,0.03589114171212724,0.022387394415161407,0.056301000000000004,0.029786199999999995,0.7095156698004302,0.07477408671725787,0.07673701147751325,0.19694499999999998,0.060892,1.0732272533904197,62.015334141270785,69.155510606336,174.225708,52.557784600000005,0.7635535262316043,0.9964166736095618,2.955743418758411e-05,0.0028007145112607878,train,0.058823529411682896,-1.4120691887659043,0.05120562959652239,0.013089597657047813,0.013089597657047813,0.8461118978471417,0.04794026860919527,0.020387156700636136,0.020387156700636136,1.4115770216226444,1.4115770216226444,1.1936322538332595,0.365742043959555,1.0110407721469954,0.002064561132715473,0.365742043959555,0.04924097052870902,0.9987485557787813
normal,0,N0184,1,1397.885,1399.585,1.7000000000000455,18,-0.004132833333333333,0.04369693389600425,0.04266641936581977,0.145265,0.080336,0.036261166666666664,0.032767620147,1.8828859134206486,1.988301880578348,-0.004091611111111111,0.05968873651470789,0.0581511500798661,0.214781,0.119551,0.048475611111111115,0.06086801260099999,2.055866476171253,2.43126590642888,8.108544277777774,86.99612317155815,84.9329818878325,223.19391000000002,112.23163,76.94283027777777,129845.0054224599,1.3214139843602772,1.3082791339094342,-0.15359158923420518,-0.3096334774554336,0.0360372152896604,0.03939911997367454,0.104655,0.0308735,0.8228701937674782,0.0475686628639766,0.052086113983159335,0.138487,0.04232533333333333,0.7997524371910496,83.6587442850033,45.09373519172778,113.398808,73.21932799999999,1.0059228634411368,0.051042032494471326,0.05130596095094604,0.145265,0.043693166666666665,1.1654886991521296,0.0717676906448856,0.07852566181680144,0.214781,0.05540016666666666,1.206600775576696,94.25711531377318,24.111133019619743,64.617637,91.65123116666666,1.1333589590243085,0.0428521136561547,0.04499086752664368,0.10935500000000001,0.0385124,0.9784809060344658,0.05596780209727732,0.05724823097965561,0.153406,0.0518536,0.9409637235235507,66.75813679384297,66.88419919220684,163.189789,57.00217,0.8027079141049885,0.9944343732214768,0.001347666845612269,0.0033006587075016954,train,1.3374922084889567e-13,0.7060345943826817,0.05197521033730031,-0.00930879097148054,0.00930879097148054,-0.6017204655103315,0.050781319585858256,0.007369830494007842,0.007369830494007842,0.5102763240285833,0.6017204655103315,0.7743095842031723,0.06704243422790314,0.84114050957525,0.18604138744960394,0.18604138744960394,0.08658169797929428,0.996130895264524
normal,0,N0189,1,1438.168,1439.868,1.7000000000000455,18,-0.009528166666666666,0.09328577339063142,0.09115680966548187,0.30379100000000003,0.182423,0.07597783333333334,0.149572151071,2.001199917696085,2.327842466782779,-0.006913555555555556,0.14649790007538244,0.14253813151769446,0.412759,0.266575,0.12731166666666668,0.3657081408580001,1.870201307970056,2.1514219264109036,13.739878888888889,140.8823260041838,137.60071526780325,406.15956000000006,205.09245,124.45751899999999,340811.22315979906,1.4904897085806714,1.4564060353760402,-0.21986492986049994,-0.4470283468295619,0.0803322617020501,0.08757729027493373,0.234524,0.06844683333333333,0.8691409812496838,0.12868941363543984,0.14096354052697457,0.360399,0.10871716666666668,0.889618213379396,145.94992728822538,70.31648738214558,186.42129300000002,131.07646983333333,1.0899707828200538,0.0999610448149678,0.10923755020947086,0.284433,0.08178316666666667,1.0815111978231222,0.1443396750412027,0.15759326583539876,0.412759,0.12585633333333332,0.9978070472344994,150.48069889498947,50.94962134420907,142.592085,143.1126158333333,1.1238071044048603,0.09649297108287215,0.10781712156564002,0.256425,0.0800612,1.0439889752104985,0.16209014791282042,0.1810308585153371,0.341938,0.1568612,1.1205144519587311,90.70115538609424,97.16528961845721,237.00358799999998,81.0713616,0.6773666227570653,0.9977154581234989,0.0009590193857096457,0.00012674797037399928,train,1.3374922084889567e-13,0.7060345943826817,0.07322739913579929,0.017929410529682582,0.017929410529682582,1.1589575148157547,0.12923774208048688,0.013300389437207571,0.013300389437207571,0.9208995831973428,1.1589575148157547,1.0211116586541682,0.20963296679807622,1.2726148386315017,0.228028882948126,0.228028882948126,0.06576322176447946,0.9977678444713038
normal,0,N0193,1,1469.877,1471.477,1.6000000000001364,17,0.009140647058823526,0.0862166737165303,0.08414043286113296,0.40309799999999996,0.22379,0.06102676470588236,0.120353411515,2.6597200940164814,5.224505953585631,0.00403164705882353,0.19678347548445893,0.19095057885499803,0.575452,0.299687,0.16982258823529411,0.6198561006059999,1.569447978618452,1.5290160653301117,5.540805823529412,179.464075775784,174.193871186314,499.87154999999996,251.03667,156.40974547058823,515839.5809008606,1.4411337683143661,1.4545735066545462,-0.3882720315983832,-0.8195274224246518,0.04307782273010866,0.04667993504458491,0.110581,0.0366125,0.49735726451510126,0.18415138473323156,0.20125042381744193,0.476792,0.15852016666666666,0.9754953301646843,164.65853497747426,123.081591145471,314.890061,141.65140849999997,0.9740831995155361,0.06733307700380252,0.0716183176882842,0.136137,0.0585452,0.7773975764701193,0.1775312375729973,0.18919918281720988,0.40065700000000004,0.16798180000000001,0.9404267769242799,211.04489704732552,41.07644413459069,103.82688999999999,207.82235,1.248494580529391,0.13132196607574836,0.14681942645883073,0.40309799999999996,0.1014152,1.5161846555566245,0.204515461595939,0.22758070968713492,0.575452,0.174619,1.0833688707924838,119.8459744950663,128.55744994927645,320.80284,105.5535904,0.7089820779784168,0.9992053035014027,4.271524261043502e-05,0.0006328052253342645,train,0.05882352941154915,-1.4120691887610883,0.08799326446557348,-0.0038528316044405264,0.0038528316044405264,-0.2490471247726547,0.18374869056657295,0.007201888288425079,0.007201888288425079,0.4986482504407711,0.4986482504407711,0.7445205340392744,0.10627377471446298,1.3467119728227193,0.28462121703296334,0.28462121703296334,0.11646919278521443,0.9929986720681018
normal,0,N0193,2,1471.477,1473.177,1.699999999999818,18,-0.007823499999999997,0.07816478862991202,0.07636433498077198,0.330982,0.204092,0.06043850000000001,0.104967209827,2.6726088828166836,4.058957471791599,-0.02303627777777778,0.20091762653263287,0.19661104252432007,0.571966,0.304398,0.17644561111111112,0.695806236765,1.5482243321218698,1.4841506835288643,18.755537666666662,184.2530232865909,180.04133252475617,505.63782,253.19293,161.48637344444444,583467.8655112168,1.406304466032461,1.429766628486336,-0.4405038602460199,-0.9457116060414207,0.10717196520934631,0.11664058839086276,0.330982,0.0863435,1.364177501997256,0.20006101127406106,0.218770272056938,0.49042699999999995,0.18436,1.0621233105045338,181.75581661054696,102.44013512466648,256.289153,157.91439949999997,1.0394891019775383,0.049395281675817304,0.05406560281269413,0.117677,0.04544516666666667,0.6287458836398273,0.19064172146813335,0.20684917240121284,0.520536,0.17125100000000001,1.0121163290964044,199.39429916944,57.59054671452224,158.46397199999998,192.33874799999998,1.1403662608894707,0.06537335398310232,0.0704898598615432,0.156857,0.05809819999999999,0.8321286127360623,0.17025630630493543,0.1885026212212976,0.44611599999999996,0.1475914,0.903890220964398,128.8253566235088,126.97275223108097,316.17943,110.55818939999999,0.7367717675602389,0.9984279109466767,0.001180873690567987,5.9153198594467186e-05,train,0.0,0.7060345943778656,0.0903527993151168,-0.013988464334344822,0.013988464334344822,-0.9042146608323622,0.19245935396231906,0.004151688562001016,0.004151688562001016,0.287456866158845,0.9042146608323622,0.6537672551218683,0.2362627983388585,1.3415976849248332,0.28081637702651424,0.28081637702651424,0.06954941382177904,0.9975034214384736
normal,0,N0198,1,1511.429,1513.129,1.699999999999818,18,0.0017845555555555575,0.08299278257579512,0.08067422719665666,0.36415600000000004,0.191587,0.05917977777777778,0.117149956808,2.374822872898122,4.098101641696637,-0.01398522222222222,0.20381822797302837,0.1985688163458704,0.670455,0.346287,0.17310477777777777,0.7097323468500001,1.743914308260929,1.9273766344846044,18.166921944444443,171.92405253615422,168.06490549132815,477.74177999999995,241.12335,150.9887233888889,508424.624240563,1.4347037490967531,1.4215006628831621,-0.42219346864709595,-0.9007165632077991,0.11603536836384556,0.12650502594126448,0.36415600000000004,0.09586700000000002,1.3983480434538946,0.19269731245314936,0.2108941493495414,0.5496570000000001,0.16183066666666665,0.9737005777223842,163.89562750418258,100.78834701514408,251.28463200000002,142.56691833333335,1.007044115218453,0.06335693092577427,0.06940384510577685,0.210285,0.04414533333333334,0.7635175520061911,0.20286638647190092,0.22190497969033204,0.57854,0.17785983333333333,1.0250849645667386,186.28047355804205,46.74218658661644,126.95671999999999,181.32766333333333,1.1445860852629857,0.049371298692661506,0.0512871172108552,0.13666,0.043109,0.594975996570129,0.19803354288049285,0.22080140642260412,0.564711,0.1736326,1.0006645793673339,127.20928037006694,117.24400676924336,289.014371,106.6612362,0.7816276684659018,0.9985133907433053,0.0010738027464690385,9.621258238317513e-05,train,0.0,0.7060345943778656,0.08552013855469276,-0.004845911358036095,0.004845911358036095,-0.3132398232071938,0.1746186845617244,0.023950131784145984,0.023950131784145984,1.6582722244087986,1.6582722244087986,0.7398822137226296,0.11252320455359044,1.4515119783882742,0.3595609279776328,0.3595609279776328,0.14150733153626183,0.9896648645788213
normal,0,N0199,1,1517.965,1519.565,1.6000000000001364,17,0.005920588235294117,0.07082050892755115,0.06896061065053091,0.265826,0.149612,0.056828823529411765,0.080844618962,2.169528352325403,2.9387259678007127,0.0032325882352941195,0.12881606134526608,0.12501173738352353,0.359206,0.224226,0.11221976470588235,0.265674886222,1.7936395789148745,1.7557335478503542,3.7680736470588223,130.25582800629263,126.42288142598854,369.10216,188.27953,113.0879405882353,271706.66411684244,1.4892836476775295,1.4741331329317402,-0.2889645214938736,-0.5948721504984052,0.03862499116504753,0.04041441378229637,0.12181,0.030388166666666664,0.5953814430660787,0.10828813942979475,0.11842532560802468,0.29107500000000003,0.10128816666666667,0.9279314561057606,126.49052724071998,83.49636161281401,216.43331,110.3308735,1.0255706222268397,0.07012266314680297,0.0779951142104427,0.170787,0.0648996,1.0808994673314047,0.12643015126226811,0.14130450294594293,0.348784,0.10180499999999999,1.0833920960709444,150.3297325451156,37.474783725964464,92.055687,146.54535460000002,1.218856152382744,0.08222122119866622,0.08794000408687731,0.227815,0.0686098,1.2673915993595262,0.11628887801075388,0.1232885895604293,0.251055,0.11447979999999999,0.996490552609253,82.94205368308519,92.5913606364088,228.61018,71.9021872,0.6724846157266239,0.9981245015764084,0.00014829815557933178,0.0010175141018430591,train,0.05882352941154915,-1.4120691887610883,0.06871698222739218,0.00024362842313872812,0.00024362842313872812,0.015748146953960443,0.11258669601892084,0.012425041364602693,0.012425041364602693,0.860291758214462,0.860291758214462,0.8407758389810106,0.015310875961517133,1.214819401099495,0.18155059578278523,0.18155059578278523,0.06139088775579097,0.9980547916906077
normal,0,N0199,2,1519.565,1521.265,1.7000000000000455,18,0.003361444444444443,0.07029910716964813,0.06840109791516508,0.293233,0.177019,0.053642333333333334,0.08421678352800001,2.587955535736415,4.2523438408943965,0.011180000000000002,0.12253569393878187,0.1196069489141645,0.350713,0.218583,0.10880666666666666,0.257504800114,1.8275108761186218,1.512548253584989,12.740951888888892,130.42427357065696,127.38836566229715,367.16597,184.19745,115.11869633333335,292100.32271000027,1.4459519049667542,1.4442817399187027,-0.2723598902402876,-0.5588220652204738,0.10171627201764065,0.11119831145735383,0.293233,0.0890645,1.455176388035356,0.12803475109516166,0.1386692289745638,0.308661,0.11101833333333333,1.096762466086614,135.62204135316304,63.74656110855922,165.228389,122.50299883333332,1.0948586604954178,0.05080605992726983,0.0551915543925578,0.151827,0.043490333333333325,0.7268431816145442,0.11640157431710277,0.12706277599110868,0.29615,0.10838016666666667,0.9971111484373736,138.74879977992867,48.91193261231898,133.63577600000002,131.36811566666665,1.1201005644563446,0.03315576923553426,0.03660626410875603,0.090633,0.027248,0.47433406240381054,0.10200178773825487,0.11008256314603143,0.262056,0.0962826,0.8737606884704547,83.64700504344742,90.48108116912285,223.74167599999998,74.4273034,0.6752711209960445,0.9982324052037284,0.0008461236323763332,0.0002162344323443823,train,1.3374922084889567e-13,0.7060345943826817,0.06910656901906165,-0.0007054711038965711,0.0007054711038965711,-0.04560166860994883,0.11402492839184726,0.005582020522317238,0.005582020522317238,0.38649096679985573,0.38649096679985573,0.8276336042177492,0.0004436579711050833,1.1534884729376988,0.12974597657201362,0.12974597657201362,0.07455090981250584,0.9971314383721919
normal,0,N0203,1,1550.809,1552.509,1.7000000000000455,18,0.0006058333333333331,0.07594743463293233,0.07381012602805782,0.327893,0.172065,0.05466583333333333,0.098062824677,2.331184205465142,3.9733708545201845,-0.0021178888888888896,0.0558673200905912,0.05433456792053389,0.183412,0.117723,0.04973455555555556,0.05314041488,2.1666317503835457,2.2026393385522987,10.458537444444442,97.18748913681374,95.02654449585071,266.7797,135.18836,86.20913622222221,162540.79485879414,1.4226378610021215,1.406755780047329,0.1519809951334,0.30633529689722827,0.06564114105371215,0.06901594638849778,0.206845,0.050905833333333324,0.8643372572296826,0.04374403272638071,0.04660288093562457,0.117313,0.040666833333333326,0.8069492133286388,100.81716969047235,41.543242321897175,105.05236099999999,93.41253066666667,1.0944063869223597,0.08254578089460417,0.08891648308478392,0.250532,0.07046783333333334,1.0869310421636806,0.049576981231212534,0.05388494211805991,0.11344199999999999,0.048167666666666664,0.9145500199758485,101.57007481587772,39.816821276909025,104.976313,94.84371733333334,1.102579440981703,0.07913494238830278,0.07715207689816263,0.186806,0.0503552,1.0420184347338741,0.06888866713908753,0.0724813970698689,0.183412,0.061158199999999996,1.2707940327051899,65.39328920355906,71.80042973526814,179.156926,57.40772080000001,0.7098675115157432,0.9955026026943394,0.0014867877925110295,0.002213728443478319,train,1.3374922084889567e-13,0.7060345943826817,0.056048108190099304,0.01776201783795852,0.01776201783795852,1.1481372473185234,0.06581718237375296,-0.011482614453219069,0.011482614453219069,-0.7950394921823705,1.1481372473185234,1.1972251153196631,0.3687475467028773,0.7024540058682308,0.36622018088189173,0.3687475467028773,0.11059228253178195,0.9936874049261413
normal,0,N0203,2,1552.509,1554.209,1.7000000000000455,18,-0.0001415000000000012,0.07343832648055582,0.07136936509650185,0.273126,0.138129,0.05284461111111111,0.091684552937,1.935410239578695,3.190439288795921,-0.008239944444444446,0.06735223848978568,0.06597122639749005,0.200044,0.105811,0.05835683333333333,0.078339648823,1.6038962101821062,1.766560861327345,11.29777083333333,100.1562457876357,97.98785751280369,272.02585999999997,139.43102,88.22031583333334,172829.16395909133,1.4229418168652284,1.4225863061921782,0.0393047579033373,0.07865003370637225,0.06574651600528604,0.06878025759305258,0.183458,0.04884716666666667,0.8983904568549607,0.05418383387905781,0.05909161306790217,0.148489,0.0473695,0.802194428813036,97.77095766934542,51.3078339220388,133.155722,85.82199783333333,1.029291576299699,0.07620416193139759,0.08342339294386597,0.24841000000000002,0.057514,1.0412885124786444,0.08012574399446576,0.08456201210157352,0.192858,0.077637,1.1862657334349869,106.89576847607432,32.99585878939047,86.424361,102.56428749999999,1.125353751843258,0.07780567514776798,0.08522991435699089,0.239963,0.05755600000000001,1.063172321348434,0.06545580202854442,0.07301425769122083,0.19254,0.0544868,0.969076493147192,74.1255175102642,74.27757796694387,186.892527,63.6433906,0.7803623139317215,0.9956634435594375,0.0016591827102396027,0.0021654233553409083,train,1.3374922084889567e-13,0.7060345943826817,0.057243040633341125,0.014126324463160728,0.014126324463160728,0.9131259427744052,0.07022849856844725,-0.004257272170957199,0.004257272170957199,-0.2947673213856873,0.9131259427744052,1.1226499990680832,0.3044330327099252,0.8271207352388239,0.20284943168054811,0.3044330327099252,0.060713804074740634,0.9980974627069783
normal,0,N0204,1,1558.368,1559.968,1.6000000000001364,17,-0.035855470588235294,0.08296307253615735,0.08811135787873942,0.294095,0.191425,0.06467688235294118,0.131981393583,2.172534899115309,2.7874171690397915,-0.009594647058823527,0.18951384263884957,0.18410561516742632,0.610409,0.313523,0.15752582352941175,0.5762129181150001,1.7029518611633927,1.961994459287451,6.462842529411766,180.05587886010275,174.79937640618738,496.29241,248.4093,157.30995782352943,519431.9738638636,1.4211109050112551,1.4386913750015882,-0.35263876537211525,-0.7369081434696817,0.1192173013359778,0.12317874479430288,0.294095,0.10047950000000001,1.3127339536983056,0.17682263483879357,0.19369258368937792,0.503892,0.150309,0.9665189024319263,165.22789551442875,118.63721514115069,303.548491,143.16461233333334,0.9754037463504597,0.08824213525635018,0.07577775238683185,0.178927,0.06414460000000001,0.9716580211071352,0.19485020328703792,0.2153336146420247,0.537214,0.1738862,1.0650582420701957,210.1338418380618,42.79235370231871,108.28054999999998,206.61869000000002,1.2405007999751565,0.03937230691488625,0.03868748930209868,0.089589,0.03427499999999999,0.43353912178352577,0.1778137575290506,0.19226165668224127,0.498545,0.14098539999999998,0.9719364148201788,122.08889960572942,132.39066834486255,330.05908999999997,107.3170558,0.7207376798721877,0.9991935731202066,8.3987153716533e-05,0.0005994244704485096,train,0.05882352941154915,-1.4120691887610883,0.08823759454065735,-0.00012623666191793892,0.00012623666191793892,-0.008159940770660458,0.18465068065242607,-0.000545065484999746,0.000545065484999746,-0.03773953990755739,0.03773953990755739,0.7769567145632973,0.06362956703465246,1.2939388969118581,0.24464614575716004,0.24464614575716004,0.08943242466566168,0.9958719181514388
normal,0,N0205,1,1565.941,1567.541,1.599999999999909,17,-0.004302588235294117,0.07033151837019697,0.06836711805694141,0.252837,0.133095,0.05809858823529412,0.07945906813400001,1.9467692040075202,2.2176691340429318,-0.0019430588235294112,0.059461734323923175,0.05771907050533645,0.19687700000000002,0.099291,0.05118917647058824,0.056635348700000004,1.7202459972188915,1.896845201048197,2.8673757058823535,98.10839778024739,95.22230793333772,271.35661,137.0026,85.18090982352942,154143.89477857368,1.438765799458583,1.4404772378235995,0.08445054666920249,0.16930434861148366,0.07159409087115128,0.07775921133001971,0.213555,0.06112,1.0221582969046477,0.0541084475983187,0.05926165557058516,0.14563900000000002,0.0487455,0.9357197967433509,97.22036107697117,55.08414339868551,143.23677,85.2841035,1.0486636880524083,0.05160965852047463,0.05446373177904723,0.139952,0.0454634,0.7368379151857576,0.06669098669535486,0.07455683565710121,0.186875,0.0574944,1.1533148572004133,110.58510587733966,34.73856126775406,86.18129199999998,106.1303516,1.1928219941621503,0.0829725437286335,0.0912402518694463,0.22528199999999998,0.07251559999999999,1.18460997207356,0.05233698011540215,0.058245851734694376,0.138363,0.0468564,0.9050850757963093,62.70988922496857,69.25821332853178,172.09734600000002,55.3561276,0.6764178098448826,0.9964162194872468,0.0002098212452679059,0.00250476783288823,train,0.058823529411682896,-1.4120691887659043,0.056127101555986186,0.012240016500955228,0.012240016500955228,0.7911949521020888,0.06610880113109867,-0.008389730625762218,0.008389730625762218,-0.580892722944551,0.7911949521020888,1.1066578747555762,0.2900856212747264,0.7446757955089763,0.3078511580222893,0.3078511580222893,0.13607058499509747,0.9904437656253282
normal,0,N0210,1,1599.929,1601.529,1.599999999999909,17,-0.004726117647058821,0.052548775525556195,0.05119840079303947,0.189985,0.111547,0.04089105882352941,0.04456169614399999,2.1787203950160303,2.8943817415382553,0.004353000000000003,0.0607285863144368,0.05907597575057354,0.221287,0.137825,0.049207941176470586,0.059329505484999996,2.33301267137618,2.7191231174165673,2.7941960588235295,85.35723644654452,82.85581134722516,220.83321,110.50166,75.0847367647059,116706.4530581184,1.3336621560184712,1.3087144441039797,-0.07143613234890595,-0.1431160430361921,0.03994115308383906,0.04368016797586749,0.102656,0.03542833333333333,0.8914558367022472,0.07011704034683723,0.07500808061269133,0.203269,0.05830266666666667,1.1560905782905408,78.15032535812115,51.31057954487251,128.285185,68.4857645,0.9644468847087341,0.042595083084788085,0.04761141300465677,0.132992,0.0313482,0.9506895144225451,0.05161825708603498,0.0569347734894941,0.138215,0.0433402,0.8510824243259115,98.7197451116888,15.680928047809088,38.72764699999999,97.7183446,1.2182924408300573,0.0519143201091953,0.04319335811788659,0.09032599999999999,0.04285799999999999,1.158687721724701,0.05662929982085245,0.06330769254758856,0.144959,0.049647,0.9337045553296919,62.7442504660996,69.14905289050937,173.654933,53.800303,0.7743217525725363,0.9966982725335831,4.383090734381467e-05,0.002521204020918667,train,0.058823529411682896,-1.4120691887659043,0.05113704211431664,6.135867872283235e-05,6.135867872283235e-05,0.003966226423743809,0.04768706511412013,0.011388910636453406,0.011388910636453406,0.7885515764554707,0.7885515764554707,0.9524413248058328,0.14001429641168114,0.8759403689463079,0.14550209123270347,0.14550209123270347,0.061736729917971564,0.9980328135117582
normal,0,N0212,1,1614.415,1616.115,1.7000000000000455,18,0.03471261111111111,0.07837368610110898,0.08370276980184109,0.34711400000000003,0.205399,0.06088983333333334,0.12611076610500002,2.4539092372482294,4.156043611567188,-0.0029826111111111104,0.18234090723572086,0.1772286089770623,0.516914,0.261621,0.15759938888888886,0.565379637119,1.4761781492843524,1.4502219176384787,19.404340500000004,187.18962467757746,182.9475876252492,516.80846,260.49367,163.7721465,602456.7567221683,1.4238704832424278,1.443019911295256,-0.35843078595047256,-0.7501684063770305,0.0402863394465171,0.027460205801608017,0.071889,0.032522666666666665,0.47264027046206525,0.18534456004066227,0.20295730030690362,0.516914,0.17241433333333334,1.0437437524580147,178.4554705977491,114.3192913370934,287.736809,154.77436766666665,1.006328862234551,0.07596063257152791,0.06932200882451882,0.168323,0.05068033333333333,0.8911719063167547,0.17586103618055934,0.19263174906619104,0.48185500000000003,0.14759683333333337,0.9903385228785904,203.38386125381197,51.180995002266094,134.01975000000002,197.94464666666667,1.146902636309542,0.12581910427276138,0.1375141456243684,0.34711400000000003,0.10916079999999999,1.4761126548049748,0.169935817302298,0.18654676745068513,0.408752,0.1491038,0.956971424406562,138.0809216245719,124.55618194308875,308.17595500000004,114.21817619999999,0.778652603303865,0.9987897119470384,0.0008210923744444076,0.0002447069359610024,train,1.3374922084889567e-13,0.7060345943826817,0.09152551509627033,-0.007822745294429237,0.007822745294429237,-0.5056624382859103,0.1967886532013131,-0.01956004422425081,0.01956004422425081,-1.354308959032709,1.354308959032709,0.7052091706590404,0.16051975266065954,1.1901282232273558,0.16101622303882493,0.16101622303882493,0.16414717877833945,0.9860932664253341
normal,0,N0216,1,1648.592,1650.292,1.699999999999818,18,-0.0187585,0.09792071557507784,0.0969930681827315,0.351292,0.198262,0.07817405555555555,0.169337794959,2.044084218745214,3.537207109216964,-0.03231366666666666,0.18786486986254397,0.1854094078797873,0.521172,0.265294,0.1684537777777778,0.618779673546,1.4308551169744683,1.5450900503888518,19.43707672222222,187.46928065672603,183.22130355214568,517.23141,260.02959,164.3550865,604260.8293562552,1.4192104572926711,1.4308882690430036,-0.3130862764714887,-0.6479268816114399,0.0739970682808898,0.06612634793610385,0.160524,0.0692625,0.7475159590013485,0.18596877196364628,0.19935435059779025,0.5045850000000001,0.16821966666666666,1.0354192837085687,181.34063218373473,109.20056216285522,270.855936,157.7580955,1.0206477058448247,0.10681566469000071,0.11685779748979812,0.341404,0.07781316666666667,1.0790483445103352,0.1845591623450323,0.1957335924591552,0.482332,0.17429983333333332,1.027570993018671,203.24959868984953,54.01820340871489,147.63178,197.17697833333332,1.1439589358356888,0.11425805404084212,0.12774068465645547,0.333252,0.09444319999999999,1.154231117856673,0.16523919377859478,0.17975684270563944,0.394458,0.1423514,0.9200031051248728,135.2601169527798,127.45305162108748,316.662469,113.75030480000001,0.7612906517292929,0.998648917216966,0.001018774838288272,0.0001255808727632715,train,0.0,0.7060345943778656,0.09163596341409697,0.0053571047686345324,0.0053571047686345324,0.3462833771911079,0.1971963937860307,-0.011786985906243413,0.011786985906243413,-0.8161137280572365,0.8161137280572365,0.8159612563580627,0.014647333554301542,1.2432040349840914,0.2046471173783608,0.2046471173783608,0.1175790544532063,0.9928646017826459
normal,0,N0217,1,1654.645,1656.345,1.7000000000000455,18,-0.008726944444444443,0.1014057174803404,0.0989342947530217,0.286954,0.150714,0.08793672222222222,0.17618390420900001,1.5233746839378648,1.596983200284707,0.0002076666666666658,0.08826336108154825,0.08577682013937228,0.294833,0.178926,0.06885833333333334,0.132437931718,2.085948158363491,3.075142589270178,10.382362333333333,103.75861768831865,101.36834502480232,281.15538000000004,142.94233,91.69200777777777,184959.74471521258,1.4101278852389822,1.4159566688971015,0.07123271721489667,0.14270713198240584,0.11765169953581915,0.12719086911881686,0.286954,0.11222733333333335,1.1558583442299297,0.0942217394412422,0.10301652006676729,0.29304,0.07485233333333333,1.0692341193220851,107.12300338018201,49.93742510161602,128.041644,96.93923783333332,1.0861427671694923,0.07954597844224014,0.08710470828147007,0.247864,0.06552333333333334,0.7814921781423564,0.09320010008310076,0.10198231535794168,0.288986,0.07648916666666666,1.057640492778517,109.667865184188,39.050184362274756,101.848252,103.71247066666668,1.1119456587487846,0.10498972658693802,0.11708758537436835,0.241666,0.1018184,1.0314619509341225,0.07297347226081544,0.08098058339379878,0.198023,0.062141,0.8281074708382493,69.78478094371384,75.52656440651523,190.319557,61.31210980000001,0.7075626400383829,0.9972669939489088,0.0006724423221931935,0.0015342618393165575,train,1.3374922084889567e-13,0.7060345943826817,0.05860711602116263,0.04032717873185908,0.04032717873185908,2.6067497737993732,0.07526423752014559,0.01051258261922669,0.01051258261922669,0.7278759015349572,2.6067497737993732,1.5043514716535014,0.5971029610288071,1.0395711031266515,0.025763398361875488,0.5971029610288071,0.06514179305353666,0.9978098306052984
normal,0,N0221,1,1688.994,1690.594,1.6000000000001364,17,-0.014465647058823533,0.1009648198798356,0.09901267052489084,0.362544,0.199015,0.07995905882352941,0.16665965171599997,2.0099952758063377,2.569755495389785,-0.010447176470588236,0.18084034427819032,0.17575168333793462,0.492482,0.262628,0.16149070588235293,0.525107121334,1.4943128567082906,1.386451594930231,5.627576705882355,184.63357308629816,179.20925732763533,509.42665,256.43614,161.12697000000003,545971.2845026845,1.4309313247762439,1.4390809095222923,-0.2792902781380296,-0.5738242816206247,0.07933139922712402,0.0847528128728874,0.203723,0.07094966666666667,0.7773042093087958,0.16787430873027198,0.18350847087042058,0.444503,0.1587356666666667,0.9771181728875729,170.4653367382201,127.0677862106626,322.13167200000004,146.81146349999997,0.9791253484441794,0.10304129177858747,0.1150220133374477,0.303462,0.087013,1.0096182673244336,0.17551957953402234,0.19622815289478723,0.48578299999999996,0.1567194,1.0216177338715828,216.54963074485383,42.13198159983541,106.47785999999999,213.24553799999998,1.2438260863797905,0.12313440259976087,0.13228128583703744,0.362544,0.0995204,1.206494406804728,0.17271244589142962,0.19154160186758384,0.409728,0.1558954,1.0052787162062382,123.41107097331872,132.92634458948868,332.27828999999997,109.01583579999999,0.7088532494684453,0.9994205571723878,7.117531042205293e-05,0.00041185365711639326,train,0.05882352941154915,-1.4120691887610883,0.09001704499175939,0.008995625533131449,0.008995625533131449,0.5814774442713225,0.19121985419608378,-0.015468170858149166,0.015468170858149166,-1.0709936098747481,1.0709936098747481,0.8515990009346234,0.028101552418014583,1.2048297037307851,0.17329340335943214,0.17329340335943214,0.10970792536953215,0.9937879592831491
normal,0,N0222,1,1694.989,1696.689,1.7000000000000455,18,0.004048888888888888,0.08260750904188176,0.08038210565584025,0.289531,0.157087,0.07047122222222224,0.116303092374,1.9542533592311622,2.096141870512852,-0.010704333333333335,0.11380975774769155,0.11111998665956643,0.317233,0.184148,0.10006677777777778,0.222257725834,1.6571996230000134,1.9287885677654955,11.931149333333334,117.87706372594491,115.17556126639296,332.91355999999996,167.14086,103.93817477777777,238777.3784345155,1.4511833774650766,1.4490721663488775,-0.16050937424192704,-0.32381899344466225,0.09422725962356471,0.10062191012779804,0.237182,0.08898583333333332,1.156648027624272,0.11215189440739139,0.12252764852622722,0.317233,0.09847316666666667,1.001838147573176,125.09638693188444,50.59723965963377,134.165421,116.25706633333334,1.1176596256344566,0.08376391371686656,0.09172532164402586,0.247921,0.06583183333333333,1.0282095221038772,0.11816082640480585,0.12818825341608592,0.308388,0.11248100000000001,1.0555151481534366,123.36632346295465,50.75523844786987,135.7192,114.33505400000001,1.1022025677894465,0.059080436772251436,0.05977076906565617,0.13111899999999999,0.05611759999999999,0.7252176380465978,0.1037330303259285,0.1154192766105385,0.28917899999999996,0.08789659999999999,0.9266335401021204,74.51215416306593,82.76116122089329,205.094243,65.3378088,0.6657204765830297,0.9969231679924074,0.0011254283352041033,0.0007428345243348228,train,1.3374922084889567e-13,0.7060345943826817,0.06417852658920459,0.016203579066635665,0.016203579066635665,1.0473997287919268,0.09583213975185419,0.015287846907712246,0.015287846907712246,1.0585082423160088,1.0585082423160088,1.0757314117007752,0.2617418847455236,1.1852731761325648,0.1569284475102685,0.2617418847455236,0.1480453240798746,0.9886877842673871
normal,0,N0222,2,1696.689,1698.389,1.699999999999818,18,0.0009096111111111098,0.08559768028271003,0.08319096567169351,0.34407299999999996,0.199095,0.06951983333333335,0.12457326184899999,2.3932286203493836,3.1931560892490087,-0.004687222222222221,0.10184964523173395,0.09909098370072716,0.289497,0.179141,0.08764255555555554,0.176742414914,1.8078435929250483,2.0236572480781696,11.806157166666667,117.90333481821143,115.18807673350094,324.56854999999996,162.34138,103.89309394444444,238829.27438813218,1.4093592375501929,1.444842993721456,-0.08722760582541862,-0.17489969911117387,0.04378434702988424,0.047913276383134834,0.108208,0.03963616666666666,0.5160966839566317,0.08728288747133274,0.09559644384180827,0.226861,0.07906666666666667,0.88712780246153,120.76512992029016,59.012846895147135,147.60519299999999,108.08385566666665,1.0801266284819222,0.07700581151878517,0.08328872768308246,0.199363,0.069319,0.9076861176691503,0.09834234778398708,0.10754791898498084,0.279745,0.08452133333333334,0.9995341974355498,125.68341365794338,42.64813638918378,115.02720699999999,119.50146799999999,1.1241158928910708,0.12269801093253305,0.13470727639403893,0.34407299999999996,0.11010719999999999,1.4462711189259971,0.11029673549112866,0.12231595992020011,0.277269,0.0971364,1.121036475873494,77.75396743787888,82.77411451464864,207.18028900000002,68.46731580000001,0.6954336136201086,0.9978470525452208,0.0007025406565802086,0.0010298390808985887,train,0.0,0.7060345943778656,0.0641835767603969,0.019007388911296608,0.019007388911296608,1.2286380625455422,0.09585078340162086,0.003240200299106308,0.003240200299106308,0.22434674706407376,1.2286380625455422,1.1132006406318327,0.295980397700132,1.0568496927445292,0.042247666130009735,0.295980397700132,0.04193862421099739,0.9990922073802774
normal,0,N0227,1,1735.205,1736.905,1.7000000000000455,18,-0.008542166666666665,0.08781045219726542,0.08576288978631726,0.35535700000000003,0.240181,0.06224538888888888,0.132394918761,2.800523636720073,4.825656976235857,-0.020163611111111108,0.18649376227800374,0.18235755157580455,0.51864,0.278723,0.16473394444444445,0.5985769791009999,1.5284423243867535,1.6086798736768937,18.55151661111111,180.95899668121027,176.83632608087947,507.29114,254.22564,159.1695413888889,562879.5519920965,1.4376324459699816,1.4306091705938573,-0.36026593607858076,-0.7543829359691159,0.12293106717926651,0.13465634158021178,0.35535700000000003,0.10158916666666667,1.4327293646512282,0.19885740029729848,0.21470536477570062,0.44537800000000005,0.19555066666666665,1.0865646494180563,181.84560582268023,96.12627716246764,248.129991,159.27211533333335,1.0580231973997127,0.07263742323118756,0.0769148576951597,0.207095,0.053214000000000004,0.8465701276647998,0.1815270844098294,0.19800639806497836,0.504993,0.15910999999999997,0.9918711224061383,194.70052454781694,59.58430038561952,167.050504,186.94844266666664,1.1328163283656865,0.023766802675160154,0.024003199901263164,0.057845,0.0213006,0.2769958553025269,0.16396763957134958,0.18166848194444737,0.48985999999999996,0.13328979999999999,0.8959256258021695,123.55467019204974,125.96010698094229,309.54615,108.2733514,0.7188719607430584,0.9980446521368697,0.0012774783021153612,2.0096732487204018e-05,train,1.3374922084889567e-13,0.7060345943826817,0.08905953306509098,-0.003296643278773728,0.003296643278773728,-0.21309509842927998,0.18768502016206434,-0.005327468586259793,0.005327468586259793,-0.3688661616823791,0.3688661616823791,0.7475370661153913,0.10223031662583197,1.26688992303003,0.22352018866563936,0.22352018866563936,0.04311874684744684,0.9990403993137053
normal,0,N0228,1,1743.205,1744.905,1.7000000000000455,18,0.021097833333333333,0.08098487330450704,0.08148192684918266,0.33102699999999996,0.172485,0.06612516666666667,0.119507479255,2.1168497931971793,3.2524218050950475,0.023625555555555552,0.19604724709657054,0.19198291248557628,0.5407219999999999,0.290027,0.1698174444444444,0.6634338963559999,1.5106917394108696,1.4550544588249834,17.759788444444446,177.41235544937396,173.32609396168394,488.4358,245.33048,156.4074801111111,540754.8272642608,1.4154272700233677,1.4279660243716767,-0.40407748910170127,-0.8570251313857778,0.1078030453295886,0.11781754868722515,0.33102699999999996,0.091019,1.3253980168722657,0.1952277854247016,0.21071164247544558,0.498375,0.1639905,1.0270617968273257,182.05651278093683,88.06468073152398,226.727511,163.34549433333333,1.0788718262666623,0.06325069254166313,0.06044500521300333,0.16014899999999999,0.049500333333333334,0.7776435461931086,0.1899155481396051,0.20715702621288679,0.503813,0.17444316666666668,0.9991149758390363,189.73585959941596,66.18667923747383,177.437802,179.85864633333335,1.1243798435302732,0.06120844450727366,0.06681141242856642,0.16055799999999998,0.0526438,0.7525348724402888,0.1839296040108824,0.2043751885398519,0.49075599999999997,0.1608636,0.9676238921329973,117.66002980237617,125.18870583901479,312.76146,103.6111236,0.6972565237708509,0.9977788450427983,0.0015060109381613868,7.420837404366981e-06,train,1.3374922084889567e-13,0.7060345943826817,0.0876431038600311,-0.006161177010848437,0.006161177010848437,-0.3982586256816163,0.18245600732016076,0.009526905165415517,0.009526905165415517,0.659629030970218,0.659629030970218,0.7246063732652627,0.13338563345196291,1.3607716059097168,0.2950070672569606,0.2950070672569606,0.06093775777586061,0.9980834011237407
normal,0,N0228,2,1744.905,1746.605,1.7000000000000455,18,0.002724388888888892,0.0902598085529564,0.08775906505471545,0.303246,0.15315,0.07395205555555556,0.138629762987,1.7451188649801026,2.243043987722373,0.012835000000000001,0.20166987945825196,0.1964077186226538,0.5810029999999999,0.307295,0.17848266666666668,0.6943678548219998,1.5645770041776574,1.491160647549594,18.6677,180.14165943508107,176.05870096009966,494.61573999999996,247.78131,157.98659411111112,557939.9913076403,1.407378951729031,1.4288403826238956,-0.38234114544123154,-0.8055975331873183,0.09302213845907865,0.10029410263104539,0.283934,0.07822983333333335,1.0956495097966228,0.21142017344536132,0.23057404778393137,0.5810029999999999,0.19682200000000002,1.0757621616940791,177.02579561527315,101.80441337497956,253.672272,154.08136299999998,1.0358144504136255,0.08795918158441449,0.09568598628430394,0.285194,0.07149533333333334,1.036016111664333,0.19515835514653224,0.2130721555627733,0.507082,0.17947416666666668,0.9930176982820019,194.78677872489033,55.28003146354822,151.62994600000002,188.13644233333335,1.1397376266634633,0.06957081823724658,0.056604582497356164,0.15423399999999998,0.06118819999999999,0.8194310963010314,0.17883008954535587,0.19593361880621712,0.527495,0.1521208,0.9099351332950042,127.1725480179469,123.75958369703275,308.743869,108.53411039999999,0.7441128140397699,0.9984831970637582,0.0011580460678740868,4.323293747885298e-05,train,1.3374922084889567e-13,0.7060345943826817,0.0887457501315814,-0.0009866850768659452,0.0009866850768659452,-0.0637793463815906,0.18652663188326402,0.009881086739389783,0.009881086739389783,0.6841520470359461,0.6841520470359461,0.7683149852252648,0.0748144213612284,1.3705272365996624,0.3021506811485485,0.3021506811485485,0.0818554010148248,0.9965417771998427
normal,0,N0229,1,1750.473,1752.173,1.7000000000000455,18,0.0033293333333333348,0.07730177584901762,0.07519756114100745,0.31955999999999996,0.170482,0.05817833333333333,0.10178411762799996,2.2671213987953545,4.1225463332894545,0.004938999999999997,0.13768188464803674,0.13389386553494112,0.444333,0.265302,0.11833544444444444,0.322696210102,1.9814350638100475,1.9327698578289605,15.240062888888891,143.12170404027708,139.92173370795277,402.80609,203.91419,125.5874521111111,352405.6481491064,1.4573446497283506,1.4625141877369328,-0.28072076089767617,-0.5769286390680964,0.09793566421636196,0.10726671035212493,0.31955999999999996,0.07610283333333333,1.2685561349810655,0.14857223285997959,0.16205850466914717,0.444333,0.13037166666666666,1.0934277182687795,138.42962222615645,86.1686268189311,221.23303800000002,120.11193816666666,1.0237543659161172,0.07690904634696753,0.0842152674915105,0.21551900000000002,0.06620033333333333,0.9961993249307947,0.13413050767505008,0.14660878604969987,0.312113,0.11949349999999999,0.9871428337190246,154.3124487941543,39.757765066326705,104.940783,149.98366116666668,1.1412155911986055,0.04070720643571603,0.04335361831842874,0.09539,0.034387,0.5272785647104538,0.12122511324391494,0.13183074905650805,0.32752000000000003,0.10737539999999998,0.892164682589711,102.93114037122201,95.54693794734236,236.667305,87.21727039999999,0.7612258319365137,0.9983396465726121,0.0005186073759626593,0.00042524233588773044,train,1.3374922084889567e-13,0.7060345943826817,0.07416396349749277,0.0010335976435146832,0.0010335976435146832,0.06681177578392987,0.1326952442677264,0.0011986212672147334,0.0011986212672147334,0.08299078990135508,0.08299078990135508,0.8283681396382804,0.00044346122599418027,1.1756068689859884,0.14873966961629131,0.14873966961629131,0.14289049727823566,0.9894618352451913
normal,0,N0233,1,1776.726,1778.426,1.699999999999818,18,0.014390277777777774,0.03568106115344592,0.03754315282075044,0.165576,0.115564,0.026001277777777776,0.025370789826999997,3.0781644938495076,6.013519681212378,0.008875111111111111,0.06851402696218609,0.06717255511409072,0.238975,0.136249,0.05293711111111112,0.08121873888999999,2.028343268595111,2.258619777767869,8.594196555555556,85.10913176003503,83.15650476058131,218.34780999999998,109.6753,75.38490422222222,124470.0771119385,1.3189022351981945,1.3062585368182096,-0.2829508855681334,-0.5817737447894767,0.022062788766759895,0.023213322707014605,0.064804,0.015323166666666665,0.5711228951661625,0.08239268198592235,0.08991695009155207,0.225033,0.06909816666666667,1.2118399541550955,81.63162951851406,43.86576737317889,110.399497,71.37661050000001,1.003241473753533,0.02878904171150312,0.031477423655693296,0.09245,0.02388533333333333,0.7452403694362042,0.063594540374941,0.069131621551212,0.198069,0.04675083333333333,0.9353549737056802,91.90859682672269,22.923823698738794,61.673765,89.49453666666666,1.1295439852777667,0.059120165495370525,0.041073044442797274,0.100658,0.0463206,1.530399462976744,0.052129378087600466,0.05813579016664347,0.157686,0.0412894,0.7667241996395391,66.1618578241361,65.26768781447888,158.19659000000001,56.506688600000004,0.8131201121582886,0.9939611499175537,0.0017327563633144454,0.0035005974844258833,train,0.0,0.7060345943778656,0.0512583762363873,-0.013715223415636857,0.013715223415636857,-0.8865523614741377,0.048134992677461866,0.019037562436628852,0.019037562436628852,1.3181330814224415,1.3181330814224415,0.6958879616030699,0.17382553476926613,0.9923897142279731,0.02068422065174261,0.17382553476926613,0.09809760254255996,0.9950332182582668
normal,0,N0233,2,1778.426,1780.026,1.6000000000001364,17,0.012820470588235294,0.03372077148086482,0.035136408795703976,0.133764,0.075273,0.027903294117647057,0.020987642792,2.1423077252335307,4.6811249642261075,0.004614823529411764,0.06557088878766561,0.06378027790229608,0.215973,0.114871,0.05584882352941176,0.069154705438,1.8010426385405365,1.866765280182392,2.5392350588235293,83.67084933028215,81.2123533025827,217.68442,109.16795,73.29990094117646,112122.58759203974,1.3442283785726508,1.312000773803476,-0.28957570317487863,-0.59620613827325,0.03453545476994138,0.02542825480772652,0.057039000000000006,0.025570833333333334,0.9579963243021518,0.06386448752893374,0.06958946402054457,0.170708,0.060619,0.9880456988743241,78.44688361340488,48.41124994474448,121.00197700000001,68.75881466666667,0.9874758377058008,0.03223018296255856,0.029716251903630107,0.082084,0.027667399999999998,0.8940492318807054,0.058965914640578584,0.06581025763891218,0.15223599999999998,0.0514806,0.9122600148387492,95.87699394937576,18.20611980963325,45.281895,94.4840078,1.2068830596693798,0.04109295351273744,0.04585566274409302,0.11163700000000001,0.0337304,1.1398980752436891,0.07069725345584509,0.07882076519864546,0.215973,0.0560558,1.0937552292677406,60.150790832326706,67.08452574797016,168.907305,51.109653800000004,0.7571677781176825,0.9967317338196118,0.00011819063846609892,0.002531552330246151,train,0.05882352941154915,-1.4120691887610883,0.05047388312862093,-0.015337474332916955,0.015337474332916955,-0.9914146986037348,0.045238889914089586,0.018541387988206495,0.018541387988206495,1.283778685643091,1.283778685643091,0.6668683177984116,0.21642160560283488,0.9648302796615142,0.04884789800053917,0.21642160560283488,0.04786679859889596,0.9988174294667821
normal,0,N0235,1,1790.289,1791.989,1.7000000000000455,18,-0.02023194444444445,0.09329839894690345,0.09289959321493287,0.38038,0.201495,0.0793993888888889,0.155346019551,2.1689545995515864,3.073040867530328,0.0023348333333333337,0.1901581851648934,0.18481528730494973,0.583354,0.30231,0.16583338888888888,0.614820427589,1.635741309111411,1.5316486701124234,19.381835833333334,183.15377296400902,179.04561452494062,506.67077,255.36516,160.69107516666668,577031.9774510452,1.4262575527334587,1.4244202961923573,-0.330971440628675,-0.6878376122235597,0.07879250409673075,0.08191341510338829,0.219061,0.07299316666666666,0.9250101923510983,0.17836467358897054,0.1950541642246242,0.5335810000000001,0.14697383333333333,0.9833058635816215,174.90879076202827,108.88572438122782,272.069245,152.436075,1.00803871456515,0.053443847131046496,0.0575898471668401,0.159524,0.048098833333333334,0.627421401076187,0.2040990799783282,0.22356385623083175,0.565154,0.1928446666666667,1.1251769650126198,198.54010479494963,50.62000079709498,136.73557,193.08768166666667,1.144231294237383,0.11743862681247597,0.10762194346554052,0.29518500000000003,0.1047504,1.3787089015967013,0.15397077914851245,0.16116919381352007,0.383138,0.1421168,0.8488248648712535,135.46443276541046,124.06102617273996,307.45593299999996,112.7863306,0.780712004692371,0.9986035904015518,0.0011159588880392188,6.144070662607902e-05,train,1.3374922084889567e-13,0.7060345943826817,0.08995101276452658,0.002948580450406288,0.002948580450406288,0.19059630908555455,0.19097608390177861,-0.006160796596828888,0.006160796596828888,-0.426564578801876,0.426564578801876,0.7997512606673721,0.03471345228261819,1.2681213561188422,0.2244917292625603,0.2244917292625603,0.14562571333554578,0.9890545298660606
normal,0,N0235,2,1791.989,1793.589,1.599999999999909,17,0.03284782352941177,0.08844491501793311,0.09187673953887414,0.350691,0.178885,0.07431723529411764,0.143502699561,1.9470107548201754,3.7771343429088695,0.012412176470588234,0.17955012575365803,0.1746308743423918,0.549192,0.311891,0.1524520588235294,0.518431018651,1.7860014798327568,1.723902974430727,5.778644000000003,180.48119631891652,175.18781047198445,504.04817,255.36516,157.73753317647058,521743.07194545504,1.4576651155808429,1.441959727104134,-0.31051321047839053,-0.6422265656519531,0.12438729624175185,0.13523557697440416,0.350691,0.11380599999999998,1.34949086572362,0.18714243198697614,0.20303233245339683,0.48480799999999996,0.159627,1.0833416051656881,168.2307176738729,121.98751822400823,313.530956,145.48688916666666,0.9867311684010817,0.0634256791607311,0.0523092660051735,0.124738,0.048789,0.6881118672550873,0.1473630033230865,0.1611578663630789,0.365564,0.13472840000000003,0.8530640051379654,210.81277841102005,42.654752053652594,105.49321,207.331824,1.2364896377523449,0.06780558206667059,0.0661015279006469,0.143573,0.049924199999999995,0.7356298947619648,0.17818155893638377,0.19920792603910117,0.51654,0.1515718,1.0314683528452828,120.88507509379757,131.4633248902611,325.90548,106.78585779999999,0.7090326489647992,0.9992300514036494,6.0198024315500604e-05,0.00044471569349194935,train,0.058823529411682896,-1.4120691887659043,0.08839433327939386,0.003482406259480278,0.003482406259480278,0.22510282183479743,0.18522931096783413,-0.010598436625442326,0.010598436625442326,-0.7338203078181804,0.7338203078181804,0.8083631342778125,0.024002826266127233,1.2246267915245734,0.18959130870729055,0.18959130870729055,0.09197061773059825,0.995634273793158
normal,0,N0241,1,1830.78,1832.48,1.7000000000000455,18,0.017293388888888886,0.06943731511153561,0.06966160101000965,0.23674900000000001,0.131949,0.05703538888888889,0.087349295795,1.8941425130473288,2.116396067871092,0.003737666666666667,0.20543543885324053,0.19968234424594367,0.611521,0.330662,0.17464433333333335,0.717714694864,1.6559400944969478,1.684188056960816,18.946590166666667,180.39129160147542,176.3296827720749,494.36777,250.07477,158.26373494444445,559658.8264770103,1.4182227635675415,1.4224146843394234,-0.48273126433896496,-1.0530785772385243,0.07420908805418197,0.07915319631891057,0.21065899999999999,0.06428216666666667,1.035410877008394,0.1932988111508535,0.21119660381423433,0.549203,0.17255833333333334,0.9408754548678311,173.34399882647438,105.50616257729689,262.405191,150.97713233333334,1.0136826808918815,0.05004631404342715,0.04820771851754309,0.126237,0.04086033333333334,0.6982769802656569,0.19582328643745786,0.2142191677836043,0.581639,0.1680095,0.9531632533257989,195.28382734376981,51.16688971129357,137.69556,189.61557000000002,1.1419826182435262,0.08860595837301237,0.0977558633781115,0.22937000000000002,0.07816680000000001,1.2362848738982704,0.22946360379938252,0.25614214172544897,0.58819,0.2173562,1.1169063654088724,132.67851746183564,124.02796298376143,308.76783,111.02324899999999,0.7758786931649634,0.9986479808549423,0.0010113974056054913,0.00012960941525262895,train,1.3374922084889567e-13,0.7060345943826817,0.08885509519466792,-0.019193494184658266,0.019193494184658266,-1.2406679117562727,0.1869302995971432,0.012752044648800476,0.012752044648800476,0.8829329891004898,1.2406679117562727,0.6089376604819337,0.3072983087077241,1.3912361475869475,0.317147837855951,0.317147837855951,0.12649530769161157,0.991741386906833
normal,0,N0245,1,1863.326,1864.926,1.599999999999909,17,0.00881905882352941,0.04361719088626437,0.04322413407291048,0.173989,0.091873,0.03280305882352941,0.031761538028,2.1255023835764666,3.7008134939755286,-0.00027005882352941284,0.04503656352824695,0.04369271894586503,0.16556500000000002,0.084521,0.037239,0.032453912710999996,1.9344412991263125,2.3726646838781926,2.8940167647058823,84.64093620999897,82.16475198958369,219.39947999999998,110.10791,74.25638005882354,114767.78998166657,1.3400869269824944,1.2994300059384158,-0.00539118544533517,-0.010782475355141933,0.029950240182676332,0.03275968069441459,0.076987,0.027200666666666668,0.6748062617473032,0.03900568337007655,0.042491012399094474,0.10350799999999999,0.0360145,0.884764022309811,80.23131785545634,46.89633116140545,116.79007399999999,70.35480916666667,0.9973557100927816,0.05794226020790007,0.06341310789182313,0.172524,0.046458,1.3054920351089028,0.04920616770283985,0.05500567085492186,0.146128,0.0403344,1.116141113236193,96.13520925694344,20.46751055709046,51.356201000000006,94.3760736,1.195057023319932,0.0432426703777646,0.04326907711403145,0.104439,0.029312199999999993,0.9742968526332075,0.04441232811731445,0.04958287917013291,0.125942,0.035694000000000004,1.0074026826399154,61.16797580412379,68.36456371477361,172.16875299999998,52.4774856,0.7603792580469383,0.99672923078157,3.664277338824704e-05,0.002539273422912778,train,0.058823529411682896,-1.4120691887659043,0.05085818971272172,-0.007634055639811239,0.007634055639811239,-0.4934655346104949,0.04665762941502083,-0.0029649104691557987,0.0029649104691557987,-0.20528608039286783,0.4934655346104949,0.8108594117645417,0.020919520057902086,0.6532962047564043,0.43876947538548755,0.43876947538548755,0.0642182408211032,0.9978714929268848
normal,0,N0245,2,1864.926,1866.626,1.7000000000000455,18,-0.002408388888888889,0.04013418081172337,0.03907769898761526,0.136897,0.074611,0.034221166666666664,0.027487198047000002,1.9092987031720103,2.083763188538625,0.0008712777777777791,0.05859416712569259,0.05694996020338088,0.236363,0.12118,0.045465277777777785,0.058379363409,2.12783291800801,3.5027748101820975,8.263879999999999,85.67389538370571,83.66916622477675,218.34984,110.07453,76.38155977777777,126009.52878148778,1.3155925290839565,1.2932499676367357,-0.18611576462602414,-0.37662104518353606,0.029805132910848315,0.03191584573687496,0.066621,0.028598833333333334,0.7415978658618434,0.058189566020607736,0.06335562522670474,0.180653,0.04788,1.0037797998758373,87.10216701626405,36.34836562658189,92.863568,80.534368,1.0608850557429648,0.038454265034366907,0.040237232770987945,0.10148599999999999,0.032841,0.9568016679567471,0.035227716616323575,0.03857869781973812,0.084843,0.03454233333333333,0.6076840360468232,90.44026108824583,32.62085521282118,85.152162,85.3971545,1.1015423004125309,0.051492008793598255,0.057545279556189495,0.129109,0.0484176,1.2812009241660811,0.07663893950075248,0.08551796310542013,0.236363,0.0576982,1.3220345951285768,63.24368711803494,68.89841710039326,172.231933,54.4891422,0.7702940676674441,0.9930150222983679,0.0021615062547773053,0.003744248872867483,train,1.3374922084889567e-13,0.7060345943826817,0.05146524251916794,-0.012387543531552678,0.012387543531552678,-0.8007311028007601,0.04889867817995831,0.00805128202342257,0.00805128202342257,0.5574590349085866,0.8007311028007601,0.7198936637737742,0.1399106955377965,0.8362085359069208,0.19192208102969588,0.19192208102969588,0.09901562294554715,0.9949398226646169
normal,0,N0246,1,1872.779,1874.479,1.7000000000000455,18,0.004949166666666668,0.09446915448612594,0.09194081914501064,0.31402,0.15865,0.07805883333333333,0.152156056051,1.7255665272002256,2.0513739396179,0.0030267222222222227,0.11069044835130273,0.10761435259217672,0.32431699999999997,0.199601,0.0955403888888889,0.20845527990899998,1.8547804748351984,1.9108096903684852,12.104472499999998,116.23543421691917,113.60722380939082,327.69565,164.2107,102.8131365,232318.82343018628,1.4454248109742673,1.4539346365115644,-0.07854235653551224,-0.15740892733469652,0.09720773293142201,0.10644605053202616,0.296968,0.07963,1.0296740742407706,0.11470858102382751,0.1256180510586224,0.311681,0.1036365,1.0429374456220373,121.98918300381146,52.795592111094706,136.822955,112.06493050000002,1.1071149413129773,0.10242625011603877,0.1117013347489635,0.274942,0.09489449999999999,1.0849512799623628,0.10193447783257635,0.11138244660926903,0.319889,0.08162833333333334,0.9267945168761189,122.08486890942565,46.78175232817183,126.792688,114.37192950000001,1.1079833404051758,0.07983796405595524,0.08923241928077486,0.219777,0.0665122,0.845684589584853,0.11345103939144852,0.1267212784914199,0.257742,0.11103060000000001,1.0315038000644807,74.4067966632909,81.6723324874451,201.666259,66.2033634,0.6752801706901517,0.9971162320064156,0.0009361349611770543,0.0009335037634889891,train,1.3374922084889567e-13,0.7060345943826817,0.06354567984230733,0.028395139302703307,0.028395139302703307,1.8354624668015118,0.09349586784030263,0.014118484751874091,0.014118484751874091,0.9775433106497528,1.8354624668015118,1.2474042821844955,0.4098058895358642,1.1637263359323908,0.13858238618892949,0.4098058895358642,0.10738153301562026,0.9940486226411376
normal,0,N0253,1,1927.229,1928.929,1.7000000000000455,18,0.0031247222222222223,0.06617780482360563,0.06438913015279313,0.242585,0.134771,0.05015294444444444,0.074627281473,2.093070673267261,2.7859513988167284,0.007581333333333332,0.16252693816971858,0.1581296364794124,0.518254,0.279768,0.14071822222222222,0.45008967479600004,1.769231917740001,1.708322574009963,16.18673077777778,153.69494931993287,150.23916510178495,423.20006,213.16829,134.68067166666665,406292.52114866505,1.4188596552409052,1.4339495084538898,-0.42127011462875313,-0.8984703482346793,0.08719163199910107,0.09409248938571027,0.242585,0.07781600000000001,1.3236456541718082,0.1625092164042807,0.17740688754837003,0.43030100000000004,0.146236,1.010888005542103,149.93839905086264,88.52880820138539,218.360097,130.3717265,1.029136286481749,0.05099449808394366,0.05362570262259196,0.150306,0.03384416666666667,0.7741413278762866,0.16161530526170265,0.17688751792905003,0.42703,0.14635883333333333,1.005327434443141,166.14920843466834,46.069014220511995,125.776184,160.73870433333335,1.1404028617934807,0.05009767084206611,0.052269530046672515,0.126804,0.0406882,0.7605267016324936,0.1575852434899918,0.17507316757858699,0.444628,0.13473380000000001,0.9802584494541215,109.84471170404647,105.00088342006744,262.1055,92.884243,0.7539441491196202,0.9985546467614707,0.0010656199515656503,8.012201739322662e-05,train,1.3374922084889567e-13,0.7060345943826817,0.07832719562892657,-0.013938065476133438,0.013938065476133438,-0.9009568774620993,0.14806459290959673,0.010065043569815663,0.010065043569815663,0.6968889499112549,0.9009568774620993,0.6605933625387427,0.22587574215662157,1.2930541836599088,0.24396217540325135,0.24396217540325135,0.09959458917038438,0.9948804737073409
normal,0,N0257,1,1959.989,1961.689,1.7000000000000455,18,-0.0076365555555555535,0.052023986905614564,0.05113170590847826,0.20623200000000003,0.11217,0.040564777777777776,0.04706012428399999,2.193746482872594,3.408693327848639,-0.0013525555555555543,0.045517571887093586,0.04425580205276291,0.190553,0.107813,0.03496655555555555,0.035254368276,2.4361325520993287,3.6289459994012447,8.835773611111112,85.56760271512191,83.62486502249278,219.18264,110.82305,76.32859772222223,125876.12490054246,1.3252404051138575,1.2987875380727434,0.07208390283596833,0.14441828997736583,0.06565327223375847,0.07064103308606597,0.202361,0.05282133333333333,1.2648801224178456,0.030304946529678398,0.03209567219268043,0.09423200000000001,0.0229385,0.6700298854056053,84.93888289374524,39.93478876435488,101.912274,76.717823,1.0360428633348244,0.04595973857628,0.04819143697241935,0.137931,0.036183,0.8854632492600323,0.06591588545386208,0.07207525802589956,0.190553,0.060482499999999995,1.457373077157807,91.42414334744849,27.80192331984534,73.99727,87.830812,1.1151468917964655,0.038115177895426386,0.04100945941731005,0.109048,0.0321276,0.7343294437890188,0.025285875072854413,0.02777148875555648,0.06965299999999999,0.021403000000000002,0.5590602828106982,64.53730845900812,67.16112205614444,165.429971,55.7719778,0.787194457589426,0.9931978599933755,0.002399904062696509,0.0034551466060434213,train,1.3374922084889567e-13,0.7060345943826817,0.051447366346139056,-0.0003156604376607988,0.0003156604376607988,-0.02040429805270929,0.04883268494994146,-0.004576882897178551,0.004576882897178551,-0.3168967023299221,0.3168967023299221,0.9424529140634186,0.1294717520827838,0.6501617247774427,0.44357896858041646,0.44357896858041646,0.05550225793419902,0.9984100641879755
normal,0,N0258,1,1966.952,1968.652,1.7000000000000455,18,0.025421166666666672,0.043928244261656584,0.049686228704071855,0.161308,0.102343,0.03971672222222223,0.04443698381100001,2.0597860346686536,2.817060069151544,-0.0036864999999999992,0.13240143244571212,0.12872386323983945,0.379699,0.190083,0.11713461111111112,0.29825699341300005,1.4766725859201075,1.487774480705453,14.010886888888887,145.91191027315466,142.49139226204693,405.48258,203.30062,128.287841,365468.34363797755,1.4267572010674348,1.450099685391694,-0.44301100724824743,-0.951941708703755,0.04503997896683938,0.035205937232234,0.094948,0.031555,0.8814828252134698,0.13795873600404338,0.15109741717547656,0.379699,0.11894983333333332,1.0664725716081946,148.99881585204722,72.76900295279036,186.794542,133.37118866666665,1.0758340923971594,0.04502531472220193,0.042217967060245803,0.129336,0.03759916666666666,0.8811958295245472,0.12273548457557008,0.13441476177960018,0.32087699999999997,0.114244,0.9487911505585975,156.75198958595794,54.84173133164664,148.558873,148.5423845,1.1318152663381786,0.0633211204938763,0.06394053926657173,0.152248,0.05852700000000001,1.239265236551718,0.12641032262754495,0.1408569965415279,0.295628,0.1183748,0.9771990216441838,95.34027518518018,101.56017677313035,253.37914,83.8468658,0.6883968697079712,0.9977954290349,0.0012916839904462902,0.00017393924469353525,train,1.3374922084889567e-13,0.7060345943826817,0.07520085772541213,-0.025514629021340274,0.025514629021340274,-1.6492662150305506,0.13652313288659784,-0.007799269646758394,0.007799269646758394,-0.5400100651828337,1.6492662150305506,0.5374675062915397,0.4321459026738625,1.1098315024968237,0.09116337535801805,0.4321459026738625,0.05700642288073325,0.9983227188388851
normal,0,N0259,1,1974.625,1976.325,1.7000000000000455,18,0.0015031111111111104,0.10147271098233542,0.09862520424820423,0.32000300000000004,0.173096,0.08189999999999999,0.175084756434,1.75508888746511,2.0439491019213474,-0.012436222222222224,0.20146641684075686,0.19618472929670702,0.624509,0.324721,0.16910355555555556,0.6927920641659999,1.6551797949008382,2.022160964714922,19.046554,186.6269334900655,182.36612915191287,519.77986,260.28028,163.4108087777778,598633.291113339,1.4272402513033757,1.4394912357477079,-0.330923466095859,-0.6877298616447737,0.1009690934906981,0.10355808248643206,0.296865,0.08908866666666666,0.9949522720755201,0.1945048984220363,0.21304752765498122,0.5159039999999999,0.17200183333333333,1.032821903791019,187.77835098729454,102.20888468997383,258.786707,162.95754766666667,1.0594794768440594,0.1109621767473043,0.12143904277524038,0.303314,0.09641583333333333,1.093424394063187,0.20045278899988728,0.21908939424148308,0.545763,0.17814583333333334,1.0644052300722284,200.7038657907428,60.776499821763316,169.84345499999998,192.8830975,1.1324075731336265,0.08947591629036274,0.0881807397496755,0.17987,0.0715748,0.8816981823981306,0.1642183683112215,0.18091468304507516,0.46194199999999996,0.128638,0.8720002898262991,127.09069906461741,128.81642837355446,319.28483,110.43056340000001,0.7170687496655955,0.9986726195872572,0.0008515715584169218,0.00017430820525995278,train,1.3374922084889567e-13,0.7060345943826817,0.09129088822967102,0.00733431601853321,0.00733431601853321,0.47409035850009656,0.1959224843210608,0.0002622449756462253,0.0002622449756462253,0.018157459968246224,0.47409035850009656,0.8335824157074176,0.006718368937850703,1.3216231348245149,0.26581579990395104,0.26581579990395104,0.04480269437461754,0.9989639837815601
normal,0,N0264,1,2015.921,2017.621,1.7000000000000455,18,-0.005225333333333334,0.08375243537179013,0.08156029510395635,0.268959,0.156843,0.0713841111111111,0.11973747127400003,1.9230312960502252,2.3577648670564604,-0.010816888888888892,0.18722098267049175,0.18226734478049914,0.600122,0.312851,0.15521177777777778,0.5979849295200002,1.7164402124624139,2.081123674435212,16.935920388888885,166.5679823873552,162.75851813374055,465.56788,234.34415,146.26267627777779,476826.0340516407,1.4398272525892422,1.434624735951484,-0.3817153112549777,-0.8041319726735499,0.09458574399541755,0.103268437593326,0.268959,0.08655983333333334,1.1849857964347088,0.18730772361722478,0.20427938692682626,0.600122,0.15352633333333335,1.0024014813254696,165.80813950212618,89.32975854519816,228.687908,144.36932149999998,1.0506899164999548,0.08578155573120988,0.09396831175667678,0.237908,0.07577066666666667,1.0746854741923983,0.1788668798976863,0.19592236725090886,0.555777,0.14952633333333334,0.9572292156831141,179.5439393821563,53.68381221770299,151.360885,172.7263725,1.137730676213828,0.04578586725180598,0.04956859797492763,0.119561,0.0408076,0.5736128942799638,0.1955052439081878,0.21842708500160873,0.495127,0.18182040000000002,1.0462715702047156,114.0100249736032,115.22493218054636,282.93935,99.78605579999999,0.722456593381755,0.998032598059862,0.0012164449818603334,3.602632624999323e-05,train,1.3374922084889567e-13,0.7060345943826817,0.08337893484752304,-0.0018186397435666912,0.0018186397435666912,-0.11755691544124316,0.16671403133802265,0.015553313442476485,0.015553313442476485,1.0768887583431062,1.0768887583431062,0.7723957410895602,0.06951717076506024,1.375788746019799,0.30598237123142336,0.30598237123142336,0.0503303155329886,0.9986925725617277
normal,0,N0264,2,2017.621,2019.321,1.699999999999818,18,-0.0029886111111111107,0.0945006810925589,0.09188676929696317,0.293436,0.155072,0.07805172222222222,0.151977210693,1.6876423144101669,1.8083331622047984,0.007816944444444442,0.1985271049022755,0.1930919580353994,0.587316,0.307753,0.16622005555555558,0.671121076643,1.5938157297238649,1.7111522098474736,18.164035,169.90951180371096,166.11841433113707,476.62167999999997,240.64329,148.87137977777778,496715.89643804386,1.448625012277727,1.4418444695003856,-0.35513243281505846,-0.7426094914095399,0.10004468695121528,0.10839551356290843,0.254846,0.09089983333333333,1.0620601777335286,0.19278514642601488,0.2108182722037316,0.49898699999999996,0.17227816666666665,0.9704479810434071,161.56476793520008,102.42330322891468,256.681234,140.24722266666666,1.0056213731138108,0.10981159840684711,0.12024258330170166,0.293436,0.09448166666666664,1.165744321615494,0.19617699823246354,0.2147964856507201,0.526338,0.17016849999999997,0.9875219921826924,184.22767644330838,46.30180890157075,124.11058999999999,179.3133816666667,1.146681243182867,0.06073311096593027,0.06699974637638564,0.174897,0.0518068,0.6447340742666244,0.20831763085970426,0.23262708662642875,0.587316,0.1844182,1.0486358935392837,125.33845170743699,112.83634051365335,277.958549,104.335584,0.780139305869859,0.9984774034297731,0.0010094422398234197,0.00011641005477969345,train,0.0,0.7060345943778656,0.08473470134340161,0.007152067953561561,0.007152067953561561,0.46230983932966163,0.17171909646393685,0.021372861571462565,0.021372861571462565,1.4798257905015677,1.4798257905015677,0.8525895676550409,0.029264060898860248,1.4280158317586469,0.3432411216303589,0.3432411216303589,0.16109806565843884,0.9866051165115269
normal,0,N0266,1,2030.209,2031.909,1.7000000000000455,18,0.017194222222222222,0.04260159565853836,0.04482978560684353,0.140848,0.10052,0.03826966666666667,0.036174774196,2.242259217600519,2.062885299686248,0.0014851666666666694,0.07612730138567048,0.0739973442605281,0.24386799999999997,0.130484,0.06264705555555555,0.09856092523700001,1.763360581436477,1.9940211886283858,8.467357333333332,84.56506188665341,82.61751740735276,217.94024000000002,110.21568,75.36859899999999,122861.77528597625,1.3340473480529818,1.2953263952172998,-0.24546211530981477,-0.5011564283832755,0.03926799543096982,0.04109050472027165,0.0969,0.0376205,0.8988088448158653,0.05980863396561849,0.06250174912672445,0.13776,0.0488775,0.8012258354710297,83.54252304107364,40.262575550716036,102.907077,75.02304533333334,1.0319557448913463,0.05299052382266098,0.0548822757618523,0.140201,0.04379533333333333,1.2129050892592814,0.08036461892524596,0.08802605184527286,0.227201,0.06883633333333333,1.0766039060130748,90.56245665531245,26.48257220212958,71.355232,87.27611183333335,1.1186692000069882,0.03563272566054974,0.036117616611565054,0.09765,0.0278628,0.8156008127509442,0.08308093456985183,0.08664636472928337,0.207254,0.0718866,1.1129930045001506,63.76376668193098,66.14337538201616,161.90315800000002,55.1696358,0.7876394313705235,0.9937080591991699,0.0020582195846788123,0.0032829958281865683,train,1.3374922084889567e-13,0.7060345943826817,0.05104088707830683,-0.0062111014714633025,0.0062111014714633025,-0.40148574398017567,0.047332090847624575,0.02666525341290353,0.02666525341290353,1.8462632894868052,1.8462632894868052,0.8363717019405834,0.010058926378997034,1.1003493859665638,0.08258292408750528,0.08258292408750528,0.05450172013734043,0.9984668709688094
normal,0,N0271,1,2062.968,2064.568,1.6000000000003638,17,0.02265864705882353,0.0820737615836672,0.08278451131028287,0.296377,0.189963,0.0653360588235294,0.11650568031900001,2.294668374474105,2.9404559776142807,0.012335764705882357,0.1783879565762251,0.17350082511551554,0.523511,0.280599,0.15055529411764706,0.511743117368,1.6172776112919307,1.618723255321205,4.623167705882355,153.8815787884065,149.35862825869523,436.55699000000004,222.58797,133.39347970588236,379235.9972004249,1.4902920078675908,1.4734063149158194,-0.35396607184017936,-0.7399413726552914,0.09443161117884907,0.09910133261952973,0.296377,0.07516049999999999,1.250120404631412,0.17400079642442254,0.18836698243977545,0.43906500000000004,0.14544400000000002,1.0577026904704692,149.5245582167611,98.27403519936675,252.67890200000002,129.652376,1.023054027994088,0.05502346231926886,0.05609408570607065,0.14001999999999998,0.049393599999999996,0.7284208340839197,0.1339338155911344,0.14785061185433085,0.30028299999999997,0.1319972,0.8141466016636865,178.19312013115922,42.79282450224956,104.8751,174.033926,1.2192056708620431,0.067311187741712,0.07445470963478401,0.20445000000000002,0.050801200000000005,0.8910902631590102,0.1798100780462541,0.19909978685649063,0.49911300000000003,0.1492382,1.0930157058553198,98.86504473625638,110.2159965338542,273.19185000000004,85.21445980000001,0.6764392649040104,0.9981841166863631,0.00011302581775289453,0.0010647133279090728,train,0.058823529411415394,-1.4120691887562722,0.07797188633360586,0.0048126249766770185,0.0048126249766770185,0.3110881907397856,0.14675290231366522,0.026747922801850316,0.026747922801850316,1.8519871975109794,1.8519871975109794,0.8543259184998484,0.03129855113321277,1.427111286804662,0.3426074931110776,0.3426074931110776,0.059345491385451164,0.9981822516914661
normal,0,N0271,2,2064.568,2066.268,1.699999999999818,18,-0.004015555555555554,0.08166105775432715,0.07946180996274597,0.359138,0.200362,0.053853000000000005,0.113655226366,2.521487996484545,4.720541351481541,0.012206222222222222,0.16784508667169876,0.1635721717255108,0.474862,0.280599,0.1473891111111111,0.481605396534,1.7154446079671242,1.5512081823959145,15.235969222222224,153.2832739502101,149.74169998993202,435.78701,220.22941,135.29809622222223,403606.38088574656,1.4707286615205202,1.4445041989451886,-0.34608477867226123,-0.7219777818015021,0.10647535754498941,0.11529416491161497,0.359138,0.07407066666666666,1.3023530683564621,0.16536202270624292,0.1799300881791777,0.474862,0.14988016666666668,1.0159225987752387,159.0658909150737,75.1425176060421,197.71566,143.51524666666668,1.090251202551137,0.08564992273590599,0.09367116395703999,0.26368,0.07254933333333334,1.0476268148004948,0.17256442835744953,0.1886315031334904,0.448726,0.152903,1.0601714930912312,163.55268255586182,57.393325047117095,159.02437600000002,154.933809,1.1210040556852974,0.01784185142298859,0.01981976699408951,0.039464,0.016905,0.21823256086340118,0.14673949550342608,0.16107753978534686,0.402417,0.13193139999999998,0.9015127365709225,99.55816237426505,106.91700832704144,262.47039,88.07421760000001,0.6823801484271437,0.9978431446446334,0.0011814069499303836,0.00014405471361201048,train,0.0,0.7060345943778656,0.0781264612931333,0.001335348669612671,0.001335348669612671,0.08631696914880171,0.1473235446341698,0.016248627091341006,0.016248627091341006,1.125031262173821,1.125031262173821,0.817938221525967,0.012227397494053868,1.3420023404123715,0.2811179536301692,0.2811179536301692,0.06847376289400495,0.9975800484103899
normal,0,N0272,1,2069.925,2071.625,1.699999999999818,18,0.004485722222222224,0.030687307417975915,0.030158170894837476,0.111228,0.061941,0.023193166666666667,0.016371274891,2.0538712449103853,3.0064096660879818,0.003410666666666667,0.05822250268531211,0.056684803259388274,0.20449499999999998,0.120212,0.049786666666666674,0.05783700457,2.120709486278233,2.1198320353023474,8.438335888888888,86.55116720182188,84.53483058423255,222.50189999999998,111.54879,76.52956444444445,128630.47647428817,1.3195601059240318,1.3131276310710744,-0.30545513465644664,-0.6310502600999968,0.027086407304525766,0.02400594111187201,0.061251,0.020459333333333333,0.9975182357423371,0.04747792820528995,0.051552481220596934,0.12106,0.045428666666666666,0.8285135779010695,82.96626233478618,44.19474923484872,111.414322,72.49658016666667,1.0021184139883283,0.029669951887389367,0.032464330941306435,0.094141,0.02415133333333333,1.092663110634223,0.06199205819968662,0.06703223297911734,0.178813,0.05060183333333334,1.0817924008476651,93.86981389365069,24.137537883814232,64.84318999999999,91.247053,1.1338183301653155,0.023877648024878833,0.02361114666423467,0.055063,0.0175744,0.8793484150064416,0.06203637334661013,0.06934845634547318,0.169641,0.055025599999999994,1.0825657223113578,66.86395504261098,66.3107085783712,161.06285499999998,57.007820200000005,0.8076246741103826,0.9937973236215085,0.00193066544214397,0.0033058770701963956,train,0.0,0.7060345943778656,0.05181455055318868,-0.021656379658351207,0.021656379658351207,-1.3998688862189579,0.05018821399943284,0.006496589259955436,0.006496589259955436,0.4498143734769736,1.3998688862189579,0.5498878454631497,0.40929986734443113,0.8237919992587713,0.20688203791279478,0.40929986734443113,0.0926349802591578,0.9955709731263882
normal,0,N0274,1,2086.409,2088.109,1.699999999999818,18,0.0029893333333333317,0.05026601301546193,0.0489411637376963,0.15782200000000002,0.086526,0.04103122222222222,0.043114275144,1.7679595945805937,2.026051057750854,-0.0017513888888888857,0.07111620601616755,0.06913471688707169,0.247365,0.140564,0.057090611111111106,0.086032963423,2.033189782632721,2.849399241068943,7.871986055555556,86.82419382661641,84.74435993431166,222.52300000000002,111.89557,77.0606553888889,129268.91773217102,1.3203895821118268,1.3118659325035442,-0.17102182971116034,-0.34543818315471625,0.036923840895822305,0.03805020802790264,0.109888,0.026562166666666664,0.7484359115930569,0.08140015140342184,0.08797885323511932,0.23959999999999998,0.07019349999999999,1.1531538783765962,89.16170410772253,36.79286003834358,93.46009000000001,82.59366816666666,1.0726092356375443,0.064343957850239,0.06959345056948008,0.156471,0.0582745,1.3042340011436229,0.051164290344927095,0.055936439605740615,0.145265,0.044457500000000004,0.7248180602666386,91.5580757541603,34.630879329823934,89.622274,85.92709933333333,1.1014374235430116,0.04087879534673203,0.04570210044407149,0.110082,0.037571,0.8286017304234198,0.07647935759667442,0.08425886186746175,0.223364,0.060665199999999996,1.08344353551962,62.406198494478424,68.75577166938346,173.127908,53.467780399999995,0.7507423230194827,0.9943700500434401,0.0015506685399737812,0.003130130488731565,train,0.0,0.7060345943778656,0.0518990986630263,-0.0029579349253299955,0.0029579349253299955,-0.191200982562804,0.05050033913108097,0.018634377755990722,0.018634377755990722,1.2902171616590303,1.2902171616590303,0.8901604551937539,0.07238752577309263,1.002240613572704,0.010806721749621342,0.07238752577309263,0.11575406962015775,0.9930843847052171
normal,0,N0274,2,2088.109,2089.809,1.7000000000002728,18,0.00043038888888888754,0.04798065272358272,0.046630799210988824,0.16520200000000002,0.089507,0.037242500000000005,0.039139765831000005,1.9194824346674966,2.408110659044784,-0.0016719999999999999,0.05691891369204399,0.05534050506836942,0.22333,0.122535,0.04253188888888889,0.055126287021999995,2.2142009699516905,3.3701314068605024,7.789129777777778,85.83479855308818,83.77930157183086,221.41613999999998,112.25201,76.324492,126341.48469354805,1.3398537334875864,1.304270964234933,-0.08541330248590595,-0.1712438508659816,0.03718390956896993,0.03810603074798879,0.09849,0.0322085,0.8380055959658437,0.056665724537266204,0.06132677113626642,0.172047,0.047818,1.0561803690604585,86.21125937909032,39.77510019049385,101.359737,78.19206533333333,1.0491852216990196,0.04963998027631894,0.053977210989144916,0.16520200000000002,0.0365605,1.1187253233291936,0.06841682185812688,0.07461236479141153,0.22333,0.054552500000000004,1.275206568876358,91.65781123487827,29.579247075179982,78.312881,87.59020766666667,1.115469391046116,0.045585316377096695,0.03054472537607762,0.069323,0.0364916,1.0273462543529601,0.01779400572102864,0.019508258028332514,0.052986,0.014532400000000001,0.3316586822628603,62.897479592416474,67.44170590285313,167.187235,54.3261356,0.7654580915040491,0.9948177195000206,0.0013309587352379124,0.0029819766183095827,train,2.6749844169779134e-13,0.7060345943874977,0.05150968371757866,-0.004878884506589833,0.004878884506589833,-0.3153712082987575,0.04906274116056411,0.006277763907805309,0.006277763907805309,0.4346632249681693,0.4346632249681693,0.857908424356082,0.035483154834125154,0.81150835519713,0.2219054249797245,0.2219054249797245,0.057623841353750774,0.9982861898878114
normal,0,N0275,1,2093.637,2095.337,1.699999999999818,18,-0.006246333333333334,0.04138793619629077,0.040703973124390586,0.161966,0.08106,0.03159711111111111,0.029822641706,1.991451786592973,3.2865365693261235,0.0027992222222222207,0.0822910973675021,0.08002154626932258,0.267472,0.157791,0.06787644444444446,0.11526206161199999,1.971856423130522,2.2552940146102403,12.001641166666666,120.62977895503457,117.84381135286895,337.61959,169.49072,105.9678323888889,249968.94973507017,1.438265769362132,1.4638314230251341,-0.3256773989630381,-0.6759702193180225,0.04816631258808726,0.04978420345718777,0.12797399999999998,0.03843,1.1925488150025876,0.09134250376467683,0.10004609949751497,0.267472,0.08025333333333333,1.1191028796884193,123.33442445997804,62.68897633501885,158.353707,109.25409433333334,1.0789623785364104,0.021213923878748445,0.02297550433541485,0.059946,0.018482333333333333,0.5252351368373909,0.06786765454053449,0.07405733570619456,0.198773,0.057315166666666674,0.8314955743897842,129.26710639280032,42.64467807876512,117.64707100000001,123.26601716666666,1.1308630594482112,0.04714232708299411,0.03361461465345096,0.08017700000000001,0.03631040000000001,1.167195977405867,0.08432968111762311,0.09361748693646929,0.230187,0.0703114,1.0331837325706577,78.2312541137822,82.23391320409392,204.246423,69.08934880000001,0.6843878372488237,0.9982213724198913,0.0007364928594501819,0.0005307582651569065,train,0.0,0.7060345943778656,0.06525520392009129,-0.024551230795700707,0.024551230795700707,-1.5869921312553654,0.09980689512238815,-0.01978534885306557,0.01978534885306557,-1.3699087232161182,1.5869921312553654,0.5323960586846884,0.4416265238649594,0.8342318594498656,0.19428873521881812,0.4416265238649594,0.03839678442803907,0.9992390642299793
normal,0,N0275,2,2095.337,2097.037,1.699999999999818,18,-0.013292333333333335,0.06955156125959401,0.0688865753370471,0.231958,0.140363,0.060056555555555544,0.08541648470999998,2.03759584960109,1.8918696564513653,-0.018245166666666666,0.09132386801169587,0.09060683708780236,0.256663,0.134528,0.0827856111111111,0.147772780687,1.4847444665752536,2.194580186068071,13.202205222222222,119.97313836518782,117.33801714264236,334.26075000000003,169.92488,105.01636377777777,247827.78480540658,1.4481656000154686,1.4661485956824363,-0.1361828142015162,-0.2740683584215174,0.0769343441145327,0.06812460040739077,0.191075,0.06617333333333332,1.0924070654361089,0.0980651785506286,0.1072495245722174,0.223114,0.09317316666666665,1.0621737546870045,117.11631779551288,69.18932928804627,175.500298,101.507438,1.031967696314191,0.07096221561624655,0.07633953887403304,0.20182699999999998,0.0625585,1.0076075465436385,0.08210370816432917,0.0857298459176655,0.24268800000000001,0.07073366666666667,0.8892902176240679,129.06592295121138,36.34206389137109,97.043052,124.72927133333333,1.1372613627861983,0.06097679913540887,0.05985444715474365,0.136466,0.055096800000000015,0.8658225005991351,0.096705291825215,0.1061317814007661,0.255868,0.0906322,1.047444408241815,85.68296656281989,81.61224200786299,204.09264399999998,72.5898824,0.7549934567750458,0.9982381059199146,0.0008178148464885089,0.0006010283102438707,train,0.0,0.7060345943778656,0.06505110867317088,0.0038354666638762275,0.0038354666638762275,0.24792465460956517,0.09905343941609103,-0.008446602328288672,0.008446602328288672,-0.5848304367535784,0.5848304367535784,0.9049001467874371,0.08881039513309587,0.9486561751981786,0.06575367712523063,0.08881039513309587,0.10643191343135323,0.9941534182210735
normal,0,N0276,1,2102.152,2103.852,1.699999999999818,18,-0.029374055555555556,0.08429633351420397,0.0870283650640538,0.3782,0.20528,0.06599772222222224,0.13633085386299998,2.3587711874043795,4.532650170577135,-0.028499611111111114,0.20319538711043003,0.1995164030896541,0.614814,0.345864,0.17481205555555557,0.7165223118330001,1.7335116042793914,1.8031231647233776,19.44590538888889,185.96742258588077,181.77100623374233,511.15364,256.39895,163.73628972222227,594732.5767300895,1.4105602170144362,1.4240481208812246,-0.39256706290609045,-0.8296623532085904,0.04107236882828487,0.024665343239046966,0.061239,0.03472083333333333,0.4608733580398973,0.1959824559771444,0.21184795857760821,0.529369,0.1673815,0.9982622116820639,186.80605842421093,94.75450069352085,240.780021,165.57321833333336,1.0589874220821014,0.0908169250029971,0.08958952843496834,0.233935,0.07925966666666666,1.0190573952034847,0.1885555654782784,0.20465077401702314,0.5001,0.17257916666666664,0.9604323758513347,199.208829652705,65.43780565255841,177.98103700000001,190.0414055,1.1292976617002974,0.12280722588919595,0.1345664273955432,0.3782,0.093563,1.3780208008879393,0.2056484722564211,0.22925317226747374,0.582968,0.17185620000000001,1.0474973268406926,127.67786614401587,132.23676521133788,329.92736,111.4333044,0.7237948033663518,0.9975517304608922,0.0016156623724138878,6.205333099060436e-05,train,0.0,0.7060345943778656,0.09105074756282233,-0.004022382498768531,0.004022382498768531,-0.2600068985365417,0.19503596021782343,0.004480442871830664,0.004480442871830664,0.31021933550801445,0.31021933550801445,0.7379739342890224,0.11510570285255631,1.3484678858174588,0.2859242196786264,0.2859242196786264,0.03522406854927903,0.9993596206424955
normal,0,N0280,1,2134.595,2136.195,1.6000000000003638,17,-0.01895988235294118,0.10451083290673888,0.10314790593466201,0.345468,0.22797,0.07895376470588235,0.18087133847800002,2.2101272724276657,2.755569702984404,-0.0022811764705882374,0.196062853075307,0.19022258505730164,0.566721,0.327945,0.17403270588235292,0.61513874172,1.7240066414890303,1.5310740043694273,6.172819411764709,191.2901489235025,185.68133678177634,526.1946399999999,263.39725,167.01013729411764,586118.5000941466,1.4185445590019636,1.4369096357082771,-0.29680789921276735,-0.6120309486420561,0.061256632899357656,0.0670020070458092,0.206096,0.04585583333333334,0.5952576989730248,0.18724473534032052,0.20366670899879538,0.550146,0.15990533333333332,0.9919419884674722,175.22649783489626,126.56428143845103,322.745007,151.72304566666665,0.9735440854140394,0.11871450717077506,0.129475329487899,0.32676900000000003,0.09892039999999999,1.1536011861653144,0.20670715442238566,0.22970772812532886,0.511385,0.2008882,1.0950455051007315,223.872785270551,44.920790840696256,113.97483,220.237876,1.2438188782992818,0.12366096561162702,0.11845714727275854,0.268788,0.093112,1.2016681028436242,0.17094895563998044,0.18128234116096362,0.45882,0.1565016,0.9056139638626468,129.23719163608055,140.2551195050069,350.25350000000003,113.45738200000001,0.7180312628936785,0.9992449733510596,6.919043884770231e-05,0.000564014211332519,train,0.058823529411415394,-1.4120691887562722,0.0926286222450649,0.010519283689597106,0.010519283689597106,0.6799667430423433,0.2008609791788042,-0.010638394121502553,0.010638394121502553,-0.7365869066190046,0.7365869066190046,0.8562428747065373,0.03353986059329464,1.258578874999994,0.21693837855614254,0.21693837855614254,0.0909644185482193,0.9957292771913165
normal,0,N0280,2,2136.195,2137.895,1.699999999999818,18,0.01752005555555556,0.07621223900357416,0.07610896194747517,0.312192,0.188343,0.059144722222222224,0.10426633359700002,2.474649439181427,3.8635852050341386,0.0017930000000000075,0.19529066082697166,0.1897968775044638,0.5665629999999999,0.302877,0.16759944444444444,0.6484113847879999,1.5957954840056665,1.5743607388320338,19.703577166666662,198.20480263872093,193.62558393439727,540.8693000000001,271.03701,173.71832816666665,674835.6015708538,1.399799574480977,1.4185931065668105,-0.4275495257677843,-0.9137884111873525,0.08051165033293836,0.0880837183842735,0.230766,0.068274,1.0334148042522102,0.19284535152249155,0.21122855939613533,0.495434,0.17477783333333333,0.9929354985299906,196.69832898604554,107.32610301072197,268.70397499999996,170.81636416666666,1.0452434576696854,0.047914754171688424,0.04248216530106094,0.12727,0.042626,0.6150143003946177,0.19156088451064324,0.20948560142350275,0.518175,0.16687216666666668,0.9863219458428979,214.186386942505,63.2270105941222,173.97155,206.26301000000004,1.1381739785366642,0.1005160789456095,0.10805991693037711,0.302497,0.07326460000000001,1.2901835152828836,0.19896600995245395,0.2203434911956784,0.5549029999999999,0.17644920000000003,1.0244499684485342,137.57172018978846,138.51409810395344,345.05443,118.92427439999999,0.731048104119595,0.9984669986602017,0.0011109482633352337,0.00012129360701638062,train,0.0,0.7060345943778656,0.0958342403629246,-0.019725278415449424,0.019725278415449424,-1.2750424568376966,0.21269511691378418,-0.02289823940932037,0.02289823940932037,-1.585440729201941,1.585440729201941,0.6058677936771223,0.3123524074179242,1.20423968619227,0.17280357309320593,0.3123524074179242,0.04840320761779145,0.9987907765121584
normal,0,N0281,1,2142.516,2144.116,1.599999999999909,17,-0.0012577058823529418,0.03320796317482583,0.03224099701147776,0.11596200000000001,0.061772,0.02688535294117647,0.017671192101,1.9159457127833002,2.436745786911982,-0.006226647058823529,0.05619590941623462,0.0548724687386178,0.192267,0.097813,0.04647841176470588,0.05118679303299999,1.7825514734160628,2.2758416734769793,3.933998176470588,85.16903572546704,82.7197010997651,222.90412,112.19396,74.239355,116323.33215058615,1.3563148622199095,1.3331067004210821,-0.2597930358069289,-0.5317729007146645,0.015767332700872397,0.015922151455336264,0.03801,0.013788833333333333,0.48592469178039227,0.03956960427103949,0.04302177237825827,0.118176,0.030748166666666663,0.775842807449516,80.72369861278588,45.34712579781121,113.706725,70.68964733333333,1.0025282374814195,0.0405953403262,0.04312015328126745,0.111376,0.0356538,1.25108530465888,0.044964910187834245,0.050231992148430674,0.12171900000000001,0.040228200000000006,0.88162878551649,96.03563918360558,24.546254140524105,60.119043000000005,93.49240139999999,1.1926911395372073,0.03772136135401266,0.041847136327352194,0.107334,0.0334648,1.1625137388311233,0.06650665053962648,0.07364057392158212,0.18098199999999998,0.06133799999999999,1.3039985468465283,60.866631936914054,68.03620538229094,172.227881,51.65503679999999,0.7559182530751837,0.9961507539608634,9.283010567074913e-05,0.002753905078657201,train,0.058823529411682896,-1.4120691887659043,0.05108211966957116,-0.0188411226580934,0.0188411226580934,-1.2178906080605734,0.047484308655938556,0.007388160082679243,0.007388160082679243,0.5115454380381664,1.2178906080605734,0.600764575016343,0.32081107174793433,0.8149522366358517,0.21767060170418792,0.32081107174793433,0.07454133065957967,0.9971321754959968
normal,0,N0285,1,2168.479,2170.179,1.7000000000002728,18,-0.01601911111111111,0.08474476660078911,0.08390056863136666,0.317483,0.188809,0.06172466666666665,0.12670749750000002,2.2503899923440183,3.415866928501419,-0.008755777777777776,0.06632818082353441,0.06505135335256293,0.25144,0.156582,0.054836,0.076170214314,2.407052150804037,3.741009359728215,10.315287500000002,93.10366607349347,91.06660188786609,248.68205,127.02979,82.90367305555556,149276.26762925572,1.3949108385137376,1.381147819030014,0.12654563316551784,0.25445538138914975,0.07301679435467798,0.07914131080394528,0.226941,0.05882716666666666,0.8750525599478886,0.04442963754822524,0.045492743147305004,0.12939299999999998,0.038552333333333334,0.7041411888322927,94.68577058142574,41.5242318253704,107.109441,86.76698850000001,1.0699300653252701,0.09198404457205246,0.09664974027228423,0.300487,0.06327683333333334,1.1023610990938877,0.07953464545299321,0.08681769093604522,0.232197,0.06390633333333333,1.2605013881069267,97.89812433934874,35.49978209705453,91.57515699999999,92.378825,1.1062290133610444,0.08439274889349203,0.06915000219667386,0.172354,0.05741740000000001,1.011385005503988,0.05980595671670172,0.061732746498920646,0.138226,0.056033200000000005,0.9478321180550159,66.09549558516943,70.95528344272103,178.96011099999998,58.0722888,0.7468657378495148,0.9947170534184405,0.0020822998564282266,0.0024197760153113674,train,2.6749844169779134e-13,0.7060345943874977,0.054450214327286625,0.029450354304080037,0.029450354304080037,1.9036715891018383,0.0599182588703414,0.005133094482221531,0.005133094482221531,0.35540798196228035,1.9036715891018383,1.4200727113450855,0.5394491470185951,0.8775741408922462,0.1436386650568458,0.5394491470185951,0.06924456726456323,0.9975252593054653
normal,0,N0285,2,2170.179,2171.779,1.599999999999909,17,0.017117999999999998,0.10024784926246548,0.09874969581963576,0.412839,0.208575,0.07416011764705882,0.16577554121600002,2.1121584048315234,3.754176998741201,0.010465882352941174,0.0643501163673019,0.06329998114115508,0.187454,0.095324,0.056653647058823524,0.06811708941200001,1.5059088214802676,1.585337148948243,3.5682078823529415,93.15355382663026,90.44263676849772,254.62785000000002,127.59806,81.30333223529412,139057.7992758531,1.4108175586101883,1.4050625877193563,0.21875831746853314,0.4447032922412837,0.07159811704227982,0.06814784877211215,0.193823,0.05878633333333333,0.7735687611263167,0.07985616058055049,0.08345315749568737,0.187454,0.078586,1.2692777117306961,90.81063317600146,50.91704139550875,133.406057,80.13899066666666,1.0345740769492515,0.10806918527776546,0.1161716434720625,0.318402,0.08170859999999999,1.1676137477454178,0.05437855388294176,0.02513342682166521,0.062659,0.0495144,0.8643226263068715,104.75074172376529,31.797159440649533,79.377658,100.81602260000001,1.1933889032419334,0.09788986132383681,0.09543286385884057,0.25378,0.0660036,1.057633103764319,0.0453538823652397,0.050695640786955244,0.13075599999999998,0.034969999999999994,0.7208795365084878,61.531487800473016,68.48848248479199,168.581506,54.32151019999999,0.7010069192129764,0.9968774346341283,2.6528158703921604e-05,0.002223723824448566,train,0.058823529411682896,-1.4120691887659043,0.054198435416946474,0.04455126040268929,0.04455126040268929,2.879794511522317,0.05898877001852586,0.004311211122629222,0.004311211122629222,0.29850197579917825,2.879794511522317,1.6829350687773157,0.7092804053647712,0.8598386800442547,0.1640553175648878,0.7092804053647712,0.11453258958462477,0.9932295669280139
normal,0,N0287,1,2182.241,2183.841,1.599999999999909,17,-0.013275411764705881,0.062419045266708086,0.06199346116847372,0.192585,0.099986,0.05398670588235294,0.06533421687,1.6128475183580666,1.7708357829682888,-0.002664470588235294,0.05866455208547753,0.056975311785534125,0.205472,0.109461,0.048854,0.055185164602,1.9212005440537467,2.054707027869236,2.817189235294119,96.00020834513217,93.17648070924567,262.50497,132.91766,83.45701005882354,147591.56147512732,1.426515135453178,1.4165333699100937,0.042180391192547496,0.08441086701865941,0.06607528460021947,0.07040072491577531,0.192585,0.05644566666666667,1.09337148135975,0.05989149292400939,0.06558688653585155,0.166269,0.052361333333333336,1.0215962475614042,97.07562065505537,50.20514441594797,130.687135,85.57576966666666,1.066363625392816,0.053807310237550435,0.058667368334535,0.139554,0.045644199999999996,0.890368900540744,0.06260105064294048,0.06892982096451433,0.172854,0.05377200000000001,1.067814397469993,106.51232493626338,37.02147178474393,89.677704,101.2344006,1.1700246488420112,0.05960167679688215,0.06660606792928103,0.14923799999999998,0.05356180000000001,0.9862503664602547,0.052677518905126876,0.05881398674040045,0.134151,0.046711199999999994,0.8985442341970582,62.176108723693645,67.06253425218982,165.724178,55.337054,0.6829968251968425,0.9959459977585207,0.0002058344268040296,0.002867549428549903,train,0.058823529411682896,-1.4120691887659043,0.05530158081253897,0.006691880355934751,0.006691880355934751,0.43256330228586726,0.06306123719121172,-0.006085925405677595,0.006085925405677595,-0.42138060662946486,0.43256330228586726,1.0255206037508813,0.2139414612921893,0.7512197895489002,0.29910183641080773,0.29910183641080773,0.1923888358946686,0.9808962765538362
normal,0,N0287,2,2183.841,2185.541,1.7000000000002728,18,0.0016279444444444457,0.05820934205442024,0.056592731765856844,0.197195,0.10905,0.04801927777777778,0.057649271196999995,1.9269258895502077,2.1806142390691035,-0.004138944444444443,0.05839115603609871,0.05689674676064041,0.24380000000000002,0.13753,0.04529283333333334,0.05827031625500001,2.417185653488706,3.747359015558856,9.354930111111111,95.44510964587961,93.22652732673535,253.60206,127.24091,84.06076566666667,156441.33715324558,1.3648573388779446,1.3738594769814423,-0.0026787945343312754,-0.005357601883916717,0.054954455682258686,0.06019848480152968,0.171911,0.04770466666666667,0.9440534772924158,0.031305685127997654,0.03273638728184077,0.087477,0.027156333333333338,0.5371305399366498,103.87137837998897,33.57211233522569,85.998425,99.24728866666668,1.1412626789687137,0.06215419581841063,0.06731528633750287,0.157572,0.05945883333333333,1.0677366186637955,0.06305450631926847,0.06799076511237881,0.171037,0.05182583333333333,1.0818642328456154,97.24704795893363,47.383283877580574,118.030923,87.09769616666665,1.06847938485423,0.057107554761169736,0.060296084668077746,0.166212,0.042945199999999996,0.9810412091726769,0.07484961985207407,0.0821638860680287,0.200613,0.06370400000000001,1.2842401167972466,62.199931188044474,69.22834453874788,173.226258,54.00903860000001,0.6834073178431314,0.9951259941437015,0.0011816294093166888,0.0026642180539520497,train,2.6749844169779134e-13,0.7060345943874977,0.05532177534333344,0.0012709564225234019,0.0012709564225234019,0.08215465279509711,0.0631357890717316,-0.006239042311091195,0.006239042311091195,-0.4319821980371113,0.4319821980371113,0.9356770126602021,0.122256137544338,0.7497811894907409,0.3010186912546587,0.3010186912546587,0.2505649065596964,0.9675959884390543
normal,0,N0293,1,2222.713,2224.413,1.699999999999818,18,-0.0003590555555555544,0.08009268303106333,0.0778369251323275,0.24702400000000002,0.14136,0.06842983333333333,0.109054564453,1.8161046284867939,1.7977500937420932,-0.005571999999999999,0.10209005940777169,0.09937004724764902,0.328518,0.205998,0.08563155555555556,0.17773931321999997,2.0730391672916677,2.499703982428045,11.803125277777777,111.73980796152121,109.23114823608702,306.33703,156.08181,98.46623527777778,214765.98740953233,1.4289130208780023,1.4340748845039084,-0.12151396655560229,-0.24423479802583295,0.08914592691200197,0.09755435210930709,0.24556,0.07984166666666667,1.1144256736410278,0.10888505685737292,0.11927478286111723,0.314735,0.09123483333333333,1.0807984501202654,112.6055779102224,58.32094917513846,151.10351,99.22485533333332,1.06276879406081,0.06997547797026232,0.07665418683259688,0.186818,0.06363883333333335,0.8747732159691469,0.10210291579496313,0.11098500219654306,0.25522100000000003,0.09680216666666668,1.0134785830943323,118.87735408593917,37.79961943473072,99.79928600000001,113.75917233333332,1.1219616699963166,0.07964770230835287,0.08904877389217664,0.223761,0.0708578,0.995687042287021,0.08815523033263539,0.09786569032761175,0.240179,0.0682114,0.8750331685853897,77.4319075618815,80.26948611522717,202.10924599999998,67.96773379999999,0.7308005211516114,0.9975575459373859,0.0007302603411422121,0.0011392618596069851,train,0.0,0.7060345943778656,0.06177987033595557,0.016057054796371928,0.016057054796371928,1.0379283965446162,0.08697705239080174,0.012392994856847278,0.012392994856847278,0.858072904715907,1.0379283965446162,1.0983581611478925,0.28255755556534257,1.1176237188989682,0.0981599229106709,0.28255755556534257,0.029534189124991787,0.9995497969923759
normal,0,N0293,2,2224.413,2226.013,1.599999999999909,17,-0.008176529411764706,0.09088940607141575,0.0885539689019872,0.283582,0.146651,0.07740923529411765,0.13331069194099998,1.6560635487983089,1.8080987677298666,-0.0012985882352941184,0.10004913172602925,0.0970706012864742,0.29490099999999997,0.174788,0.08403764705882354,0.16018592778,1.800627560595475,2.232315091951494,3.3975982941176466,108.28717260213902,105.10891562998899,305.51569,154.6494,94.23242382352943,187814.03046350644,1.4713252350961983,1.4569610544199452,-0.04588095409887993,-0.09182637781149998,0.07912141030087874,0.08638671393835204,0.217018,0.06854566666666667,0.8808298328502784,0.09785576198500867,0.10719523903731298,0.248364,0.09070166666666667,0.9809955508886916,106.1970241294723,64.2615837985102,169.11413800000003,93.34567383333332,1.038637562162936,0.09816647055181316,0.10932983436052576,0.24995299999999998,0.0931486,1.0928515495216726,0.10447732687526036,0.11679541152074426,0.29490099999999997,0.0901554,1.0473761662504402,122.97276809641777,35.36030673012457,88.80115799999999,118.83610840000001,1.202709182437861,0.09311806033740179,0.10409549998535,0.28067600000000004,0.074809,1.0366494380020526,0.09713256594881038,0.10854074414568936,0.287204,0.08046899999999998,0.9737455731710837,69.2691754017316,77.2811345497695,189.95478,60.872562,0.677472538068274,0.9971689776506005,0.00013444341818013615,0.001684528615214804,train,0.058823529411682896,-1.4120691887659043,0.060116490122038096,0.028437478779949107,0.028437478779949107,1.8381992915981864,0.08083637379672055,0.016234227489753644,0.016234227489753644,1.1240342547431277,1.8381992915981864,1.2985936773045643,0.45002296376897655,1.1345790939158265,0.11321691089830575,0.45002296376897655,0.09520305429749257,0.9953220017818941
normal,0,N0294,1,2230.241,2231.941,1.699999999999818,18,-0.02121794444444445,0.04420656611259599,0.047915069122934126,0.172092,0.097982,0.04006972222222223,0.04132536928299999,2.0449099165152154,2.9287783348340466,-0.017690277777777777,0.0538059157449587,0.055201312573464535,0.230017,0.115026,0.04091416666666667,0.05484932837700001,2.083754799252607,4.449446240618717,8.593289222222223,85.37376234174923,83.41221306538552,218.85029,110.71338,76.17859355555555,125236.75119237485,1.327304191212545,1.2924064963870507,-0.07066038713336874,-0.14155668109193845,0.054930694173051665,0.05519953434103105,0.134842,0.046376,1.119971601159439,0.0627699616523169,0.04917969160842715,0.128633,0.05137749999999999,1.1109853300843167,84.58027840844855,39.84152375621863,101.816074,76.3612095,1.034441025859608,0.04295824544640218,0.04668060148177185,0.126327,0.03748016666666667,0.8758675938817899,0.05029813407738568,0.05086857882294989,0.141927,0.03434,0.8902425239657121,91.18246569502281,27.47789655129224,73.404683,87.66439633333333,1.1151876670170215,0.048410255419693876,0.031334849946983954,0.07155900000000001,0.0394722,0.9870276007094537,0.05558273284213363,0.06160132613264101,0.14589,0.0396038,0.9837763026787976,64.56506316497612,67.46199554784967,165.685438,55.8853698,0.7896492117528534,0.9932475270221869,0.002146522663723192,0.0036354465431552383,train,0.0,0.7060345943778656,0.05136155821940215,-0.003446489096468025,0.003446489096468025,-0.22278113557997214,0.04851590823067861,0.006685404342785924,0.006685404342785924,0.4628876546692929,0.4628876546692929,0.8854158337920652,0.06704319590786006,0.8130296300358821,0.2200325536806191,0.2200325536806191,0.055599900256944036,0.9984044650794401
normal,0,N0298,1,2263.699,2265.399,1.699999999999818,18,-0.008192499999999998,0.09952460173081062,0.09706687126724087,0.307901,0.172783,0.08361272222222221,0.169595594957,1.7800408908236087,1.7374856129509637,-0.0071780555555555564,0.1462838761238581,0.14234347577114698,0.484955,0.289371,0.12269305555555556,0.36470997170299996,2.032906660683464,2.4447327532057925,15.289441833333333,154.07257017940665,150.5102199477658,439.52196000000004,221.81728,135.7799146111111,407759.87355704705,1.4737688914213345,1.4480189236414729,-0.1891171583175442,-0.38284284487599196,0.07920941075507801,0.0829147072175176,0.19992,0.0699135,0.8137073704461113,0.13822451280917336,0.15115047309309576,0.382855,0.12219733333333334,0.9499297185288491,158.56690679721976,79.86740828048478,208.265924,140.81120283333334,1.082506390895125,0.1162712685447269,0.12728686547584817,0.306118,0.100097,1.1944387325201509,0.13622161820846695,0.1489241030189539,0.353813,0.12850033333333336,0.9361650897692698,165.04957355485658,53.566721570376025,150.170821,157.63946316666667,1.1267623351960343,0.09201109253671538,0.0998950126522841,0.262942,0.078547,0.945217284741948,0.1636892773580481,0.18278290481798345,0.484955,0.127052,1.1249329515206072,100.45495397239677,105.77742641349646,258.58191,89.1964554,0.6857870401120908,0.9981472286171521,0.0009373255504395155,0.00010910424667129745,train,0.0,0.7060345943778656,0.07843657016228599,0.01863030110495488,0.01863030110495488,1.2042630979485955,0.14846836941849006,-0.006124893647343088,0.006124893647343088,-0.4240787108975472,1.2042630979485955,0.9940537087916919,0.18277703074840929,1.1618717401804803,0.13698744494426007,0.18277703074840929,0.04689061016167867,0.998865171963181
normal,0,N0300,1,2277.617,2279.317,1.699999999999818,18,0.0030190555555555556,0.08716519334167078,0.08476312430368657,0.324942,0.213999,0.0675665,0.129326170351,2.5246709787771784,3.597963356203639,0.002378833333333333,0.1821285790857495,0.17701314886831931,0.549476,0.307415,0.15798327777777776,0.5640057877010001,1.73667889625921,1.6857638062845222,15.501004500000002,152.91844378742923,149.41625640126568,422.06471,211.41257,134.13704283333334,401853.91818543785,1.4149234835079776,1.4443925974679341,-0.3524002517358226,-0.7363634238884581,0.07723418843362051,0.08212613026477424,0.216302,0.06354633333333333,0.8931509773188072,0.1861097864975581,0.1992583653287861,0.549476,0.15953116666666667,1.0660881042971175,154.50700082103654,80.45469062490736,203.711417,135.9348456666667,1.0649664865645612,0.11573040044142824,0.12613553636624375,0.324942,0.09931266666666667,1.3383285609143951,0.16798854351909437,0.18214966221544304,0.406265,0.16081066666666666,0.9622846346463083,164.25250916828935,53.38520082393739,145.845307,156.8563155,1.132139104822687,0.04683894046410529,0.04923393006149316,0.110751,0.038417400000000004,0.541654496545242,0.16789469003932198,0.18408197681141952,0.492278,0.1414714,0.9617470160706535,102.68340750337116,106.22631492224373,265.424522,89.5788768,0.7077633190486045,0.9982211344727268,0.0010999190668295271,0.00015426703807752687,train,0.0,0.7060345943778656,0.07799514011893924,0.006767984184747333,0.006767984184747333,0.4374826555553222,0.14683874800344404,0.030174400864875273,0.030174400864875273,2.08923154550332,2.08923154550332,0.8744075807559731,0.05453239905284621,1.4554399428719749,0.3622633922637232,0.3622633922637232,0.03407620898591977,0.9994006771515596
normal,0,N0303,1,2303.377,2304.977,1.599999999999909,17,-0.03513964705882353,0.08265905718442261,0.08755227926485175,0.349658,0.233464,0.06330517647058823,0.13031182727600002,2.666566786842352,4.233192528420319,-0.004884117647058824,0.19729134213197316,0.19146302164432813,0.6402669999999999,0.338381,0.1675563529411765,0.6231875071719999,1.7673438823534002,1.8777009494158805,6.593803588235293,184.78633929365196,179.39030553036199,511.22409,256.17066,161.33977935294115,547074.9892107025,1.428007267408566,1.4409164036899933,-0.3724195126235287,-0.7824585992479004,0.12709738524847786,0.07819191408238237,0.199,0.10516066666666667,1.4092796261717373,0.20078589890685383,0.21579299037681152,0.5999859999999999,0.16888550000000002,1.0498795437528634,167.4932003134414,123.35506770880728,315.456072,144.82333166666666,0.9655635504069378,0.027583795877289985,0.028808286434635438,0.07239999999999999,0.0232914,0.30585429799634917,0.17268992511029704,0.19229381566238682,0.45435800000000004,0.1486694,0.9029698837049459,216.10614192748133,42.31220387999459,108.35540999999998,212.76655399999999,1.245807073205103,0.07669370605597307,0.08301216717867328,0.224897,0.06310459999999998,0.8503941854427824,0.19708135951986935,0.2120715552347839,0.500202,0.179381,1.030509059358309,126.18908539531596,135.4955883511665,338.56359999999995,110.7665658,0.72745389716652,0.9990836155925379,9.28814361911739e-05,0.000646359270510767,train,0.058823529411682896,-1.4120691887659043,0.09009010054853106,-0.002537821283679312,0.002537821283679312,-0.16404482696797235,0.19148955242255838,-2.6530778230254848e-05,2.6530778230254848e-05,-0.001836952423800433,0.16404482696797235,0.7522692263166111,0.09591993384062353,1.3112109029006747,0.25790623472963603,0.25790623472963603,0.10993762309396628,0.9937619194985486
normal,0,N0303,2,2304.977,2306.677,1.7000000000002728,18,0.05936094444444443,0.11049319340307119,0.12269557391704614,0.360591,0.266171,0.10047916666666666,0.270975669459,2.1693610576364954,2.226596714643314,0.007357166666666666,0.20775258329879684,0.2020332222362616,0.608796,0.365141,0.1788227222222222,0.734713611969,1.807331467361328,1.7444775369050447,19.91778827777778,195.34227672479074,190.88059320339383,537.82529,271.09471,171.3346247222222,655837.2155102313,1.4202319127913314,1.4245036652266938,-0.24431971928204066,-0.4987258717204868,0.11540714237212531,0.11008450790445796,0.302962,0.09178516666666665,0.9158954403558293,0.20311355734252043,0.22238477286541003,0.5318890000000001,0.1789926666666667,0.9942133700053759,189.63533879122335,107.3736701181454,266.744645,165.01889666666668,1.0245982367832642,0.15421183994373888,0.13674138288669843,0.349068,0.1262575,1.2238577106252657,0.20055594601174673,0.21963416075434775,0.50849,0.182747,0.9816942087361733,211.61324520999807,60.054863940082875,164.20425999999998,204.38854333333336,1.1433446914704661,0.09727444844562214,0.10330050761395125,0.2256,0.0935516,0.7719905541651509,0.21007518650568896,0.22631177622850296,0.608796,0.1779322,1.0282896024420403,139.92462979735492,136.75915021779699,340.7381,119.29677899999999,0.7560116689577486,0.9980244770986441,0.0013168419104308273,0.0002645766362015675,train,2.6749844169779134e-13,0.7060345943874977,0.09472659707695777,0.027968976840088366,0.027968976840088366,1.8079153152784708,0.20860604493907592,-0.006572822702814313,0.006572822702814313,-0.45509266597253745,1.8079153152784708,0.9907679047357304,0.17946609637000094,1.300312169858863,0.24955953741017523,0.24955953741017523,0.0800158802576817,0.9966954626614616
normal,0,N0306,1,2326.399,2327.999,1.599999999999909,17,0.006641176470588234,0.03973007672758022,0.039111795100710986,0.16291899999999998,0.089235,0.028797882352941177,0.026005452771999997,2.2815368041846242,4.422341873530778,0.005685529411764706,0.06472643834643388,0.06305073507804929,0.218278,0.13674,0.052639411764705886,0.06758171829600002,2.168729671917896,2.3902543595820243,3.0268777058823537,82.63076221966097,80.22073945096838,215.62709999999998,109.64466,72.85304135294119,109401.23964702262,1.366786952481481,1.3053850610228528,-0.23432211335424535,-0.4775156345064957,0.03929683927917528,0.04257186655840529,0.126862,0.030726333333333338,0.975018599577079,0.07977755436629194,0.08716313546218951,0.218278,0.07130966666666666,1.2374836089494803,75.54637694551333,50.960518816176645,129.890334,66.272584,0.9634782447663504,0.037646698904419226,0.029660279267060177,0.077679,0.0283092,0.9340759286953304,0.03803620266535554,0.042386479819631166,0.10948,0.029886000000000003,0.5900052680098946,95.50745913754331,13.614725960618516,32.834896,94.7279586,1.2180512529184784,0.04390528206719551,0.047249111920754656,0.11954999999999999,0.0319506,1.0893615725954646,0.0649254299793232,0.07037314175663895,0.157368,0.056929600000000004,1.0071022613016716,60.85765332455597,66.5702485917126,164.467712,52.4395052,0.7761460890180325,0.9969835855289785,7.469379225561442e-05,0.0023868168832349864,train,0.058823529411682896,-1.4120691887659043,0.05007375266092686,-0.010961957560215875,0.010961957560215875,-0.7085811923638576,0.0437617335927324,0.019289001485316884,0.019289001485316884,1.3355423547545884,1.3355423547545884,0.7514946571624918,0.09695010783419997,0.9655841006464759,0.048066904001564915,0.09695010783419997,0.0779192637177306,0.9968663681763515
normal,0,N0309,1,2352.589,2354.289,1.7000000000002728,18,-0.005475444444444445,0.08011438367309744,0.07804948389963895,0.27011700000000005,0.139694,0.06730677777777777,0.10965099486600001,1.7898132443723465,1.9359607447236769,2.4833333333335812e-05,0.08862014127210718,0.08612330035897499,0.26315700000000003,0.15124,0.07772905555555557,0.13351001156499998,1.7560869052812507,1.510861157930157,10.838773722222221,99.76342453520523,97.55659814785712,274.37345,139.79556,88.3954736111111,171311.2171592846,1.4329687858541906,1.4233960683358746,-0.04917877525040048,-0.09843696004712525,0.08939044745198821,0.09582388043419379,0.24333500000000002,0.07190400000000001,1.1177994020393736,0.08728390902489797,0.08931135797198474,0.20988800000000002,0.08436700000000001,1.0147855389225964,101.80979363734882,46.07363542870788,116.50980500000001,92.71596866666665,1.077514972222532,0.08087782330981302,0.08859590335826294,0.213146,0.073378,1.0113517172236097,0.0865886023051918,0.09290532846595327,0.229813,0.0806535,1.0067017212733176,105.11668220380945,38.17517065187757,100.854293,99.17189033333334,1.112513785347772,0.06561591286113454,0.07327338682837037,0.15731,0.06185860000000001,0.8205063320645958,0.08375105317666161,0.09362906639500364,0.23629500000000003,0.0642018,0.9737116334806928,68.2347606656221,73.33363416781744,183.512348,59.9991622,0.7221699761530282,0.9958950584256863,0.001304120396795397,0.002077625973850711,train,2.6749844169779134e-13,0.7060345943874977,0.05706902126974248,0.020980462629896467,0.020980462629896467,1.3561775937348732,0.06958607360026207,0.016537226758712914,0.016537226758712914,1.1450134825928857,1.3561775937348732,1.2331565012405379,0.3983182148738914,1.084552623217947,0.06812274423905589,0.3983182148738914,0.06403184435519035,0.9978838311785645
normal,0,N0310,1,2358.968,2360.668,1.7000000000002728,18,-0.044273055555555565,0.0712794794044766,0.08221072287420905,0.235933,0.138773,0.07212427777777779,0.121654853199,1.688015810447709,2.084419484173971,-0.019603611111111113,0.2034301874756283,0.198668166693582,0.6616569999999999,0.340393,0.18019227777777774,0.7104427282329999,1.713374647106946,1.6945711820148244,19.454408277777777,193.78671421176193,189.32900116973644,528.6595199999999,264.97188,169.75592216666666,645218.4723107411,1.3995313890788899,1.4251306297686326,-0.41461800136763555,-0.8823501866868477,0.08931834264304281,0.03134853940723023,0.07958599999999999,0.08460983333333333,1.0578426208740261,0.20066587528941404,0.21641712516034092,0.562827,0.18073833333333333,1.003968682188934,194.09850731043196,104.75626386391383,262.875586,168.90629016666665,1.054533790223668,0.06631062144935757,0.06356281658223356,0.163419,0.055934333333333336,0.7853504611713443,0.19424223391768675,0.2083689821241796,0.49105200000000004,0.17734399999999997,0.9718300101126481,209.05682935834233,63.49319867372431,173.536198,200.86131866666668,1.1358020918873222,0.09689867080409308,0.1050684579819272,0.235933,0.08671,1.14762030787184,0.20550096019775674,0.22161092775560504,0.523863,0.183605,1.0281595109319839,132.4081048116951,134.28143269490707,335.69626,114.7560972,0.7193709140693895,0.998479833196854,0.0011283568358361488,3.858816196725297e-05,train,2.6749844169779134e-13,0.7060345943874977,0.09410050734950287,-0.011889784475293819,0.011889784475293819,-0.7685559457946911,0.20629471782625547,-0.007626551132673465,0.007626551132673465,-0.5280512869544067,0.7685559457946911,0.6692927679884977,0.21279262272553387,1.2891330809332069,0.2409251332844531,0.2409251332844531,0.04182103381402005,0.9990972909061806
normal,0,N0322,1,2441.017,2442.717,1.7000000000002728,18,0.014283388888888887,0.0810605161912556,0.08006108689099009,0.298307,0.157101,0.06494383333333333,0.115375997415,1.962264142303067,2.6185450879106584,0.011760166666666667,0.20259493334360562,0.19723779312193473,0.6130310000000001,0.343801,0.1751576111111111,0.7002494466410002,1.7430787201490243,1.5598903606791927,19.11674177777778,185.41018969120276,181.1975671583891,516.10154,259.09081,162.76311755555557,590986.0501941406,1.4298801803090577,1.4301286648529115,-0.4225646574016474,-0.901620143062518,0.09103019900468928,0.09891878644305471,0.250396,0.07336849999999999,1.1449160198446802,0.20290884304534387,0.22207402835691226,0.511556,0.17906333333333335,1.0306546908273346,181.31888093805034,104.55778352800795,263.620887,157.19967933333334,1.0318490270007223,0.0890854195112758,0.0927241563054993,0.26553,0.07779649999999999,1.1204559041751558,0.2083207338444736,0.22697683344143296,0.553086,0.18671783333333333,1.0581438359757396,200.58818858603212,54.34643543756986,152.85636999999997,194.356225,1.1415067540100834,0.04501140014929551,0.04778721760889621,0.112454,0.0346126,0.5661228215475278,0.17406344665035217,0.190729191429891,0.429925,0.15096460000000003,0.884137453544441,131.34579319482825,127.18987495946128,311.60143500000004,112.67799199999999,0.7474623062284763,0.9983937603112818,0.0010072725407175003,0.00018484482252949453,train,2.6749844169779134e-13,0.7060345943874977,0.0908193566387831,-0.010758269747793009,0.010758269747793009,-0.6954148074181256,0.19418173742364575,0.003056055698288984,0.003056055698288984,0.2115968432404818,0.6954148074181256,0.6810420511750824,0.19539015403871632,1.3372862677939805,0.27759755834722905,0.27759755834722905,0.09419091685227725,0.995420939965171
normal,0,N0324,1,2453.657,2455.357,1.699999999999818,18,-0.019753833333333335,0.07532940762548106,0.07582534202179522,0.305334,0.164068,0.06234049999999999,0.10349068486900002,2.1637620830360422,3.051374169792373,-0.014478444444444448,0.0762364439600458,0.07548994706949763,0.232776,0.120619,0.06789855555555555,0.102577177954,1.5978154003599396,1.6511685411191805,10.425038611111113,100.36745983475335,98.09517052144109,277.57136,139.44425,89.04744261111111,173207.92463335092,1.4215200326250625,1.4123342114005228,0.002216530492784644,0.004433068245448546,0.09524561703564106,0.10395384520722004,0.305334,0.07646983333333333,1.2320416613607383,0.06834406972444647,0.07069296454221358,0.188963,0.06094916666666667,0.889606010426663,104.17199272649037,41.94940308451163,107.51344100000001,96.87798366666668,1.0953406160325558,0.07233485087309804,0.07178045418752006,0.18485400000000002,0.05831416666666667,0.9356813743001349,0.08146111660888687,0.08624439840534573,0.201044,0.07332883333333333,1.060345092756619,105.23559080981174,41.84187599200925,110.84236499999999,98.05905066666668,1.1065240651468975,0.05616822334380891,0.06023857702502608,0.140736,0.0539856,0.7265593248064316,0.08061597436612672,0.08950479463861141,0.21361200000000002,0.0738322,1.049344231645242,66.64116434321934,73.47408410321759,181.94832200000002,58.7575022,0.7007140028172515,0.9956541966376297,0.0017412147715403655,0.001614807800812642,train,0.0,0.7060345943778656,0.05728634297756094,0.018538999044234283,0.018538999044234283,1.1983613306141303,0.07038835725619606,0.005101589813301569,0.005101589813301569,0.3532266445951201,1.1983613306141303,1.1914383101472088,0.36390231281030866,0.945427231122455,0.06916318611825292,0.36390231281030866,0.12326821963959693,0.9921573914977388
normal,0,N0324,2,2455.357,2457.057,1.699999999999818,18,0.011234333333333337,0.07973688531443311,0.07830045032224697,0.275237,0.150474,0.0671498888888889,0.11035728937199998,1.9217513996499564,2.201417567726054,0.014743055555555558,0.08699280387106553,0.08581768566074634,0.299057,0.177908,0.07417661111111112,0.132564153099,2.073092494049586,2.0918897267796233,10.983925722222223,101.64748660878782,99.39238605784935,277.47193,141.59991,89.81135538888888,177819.2353129062,1.4246555054789065,1.4223658304702016,-0.04580380646799774,-0.09167175761155967,0.05612781603774252,0.058712900897219054,0.13027899999999998,0.05180316666666667,0.7629069268857008,0.07302869267167073,0.07891455892715023,0.186262,0.06887666666666667,0.9478609915607339,101.84873079518674,51.390699510329796,132.01155,90.40092533333332,1.0572304363163965,0.0685794476963276,0.07193899954544823,0.180585,0.060055,0.932153420228254,0.07974614639696807,0.08117052058824475,0.19652499999999998,0.06861716666666666,1.0350488093332635,107.94547360014667,34.728452187854415,92.1532,103.18512866666667,1.1205170576171426,0.09475747921298877,0.10539228582633552,0.275237,0.08042360000000001,1.2879734571750587,0.07843095017147249,0.08760115256205252,0.218675,0.0664616,1.0179784887128482,71.57704295204687,74.31074762779686,186.061881,62.6976326,0.7429982461205712,0.9970427961123777,0.0010066998892405271,0.0015453586368089852,train,0.0,0.7060345943778656,0.0578097881255266,0.020490662196720376,0.020490662196720376,1.3245168823104976,0.07232075274124168,0.013496932919504656,0.013496932919504656,0.9345079675068431,1.3245168823104976,1.2142719204399266,0.3828857262826186,1.0607432929020304,0.04592505321214309,0.3828857262826186,0.0254204770782736,0.9996664770813481
normal,0,N0328,1,2480.18,2481.78,1.6000000000003638,17,0.02412029411764706,0.07077791260941217,0.07277791060116104,0.292857,0.177026,0.05326252941176471,0.090042612615,2.4324138813237086,3.693752654147058,0.004142588235294117,0.17595967472160307,0.1707562162651084,0.510624,0.283657,0.14914176470588233,0.49568065168400005,1.6611811048776517,1.7134671139523998,5.048170588235292,157.8007313754824,153.17240605606887,440.96533999999997,223.13025,137.51227070588234,398850.36160908913,1.4567261541763796,1.4598218919743438,-0.40231858641046775,-0.8528244200810295,0.09053848320005513,0.0980442480238727,0.292857,0.0687175,1.2770114662498693,0.16473858197864075,0.18042656312749517,0.455254,0.1435876666666667,0.9440307462935323,148.9316939797085,105.65589716085898,269.316226,128.87664083333334,0.9991448950224876,0.07474509025748781,0.07467483655690182,0.19774,0.060307599999999996,1.0542515616678148,0.20239071246724738,0.22420576367479939,0.48929100000000003,0.18173940000000002,1.159795434915833,183.90800999680786,39.88432854458039,98.57906000000001,180.41493400000002,1.2337921125579265,0.025723997706421916,0.025167972637858617,0.06603,0.0187112,0.362827373154691,0.15465578105198655,0.17011176961398056,0.420161,0.1346572,0.8862514819026769,103.2505985195286,113.30422976533892,281.23417,90.8324094,0.6926820320250904,0.9989627784919182,8.298770017904377e-05,0.000715921889942544,train,0.058823529411415394,-1.4120691887562722,0.07951080059066273,-0.006732889989501695,0.006732889989501695,-0.4352141659561254,0.15243409159159932,0.018322124673509077,0.018322124673509077,1.2685972132457148,1.2685972132457148,0.7323587214930645,0.12274375683044104,1.369564849749914,0.30144823257456466,0.30144823257456466,0.07577294077512607,0.9970366252625981
normal,0,N0328,2,2481.78,2483.48,1.699999999999818,18,-0.0035275555555555585,0.08577127601683186,0.08342930676460295,0.35538000000000003,0.217762,0.06323766666666666,0.12528808609,2.6101379532544695,4.486222545625689,-0.005695166666666666,0.17200149781435728,0.16725240205499792,0.565642,0.288184,0.1430195,0.503520587877,1.7230484971165672,1.9211093443343907,16.606703166666666,163.06341195657905,159.33692186385028,454.1083,228.28606,143.37741516666665,456988.58404284116,1.432725430676169,1.4347438291104087,-0.3343805803972023,-0.695504413268612,0.05408936393599022,0.05891076989821132,0.158946,0.04503466666666667,0.6371691793955475,0.1592017008614125,0.1732196105173045,0.416948,0.14180416666666668,0.9250601797330699,162.85269128148713,85.70633625157362,220.128208,142.82746816666668,1.0538048218090375,0.05745296184126048,0.06244825418216269,0.17133199999999998,0.04527866666666667,0.6767921433419141,0.18279803893732924,0.1999188727919403,0.551644,0.15634800000000001,1.06216947331123,175.61329711568868,54.280632185340444,151.549005,168.47761749999998,1.1363775312403048,0.1304979850403829,0.14388328216891635,0.35538000000000003,0.10873360000000001,1.5372577525472984,0.1737491466465375,0.19146195955149942,0.44930499999999995,0.1563148,1.009589821940596,111.1995727288775,113.49117504780953,279.63523,97.4281438,0.7195622313803113,0.9978527812437487,0.0013596944352997663,5.117793955497213e-05,train,0.0,0.7060345943778656,0.081998271483954,0.0014310352806489457,0.0014310352806489457,0.09250215391793568,0.1616170547770635,0.0056353472779344105,0.0056353472779344105,0.39018323365060975,0.39018323365060975,0.8070622260591785,0.025613434260519773,1.2895629689601562,0.241258548330363,0.241258548330363,0.04122983662619239,0.9991226325531747
normal,0,N0329,1,2487.246,2488.946,1.699999999999818,18,-0.01125161111111111,0.06687475192269667,0.06595736379872817,0.269447,0.16932,0.04787327777777778,0.078306729107,2.5671129082218553,3.751956868550014,0.00911488888888889,0.14561935408732748,0.14180980972806892,0.423102,0.238361,0.12809022222222222,0.3619803984319999,1.6808498682642288,1.4813849501235503,15.39699411111111,153.48225428051896,149.95052038391873,437.10774000000004,219.66627,135.42400877777777,404732.85414134455,1.4649250261858902,1.4438107910539495,-0.3650838803907225,-0.765478261498809,0.04038117364977563,0.0401452089943495,0.109366,0.02166866666666667,0.6100382223057963,0.12764583572656546,0.13975811940205837,0.335762,0.117075,0.9422651389187068,157.0171258575161,77.81068802521386,203.861977,140.031991,1.0769963250092083,0.059809655335349765,0.0643102254451032,0.173864,0.04749266666666666,0.9035442142901136,0.155238096479247,0.16990753294042027,0.423102,0.1462338333333333,1.1459476583147996,164.33631002159038,54.05137353489231,152.367734,156.75393766666667,1.1271993484292566,0.09299687241837759,0.1018283104274052,0.269447,0.0769928,1.4049033646752669,0.11799856096241175,0.12904199132956684,0.32805300000000004,0.1004292,0.8710501976392682,101.36462518619513,106.82997525278765,261.43566,89.7208092,0.6952702019939709,0.9978639533175948,0.0011109014966795322,0.00013653099739143094,train,0.0,0.7060345943778656,0.07821072332897916,-0.012253359530250987,0.012253359530250987,-0.7920574458269748,0.14763461367027053,-0.005824803942201612,0.005824803942201612,-0.40330093700669334,0.7920574458269748,0.6779850556388061,0.19988896157079464,1.1618362156910778,0.1369568692522369,0.19988896157079464,0.04371909398347163,0.9990134920367805
normal,0,N0330,1,2493.621,2495.321,1.699999999999818,18,-0.0035434444444444445,0.04981633157465085,0.048542275463993464,0.167688,0.088059,0.042056888888888894,0.042414345129999996,1.8140682355386968,2.0678493901355295,-0.00031544444444444496,0.07619086015219953,0.0740448786570235,0.269606,0.154568,0.057748444444444456,0.09868759299600001,2.087490759704804,3.1518686331861976,8.653827166666666,85.73696771492915,83.76954723907507,221.13290999999998,111.27283,76.28186127777778,126312.06680351334,1.328320776074289,1.311333901350665,-0.20803650574713603,-0.42223630038691434,0.056822845662344884,0.061902328863298835,0.155483,0.0517095,1.1441434737602607,0.08680416992095868,0.09401662351733336,0.26402000000000003,0.073952,1.1423288318122058,83.95273497021381,41.09989293526051,104.745644,75.10255683333334,1.0234597352871664,0.05523624585813196,0.06003879046333296,0.156448,0.04893816666666667,1.1121968545739134,0.03607131180730748,0.030397942722603228,0.08985000000000001,0.02914483333333333,0.47469262728156614,92.18236212110585,26.76585909431394,71.96403799999999,88.88519866666667,1.123786330106887,0.02916025072594541,0.03157083752135822,0.07666899999999999,0.026229999999999996,0.5871495904931867,0.09502250162251044,0.10436412102921196,0.268096,0.0795974,1.250480747332247,64.98186629238322,66.65473461958244,163.234257,55.98910600000001,0.7921876958227129,0.9935233481684098,0.0022425062819828308,0.0033005100341957777,train,0.0,0.7060345943778656,0.05150574770385591,-0.002963472239862444,0.002963472239862444,-0.19155891470333117,0.049048210631097044,0.024996668025926455,0.024996668025926455,1.7307328687686145,1.7307328687686145,0.8931795506212726,0.07577341775328647,1.085914095197469,0.06937728746382456,0.07577341775328647,0.05797504222922654,0.9982652358598794
normal,0,N0334,1,2527.515,2529.215,1.7000000000002728,18,0.01637188888888889,0.07882700001596116,0.07833600288358973,0.272671,0.166148,0.06325122222222224,0.11045752826,2.120966016697357,2.5475272263214994,-0.004345777777777778,0.19125429420555598,0.18591656282770144,0.618003,0.334057,0.1621902222222222,0.6221694300059999,1.7968114024869748,2.0332066322520843,19.640971444444443,195.46182477560646,190.96747013932253,531.21907,267.14626,171.06195344444444,656434.3437254346,1.3989097714134262,1.4294489881872556,-0.4071126410982197,-0.8642906818524118,0.09515807165623595,0.10357006416656633,0.26130600000000004,0.08640966666666668,1.1849852380512094,0.19543785517652407,0.21369360576769722,0.5444,0.17410033333333333,1.0333262562312264,188.53000558740376,119.27377893206668,297.40623,163.99691533333333,1.0149437654901214,0.09096163312444795,0.09543740461475259,0.24007599999999998,0.07380333333333335,1.1327277928759614,0.1968115894834448,0.21559249763662927,0.618003,0.16407733333333333,1.040589515066853,213.03467791877048,53.988919678724606,141.88304,207.25532833333332,1.1468636916080286,0.033620596541405985,0.029881158419646316,0.073978,0.029682200000000002,0.418670848438014,0.17119484322607384,0.1899633373943509,0.44425400000000004,0.154368,0.9051477068099741,142.13668243437758,129.91160574232597,323.95259599999997,117.45971599999999,0.7651871607108214,0.9988743907412334,0.0009579856992419479,7.281582318590928e-05,train,2.6749844169779134e-13,0.7060345943874977,0.09476165317157403,-0.016425650287984303,0.016425650287984303,-1.0617544177193885,0.20873546105693097,-0.02281889822922953,0.02281889822922953,-1.5799472615090595,1.5799472615090595,0.6322761818799433,0.269687912100378,1.1960388855081228,0.16597033907540237,0.269687912100378,0.1472504702854158,0.9888089285164915
normal,0,N0335,1,2534.895,2536.595,1.699999999999818,18,-0.011705000000000002,0.058099318084486616,0.057662884944399986,0.198716,0.103281,0.04793544444444444,0.059850149401999994,1.7911174596898187,2.2827146318628246,0.003530666666666668,0.060082691484320175,0.05849652781718473,0.273614,0.149514,0.04079755555555556,0.0615931878,2.5559465763039144,4.682630065957912,9.01958777777778,93.10117531347957,90.92654046812552,242.26204,122.18322,81.88587766666667,148817.44370703006,1.3437574922674154,1.3609713030290043,-0.007176713905127984,-0.01435367424324554,0.05399227563272361,0.05691445708663719,0.157049,0.04606199999999999,0.9263067499094644,0.07026533250235614,0.07432425072522875,0.20469900000000002,0.051175666666666675,1.1676820910975736,99.12331998408384,36.94566523916926,93.058718,93.2091595,1.1155516954679878,0.05995233788324411,0.0632332556334086,0.17355700000000002,0.04800566666666667,1.0285592634003324,0.06164112503705082,0.06738635549352703,0.199965,0.0456665,1.024363440939484,96.20999723215319,42.2814341476146,105.488913,88.12829949999998,1.082764636520774,0.06115558684535698,0.06822219987071657,0.181698,0.0505356,1.0492025428762428,0.042747067609369416,0.04736918968591293,0.13136899999999999,0.029468,0.7103785539294798,62.81790922854085,70.18905997672209,177.37212,53.02124679999999,0.7069640641264342,0.9953915281541171,0.0010674804262617093,0.0026597447834978347,train,0.0,0.7060345943778656,0.05439369752763175,0.0032691874167682378,0.0032691874167682378,0.21132035086887593,0.05970961655336367,-0.0012130887361789383,0.0012130887361789383,-0.0839924963703278,0.21132035086887593,0.9774859154199179,0.16596967554008804,0.7903619672936907,0.24830908089944978,0.24830908089944978,0.18418614058970756,0.982490562897876
normal,0,N0336,1,2541.797,2543.497,1.699999999999818,18,0.0053378888888888885,0.06343505539840485,0.061878456737561115,0.228485,0.119418,0.05033044444444444,0.068920981348,1.9298800632096493,2.5393181627710453,-0.0009476111111111101,0.09827698075106779,0.09551275873963413,0.285944,0.162934,0.08462516666666665,0.16420836747700002,1.7058872777840584,1.6915357598186527,12.627835055555556,112.82264335829902,110.36868780275667,313.84889,160.1602,98.91150316666666,219262.45045144265,1.4511380282623936,1.4607135530765987,-0.21369872454370026,-0.43408775213127404,0.0644250408718018,0.0700853433779132,0.21548499999999998,0.04472433333333333,1.112359336173426,0.09731461617523512,0.10657591360840717,0.256857,0.08740233333333335,0.9931526120675864,109.92210943032137,62.60651929285753,160.42008199999998,95.44274466666667,1.0300168285281885,0.06188611285660136,0.06760775920977316,0.18293500000000001,0.05383516666666668,1.0685223398228876,0.10102713086014734,0.11065976893056784,0.282901,0.08801816666666668,1.031040997199995,121.06003920531897,35.41988650218842,94.059123,116.66215949999999,1.1343839586957993,0.042760986246811475,0.047795108808328914,0.100136,0.041104800000000004,0.7383089188918652,0.09503704512451974,0.10607955854593287,0.259718,0.08785799999999999,0.9699086665320633,81.46255751371078,78.86567491680808,197.80185500000002,69.5234864,0.763338745671142,0.9975522032968189,0.0011658900310355736,0.0008447254985478173,train,0.0,0.7060345943778656,0.0622388839309059,-0.00036042719334478807,0.00036042719334478807,-0.023298022184240947,0.08867158676924398,0.00684117197039015,0.00684117197039015,0.4736727782187646,0.4736727782187646,0.8641684442000375,0.042753500929048824,1.063168554046267,0.04820882238252421,0.04820882238252421,0.09067432706977667,0.9957564729860308
normal,0,N0341,1,2576.156,2577.856,1.7000000000002728,18,0.004871277777777776,0.07664398196689567,0.07464368238839775,0.277985,0.140561,0.06072505555555555,0.10029022776900001,1.8830930562697978,2.409477152073876,0.004161722222222223,0.04561985926017638,0.04452943800017143,0.18240099999999998,0.093704,0.034665944444444444,0.035691675275,2.104315801147979,3.2010446299546493,9.610018388888891,90.10676097094077,88.0937715345568,234.79285,118.56271,80.05430516666667,139689.2264972884,1.3458693836656892,1.3569253183472598,0.25269326077713505,0.5165753920819183,0.08272259168852646,0.09053723737777732,0.277985,0.05954299999999999,1.0835516069566982,0.057050090708370776,0.06016979240587977,0.18240099999999998,0.0449835,1.2510930782110485,89.94985410947567,42.29671792536849,108.825338,81.24120033333334,1.0463442608220104,0.07894884928019322,0.08490002893442773,0.205642,0.07144033333333334,1.0341207977022382,0.04186982718099833,0.04585298367790984,0.13163,0.034006833333333326,0.9181939997223149,95.59602533959647,32.09487739866726,83.9845,90.99559933333335,1.1120235097851603,0.06422934983012049,0.07061855581431838,0.167074,0.054480400000000005,0.8413157010875405,0.03256579066136733,0.036391776149289554,0.086172,0.026309,0.7141589921596498,66.71529420526592,70.18436845126537,177.19842699999998,57.798797,0.7760675755601717,0.9943358255280191,0.0020450958701746405,0.002868516305029173,train,2.6749844169779134e-13,0.7060345943874977,0.053250634472983185,0.021393047915414562,0.021393047915414562,1.3828471162137066,0.05548978589009372,-0.01096034788992229,0.01096034788992229,-0.7588785163907557,1.3828471162137066,1.306028522377456,0.45573194165228514,0.6209957429465219,0.489475881121121,0.489475881121121,0.04510771919174362,0.998949828990615
normal,0,N0347,1,2616.545,2618.245,1.699999999999818,18,0.020048166666666666,0.05713345430218621,0.05903231646451515,0.20812799999999998,0.135764,0.04765438888888889,0.062726658969,2.2998250472113684,2.4081978506025403,-0.004486111111111111,0.08092330980690654,0.0787711695228654,0.227747,0.12642,0.07015155555555556,0.111688148664,1.6049019046658088,1.6578563291430992,12.10214872222222,111.3771783142989,108.9136267119356,312.46785,157.54725,98.42359205555555,213519.20550384335,1.4465338705201223,1.4492237569332382,-0.14323914171528732,-0.2884620302745948,0.055740306221500675,0.06104649049590539,0.14180199999999998,0.050902,0.9198051798886078,0.07075313190947805,0.07743933720962923,0.203212,0.06258066666666666,0.9078904499760564,112.63136078622858,55.838788971167595,140.025159,100.43662083333332,1.0690550350779677,0.0502259544906814,0.051310722931631615,0.149193,0.043316833333333325,0.828809460102289,0.07805221636080127,0.08511505629381913,0.212125,0.0699115,1.001550884335392,118.53951040573759,38.78005974104527,106.09616500000001,113.129887,1.125132996443612,0.07570020098652315,0.06760236770039936,0.159525,0.05505059999999999,1.249175716927701,0.085623718186026,0.0956654894243478,0.223614,0.0751788,1.0987069255392297,75.19765390295566,78.3416545849234,194.23833000000002,66.535672,0.7137481956165308,0.9973562651430864,0.0010733902143737763,0.0009317414010883272,train,0.0,0.7060345943778656,0.06165174582886563,-0.00261942936435048,0.00261942936435048,-0.16931997520594483,0.08650405685347269,-0.007732887330607285,0.007732887330607285,-0.535413850345378,0.535413850345378,0.8354345170793039,0.008937761798094112,0.8885291625340546,0.13123263860641066,0.13123263860641066,0.03023126191906236,0.9995282946078866
normal,0,N0348,1,2622.582,2624.182,1.599999999999909,17,0.0062717058823529405,0.10804387547760673,0.10500541931701038,0.339849,0.173849,0.08666370588235295,0.187444347461,1.6556193111819448,1.87026825758967,0.0006702352941176495,0.21584821674284496,0.20940460124699212,0.617425,0.354571,0.18651835294117647,0.745454879398,1.6932340449472003,1.6151398039752811,5.834074823529407,186.94345355993607,181.45560088229766,519.88679,261.54235,162.91329952941174,559744.2965564469,1.4413572726787922,1.4517902465595764,-0.33204788365960436,-0.6902563103030149,0.07875408150587075,0.08510642770417913,0.262192,0.057687833333333334,0.7653021007651504,0.20401930599414686,0.22349053189221835,0.605969,0.17895766666666668,0.9643290371865778,171.8480011865571,128.63957581823826,328.20455,147.68634,0.9756775962880485,0.12325235504930525,0.13406646027884828,0.310751,0.10419960000000002,1.1977193364442196,0.22943010253364748,0.2564321480503176,0.537827,0.2135306,1.0844371261817618,219.578957362962,42.618897507049034,107.89348000000001,216.24481999999998,1.246673035683173,0.10608011595299092,0.10490417687918817,0.278257,0.09439099999999999,1.0308460721770065,0.20160809430228738,0.2212566944971383,0.556458,0.171653,0.9529320694440713,124.97554641252815,134.0802519393193,334.81542,110.08409239999999,0.7095563514072423,0.9992447004049102,5.956656658016693e-05,0.0005890670991700378,train,0.058823529411682896,-1.4120691887659043,0.09092347696189104,0.014081942355119337,0.014081942355119337,0.9102570822754624,0.1945661170344936,0.014838484212498504,0.014838484212498504,1.0273950241143581,1.0273950241143581,0.8919615729848042,0.07440884460065811,1.417759137717451,0.33603272422473235,0.33603272422473235,0.11658142303221587,0.9929851725438811
normal,0,N0348,2,2624.182,2625.882,1.7000000000002728,18,-0.010686000000000003,0.09397622673408669,0.09195151529716324,0.395355,0.228182,0.06691077777777778,0.152191460978,2.4815469246219104,4.0264087342375765,-0.006730277777777775,0.2119850670603129,0.2061223620763755,0.6142799999999999,0.334737,0.1825205,0.764755706663,1.6239722688408176,1.5635468768270608,19.808553611111112,191.25853312340033,186.92242429885613,523.39011,261.71842,167.63136105555554,628919.8687037088,1.4001445839454671,1.4269516317223927,-0.3830286900175193,-0.8072085526107731,0.06796188851358777,0.07428803422086223,0.216995,0.05263699999999999,0.7213669968674651,0.20873518852164497,0.22862608036770435,0.50958,0.19327249999999999,0.9841976459838416,189.39554229812424,106.18792967895777,265.147597,164.55771483333334,1.0431016470783379,0.07185164927821769,0.07862648030275805,0.244731,0.049335,0.762654034392224,0.2031634700912051,0.22255435001672438,0.5910059999999999,0.17429916666666667,0.9579266937684462,206.5391524672639,60.07613677088645,164.995567,199.12509383333335,1.1375205958419259,0.13579653630560684,0.1462796925847877,0.395355,0.1113038,1.4413834241847785,0.22609648558038223,0.2510569248965262,0.584614,0.21416619999999997,1.0660570958324882,133.62128400107156,131.9391167589271,328.90491,114.7191914,0.7359232415662854,0.9984505404044958,0.0011878503119106092,3.657534770784963e-05,train,2.6749844169779134e-13,0.7060345943874977,0.09312941892902607,-0.0011779036318628339,0.0011779036318628339,-0.07613971823648043,0.20270976363076337,0.0034125984456121194,0.0034125984456121194,0.23628334350816468,0.23628334350816468,0.7582323236345163,0.08802437319550144,1.3547224205032407,0.29055174873744183,0.29055174873744183,0.06607057076653194,0.9977469314470092
normal,0,N0353,1,2656.465,2658.065,1.599999999999909,17,0.008952823529411763,0.08253004685055262,0.08056489527667231,0.35174700000000003,0.176856,0.057432588235294124,0.110341939966,2.1951992787013395,3.9865394693155647,0.008838058823529412,0.05233289217293292,0.051533882329407095,0.20663,0.110601,0.040015117647058826,0.045147597475,2.1461802410505966,2.9769795896786273,3.3152105882352942,87.64734749698283,85.09501987683558,233.80664000000002,117.66316,76.45821105882354,123099.76093326371,1.3827267467626512,1.366871041952089,0.2197674609345468,0.4468235115052557,0.06713917696968488,0.07280042029663474,0.21998099999999998,0.049971499999999995,0.8086087880722662,0.05772978704562605,0.05356280005999189,0.142813,0.04326066666666667,1.0881029976660017,85.1604010717869,46.78416959259346,119.55703799999999,75.06935700000001,1.030568223031618,0.09736297533354248,0.10871655258515145,0.27412400000000003,0.075237,1.172617256287097,0.04482078167323725,0.04983801012079033,0.124034,0.039811799999999994,0.8447913874658561,98.11599285974103,29.65744700337297,72.818289,94.4621444,1.187350260682897,0.08468909520357387,0.09042628109681389,0.236489,0.058851999999999995,1.0199759622674454,0.05476714165811468,0.061051292005165625,0.16729100000000002,0.04223380000000001,1.0322624430382028,59.34246030216259,65.98244174414417,164.348741,51.8799128,0.7181325251435997,0.9963680850357987,3.579042024058174e-05,0.002734079653941731,train,0.058823529411682896,-1.4120691887659043,0.05204059499910032,0.02852430027757199,0.02852430027757199,1.843811435229513,0.05102269927147503,0.0005111830579320673,0.0005111830579320673,0.035393570031133886,1.843811435229513,1.4593064832037983,0.5667023829060449,0.7440041022419647,0.30875355928881687,0.5667023829060449,0.12224459952683908,0.9922871008446492
normal,0,N0353,2,2658.065,2659.765,1.699999999999818,18,-0.027105944444444443,0.08919252713980565,0.09081892769406606,0.351997,0.208248,0.06691638888888889,0.148465397295,2.2930021889435555,3.31645750093258,-0.009442333333333334,0.056093627625919275,0.05532492600888761,0.18489899999999998,0.092566,0.04663255555555555,0.055095253882,1.6731337333398302,2.046339388677998,9.759871222222223,90.09809068161097,88.10187052149695,238.68241999999998,121.85122,80.02171555555556,139714.912608959,1.383071883476846,1.3677482454002856,0.24287030063597,0.49564417011094125,0.08965573253562763,0.08516761562334986,0.232061,0.05258683333333333,0.9596413638964186,0.051615411346806105,0.055790387600075576,0.159298,0.03972616666666667,0.9076845228582289,93.40490480551806,37.33146771956471,95.04939300000001,86.96614766666669,1.0898581312457898,0.09544893809082775,0.10313242242411776,0.278042,0.08310033333333333,1.0216496652408456,0.054954027565472095,0.05964246684703777,0.157958,0.05044066666666666,0.9663958687600397,93.64063768476744,37.748159385859154,95.967188,87.0697005,1.0926086869664648,0.09538565709686127,0.10340203064108558,0.285217,0.0762702,1.0209723291950488,0.0646017921547073,0.06961835823401756,0.169072,0.0574524,1.1360569519390338,63.101380629973434,69.49102290842566,175.256633,54.8649142,0.7362734635360318,0.9942220558108936,0.0019562789723302195,0.002858231815370908,train,0.0,0.7060345943778656,0.053253902530833466,0.037565025163232596,0.037565025163232596,2.428204102700197,0.055501850535757694,-0.0001769245268700842,0.0001769245268700842,-0.012249996424637056,2.428204102700197,1.5888981147166936,0.6517818379215323,0.771475831745063,0.272494762879079,0.6517818379215323,0.1244318190663964,0.9920086309180968
normal,0,N0354,1,2662.939,2664.639,1.7000000000002728,18,-0.007836777777777781,0.08424221581742769,0.08224294542053102,0.33185600000000004,0.173523,0.06433088888888888,0.12175023728600001,2.109883092254645,3.1542212843018467,-0.001708444444444443,0.20529228858535914,0.1995155579951376,0.667856,0.335219,0.17569633333333334,0.716516241878,1.6801647118074352,1.7638992145064725,19.42117022222222,188.73269853538318,184.44056687875587,512.7384,259.06482,165.66905011111112,612329.8087900227,1.4045978299898592,1.4309940644897403,-0.4162167641882386,-0.8862146022162579,0.053839374997920124,0.05671102085632622,0.157186,0.045142499999999995,0.7333003908219624,0.18895676551352517,0.2069474836683613,0.525736,0.16673233333333334,0.9288745365768557,178.0898674599239,117.70165508660378,295.425691,154.7646925,0.9944425139981786,0.08739022208081024,0.09494362161339047,0.260524,0.07569233333333332,1.1902679778201706,0.21312363829711617,0.2332597563258609,0.593833,0.18397233333333332,1.047674160905539,205.47979518263904,50.700340338769976,128.29305,200.19950666666668,1.1473861315733596,0.07539977515085838,0.07303331009340876,0.193903,0.051884799999999995,1.0269562859551857,0.20819932798738808,0.2299920905809589,0.553358,0.18883719999999998,1.02346721364711,142.5394998638868,125.44420090960612,312.567748,118.6385774,0.7959315182296065,0.9988789751493429,0.0009005825068386281,9.486184335832558e-05,train,2.6749844169779134e-13,0.7060345943874977,0.0921279537229501,-0.009885008302419077,0.009885008302419077,-0.6389671672216185,0.1990126678602272,0.0005028901349103942,0.0005028901349103942,0.03481938012562765,0.6389671672216185,0.6873010641069873,0.18624178106887557,1.3289447674169381,0.2713403904705542,0.2713403904705542,0.18409606284591992,0.982507684977857
normal,0,N0354,2,2664.639,2666.239,1.599999999999909,17,0.0029814705882352925,0.07852932158843412,0.07624294969256849,0.352644,0.179121,0.059224058823529414,0.098820785423,2.3493450964615445,4.430082279103477,-0.004150470588235293,0.23051123578258545,0.2236672589119303,0.731707,0.371879,0.1987521176470588,0.8504597260559998,1.6626438836380097,1.8292997027896962,5.595053647058824,184.89275378243602,179.45955878207494,514.5933,259.06482,160.9534845882353,547497.4650503692,1.4435832883919713,1.4563967184501039,-0.49156149070365057,-1.0762345480195394,0.10641942845646185,0.11654526395525475,0.352644,0.08221466666666667,1.376116333306114,0.23158190480223909,0.2536621953586436,0.672636,0.20557650000000002,1.0386347321696334,169.94702385648364,128.09193807197502,326.584612,145.83152216666667,0.9759642486838899,0.06536411227730397,0.06525651984897755,0.17492000000000002,0.056984599999999996,0.845227453496918,0.1944055567384842,0.2170201812511915,0.493174,0.18196600000000002,0.8719004342234417,217.28107543916337,41.945492648232545,106.46082000000001,214.017584,1.2477921456470416,0.03570373859135763,0.03950428490050162,0.08860100000000001,0.034523000000000005,0.4616872928965228,0.23861442275227202,0.2652133837258218,0.714223,0.20018379999999997,1.070175268135723,123.13111965954282,131.94849494727157,330.06779,108.28894500000001,0.7071119456002595,0.9991342085667358,8.875786982912487e-05,0.0006770179328642025,train,0.058823529411682896,-1.4120691887659043,0.09011804523279715,-0.013875095540228657,0.013875095540228657,-0.8968864993365334,0.19159271544148537,0.032074543470444916,0.032074543470444916,2.220794650609811,2.220794650609811,0.6548440764633494,0.23461705134196978,1.5311665485098116,0.41298506600206797,0.41298506600206797,0.12068598937588952,0.9924825248868895
normal,0,N0359,1,2703.937,2705.637,1.7000000000002728,18,0.022249500000000005,0.08154760670289833,0.08231407710275186,0.25714000000000004,0.1663,0.06845450000000002,0.121960931207,2.0203105696296557,1.951135010181786,-0.015431611111111108,0.19487296161621592,0.19001015076115743,0.582343,0.308939,0.17144305555555553,0.649869433061,1.625907872618532,1.6313837710717782,15.328382722222225,152.30764798707884,148.80800484458547,420.00275,210.91666,133.94966794444449,398588.80150487117,1.4173744229705962,1.4337585494729483,-0.39547004136492,-0.8365353565229899,0.07222431419658248,0.07896552107534022,0.184741,0.06475916666666667,0.8675051412334122,0.19347816308781032,0.20854973223806036,0.531139,0.17592816666666666,1.0001862752790716,152.86552458396665,78.82767671103808,200.97949300000002,134.86919500000002,1.0580306814292264,0.0750051192686206,0.07222090477255644,0.201486,0.062201833333333345,0.9009061187794912,0.19919245885156728,0.21546077283966716,0.507173,0.17936066666666664,1.0297263541416206,164.0529387864518,52.57754273276553,143.83651200000003,156.8747963333333,1.1354623162226207,0.1027439197422407,0.10345576481182671,0.210591,0.0812352,1.234084111401426,0.18626269945482912,0.2014923045086338,0.514575,0.16741180000000003,0.9628859020467306,103.1352476009705,106.39015847536359,264.760053,90.308797,0.7138316935463677,0.997836230268471,0.001478569642890929,4.876330568438182e-05,train,2.6749844169779134e-13,0.7060345943874977,0.07774970185740841,0.004564375245343449,0.004564375245343449,0.29504132231632463,0.14593266684043604,0.04407748392072139,0.04407748392072139,3.0518607566051887,3.0518607566051887,0.852614331637807,0.029293106085512728,1.5686899759494255,0.4371960319315802,0.4371960319315802,0.035885636645926706,0.9993353399135564
normal,0,N0360,1,2712.021,2713.721,1.699999999999818,18,-0.012573222222222222,0.06467299635365194,0.06409614578549598,0.227259,0.119387,0.0524328888888889,0.073949686282,1.8626236965876273,2.3988640909556787,0.0007987777777777772,0.039568110211538006,0.03846158668362789,0.138646,0.074836,0.03296611111111111,0.026627285704,1.9457335604892183,2.0090949016984494,8.989917944444443,86.305206658165,84.35399716568361,220.14991,111.26079,76.65229805555555,128080.74308090685,1.31897472246001,1.3078229657958194,0.24995247539560905,0.5107242392228735,0.06434634039710417,0.06883808227258126,0.18213000000000001,0.05677783333333333,0.9770003953992026,0.05301753029423382,0.05542162828866242,0.138646,0.05117316666666666,1.3723496514676459,84.75114535373596,42.21910228503098,107.250947,75.4809875,1.0255120924909522,0.063729460449361,0.06796183027969939,0.17813299999999999,0.0537165,0.9676340204175098,0.020882996117256098,0.022869041901662605,0.055608,0.018435833333333335,0.5405527621537198,92.36250926598255,26.848847207036133,71.04874900000002,89.0511985,1.117611682411291,0.07004185537662462,0.057783269373582524,0.13438899999999998,0.053273799999999996,1.0634780466945664,0.03432335969278066,0.03719829944096908,0.09098500000000001,0.028061800000000005,0.8884542612636404,66.06888483630354,67.53550979486755,167.459988,56.62475379999999,0.7994516186681205,0.99352641873593,0.002117391611522276,0.003408555113520583,train,0.0,0.7060345943778656,0.051741581664925464,0.012354564120570517,0.012354564120570517,0.7985993129056755,0.049918835725937236,-0.011457249042309346,0.011457249042309346,-0.7932832280936629,0.7985993129056755,1.1711999838920133,0.34676992201542617,0.5601549041164731,0.592586747900187,0.592586747900187,0.061010992865905694,0.9980787916126517
normal,0,N0361,1,2719.025,2720.725,1.699999999999818,18,-0.020870166666666662,0.1072783828140874,0.1063242481873778,0.38047,0.202654,0.08800305555555556,0.20348722354700002,1.905999839687161,2.8107152945071525,-0.019705944444444443,0.19781203955849314,0.19324611356434113,0.6320140000000001,0.330214,0.1694707222222222,0.6721930873390001,1.7087743391540733,1.8739463182700136,18.787564888888888,188.03316159170328,183.69865031396344,513.24231,256.64774,165.15958411111112,607413.4942890928,1.3971128234277044,1.4209133463642625,-0.29015509033805287,-0.5974712061167514,0.07109316591979851,0.0740650491682818,0.18387799999999999,0.06396383333333333,0.6501319197080316,0.1900993494702178,0.2078309034245549,0.501463,0.17141566666666666,0.9655556220440651,189.4853905233762,99.63164872161727,251.22669399999998,166.23073933333333,1.0601101549352367,0.12330590026299093,0.13398370228302645,0.359115,0.11211866666666669,1.1276062981882264,0.19332376793779565,0.2104162750394243,0.516755,0.1761136666666667,0.9819331393152657,202.50755932298688,63.52229155504641,172.350073,194.02768783333337,1.1329650243561329,0.1278528661430787,0.13968677864350657,0.38047,0.1026558,1.1691873365091705,0.20875042153873608,0.23324589670067084,0.6320140000000001,0.1700478,1.0602884422409495,127.78035916560273,131.3377730868092,327.82856,111.5533482,0.7148902402373648,0.9983155609683441,0.0012584523747916055,7.23003354432812e-06,train,0.0,0.7060345943778656,0.09182857970596042,0.014495668481417381,0.014495668481417381,0.9370003487289201,0.1979074727867431,-0.004661359222401962,0.004661359222401962,-0.32274571998880774,0.9370003487289201,0.892136204427221,0.07460460903149299,1.292383532850564,0.24344338446885497,0.24344338446885497,0.03607683709234034,0.9993282383615028
normal,0,N0362,1,2725.717,2727.317,1.599999999999909,17,0.004114000000000001,0.09097350709409857,0.08835309802484707,0.36436,0.182315,0.0684774117647059,0.13270658882,2.0634816896712387,3.378190337591093,0.0007074705882352914,0.16012827167075996,0.15534885276862978,0.47988000000000003,0.285401,0.1385058235294118,0.41026552296100005,1.8371619417432363,1.860812361018261,4.303470529411764,151.21805937399202,146.76617283154792,429.79448,218.52114,131.54344123529413,366185.2612895365,1.4889067132029765,1.4681425387143725,-0.2749085697729305,-0.5643319874753658,0.06436768095610303,0.07001137522431622,0.188509,0.05030966666666666,0.7212807846357998,0.16052202507288527,0.1758414616936707,0.47988000000000003,0.13859683333333334,1.0305440875760354,146.231537742647,98.75486600547555,254.089143,126.99313516666666,1.0178237209039618,0.11256759269168014,0.12023675284828678,0.331629,0.09308960000000001,1.2613914370565789,0.15796107668726495,0.1765937532417271,0.392346,0.14959660000000002,1.0141029156172958,175.7910519410996,40.04959325635118,98.31918999999999,172.102638,1.2235684952120292,0.08855083058673138,0.09509764141765031,0.238498,0.064824,0.9922683498463611,0.1475385157645284,0.16124951557849718,0.36969599999999997,0.12529839999999998,0.94719054934575,97.41281994095081,108.25647749016795,267.03217,84.845766,0.6780280121962388,0.9982708278458355,0.00011830107287962815,0.0007837455270333274,train,0.058823529411682896,-1.4120691887659043,0.07692579323915003,0.011427304785697048,0.011427304785697048,0.7386612478724972,0.14289105436164928,0.012457798406980497,0.012457798406980497,0.8625598080948744,0.8625598080948744,0.9278988188233628,0.11390848796350599,1.3003752460862088,0.24960804476017134,0.24960804476017134,0.06191138025012675,0.9980216676105914
normal,0,N0365,1,2751.173,2752.873,1.7000000000002728,18,0.008738666666666669,0.043270034807419484,0.04294931626670881,0.14635399999999998,0.093139,0.03464766666666667,0.033203587820000005,2.1685793417902346,2.5115967645675714,0.02270533333333334,0.05233339812822266,0.055697055789930824,0.19766,0.130889,0.04603311111111111,0.055838916426,2.3500164980652842,2.852090054473019,8.257906666666667,85.52324370466422,83.52288543311629,219.75209999999998,109.94686,75.78359322222221,125569.30303932242,1.3163680760052714,1.3069836661534024,-0.12922664318332394,-0.25990655816278024,0.046283651375692764,0.03824798356863623,0.108287,0.03543166666666667,1.0482364335487264,0.06373604266556457,0.0646311785564831,0.176429,0.050837999999999994,1.1313595811744621,81.10661517851305,45.29282931629007,113.50788,70.96343083333333,0.9924520574699821,0.04143278587664605,0.032076055803355874,0.09154100000000001,0.0332425,0.938373581349132,0.06269265821316986,0.06597821089243529,0.170889,0.05683916666666666,1.1128387733599694,92.97154405573274,21.770089992327758,58.745034,90.82268800000001,1.1376359373546803,0.04469768773214113,0.02517239359894088,0.058581999999999995,0.0407598,1.0123173817012399,0.034633387010224684,0.02870695984774424,0.067257,0.027821799999999997,0.6147669761698371,66.64286609661917,64.70298200105377,155.741476,56.740410999999995,0.8154680037838409,0.9944083970934307,0.0016672770016958392,0.0031154340229637336,train,2.6749844169779134e-13,0.7060345943874977,0.05140621611338864,-0.008456899846679834,0.008456899846679834,-0.5466542033341091,0.04868077118345698,0.007016284606473841,0.007016284606473841,0.48579732196565173,0.5466542033341091,0.7926027488414981,0.04369205855539407,0.8192441745169744,0.2124179310705987,0.2124179310705987,0.11603584672980247,0.9930506747219013
normal,0,N0365,2,2752.873,2754.473,1.599999999999909,17,-0.02955394117647059,0.05240157549214359,0.058803363393701936,0.167279,0.100933,0.05009382352941177,0.058783204288999996,1.7164494371560097,1.9710088027733477,-0.02243705882352941,0.07021097540936048,0.0717149030512282,0.23214,0.152363,0.0592995294117647,0.087431464434,2.124565376476384,2.2067935519678588,2.2728656470588238,83.91953450966682,81.44562710514276,218.55214,109.68591,73.52921729411764,112767.63296734942,1.3467378654768078,1.3121816976615759,-0.0989251543796372,-0.1984995250385088,0.05493193347983787,0.05668231263248409,0.142075,0.04468183333333333,0.9159052699656243,0.08920573436911627,0.09060530328407934,0.214815,0.07613133333333333,1.2244288448099245,77.89065231669765,49.85154081933418,124.62581600000001,68.1936825,0.9773962034161807,0.07322856132821401,0.04030997155419488,0.099841,0.06422259999999999,1.2209733206847624,0.036500965159842004,0.0387617262154306,0.090156,0.03463,0.5010085385338822,96.79348086972342,16.63965624236699,41.423209,95.64243520000001,1.2145947928750818,0.050271013703723944,0.055558626002628966,0.13470700000000002,0.04546360000000001,0.838191621175224,0.07812551490902316,0.08577409422022479,0.210739,0.06561900000000001,1.0723428784792752,60.607607374298645,67.38361951782737,169.394274,51.401406599999994,0.7605231639981921,0.9969256096975994,0.00014772504345152233,0.002290934840095882,train,0.058823529411682896,-1.4120691887659043,0.05056801246693864,0.008235350926763293,0.008235350926763293,0.5323332759834003,0.045586385939379734,0.026128517111848465,0.026128517111848465,1.8091004501382253,1.8091004501382253,1.1128565972528182,0.2956712920977257,1.0817533698990967,0.06553838645604908,0.2956712920977257,0.04799633336530344,0.9988110203785728
normal,0,N0367,1,2766.429,2768.129,1.699999999999818,18,0.02413766666666667,0.0780419847299403,0.07959154708328713,0.26211300000000004,0.147269,0.06369555555555556,0.11402665860800001,1.8503095541778205,2.1083939310988518,0.015156499999999998,0.1688650196362032,0.16480572121693268,0.496353,0.258665,0.14902372222222224,0.488896663425,1.5695146872936587,1.3757544318151713,17.75420727777778,168.63031110811005,164.83812004917414,472.32836,236.27475,147.82975572222225,489088.9047842271,1.4333744520352152,1.4494935513737812,-0.34867073075718275,-0.7278594381979416,0.08973447508900913,0.09810714455481823,0.245946,0.07704316666666666,1.159391594673957,0.15591164161312648,0.17015003265050133,0.416767,0.13334083333333333,0.9626460395443186,163.3861266811531,98.40262668023097,244.890843,141.3896465,1.023443242627846,0.055732350880495496,0.047492624610564534,0.115985,0.04142233333333333,0.7200757467870946,0.16042329029528932,0.17459900260511227,0.422183,0.14608249999999998,0.9905023348841897,182.50149181458235,47.96013303711059,131.90676,177.17218333333335,1.1431810176370432,0.08353103478109199,0.09164782305816106,0.246218,0.0650644,1.0792416128088302,0.170687898051385,0.18878386035172603,0.445638,0.1597236,1.0538791546113544,121.03902003747172,113.80259504341021,279.545459,102.6579748,0.7581828988050567,0.9984236470358729,0.0008513846074662239,0.00031448068079835363,train,0.0,0.7060345943778656,0.08421808416525925,-0.0046265370819721235,0.0046265370819721235,-0.299059464885837,0.16981190770419918,-0.005006186487266501,0.005006186487266501,-0.34662105732295306,0.34662105732295306,0.7442418761099707,0.10664812314058902,1.2282909274514326,0.1925788843800467,0.1925788843800467,0.12481712505343308,0.9919590633772285
normal,0,N0372,1,2799.337,2800.937,1.599999999999909,17,0.0015159999999999991,0.07621737771909369,0.07395725673896336,0.303802,0.165827,0.05561717647058823,0.092984489014,2.242200526518939,3.517564496262408,0.003716941176470587,0.17287741910399643,0.16775691423569508,0.519741,0.269334,0.14550141176470588,0.47842049865599995,1.6055016344756508,1.752785303536174,5.496116588235291,162.6458074678201,157.88530145202063,459.46115,231.06423,142.28827364705882,423772.06304812233,1.4634942447142083,1.4465246942215344,-0.38806023295248876,-0.819028677808557,0.07303851651469016,0.07999945502814379,0.232957,0.05887733333333334,0.9589792801310603,0.16029618495356235,0.17556654944569214,0.446705,0.14267833333333335,0.9298404360508825,148.38153510983818,112.73197592502066,294.924773,128.18242583333333,0.9696877090551836,0.08027315904833944,0.08094596113642731,0.208071,0.0581244,1.0539685080068637,0.1706646778399092,0.19028872319005138,0.485375,0.1494454,0.9899856225968021,190.4839989432249,35.829130569728875,89.99802,187.768934,1.2448313896348069,0.0756116739650697,0.07958828524663664,0.21849399999999997,0.0576966,0.9927642582108456,0.18745533717501883,0.20896577774410813,0.494253,0.16323500000000002,1.087384284968356,110.56064655305755,117.67444036175323,288.23105,97.8614694,0.7225245377622861,0.9988937152686388,6.477302995070211e-05,0.000504845414964162,train,0.058823529411682896,-1.4120691887659043,0.0814125217454302,-0.0074552650064668435,0.0074552650064668435,-0.48190850390108514,0.1594546502644052,0.008302263971289886,0.008302263971289886,0.5748366592459981,0.5748366592459981,0.722011146161656,0.13697363076699226,1.3053450934688777,0.2534226163652334,0.2534226163652334,0.13360596692404253,0.9907868106334318
normal,0,N0372,2,2800.937,2802.637,1.7000000000002728,18,0.0030390000000000018,0.09011303049014414,0.0876268381858232,0.30619799999999997,0.180859,0.07178799999999999,0.13821232986799997,2.063968114614233,2.3433549742047135,-0.007006499999999999,0.1840661526869364,0.17901731206863147,0.529039,0.280982,0.15645861111111115,0.5768495643650001,1.5695800409084313,1.6174170868662037,17.633744388888886,169.5702748574703,165.73345550078537,474.98685,237.71706,149.0846915,494416.4089001545,1.434333576656003,1.424433828171416,-0.3427432171125934,-0.7143951936211885,0.04766200762312333,0.047304768667298935,0.14000800000000002,0.03768666666666667,0.5431266598488181,0.1834815145816239,0.20065693461104203,0.494537,0.16562316666666668,0.9996074442418644,164.7287905410293,94.21079514533402,238.79626199999998,142.97717433333332,1.026367809612875,0.09010045134829606,0.09869988022164296,0.254733,0.07794583333333334,1.0267288272584136,0.16752198545166144,0.1834675210631753,0.445889,0.14549966666666667,0.9126599162509269,183.40796075444032,49.47925419612282,139.141936,177.75915233333333,1.142751223552587,0.11711279418065304,0.11706603263116076,0.30619799999999997,0.1025936,1.334544722325987,0.2011904712693919,0.22489162727367154,0.529039,0.17711760000000001,1.0960858550246286,121.04766109085726,117.11999386092616,286.521345,104.27788540000002,0.7542058820715998,0.9980642009449577,0.0012198112358029647,9.478019666196191e-05,train,2.6749844169779134e-13,0.7060345943874977,0.08457936491220833,0.0030474732736148757,0.0030474732736148757,0.19698874348428702,0.17114564302861968,0.007871669040011797,0.007871669040011797,0.5450228936707148,0.5450228936707148,0.8149515031355763,0.015885601322616075,1.3270016390607537,0.2698771616206523,0.2698771616206523,0.09377899176721165,0.9954609035887056
normal,0,N0373,1,2807.239,2808.939,1.699999999999818,18,-0.0033365000000000014,0.10121819558130492,0.09842297415999986,0.442732,0.232817,0.07032905555555556,0.174367473165,2.365474138401106,4.213834688903859,-0.01144744444444444,0.16434856487865418,0.16012780571537918,0.46364400000000006,0.272141,0.14537255555555553,0.46153645493800005,1.699523694739937,1.6113693641747602,15.425232666666666,151.06286464238488,147.6148695288132,426.34743000000003,213.63571,133.10084333333333,392222.6947081538,1.44725061019886,1.4276251857755007,-0.23865652845790014,-0.48669802804909595,0.055571974362082915,0.058754577692011936,0.175033,0.04446916666666667,0.5606337639103767,0.1474339736350931,0.16143346673031173,0.382741,0.12990416666666665,0.9268131343896798,152.73780138261134,80.97970731883998,208.65633699999998,133.65655666666666,1.0655049075284435,0.1123069141148487,0.12240725693193193,0.376077,0.080498,1.133000018374857,0.17047936554120952,0.18564155105220023,0.46364400000000006,0.153971,1.0716832167670998,162.16842218723258,47.541611484925916,135.085602,156.253298,1.1312932890384824,0.1206866995538448,0.13196033473472246,0.36168100000000003,0.0860956,1.2175388656149368,0.15836000403763573,0.1753726229395569,0.373988,0.14728080000000002,0.9954973611940173,101.54953373067256,103.75989705079787,252.849849,89.8482424,0.708413539855859,0.9983166254475562,0.0009077008056515177,2.6395201917191304e-05,train,0.0,0.7060345943778656,0.07726825457715404,0.021154719582845816,0.021154719582845816,1.3674415672378057,0.14415531432457684,0.01597249139080234,0.01597249139080234,1.1059120286556967,1.3674415672378057,1.0277114295939218,0.21607548865869305,1.3326719540446244,0.27414108602820875,0.27414108602820875,0.04470514671215376,0.9989684902490031
normal,0,N0377,1,2832.477,2834.177,1.7000000000002728,18,0.02889322222222222,0.042245220563021095,0.050202880867978535,0.174727,0.131102,0.03859033333333333,0.04536592645400001,2.611443760463999,3.7404272287041493,0.020740166666666667,0.06025476985976248,0.06212157219919664,0.186829,0.097289,0.05351361111111111,0.06946361518500001,1.5661065320117276,2.356172685299526,8.544029111111108,85.19493802946592,83.23428270766945,217.56771,110.12806,75.97637411111113,124703.02472148437,1.3231093777402432,1.2972055692160969,-0.10610949802697076,-0.2130208941632612,0.06494849504286712,0.050615760804977206,0.137216,0.047986333333333346,1.2614474100292696,0.06660039748505009,0.06704514774811572,0.177327,0.059893166666666664,1.0912419090864443,86.88883189116956,36.3317886363272,92.895759,80.30983783333333,1.0644035656996602,0.049099389957174285,0.03440297854789127,0.102974,0.0421715,0.9536217622073554,0.059232958712471334,0.06370613441969306,0.186829,0.0482135,0.97052704468836,89.78181163236967,32.36695115385804,84.35202699999999,84.780643,1.0998430794439258,0.03253194146681074,0.036367703717721855,0.09589,0.027271999999999998,0.6318442525796304,0.055960552817140755,0.06058177018460256,0.163919,0.0472484,0.9169089494310777,62.64216021281285,68.06674025761856,169.79183899999998,54.033333799999994,0.7673775471761597,0.9933176630029659,0.002208606843477108,0.003452389546243421,train,2.6749844169779134e-13,0.7060345943874977,0.05128976075798711,-0.0010868798900085727,0.0010868798900085727,-0.07025594144002638,0.04825085449808528,0.013870717701111361,0.013870717701111361,0.9603882811030887,0.9603882811030887,0.9296751177281184,0.11582098190113321,0.916910212674423,0.0997905546150419,0.11582098190113321,0.09587911705195669,0.9952553264068791
normal,0,N0377,2,2834.177,2835.877,1.699999999999818,18,-0.022573055555555555,0.03686734870965208,0.042346582495587,0.15079399999999998,0.102753,0.032384722222222224,0.032278194882999996,2.4264768003582824,3.5258959348824286,-0.006337444444444445,0.05071192874778341,0.04968893954280861,0.17371599999999998,0.096687,0.039101222222222225,0.044441832832000004,1.9458455118910527,2.7061530979778374,8.675887166666667,85.6018065039561,83.6411833803944,219.63432,110.28386,75.99277194444444,125925.25603090975,1.3185353858330355,1.302549088767329,-0.07977742598209774,-0.1598946427605653,0.04875267173704432,0.045401937951663106,0.125488,0.03902316666666667,1.1356611213026262,0.04878080927133811,0.053333230006879076,0.15426800000000002,0.0380135,0.9546386606585497,82.71002756167631,42.57011274100812,107.785352,73.01212166666667,1.0097935685234443,0.05213471987553016,0.04765393995358621,0.12614599999999998,0.04474716666666667,1.2144436873529263,0.05264057525806495,0.057068856082513754,0.17371599999999998,0.038786499999999995,1.0301741404315212,92.32573272969731,24.513028716914818,66.28347600000001,89.57287783333334,1.1271901831992726,0.012328921493788498,0.008341474252193073,0.02097,0.0098992,0.28719404104881063,0.05193217333407105,0.040768206168532856,0.099216,0.0471416,1.0163107405816374,66.12308692305454,66.26687372269288,161.191485,56.6783976,0.8072862490104564,0.9933792282341319,0.002216608351819592,0.003492858948876548,train,0.0,0.7060345943778656,0.05145395103852566,-0.009107368542938657,0.009107368542938657,-0.588700515031503,0.048856993571174706,0.0008319459716339059,0.0008319459716339059,0.057602726757540725,0.588700515031503,0.7803743882118263,0.05924041802309385,0.7298374965752351,0.32797820594222327,0.32797820594222327,0.08000979024526333,0.9966959656593047
normal,0,N0378,1,2839.572,2841.272,1.699999999999818,18,0.009738666666666663,0.06489455729194589,0.06381366534946362,0.222978,0.114037,0.05576277777777778,0.073299309936,1.7870310281582742,1.9231285303285528,-0.010453111111111111,0.08675846926814484,0.08495958496707584,0.28152699999999997,0.142815,0.07593577777777777,0.12992635940000002,1.6809757257564841,1.715915042915784,12.468246777777777,112.26057934181753,109.80782952745139,315.50459,160.7783,98.33089333333334,217039.66965953688,1.4641788358070247,1.4679672107258888,-0.1421352264098464,-0.2862083145929572,0.062222840033490386,0.06500764303192869,0.148058,0.0563595,0.9479545419327935,0.07955885910862892,0.08348976171882794,0.21913,0.069713,0.9424316852995503,110.78195291008876,60.28497440807527,153.50152500000002,96.14611783333334,1.0446261226504128,0.05818285681366978,0.06352370090184188,0.137942,0.05471500000000001,0.886406074513114,0.08713042254478819,0.09492159047217165,0.240031,0.07802350000000001,1.0321222787726045,120.0801538222023,36.752505620640164,99.02467000000001,115.29796666666665,1.1323041542367394,0.07707489038980204,0.0856594209617366,0.222978,0.0659726,1.1742230405211316,0.08674428643201809,0.09451578995966758,0.232026,0.07734940000000001,1.0275482198734434,78.78921412658653,78.52050430378117,196.473149,68.10265460000001,0.7429483692757125,0.9972566444147396,0.0009979749692359602,0.0011777291209122522,train,0.0,0.7060345943778656,0.062012569540841014,0.001801095808622602,0.001801095808622602,0.11642287507726919,0.08783610494796452,-0.0028765199808886838,0.0028765199808886838,-0.19916605178858618,0.19916605178858618,0.8957466491555628,0.07864340791461683,0.9505296919667375,0.06378070817186292,0.07864340791461683,0.06254400486884941,0.9979810309444965
normal,0,N0378,2,2841.272,2842.872,1.599999999999909,17,0.0003932352941176485,0.06631840784760425,0.06433950770944799,0.219231,0.12061,0.055160058823529416,0.070372728289,1.8745869263511463,2.0572882647905004,-0.0004058823529411742,0.10049867108318047,0.09749887686230936,0.273239,0.137997,0.09021505882352941,0.16160252681999998,1.4153701503134568,1.2282795886296232,4.463231352941176,112.18186410041822,108.92387452565833,319.17242,160.7783,97.40594311764708,201694.97750858314,1.4760611546381113,1.4942339795828588,-0.204891869381914,-0.4156669881814852,0.06893908627065878,0.07533778078339358,0.219231,0.0534155,1.09704553766252,0.0879504336951596,0.09611714661755205,0.243686,0.07621683333333333,0.9293012127623052,107.00273618584527,69.88990688507916,183.109898,93.34547433333334,1.0139781848974794,0.054044360036917816,0.06011001835218486,0.148842,0.0467134,0.8600219008060949,0.0831105161757524,0.09254902059179232,0.211057,0.078437,0.8781617125746878,129.35245774790496,33.51346616266606,84.73695599999999,125.83138079999999,1.225768377468828,0.06334613587899422,0.06414851142855928,0.133072,0.059773999999999994,1.0080434692937248,0.11168139150100163,0.12156585459042354,0.26476900000000003,0.1097856,1.1800470811160368,71.86036130622811,79.93198544938834,197.475102,62.66334859999999,0.6809623876983165,0.9974741689978656,3.164614101522296e-05,0.0018001299637593852,train,0.058823529411682896,-1.4120691887659043,0.061655880969264325,0.002683626740183666,0.002683626740183666,0.17346969507710952,0.08651932249623877,0.010979554366070593,0.010979554366070593,0.7602083448114281,0.7602083448114281,0.9104570463965497,0.09493251477563366,1.09967194243099,0.08196707227894305,0.09493251477563366,0.05379177710469312,0.9985065521114405
normal,0,N0379,1,2846.469,2848.069,1.599999999999909,17,-0.004041882352941176,0.08063554758749576,0.07833232011793614,0.293096,0.179304,0.06089364705882354,0.10431119037600001,2.289016841707767,3.4115849358882477,0.004050647058823528,0.20345668402142175,0.19742353515683872,0.671262,0.343789,0.17254558823529412,0.662592887975,1.7413779959257873,1.8749742383898047,6.078096705882356,188.95916881109147,183.41805592321538,522.2130500000001,264.54905,164.652374,571917.1150570799,1.4423282847941026,1.4519676382453222,-0.4318719358463056,-0.9243910548756429,0.11370249033185977,0.12284346221540104,0.293096,0.098024,1.4130141083379566,0.19365745218942648,0.2116697698316098,0.56227,0.16641616666666667,0.9646403904225248,177.20263803769313,125.0775772129025,317.824522,153.27149616666665,0.9938414411613835,0.0419888067727579,0.0468157840017659,0.117619,0.036971,0.5218071846009392,0.2069222834824708,0.23134535934788059,0.546058,0.1826556,1.0307147495176499,220.16197275139777,47.4321748358211,116.00806,216.03575,1.2347789779610376,0.058680280440706827,0.0627121136009623,0.16594,0.047111400000000005,0.7292370105697964,0.20285208431514823,0.2246536984790146,0.5874980000000001,0.1776582,1.0104404018513231,124.8176189512177,136.99363015655965,342.68168000000003,109.5539202,0.7000399298481319,0.9991557622264756,9.733023877056993e-05,0.0006158549213783533,train,0.058823529411682896,-1.4120691887659043,0.09171535582892446,-0.013383035710988311,0.013383035710988311,-0.8650797404978672,0.19748948570703856,-6.59505501998392e-05,6.59505501998392e-05,-0.004566319992164368,0.8650797404978672,0.6582694696991451,0.22939983152795598,1.322340961497664,0.2663587926713521,0.2663587926713521,0.0719487085283032,0.9973281978534732
normal,0,N0383,1,2880.112,2881.812,1.699999999999818,18,0.006768500000000001,0.07721280258613777,0.07534200306859971,0.31779999999999997,0.199681,0.06032305555555557,0.10217551367499998,2.6503277304452375,4.678252556405891,0.0005983888888888884,0.19466548283511412,0.18918179069834742,0.564417,0.289895,0.16359305555555553,0.644215498773,1.5323620678812633,1.6049586848044375,19.23456011111111,187.34190705094423,183.07682992322313,508.76063,256.9963,164.18786799999998,603308.2617852618,1.4037620167870313,1.4293705403794774,-0.43035745861717606,-0.9206706193480124,0.09740665737001758,0.10615277862590314,0.31779999999999997,0.07050366666666667,1.2714692192268435,0.1924033824676687,0.21026641585728015,0.5179480000000001,0.168123,0.9887659918804801,178.1837089094606,115.53599508347436,288.608584,154.95310066666667,1.0023046174878132,0.06030867088570266,0.06376681858145347,0.152713,0.054017,0.7872215385891667,0.19019889472120144,0.20835171035479086,0.557457,0.16743816666666667,0.9774370719557468,203.83223085329735,50.956622209879654,131.65833,198.45343,1.1465806129387088,0.064841624635723,0.07200796192297072,0.168233,0.0579358,0.8463911202270621,0.20225603100179734,0.22592316648741448,0.49364,0.1817454,1.039399009219115,139.62742484153472,124.99267253454947,311.749137,115.589228,0.785420920369967,0.9988866702497192,0.0008835867186405482,7.614878180087225e-05,train,0.0,0.7060345943778656,0.09157766622450433,-0.01623566315590462,0.01623566315590462,-1.049473645070588,0.19698117882721894,-0.007799388128871515,0.007799388128871515,-0.540018268711693,1.049473645070588,0.6343202669411285,0.26646022764305644,1.2694995782182086,0.22557796102888122,0.26646022764305644,0.16690002854227096,0.9856229060503542
normal,0,N0383,2,2881.812,2883.412,1.599999999999909,17,0.010525235294117646,0.08807728247860612,0.08609331218372718,0.32557800000000003,0.185524,0.06641123529411765,0.126004992847,2.154917673559626,3.084478281958497,0.004030176470588237,0.19962455205342206,0.19370619170780567,0.59507,0.328212,0.16556394117647055,0.6378755080009999,1.6943805311865734,1.7914588097976727,5.658836941176471,184.083228463624,178.67659602319438,510.4416,256.9963,160.3750103529412,542730.5414294086,1.4383321919040746,1.451121646561171,-0.38460711340435805,-0.8109108019152593,0.07062250113337344,0.07466936163826947,0.208207,0.06241066666666667,0.864629863561097,0.19890649847311004,0.2178046204509139,0.5604309999999999,0.1673585,1.077138575772378,170.0988262614546,126.1988654514314,320.760045,146.401759,0.9806024732553651,0.10394618169225842,0.11425768183671502,0.322694,0.0738668,1.2726110156385126,0.19910225108822852,0.2222897443097634,0.529721,0.1825172,1.0781986351202175,215.9681592684783,42.57162563307491,107.76605,212.58497400000002,1.2450345236219234,0.06752078181271305,0.06577368573145344,0.18041500000000002,0.049282200000000005,0.8266555761882574,0.14833017725736053,0.15864326996031064,0.430516,0.1188164,0.8032525689282953,122.16463044083625,131.775027576398,329.75856,107.4916244,0.7042666982926614,0.9992282613052847,7.634253598201776e-05,0.0005902849979246979,train,0.058823529411682896,-1.4120691887659043,0.08980210848545553,-0.003708796301728351,0.003708796301728351,-0.23973667944592855,0.19042637595683126,0.003279815750974413,0.003279815750974413,0.22708966322346494,0.23973667944592855,0.7426882538114242,0.10873782841006056,1.331871867231618,0.2735405428277832,0.2735405428277832,0.1074047371001114,0.9940460502959714
normal,0,N0384,1,2887.04,2888.64,1.599999999999909,17,-0.0002628235294117643,0.07408675064597861,0.07187518602983599,0.27473800000000004,0.142208,0.05712470588235294,0.087822720236,1.9785409660152848,2.97971991900669,0.0005997647058823527,0.07802838056560688,0.07570102415190338,0.223115,0.140809,0.06559364705882353,0.09742096598,1.8600673052645822,2.1083669234748545,2.9104598235294117,102.56651941473541,99.54669542072946,288.38757,146.42598,89.07508441176472,168462.25767618715,1.4709275820873555,1.4601483115767504,-0.02592449092797525,-0.05186060208305227,0.065505893337928,0.07015012891126193,0.18321900000000002,0.052119000000000006,0.8859220233291966,0.07647472664111546,0.08365656754553107,0.193221,0.06847916666666666,1.0789633901293199,102.23155827985595,58.556325048101606,153.747339,89.58356616666669,1.0538106312387026,0.07987102075471429,0.0877693867945994,0.209286,0.067222,1.0802004629927684,0.07905335097894332,0.08770360088274598,0.223115,0.0661162,1.1153445761709433,115.54213575536608,36.26234760029947,90.210685,110.89643299999997,1.1910170701078133,0.07724394167311764,0.08630512927225126,0.22106,0.060736,1.044671030497168,0.052993404421682516,0.05525254678474106,0.126226,0.0486182,0.7476711039143723,64.99455124673825,71.70695367522983,177.596232,57.713014599999994,0.6699687477022184,0.9961874327129018,0.00027729813904809816,0.0024673817790419913,train,0.058823529411682896,-1.4120691887659043,0.05787205417539901,0.014003131854436981,0.014003131854436981,0.9051627696732162,0.07255061948871792,0.0031504046631854604,0.0031504046631854604,0.21812942808384017,0.9051627696732162,1.1129020519663158,0.2957121363406718,0.9342465874234205,0.08105969225867381,0.2957121363406718,0.13800814538786405,0.9901696783517848
normal,0,N0384,2,2888.64,2890.34,1.7000000000002728,18,-0.004700111111111111,0.0700560751238009,0.06824431235967174,0.214305,0.10778,0.061840333333333324,0.08383115105,1.579325752920788,1.5490345761689597,0.007571111111111112,0.08226752755412843,0.08030735214370684,0.265008,0.170577,0.06787433333333331,0.11608687455000001,2.124052100419887,2.127541220852621,10.167486611111112,102.21139665250111,99.85063383983483,278.024,139.17794,89.68095416666667,179462.68340790184,1.393861357187257,1.4144744767196122,-0.08120433940798784,-0.16276708000837797,0.06871565293415079,0.07458828335268214,0.17668,0.06328416666666666,0.9971955994933434,0.10012508190258823,0.10813771456434615,0.265008,0.083634,1.2371267426277166,109.83997662941417,40.806103129345885,104.34522000000001,103.33056383333333,1.1298545327658556,0.06362768531857811,0.06964873564394403,0.168017,0.058524333333333324,0.9233594544526237,0.07062471595931083,0.07698897207176277,0.200805,0.062619,0.8726257511454916,105.69608226209778,47.07259921913992,120.82793099999999,96.56674966666667,1.087228906123456,0.07496863778674387,0.08083410120920502,0.166757,0.06530559999999999,1.087938373700549,0.06523316233787843,0.07099380367116556,0.187102,0.05508500000000001,0.8060087252950197,65.18800469237182,72.87265262564736,182.334088,55.554658800000006,0.6705478719476945,0.9962048881577622,0.0008952736517660518,0.0020040195408932626,train,2.6749844169779134e-13,0.7060345943874977,0.05799469770401536,0.01024961465565638,0.01024961465565638,0.662535330398782,0.07300338097077456,0.007303971172932272,0.007303971172932272,0.5057163206080454,0.662535330398782,1.053465809642833,0.24082657121477244,0.9880776901537608,0.025038779457858543,0.24082657121477244,0.19172623844582365,0.9810276384471629
normal,0,N0385,1,2895.157,2896.757,1.599999999999909,17,-0.01557435294117647,0.053570948463160954,0.054254884458885905,0.18306,0.127482,0.04443729411764706,0.05004107229,2.3496870608323803,2.45581364407891,-0.0008088823529411766,0.0469268571580848,0.045532923902574574,0.20395,0.10575,0.03676617647058824,0.035245201705,2.3224952613688963,3.927223772165813,2.918524823529412,85.78214429191044,83.27206397267042,221.66338000000002,110.85178,75.12449647058824,117882.02285056475,1.331200101349489,1.3231509335443619,0.0874050718162929,0.1752573579351232,0.04749032364773551,0.051453090052007565,0.1417,0.037506500000000005,0.8844675271515563,0.022040174991743298,0.02328151957812605,0.060388000000000004,0.019976000000000004,0.47384569231621837,80.0953941368908,49.36906560606312,122.725857,70.41514716666667,0.985934598521003,0.03403364382195947,0.03798507783985706,0.088749,0.031724999999999996,0.6338481290304003,0.030452462350358468,0.033703713062509896,0.072922,0.0298488,0.6547029735718918,98.0951123624184,20.493612196195745,50.117256,96.36732099999999,1.207502207413047,0.07321852891311051,0.06290356689568566,0.16495100000000001,0.06184339999999999,1.3636338149601452,0.07357250339902809,0.08142105090392779,0.20395,0.066168,1.5817485034311125,61.62632132904837,68.70270481989715,173.282644,52.3874344,0.758589467379831,0.9968011056143586,5.152651348277975e-05,0.002406312190507037,train,0.058823529411682896,-1.4120691887659043,0.05130500604243962,0.0029498784164462832,0.0029498784164462832,0.19068020964065302,0.048307135311765115,-0.002774211409190541,0.002774211409190541,-0.19208235536908377,0.19208235536908377,1.0042557403074652,0.19298778179938433,0.6717579626727604,0.41090200682204997,0.41090200682204997,0.04504724775228534,0.9989526428231962
normal,0,N0390,1,2927.977,2929.577,1.6000000000003638,17,-0.005480529411764708,0.05584215730646252,0.054451359820431644,0.251294,0.161004,0.03713441176470588,0.050404159967,2.956840757162999,6.0892409974200365,0.0016278235294117649,0.1449056214576557,0.14058852619090012,0.414042,0.243801,0.12575123529411764,0.33600727284099996,1.7341457841940198,1.6333917737161432,4.452880764705881,146.77952037618698,142.46665660068044,416.13941,212.45029,127.73656276470587,345044.7201305955,1.4912281587085783,1.4724094330741688,-0.4416387239122068,-0.9485295471838096,0.07227272056938219,0.07640884688415778,0.227054,0.04757983333333334,1.3207816150114902,0.14455692229130135,0.158354082156413,0.379233,0.13010233333333332,1.0284966921399366,140.07683210576937,95.64106300738001,248.426943,121.53144100000002,1.0078252937455896,0.01675218748104259,0.01870443763656101,0.052543,0.0118998,0.3061456807198179,0.12836860500215774,0.14303827617005177,0.343403,0.1155902,0.9133197049760515,170.82110985681803,38.67528585864144,93.01937000000001,167.281886,1.2290243335129263,0.055071958091210085,0.06110320806798936,0.150533,0.0472688,1.0064382408259374,0.14717582074987726,0.16244664204685796,0.390189,0.1276058,1.0471296870806277,95.35155554558823,105.60311632059503,260.02256,83.2601662,0.6860357136308579,0.9982064189796087,6.27064666922776e-05,0.0009610463589350156,train,0.058823529411415394,-1.4120691887562722,0.07519087652987398,-0.020739516709442338,0.020739516709442338,-1.3406028438170117,0.13648628543989166,0.004102240751008457,0.004102240751008457,0.2840331717814698,1.3406028438170117,0.5891153061565279,0.34039227697510793,1.212336717069787,0.17950483953580826,0.34039227697510793,0.06250141714799844,0.9979837795378003
normal,0,N0390,2,2929.577,2931.277,1.699999999999818,18,0.0016743333333333347,0.07625027165776102,0.0741208577002602,0.339179,0.192872,0.05167000000000001,0.098890227832,2.6021285503732496,4.9746674410750105,-0.011048444444444444,0.1515491347060213,0.1476931146661136,0.44786400000000004,0.264691,0.13065333333333337,0.392638610156,1.7921688536285583,2.0383739748237693,14.280512999999997,147.25299620951648,143.81495790373108,422.27178000000004,212.46686,129.802382,372289.358103335,1.4773627381807122,1.459058636881696,-0.3316845020204643,-0.6894395982945707,0.08393493478085669,0.09116885426211446,0.271298,0.067728,1.100599015294129,0.1497535831758292,0.1635888696091516,0.44786400000000004,0.12599866666666668,1.010423287879695,151.6684374213161,74.53673974151253,195.14562899999999,135.549045,1.0837954996972703,0.09252152584579079,0.10135144380701573,0.291234,0.06392083333333333,1.213190913953175,0.15740009415446146,0.17201979579038762,0.373477,0.1492365,1.062016128598346,157.92552338450116,52.93206996242325,148.71968900000002,150.35170183333332,1.1285075157463382,0.03237535741578771,0.03561947653321143,0.087761,0.027195000000000004,0.4245227161329516,0.13432324617652744,0.14932653135996965,0.36444,0.112343,0.9063111089702914,95.14299162441039,101.13384111655836,247.22472,84.52609700000001,0.6798747841241937,0.9978859880803638,0.0009947307235606431,0.00025409783469470133,train,0.0,0.7060345943778656,0.07573493552028027,-0.0016140778200200712,0.0016140778200200712,-0.10433402793208428,0.1384947807726798,0.009198333893433802,0.009198333893433802,0.6368792348949153,0.6368792348949153,0.7944035691920904,0.04142260177624451,1.2616613632761224,0.21938456584130803,0.21938456584130803,0.05313459503087704,0.9985428205475623
normal,0,N0395,1,2968.448,2970.148,1.7000000000002728,18,0.002461666666666666,0.083467701797127,0.08115336974793126,0.260682,0.165943,0.06977811111111111,0.118545649586,2.0448072645095574,2.31813555639439,0.008519777777777777,0.1437034507320567,0.13991428900699646,0.443436,0.26126,0.12454555555555556,0.35236814882999995,1.8672860495823669,1.744383255695125,15.222340055555556,146.56695039682998,143.24857175717347,410.15189,206.16713,128.68889416666667,369362.7595884613,1.4392264262814596,1.4532442303283015,-0.2658051367158181,-0.5446891957147384,0.09070629787671858,0.09856794087210438,0.260682,0.08009016666666667,1.0965926181581789,0.1610743420308358,0.17579357100758833,0.443436,0.14565099999999997,1.1351039879539153,144.12971872399294,88.27880890151931,223.02892799999998,125.11572783333332,1.0391182377272319,0.08672435851016715,0.09498434184994213,0.213873,0.07789333333333333,1.0484530135493735,0.1345865088322996,0.14717949137385503,0.34870500000000004,0.12381333333333333,0.9484420732328193,158.12775993513074,40.94832249209914,110.941898,153.64597033333334,1.1400385756264921,0.0660633550707198,0.07156968947676104,0.187533,0.0521736,0.7986720789748849,0.12487406072039141,0.13853900726438023,0.337044,0.1049572,0.8799976615057675,102.36443187140824,96.77505021077715,239.06878,87.6302112,0.73800704666511,0.9986873747241886,0.0005064567327939846,0.0002463457208567615,train,2.6749844169779134e-13,0.7060345943874977,0.07550639055456745,0.0056469791933638075,0.0056469791933638075,0.365020866766502,0.1376510643649726,0.002263224642023859,0.002263224642023859,0.15670237622450295,0.365020866766502,0.8732147565926439,0.05316731653694274,1.1999368260675285,0.1692240815732715,0.1692240815732715,0.12322966410178655,0.9921622967150174
normal,0,N0395,2,2970.148,2971.748,1.599999999999909,17,0.0037887058823529423,0.07611249635635128,0.07393710228136281,0.36187400000000003,0.203931,0.04978517647058823,0.092933816594,2.758168682672387,6.32481821731411,0.003965941176470589,0.1348150226423555,0.13084989896397456,0.394787,0.223873,0.11629123529411765,0.291068833001,1.7109145805426753,1.6659919029797967,4.723198941176472,139.63011747594234,135.54342947200965,401.30227,205.67885,121.92168000000001,312324.3616415721,1.5174387338522644,1.4777648668681789,-0.2779121542687741,-0.5708360942136765,0.034643198293460145,0.036487652326049516,0.093721,0.02991266666666667,0.5314499811254174,0.12641006282135928,0.13809014151741608,0.328461,0.1195915,1.0300977342642252,134.19980524093586,93.27056439187629,245.222126,116.911942,1.016100989225014,0.05554027109224441,0.05866737799833908,0.151566,0.041733,0.8520251442617519,0.12567045126042956,0.1401488506831219,0.33766799999999997,0.10321640000000001,1.02407074419599,161.4410300381294,36.77237847453915,89.66793000000001,158.05518,1.2223593769658478,0.09525052194292691,0.0917633439844037,0.232322,0.0600528,1.461207122389469,0.11498467495888312,0.1229222358314394,0.288952,0.10388939999999999,0.9369938635157485,90.2442517473715,99.81453391210847,243.25851,79.7256336,0.6832891695166509,0.9977177751221176,0.00013470073584847094,0.0008005756731602237,train,0.058823529411682896,-1.4120691887659043,0.07239725469367483,0.0015398475876879786,0.0015398475876879786,0.09953578398282543,0.12617310889374028,0.004676790070234277,0.004676790070234277,0.3238141294067573,0.3238141294067573,0.8407923761467323,0.015330544703556232,1.185991385585653,0.15753420823949657,0.15753420823949657,0.07242320298307867,0.9972928411198277
normal,0,N0396,1,2975.689,2977.289,1.6000000000003638,17,0.027446588235294122,0.05396909576097558,0.05911552560776528,0.182333,0.127736,0.05078317647058823,0.05940897125399999,2.16078599803942,2.012598243781978,0.017970941176470592,0.07084444161283102,0.07103983508608971,0.283797,0.197252,0.05294764705882353,0.085793188874,2.7766393286380793,4.255810828957571,2.7886983529411773,85.30921654210108,82.8090663859077,220.75453,110.81053,74.80456752941177,116574.80508699633,1.3381449017140175,1.303708480572334,-0.09161596890565722,-0.18374718670380608,0.03290257962531205,0.03250423419597309,0.085546,0.02798566666666667,0.5803761115287154,0.06531569742667787,0.07137230434746147,0.201293,0.05416633333333334,0.8969194943308985,80.846430416732,46.947965264643116,116.97651400000001,70.8962375,0.9976843631194011,0.063000742997206,0.049953218898285225,0.122853,0.060869400000000004,1.1112844846976517,0.0552950025155981,0.061008702854592804,0.155449,0.045626400000000004,0.7593146463909473,96.96772620219107,21.264109751057543,52.868609,95.084226,1.1966290120725906,0.07082719483785871,0.05813546379190587,0.158355,0.06033820000000001,1.249337054984584,0.09377073919619063,0.08758605822446859,0.212669,0.0632514,1.2876660174576913,61.37388997025286,68.611576344984,173.034211,52.718454599999994,0.7573837213530132,0.9965403727607262,3.244227439651819e-05,0.002689497664185688,train,0.058823529411415394,-1.4120691887562722,0.05111817984932927,0.007997345758436004,0.007997345758436004,0.5169486163516046,0.04761743154154621,0.023422403544543502,0.023422403544543502,1.6217330901085756,1.6217330901085756,1.1003439909570072,0.2843639215137134,1.0539273358545853,0.039478677537126104,0.2843639215137134,0.06856911989456553,0.9975733036370993
normal,0,N0400,1,3017.208,3018.908,1.699999999999818,18,0.0048975000000000025,0.09151767530357505,0.0890739338018954,0.365428,0.189483,0.07253383333333334,0.14281498229300002,2.127255325013702,2.832500430421388,0.00785761111111111,0.2026407796187306,0.19708813757907626,0.615108,0.346659,0.17313372222222226,0.699187211539,1.7589034239105967,1.6701284885691754,18.813665999999998,184.93075111485473,180.70243780942528,505.60027,253.1729,162.11673166666665,587760.6785448458,1.401048613782424,1.429663702645169,-0.3774581420086331,-0.7941842858042818,0.08575359164101136,0.09375439819016491,0.26746,0.065794,1.0813473695171614,0.21174007853812968,0.23167252867010363,0.582388,0.197719,1.0609191639643645,183.2447549822389,104.3751987135043,260.512142,159.3781313333333,1.0436943633234088,0.07760499992268541,0.08362386446942045,0.215348,0.06441266666666667,0.9785941430777565,0.1962199897644648,0.21484945704880584,0.530243,0.16212516666666668,0.9831560889712466,199.9523802557401,56.90487715462683,156.125798,193.08672533333333,1.1388548186617518,0.07301217439578142,0.074120496940455,0.18192399999999997,0.0669772,0.9206789035276767,0.1882242511920289,0.2091334785389465,0.530084,0.1617844,0.9430936107663056,128.59512730201538,126.49782250946764,315.43985,110.176932,0.7324302926377261,0.9987112203493997,0.0009676328073639752,6.905713750819552e-05,train,0.0,0.7060345943778656,0.090619564816949,-0.001545631015053589,0.001545631015053589,-0.09990962486263004,0.19344416861445585,0.0036439689646204088,0.0036439689646204088,0.2523031010893097,0.2523031010893097,0.759786250618812,0.08597706290112113,1.3399330112607202,0.2795747922254709,0.2795747922254709,0.07252165347859002,0.9972854760137942
normal,0,N0401,1,3023.917,3025.517,1.599999999999909,17,-0.0004136470588235292,0.08009727357870958,0.07770687020955551,0.275465,0.154015,0.06722294117647058,0.10265208052199999,1.9819997843776367,2.253356487704636,0.0008258235294117629,0.13858411753977948,0.13444887851674986,0.396933,0.264051,0.12024441176470588,0.30730051588499996,1.9639509299968172,1.8550131377334642,4.668376529411766,139.12483330369247,135.05162442968194,401.60351,204.87716,121.53161288235296,310062.00143862964,1.517028476074899,1.4772120141468672,-0.267454493444473,-0.548240368258172,0.10250773917856154,0.11211043682681823,0.275465,0.09527683333333332,1.2869372311575331,0.13594714978377934,0.1485158813864699,0.316586,0.11991033333333334,1.0214852271712647,131.7760716586594,92.0869911955486,244.785216,114.78300250000001,1.0038011107527158,0.07784416444923795,0.08638452096701121,0.202451,0.0701752,0.9772974632048632,0.15353009130916323,0.17139932654622655,0.396933,0.13706420000000002,1.1536006488403612,161.38123244947542,35.733626134567984,89.49842,158.18466600000002,1.2293177232285517,0.040414567071787366,0.04432606834019909,0.107583,0.0372984,0.5073861882291325,0.10454691842039153,0.1113352222874684,0.259025,0.0969532,0.7855488907458613,90.91711486287842,100.21252173443877,244.82765999999998,80.23012680000001,0.6925589732420322,0.9976363504534653,8.947722028677825e-05,0.001065665462774297,train,0.058823529411682896,-1.4120691887659043,0.07219880427743616,0.0055080659321193465,0.0055080659321193465,0.35604151031971293,0.12544049213373126,0.009008386383018596,0.009008386383018596,0.6237275460668127,0.6237275460668127,0.8868790866618793,0.06869444840021315,1.2230493590334925,0.18830238598023347,0.18830238598023347,0.07483371238775786,0.9971096338014247
normal,0,N0402,1,3031.633,3033.333,1.7000000000002728,18,-0.03759616666666667,0.03421022754063985,0.0501875736208122,0.102577,0.092198,0.04019327777777778,0.045338265827000006,1.8370682889871084,1.4636165391790714,-0.012596333333333333,0.05122730363091657,0.05135283172761211,0.188725,0.119927,0.04374388888888889,0.047468039876000005,2.3353532018666843,2.3283428456215827,9.037522777777777,88.291444120777,86.27849851469634,223.76886000000002,112.92304,78.59343633333332,133991.62750710823,1.3088201805084165,1.314577013530774,-0.011475807121214312,-0.02295262185292418,0.04464067023653058,0.031102910145193813,0.078292,0.03495916666666667,0.9184852653421968,0.04953449936492074,0.05311888544262452,0.129052,0.04642833333333333,0.9806322528745193,90.84798040136327,36.25394959025672,91.80427900000001,84.60534750000001,1.0757633590529476,0.060003957063958155,0.04225897163759036,0.100715,0.049779666666666667,1.2345860878309851,0.05862455507578146,0.05838064430414131,0.156823,0.04489750000000001,1.1605876763628393,92.16343964232256,35.96515967238122,91.21264400000001,86.117298,1.091340181404965,0.03632587928185634,0.030024574551523624,0.07349,0.0286136,0.7474077941527228,0.04008299458872802,0.041383161379962265,0.10086300000000001,0.0350936,0.7935212385196257,64.42869492082471,70.82236464059508,178.904081,55.4845882,0.7629231707872275,0.9928870593659312,0.002218494490759071,0.0038688750943178213,train,2.6749844169779134e-13,0.7060345943874977,0.05251814567076777,-0.0023305720499555704,0.0023305720499555704,-0.1506482316662868,0.052785666729282546,-0.001432835001670435,0.001432835001670435,-0.09920740757692618,0.1506482316662868,0.8965993716757737,0.07959492349769726,0.7312206218863145,0.32608488533194707,0.32608488533194707,0.12195426693110463,0.9923236938205326
normal,0,N0405,1,3057.305,3059.005,1.7000000000002728,18,-0.00022266666666666886,0.10129026884913186,0.09843669935208786,0.376417,0.211076,0.07860811111111111,0.174416108028,2.1442815676399762,2.822127091358642,-0.002995500000000001,0.21277233945346374,0.2067992421253306,0.6761900000000001,0.364533,0.17402794444444447,0.769786677785,1.7627385683506274,1.9661992336106204,18.613194888888888,183.56033023612235,179.35700442447717,502.22164999999995,251.94374,161.342708,579040.8306501947,1.4047053295099345,1.4153459358494451,-0.35501239548785074,-0.7423347824303239,0.05989627850153408,0.06560776647216904,0.190463,0.049593,0.6320639688776747,0.2139518598653289,0.23420375519228268,0.627291,0.17907683333333335,1.0068188414237351,182.9708422394815,97.2985430606645,246.467623,159.96611216666668,1.0495687080682068,0.11989740377714608,0.13093688081018273,0.371865,0.09624983333333333,1.265234348200299,0.20154381321481113,0.22077622533363203,0.532922,0.18410650000000003,0.9484288131207822,197.8130644599195,59.96786831368817,165.424012,190.087403,1.1347075848974293,0.09474464455471877,0.09555391853451119,0.259308,0.0784782,0.9998062912310375,0.22329572477725587,0.24953994411256086,0.656719,0.18149379999999998,1.0507893834464488,127.27407276288496,129.27236124599395,320.95376999999996,110.81060459999999,0.7300774401283023,0.9982074615797024,0.001346773681750284,4.835036697410991e-05,train,2.6749844169779134e-13,0.7060345943874977,0.09007666307279316,0.0083600362792947,0.0083600362792947,0.5403929400791325,0.1914399454722462,0.015359296653084414,0.015359296653084414,1.0634553185684317,1.0634553185684317,0.8459476928543532,0.021443321479496673,1.4165020706897304,0.33514567323139494,0.33514567323139494,0.03995495154985941,0.9991760525660115
normal,0,N0405,2,3059.005,3060.705,1.699999999999818,18,-0.023551666666666665,0.07375009235727019,0.0754426022203488,0.24126799999999998,0.147498,0.059707666666666666,0.102448552136,1.9551022321472362,2.0081703441799523,-0.001653833333333338,0.2158514217084493,0.20977639540909587,0.664858,0.332516,0.18353227777777778,0.7921104492750001,1.5850973096927479,1.7115697128213712,19.19331372222222,185.10116932135955,180.90704001407929,505.65034,254.81704,162.34813705555555,589092.4282798022,1.4085523702127267,1.4190142108911292,-0.470984732099795,-1.0226700480204463,0.07336770575100919,0.07002566558460309,0.212079,0.05753383333333333,1.0102814268839886,0.2210307788212613,0.2419477435006714,0.664858,0.19071166666666664,1.0243546846981533,176.5812500868245,110.62360226233977,276.482971,153.75105283333332,1.0056267519085729,0.06695264753291438,0.06967206623795986,0.185978,0.051763333333333335,0.9219453653460206,0.1943107555197773,0.21283021669772365,0.534194,0.17707499999999998,0.9005222429446336,201.01136455761034,50.55250481238561,134.34245,195.642375,1.144755774111843,0.07805388228909564,0.08699615450869078,0.23133399999999998,0.0611692,1.0748105963743828,0.23316836967178886,0.26066836783161856,0.5819799999999999,0.21445140000000001,1.0806056652855291,137.58027840080243,125.87240956623106,311.920559,114.217772,0.7835169839767681,0.9987656402993331,0.001013376231897265,8.590783006989496e-05,train,0.0,0.7060345943778656,0.09070212475266004,-0.015259522532311234,0.015259522532311234,-0.9863758923944702,0.19374895403014591,0.016027441378949958,0.016027441378949958,1.1097166857614713,1.1097166857614713,0.6427853962226295,0.25320329283872617,1.4245830200591048,0.34083432450608164,0.34083432450608164,0.14863702256217823,0.9885971796252018
normal,0,N0406,1,3064.829,3066.429,1.599999999999909,17,-0.00924441176470588,0.07847061743899658,0.07668691519303361,0.2714,0.142539,0.0632135882352941,0.099975010351,1.8587134407637318,2.3178311952667374,-0.005958235294117645,0.13053406480615004,0.12677673354226737,0.37389700000000003,0.240367,0.11376117647058824,0.27322978285000005,1.8959866947499608,1.9715515325749726,3.929608705882352,135.68663179781458,131.6940089298036,388.00721,196.62001,118.2554114117647,294836.3037960543,1.493006489800183,1.4838142233939737,-0.24618558971265014,-0.5026964391500952,0.10122841459458572,0.11044129727778464,0.2714,0.089706,1.3443013910674646,0.12612892158092318,0.13794422698576408,0.33038,0.11774250000000001,0.9983081894375816,127.75796493655938,92.85802385647536,241.739778,110.62541900000001,0.9988038149074495,0.06639010283167213,0.07366801688996386,0.195583,0.051948400000000006,0.8816527251480079,0.1313698109757337,0.14641335611446107,0.363441,0.10390859999999999,1.039789736549828,158.7545347865444,33.79256168425783,87.06666000000001,155.850738,1.2411330679648522,0.03795939006095857,0.038991876318022964,0.082958,0.0360962,0.5040962171282332,0.12137409659066468,0.13560169911103623,0.289906,0.11488240000000001,0.9606738335133376,86.98489900866545,95.11246723165968,234.98311,77.104076,0.6800425242554278,0.9982019180770406,0.00016330132742154878,0.0010699961224238039,train,0.058823529411682896,-1.4120691887659043,0.07084395807584667,0.0058429571171869366,0.0058429571171869366,0.37768888433332526,0.12043882444599387,0.006337909096273506,0.006337909096273506,0.43882759017365286,0.43882759017365286,0.8975529091975513,0.08065786293903714,1.1826606640840451,0.15472187141074342,0.15472187141074342,0.09236883519167267,0.9955963862117806
normal,0,N0407,1,3071.544,3073.244,1.7000000000002728,18,0.011327722222222222,0.04567851883454958,0.045814039359009684,0.175839,0.109176,0.033980722222222225,0.037780671642999995,2.3830249750403136,3.4373315991127598,-0.001181611111111111,0.07014085221822368,0.06817489650197905,0.218925,0.117259,0.05884683333333333,0.08366069723500001,1.7199732748636603,1.7832331297980877,8.561639055555554,85.58823242339243,83.61628760091075,218.30704,110.63744,76.32320038888889,125850.30393884797,1.3231565664342522,1.2983017857756947,-0.19616690842734608,-0.3974858302301255,0.04136486554432396,0.04444104050874597,0.125158,0.0310275,1.0605499578593547,0.06709906123908639,0.07226594494619624,0.18549,0.054404833333333326,1.0216818851553997,86.51671154626908,37.92203579944634,96.956503,79.28896966666666,1.054775662973229,0.018618113093615763,0.01272858564675065,0.034843,0.015529833333333333,0.4773480778197367,0.06486829488021607,0.0693867505527292,0.183923,0.059993666666666674,0.9877151867130639,90.69648694382164,30.936822170190776,80.809002,86.18747166666667,1.1057337413287025,0.051990682332510314,0.05739935107037361,0.13067600000000001,0.044626599999999995,1.332984290683594,0.06490553671298005,0.06966887042862115,0.162284,0.054237200000000006,0.9882822483857953,63.416730625865966,68.09256476592218,169.776699,54.7666378,0.7731503300806746,0.9933684101565408,0.002169672958622785,0.003474927554331737,train,2.6749844169779134e-13,0.7060345943874977,0.05144390523302165,-0.005629865874011965,0.005629865874011965,-0.3639146614044576,0.04881990760471759,0.019354988897261463,0.019354988897261463,1.3401112270002415,1.3401112270002415,0.8445250030239327,0.01976013526800114,1.001659739558373,0.011386465178172711,0.01976013526800114,0.07457287404747942,0.9971297478484096
normal,0,N0410,1,3097.337,3099.037,1.699999999999818,18,-0.02082016666666667,0.08758934968311938,0.08763080037704907,0.295956,0.169086,0.07799194444444443,0.138224829145,1.9295270529593889,2.501572412300552,-0.03373244444444444,0.20012684583804585,0.19739197126726757,0.603631,0.317232,0.18056155555555556,0.7013446257740001,1.6071170370474175,1.6501080027663064,17.433678,164.61079743989842,160.9200880163688,461.68071,233.85456,144.2707751111111,466114.94508952583,1.4532341044718562,1.4431385787148823,-0.385096146025854,-0.8120589151385561,0.0794470975345649,0.08182905009510172,0.200987,0.07624399999999999,0.9104547489084762,0.20355066485234907,0.21876151406078417,0.5697190000000001,0.18145750000000002,1.0604348439345548,156.9721649900506,97.38946524007814,243.63854,136.35192,1.0090221959779766,0.1066689229375954,0.11661346422261883,0.295956,0.093547,1.2224137880837422,0.20417530351840632,0.21523091404388606,0.587044,0.18998716666666668,1.0636890146189708,178.36409344602168,45.85476640195233,123.57976000000001,173.38262166666667,1.1465302097600112,0.06827193591073862,0.07430819605400202,0.191836,0.0582826,0.7823886610843639,0.15977502046189826,0.17064439656109426,0.374884,0.1495224,0.832377526308031,120.58435004744466,110.71487269602885,273.029,100.9224284,0.7751201347905319,0.9984667014566443,0.0009528588876843429,0.000213994249147152,train,0.0,0.7060345943778656,0.08263710182301529,0.004993698554033782,0.004993698554033782,0.3227927910034011,0.16397541623615802,0.033416555031109546,0.033416555031109546,2.3137135754801452,2.3137135754801452,0.8393659083739585,0.013632528357532307,1.5069742637726324,0.3970590128186333,0.3970590128186333,0.1451259602484961,0.9891295255029321
normal,0,N0410,2,3099.037,3100.637,1.6000000000003638,17,0.0033234705882352962,0.07544199031716162,0.07326490019623794,0.25310900000000003,0.159413,0.060236647058823534,0.091251675213,2.175844088683897,2.583209984745409,-0.003026176470588235,0.19322237340957546,0.1874776615752018,0.585056,0.311228,0.1680611176470588,0.5975138510250001,1.6600804457717164,1.5658507826963934,5.183066999999999,163.7683940642339,158.9631998534477,462.52959999999996,233.85456,142.85547947058822,429578.08143000153,1.471123884116554,1.463826629948062,-0.43802883810983584,-0.9395780571797147,0.05286372862842726,0.05088587981519693,0.13947500000000002,0.04742383333333333,0.7059719482584942,0.1762547734989514,0.1926812138651993,0.477529,0.1557385,0.9633946269934596,152.31847471424044,110.4750952272253,286.356245,131.6508815,0.9859000917164337,0.06860487002246998,0.07023621959715658,0.172989,0.05463439999999999,0.9161879989626608,0.17479766889978823,0.19312588069753883,0.454665,0.156446,0.9554302087031962,191.83703683657075,39.37374076618108,97.32760999999999,188.57681599999998,1.241688853348935,0.09941178047696358,0.10842714852471219,0.24420799999999998,0.0854192,1.3276007985828617,0.1981797846956142,0.21961473243910573,0.5615209999999999,0.1782872,1.0832350010401917,108.34736498338052,117.71915703745883,290.52118,95.48403040000001,0.7012916671779281,0.9987555533885756,4.3001325997728646e-05,0.000735521750589731,train,0.058823529411415394,-1.4120691887562722,0.08184746927141279,-0.00858256907517485,0.00858256907517485,-0.5547774651950765,0.16106034025638816,0.026417321318813636,0.026417321318813636,1.8290968325806707,1.8290968325806707,0.7104019993693095,0.15318320133614444,1.4489037761493444,0.35776242516789514,0.35776242516789514,0.09548845400837191,0.9952939123360424
normal,0,N0411,1,3104.729,3106.329,1.6000000000003638,17,-0.006624235294117644,0.09985614714398497,0.09710090880534296,0.36417900000000003,0.206647,0.07382188235294118,0.160285970344,2.128167517095672,2.9643818045891135,-0.004849941176470588,0.17003343565953086,0.16502794427807388,0.537237,0.323403,0.1469645294117647,0.462981780675,1.9596862907960753,2.110636328311429,5.103160647058823,164.55704264424904,159.7253235598656,465.78783,237.25334,143.18534558823532,433707.04276716383,1.4853833738585396,1.4678467758249132,-0.25913604959334824,-0.5303640840859548,0.10772971423273463,0.11740982668073402,0.315996,0.08968899999999998,1.0899963436299518,0.15603925928378834,0.17079375456116652,0.447148,0.13456483333333333,0.9509666419288643,157.7528043415824,107.94499930875335,277.591503,136.6363335,1.0113210987618866,0.11891502526342078,0.13271589400407174,0.36417900000000003,0.08972820000000001,1.2031679807464553,0.1926502696738315,0.21537234380370196,0.478256,0.1780726,1.1740890136194564,191.02818626090126,43.36076212868923,106.15601000000001,187.04984199999998,1.2246427949740188,0.0564897081051053,0.054074634203108575,0.139702,0.0410022,0.5715560996872889,0.1407987903960826,0.14828030248552906,0.406254,0.1242402,0.858085032607686,107.27151797845465,118.84295259161513,294.21547,93.6757188,0.6876958535261373,0.998476712680619,0.00010171975602934702,0.0008354836461837555,train,0.058823529411415394,-1.4120691887562722,0.08215499716101748,0.014945911644325474,0.014945911644325474,0.9661040772805574,0.1621956368728671,0.002832307405206791,0.002832307405206791,0.1961048374752905,0.9661040772805574,0.9370317943435356,0.12370300628827756,1.269317670269323,0.22543465969491946,0.22543465969491946,0.06227876649738386,0.9979981188353864
normal,0,N0412,1,3112.717,3114.317,1.599999999999909,17,-0.020690705882352944,0.028998638741251085,0.03492220518102891,0.10803700000000001,0.074732,0.02897211764705883,0.02073252705,2.1399565008167727,2.7956087523307085,-0.006652529411764706,0.05902518610105949,0.05764797635191186,0.21432700000000002,0.131146,0.049909,0.056495916017000006,2.2749454239194753,2.4992580197535443,2.5891698823529414,84.75855098253015,82.26862601405416,218.99143,109.96558,74.17535294117648,115058.15604608526,1.3366648420895506,1.313534644588529,-0.24549774878156158,-0.5012322652875694,0.03586992442841217,0.023455539264034556,0.059774999999999995,0.028778166666666664,1.0581714024772144,0.05589460847881484,0.06118149561645798,0.146207,0.05133133333333333,0.9450167140458472,79.3364235237426,48.532153274481274,119.99370200000001,69.46977783333334,0.9862814756626518,0.024323916111514608,0.013379298722279878,0.035330999999999994,0.0216558,0.7175613786649644,0.036766105026233065,0.04110380195675334,0.106403,0.032244,0.6216088582734086,97.03441090471804,19.224722071449253,47.783981000000004,95.49871699999998,1.2062963986336088,0.03926078986215127,0.04354487537816592,0.10803700000000001,0.0326258,1.1582027487598707,0.07806319844843664,0.08298574132222956,0.197831,0.0712768,1.3198236698198027,61.131582926397364,68.2114492495398,172.389409,51.8592896,0.759965538403649,0.9967136909582467,8.346298615330442e-05,0.002413109976912281,train,0.058823529411682896,-1.4120691887659043,0.05090010437731114,-0.01597789919628223,0.01597789919628223,-1.0328117767086322,0.04681236522434981,0.010835611127562046,0.010835611127562046,0.750241924732346,1.0328117767086322,0.6542929255644304,0.23545905784033797,0.8608677435283897,0.16285922322511973,0.23545905784033797,0.04939038102578462,0.9987409498127101
normal,0,N0417,1,3154.653,3156.253,1.6000000000003638,17,-0.005387529411764708,0.06976673864843981,0.06789775972653556,0.204507,0.10753,0.05919211764705883,0.07837179819,1.583704682350153,1.636259446034976,-0.005587470588235294,0.13007840568630025,0.1263182263135451,0.378768,0.224162,0.11372111764705882,0.271257003083,1.7745815987281883,1.9309217309713183,4.52489688235294,140.06686132155107,135.96013256662036,401.4179,202.71602,122.21853264705884,314247.68000806065,1.4909960454817097,1.4800206239558706,-0.300801534301365,-0.6208012883234368,0.0713318183631961,0.07650288624010644,0.17415999999999998,0.06526433333333333,1.020350213452429,0.13324910603014692,0.14593955913973428,0.378768,0.11774183333333332,1.0622463065958774,130.7580884864073,94.83794213248055,249.08820099999997,113.44964666666665,0.9922750969169173,0.07258128603159357,0.07924484364487067,0.204507,0.06371399999999999,1.038222947267512,0.11818570926639142,0.13212156778777642,0.274374,0.11456519999999999,0.9421626673595479,163.4823626698806,34.778749558110476,89.94424999999998,160.49558800000003,1.2406075917768222,0.0653101028769669,0.06980512426605943,0.138044,0.056575,0.9342139165976452,0.12279686844378403,0.13642717097228102,0.339735,0.1028748,0.9789222896282541,91.2363289938723,99.49220224116404,245.45434,80.745635,0.6923589832391089,0.9981910333245505,8.775905464180077e-05,0.0010593082398108343,train,0.058823529411415394,-1.4120691887562722,0.07256540039259252,-0.00466764066605696,0.00466764066605696,-0.30171640151976137,0.1267938501322085,-0.0004756238186633954,0.0004756238186633954,-0.0329315001213855,0.30171640151976137,0.7697481871181241,0.07295077579264322,1.1414083683469487,0.11921808185390947,0.11921808185390947,0.09377367385581446,0.995461418369845
normal,0,N0418,1,3161.29,3162.89,1.599999999999909,17,0.004810352941176471,0.045119384408119384,0.04403575620146989,0.149829,0.078096,0.03820423529411765,0.032965513012,1.7734678982847396,1.8446389321815322,0.004786588235294119,0.06823540311035287,0.0663708910592588,0.239645,0.121718,0.055445999999999995,0.07488661806,1.8339063715646808,2.3749189320042254,2.5790155882352934,84.50852604510817,82.0258668143387,219.37468,109.93124,74.17183252941177,114380.12805294173,1.3402021126923738,1.315089339952195,-0.20229882359203877,-0.41025662784613287,0.045584656148386894,0.04991959125800879,0.110797,0.042514166666666665,1.0139745937718965,0.05855231081121678,0.06284101002370983,0.181812,0.045152000000000005,0.8985332131406334,77.87846520298122,50.68364949362344,126.42372800000001,68.14222233333334,0.9703913189830081,0.05770136244318672,0.06406017513791232,0.149829,0.0514978,1.2834958182630853,0.07319028885036594,0.07943573770854023,0.209013,0.0639528,1.1231649870052967,97.77222994976765,16.215759472465876,39.96575399999999,96.69047660000001,1.2182741780231316,0.025386048889104423,0.02760405715288968,0.058355000000000004,0.022366600000000004,0.5646814253904173,0.06416837017253905,0.0716582930218129,0.193278,0.0537146,0.9847162483309498,61.42588353407572,67.93511635992219,171.29912,52.4373592,0.7653867341500535,0.9969801914602869,5.513808437227518e-05,0.0022245132654138693,train,0.058823529411682896,-1.4120691887659043,0.05080214754465793,-0.006766391343188037,0.006766391343188037,-0.4373796942397803,0.04645073928916997,0.019920151770088823,0.019920151770088823,1.379242280754905,1.379242280754905,0.8274836837900645,0.0006248178552786685,0.9940619087762206,0.019000620684979336,0.019000620684979336,0.054085972825676544,0.9984901716353534
normal,0,N0422,1,3193.937,3195.637,1.7000000000002728,18,-0.07295950000000001,0.09398298106212385,0.11689815318448982,0.41990099999999997,0.26525,0.09415116666666666,0.245973207923,2.26906920917202,4.731905218360295,-0.04203255555555555,0.18738149976395976,0.1868900884346495,0.6194459999999999,0.339719,0.16530766666666666,0.628702292792,1.8177475480129097,2.0734337830659446,18.986175388888892,190.84333096779994,186.43565407388124,523.76432,264.03085,167.32705372222222,625648.5559792063,1.4162036296735876,1.4216620194321747,-0.2303971176661883,-0.4692176115673068,0.13579545433604664,0.1306222715690807,0.392517,0.11652666666666667,1.1647961189360134,0.16890899511669985,0.1821733545265791,0.486159,0.15113900000000002,0.916953187347694,194.9231662138669,104.11103292930082,261.240756,170.1835815,1.0723285496143244,0.1311389569197498,0.10170807329607615,0.288305,0.10029699999999998,1.1248546485469093,0.19922239459123733,0.2131312186833892,0.558638,0.18384566666666668,1.0815149873176526,205.3146683226162,62.323809213351026,170.40767400000001,197.27450933333333,1.1294951994334808,0.05870304612198586,0.035935301932779135,0.086864,0.0543296,0.503529964437553,0.1830450671299284,0.20355906590152154,0.535261,0.1475822,0.9936934241844053,127.14192888660558,130.55582794976107,326.27229,110.85959840000001,0.6994444162093764,0.9989188169762604,0.0008927790216996076,3.7126962584435205e-05,train,2.6749844169779134e-13,0.7060345943874977,0.0929330001340872,0.023965153050402616,0.023965153050402616,1.5491080521298954,0.20198464698006352,-0.015094558545414027,0.015094558545414027,-1.0451252377718467,1.5491080521298954,0.9664591193499773,0.15462479269547696,1.2315269256813137,0.195209973582492,0.195209973582492,0.036521519550245914,0.99931157605664
normal,0,N0422,2,3195.637,3197.337,1.699999999999818,18,0.013578277777777774,0.13302761706538524,0.1299907156148298,0.49500299999999997,0.312507,0.10483550000000001,0.304156550629,2.404071694827627,2.8368743144260122,-0.006116000000000001,0.20640201084092294,0.20067991782853278,0.689825,0.365705,0.17345299999999997,0.7249037295540001,1.8223298273047421,1.908882601965162,19.447269277777778,185.57792362992427,181.39480432379492,502.15453,252.84043,162.73710283333332,592273.3506420213,1.3938680930941802,1.4204656700513374,-0.21377526476235117,-0.4342481605903963,0.10314410194803515,0.10091639973165908,0.25600500000000004,0.088553,0.7869788312363368,0.18344915449382698,0.20075502392659234,0.5055270000000001,0.1574608333333333,0.9345812147823876,180.95913128503045,110.74077776851787,275.488052,157.63787216666665,1.025886871809758,0.11991115564102726,0.1282022271487512,0.277701,0.1025975,0.9149097169522816,0.20935174621475378,0.229001071140508,0.5807880000000001,0.19049649999999999,1.066541897312383,200.9952705335655,52.14444196558584,139.24839,195.27731499999996,1.1394750177676887,0.16847254730964328,0.17945878428708914,0.49500299999999997,0.12599339999999998,1.2854281134169805,0.1949958965450299,0.2093951395011355,0.526213,0.1540062,0.9934060605156245,134.21902392153095,125.26258348058809,312.909402,112.02532160000001,0.7609095689751962,0.99892018584397,0.0009189253217821029,3.744822827459685e-05,train,0.0,0.7060345943778656,0.09089894467510592,0.03909177093972388,0.03909177093972388,2.5268929853016884,0.19447555151792395,0.006204366310608833,0.006204366310608833,0.4295812822938567,2.5268929853016884,1.1045676004887717,0.2881950181563889,1.3591446620892176,0.29381074806605234,0.29381074806605234,0.1245224607536189,0.9919969841382444
normal,0,N0423,1,3200.24,3201.94,1.7000000000002728,18,0.010125055555555554,0.064669840686432,0.0636581593378082,0.21304399999999998,0.127151,0.050553611111111105,0.07294250250499999,1.9974030245716163,2.1556155339868455,-0.004952722222222221,0.0928283364450403,0.09034877821070225,0.258798,0.149788,0.08170283333333334,0.146932231035,1.6578862820997937,1.6148473454326062,11.44043,108.60064553989866,106.15910634858265,296.67274,150.42331,95.79718611111112,202855.6054931343,1.4169609671173378,1.4415074813469966,-0.17330789961532408,-0.3501499866105602,0.07751672469108414,0.08259761092529654,0.21304399999999998,0.06141183333333333,1.1870461129998342,0.09531646576536501,0.10403659759462854,0.229688,0.087606,1.04948674241717,110.87155127020283,54.09852920137303,138.972422,99.26542783333333,1.0759256801051065,0.0510163053330338,0.05469303738289424,0.14835299999999998,0.04026816666666666,0.7812340780202734,0.08433625913864097,0.09194696237813768,0.236432,0.07508483333333334,0.9285886248546183,115.23168573709715,39.70165467188825,104.40839499999998,109.38383599999999,1.1182375318641768,0.06453740338904256,0.072122153925129,0.173762,0.0557434,0.9882883228279217,0.09277903939683792,0.10173370217386174,0.23222,0.08252380000000001,1.0215482817089827,73.61338805533701,78.0194422206969,196.794529,64.6003554,0.7143630056664103,0.9970160696879166,0.0008276650608590979,0.0015857901542515188,train,2.6749844169779134e-13,0.7060345943874977,0.06054025719902554,0.0031179021387826647,0.0031179021387826647,0.20154126697138236,0.0824007890739737,0.007947989136728548,0.007947989136728548,0.5503071859531213,0.5503071859531213,0.9242759060347626,0.1099964192364273,1.0455664584547433,0.03151397516822985,0.1099964192364273,0.03946436091449459,0.9991961621768306
normal,0,N0423,2,3201.94,3203.54,1.599999999999909,17,-0.0004319999999999986,0.07151036846762153,0.06937659267149031,0.22195700000000002,0.125448,0.06295094117647058,0.081822897382,1.808217947428135,1.671579897948057,-0.0024587647058823547,0.09956720153464782,0.09662566211598729,0.303393,0.180362,0.0855894705882353,0.158720815849,1.8666055792041816,2.029935064021391,3.3439959411764706,104.45181520778864,101.38830610542371,294.41432,149.45199,90.62175617647058,174753.00645376067,1.474055497530451,1.4710222040882086,-0.16414879110659145,-0.33129483007943905,0.07215470613203272,0.07823399924500003,0.211841,0.06229933333333334,1.0812767392626597,0.08774230237652379,0.09594475363179933,0.23509200000000002,0.080497,0.9006928328640434,104.49613568240144,59.15055186479189,155.34093,91.42686033333335,1.056956460035071,0.06588519564363454,0.07096284791212934,0.145628,0.06505540000000001,0.9873247821267871,0.10424018546798543,0.11619748256825532,0.282628,0.0860812,1.0700470058847433,117.56305264989892,37.89264657339627,93.27174500000001,112.57170700000002,1.189125580082869,0.06050846623572606,0.06502003350122175,0.145901,0.0536522,0.9067516254508713,0.10130853729375426,0.11303328665795755,0.27435200000000004,0.09173579999999999,1.039953032653019,65.98030840512502,72.82487711614273,179.384372,58.72727160000001,0.6673769584730016,0.996295557946586,0.00012865213301944224,0.0024115410830029384,train,0.058823529411682896,-1.4120691887659043,0.05861517060461939,0.010761422066870918,0.010761422066870918,0.6956185733968432,0.07529397251867652,0.02133168959731077,0.02133168959731077,1.4769751030074307,1.4769751030074307,1.054702336222714,0.24199965290097994,1.170822954176596,0.14466205230111706,0.24199965290097994,0.141465009125755,0.989671045777048
normal,0,N0424,1,3208.457,3210.157,1.7000000000002728,18,0.002262500000000001,0.06352351824995953,0.06177520880714745,0.19881900000000002,0.099665,0.0535365,0.06869117561700001,1.6133494637167243,1.82561319484603,-0.007245944444444447,0.06862686617325199,0.06708579156117105,0.232628,0.129747,0.059877944444444435,0.08100906172899999,1.9340458982539155,1.8133716921452177,10.73700377777778,98.88421025407796,96.69613865120873,266.05240000000003,135.8787,87.25340277777778,168302.5781409681,1.405213299055572,1.4108996037825736,-0.041211714473761235,-0.08247013935526347,0.07552973369806093,0.08236563886819957,0.187942,0.06582249999999999,1.2177662030710517,0.06003422595625488,0.06542355337261957,0.144322,0.05683883333333334,0.8725135095802006,98.06252401555281,50.574644455344284,131.905337,86.51452516666667,1.0445140538451236,0.05307724641658294,0.05773154940382829,0.14174599999999998,0.05071716666666667,0.8557646594727525,0.08558002104073902,0.09162906497540323,0.232628,0.07845666666666666,1.2437859124328874,105.28073827724867,33.08944372404972,86.32315399999999,100.85438900000001,1.1213989424985185,0.0534139798985247,0.055598114172155155,0.14389200000000002,0.0414046,0.8611938147692664,0.054615731717152706,0.061034742462797366,0.137693,0.0486174,0.793763274195404,71.60698599474449,73.35456207678318,185.476084,62.093813,0.7627225994421588,0.9963771438892486,0.001248669523413534,0.0017798280634487844,train,2.6749844169779134e-13,0.7060345943874977,0.05672181347281103,0.005053395334336422,0.005053395334336422,0.3266515922745032,0.06830429119809335,-0.0012184996369223045,0.0012184996369223045,-0.0843671392529902,0.3266515922745032,0.9847135165840877,0.17333654532257636,0.8523304995392907,0.1728257460039939,0.17333654532257636,0.039306815030177626,0.9992025673766098
normal,0,N0427,1,3235.035,3236.735,1.7000000000002728,18,0.017294277777777776,0.08652917107291251,0.08585119988192749,0.356391,0.232575,0.06221838888888889,0.132667713381,2.7090477514567537,4.195338847082077,0.010484055555555559,0.18555566589522474,0.1806322022870107,0.5763940000000001,0.304466,0.15520616666666667,0.587303865055,1.6855577031399247,1.7045874888070898,18.06697127777778,183.5168895797773,179.2591400208635,504.29219,253.19925,161.69112194444446,578409.1070583519,1.4124760944994539,1.4288678353026214,-0.3556731925264177,-0.7438473685801198,0.06364960869086314,0.06354128796118841,0.18683,0.047848499999999995,0.7241358189655908,0.18690412988169453,0.20273310908523715,0.49904400000000004,0.1704011666666667,1.006148561365514,187.94050217352984,91.22885600122122,233.955411,168.48158816666668,1.0769702647296093,0.06346179384217457,0.06265144152105892,0.17838199999999999,0.047315666666666666,0.7219990664848402,0.1889453185218764,0.206833071410417,0.512089,0.15659,1.0171367563031783,196.4819848130848,68.49425666960592,183.239958,186.26759700000002,1.1259161955594168,0.12873925106198186,0.1435445510487946,0.356391,0.10250440000000001,1.4646547703625925,0.18045868340481708,0.20159249749879088,0.499941,0.1611518,0.9714512183791735,121.77361603239994,129.67180106182312,323.73468,107.1125628,0.6978089447393564,0.9978587247594043,0.0014134410870664952,1.6717113487626546e-05,train,2.6749844169779134e-13,0.7060345943874977,0.09003717337675393,-0.004185973494826439,0.004185973494826439,-0.2705814243372437,0.19129416188703463,-0.010661959600023918,0.010661959600023918,-0.7382185460120183,0.7382185460120183,0.7381929102294323,0.11480902102037857,1.2379425228646912,0.20040591688203363,0.20040591688203363,0.0596161874310293,0.9981656310689987
normal,0,N0428,1,3240.184,3241.884,1.699999999999818,18,-0.00045738888888889064,0.07972870146362077,0.07748372048121535,0.296423,0.157421,0.06132472222222222,0.108067084913,2.031665477887889,2.6545620401355343,0.004743000000000001,0.12223158957294718,0.11888240553028301,0.375737,0.226574,0.10122288888888889,0.25439447420399997,1.9058665492959312,1.9108644506909267,13.646173444444445,132.57841797110504,129.56370213430043,368.77339,184.83534,116.63727666666666,302161.55239342304,1.4265981671966061,1.4488131055887012,-0.2108239638359658,-0.42806695971834463,0.09934625187611927,0.10871639194666093,0.296423,0.0851705,1.2568605483928874,0.1331552078797521,0.14460207372291264,0.3631,0.11711450000000001,1.093002223078629,133.3448268796972,69.91247875806083,174.900072,117.07994683333334,1.0613713383803318,0.07307372228099511,0.08001119179381512,0.235932,0.053797333333333336,0.9244785477536298,0.11747349087631077,0.12842671945666134,0.330959,0.09955099999999999,0.9642791200218563,142.2126230544171,44.038651112798014,121.650117,136.4121005,1.1319554391264215,0.05469246297800091,0.060177879783189434,0.15006799999999998,0.0453958,0.691931479178549,0.11235785825210447,0.12319157082487421,0.304109,0.0952582,0.9222875380195928,89.77383592790905,92.17136973228463,228.57596800000002,78.9161292,0.7145637263926643,0.998124591762172,0.000845401877230933,0.0006676073933608189,train,0.0,0.7060345943778656,0.06998434860888647,0.0074993718723288805,0.0074993718723288805,0.48475957273913317,0.1172654156192769,0.0016169899110061031,0.0016169899110061031,0.11195802514730287,0.48475957273913317,0.9217898587321359,0.10730307119551509,1.1272515677882093,0.10673760023488353,0.10730307119551509,0.033635171409144675,0.9994160904486585
normal,0,N0428,2,3241.884,3243.484,1.599999999999909,17,-0.006923176470588238,0.0735415281382187,0.07168087697484142,0.269856,0.136674,0.05914011764705882,0.08734851810599999,1.9067010026672788,2.880202528260677,0.003196235294117647,0.12662422614449093,0.12288511731742639,0.39698999999999995,0.232114,0.11027494117647058,0.256712784988,1.8888699060311984,1.8284621783975388,3.8561832941176446,126.55397675090212,122.83593482811538,358.59613,183.93805,109.84002776470588,256507.3370466492,1.4974286657840392,1.4815241747121628,-0.2631715810801204,-0.5390259101883694,0.055842519273698,0.059343667606297015,0.159582,0.043875500000000005,0.8524039783165918,0.11364667435741355,0.12275378551135058,0.274238,0.10457883333333334,0.9677543130820752,125.99002580704948,76.23070253364503,197.476412,109.540815,1.0473345270330263,0.07247576806491947,0.07994041585643648,0.178825,0.0658118,1.1063009662457308,0.14009582745606666,0.1540513093297165,0.39698999999999995,0.1181714,1.1929811587712906,144.3713243192639,40.533378848017605,97.62192800000001,139.74518040000004,1.20013526233112,0.06884000187972106,0.05679527850358689,0.15523399999999998,0.05527920000000001,1.0508030839725044,0.09489155038358262,0.10249240500495635,0.220208,0.0932882,0.8080457054990509,80.1015026924343,89.39653245124026,220.73438,70.658286,0.665870721905363,0.9973913481820338,0.00015924366412132794,0.0016127019431531671,train,0.058823529411682896,-1.4120691887659043,0.06726959762554935,0.0044112793492920715,0.0044112793492920715,0.28514520002482746,0.1072434055507681,0.015641711766658295,0.015641711766658295,1.0830093294947027,1.0830093294947027,0.899461717371506,0.0827822851486605,1.2290242889259084,0.193175764659272,0.193175764659272,0.09973150607709234,0.9948663879719147
normal,0,N0429,1,3249.156,3250.856,1.7000000000002728,18,-0.017091944444444444,0.05901439319100565,0.059844380795805154,0.198114,0.126771,0.051805611111111115,0.06446429843099999,2.118344250775273,1.9999940235794327,-0.002729666666666668,0.06243300756622818,0.06073534885788415,0.233593,0.121633,0.047183444444444445,0.066398086816,2.002672287017096,3.057054426035261,8.145319999999998,86.51757679885539,84.47359248760739,220.22608000000002,110.84892,77.026204,128444.18089972247,1.3122316304502142,1.291412290940972,-0.007389036819293816,-0.014778342597699634,0.05224818900689286,0.05486868915298293,0.159297,0.04496583333333334,0.9181000709022764,0.0776239825258062,0.08449723376004685,0.233593,0.0665225,1.2432444603501034,88.8037738102067,35.91381643500093,91.28583900000001,82.53044933333332,1.0710759129584102,0.051959207644074024,0.05575550619146657,0.140735,0.048618666666666664,0.9130221186375881,0.05101094773020134,0.05546608437594996,0.156152,0.04171933333333333,0.8170036645787626,90.93341034978964,34.09050562659701,88.560474,85.44247366666667,1.09676178533787,0.06705080951934883,0.0529829076938969,0.145185,0.05480039999999999,1.1782102718555076,0.05386286305424174,0.05911041939709107,0.154916,0.037721199999999996,0.8626806295144647,63.137112586789854,69.45109842817564,173.828024,54.202204800000004,0.761506382037127,0.9933578432522443,0.0018334882017418824,0.003844360596095913,train,2.6749844169779134e-13,0.7060345943874977,0.05178984009941333,0.008054540696391825,0.008054540696391825,0.5206456984750565,0.05009699074615691,0.010638358111727239,0.010638358111727239,0.7365844133546318,0.7365844133546318,1.091961238836395,0.2767164526656459,0.8832978612704624,0.137137635419466,0.2767164526656459,0.1178571288645129,0.9928308114455742
normal,0,N0438,1,3321.549,3323.149,1.599999999999909,17,-0.0010765294117647053,0.07757723145607676,0.07526866819873834,0.28496699999999997,0.158497,0.06409288235294118,0.09631133101099999,2.1057500257810693,2.498955958183108,0.004120705882352942,0.12168958042636842,0.11812812770537114,0.348784,0.213123,0.10431847058823529,0.237222327438,1.8041681023808318,1.8333733482744774,3.993062294117647,137.22986197968407,133.19239017161036,391.38012000000003,199.66223,118.98419511764705,301583.61759365024,1.4990513327581798,1.4918637679348052,-0.22161411364675285,-0.45070590815071854,0.07810721147350395,0.08540334200115747,0.242199,0.060796833333333335,1.0158890097085338,0.11938574864139634,0.1306728550475066,0.33948500000000004,0.10157366666666666,1.0027100313896753,132.08710756512693,88.64185895507597,230.405475,114.64692466666668,1.017742815493136,0.05908657719482489,0.06592319191073806,0.155471,0.0545922,0.7685001584505382,0.12314041116221758,0.1370379386575119,0.327723,0.11064439999999998,1.0342450999967239,159.26077570315334,38.55589015806755,95.55854000000001,155.482312,1.227118325547629,0.09002414271627363,0.10001709753687117,0.232367,0.08205100000000001,1.1708846784898823,0.11443840365891163,0.1265654449089482,0.322978,0.10174800000000002,0.9611577313946097,87.17994651709937,97.06321111907472,240.43683,75.6659138,0.6717291782553879,0.9977495298538057,0.00013114861212401528,0.0015185584044591265,train,0.058823529411682896,-1.4120691887659043,0.07144857648259051,0.003820091716147833,0.003820091716147833,0.24693081762980376,0.1226708861699549,-0.004542758464583768,0.004542758464583768,-0.31453397634345814,0.31453397634345814,0.8710430667587646,0.050677213380226155,1.0895835072094417,0.07275069085226211,0.07275069085226211,0.06075209322663419,0.9980950622805566
normal,0,N0438,2,3323.149,3324.849,1.7000000000002728,18,-0.00039372222222222125,0.07503923722160728,0.07292609325619405,0.249601,0.157486,0.06405761111111112,0.09572787139700001,2.1595288183989445,2.2896854463908274,-0.011403,0.1233678208987016,0.12043302387818902,0.33508099999999996,0.20479,0.11038544444444445,0.261074038328,1.7004472146039706,1.8781287431820204,13.49423577777778,136.45797597441475,133.2981090358603,387.07308,194.50774,120.203715,319830.9457056499,1.4591935430057217,1.4613598470993372,-0.24569273652988563,-0.5016472728068043,0.08813177027232197,0.0962237582450405,0.230244,0.077331,1.201009254255112,0.12553766287121434,0.13705598082158496,0.328711,0.11588483333333333,1.0476497846980646,141.92562738061753,67.9774747412369,175.364991,127.64052183333335,1.0951500970957944,0.07600568177993888,0.08322042119195665,0.205573,0.07035216666666667,1.035761870113525,0.12625573988272112,0.1379292166178,0.310705,0.11979433333333334,1.0536423546511429,145.2631030401369,51.211078552576645,141.223323,137.53505116666668,1.1209032810699289,0.045338138521558206,0.04977572797759969,0.11299899999999999,0.0404482,0.6178421670963785,0.1038238833140044,0.11568468888232357,0.29759199999999997,0.0885144,0.8664417236444728,87.23045977766371,93.95158707161434,231.562765,77.4715524,0.6731021610284993,0.998165668334504,0.000731946512840831,0.0004957372196323462,train,2.6749844169779134e-13,0.7060345943874977,0.07149123556659538,0.0014348576895986676,0.0014348576895986676,0.09274923452159775,0.1228283701425308,-0.0023953462643417772,0.0023953462643417772,-0.1658502848251043,0.1658502848251043,0.8432644054634212,0.01826634962320634,1.1099622665451456,0.09128119175186226,0.09128119175186226,0.06697511997140922,0.99768481718958
normal,0,N0440,1,3336.749,3338.349,1.6000000000003638,17,-0.005245529411764709,0.07600649182234176,0.07392347140833433,0.28900899999999996,0.174887,0.05657211764705883,0.09289955362599998,2.3657844615273675,3.7055011188503375,-0.011017411764705883,0.22549897897608617,0.21904339476889584,0.685249,0.356537,0.1915710588235294,0.8156601494619999,1.6277003028380213,1.7743749851411195,5.390616588235296,183.27173814119138,177.8814011246419,509.29648,257.25344,159.5912731764706,537910.4787231178,1.446207632577292,1.4604590070578498,-0.4953458568665439,-1.0862394718845574,0.1050226418381611,0.1141116356690529,0.28900899999999996,0.09513633333333331,1.4033057047588147,0.21099741445848727,0.23095824299968162,0.645331,0.17369916666666665,0.9401098690687999,171.64200442433656,123.16742713852982,312.96567,148.25933866666665,0.9920952372232597,0.06621467754659838,0.06986963565669997,0.160274,0.054495400000000006,0.8847562117423676,0.22178830820311515,0.24761842253414829,0.628471,0.1988004,0.9881892530339211,214.64397744575476,45.54110821699139,113.12331,210.743548,1.2406477565720908,0.01740498848606341,0.01385201061940107,0.029973,0.012224200000000001,0.23256432333317442,0.2420317515529729,0.27056429951436684,0.602223,0.224411,1.0783849595831154,119.82580651919793,131.05244108260507,327.82201,105.37849840000001,0.6925962694436856,0.9990635153349829,6.545777875423918e-05,0.0007532342510929197,train,0.058823529411415394,-1.4120691887562722,0.08948123589362178,-0.01555776448528745,0.01555776448528745,-1.0056542591909068,0.18924181488076774,0.029801579888128094,0.029801579888128094,2.0634179643510837,2.0634179643510837,0.6405552873934163,0.2566787707105972,1.5128164306523464,0.40092827049874963,0.40092827049874963,0.08189042416075985,0.996538817254588
normal,0,N0444,1,3371.445,3373.045,1.599999999999909,17,-0.010109470588235293,0.0971871892979713,0.09482585274906963,0.359966,0.195323,0.07696911764705881,0.15286301994300003,2.0598074716698647,2.819477314581141,-0.004891235294117648,0.2174288933641667,0.2109937118966847,0.677677,0.360541,0.1849755882352941,0.756811889819,1.708776042465866,1.8499470300167085,5.529283882352938,180.11120287167466,174.82099535077094,499.00478,252.87464,156.8669682352941,519560.4670623828,1.4464775211502354,1.4569650652177866,-0.37985751265390133,-0.7997862511823358,0.09771730892306986,0.099552933146978,0.278813,0.0779595,1.0010159557843996,0.20828496320426015,0.22773223139965643,0.5695600000000001,0.18402666666666667,0.9704570338149707,170.5813820221431,119.41498804589203,302.330765,147.69027233333335,1.0015874817747108,0.08419717654648522,0.08657664604383794,0.230823,0.0647428,0.8625157414167146,0.20208643687838132,0.22481307844673984,0.535851,0.1810474,0.9415763917383883,210.05812625199727,46.67912700851442,114.22338000000002,205.86710200000002,1.233379558806373,0.10929861979640915,0.11803067726358263,0.300963,0.0994298,1.1196548857843949,0.23346788172508867,0.2609165549011791,0.677677,0.1989056,1.0877911900332506,117.3740580107893,129.28620600634764,323.49244,103.14940120000001,0.6891747844641382,0.9991243868864189,5.367599729833889e-05,0.0006864687266346448,train,0.058823529411682896,-1.4120691887659043,0.08824631809609498,0.006579534652974645,0.006579534652974645,0.42530127342622803,0.18468288528591387,0.026310826610770832,0.026310826610770832,1.8217232941807358,1.8217232941807358,0.8360610233905251,0.00968739746913306,1.482731577135647,0.3808412179734807,0.3808412179734807,0.06672835655302493,0.9977018459002466
normal,0,N0445,1,3378.408,3380.108,1.7000000000002728,18,-0.019920777777777777,0.0807812947805264,0.08099333715394948,0.312703,0.176895,0.06299911111111112,0.11807857193999999,2.1840685445984747,3.347625031153578,-0.00989388888888889,0.15383701386394355,0.14982972907418754,0.484421,0.311067,0.12829477777777776,0.40408105885999995,2.0761367047922548,2.5251587263207407,15.141310166666663,147.3765584105572,144.0223972543708,417.54489,210.08661,129.17810905555558,373364.11639612424,1.4587079093604263,1.4686496984221227,-0.29822146046662634,-0.6151326158958766,0.059867643301703466,0.060731770442660406,0.155233,0.05518616666666667,0.8378956934454284,0.1459081053751527,0.15943682630862505,0.400362,0.12690316666666665,0.9655645669702435,146.89792355497983,83.71750452152237,209.853796,126.87098533333334,1.0538268959122228,0.08470555849529593,0.08853510619635581,0.267971,0.06511633333333333,1.1855222413954414,0.1452941203157696,0.1586078068818388,0.389076,0.13160366666666667,0.9615014464433533,158.8368158025965,44.69235383524632,125.71956300000001,153.50774783333335,1.139474980333426,0.06668093098930158,0.07068108058030806,0.184888,0.0470548,0.9332531202088898,0.16358077633756357,0.18195977762076979,0.47440799999999994,0.1264416,1.0825156084573038,99.47499631679288,98.20900749148522,240.483906,87.0950568,0.7136208875693936,0.9981715248900968,0.0006425865860493285,0.00037885897161005395,train,2.6749844169779134e-13,0.7060345943874977,0.07581864028524951,0.005174696868699966,0.005174696868699966,0.33449252628494214,0.1388037925393033,0.011025936534884234,0.011025936534884234,0.7634197785916136,0.7634197785916136,0.8668103076220371,0.04580595373415152,1.278069795898597,0.23230613895205648,0.23230613895205648,0.08073906824978185,0.9966354595396909
normal,0,N0446,1,3385.213,3386.913,1.699999999999818,18,0.007371777777777778,0.04037640669347786,0.03992527578280873,0.11382799999999998,0.073929,0.03558922222222223,0.028692497634,1.8516841411984133,1.5237700852795162,0.008337,0.04907475081954059,0.04841529263569518,0.163407,0.097728,0.04000311111111111,0.042192730098,2.018535769996524,2.1414038398129587,8.79179261111111,86.74144429415259,84.75476053548948,222.36612,111.79878,77.08334483333333,129300.64980170698,1.3190855509902164,1.302927146316144,-0.0961055266541846,-0.19280612576060432,0.042074831960448755,0.044389009177573074,0.112227,0.0372235,1.0565141591660372,0.05603972281932403,0.060489907171362066,0.152713,0.05130733333333332,1.1294269413349949,84.12002913648705,42.570908074480684,107.670085,74.60525533333332,1.0134536960223415,0.04594379326053375,0.04828863039439685,0.103133,0.04259916666666667,1.153665168554445,0.04604817336225184,0.04924040114377624,0.136875,0.03798233333333333,0.9280568314420334,93.4045595413462,25.426669413220974,68.606976,90.4745755,1.125311023596126,0.02710976449916155,0.02774490798326785,0.069868,0.0240128,0.6807359342978458,0.04535966998777659,0.05061225114041065,0.14162,0.0331762,0.9141807053441316,66.81144273246396,67.49551109305096,164.392136,57.333214399999996,0.8049248706742457,0.993275265197905,0.002164436335429616,0.0035923211348080093,train,0.0,0.7060345943778656,0.05190329545536316,-0.011978019672554428,0.011978019672554428,-0.7742594710035728,0.05051583237348649,-0.0021005397377913057,0.0021005397377913057,-0.14543831052120113,0.7742594710035728,0.7260869522682388,0.1313444308201111,0.7017866020537421,0.3671707357383396,0.3671707357383396,0.07313457382603887,0.9972393982509827
normal,0,N0449,1,3410.665,3412.265,1.599999999999909,17,0.005212999999999998,0.08793297476771726,0.08546664643452852,0.27585099999999996,0.146725,0.07534994117647058,0.124177310097,1.716751576445652,1.7710164646016116,0.009876941176470592,0.14974167431675067,0.14560614116694878,0.476769,0.275419,0.12440317647058825,0.360419521874,1.8915342292067934,1.7422502775502813,4.727721823529412,138.33312445498,134.28609190730313,387.64851,194.05224,120.64656794117646,306556.8261555233,1.4450658087060355,1.466482206241941,-0.26026212500573787,-0.5327791135598081,0.0885990812311279,0.09686867494637606,0.23069800000000001,0.081157,1.0614452646710812,0.16353076530579805,0.17765201096272454,0.476769,0.13150883333333335,1.1585947173483901,126.4062214536201,93.8723901301473,242.0899,109.09020249999999,0.9732139635018956,0.06489391765951567,0.07166163284701235,0.16975400000000002,0.05909040000000001,0.77744984088444,0.12108618074991052,0.13531881287795872,0.31025,0.10997900000000001,0.8578802227116138,161.98262432384587,33.321650385033756,85.52910000000001,159.217162,1.247120197279925,0.09308231301058219,0.10321214328653387,0.27585099999999996,0.0771714,1.1151558119657043,0.130377111627003,0.14214484375171688,0.342222,0.114357,0.9237052887982257,92.58526143124307,99.50967146746154,247.25797,81.793102,0.712823057308298,0.9988238844871891,7.673192518544359e-05,0.0008299905002919855,train,0.058823529411682896,-1.4120691887659043,0.0718899008815066,0.013576745553021921,0.013576745553021921,0.8776011492049147,0.12430011757886252,0.021306023588086268,0.021306023588086268,1.475198025929442,1.475198025929442,0.9810032304567875,0.16956154514613783,1.3320952211573724,0.2737082280272371,0.2737082280272371,0.11263264659754908,0.9934523287331197
normal,0,N0449,2,3412.265,3413.965,1.7000000000002728,18,0.03198211111111112,0.07087031083430942,0.07593696729744567,0.26185200000000003,0.143272,0.05921844444444445,0.10379561404200001,1.8867227004049623,2.852102590536554,0.025629055555555558,0.14434175182876482,0.14259703815939984,0.458388,0.271934,0.12275972222222224,0.366010475253,1.90701015610172,1.7151378470087295,14.865929555555555,143.6972922381474,140.43769398437823,399.26664,200.35853,125.909462,355009.42604969756,1.4266720302477136,1.4421344023535583,-0.3050329431444603,-0.6301191189904448,0.1072555700433937,0.11110311297889001,0.26185200000000003,0.10003733333333333,1.3736210350097344,0.13324567159949324,0.1416448779048034,0.296831,0.11338133333333333,0.9606970667698612,142.10707751421685,79.63378581408362,199.230931,123.31830916666665,1.0441847934753536,0.06995237270457665,0.0592793002286633,0.153315,0.05511966666666666,0.8958793520650885,0.1452689324723861,0.15717448613393545,0.426213,0.12622366666666668,1.0473843963839582,154.86814926547544,45.33044254162579,125.058185,149.2372925,1.1379515312353294,0.03244681626292478,0.03045126890295378,0.07349,0.024556,0.4155460580724837,0.13702636007571684,0.15249802876857133,0.398556,0.11492000000000002,0.9879557107909285,99.79428308942884,99.01119595293319,246.55285199999997,86.1356352,0.733275743196755,0.9984731922874501,0.0009501315323273555,0.00019449836237569952,train,2.6749844169779134e-13,0.7060345943874977,0.0743721608985089,0.0015648063989367744,0.0015648063989367744,0.10114912212407509,0.1334638438416939,0.009133194317705928,0.009133194317705928,0.6323690655934332,0.6323690655934332,0.8334400537412838,0.0065475710402953585,1.2474220830854883,0.20803425935322528,0.20803425935322528,0.06496039023791762,0.9978220117161978
normal,0,N0450,1,3417.874,3419.574,1.7000000000002728,18,-0.008632833333333333,0.08706470761940766,0.08505094581843939,0.385307,0.194745,0.05833427777777778,0.13020594092300003,2.289745259455757,4.449210575581853,-0.013519722222222223,0.20063745557063734,0.19545270781004231,0.6047089999999999,0.344651,0.17127183333333332,0.687631697825,1.7633472764928964,1.880056927374155,18.494262666666668,176.44608537263804,172.4692303096872,490.48847,246.09318,154.5198422222222,535421.4372650866,1.4268816504724524,1.4447190030793657,-0.3935840427142279,-0.8320680068562043,0.11248876156532261,0.12310574780312519,0.385307,0.07448683333333334,1.3102819462130133,0.20494414352004955,0.2221544196533123,0.6047089999999999,0.17404949999999997,1.0207873431253278,170.0425818521583,106.79200514675946,267.01561,147.60229783333332,1.0174183056573833,0.07706295006140543,0.08335127130344205,0.247172,0.054954499999999996,0.897638046523772,0.1939891951784944,0.21233274032015567,0.520922,0.17635633333333334,0.9662228534083659,191.34573601531818,48.77724236407261,131.0996,186.09274000000002,1.144881784379934,0.05242445520746973,0.058478859664839566,0.147683,0.0406598,0.6106460435917537,0.2036895145858029,0.22763488683899047,0.52778,0.1863322,1.0145382778219687,127.82297290974212,116.93284331312232,288.939506,106.6187506,0.7648050923796812,0.9987394746400629,0.0008370332401579863,0.00017274029538556941,train,2.6749844169779134e-13,0.7060345943874977,0.0872973470381943,-0.0022464012197549177,0.0022464012197549177,-0.14520742723895605,0.1811795814634347,0.0142731263466076,0.0142731263466076,0.9882504693241202,0.9882504693241202,0.7601027983965617,0.0855605222562218,1.3922482448282743,0.3178750539227537,0.3178750539227537,0.14824589859558338,0.9886571115094533
normal,0,N0451,1,3425.428,3427.128,1.7000000000002728,18,0.01954072222222222,0.03689064755511819,0.040830785470851116,0.154518,0.081152,0.03100427777777778,0.030008754759,1.9875199329176263,4.021173821857788,0.0101125,0.055736849219978235,0.055102362295095846,0.185229,0.111418,0.0431925,0.054652865949,2.0220185734199694,2.305976937137572,8.409958333333334,85.82952558402746,83.83420146623999,219.60512,110.46614,75.99226866666667,126507.12003867807,1.317673909549728,1.3007251086948315,-0.1487658557698436,-0.29975624536505985,0.034093017884898366,0.036994216063685775,0.10291700000000001,0.0240495,0.813849493203756,0.0624001605874002,0.0642287084337422,0.158673,0.05091366666666667,1.100641741282754,82.57559762562593,43.64909470777295,110.095637,72.32583516666666,1.005575070422578,0.05003973553087586,0.03679671330793916,0.096253,0.042123333333333325,1.1945206358482132,0.051406051553618985,0.05612870534405724,0.16091,0.04137966666666667,0.9067227642018401,92.74897726302333,23.92389390702486,64.37445600000001,90.14106833333334,1.1294627229430219,0.03958479838271252,0.03036865649810673,0.06784699999999999,0.0295538,0.9449462118932473,0.055541069919474904,0.06167636868120561,0.164906,0.0440886,0.9796580542970837,66.49813278276174,66.42812992095821,161.602512,56.821519,0.8097896531026011,0.9936404135467926,0.0018234384116743243,0.0035422734696913976,train,2.6749844169779134e-13,0.7060345943874977,0.05153183661549403,-0.010701051144642912,0.010701051144642912,-0.6917161955759636,0.049144522718915964,0.005957839576179881,0.005957839576179881,0.41251213044274454,0.6917161955759636,0.7507084627565996,0.0979968297684677,0.8074871105421124,0.22687301508043103,0.22687301508043103,0.08704501164321783,0.9960893759731743
normal,0,N0454,1,3451.261,3452.961,1.699999999999818,18,0.03263716666666666,0.07746963613932122,0.08205674884730012,0.285239,0.167856,0.06822916666666667,0.12119958056500002,2.0456087080949823,3.0278118481727256,0.005531944444444444,0.06801776205173281,0.06633246004240893,0.211954,0.121753,0.05729116666666666,0.079199914595,1.8354965264692211,1.6907019428485366,11.075524611111112,99.55854818312807,97.38537056316572,268.90448000000004,137.97404,88.05227050000002,170710.3871950519,1.416784052903591,1.4159431418788726,0.1059665249409906,0.21273169623239524,0.09636945016186406,0.09294863429389374,0.281856,0.08368950000000001,1.1939658307355139,0.08234230629107575,0.09010469839618059,0.211954,0.069287,1.2434863907743319,98.80627795788402,49.10870346109416,127.757568,88.05089400000001,1.0460539225815166,0.07173564974497222,0.06445306462121617,0.16881200000000002,0.05130266666666666,0.888766247988842,0.060097659747836,0.06557216014361583,0.146468,0.057307500000000004,0.9075604677582334,105.72105557521675,34.45848876589447,89.85460900000001,100.93290866666666,1.1192601034020606,0.06950049298098539,0.07730599523516918,0.17509,0.06318979999999999,0.86107385379073,0.04938042357858021,0.054955176242097524,0.140247,0.040688,0.7457148998666239,72.16067980023197,74.4807512786811,187.67811799999998,62.612802599999995,0.7639591706243237,0.9954660580016456,0.0014939173141198278,0.002462657256231387,train,0.0,0.7060345943778656,0.05699992847375829,0.02505682037354183,0.02505682037354183,1.6196734533591455,0.06933100464503737,-0.002998544602628439,0.002998544602628439,-0.2076148587825825,1.6196734533591455,1.2987495012838723,0.45014295097804424,0.836794844174934,0.19122117594008792,0.45014295097804424,0.03642697989091418,0.9993151355540778
normal,0,N0454,2,3452.961,3454.561,1.6000000000003638,17,-0.009550470588235294,0.08308305809483488,0.08116624478845146,0.285841,0.159765,0.06713529411764706,0.11199530798199998,1.9683675204687032,2.078240284487425,-0.006124882352941176,0.07990662772643015,0.07776240116685759,0.253904,0.13918,0.06807394117647059,0.10279884759900002,1.7898109872064836,1.7420677892817422,3.899924705882353,99.86601658182437,96.96272792186271,278.97767,140.22722,86.79564976470589,159830.10030283593,1.446197141988434,1.446637605638266,0.021417432968815524,0.04284141728342496,0.09179494351633245,0.10050024721445547,0.261988,0.08286183333333333,1.0971918325961665,0.08475090842482653,0.09263018694662484,0.24634299999999998,0.06976783333333335,1.1023823298784579,94.75935760143793,58.291075401764765,153.378862,83.54281416666667,1.0109339490083356,0.08327431445289717,0.09301450784313166,0.236159,0.0718248,0.995347828352955,0.07847121561566381,0.08235722367710072,0.190178,0.07499019999999998,1.0207003453599541,114.41317349699597,30.866009387179936,80.01924999999999,111.032454,1.2206093860237275,0.0731607231292857,0.07347157058890193,0.168608,0.056723600000000006,0.8744637210872033,0.06431647712522819,0.06878280312694446,0.177065,0.054595000000000005,0.8365851082973652,65.19283160155224,72.83620109648268,180.150054,56.071288200000005,0.6955054188441706,0.9966400517074937,9.419813374678193e-06,0.0025841979144860237,train,0.058823529411415394,-1.4120691887562722,0.056829386082224806,0.02433685870622665,0.02433685870622665,1.5731351143918475,0.06870141556834235,0.009060985598515245,0.009060985598515245,0.627369439099799,1.5731351143918475,1.2902546628594405,0.44358068350335994,0.9852613573716462,0.02789316446363739,0.44358068350335994,0.057304656224213116,0.9983051232903338
normal,0,N0456,1,3465.373,3467.073,1.699999999999818,18,0.009633555555555555,0.06384510483627978,0.06278970769516645,0.200624,0.129576,0.05353066666666668,0.070965853064,2.0636503139825058,1.8696955965438415,0.010468499999999999,0.05298826467552537,0.05254863680809321,0.189054,0.108107,0.04420905555555556,0.049704466147,2.0572750610982555,2.1526189295607114,9.868747777777779,95.82666128444518,93.6482166017323,253.44851,130.09752,84.58878244444445,157859.79250832947,1.3892151364000824,1.3877301876459345,0.08879155437067172,0.1780520137032895,0.049236731647554884,0.051817363439938424,0.140337,0.04143766666666667,0.8721889026760815,0.057080188498287214,0.05944220929833166,0.146775,0.054108333333333335,1.2070325461735756,98.983184414509,43.511418083632456,113.274226,90.6640385,1.0832139333549289,0.06094768283399569,0.06657808164178358,0.16586,0.0510725,1.0796389368844792,0.04013578760076016,0.04327610270807666,0.11580299999999999,0.036259999999999994,0.8487218275721189,100.58894401741838,38.938691688249975,99.111566,94.0989775,1.1007864249430552,0.05889424177455722,0.06419655746455569,0.143801,0.05578299999999999,1.0432638883300411,0.04195990111046498,0.04676601401979861,0.130994,0.0290892,0.8872950073750323,67.01901349562422,73.17340183111487,186.601539,57.5792376,0.7334167883926053,0.9950310671711616,0.0012011478849632978,0.0027608795066644365,train,0.0,0.7060345943778656,0.0554919330378346,0.0072977746573318555,0.0072977746573318555,0.4717283240597676,0.06376395796751318,-0.011215321159419964,0.011215321159419964,-0.7765324940216669,0.7765324940216669,1.0334602073441694,0.22165366813082696,0.689363929833907,0.3850307762583561,0.3850307762583561,0.09371025897849049,0.9954675547675749
normal,0,N0461,1,3505.074,3506.774,1.699999999999818,18,-0.00036044444444444427,0.0535929631346836,0.052084245550411454,0.177247,0.100926,0.042702111111111114,0.048829835422,1.9377452612290496,2.2609357816630093,0.003124888888888887,0.06951440382513108,0.0676280918438813,0.208219,0.107741,0.06205477777777778,0.08232405851600001,1.5931397302872141,1.6021752146250767,9.067026555555556,94.04758014418071,91.84646067597399,244.25306999999998,124.51388,82.95476788888888,151843.90209665825,1.3556742315773465,1.3449098665348085,-0.12984331132173724,-0.2611609421812433,0.055391967358393523,0.059208413533044436,0.172263,0.04111383333333333,1.0384214140562886,0.07124266597575735,0.07803626721125677,0.175874,0.064926,1.0477859199548032,99.29341995669085,38.343384089700784,98.452461,92.91934133333335,1.105753340237888,0.05373936581935691,0.05826347274579503,0.16216999999999998,0.04319733333333333,1.00744044499385,0.06791712620417131,0.07330650528136412,0.156437,0.06371283333333333,0.998876271485117,97.33712699305339,41.059410502444386,102.87989499999999,89.83106533333334,1.0839676319807898,0.05026926549493239,0.05614175027820205,0.116519,0.0482754,0.9423872133133169,0.06397425555487145,0.06983875762067936,0.15329199999999998,0.056814199999999995,0.9408873642206801,64.92698093764164,72.40546140821293,183.54084,55.0351204,0.72304112472582,0.9949875207176516,0.001019032068728904,0.0031136071899970905,train,0.0,0.7060345943778656,0.054764898577726394,-0.00268065302731494,0.00268065302731494,-0.17327747420791925,0.061079974528855205,0.006548117315026095,0.006548117315026095,0.453382100922968,0.453382100922968,0.8740751259238027,0.05415212095812283,0.9045890392903144,0.11331936753953249,0.11331936753953249,0.1638062482034825,0.9861509744771472
normal,0,N0461,2,3506.774,3508.474,1.7000000000002728,18,0.0006517777777777767,0.045849863646670756,0.04456282493788342,0.15751500000000002,0.081784,0.03541455555555555,0.035745216595999996,1.8352516949722006,2.6800081654800043,0.004024388888888889,0.054322498432037285,0.05294514872173528,0.188986,0.119154,0.045850833333333334,0.050457397917000005,2.250517807141117,2.3162006140550284,8.728021611111112,92.51928583652071,90.33521547279376,238.11916,121.50778,81.95150305555556,146888.12078128938,1.3450765503138082,1.330988600488832,-0.08596552127138805,-0.17235645797874238,0.03980612645895939,0.043551121790374125,0.115451,0.03223533333333333,0.8714312038625209,0.04609067665302098,0.05048972733008831,0.11361199999999999,0.04083,0.9979879751105522,94.6636913631007,41.679239618611625,106.510296,86.68092033333333,1.0698056773851605,0.048665657309167554,0.05316078719758264,0.149909,0.038858333333333335,1.0653830479942012,0.04391279789347672,0.04800787958554304,0.115122,0.041575499999999994,0.9508310017027557,97.60138350417462,35.44923293046754,90.87731,92.08052616666664,1.1030048869836537,0.048486082120542597,0.05410850989631853,0.14598,0.0388726,1.0614518083402091,0.04887456688708351,0.05280361698122582,0.115292,0.042345600000000004,1.0582667381787878,66.61095423537432,72.70653739847519,183.90550100000002,57.0344032,0.7527783460684225,0.9947707303568819,0.0010977499513366194,0.0032042609306426576,train,2.6749844169779134e-13,0.7060345943874977,0.05415508937733604,-0.009592264439452623,0.009592264439452623,-0.6200441970916478,0.05882875002108516,-0.00588360129934988,0.00588360129934988,-0.40737198033565575,0.6200441970916478,0.7603620592619854,0.0852194938310922,0.720038470145774,0.34149546653199647,0.34149546653199647,0.08735508685347688,0.9960614651875167
normal,0,N0467,1,3553.266,3554.966,1.699999999999818,18,-0.010594888888888888,0.09128705619018108,0.08934548510137487,0.375044,0.20196,0.06839233333333332,0.143687082744,2.260438787375191,3.479105224169913,-0.006397722222222225,0.20575199968889032,0.20005732604611665,0.5926750000000001,0.334114,0.17475016666666668,0.720412806685,1.6700913013452006,1.687122933711269,17.79616783333333,174.59640353326597,170.6079056991184,477.62208,239.00547,153.22992405555556,523927.0347667069,1.4009050109407388,1.4231333196132538,-0.3825527489017235,-0.8060932458557539,0.11776559715666825,0.12693506200521062,0.375044,0.08904266666666667,1.283305589475186,0.2059020093766288,0.22516806365971767,0.590381,0.181261,1.0002946113766784,174.35793481149375,93.10319116805918,234.28168300000002,152.24055283333334,1.051992837018568,0.08828838840036289,0.09657186371195288,0.255006,0.072102,0.9620889721232685,0.19402339262487567,0.21197469250518247,0.506923,0.17420866666666668,0.9425869845139748,188.07620522819175,57.28829253385775,156.984581,180.6590765,1.1347623549659593,0.051341689578742924,0.05732959174632242,0.132174,0.048252800000000005,0.5594764413400672,0.21911507037627512,0.2448764685238253,0.5718639999999999,0.20042559999999998,1.064485115188429,120.29052977705166,122.09167851760783,304.00233,104.4248494,0.7257758347702409,0.9983047749391012,0.001203663015632342,7.716633048586891e-05,train,0.0,0.7060345943778656,0.08654627575601637,0.0027992093453585026,0.0027992093453585026,0.18094095737140486,0.17840686160870162,0.02165046443741503,0.02165046443741503,1.499046608414978,1.499046608414978,0.8071946381732239,0.025449380921455832,1.4405950582820672,0.35201143425667486,0.35201143425667486,0.039517405572729425,0.999193999822864
normal,0,N0467,2,3554.966,3556.666,1.7000000000002728,18,0.013723222222222227,0.10550670783835922,0.10344837539350513,0.41785700000000003,0.225082,0.07754911111111111,0.19262819468800002,2.1757905732575815,3.621519477301459,0.006387388888888893,0.20601712810179268,0.2003145231705768,0.648692,0.334148,0.1743289444444444,0.722266347475,1.6681166932437446,1.7739134472030107,18.460732555555555,176.8734315765257,172.8785635443642,482.44983,243.96482,154.9150656666667,537965.9591969299,1.411191850500271,1.4263554319651526,-0.3188873566674828,-0.6608160473303054,0.065464957292687,0.07170002568479317,0.18410500000000002,0.05556366666666667,0.6587092515243834,0.20763756680291098,0.22727032046742632,0.587044,0.17872883333333334,1.0073590762145006,168.21418073069256,106.260816733809,265.813855,146.49406766666667,1.0026978655275427,0.11802277176389875,0.1291262499732981,0.398659,0.0863605,1.1875466641466121,0.1927885077492086,0.21085330262507151,0.535102,0.17854716666666667,0.935318478545628,192.12236576301393,48.74836636054808,127.47992999999998,186.8974783333333,1.145210738083311,0.10827815834229912,0.09015035490612337,0.237976,0.0774244,1.0894962371885943,0.21935044331069858,0.24415806575106216,0.59029,0.19826459999999999,1.064184402384399,132.06440977617336,119.93536411284275,298.422011,108.83141719999999,0.7872148544166236,0.9986894951231876,0.001020314926650363,0.00012505908977366188,train,2.6749844169779134e-13,0.7060345943874977,0.08746251889250775,0.015985856500997375,0.015985856500997375,1.0333261370710098,0.181789344199363,0.018525178971213807,0.018525178971213807,1.282656396926428,1.282656396926428,0.9223321312612883,0.1078911803853886,1.4235014209270966,0.3400747970367142,0.3400747970367142,0.15445793192660617,0.9876865792335132
normal,0,N0468,1,3561.3,3563.0,1.699999999999818,18,0.0005368888888888888,0.06764884651239454,0.0657450538401517,0.222774,0.128024,0.06044233333333334,0.07780341788,1.9472795673917818,1.7106773631798697,-0.004473166666666667,0.11423379419586112,0.11110537577728231,0.358412,0.225159,0.09507516666666667,0.22219928147900003,2.0265356057239328,2.342932968762275,15.162310944444442,136.12035374353417,133.15130993486557,387.13543000000004,194.74485,119.43935138888888,319126.8840726713,1.4625830575400613,1.466870913568706,-0.2564897469290766,-0.5246946408405484,0.08323972198115513,0.091184004194632,0.222774,0.07868183333333333,1.2418983374779309,0.12462136607206112,0.13599952143984428,0.317097,0.11733400000000001,1.0901283426814674,136.6390324659737,75.27908586123037,187.564877,118.10069666666665,1.0624060998745166,0.05188809487091749,0.05627351421405989,0.134911,0.048399,0.774146491859719,0.11353230252883978,0.12429946054978142,0.34892,0.0873895,0.9931264974660066,144.96922618590904,42.630304087698036,118.646155,139.64821583333335,1.1271756496984262,0.06106608391898075,0.06625239717549848,0.15546100000000002,0.0575304,0.9110778639126059,0.1016328097053309,0.1135925722021471,0.259502,0.0954582,0.8890354029827312,92.82620003649481,92.83780510812304,228.38583799999998,81.73400000000001,0.7217492642265496,0.9980359131841338,0.000547010405189421,0.000491877191574205,train,0.0,0.7060345943778656,0.0714320000155364,-0.005686946175384705,0.005686946175384705,-0.3676043334165054,0.12260969104718446,-0.011504315269902143,0.011504315269902143,-0.7965420251069012,0.7965420251069012,0.7610662285735165,0.08429382501391348,1.0251236239405934,0.011768385149233503,0.08429382501391348,0.06452367586536487,0.9978511975498413
normal,0,N0469,1,3569.628,3571.328,1.699999999999818,18,-0.00032261111111110837,0.09852334145544268,0.0957480209250069,0.410681,0.212433,0.07142883333333333,0.16501830319900002,2.2186672679781525,3.6228866736575616,-0.019480166666666673,0.20910408502332317,0.20414420235991682,0.600997,0.331392,0.18303061111111113,0.7501473964290001,1.6233231028316872,1.5529992438157256,19.545934333333335,188.5106713727669,184.2391906440776,515.6557,259.40302,165.02196111111112,610993.4286453259,1.4079687339765166,1.4341716582733999,-0.3614504579252216,-0.7571066597773974,0.038579009400622685,0.027907027313324985,0.084207,0.031765,0.39714883544470914,0.20119196500191885,0.21769888671465454,0.562998,0.17252266666666669,0.981431829127084,181.1472784949049,112.15421268399193,277.82621900000004,157.42969283333335,1.0129201468849525,0.07571652851920775,0.08201087807764693,0.236659,0.05874200000000001,0.7794583529361981,0.20414570438945479,0.22281218776419448,0.570649,0.19003099999999998,0.9958404256624698,204.76373986054548,53.67488813121549,143.32523,198.81489166666668,1.1449761717623028,0.15302733118890888,0.17093777036307686,0.410681,0.1349656,1.5753288463623962,0.21047178857414597,0.23347570312604266,0.533217,0.1860392,1.0266996121738903,138.0205403941593,127.50943171350205,317.34076600000003,114.7049546,0.7717686250148362,0.998680020446933,0.0010210119166085142,0.00010944966600152792,train,0.0,0.7060345943778656,0.09204669551257605,0.003701325412430845,0.003701325412430845,0.23925376098748866,0.19871268800663616,0.005431514353280653,0.005431514353280653,0.37607013897456765,0.37607013897456765,0.801037039289213,0.03310702012868075,1.361261764785603,0.2953672089704756,0.2953672089704756,0.13569060576907896,0.99049706297084
normal,0,N0472,1,3594.573,3596.273,1.7000000000002728,18,0.002062055555555555,0.03567936825883655,0.034735374016347596,0.140235,0.079889,0.026968833333333334,0.021717831745000006,2.2999320508943315,3.376829774791419,0.0018153333333333324,0.02694039120638268,0.026244213504017306,0.09212100000000001,0.051305,0.021527666666666667,0.012397657363999998,1.9549071261802737,2.7473878784443952,8.89549711111111,90.13977854031731,88.05061426986967,230.94442,115.9227,81.08508900000001,139552.39211942477,1.3165461815485366,1.2711804998032505,0.13924594864396736,0.28031306499043185,0.02189044734581731,0.023945449104161735,0.060399,0.018666666666666668,0.6124683564033586,0.029791230907768817,0.03191753595752655,0.09212100000000001,0.024712666666666664,1.1201074314221813,90.92788407456023,38.13208226082017,97.489365,84.00099416666667,1.0549400551954724,0.0506057387506595,0.055434497286136426,0.140235,0.044888166666666666,1.415887631145939,0.024409977263406043,0.024647316300157304,0.076793,0.018200666666666667,0.9177800346093629,95.2659696963765,30.691441781514346,82.265626,91.05292133333334,1.1052702738286138,0.026365726642745883,0.027851251596651812,0.0724,0.0205958,0.7376812820295473,0.02500162102344566,0.022929774660907596,0.05244,0.0221458,0.9400249889862604,66.68506232441992,71.95576211440302,175.724172,58.8138178,0.7736762385403314,0.9929132372296322,0.0020447030181934564,0.0047022522996924675,train,2.6749844169779134e-13,0.7060345943874977,0.053233219895246556,-0.01849784587889896,0.01849784587889896,-1.1957011890470197,0.055425496725272846,-0.02918128322125554,0.02918128322125554,-2.020469527038145,2.020469527038145,0.6080571484519901,0.30874533572397656,0.3661742366215372,1.0176908314059097,1.0176908314059097,0.0775101820687171,0.9968991853809902
normal,0,N0472,2,3596.273,3597.973,1.699999999999818,18,-0.0006287222222222227,0.02241177269363675,0.021789400696720005,0.073694,0.046473,0.017132611111111112,0.008546003689,2.1328259848374653,3.5095585728604655,-0.00508561111111111,0.05306266820428008,0.05181780946257763,0.21520099999999998,0.133673,0.0408275,0.04833153679499999,2.579672923004155,3.7543796764843886,8.984321444444443,90.10677854035582,88.02772944878734,230.50394,115.79181,80.70387099999999,139479.86073436023,1.31540153000726,1.2700544897277257,-0.4079547193877263,-0.866310257182082,0.014761477161856126,0.01046802027128339,0.026589,0.012466999999999999,0.661782273944514,0.03228132900248481,0.031903638378195466,0.09238199999999999,0.027472833333333335,0.6149503992344165,87.32584573361291,43.97244747315984,111.309898,77.55314233333333,1.014046189625539,0.023101561155760304,0.025306400687704813,0.073694,0.0179085,1.035682506953454,0.0430253167255435,0.04399124863424543,0.110807,0.034224333333333336,0.8196203971504269,96.86009558548956,23.561210929621936,64.137702,94.44188283333334,1.1247599153502927,0.0281023371768257,0.02959429759767919,0.065985,0.0233528,1.2598758509136005,0.07679365126102547,0.08472720039928144,0.20174799999999998,0.06523359999999999,1.46289784097802,69.31959141795132,70.15878487132356,169.196031,60.981543399999985,0.8049537562819836,0.9932270800004022,0.0018779801106013822,0.004625423841760498,train,0.0,0.7060345943778656,0.053223985540413916,-0.03143458484369391,0.03143458484369391,-2.0319322974617333,0.05539140638045782,-0.003573596917880194,0.003573596917880194,-0.24743064311973587,2.0319322974617333,0.3815316708725231,0.7748203434537727,0.7231795929328225,0.3371425169296065,0.7748203434537727,0.07815688145977275,0.9968472267770203
normal,0,N0473,1,3602.141,3603.841,1.699999999999818,18,-0.005463166666666668,0.03650522162207032,0.03589487886484954,0.125749,0.065561,0.02852816666666667,0.023191961916999997,1.826472245437812,2.5160703904202135,-0.0004442222222222243,0.045760544206394214,0.044473473931721984,0.162159,0.082031,0.03795066666666666,0.03560201790399999,1.8444927447300004,2.152814615865892,8.952486444444443,90.60095802214141,88.5022653039302,232.5466,116.83442,81.48289788888889,140987.71735069045,1.3201291469633334,1.2689468316218386,-0.10674095919919942,-0.2142982846971551,0.034857971252402704,0.03796761450192343,0.085059,0.032607166666666666,1.045605509195329,0.04451739228473893,0.048688361226957175,0.128837,0.037677833333333334,1.000634641597069,91.91630508472772,37.24558666567424,95.67917899999999,85.3965985,1.0609507794325435,0.026185756395414664,0.025723603617430174,0.06729,0.014901666666666665,0.7854723085069139,0.052106457379740054,0.05659808698887269,0.132413,0.044303,1.1712169924863989,95.36075680843199,31.911690557460243,85.41966500000001,90.80222433333334,1.1007086193240971,0.03870164133211924,0.0412069744218136,0.093585,0.0325786,1.1609008768396476,0.03306527111336001,0.03688941168140256,0.088204,0.0294042,0.7432208854059329,66.84941990220652,72.68366145453093,177.51410099999998,58.756979,0.771614395122631,0.9926056166162339,0.0020022529214105632,0.005012610641407771,train,0.0,0.7060345943778656,0.0534154675909589,-0.017520588726109364,0.017520588726109364,-1.1325312638976177,0.05609829811759297,-0.011624824185870984,0.011624824185870984,-0.8048858868420181,1.1325312638976177,0.6251480978242442,0.2810256292520408,0.6173525982007263,0.4953597752327647,0.4953597752327647,0.09108365809370038,0.9957180734081351
normal,0,N0474,1,3608.646,3610.346,1.699999999999818,18,0.004172388888888889,0.05220516905682457,0.0509055844016919,0.145333,0.085599,0.04596594444444445,0.046644813418999995,1.6815247483369433,1.3899286620834554,-0.0001186666666666666,0.05462511250762408,0.0530861998451575,0.20982,0.122745,0.04373577777777778,0.050726603052000004,2.3121828339196284,3.071970464045153,8.969625555555556,90.400429053987,88.31012714996938,231.231,115.91114,81.39775488888888,140376.21403038767,1.3125464059536256,1.2643797026138364,-0.020969112697099408,-0.04194437381341483,0.04865196682903306,0.05319153023054203,0.120197,0.043286,0.9477169707856907,0.038237614428291246,0.04133402839025815,0.09901199999999999,0.0336545,0.7517090301547986,89.9377272654435,40.22907058675554,102.4629,82.09839433333335,1.0403517401358342,0.05219526802785862,0.05705209780338201,0.137454,0.04618083333333334,1.0167387780752648,0.04056648688264736,0.04389130719250302,0.106744,0.034451333333333334,0.797492075990498,96.14130143204112,27.75077961105063,75.33539100000002,92.74370616666666,1.1121113828965792,0.053391620649686215,0.05967453911594123,0.134479,0.0495304,1.040043153142654,0.07119148921043864,0.07728428829846336,0.20982,0.0593036,1.3995456073760644,67.90824936008794,71.83800984182037,174.13486799999998,60.132963000000004,0.785526469696446,0.9928496234659254,0.0020011805334819973,0.004811344020501804,train,0.0,0.7060345943778656,0.05333793707917645,-0.0024323526774845533,0.0024323526774845533,-0.15722733380364337,0.05581207975927226,-0.0027258799141147566,0.0027258799141147566,-0.18873595307908142,0.18873595307908142,0.8885046940095623,0.07052572321490704,0.7385123125573654,0.3161623336539156,0.3161623336539156,0.05884308683637607,0.9982128986485487
normal,0,N0477,1,3634.605,3636.205,1.599999999999909,17,-0.004962588235294118,0.04656174763695359,0.04544331005057776,0.156085,0.078332,0.038216,0.035106605282,1.7237300696806108,2.169547491757381,-0.0025827647058823534,0.040138724367076946,0.03902584102496553,0.13111899999999999,0.067127,0.032517,0.025891276551,1.7200654293922242,2.0058561975295546,2.761329705882353,88.72533598877615,86.12049969486922,230.28735,115.78061,78.51502782352941,126084.58795079748,1.3444024408847899,1.271885638697385,0.07597411532876565,0.15224159908189097,0.03372148305852913,0.03342016990381707,0.088169,0.027692333333333333,0.7912446939106612,0.045150251499853244,0.04945156730141793,0.13111899999999999,0.037297500000000004,1.1234734631737846,84.86583437148131,48.34582831097224,123.14846,74.94349316666667,1.0063540003339253,0.04474987059199166,0.05001060406253858,0.133423,0.037151199999999995,1.0500160268053935,0.036292830063250785,0.04057489922969618,0.105597,0.0306188,0.9030742936098715,100.2144926841656,20.967530316108636,51.889430999999995,98.4440688,1.188361091964182,0.049447934567583306,0.051823110647663755,0.134786,0.0440018,1.1602519314922575,0.037481198203899516,0.040711315634599676,0.081483,0.033768400000000004,0.9326444516078698,63.807216995708195,71.32305993255842,175.990006,56.39394,0.7566372091827812,0.9963586413356582,8.192805966670638e-05,0.0033964715513382492,train,0.058823529411682896,-1.4120691887659043,0.05245439087189156,-0.0070110808213138046,0.0070110808213138046,-0.4531964278128513,0.0525503039869261,-0.013524462961960575,0.013524462961960575,-0.9364141075294945,0.9364141075294945,0.8133326850962376,0.01787397483184378,0.5567142562022398,0.5987480046000595,0.5987480046000595,0.08153184614553827,0.9965690622266292
normal,0,N0477,2,3636.205,3637.905,1.7000000000002728,18,-0.0013360555555555571,0.04373733223591009,0.04252603955813426,0.153144,0.077753,0.03549038888888889,0.032552352729,1.8283621237220908,2.2291947105338124,0.0002484444444444433,0.05490719784725777,0.05336078326199245,0.195242,0.097883,0.04303833333333334,0.051252717426,1.8343621291953487,2.776304404031714,8.858701277777778,89.8194009038629,87.73713892085414,230.9468,116.5346,80.69054561111112,138560.49982831063,1.3282243008302728,1.2676661931871906,-0.11299512680767405,-0.226959496523171,0.0532807270987049,0.05799458466586917,0.153144,0.04905183333333333,1.218781199248025,0.049669724289550875,0.054176752681077765,0.155437,0.03705166666666667,0.9131914189334617,92.29534053100309,35.39539958595118,91.513402,86.45461983333335,1.0738841818565845,0.03395070896657879,0.034974927777862055,0.082221,0.025885666666666668,0.7766126335504414,0.04711070801314708,0.05109697771264625,0.134002,0.04025283333333333,0.8661432072119681,93.99901889920078,33.608616162393794,88.8846,88.85118449999999,1.0937069945798787,0.04132840041182335,0.043203648673462755,0.107629,0.036249800000000006,0.9453751883605392,0.06659450574033866,0.0741147669516676,0.193596,0.055977200000000005,1.224358138887151,65.49313047027066,71.98935672081862,176.00729,57.325775,0.7620323672641719,0.9928963081126461,0.0020935010310694983,0.004554023695665081,train,2.6749844169779134e-13,0.7060345943874977,0.05310672807808613,-0.010580688519951864,0.010580688519951864,-0.6839359527086536,0.05495852856762347,-0.0015977453056310181,0.0015977453056310181,-0.11062555671453014,0.6839359527086536,0.7470957739846643,0.1028208190311181,0.7471801753820236,0.3044937531864456,0.3044937531864456,0.11826709404607805,0.9927808487565842
normal,0,N0478,1,3641.185,3642.885,1.7000000000002728,18,6.549999999999997e-05,0.048062039525217086,0.04670795266630489,0.143959,0.080164,0.04298616666666667,0.039269391161000006,1.716281605676763,1.5928917116854555,-0.0010388888888888908,0.06476951347108488,0.06295322562647428,0.207197,0.10625,0.050521444444444445,0.071335955102,1.6877610153039997,2.2864056390390486,8.923935166666666,89.61099597515317,87.54226894403679,230.06621,115.50368,80.18802538888889,137945.67933366125,1.3194046875097345,1.272333935231139,-0.14814060192430875,-0.2984775574427408,0.04270918182116503,0.04677175821689837,0.12240000000000001,0.03918616666666667,0.938592144950154,0.059080944327817464,0.06400111269345245,0.16051300000000002,0.049302000000000006,0.9124097191438765,86.5907840923823,44.113168034061495,111.307035,76.65716466666666,1.0114143973008156,0.04934486085365594,0.05396813562711489,0.127054,0.04769299999999999,1.084420183576264,0.04858059120849258,0.05228050277397875,0.14093899999999998,0.0361145,0.7502487322213326,96.44116200150532,23.17246589999648,63.238037,94.09265866666665,1.1264706834930247,0.04392186723945147,0.048199240877839555,0.11386199999999999,0.0377362,0.965242550304798,0.08505950706652374,0.09505535088673336,0.197456,0.0778732,1.3136066431582458,69.00928855235922,69.51077075655103,167.415877,60.676367400000004,0.8060556180537319,0.9933776235926748,0.001895963519099793,0.004444961781284139,train,2.6749844169779134e-13,0.7060345943874977,0.05302809523644468,-0.00632014257013979,0.00632014257013979,-0.4085341631418467,0.05466824075283565,0.008284984873638629,0.008284984873638629,0.5736402797038658,0.5736402797038658,0.8223900399416058,0.006799423776238902,0.8834598185402981,0.1369542970113302,0.1369542970113302,0.08231856162399583,0.9965025313094965
normal,0,N0478,2,3642.885,3644.485,1.599999999999909,17,-0.004144588235294119,0.037421602160481494,0.036540099109624434,0.11737,0.063795,0.031616941176470584,0.02269804033,1.7458901742058166,1.835595991620947,0.0004257058823529424,0.04820433059093953,0.046767007373222626,0.14279,0.074325,0.04066770588235294,0.037181600637000004,1.5892614083011916,1.6766849603382523,2.6891517647058834,88.10329560873242,85.51504418265574,228.20797,115.50368,77.8900825882353,124317.9872865466,1.3506825740894208,1.272214366741306,-0.12276153494277407,-0.2467677203454087,0.044424534212527206,0.048412315573622376,0.11737,0.041025000000000006,1.1892993457145733,0.04301290442994986,0.046850422505743394,0.119948,0.036580166666666664,0.966988196237268,82.86274563526638,50.49316582065691,129.502548,73.52557666666668,0.9906236518581549,0.0283191324549323,0.03127573958038402,0.081187,0.0240306,0.7581379590550209,0.04657438118751552,0.051322834082891414,0.121378,0.040453,1.047055004823702,100.41900515274665,18.225699115124584,44.473175999999995,99.0870108,1.2005086343414522,0.035981892529437634,0.04022653752561858,0.103292,0.030372,0.963279458105496,0.04407010417959095,0.04769998231865501,0.115621,0.039056,0.9907554747439504,63.7682860923324,71.19630772744442,175.198337,55.265624,0.7623494968363275,0.9963257205699757,8.957655316281007e-05,0.0034390998208280207,train,0.058823529411682896,-1.4120691887659043,0.05221008085456421,-0.015669981744939776,0.015669981744939776,-1.0129079854721355,0.051648387948025745,-0.004881380574803119,0.004881380574803119,-0.3379796778121722,1.0129079854721355,0.6586155884286958,0.22887416873698743,0.6718675539783227,0.41073887906889706,0.41073887906889706,0.05235677298135866,0.9985851707473423
normal,0,N0480,1,3657.613,3659.313,1.7000000000002728,18,-2.972222222222265e-05,0.03898569758831708,0.03788729952914447,0.132516,0.067425,0.031211499999999996,0.025838054380999998,1.7796201058915249,2.246045520797587,-0.00030883333333333457,0.04514431150309234,0.04387347176382456,0.162568,0.086772,0.03713272222222222,0.034647867443000004,1.9777782908793418,2.466785777712753,8.895928222222222,89.540244848611,87.47101688532966,229.386,115.01016,80.51705022222222,137721.21830916527,1.3148373495048404,1.2669963462743714,-0.073215701612659,-0.1466938984257363,0.02496910724608845,0.02709328623847613,0.080983,0.01947566666666667,0.6441311173156432,0.031649142271158,0.03427334392449424,0.098194,0.0263885,0.7924167988816039,88.07367272394387,41.45998881871752,105.243097,79.52691116666666,1.0291923846736017,0.04276346098014051,0.04684388445322043,0.125817,0.03797866666666667,1.103174239669179,0.03388039977135256,0.036591068822869874,0.081051,0.031301,0.8482820071907721,95.69347335232126,25.633829987348747,69.971566,92.7882705,1.1182342122358255,0.046544621573281694,0.051263615173922326,0.122036,0.039992599999999996,1.2007173025270415,0.053331396546499696,0.05548002182768136,0.11921000000000001,0.047096,1.3352871989132884,67.83598660010024,70.53252850233602,170.412439,60.0811308,0.7927031842361592,0.9930808672340153,0.0019416380850979854,0.004670201734234104,train,2.6749844169779134e-13,0.7060345943874977,0.052999344004774976,-0.015112044475630505,0.015112044475630505,-0.9768429073709196,0.05456210021359488,-0.010688628449770317,0.010688628449770317,-0.7400650583063957,0.9768429073709196,0.6676276042842997,0.21528366796622467,0.6162038953143936,0.497222200220035,0.497222200220035,0.05780848222095347,0.9982751893591261
normal,0,N0480,2,3659.313,3660.913,1.599999999999909,17,0.0029987647058823544,0.04326241345777159,0.04207769893968566,0.15180500000000002,0.085885,0.03348688235294118,0.030099056717,2.0411049597343216,2.787695117578259,0.0019302352941176465,0.04907366614658188,0.047647562795519155,0.169038,0.100577,0.038494,0.038594934085999996,2.1108529817491193,2.623474238935931,2.808635058823529,88.25898421361032,85.66984370102439,228.45808,115.01016,78.12238011764705,124768.47603588513,1.3424812633179202,1.2676554743451895,-0.06207687498543137,-0.12431359679943624,0.030144302402499438,0.0324770485050597,0.088998,0.02598366666666667,0.7958077382147606,0.04664428645790036,0.04934164265911705,0.12923400000000002,0.038345166666666666,0.9502580818816738,84.15990098241289,47.99249647633725,122.61130299999999,74.39113683333333,1.0035340793513026,0.0438479286215438,0.048853666846000406,0.12115100000000001,0.0317828,1.1575826315628963,0.05858783778054964,0.06542792785729959,0.169038,0.0474158,1.1935774041948084,99.70372323415769,20.606396750750992,50.732381999999994,97.9853742,1.1888807250925413,0.03972825082985658,0.040201471956882374,0.100602,0.03399,1.048823390038556,0.040826512883174335,0.04506324381022742,0.100556,0.036121400000000005,0.831735819504892,63.761972660311265,71.28215429743955,175.84814699999998,56.23532,0.7603064141515564,0.9961028304069336,5.957704534701217e-05,0.003684262885257259,train,0.058823529411682896,-1.4120691887659043,0.05227254468923415,-0.010194845749548494,0.010194845749548494,-0.6589950670305658,0.05187898485500626,-0.004231422059487108,0.004231422059487108,-0.2929774973364894,0.6589950670305658,0.7570574131878192,0.0895751138276015,0.6832809760841208,0.3938939477085173,0.3938939477085173,0.07893617639130247,0.9967840413195949
normal,0,N0481,1,3664.905,3666.605,1.699999999999818,18,-0.001670444444444445,0.043746465483070034,0.042546727281112154,0.14537899999999998,0.07357,0.035939000000000006,0.032584032042,1.7291576744296397,2.1785666757598876,-0.0006209999999999981,0.042403735844019824,0.04121370279679105,0.153666,0.091799,0.034348,0.030574247368,2.227390255435811,2.8276651110036832,9.07308038888889,90.59043810297909,88.50437568156447,232.04806000000002,116.28176,81.40898038888888,140994.441266103,1.3138532316004077,1.271433681627581,0.015914728268054294,0.03183214418398164,0.04378594551146901,0.04730858828021258,0.136671,0.038024333333333334,1.0032313935678765,0.027450947764451897,0.029480399084250312,0.073739,0.026147166666666666,0.6479343848132469,89.34904880446894,42.014258220232485,106.676232,80.6985395,1.0317018065823518,0.03944651332712014,0.04304912654475892,0.110547,0.032513999999999994,0.9038055493444761,0.04508894131787379,0.04751648291172232,0.130051,0.036393833333333334,1.0642501565104145,96.74996856978055,26.323873213868552,71.752556,93.71820083333334,1.1171592612996661,0.04804895972443108,0.052640466479696016,0.116121,0.0418982,1.100906335600346,0.052525739200890834,0.05851082089836033,0.139373,0.0470534,1.2397835152366652,68.46918605902374,71.24095325592585,172.485493,60.54170899999999,0.7906047562622155,0.9932920910744971,0.0019325622035539477,0.004462438808922326,train,0.0,0.7060345943778656,0.05341631915872234,-0.010869591877610184,0.010869591877610184,-0.7026106724859323,0.056101441838969826,-0.014887739042178778,0.014887739042178778,-1.0308053567468884,1.0308053567468884,0.7409795559388755,0.1110411723483195,0.5720888781305314,0.571505747215936,0.571505747215936,0.05578963308181074,0.9983935570790162
normal,0,N0483,1,3680.777,3682.477,1.699999999999818,18,-3.466666666666587e-05,0.04534761446867961,0.04406997338702774,0.161092,0.080886,0.03642822222222222,0.034958925978,1.8353993384486424,2.3892330770841896,-0.0002776111111111115,0.04663805765950844,0.04532489529374435,0.155188,0.102076,0.03651616666666667,0.036978230401000005,2.252095660419282,3.2726658816907745,8.98568622222222,90.25560126612388,88.17174419606646,231.30789,116.03786,81.21284200000001,139936.6165423784,1.316043603968727,1.268053430191981,-0.014037963534393481,-0.0280777715419955,0.03699165482015279,0.04017541974391805,0.09611600000000001,0.03170966666666667,0.8799888844704651,0.05136330092098833,0.0561948431361811,0.144402,0.04517683333333333,1.1028996559275388,89.80954443781081,40.45713231148307,103.242768,81.86434700000001,1.040487220088794,0.04412863579544089,0.0483099270933694,0.147513,0.0323795,1.0497694459907667,0.03290114802961542,0.03430188223990048,0.098456,0.027752,0.7064706549390837,95.98386169400366,27.847081484677577,75.552232,92.55638866666668,1.1120196862432228,0.04504627372158545,0.04625733119193108,0.112568,0.0402078,1.0715989958960552,0.05393843261719792,0.05819716506411631,0.155188,0.0418708,1.1581942302791088,67.79749376296796,71.648415446163,173.98681499999998,60.0116804,0.7854669150812298,0.9930610242096511,0.0019996843560701125,0.004613762988646965,train,0.0,0.7060345943778656,0.053282097564655836,-0.009212124177628095,0.009212124177628095,-0.595471921701099,0.05560593776680915,-0.0102810424730648,0.0102810424730648,-0.7118443992168828,0.7118443992168828,0.7704033547945831,0.07209999234939346,0.6315300061778641,0.4726546514897571,0.4726546514897571,0.05710675196284124,0.998316809744646
normal,0,N0483,2,3682.477,3684.077,1.6000000000003638,17,-0.002861294117647057,0.04760626494717463,0.04627340899734202,0.15875299999999998,0.084282,0.04060752941176471,0.036400882464,1.8213916334722866,2.0818264367819657,0.004021529411764707,0.0629659534154348,0.06121818093651975,0.203372,0.119824,0.05170399999999999,0.06371031651199999,1.9573270255163513,2.2615613908161967,2.8362208235294113,88.95120406914378,86.3419391690846,230.01984,115.24834,78.68020929411765,126733.81781112438,1.334789803299502,1.267326262577561,-0.13903201123207892,-0.27987674312574845,0.04549489314747316,0.04976542039374999,0.131051,0.0404045,0.9616380075271269,0.061699712503382055,0.0661365783441105,0.188612,0.049311,0.9984694582552353,85.84814492655606,46.89162228635986,118.926305,75.64070766666667,1.0148054752251252,0.040713649580945206,0.04424349619209585,0.113328,0.034013,0.8605755537278876,0.05459885273336794,0.05809759548983073,0.145731,0.0494178,0.8835581998385327,99.77554602126028,22.767149862662404,56.248911,97.67540679999999,1.1794404000526062,0.054963156848929266,0.060856188392800284,0.135297,0.0507116,1.1617712886647567,0.06833776430349474,0.07620408766791975,0.19783099999999998,0.056977599999999996,1.1058912227304813,64.04311853371802,71.45565506536839,176.605007,56.9496936,0.7570496414815887,0.9961704003683266,6.47477070085361e-05,0.0036064801163700707,train,0.058823529411415394,-1.4120691887562722,0.052543744888315876,-0.006270335890973852,0.006270335890973852,-0.4053146582388931,0.05288017101994781,0.008338009916571937,0.008338009916571937,0.5773116564080472,0.5773116564080472,0.8260655411799567,0.0023400893892501842,0.8710543120960131,0.15109577694156157,0.15109577694156157,0.10489623420710655,0.9943209187350488
normal,0,N0484,1,3688.652,3690.352,1.699999999999818,18,0.00347361111111111,0.023209616640620653,0.022821596390991874,0.084286,0.047734,0.019804166666666664,0.009374854713,2.0916152920328366,2.2789789523817596,0.0037950555555555554,0.04283326534293071,0.041799089954872894,0.134933,0.083137,0.0365555,0.031448950579000004,1.9889667475956132,2.050783787438018,8.969718555555556,90.53705826216712,88.44223065444896,231.78628,116.0164,81.45000944444445,140796.50693642552,1.3117760502139026,1.2638256386691686,-0.2936752089263713,-0.6051672700881104,0.019142752597262495,0.020926877508760516,0.045424000000000006,0.018800666666666663,0.9369410194825862,0.04872397274443043,0.05286313879443785,0.126157,0.04613766666666667,1.1383036759928589,88.65607339407354,41.8792044199614,106.386199,79.98964233333334,1.024368356924546,0.019283344168824382,0.020605485004402752,0.063033,0.014588666666666666,0.9438222665613731,0.0410774287839441,0.04479016014446328,0.125521,0.031871166666666666,0.9596628836149932,96.88057308481037,25.568016547654093,69.92532,94.0269955,1.1193975738996542,0.023093574521931417,0.0258086297389071,0.05806,0.021681,1.1303137908792562,0.03682076967419339,0.038167950314367156,0.099,0.0345146,0.8602175707811461,69.08289675757047,71.58867299630234,172.536041,61.19678859999999,0.7982119073623565,0.9925678935917126,0.0020658035915528633,0.0050224050852739795,train,0.0,0.7060345943778656,0.05339124274543494,-0.030569646354443068,0.030569646354443068,-1.9760226533431438,0.05600886757783467,-0.01420977762296178,0.01420977762296178,-0.983864296011159,1.9760226533431438,0.39773255660242784,0.7332343963596408,0.5806223531506806,0.5566995569357013,0.7332343963596408,0.06237770296240425,0.9979917533796804
normal,0,N0484,2,3690.352,3691.952,1.6000000000003638,17,-0.0007140000000000002,0.03528464444521157,0.034238578748334206,0.1141,0.065298,0.03034635294117647,0.01992876467,1.9071469198521247,1.892308962029572,-0.006661705882352941,0.03506043822951431,0.03465984351395379,0.11146600000000001,0.070052,0.030295823529411764,0.020422180791,2.0211285712180898,2.2157367062301927,2.763026058823531,89.1462088157671,86.52865151484565,230.60825,116.0164,78.954657,127282.5280606192,1.340785947416448,1.2644162644292523,-0.006114287552329828,-0.012228727494339049,0.03192377913614448,0.03488601152324525,0.093028,0.02880133333333333,0.9160462936944932,0.02102304908507168,0.01955366936834789,0.058038,0.019321166666666667,0.6751204013150256,84.73718751590123,48.61435815360583,124.339594,74.96115416666667,1.0004058944694618,0.029018106282112897,0.0300475401189515,0.08164099999999999,0.024079399999999997,0.832668607197136,0.04331089164401952,0.04549536939403833,0.10677700000000001,0.040976599999999995,1.3908575501916711,100.82471402981618,20.33689696889414,50.190692999999996,99.1703154,1.190334977836008,0.042677424709089466,0.04768940192852077,0.105041,0.0400782,1.224619947483722,0.02639666590689059,0.02724645406837374,0.065043,0.024833400000000002,0.8476852053346128,64.6259824618899,72.25258538645384,178.082249,56.9708654,0.7629733259511653,0.9958082134240793,7.003011514966509e-05,0.003948535857541601,train,0.058823529411415394,-1.4120691887562722,0.05261908600836175,-0.018380507260027545,0.018380507260027545,-1.1881164179864212,0.05315830682993812,-0.01849846331598433,0.01849846331598433,-1.2808066438886112,1.2808066438886112,0.6099027648810413,0.3057146648102554,0.4920998976440607,0.7221183679984416,0.7221183679984416,0.07648101537876284,0.9969809828576144
normal,0,N0485,1,3697.541,3699.241,1.699999999999818,18,0.0013850000000000004,0.04501795500490365,0.04377150562739291,0.175578,0.089037,0.034903333333333335,0.034487004688000006,2.0341315365738577,2.9326790651671852,0.004518611111111112,0.044914902150542536,0.043882700104938846,0.14539,0.085202,0.03796905555555555,0.034662444633,1.9415851758495328,1.808217752597937,8.911868888888888,90.40896500094722,88.31253262038932,231.28798999999998,116.13335,81.420094,140383.8615208919,1.3150268320261884,1.2635198842415216,-0.0012685583836583897,-0.002537118128232702,0.059203157187771666,0.06485349497649813,0.175578,0.051966000000000005,1.3148328711142339,0.03165029996698294,0.03452010057150278,0.092892,0.026668999999999998,0.7465298323239212,90.73905340379801,38.88458108715378,99.55038199999998,83.5078855,1.04937998415262,0.0372493664800714,0.040661109786871284,0.119221,0.028396833333333333,0.8272648588797668,0.049957476522538645,0.05345028479905416,0.124477,0.04418116666666667,1.178337854952473,95.71409967272747,29.513075096493164,79.45181099999999,91.84409366666667,1.1069154529393068,0.031972970828498246,0.03574145496898524,0.088453,0.0283116,0.7100822832666281,0.043753906033633154,0.04672440465431315,0.12493099999999999,0.0388536,1.0320153732785748,67.43754310775306,72.32940852850693,175.998831,59.6455174,0.7799024263872633,0.9927436473526894,0.0020306133374153597,0.004880284493594536,train,0.0,0.7060345943778656,0.053338907721128044,-0.009567402093735133,0.009567402093735133,-0.6184370944845917,0.055815663065244506,-0.01193296296030566,0.01193296296030566,-0.8262209665615643,0.8262209665615643,0.7639658663522468,0.08049109681872799,0.6104605659946052,0.5065864093733812,0.5065864093733812,0.07034909395359656,0.9974456799896275
normal,0,N0486,1,3704.587,3706.287,1.699999999999818,18,-0.0053160555555555565,0.03606986407363978,0.03545441881486707,0.112931,0.059928,0.030362388888888887,0.022626284643,1.690282960578963,1.7715756888002991,-0.0012990555555555557,0.053957955332857216,0.05245379546642295,0.20207599999999998,0.126433,0.04401683333333333,0.049525211858999996,2.4103689518699,3.1095802911101127,9.133731,90.48122226784346,88.40504248692041,232.49259999999998,117.01812,80.88186344444443,140678.12766805565,1.3236588853776403,1.2690161694508253,-0.1933764300679302,-0.3916848013006416,0.040483282712332834,0.04407387704033611,0.1021,0.0374185,1.1374526909085494,0.04314507865137498,0.04725033091418514,0.11423699999999999,0.038567833333333336,0.8281645121832539,86.73206670326154,45.24447071898448,114.95055,76.2664165,1.003524863170809,0.0213395840517101,0.02327446027229561,0.062284,0.01700916666666667,0.5995750758396962,0.04310174502654542,0.04654826634795328,0.13317299999999999,0.03489233333333333,0.8273327285502217,97.40373084159714,22.210422247506592,60.517203,95.27014783333334,1.1270003054298754,0.042352805418295496,0.04705242283134844,0.112931,0.03738280000000001,1.1899803885194955,0.06902828017269444,0.07484786457675328,0.17893799999999999,0.05867199999999999,1.3249894023370064,70.60489813155087,70.20421730950834,168.299816,61.9272072,0.8169270424405678,0.992991719911164,0.0018397961473354903,0.004850202731673171,train,0.0,0.7060345943778656,0.05337623678435275,-0.01792181796948568,0.01792181796948568,-1.1584667315475434,0.055953470271055364,-0.0034996748046324105,0.0034996748046324105,-0.2423123837183598,1.1584667315475434,0.6181560761138729,0.29227323151916007,0.7289311236679527,0.32922086089289604,0.32922086089289604,0.09871382164399045,0.9949706226665441
normal,0,N0486,2,3706.287,3707.887,1.6000000000003638,17,0.004250352941176469,0.045837945052299704,0.04467199992099276,0.181947,0.092182,0.0339564705882353,0.033924988808,2.063529731443271,3.1222345232382125,0.0005530588235294122,0.06101907324504219,0.05919977973627545,0.21863,0.119497,0.04866341176470588,0.059578436654000005,2.018537915720937,2.5542404827979057,2.8923259999999997,89.10771864441197,86.49555673624535,231.01749999999998,117.01812,78.73171388235293,127185.18269692166,1.35288012951727,1.2683474802122914,-0.1398626254703462,-0.2815709158352224,0.05454204522353985,0.05960877427834485,0.152815,0.047282500000000005,1.18876517772427,0.05530718312751066,0.060251049278000124,0.146707,0.046928833333333336,0.9693173206114287,83.00600712636773,51.82488997987356,133.72983399999998,73.77478333333333,0.9819338181994379,0.04129095782856096,0.0436631918874468,0.105699,0.025906799999999997,0.8999525525729618,0.06666209045927078,0.07449912327873397,0.203962,0.050330799999999995,1.1683241715884038,101.76966223842444,17.003460201861053,41.677599,100.62688519999999,1.2039016991446045,0.038230138364907865,0.042112487212227205,0.11224899999999999,0.029684999999999996,0.8332407969213588,0.0479940259928254,0.05238603134137954,0.131562,0.0415026,0.8411464487979011,65.12831088430116,72.51188116901537,177.997252,55.85840400000001,0.770446539876834,0.9957723617291458,8.415911288294476e-05,0.0039702160410372955,train,0.058823529411415394,-1.4120691887562722,0.05260573178865414,-0.00793373186766138,0.00793373186766138,-0.5128366129682342,0.05310900723480462,0.006090772501470831,0.006090772501470831,0.4217162124789576,0.5128366129682342,0.7960611075490768,0.03933825626223042,0.8408391125759539,0.18639977110485434,0.18639977110485434,0.05105506915254141,0.9986546476974589
normal,0,N0491,1,3755.261,3756.961,1.699999999999818,18,1.6055555555555035e-05,0.04844689559103346,0.04708192234522952,0.20480199999999998,0.107962,0.03931005555555555,0.039900733411,2.2930669484641175,3.2986526588101386,0.0026791666666666704,0.05724877053521864,0.055700275375840325,0.239452,0.130403,0.041735166666666663,0.05584537218499999,2.3411553914248966,3.75603991482204,8.795864333333334,89.21902353066727,87.15031422289411,229.51093,115.214,80.25768366666667,136713.19084468525,1.3220147400195335,1.268466193483269,-0.08385063971793472,-0.16809597780822438,0.02924341861855416,0.03189498855567543,0.076419,0.026065166666666667,0.6237191351393292,0.0493703210880113,0.05385651531492421,0.159343,0.040071,0.8870946521304367,88.56644258248333,40.64149398140787,103.77539,80.4212175,1.0385495845189592,0.03725301882621953,0.04080065784600374,0.097831,0.03548833333333334,0.7945521345057976,0.06427770846102092,0.06871172787232176,0.20997899999999997,0.045969333333333334,1.1549532223078323,95.08094840024918,26.595392815523983,72.63459,91.92909033333335,1.1149401125012264,0.06915569670967099,0.07565337221697391,0.20480199999999998,0.0575914,1.4749893610026346,0.05146035640179729,0.050945273480471176,0.130472,0.0357018,0.924648775919061,66.82237304658112,70.30691374772229,170.061012,59.2331718,0.7835738428746974,0.9934632104506412,0.0017997795473294075,0.004399413287675533,train,0.0,0.7060345943778656,0.05286993586258115,-0.005788013517351635,0.005788013517351635,-0.3741373287584946,0.05408436589763958,0.0016159094782007416,0.0016159094782007416,0.11188321755427504,0.3741373287584946,0.8327028257638743,0.005662619293851653,0.7851904299564813,0.2548738335778379,0.2548738335778379,0.05380368453181901,0.9985058908546054
normal,0,N0492,1,3761.779,3763.379,1.599999999999909,17,0.006162705882352939,0.04734743031274863,0.046345320570943614,0.154246,0.08605,0.038732,0.03651410856,1.8567138804936738,1.980993172811103,-0.0013774117647058822,0.04512116835818142,0.043795628856555725,0.185025,0.139031,0.03167482352941176,0.032606970818,3.174540556441595,8.308615298012182,2.7321933529411773,88.58663348436417,85.98507705078237,229.18465,115.55351,78.3560364117647,125688.36908229267,1.3438786585229745,1.2697748696251039,0.02828560970960627,0.05658631375151894,0.04931253977100213,0.053920100484575025,0.125703,0.04442633333333334,1.051228374859716,0.0208839034625554,0.018559609493916263,0.054757,0.01676616666666667,0.46809843672095397,83.37419851114997,49.796708262846295,127.684726,73.93529883333333,0.9911351442095107,0.04233262155832072,0.046718555180998475,0.12284300000000001,0.0277016,0.9024327923680275,0.06683830459998219,0.07258604903285479,0.185025,0.04727339999999999,1.498134960852873,100.90396660302852,18.80327141629679,46.082857000000004,99.49251260000001,1.199525384067466,0.048285241983446664,0.05385338247222731,0.133708,0.0434474,1.0293287811919822,0.037130612645093805,0.0415108320345425,0.087806,0.034788200000000005,0.832257329901148,64.19182535466295,71.71072237432004,176.602743,55.861980599999995,0.7630990788050221,0.9960044704975464,5.415453064517952e-05,0.003775099185969112,train,0.058823529411682896,-1.4120691887659043,0.05239974588500818,-0.006054425314064568,0.006054425314064568,-0.39135819351168105,0.05234857181624074,-0.008552942959685013,0.008552942959685013,-0.5921933071110341,0.5921933071110341,0.8307830261300925,0.0033544536020000456,0.6257405429408831,0.48186429083365334,0.48186429083365334,0.05700344895589016,0.9983228938359382
normal,0,N0493,1,3769.352,3771.052,1.7000000000002728,18,-0.0027492222222222223,0.034121819913114346,0.03327421767341462,0.125272,0.064092,0.02758688888888889,0.019929124112,1.9261760149873672,2.5224662602283097,-0.004067333333333333,0.04274949621581385,0.041743667425264766,0.16800500000000002,0.085719,0.03263222222222222,0.031365607861999996,2.053461166378491,3.0388089929828848,8.785898055555556,89.40212421916371,87.3263460744447,230.06215,116.04012,80.34740172222222,137266.0329368463,1.328809977931255,1.2698360021110093,-0.112899073875469,-0.22676490828657808,0.029141246264244317,0.02844867857329522,0.08576199999999999,0.0204435,0.8552708150594113,0.03120047099804745,0.03378462462570807,0.088601,0.026446833333333336,0.7269877478372168,91.51125132905861,36.107840996498446,93.156583,85.36878216666668,1.0696287891969045,0.03618438017754806,0.039636886707964336,0.096719,0.031920833333333336,1.0619808105064807,0.043702906263008795,0.047726272611284724,0.128893,0.0358895,1.018301210903965,93.87389519440697,32.60667409499834,86.554537,89.02983883333333,1.0972445398318604,0.03683697136030594,0.040094407621263095,0.09511700000000001,0.0336958,1.081133807180571,0.05293764018729962,0.05332426788714497,0.11652900000000001,0.0412142,1.2334754759949076,65.28736304034668,71.44769268272468,174.56653,57.314737,0.7631110061821414,0.993124876762263,0.0020374117152370734,0.004406128001666916,train,2.6749844169779134e-13,0.7060345943874977,0.052940967249421225,-0.019666749576006608,0.019666749576006608,-1.271259151291014,0.054346591522921886,-0.01260292409765712,0.01260292409765712,-0.8726080994389992,1.271259151291014,0.587309970462509,0.3434614682736539,0.5872620350305334,0.5453289906642509,0.5453289906642509,0.10584740953756908,0.9942174585260259
normal,0,N0497,1,3803.822,3805.522,1.699999999999818,18,-0.001834666666666666,0.042234800937559706,0.04108583224719251,0.13584200000000002,0.075618,0.035721888888888886,0.030384821006,1.840488457068243,2.098949613926652,-0.0008892222222222226,0.0442279429168212,0.04299103186841543,0.158571,0.101423,0.03532866666666666,0.03326811878,2.3591664491894475,2.835672256742555,9.068867277777777,91.08139429021873,88.97856949416091,233.23181,117.02157,81.7102482777778,142509.34492609,1.315165782786375,1.2682955333233767,-0.02266021266659703,-0.04532818484656352,0.027013687070939922,0.029481303883987217,0.070493,0.025985833333333333,0.6699299541882702,0.036414577069721225,0.039884698015237204,0.09687699999999999,0.0333955,0.8361694884830015,88.634643335922,43.58844031043712,110.216988,79.20105149999999,1.0182261407444844,0.047115324745069236,0.0498050756881264,0.13584200000000002,0.0375645,1.1684435103264659,0.03832295409411962,0.041865434608596465,0.109287,0.030242833333333333,0.8799905834601218,97.73883435018263,24.539746988574112,66.949022,95.13699116666668,1.1228141994555438,0.0445952972296407,0.04658241211766519,0.10996700000000001,0.04186260000000001,1.1059477127875823,0.05562940097106925,0.060268707098294384,0.158571,0.044407999999999996,1.27738975700675,69.80174588692445,71.3057854324929,172.012825,61.5469286,0.8018756510623346,0.9929335182204931,0.0019242457164567357,0.004847481883178301,train,0.0,0.7060345943778656,0.053607663190174654,-0.012521830942982141,0.012521830942982141,-0.8094114442076166,0.056807824052857794,-0.013816792184442366,0.013816792184442366,-0.9566545569096297,0.9566545569096297,0.711723782752651,0.15132431686816075,0.5935797308743026,0.5346285627035119,0.5346285627035119,0.07094610839514795,0.9974021417824923
normal,0,N0498,1,3810.729,3812.329,1.6000000000003638,17,-0.003225352941176471,0.03280587785355922,0.031989390957371,0.126838,0.064779,0.02606782352941176,0.017396459275,2.0250151084878225,3.62110039220472,-0.0012044705882352964,0.0417703411916243,0.040541079523628586,0.155506,0.089729,0.03420376470588235,0.027940845192000005,2.213285907882724,2.5742418791269,2.77458994117647,89.42775823225487,86.80202458263508,232.88753,116.90916,79.01032735294119,128088.05501795455,1.3468483086901168,1.2815408300686506,-0.11790477173838157,-0.23691145401878405,0.031045700953057358,0.03354580836209893,0.08834,0.025824666666666666,0.9556222472272679,0.03152709509823785,0.034532525977692394,0.08133499999999999,0.028812666666666664,0.7581177926546532,85.7265547443532,48.21315754430851,122.893348,75.56069783333334,1.008801048254883,0.03401037106530889,0.03788171313707974,0.090224,0.0297336,1.0468781901754112,0.028799159966915705,0.03214394693717621,0.07014100000000001,0.026085999999999998,0.6925203706968458,101.0144625287447,22.140136369749964,54.768325999999995,99.0543948,1.188703966837226,0.03262017461633215,0.03635242100328395,0.09423200000000001,0.023392800000000002,1.0040863506009954,0.05926151695155972,0.06588548068580816,0.155506,0.052342200000000005,1.4250348876320638,63.91882902454146,71.42134882919186,176.751635,56.505996800000005,0.7521751214133501,0.9963689499461582,6.288214137441058e-05,0.003418039862801713,train,0.058823529411415394,-1.4120691887562722,0.05272939597760177,-0.020740005020230767,0.020740005020230767,-1.340634408237765,0.05356553667502002,-0.013024457151391437,0.013024457151391437,-0.9017944338181929,1.340634408237765,0.5680426252622293,0.3768177470560992,0.5737887998839677,0.5685387237140116,0.5685387237140116,0.0870461435889654,0.9960892742638873
normal,0,N0498,2,3812.329,3814.029,1.699999999999818,18,0.00033388888888888954,0.0263485878154652,0.025608401431735033,0.101997,0.052438,0.020756777777777777,0.011804224030000001,2.0476873630626775,2.603441755717277,-0.0016687777777777786,0.03586696710895376,0.034896350772283084,0.139725,0.079878,0.028972555555555557,0.021919595349999998,2.2890072523985583,3.008781174898532,8.57440088888889,90.31615928688645,88.18935215160077,233.33136,117.88537,80.83182266666667,139992.51299254294,1.3367301961505587,1.2762569467314115,-0.1535077659532623,-0.3094617827591087,0.0205135019519665,0.02246720685799639,0.047378,0.020142666666666666,0.7914741010135233,0.02908610504461996,0.031854796258439115,0.090213,0.021936999999999998,0.8184780329086755,93.37778294917932,35.16039255151179,91.271058,87.68807983333333,1.080441744634296,0.02685268812428283,0.028852217854092258,0.085024,0.0194225,1.036059432598531,0.040100754292573274,0.04348697797003911,0.12176400000000001,0.031593500000000004,1.1284283832843576,94.43926815602022,35.31048359023416,92.85082,88.76795683333332,1.0927238195836109,0.03022742932503523,0.0315111826896421,0.078848,0.0233244,1.1662673446494887,0.03672677656696814,0.03971830057039198,0.084036,0.0358178,1.0334852257974882,65.03891478714712,71.960598400176,176.686189,56.4323256,0.7525425892794143,0.9934286411320606,0.0018441681495979174,0.004278129281601644,train,0.0,0.7060345943778656,0.053289202628256566,-0.027680801196521533,0.027680801196521533,-1.7892876349570404,0.05563216743552683,-0.02073581666324375,0.02073581666324375,-1.435717729363486,1.7892876349570404,0.447580467845567,0.6151578694722855,0.48612781856574916,0.7343285173862333,0.7343285173862333,0.13355404072633956,0.9907939706867871
normal,0,N0504,1,3859.636,3861.336,1.699999999999818,18,0.00042794444444444374,0.03554021739393974,0.0345415340544298,0.111523,0.066108,0.02928338888888889,0.021476116346999998,1.9138698326434618,2.0811354348659843,-0.0008654444444444432,0.04300019342257758,0.04179763727905097,0.155858,0.101975,0.036296444444444444,0.031446764678,2.439731205838039,3.0515920760975908,8.930220777777777,90.59410103869543,88.49338600761718,232.01683,116.55225,81.03159733333332,140959.4286076764,1.3170730069020935,1.2666050146699508,-0.09505085132282202,-0.19067732791976394,0.03921723855228293,0.04295858215071815,0.1073,0.03696633333333333,1.1485860862414603,0.05424658457297872,0.05931674216750838,0.155858,0.04539616666666666,1.273890959903639,87.17505466229332,45.00652125071443,114.155665,76.88628633333333,1.007104618880381,0.0324955026785759,0.03558277045425215,0.104313,0.022999666666666668,0.9517213251074679,0.03718974416645894,0.0405299604872741,0.09461800000000001,0.034846833333333334,0.8733393865754985,97.58732328445016,22.673254856241876,61.75459,95.36712533333333,1.1273941198508133,0.02917202036883973,0.031322982142509996,0.080211,0.025318800000000002,0.8543838867831578,0.03121615037124213,0.034791255507670316,0.074228,0.029396,0.7330594557049067,70.19735992247602,70.4070069774133,169.28173800000002,61.6992064,0.8109669180593357,0.9931089548423557,0.0018003449112543916,0.004808993411715575,train,0.0,0.7060345943778656,0.05341188466704074,-0.018870350612610942,0.018870350612610942,-1.2197799037222863,0.056085071085057434,-0.014287433806006465,0.014287433806006465,-0.989241096963956,1.2197799037222863,0.601638497204152,0.31935744548585404,0.5802665457591951,0.5573125482442758,0.5573125482442758,0.09031202080939096,0.9957903168502278
normal,0,N0505,1,3866.29,3867.99,1.699999999999818,18,-0.0011356666666666672,0.04068641195057343,0.0395563910372128,0.122502,0.066263,0.035282777777777774,0.028164745294000003,1.6751528201261556,1.5706837204592332,0.004722722222222224,0.04600003528618283,0.044952770944749455,0.161603,0.10951,0.03776361111111111,0.03637352908099999,2.4361123396507978,2.6620705467762047,9.152400388888887,91.20977192272177,89.11122207454112,233.52267999999998,117.13089,82.08930149999998,142934.57819312732,1.3144347846786408,1.2682027035096841,-0.06385556052046298,-0.12788512903905816,0.035484132493740536,0.03856838886834657,0.098581,0.030890499999999998,0.9171856841330874,0.03875173504072645,0.038309034029412256,0.087455,0.03781466666666667,0.8377685317397732,90.03927779831989,41.089264917049704,104.628572,81.85433283333333,1.0327616686312437,0.03908288133782701,0.04276709569127493,0.104245,0.03604833333333333,1.0102053154054276,0.0616868292749757,0.06756159191927516,0.161603,0.05592766666666666,1.3335992397518635,97.18499538086559,27.33623208297588,74.280388,93.92656,1.1147239343731754,0.041774266858916866,0.04656657873733049,0.117245,0.03626120000000001,1.0797716284852847,0.030105033173873107,0.03360657394320344,0.09131500000000001,0.0233704,0.650836650631167,69.14183040562912,72.49270739507426,175.69461,61.158236,0.7930653586747053,0.9924516814314004,0.0020711821364544167,0.005154568447610038,train,0.0,0.7060345943778656,0.05366119041646537,-0.014104799379252568,0.014104799379252568,-0.9117345608485424,0.05700542980164193,-0.012052658856892474,0.012052658856892474,-0.8345085360194081,0.9117345608485424,0.6842094542952379,0.1907501169608711,0.6197416448070313,0.4914974186018989,0.4914974186018989,0.057943122108405694,0.9982671456001688
normal,0,N0506,1,3873.48,3875.18,1.699999999999818,18,0.004317999999999999,0.0353947228602364,0.03466745282762429,0.127327,0.069604,0.030121222222222226,0.021632981139999997,2.00776216083972,2.013212198371009,0.0021975000000000007,0.044089341932369686,0.04290345320017959,0.13734,0.078874,0.03686272222222223,0.033132713337,1.838406797513209,2.008080176598066,8.921200333333333,90.03555933760049,87.95245361556381,231.1385,116.49646,80.97899888888888,139241.41374596226,1.3245390573093134,1.2632638680804602,-0.1061738323579343,-0.21315102892957313,0.03950602613104318,0.04302164385825658,0.106652,0.03551466666666667,1.1352714475031145,0.045230312295332795,0.04931697691735237,0.137318,0.03671166666666666,1.047290973944242,92.2871222161142,35.556528826647714,92.12757500000001,86.39072466666666,1.071101571979604,0.03627288650861228,0.03928355368344366,0.098717,0.030263333333333326,1.0423617965308394,0.04083308161078873,0.04378223711697092,0.110933,0.03759083333333333,0.9454747411443448,94.24085340345205,33.28207229027735,88.21405299999999,89.20907,1.0937769409339275,0.025797323295256816,0.028694562016173028,0.064248,0.023032000000000004,0.7413290433709,0.043427180500235106,0.048298058723928027,0.119243,0.0359946,1.0055401312459362,66.05078561018728,72.47758623965638,177.169103,57.9675024,0.7665977505711656,0.9925598366832399,0.0022061603448230217,0.004830453333732001,train,0.0,0.7060345943778656,0.05319361065778722,-0.018526157830162933,0.018526157830162933,-1.1975312742370576,0.05527927183059193,-0.012375818630412344,0.012375818630412344,-0.856883647826892,1.1975312742370576,0.6075454641413792,0.3095871969301465,0.5992815428810376,0.5250685986782861,0.5250685986782861,0.11464464420943093,0.9932163125440415
normal,0,N0509,1,3899.637,3901.337,1.699999999999818,18,-0.009220166666666665,0.03590887776720403,0.03609463953968788,0.11798299999999999,0.067045,0.031074277777777777,0.023450814062999998,1.8574780315032824,1.6779089058418715,-0.0011542777777777775,0.039021105863374164,0.03793926167573639,0.134105,0.082483,0.031296722222222226,0.025908976377,2.1740802629469997,2.963300779410551,9.2332905,91.50258115638809,89.40259934482908,234.34046,117.80371,81.93471327777779,143870.8458530166,1.3176765649243238,1.2708802362544267,-0.024915911572133714,-0.04984213889557295,0.03541679337781254,0.036416169899739136,0.100828,0.0291955,0.9863934458627557,0.018404273883168187,0.01920485658802655,0.045765,0.01610083333333333,0.48624489197048876,88.59106114235334,44.58282222198294,112.643849,78.68938566666667,1.0131043053851867,0.03351726170945353,0.03288204694814482,0.071548,0.029153166666666664,0.9334895714806137,0.02983645557311838,0.03152774509380587,0.083355,0.02554383333333333,0.7882856019764796,98.30245021051198,24.083409612577498,65.579183,95.81247066666667,1.1241612218433026,0.03911458454336438,0.04298491815509249,0.10957,0.0340144,1.0893806624342752,0.05827648250538119,0.06475478663002451,0.134105,0.05480879999999999,1.5396772575833442,70.6011965521014,71.33432874252709,172.10950300000002,62.0019982,0.8073768986393214,0.99302126838712,0.0019835287829823287,0.004721807232509139,train,0.0,0.7060345943778656,0.05377876534066186,-0.017684125800973977,0.017684125800973977,-1.1431023042311275,0.057439479584231165,-0.019500217908494773,0.019500217908494773,-1.3501666721091516,1.3501666721091516,0.6222965198232223,0.285597508320124,0.5213451548721629,0.6643878001061658,0.6643878001061658,0.07949048042588604,0.9967387166563384
normal,0,N0510,1,3906.425,3908.125,1.699999999999818,18,-0.0051339444444444444,0.053019586523419614,0.051780913674291655,0.158911,0.082025,0.04593794444444444,0.048262734377,1.58407788081816,1.7771435520157552,0.0028301111111111114,0.03141141648750712,0.030657319207654146,0.103792,0.065729,0.02505433333333333,0.016917681977999997,2.143990462923111,2.534877326750136,9.074159944444444,91.00256285903319,88.90289846982913,232.60203,116.66085,81.86098983333333,142267.0564140614,1.3122277451909068,1.2633917060055826,0.2562354107787698,0.5241501859957755,0.06331417552439053,0.06932733364265498,0.158911,0.06087033333333333,1.2254386597465003,0.024938630659414054,0.02584772091113644,0.074421,0.016541833333333335,0.9161296515052751,89.57256644746674,41.930251421046385,106.405751,80.98223883333333,1.029632536391605,0.04776382281950779,0.05165257147777511,0.141359,0.042895666666666665,0.9244633533569238,0.024054182394474908,0.026311487002194815,0.064635,0.022112666666666666,0.8836391233845069,97.15909991108958,26.13380526241714,71.218737,94.18462833333335,1.1168393900341322,0.039089455040969806,0.043514634857711953,0.108424,0.030119800000000002,0.7565719524717482,0.032845537285908416,0.03456798606659057,0.086421,0.0306644,1.2065927371150134,69.1064256899824,71.95296070940255,174.137855,61.1671528,0.7943751885893061,0.9927342934813063,0.0019782671091495615,0.00501232688382601,train,0.0,0.7060345943778656,0.053577128842245296,-0.0017962151679536409,0.0017962151679536409,-0.1161073903505954,0.05669510080705674,-0.026037781599402593,0.026037781599402593,-1.8028180554769984,1.8028180554769984,0.8977565822261167,0.08088475755571686,0.423647714877,0.8718978591353915,0.8718978591353915,0.05924355064941859,0.9981884912033274
normal,0,N0514,1,3946.985,3948.585,1.599999999999909,17,0.001770235294117646,0.04298816348648982,0.04174219804522827,0.132845,0.072832,0.037954705882352946,0.02962098866,1.7448050991729156,1.6279667537847782,0.0004400588235294119,0.036812882611713844,0.035716453037616086,0.118449,0.05929,0.031488764705882355,0.021686305299,1.6600192616427105,1.860266013679182,2.6633604705882354,89.17697269891381,86.55535755627966,230.98327999999998,116.25327,78.95290999999999,127361.10866882211,1.3431088875626247,1.2661974676756473,0.07779305375573442,0.15590110864275117,0.03779049322029726,0.04137737900230028,0.095197,0.03536383333333333,0.894932125390972,0.027881464520956096,0.030450153939950236,0.075703,0.025688500000000003,0.7961414531063564,85.51078231640771,47.794595489742754,122.017874,75.46397883333333,1.0085574558175736,0.041852881874489836,0.046409528264139896,0.119868,0.0344796,0.9911352125342769,0.03675228888382328,0.04072602130702188,0.106868,0.030625799999999998,1.0494434628769023,100.44739709093342,21.65491469366642,53.29334999999999,98.562322,1.1847274520150273,0.047335312522471,0.052789818992870205,0.117086,0.0455244,1.12096689489695,0.04051006784491974,0.04294814537322887,0.112534,0.036525600000000005,1.1567449857323897,64.33602369086,71.85903308093702,177.395365,57.09961139999999,0.7588116330286753,0.9959573584363328,8.556485925924234e-05,0.0038101729105958788,train,0.058823529411682896,-1.4120691887659043,0.052629862280629276,-0.01088766423540101,0.01088766423540101,-0.7037788701150424,0.0531980894508227,-0.017481636413206617,0.017481636413206617,-1.2104030308686575,1.2104030308686575,0.743337715370033,0.10786373655241067,0.506945159964479,0.6923972758818492,0.6923972758818492,0.09287529432036278,0.9955479637186567
normal,0,N0516,1,3962.777,3964.477,1.699999999999818,18,0.004723555555555554,0.03558004301690721,0.03489873161178084,0.126623,0.066458,0.030510555555555558,0.021922586426,1.9043098969695975,2.350993326793501,-0.002575111111111112,0.04233213045581458,0.04121995142727205,0.148455,0.077633,0.033610777777777774,0.030583519122,1.883384072806943,2.6662093727021032,8.936750444444446,90.63018319898498,88.52893154428226,232.60548,116.71699,81.59508666666666,141072.69096669988,1.3184050452661122,1.2665468602869245,-0.0830442614484679,-0.16647191203358624,0.03572778703847562,0.03912452065734054,0.104552,0.032349333333333334,1.0314506747366228,0.043451127432630174,0.046647359159620885,0.114293,0.038428833333333336,1.0253449276878872,90.83519681270367,39.2381425826596,100.624211,83.47458566666667,1.048125555784478,0.04040029295273324,0.043801136654962124,0.126623,0.03292433333333333,1.166344542436342,0.034032165008513145,0.03725285874354701,0.09842100000000001,0.0240785,0.8030794557360906,96.03728887953447,29.408814815201893,79.558024,92.208616,1.1081512487989562,0.024269125249996137,0.02710377631069147,0.055881,0.023697600000000003,0.7006424883639859,0.0495010300074655,0.05530102530966311,0.129938,0.044511800000000004,1.1681084711133427,67.58271293370044,72.34287128369539,176.05831799999999,59.77908,0.7798207197273449,0.9928296617582959,0.0020101112602253965,0.004830278728406697,train,0.0,0.7060345943778656,0.053426227802916754,-0.018527496191135917,0.018527496191135917,-1.1976177859215664,0.056138021448846095,-0.014918070021574047,0.014918070021574047,-1.0329054295616686,1.1976177859215664,0.6076160389321454,0.30947103987502755,0.5720169074100688,0.5716315585202175,0.5716315585202175,0.06691820417254976,0.9976887504259697
normal,0,N0519,1,3988.539,3990.239,1.699999999999818,18,-0.006426666666666666,0.05081600451571509,0.04980069396772164,0.216075,0.108108,0.03953122222222222,0.044641964154,2.1708131230072873,3.5826791106315867,0.0013587222222222219,0.0632058670134213,0.061440087299652245,0.243584,0.135591,0.05150905555555555,0.067947917893,2.2068816298828313,2.8048046365522663,8.968559166666665,90.12139925950653,88.04025696609904,231.53296,116.41885,80.5073073888889,139519.5632398215,1.3223365538883933,1.267418210359801,-0.10463243065373654,-0.21003359069905397,0.06621815514393818,0.07253831248841308,0.216075,0.05256366666666667,1.3197821973222201,0.05299553962992232,0.05798253540046922,0.146241,0.04821333333333333,0.8449655983731433,86.37754555354753,45.3981444419488,114.938747,75.82631516666666,1.0034558764939332,0.04212035023793922,0.04304360030674324,0.122252,0.036588166666666665,0.8394931611757198,0.060434128163094514,0.06477403309892013,0.175408,0.0514455,0.9635671156871517,97.1638934049113,21.98930181895847,60.042153,95.06777066666666,1.1287618697123776,0.03418109244889636,0.037985064170012926,0.103712,0.026736199999999995,0.6812572352856925,0.07497724050270188,0.08085222155574948,0.22239899999999999,0.059284199999999995,1.195443792593483,70.07824093077981,69.62345715867313,167.144794,61.469633599999995,0.8141053583509774,0.9932909495242932,0.001853171276568793,0.00458686121346517,train,0.0,0.7060345943778656,0.05322904057403695,-0.0034283466063153092,0.0034283466063153092,-0.22160840459335376,0.055410067980795244,0.006030019318857001,0.006030019318857001,0.41750975064480433,0.41750975064480433,0.8718843899993478,0.051642627405536684,0.8573479926658591,0.16695621257485885,0.16695621257485885,0.09846995501081506,0.9949954415278239
normal,0,N0520,1,3995.089,3996.689,1.599999999999909,17,-0.0006446470588235288,0.03496048406226159,0.033922777200577195,0.112647,0.057527,0.030446176470588233,0.019562831821,1.6958222394309503,1.7603135054981742,0.0030934117647058806,0.030987991010750487,0.030221501625011755,0.132345,0.069889,0.023301764705882355,0.015526765727999998,2.312558815481189,3.9948115195416873,2.8573209411764706,89.32240829086555,86.70255942229986,230.54638,116.77159,79.01165952941176,127794.67477641645,1.3468067237928205,1.2670428465783052,0.057702349192695165,0.11553303720006215,0.03636602616912292,0.03961897917244546,0.08876,0.03199,1.06581011904518,0.023897007622991906,0.023838901314168544,0.067053,0.019897333333333333,0.7776228753908516,84.07862337358458,50.41123781138421,129.431022,74.58649899999999,0.9917853643969183,0.03266308705251235,0.03566372475359241,0.083719,0.028187800000000002,0.9572849268139016,0.03606920343450906,0.035400230949811616,0.096083,0.0277532,1.1737133841316019,101.45945487922693,18.84105986095674,45.846228999999994,100.0501502,1.1968083966098924,0.03273553470160523,0.036011790733036314,0.08387800000000001,0.030824200000000003,0.9594082118037196,0.03218328070598148,0.028166532179166107,0.071173,0.0235138,1.0472631417674931,64.96686523145726,72.57275857382577,178.782365,56.4531394,0.7663444466854775,0.995900253697795,7.876835548924191e-05,0.0038800127788469014,train,0.058823529411682896,-1.4120691887659043,0.052689260353175574,-0.01876648315259838,0.01876648315259838,-1.2130659086845186,0.053417368524580414,-0.023195866899568658,0.023195866899568658,-1.60604802292155,1.60604802292155,0.6030652320166627,0.316988837429057,0.42822373424260723,0.8611543053153251,0.8611543053153251,0.05754708212050091,0.9982907526913101
normal,0,N0521,1,4002.714,4004.414,1.7000000000002728,18,-0.0010613888888888901,0.031034110328776832,0.030178404623357927,0.124761,0.062479,0.02399827777777778,0.016393249901,2.070321502404457,3.0161750627941544,-0.0005131111111111115,0.03250923978500102,0.031597468699600326,0.13119799999999998,0.066546,0.024275222222222215,0.017971200508,2.106054780294528,3.3615788746398616,9.132797,90.8003739447924,88.71345197492067,232.73696999999999,116.7344,81.70116866666666,141661.37810351804,1.3158590653534805,1.2689886122129184,-0.02297116980929916,-0.04595042304647069,0.03680031543795968,0.03975148262727652,0.103712,0.03198033333333333,1.1882896940444185,0.028554639856481004,0.03057833059973462,0.08122099999999999,0.017843666666666664,0.8939438430180312,90.37066783741841,40.620767902602566,103.526843,82.41249066666667,1.041330332107084,0.033010637775319235,0.035440937338996364,0.097502,0.027382666666666666,1.0659202290908416,0.036733132702870125,0.04014858637818605,0.112954,0.0317435,1.149983259447133,96.43140647479221,27.99335157442411,76.115971,92.98383216666666,1.1111674941984933,0.018114646692662818,0.01378138911721166,0.028371999999999998,0.013274,0.5849256377281877,0.02952001765243375,0.03205862558969115,0.08876,0.0228826,0.9241663757207997,68.17509134520085,72.06123196733525,175.117511,60.30173979999999,0.7855733747552752,0.9930791164640208,0.0019394249836498154,0.004682350400429373,train,2.6749844169779134e-13,0.7060345943874977,0.05350068445364855,-0.023322279830290622,0.023322279830290622,-1.5075527121877879,0.05641289207524301,-0.024815423375642687,0.024815423375642687,-1.7181837532941384,1.7181837532941384,0.5243383312548701,0.45687706113780885,0.43757190172713983,0.8395590687727448,0.8395590687727448,0.056612929736396554,0.9983457941608561
normal,0,N0525,1,4034.885,4036.485,1.599999999999909,17,-0.0014871176470588243,0.03804334258264242,0.03693741165730453,0.124943,0.069502,0.03127876470588235,0.023194330458999997,1.8816153293257538,2.1955082076291896,0.0037797058823529424,0.05020057296082972,0.048848159343370286,0.15396100000000001,0.088078,0.04387970588235294,0.040564425411,1.8030976230008966,1.7175141487007515,2.7838327058823533,89.45086851529302,86.82472925291965,231.75087000000002,117.20766,79.03356611764707,128155.07136732765,1.349934068421626,1.2680387512577054,-0.13884325239069892,-0.2794917945220115,0.0397053191461799,0.042963504910175414,0.10950299999999999,0.035431833333333336,1.0677790961644484,0.049051490780947046,0.05097420128424443,0.117643,0.044913499999999995,1.0832557080686804,83.413102041348,51.70947667369761,133.198038,74.10163616666667,0.9827053387945663,0.0328438250056232,0.03517904238605706,0.089055,0.021875799999999997,0.8832557081325408,0.04590170856950752,0.04894659282524168,0.125568,0.04216640000000001,1.013695751676073,102.14888653955668,17.58116878122811,43.197395,100.93124900000001,1.2034351162792525,0.038133652628616635,0.042631025362991216,0.096685,0.035409199999999995,1.0255129038838335,0.03958677706507566,0.042941911114900325,0.104904,0.0355128,0.8742364714517976,65.3580097178753,72.84314886041945,179.08444200000002,56.1644144,0.7699949229907007,0.9959051943672392,7.284329231115997e-05,0.0038760331251860795,train,0.058823529411682896,-1.4120691887659043,0.05273855763899346,-0.015801145981688934,0.015801145981688934,-1.0213864447948133,0.05359935865842676,-0.004751199315056472,0.004751199315056472,-0.3289661170884974,1.0213864447948133,0.6557341937501258,0.23325869306017752,0.6911803433587771,0.3823993292149159,0.3823993292149159,0.050234238236024645,0.9986975593852098
normal,0,N0525,2,4036.485,4038.185,1.699999999999818,18,-0.0021893888888888887,0.039606449933934765,0.038552767968792534,0.125215,0.064966,0.03549194444444445,0.026753686525,1.6851189531342676,1.5116446129993093,0.005241833333333334,0.046259292187369995,0.0452605166618765,0.16245300000000001,0.088078,0.03694783333333333,0.036873258633,1.9460228582452133,2.5835215925403783,9.001037222222221,90.63621151920866,88.54127233944989,232.44383,116.7034,81.64417966666666,141112.0243347954,1.3180677995294898,1.2651019601339333,-0.08003204650148536,-0.16040715608006925,0.03217585150647403,0.035213887376526136,0.083867,0.02977316666666667,0.8251379652275284,0.06098839304599961,0.06509451902784648,0.16245300000000001,0.05371600000000001,1.3117985997418984,91.106856687178,38.52235438368503,98.907716,84.04651199999999,1.0512775025227143,0.042825156008666994,0.04657724622495409,0.125215,0.03829083333333333,1.0982354913725574,0.039692076329329674,0.0434030873034012,0.128428,0.031352,0.8537363840754367,95.78498876744659,30.058511361472114,81.06292,91.77055983333334,1.1052582366698984,0.04155489315351442,0.04636910501616351,0.099693,0.040081,1.0656600641956322,0.03154564106180123,0.03511150489084739,0.08594399999999999,0.0286736,0.6785148075900274,67.56734235827929,72.65850223010752,176.83042799999998,59.7575726,0.7796562136964365,0.9925784642455483,0.002051644800482918,0.005015317945721178,train,0.0,0.7060345943778656,0.05343120749146598,-0.014878439522673446,0.014878439522673446,-0.961742677763284,0.056156404898777504,-0.010895888236901005,0.010895888236901005,-0.7544154239466888,0.961742677763284,0.671142304860379,0.21003301417291603,0.62800103785386,0.4782582887721733,0.4782582887721733,0.07360018779493606,0.99720413540983
normal,0,N0526,1,4042.048,4043.748,1.7000000000002728,18,-7.750000000000118e-05,0.05323654528970068,0.051736680485039925,0.175522,0.089902,0.04357072222222222,0.04818031393700001,1.7376839634308558,2.177082401738966,0.0023201111111111113,0.051857290531621934,0.050449605417463655,0.166235,0.087325,0.04538288888888889,0.045812928362,1.7309352427516023,1.8095496951068823,9.201375555555554,90.83379577480976,88.75284325670178,233.47976,117.28097,81.77116455555556,141787.20935067616,1.3214333839512689,1.271180029148805,0.01259537966564005,0.025192091575336428,0.049528821700097,0.05386771649389518,0.147615,0.043347000000000004,0.948004789836614,0.06611394717329569,0.07241118213577237,0.15315600000000001,0.06401916666666667,1.2775015502245322,91.78048840319511,37.984918072765,97.617634,84.97811316666666,1.0567319069311094,0.06011528248984058,0.06585110764874548,0.17492,0.05203783333333334,1.1506345959092015,0.04649307990622547,0.0508540856703438,0.12433,0.04105316666666666,0.8983729484375199,95.71864937316252,31.225787430437528,83.984741,91.37569883333333,1.1020746635888572,0.04472372034837889,0.04653894831428832,0.129632,0.0339606,0.8560329047661028,0.03559653015955347,0.03979514791026665,0.08649,0.0339366,0.6878219257163287,67.41610939394384,72.78296344141113,177.46975,59.472234,0.7762080489785068,0.992604145508077,0.002148796441731544,0.0048718430123994025,train,2.6749844169779134e-13,0.7060345943874977,0.053516579403055,-0.0017798989180150757,0.0017798989180150757,-0.11505270757401408,0.05647157124838546,-0.006021965830921808,0.006021965830921808,-0.4169521388757831,0.4169521388757831,0.8985062333977218,0.08171943632165984,0.6983322706436109,0.3721050859371236,0.3721050859371236,0.08039425169365257,0.9966641364101224
normal,0,N0526,2,4043.748,4045.448,1.699999999999818,18,0.001665833333333333,0.042079702268083934,0.040928034974004476,0.125011,0.076743,0.03481594444444445,0.030151872843,1.8750716971568138,1.836559773437149,0.0001472222222222221,0.037352093146412836,0.03630000826446187,0.122831,0.069839,0.030334666666666663,0.0237184308,1.9239389559140456,2.1770075917965195,9.463099111111113,91.03430612586598,88.97411220470093,233.62973,117.57351,81.46630044444444,142495.06756706478,1.3214350453927657,1.2740829548089232,0.05992676384654939,0.11999731097617593,0.03603268451697709,0.039076204454458814,0.102271,0.030305833333333334,0.8589162697334597,0.02258319367730496,0.024632682988257694,0.073365,0.017605000000000003,0.6050251807161093,87.86470056306736,44.770885346232326,113.58393799999999,77.78075249999999,1.0099448272076106,0.036273739197018734,0.039528147994393394,0.10186100000000001,0.03179266666666667,0.8646623247209978,0.04422700029582231,0.04844818573039311,0.116121,0.0419805,1.1848832910378961,97.70246451498197,23.499665376070446,63.943037999999994,95.31828966666666,1.1230232164908485,0.05335488012356508,0.05907751544200213,0.125011,0.0477642,1.2718279312832352,0.04216348046354807,0.04701709585033937,0.113942,0.0365452,1.1295996373052686,70.81761680445322,70.85842294259533,170.706056,62.045128999999996,0.8140002220287708,0.9929024481833278,0.0020336092354813753,0.004776538917658394,train,0.0,0.7060345943778656,0.05360586460969561,-0.012677829635691133,0.012677829635691133,-0.8194952033427654,0.056801184257244605,-0.020501175992782734,0.020501175992782734,-1.4194715512610454,1.4194715512610454,0.7090258018907083,0.15512228962030145,0.5012214786684694,0.7037520312822805,0.7037520312822805,0.08841242351325469,0.9959655449643898
normal,0,N0536,1,4116.185,4117.885,1.699999999999818,18,0.0013483333333333333,0.035063960026013634,0.0341027092651335,0.14554899999999998,0.084868,0.025688888888888886,0.020933906026,2.488599933224917,4.049032868386274,-0.0022647777777777783,0.044989569552685744,0.04378062051994137,0.156925,0.080682,0.03659966666666667,0.034501369196,1.8428701795866655,2.336980091744646,9.200647777777776,91.51100195613856,89.40737407284574,234.6572,118.20938,81.74582677777778,143886.21369483182,1.3221435169730795,1.2732232057337272,-0.12426165241510033,-0.24981443385783475,0.020088687442604773,0.021960975656073814,0.049387,0.018801833333333334,0.7068377604832051,0.041344508686160485,0.04445007023054069,0.117097,0.035507166666666666,0.923011728744521,87.93363239920127,45.71468430596277,116.18997499999999,77.40023733333332,1.0058971458963086,0.033308683489944986,0.03626366964745846,0.10816200000000001,0.025142499999999998,1.1719947014927443,0.04277908846621209,0.04143385371730063,0.10122600000000001,0.03506633333333333,0.9550385687018815,98.4859323352057,23.05250515993649,62.481767999999995,96.21138466666666,1.1266078239231279,0.03050634703795261,0.027466986598460343,0.07239999999999999,0.0227732,1.0733920811121913,0.050739686063277924,0.05666762046530629,0.143914,0.0431094,1.1327580575385396,71.16451464842847,71.03643385594495,171.103382,62.309154,0.814070569142103,0.993231298426094,0.0018048234480982008,0.0047021778246959444,train,0.0,0.7060345943778656,0.05378069201216942,-0.019677982747035923,0.019677982747035923,-1.271985263728346,0.057446592251789316,-0.01366597173184795,0.01366597173184795,-0.946211968548774,1.271985263728346,0.5879228666466093,0.3424184473159163,0.601582488341795,0.5212364441349111,0.5212364441349111,0.09297999199240477,0.9955379205621074
normal,0,N0537,1,4123.182,4124.882,1.699999999999818,18,-0.0015934444444444438,0.03133077393614636,0.03048970581833955,0.102384,0.062936,0.026171999999999997,0.016733198895999998,2.064172097132666,2.338491955788436,0.007806222222222222,0.05518955730779207,0.054199708335623605,0.18516,0.09679,0.04631211111111111,0.052876950905999996,1.7858029678064387,1.9467657101873344,8.968573222222224,91.19844183351722,89.08157434503087,233.35496,117.59283,81.80847755555556,142839.4839802067,1.320057833110799,1.2640894715639557,-0.2799641815197814,-0.5752864146653733,0.027703505755890655,0.02982430169788836,0.082232,0.02301516666666667,0.9045386937343337,0.04050195704530832,0.04169276446938965,0.11205599999999999,0.033336833333333336,0.8005946458029168,94.01483437873378,34.8795271277267,90.26219,88.4588675,1.07750870433468,0.022257465859796346,0.024374949152083717,0.060898999999999995,0.0195675,0.7267217106764854,0.06407860976566206,0.07019350555262692,0.170764,0.05819483333333333,1.2666299515229515,94.98533286677718,35.400319683925716,93.000306,89.31906066666669,1.0886316358945847,0.04091253692696164,0.04534347427359311,0.102384,0.037510199999999994,1.3358227307171295,0.04249655581808954,0.04677743080482296,0.106823,0.037527599999999994,0.8400215084660556,66.71372265048304,73.71984859583333,181.017303,58.0081774,0.7646093016010835,0.9922343356387181,0.0021115905849921966,0.005214813532021326,train,0.0,0.7060345943778656,0.053649227130700756,-0.023159521312361205,0.023159521312361205,-1.4970319977927278,0.0569612650988308,-0.002761556763207197,0.002761556763207197,-0.19120616612164934,1.4970319977927278,0.5275579346736873,0.45075551935240704,0.7474732902476589,0.3041015353565168,0.45075551935240704,0.13416455881441136,0.990709610920318
normal,0,N0538,1,4130.757,4132.357,1.6000000000003638,17,-0.0010221176470588237,0.036226308030011756,0.03515954109651671,0.116723,0.064585,0.028988,0.021015286612,1.8369124847991405,2.109270891780902,0.0014194705882352929,0.033034458250283234,0.03207955199463469,0.0969,0.052529,0.028479823529411766,0.017494660155,1.6374605234133406,1.5383842109828256,2.7916647647058817,89.98602799297242,87.34389483695932,233.41611,118.09899,79.53955394117646,129692.25140992677,1.352114995792777,1.277461296503501,0.0458065235600498,0.09167720322036287,0.03857570083182763,0.04200535144796037,0.104189,0.032286333333333334,1.0974911555423146,0.027241866966735837,0.029181223040967055,0.064418,0.022074499999999997,0.8333211572806426,84.9603478030691,50.28435641743618,129.195946,75.19138783333334,0.9947568092399197,0.03253893324004338,0.03355793455652478,0.069369,0.0263664,0.9257431665963467,0.04014865649308828,0.04367313465621629,0.0969,0.0386242,1.228136270283393,102.31458966579295,19.827454699117766,48.281914,100.7659312,1.1979486594210864,0.033301050968400386,0.03707767723981641,0.09837699999999999,0.026383599999999997,0.9474256622689519,0.0302874222079067,0.0314443821659768,0.080427,0.0277392,0.9264838476804456,64.90287774211313,72.53927242728815,178.982756,56.65345880000001,0.7599142569764858,0.9959469857911779,7.515818525853836e-05,0.003834490288419231,train,0.058823529411415394,-1.4120691887562722,0.052948048427786165,-0.01778850733126946,0.01778850733126946,-1.1498495287839727,0.054372733014832544,-0.022293181020197853,0.022293181020197853,-1.5435473680350693,1.5435473680350693,0.6204623779965462,0.28854923638513236,0.45121377868398643,0.8088588702908942,0.8088588702908942,0.06100317576875641,0.9980792838947731
normal,0,N0543,1,4170.662,4172.362,1.699999999999818,18,-0.003248166666666666,0.03997482989148223,0.038984106435970944,0.17241,0.089697,0.03053161111111111,0.027355689983,2.3008607404487247,3.6999458059545676,0.0041141111111111135,0.04588394120449459,0.04478056337544473,0.159956,0.084408,0.037236333333333343,0.036095379412,1.8849249236173038,2.3572155829421173,9.336247722222222,90.68759280200679,88.62563295098742,233.00150000000002,117.23484,81.5044603888889,141381.05068733665,1.3228096217358958,1.267867333124858,-0.06919930505849893,-0.1386201562643583,0.051835825822173096,0.05677199654641949,0.17241,0.037422333333333335,1.3290682079063654,0.034856304986807383,0.03653610600488235,0.09027,0.03224833333333333,0.7840808773151693,88.57743991918584,42.76357205972884,108.33157700000001,79.51117500000001,1.0222549394086173,0.0328048842171406,0.03574697662973285,0.088522,0.0306445,0.8411157338676125,0.04519865154699492,0.04917639100083156,0.149704,0.032385000000000004,1.01672849063731,96.86212660639403,24.88308020829844,68.140636,94.16102433333333,1.1178668908849547,0.025614375475502035,0.02859988626375986,0.07072,0.020496599999999997,0.6567514179605108,0.053007355629195466,0.059252844600913464,0.145208,0.0464924,1.192382667113666,69.66726114526188,71.44783232074353,172.236464,61.5624502,0.8040162583812526,0.9927341065069601,0.0019748755329213313,0.0050029658598094275,train,0.0,0.7060345943778656,0.053465248212957034,-0.01448114177698609,0.01448114177698609,-0.936061342215669,0.05628207257718214,-0.011501509201737405,0.011501509201737405,-0.7963477370361999,0.936061342215669,0.6780052289788662,0.19985920716873076,0.6207501253294735,0.4898714815841889,0.4898714815841889,0.06735146016174984,0.9976587255814586
normal,0,N0543,2,4172.362,4173.962,1.6000000000003638,17,0.002645117647058824,0.036446911451593456,0.035457497900344595,0.121185,0.064709,0.03066147058823529,0.021372980675000004,1.8249736679635007,1.9223960934652822,0.0028920588235294108,0.04973257256752182,0.04833428235248157,0.15354099999999998,0.083132,0.04227405882352941,0.03971544845899999,1.7199386430060826,1.8386154459610144,2.8797114705882354,89.42187188446523,86.79974088120807,231.76232,117.23484,79.14154888235294,128081.31528976269,1.3506358292065024,1.2691615116161115,-0.15367598603502622,-0.30980635146061,0.039627053111899874,0.04309171836289041,0.103394,0.0336,1.0940213002904058,0.044729564658064803,0.048978805209668665,0.120379,0.0414035,0.9878427692480126,84.48256090524472,49.55447769368166,127.697602,74.83834916666667,0.9953178710343146,0.030680825732043133,0.03429848985451109,0.08269699999999999,0.0256324,0.8470343925542515,0.05407815070432789,0.06043022143513955,0.152996,0.0454452,1.194304271815505,101.38865974687572,19.701038807056523,48.123605999999995,99.8456588,1.1944943889599593,0.03705003607555599,0.04073927512487182,0.09531,0.034392400000000004,1.0228751688581688,0.035150770660114974,0.03860189909447462,0.08200400000000001,0.031976,0.7762971738163136,64.88706441905613,72.52949468450947,178.552887,56.7955084,0.7644566419770072,0.9956733403047572,6.36644713144957e-05,0.004126509615231448,train,0.058823529411415394,-1.4120691887562722,0.052728474471192215,-0.01727097657084762,0.01727097657084762,-1.116396328359663,0.05356213476207426,-0.005227852409592691,0.005227852409592691,-0.36196888277144623,1.116396328359663,0.629643125712811,0.27386101567754306,0.6841060934514833,0.39268709489281867,0.39268709489281867,0.06471819696357738,0.9978382219260796
normal,0,N0548,1,4212.549,4214.249,1.699999999999818,18,-0.0002108333333333337,0.025956925502817616,0.02522647837205097,0.09462899999999999,0.050224,0.0218285,0.011454753798999998,1.9909239513845258,2.2468552239195487,-0.001958444444444444,0.039564576597257574,0.03849970154718375,0.14611600000000002,0.077159,0.030770777777777775,0.026680086346000005,2.0041454063075506,2.6821396617583515,9.06868211111111,90.63176437457629,88.54387551635729,232.10398,116.53282,81.60926644444446,141120.32204621116,1.3161025460024294,1.2662020798176143,-0.20828524778586616,-0.42275631729119717,0.02999170443083665,0.03266687985508666,0.083401,0.027349,1.1827012642982089,0.03168489146002134,0.03470883161627119,0.084514,0.0277105,0.8223125657288474,90.45931562303157,39.73151145399382,101.567642,82.86973883333333,1.0441416861220545,0.020271740017406826,0.022199549815255265,0.059798,0.017693999999999998,0.7994014679426084,0.04362696480580178,0.04778794534363941,0.14611600000000002,0.03198016666666667,1.1322431515880857,96.05593506367119,28.695909493606955,77.73305400000001,92.41498783333333,1.1087415962483376,0.024776449955552553,0.027600738336138762,0.073728,0.019958399999999998,0.9770414600753609,0.03948661033818933,0.044133506090044565,0.11671200000000001,0.03155480000000001,1.024789240641755,68.02660669153033,72.39824016088187,175.936958,60.1927592,0.7852084146651639,0.9927638343265215,0.001978369306923914,0.00492279468278177,train,0.0,0.7060345943778656,0.0534322579108321,-0.02820577953878113,0.02820577953878113,-1.8232222472450468,0.05616028271796904,-0.01766058117078529,0.01766058117078529,-1.2227929051236588,1.8232222472450468,0.43913991067915537,0.6341961419950968,0.5341773246648409,0.640072255373911,0.640072255373911,0.0620081238338824,0.9980154800405668
normal,0,N0549,1,4218.836,4220.436,1.5999999999994543,17,0.0010201764705882364,0.047207557820802507,0.04580941925168305,0.162409,0.095986,0.040199,0.035674549167,2.095333264817005,2.2326700473499437,0.0043425882352941154,0.0633659056591741,0.06162714987730651,0.21821000000000002,0.147532,0.05298447058823529,0.064564395234,2.3939448813343054,2.765192590658574,2.5928652941176455,89.20787077580579,86.58317914720004,231.13135,115.73078,78.83786023529413,127442.99749101432,1.3366427652563568,1.2715223289612336,-0.14722855312407904,-0.29661278770388627,0.03922052282712883,0.04287754717992468,0.09756999999999999,0.0371705,0.8743156511169019,0.07068799588096035,0.0744345771721718,0.203485,0.05651666666666668,1.169186295241835,86.42546051387367,46.50050291202549,117.897767,76.00477216666665,1.0186241073865283,0.05435434109250153,0.06045187172701934,0.162409,0.0424968,1.2116832642131201,0.055753213909155046,0.05982315013688263,0.13947500000000002,0.053072799999999996,0.9221635555780159,99.86243159158198,23.83995398174781,58.802854,97.5593692,1.1769943675925707,0.040484930648328886,0.04114985729987408,0.09346,0.037780400000000006,0.9025022092702053,0.05091572943010833,0.0561175081877305,0.145254,0.0436602,0.842151093973203,64.03263457048152,71.26379828385086,176.56149599999998,57.135565,0.7546987293460131,0.9961933354093013,9.704309425266287e-05,0.0035572361548639967,train,0.0588235294119504,-1.4120691887755363,0.05264108869317771,-0.006831669441494659,0.006831669441494659,-0.44159927203683574,0.05323953384859041,0.0083876160287161,0.0083876160287161,0.5807463113264818,0.5807463113264818,0.8155039463087304,0.01520794626067297,0.8744302388278942,0.14722758923453927,0.14722758923453927,0.11823234542056611,0.9927850903206907
normal,0,N0549,2,4220.436,4222.136,1.7000000000007276,18,-0.0006768888888888896,0.047014013340065636,0.045694422143189424,0.136126,0.070783,0.03939344444444445,0.03758364387,1.5490512119442554,1.5619190439767252,0.005765,0.04539765654744747,0.04449365547156384,0.139339,0.077971,0.03777688888888889,0.035634336790000005,1.7524071504943382,1.9088719358732191,8.680039555555556,90.33688749940379,88.21973220087916,231.65501999999998,116.94313,80.7597731111111,140088.98069270706,1.325589265377917,1.2699627378207043,0.013314028897937704,0.026629631355991477,0.04451519074615616,0.048660085809281786,0.11349899999999999,0.03870716666666667,1.0169534669796252,0.04471186419173328,0.04822286519242367,0.117382,0.03602583333333333,1.0522187734245756,93.96936240405127,33.55645392949992,87.242251,88.83624299999998,1.086537060070088,0.03410506047250662,0.03621084124264445,0.107765,0.026854500000000003,0.7791331208001224,0.050199198536098825,0.054949415136711574,0.137159,0.044892666666666664,1.1813539888215303,93.8644599226928,37.00661942584827,96.06076,87.57451266666665,1.0853241069247939,0.05235430572359832,0.05483803987470741,0.12819,0.0489858,1.1960387414833649,0.026763334104703773,0.02991950067598054,0.071344,0.02484,0.6298302048790475,65.28403408783899,72.57039059637569,178.752562,56.2964744,0.7548579734138736,0.9927669426718141,0.0021787204006571016,0.004568263721351349,train,5.349968833955827e-13,0.7060345943971297,0.05330146141559253,-0.007607039272403103,0.007607039272403103,-0.491719195991116,0.05567742303755545,-0.011183767565991612,0.011183767565991612,-0.774347769192839,0.774347769192839,0.798366423049264,0.036446538623931,0.6196107803074712,0.4917086006634246,0.4917086006634246,0.15779047746072644,0.9871495046310664
normal,0,N0550,1,4226.628,4228.328,1.7000000000007276,18,-0.0001862222222222218,0.02511286655354079,0.02440602993342242,0.087727,0.046835,0.02060344444444444,0.010721777348,1.9189929754147608,2.328955390832097,-0.00543611111111111,0.044892591918527035,0.043965128370865324,0.169004,0.092785,0.036157555555555554,0.034792785228,2.1104225880410823,3.047365069741451,9.77794511111111,88.82968115432584,86.87892472617423,228.79746,115.50213,79.56300455555555,135863.0561083725,1.3294608602033304,1.268078373357288,-0.2860723574421325,-0.5885665524638327,0.024059152676268545,0.026312790565933265,0.075136,0.0193015,0.9612534014129352,0.03406991277750306,0.03508723107722618,0.091768,0.030883999999999998,0.8251263342207859,85.63851674435355,43.79778160878317,110.567822,75.73253916666667,1.008755700761259,0.023716809411610716,0.02584939043510827,0.067541,0.02005,0.9475755037732673,0.04431360230598877,0.04839686050423794,0.118755,0.04031933333333333,1.0732143773201062,95.10245934701008,22.25021523151539,61.078675000000004,92.90811433333334,1.1202336480102297,0.02757402062086703,0.030203176907404955,0.06865399999999999,0.025251600000000003,1.1016855609625624,0.04524759315366951,0.04820218334577803,0.132152,0.0294794,1.0958343484769286,69.64440268923244,68.74174525185707,165.02299,60.9576062,0.8203573685027432,0.9925641473451743,0.0025156075915897112,0.004663811816300996,train,5.349968833955827e-13,0.7060345943971297,0.05276042629282979,-0.02835439635940737,0.02835439635940737,-1.8328288419965952,0.053680090876695605,-0.009714962505830281,0.009714962505830281,-0.6726498471818648,1.8328288419965952,0.432999616287468,0.6482773656067935,0.6216995043738248,0.48834324380870636,0.6482773656067935,0.09720849018368226,0.9951228435799739
normal,0,N0550,2,4228.328,4229.928,1.5999999999994543,17,-0.0016622941176470585,0.0379428624509352,0.036847497915693805,0.168448,0.092123,0.027447941176470588,0.023081547745000004,2.5001154816746367,4.53301653856658,-0.003902176470588235,0.038374601254011896,0.03743277819913828,0.14401599999999998,0.076219,0.02983005882352941,0.023820619023,2.036156643103626,2.8824286781326465,3.4915281764705886,88.70210187362984,86.12448210445068,229.67377,115.50213,78.81302900000001,126096.24910191739,1.3411068162931938,1.2727177481360599,-0.00787934986310222,-0.015759025859989294,0.03306242844730758,0.03602266649995065,0.09317600000000001,0.02201183333333333,0.8715323647137081,0.04519181885216246,0.04892187127826027,0.136228,0.0385425,1.1958732311419331,81.11333162785216,53.499546914018936,137.887015,72.22430766666666,0.9656624728446748,0.04740117002775353,0.052297582967093234,0.133378,0.03780360000000001,1.2495045205261917,0.02167651402785974,0.023250161777931783,0.059605,0.014858399999999999,0.573607425609285,101.66007454686088,15.442370089051252,38.288123,100.7174132,1.2102735395815862,0.03235153589862466,0.036163707532552575,0.086341,0.027617400000000004,0.8527930919770307,0.04061022830026938,0.04507862856387714,0.117404,0.034079,1.0746344397804837,65.93855302200556,72.51324831059932,178.05137200000001,57.5936382,0.7850051882860339,0.9959350616698133,2.6107942887056314e-05,0.00390710666994232,train,0.0588235294119504,-1.4120691887755363,0.05245599783150168,-0.015608499915807872,0.015608499915807872,-1.008933798603076,0.05255623637832814,-0.015123458179189857,0.015123458179189857,-1.0471262063017053,1.0471262063017053,0.6594565537047928,0.22759811507751562,0.5339640891799659,0.6404715199000187,0.6404715199000187,0.06836887763957528,0.9975874562943484
normal,0,N0551,1,4235.853,4237.553,1.699999999999818,18,-0.0029429999999999994,0.04090764681284791,0.03986387053600178,0.162931,0.088498,0.031947555555555555,0.028604307133999998,2.220005202958801,3.012329035906866,-0.003304055555555556,0.02906928928383562,0.028442830523115428,0.099295,0.05204,0.023095388888888888,0.014561902947,1.8296350624354072,2.3044445202953248,9.125631388888888,90.3800891815967,88.30644795775206,231.84111000000001,116.70674,80.84351127777778,140364.5175164731,1.3216106263931635,1.2666123719221265,0.16720233645648636,0.3375742872099408,0.03967625556299385,0.0426533832487725,0.10592599999999999,0.0360145,0.9868067439381603,0.025726441511280437,0.027702338359183086,0.075954,0.021447499999999998,0.883520213992052,87.03180586080047,44.89270916852732,113.39510999999999,76.77937516666667,1.0079492312163139,0.044590459084128446,0.04877433160450962,0.140338,0.03546033333333333,1.109030202450795,0.01841469209625836,0.018098957391702614,0.047797,0.014711000000000002,0.6324136470389825,97.20632330479876,22.623102604536914,61.779027000000006,94.987185,1.12578427938339,0.03494787645623121,0.03799311655023841,0.09564,0.022540800000000003,0.8692050115105252,0.04100729838455589,0.04096392821495516,0.099295,0.037318399999999995,1.4083089193689073,70.14617198973971,70.15177500810346,168.702505,61.575420400000006,0.8123901306024811,0.9931115779564492,0.0019011889429726941,0.00471011474658309,train,0.0,0.7060345943778656,0.05333645247213889,-0.01347258193613711,0.01347258193613711,-0.8708680105800193,0.05580659905523362,-0.027363768532118193,0.027363768532118193,-1.894627458459359,1.894627458459359,0.6958119077293586,0.1739348311419435,0.3957008746705266,0.9401415490441402,0.9401415490441402,0.09092275460065573,0.9957331884881654
normal,0,N0555,1,4260.918,4262.618,1.7000000000007276,18,-0.0042613888888888875,0.03992837727899779,0.03903669935742803,0.131369,0.069742,0.032777944444444436,0.027429550140999993,1.786575226594542,2.2339313231140943,0.0021379999999999997,0.045278362406731255,0.044054568769248494,0.157186,0.090506,0.037039888888888886,0.03493449053,2.054406671736079,2.202416105026468,8.759665333333333,90.41611262081372,88.30421514613572,232.35620999999998,117.02908,81.20632455555557,140357.41942635045,1.3252943792810699,1.2701363375994408,-0.0603898523261204,-0.12092685198164746,0.0430738894884902,0.04693994116741094,0.125488,0.038018,1.0922908132200255,0.0539711070033464,0.05826682080481138,0.157186,0.04703216666666666,1.19058035463841,92.36019224399928,36.62842911564667,94.53857599999999,86.09512333333333,1.0680732831095745,0.04214756165940484,0.04466877260346427,0.119221,0.0374375,1.0688004948448913,0.03927273084469681,0.04299166680648705,0.114804,0.03441366666666666,0.8663402404141689,94.98526237131544,32.96010204408409,87.476856,90.09380183333333,1.0984301630721929,0.030481569605254912,0.032553835442233225,0.087,0.0211508,0.772968005623068,0.04050457391209047,0.04493155308577704,0.115304,0.0355794,0.8935141902822987,66.03806036263862,72.31460074675448,177.177574,57.905920200000004,0.7636784444468748,0.9931060735619266,0.001960414021714939,0.004533825533634793,train,5.349968833955827e-13,0.7060345943971297,0.053335551500500726,-0.014298852143072693,0.014298852143072693,-0.92427813602787,0.055803272950230035,-0.011748704180981541,0.011748704180981541,-0.8134631571845437,0.92427813602787,0.6813911116637006,0.19487774652284548,0.6129091887633923,0.502583325221389,0.502583325221389,0.1052542330103745,0.9942820884817481
normal,0,N0555,2,4262.618,4264.318,1.699999999999818,18,-0.0017579444444444448,0.028838036380635382,0.028080614561769593,0.08477499999999999,0.043993,0.02488561111111111,0.014193376454999998,1.5666679909454102,1.6592252289572358,-0.0036685000000000003,0.0423388318467463,0.04130916340165272,0.15006799999999998,0.079471,0.0337793888888889,0.030716045657,1.9238104443630655,2.4415620658781556,8.958306944444445,90.57888383937207,88.48151222416958,232.38948,116.4868,81.29899005555556,140921.60409856567,1.3165100490696688,1.2717408385077698,-0.19064117551529994,-0.38600488445616626,0.025905371042186084,0.02751764318699308,0.062341,0.023569500000000004,0.9179285064089656,0.04619074930834817,0.05052461024886783,0.119311,0.03927033333333333,1.0907800705767874,88.88770635423089,42.72662510608835,108.281979,79.87315316666668,1.0269813179397171,0.03002100624285158,0.03281363367108251,0.08477499999999999,0.024904833333333334,1.063761541053361,0.03866997501723182,0.0422378534622677,0.11321500000000001,0.02943483333333333,0.9131793424029897,96.89371926669482,25.709640965253705,70.29606100000001,94.0083585,1.1194803375400044,0.028655406858043388,0.03172622243034932,0.07919999999999999,0.0263058,1.015373019552987,0.04174007739331589,0.04540369562932074,0.10083999999999999,0.03611879999999999,0.9856788479664922,68.72543412570256,71.16537854234994,172.309897,60.7211902,0.7940326037115003,0.9935287409041369,0.0018313112222116735,0.004362417402522527,train,0.0,0.7060345943778656,0.0534070934244452,-0.025326478862675604,0.025326478862675604,-1.6371041843861414,0.056067383318544814,-0.014758219916892093,0.014758219916892093,-1.0218376412483539,1.6371041843861414,0.48916894835541286,0.5263062799733963,0.5735621392888129,0.5689338261893997,0.5689338261893997,0.05764892485198421,0.9982846975295003
normal,0,N0556,1,4268.929,4270.529,1.6000000000003638,17,-0.0004097647058823517,0.03972008273299763,0.03853631898688332,0.11976500000000001,0.065156,0.03533941176470588,0.025245813978000003,1.6907686492365106,1.5067788797176838,-0.005402,0.03840842293853003,0.037651184271664334,0.136035,0.07236,0.032603529411764705,0.02409939851,1.9218518992098994,2.177912018225645,2.6622812941176477,89.34378669058903,86.71708127147076,231.3464,116.06087,79.00483011764705,127837.4871321287,1.338385336525194,1.2701183320636618,0.01161784646234697,0.02323673841662511,0.03316225362265558,0.036105989464353415,0.099715,0.029457999999999998,0.8772463897576815,0.026281832353040633,0.027066405756336887,0.07247899999999999,0.022657166666666662,0.6919245013174382,86.33519175130398,46.850423844250315,119.017738,75.98315699999999,1.016180934888678,0.04080373078776008,0.04417569926667828,0.100715,0.0393594,1.0793876052426286,0.043565921112722956,0.048188794332292645,0.11305599999999999,0.0387248,1.1469644823629728,100.24001978090733,23.146762427147834,57.01602199999999,98.0787616,1.1798432938869738,0.03985356733342701,0.04415373021048165,0.104246,0.035685600000000005,1.0542527796822831,0.04347365192389523,0.0478585195080249,0.11923199999999999,0.038566,1.1445353019462885,64.07738319890834,71.41447361065809,176.675698,57.1362324,0.7542024734462152,0.9960264460190689,9.1778477620219e-05,0.0037278359742216683,train,0.058823529411415394,-1.4120691887562722,0.05269512012842083,-0.01415880114153751,0.01415880114153751,-0.9152252360221526,0.0534390009788525,-0.015787816707188165,0.015787816707188165,-1.0931254226716955,1.0931254226716955,0.6849681617184291,0.1896418494987484,0.5334093225935712,0.6415110185988417,0.6415110185988417,0.11052765453204388,0.9936947806883268
normal,0,N0557,1,4275.185,4276.885,1.699999999999818,18,-0.0057227777777777745,0.029697552227425303,0.02942274411252477,0.11319199999999999,0.057446,0.024786222222222223,0.015582561679999999,1.9524351562961864,2.667626716913015,0.0025361111111111105,0.04041690113115739,0.039359958306493276,0.137919,0.070153,0.029434666666666665,0.027885713722,1.7823443676876747,2.796844121134624,8.990308388888888,90.27047682919466,88.1865964831847,232.48329999999999,116.96519,81.21158405555556,139983.76438718478,1.3263375009863632,1.2713332133962507,-0.1444725758707097,-0.2909810283558896,0.036348146000403744,0.03875777657537474,0.10764,0.032638,1.2156744547497373,0.05306667622277971,0.05722258667344565,0.137874,0.04897933333333334,1.3103210170956157,91.36819602728173,38.03528711160906,97.971095,84.51377416666666,1.058415834449611,0.02925533890591596,0.03045248103794938,0.086047,0.02283083333333333,0.9784534312306635,0.03171604146957813,0.033049354035543065,0.10105499999999999,0.02008283333333333,0.7831316878072122,95.21843650457454,30.985941841075682,83.259238,90.919984,1.103017300438813,0.020665718269636795,0.022609969829701232,0.053144,0.0187444,0.6911710376967601,0.03146738359317469,0.03360551035916579,0.08735199999999999,0.0227522,0.7769918338591347,66.62905325184778,72.03134105970081,175.75552199999998,58.7774348,0.7718358035118154,0.993089539686386,0.002030842176194522,0.004499343058029662,train,0.0,0.7060345943778656,0.05328809067637092,-0.02386534656384615,0.02386534656384615,-1.542656558511048,0.055628062457552044,-0.016268104151058768,0.016268104151058768,-1.1263798254065538,1.542656558511048,0.5142631459704652,0.47627911584632465,0.5483257747067726,0.6139305181652478,0.6139305181652478,0.08078311392976865,0.996631787614866
normal,0,N0557,2,4276.885,4278.585,1.699999999999818,18,0.0024649444444444428,0.028082516399882563,0.027402390898322075,0.091712,0.0473,0.023560277777777777,0.013516038485000001,1.7261267520600296,1.9031425559065398,-0.005540444444444445,0.04223368846315243,0.04141602812653307,0.155869,0.088214,0.034077555555555555,0.030875172944000003,2.1299483313680176,2.8087766156702068,9.082656555555555,90.54952444677686,88.46580699156773,232.68786,116.96269,81.00474233333334,140871.58212004765,1.322123134095736,1.2729879756449616,-0.20363207156714916,-0.41303769005939234,0.026455445309047438,0.028436997441713147,0.071082,0.0251595,0.9395889128127545,0.03467141903403051,0.03771785018661589,0.101249,0.028680166666666663,0.8815256068852956,87.51954955884996,44.60581339219652,112.616315,77.47003333333333,1.0118142979819258,0.028802103108974526,0.03129756270648989,0.091712,0.021274166666666663,1.0229325732660153,0.047247720904469735,0.05102575058014009,0.138669,0.03759833333333334,1.2012798150366903,97.36453783339971,23.49712665696922,64.203624,94.9724035,1.1256322957877265,0.02932781061040868,0.03212306685545451,0.068244,0.027852,1.0416035475762115,0.033737952955091986,0.035648308302077956,0.088816,0.029614,0.8577921031906399,69.79134985517679,70.28749482299406,169.441844,61.2936102,0.8068584220882341,0.9933995990069403,0.0018848684519206656,0.004447336190506427,train,0.0,0.7060345943778656,0.05340075613694564,-0.025998365238623568,0.025998365238623568,-1.680534935398177,0.05604398803863979,-0.01462795991210672,0.01462795991210672,-1.0128186283329454,1.680534935398177,0.4774389241410881,0.5505779632549914,0.5751480028891268,0.56617270386688,0.56617270386688,0.08198498784022182,0.9965308189774617
normal,0,N0558,1,4283.108,4284.808,1.699999999999818,18,0.0017970000000000004,0.04328623668095899,0.04210502518438598,0.154223,0.079386,0.036112888888888896,0.031910996624,1.8854281561964035,2.1278386035944705,0.0017549444444444444,0.059961592257507274,0.058298613583191,0.222921,0.127148,0.04868694444444445,0.061177110223,2.1809781088286475,2.5291155480872214,8.813011277777777,89.45352343988121,87.37877430056382,230.03271,115.49176,80.50626905555555,137430.9035688397,1.3217370113562554,1.2682195339867102,-0.16128487570186623,-0.3254112157181133,0.04099172849490492,0.04476572162566652,0.104643,0.038654,0.947317191515901,0.04703818071878773,0.05139272364450049,0.130562,0.039502666666666665,0.7841616427206224,90.74635862088975,36.71315288391878,94.733963,84.33082833333333,1.0607063549211115,0.03516166807523973,0.0384674077807001,0.09421,0.030221833333333333,0.8125847304582582,0.07044419413384376,0.07711786509687624,0.205324,0.05644583333333333,1.1743573868719341,94.28071057034842,31.445396692007655,84.22209,89.804463,1.1020183109080224,0.05353696131459087,0.05983754677708637,0.154223,0.0455668,1.2372370157832568,0.06019998396511415,0.0668709669161438,0.132186,0.059603,1.0035787438306276,65.85613610435706,71.56400761197594,174.647944,58.053881000000004,0.7697721775070855,0.9927322028096912,0.0022071119266554085,0.004674970304027206,train,0.0,0.7060345943778656,0.05296212279359123,-0.010857097609205245,0.010857097609205245,-0.7018030426848266,0.05442469116372796,0.0038739224194630426,0.0038739224194630426,0.26822474321258205,0.7018030426848266,0.7427331228986727,0.10867741580530683,0.8196697187510469,0.2118986307639956,0.2118986307639956,0.09164863920474871,0.9956647880938889
normal,0,N0561,1,4309.171,4310.771,1.5999999999994543,17,-0.008596000000000001,0.06551888674458686,0.06414127009325954,0.218108,0.109221,0.05568988235294117,0.06993974299599999,1.7028194147262106,1.8305919141681422,-0.007591294117647057,0.053987526365778124,0.052922873814859384,0.192143,0.107875,0.04045,0.047614119738,2.0383435785702075,2.8568169327844597,3.214275764705883,90.99028370413137,88.33204212604974,242.93747000000002,121.79495,79.44286023529412,132643.34432468985,1.3788309096963787,1.3664589296622396,0.09583119052328608,0.19225235329237353,0.06254065100796441,0.0644053952877138,0.152361,0.0550735,0.9478694413365043,0.056317861990372704,0.06086574921497311,0.172922,0.04970583333333334,1.0326183858640623,89.46100494520607,47.48755461873287,122.99431700000001,78.87356383333334,1.0416707774871412,0.0705798329028909,0.07857870834074585,0.188725,0.0646154,1.069711710784197,0.05243315389903606,0.0523639548611447,0.139157,0.0367406,0.9613901670173517,101.39630107147173,31.991862050303492,78.98009400000001,97.2750044,1.180643609314833,0.0652360421025065,0.07254718469037927,0.174421,0.0552628,0.9887209324833048,0.054434296473822454,0.05927876039780184,0.159615,0.0401986,0.9980821958414046,60.969549132083216,67.26213810619029,166.023394,53.99051380000001,0.709920458487549,0.9959851037010862,4.008902758754597e-05,0.003132623639005108,train,0.0588235294119504,-1.4120691887755363,0.05334678008758569,0.010794490005673847,0.010794490005673847,0.6977560857323255,0.0558447253757053,-0.0029218515608459145,0.0029218515608459145,-0.2023047443272804,0.6977560857323255,1.1192422439375789,0.3013929599627324,0.736057531782775,0.31949182401575377,0.31949182401575377,0.14840079517045432,0.988633395609164
normal,0,N0568,1,4356.936,4358.536,1.6000000000003638,17,-0.00614423529411765,0.057797175980459255,0.05640713059117093,0.191359,0.104037,0.04868247058823529,0.05408999448599999,1.844394474770257,2.073273670615844,-0.0063437058823529405,0.0495709256353519,0.04850745907893051,0.179586,0.095011,0.04108570588235294,0.040000550967000004,1.9586884533654858,2.450943747122155,2.9628846470588237,85.74168033865969,83.23439956606269,221.90848,111.09258,75.19829464705882,117775.40960909062,1.3346955174684287,1.3007550782147166,0.07529621511178985,0.15087799787113684,0.04710911254559285,0.04708198163098066,0.11415700000000001,0.0384515,0.8131031300703799,0.06212294631347315,0.06798079388376298,0.179586,0.056558000000000004,1.315245995044255,82.4618443637702,45.58791867089651,113.787788,72.18103483333333,1.0124615023371177,0.060225049471129534,0.06531476493489048,0.168743,0.05310060000000001,1.039484158955995,0.028255749938729285,0.03049994251306058,0.078838,0.0202898,0.5982211750930062,96.48466207298151,23.508183607345824,58.018691,94.165717,1.184632804039234,0.06671889468808667,0.07233597547071581,0.14812599999999998,0.0623688,1.1515679063836335,0.04134663944506252,0.04410226343964672,0.10692499999999999,0.03840899999999999,0.8753770573637976,61.30474562647153,68.47105223075826,172.667643,53.315455,0.7526959327220947,0.9965442634018107,3.303462894699659e-05,0.0027645966237303454,train,0.058823529411415394,-1.4120691887562722,0.051289807912031464,0.005117322679139467,0.005117322679139467,0.3307838573335831,0.048251028576043145,0.00025643050288736563,0.00025643050288736563,0.017754874347319444,0.3307838573335831,1.044566193053173,0.23234274450713022,0.7159658167294675,0.34716768404972725,0.34716768404972725,0.09757135521808671,0.9950863642017533
normal,0,N0568,2,4358.536,4360.236,1.699999999999818,18,0.0022387222222222227,0.040183360831839716,0.03911532527241294,0.155404,0.083269,0.03181594444444444,0.027540156080999998,2.128807556119891,3.0765881007312785,-0.005541722222222224,0.04607654133875318,0.045119965144169945,0.157958,0.083374,0.038442277777777784,0.036644602583,1.847829441658444,2.112935561184117,8.822667388888888,87.05754251650822,85.06349828563404,221.46263,111.43006,77.56986516666666,130244.37733062117,1.309963289139954,1.2986627823518142,-0.0712841356869546,-0.14281049377233127,0.04936095314280982,0.052754324595240536,0.137522,0.04009583333333333,1.2290361269353576,0.037430939855953395,0.03997616274106358,0.09348300000000001,0.030538833333333334,0.8388349824920569,89.62223875868224,35.26819218076245,90.12914599999999,83.63975049999999,1.0743862139135945,0.02999809131428198,0.03283440865159597,0.087647,0.0273215,0.7469211110589912,0.05757660116748817,0.06132879343016623,0.157958,0.051269,1.2903033538069282,91.16942200325073,35.25588138480646,91.147909,85.29976083333334,1.0929337571504727,0.038478254063821556,0.038358258478455455,0.10722100000000001,0.0314554,0.9580682976078757,0.033325824205861734,0.03221364898144884,0.086557,0.029649799999999997,0.7468385050398666,63.606772888551205,69.86116830235416,175.4699,54.659779,0.7625143139639776,0.9926916009213386,0.0025063007662828266,0.0037935507395177735,train,0.0,0.7060345943778656,0.05202787558316094,-0.012912550310747999,0.012912550310747999,-0.8346675532529549,0.050975743172962704,-0.005855778028792759,0.005855778028792759,-0.4054455376265752,0.8346675532529549,0.7087752041787745,0.15547579157645786,0.651646592799535,0.4412977284838737,0.4412977284838737,0.12373458796877745,0.9920979363820291
normal,0,N0570,1,4371.949,4373.649,1.7000000000007276,18,0.012683888888888889,0.050199141863873344,0.05040672024090086,0.156948,0.094502,0.04275611111111111,0.045735074018,1.8747897016183865,1.8608753609206725,0.00047594444444444377,0.055445097759720535,0.05388505159184276,0.168301,0.08526,0.04783194444444445,0.052264778131,1.5822569985793027,1.6356954694994963,8.52991638888889,86.02226233313628,84.03265701576032,220.84608,111.2497,76.25238949999999,127106.77401231142,1.3238864978306604,1.3070459450193515,-0.03335192498682324,-0.0667285991888526,0.05246496521012856,0.04847453142733821,0.131573,0.04684083333333333,1.0115157940891144,0.052743499065445655,0.05689934971743233,0.136704,0.046981666666666665,0.9516249203101184,83.6612318132966,43.050738686440795,108.650222,73.85614366666667,1.0167607748084768,0.05057237711768484,0.054351027061746195,0.125714,0.045950333333333336,0.9750270107735347,0.043820344352442815,0.04492370408036274,0.095833,0.04341783333333333,0.7906288441465008,92.63873715937746,25.25228007541365,67.98148499999999,89.72478799999999,1.1258671684592294,0.052675434515531055,0.058892854453660166,0.15668700000000002,0.0424006,1.0155736072551564,0.06929589723641653,0.0703050331484169,0.16627999999999998,0.062410600000000004,1.2502716705161747,65.74051853723516,66.58863830615698,162.963889,56.2926602,0.7989648145917777,0.9939690423977389,0.0017235647661216738,0.003376249559665926,train,5.349968833955827e-13,0.7060345943971297,0.05161191628735095,-0.0012051960464500924,0.0012051960464500924,-0.07790390055195616,0.049440151777551164,0.004444899814291595,0.004444899814291595,0.30775838599763977,0.30775838599763977,0.9245814034038444,0.11032689078801998,0.7877833906970922,0.2515769407049321,0.2515769407049321,0.0704559818794954,0.9974379120605892
normal,0,N0571,1,4380.0,4381.7,1.699999999999818,18,0.008375499999999998,0.07937928847831485,0.07759613982129952,0.29470799999999997,0.186993,0.06246327777777778,0.10838089647299998,2.4098234838825308,3.012619089156262,-0.00795822222222222,0.16927330608066093,0.16469646929899728,0.477484,0.259681,0.1422672222222222,0.488248685992,1.5767247537563394,1.5207304559154213,17.905648222222226,171.12996028882563,167.26955898462205,482.14835,242.23748,149.966814,503623.89653237915,1.4481862777092043,1.4495174611080064,-0.35948405439842984,-0.7525865184014533,0.03522301877797151,0.03589650532712063,0.10575599999999999,0.026699166666666666,0.45219259179568816,0.1686615908799827,0.18462244950574133,0.477484,0.1416585,1.0512653611249936,164.30940157909342,99.75996919564719,247.81492300000002,142.27312533333335,1.0156258780123804,0.09391555109866877,0.10287478608564232,0.29470799999999997,0.0744455,1.2056864497879685,0.16056053795531453,0.17582086758222604,0.39132500000000003,0.14463516666666668,1.0007716103906956,185.59124331847738,48.60842762903229,133.2946,180.208565,1.1471727584377094,0.09250071635290182,0.10341428389347383,0.22232,0.08902459999999998,1.1875228223407075,0.14981362733142803,0.16424474040802647,0.437759,0.1235898,0.9337862652445238,123.52713511853204,115.18962677529929,282.197986,104.455006,0.763543375226291,0.9982911907012125,0.0009724493032771382,0.00022707075698921071,train,0.0,0.7060345943778656,0.08519920478678597,-0.007603064965486447,0.007603064965486447,-0.49146229669932856,0.17343389764276634,-0.00873742834376906,0.00873742834376906,-0.6049668062714219,0.6049668062714219,0.7150361750003604,0.14668107161742,1.2096340126823708,0.17727301610700413,0.17727301610700413,0.1309189881733927,0.9911536611796844
normal,0,N0574,1,4406.021,4407.621,1.6000000000003638,17,0.011298470588235295,0.060180244785059706,0.05946661556656118,0.213872,0.114132,0.05050176470588236,0.060116732238,1.9192617389205826,2.4702275164871828,0.002188647058823528,0.11307899888017513,0.10972457304140057,0.34443599999999996,0.217887,0.09744535294117646,0.204671192795,1.9857630242752302,1.9062743093440013,4.06508529411765,127.56161430999322,123.8196911878595,364.88811,184.29448,111.50967952941176,260632.37073956715,1.4884101085374863,1.4703672681534135,-0.29704831491548084,-0.6125582722185638,0.06122543191762717,0.06446063793173837,0.169674,0.0486135,1.0226476849493298,0.09652158010085965,0.10572632736535714,0.248943,0.08646616666666666,0.8690364910041124,121.0786185390147,84.36884738294202,221.627019,105.86944316666667,1.0069645417006137,0.04136313941179997,0.04546765864325983,0.102691,0.0367072,0.6908880417311555,0.10127982677414095,0.11219729690505026,0.266621,0.0896762,0.9118775840318004,148.04989616075628,33.847717037481935,87.53765499999999,144.921487,1.2312743375768,0.07253122671374033,0.08109235759737166,0.199749,0.0661422,1.2114882453607718,0.13430472116124587,0.14978544048504847,0.34443599999999996,0.12079540000000002,1.2092187413560107,82.18645234865383,90.83624885375114,222.03627,72.9305356,0.6835132769258881,0.9980845839203907,9.460697289059352e-05,0.0009402711447241956,train,0.058823529411415394,-1.4120691887562722,0.06766655748213123,-0.008199941915570046,0.008199941915570046,-0.5300444366740074,0.10870885696928718,0.0010157160721133845,0.0010157160721133845,0.07032670072346521,0.5300444366740074,0.7402668722320737,0.11200344810236118,1.0886813816758936,0.07192239344020002,0.11200344810236118,0.06747628058665812,0.9976500395139026
normal,0,N0575,1,4413.121,4414.821,1.699999999999818,18,-0.010095666666666666,0.11068902759161123,0.10804310838066238,0.384819,0.211467,0.089734,0.210119638834,1.9572465395474357,2.422401993694252,0.012583222222222225,0.17334023146217234,0.16892573713584583,0.5416989999999999,0.283648,0.1484588888888889,0.5136462840039999,1.6791283839235074,1.7387744519624353,19.036693222222222,193.85229276776425,189.3499429908503,528.8117500000001,265.03816,170.81624277777777,645361.2163914887,1.3997266427104607,1.4094227397645245,-0.2198176067110582,-0.4469288939553141,0.08314911353907109,0.08800767293518598,0.219458,0.07598866666666666,0.8429708627563545,0.15928948809635868,0.1742117661303813,0.427712,0.14832666666666666,0.9191783181341949,195.19624461943081,99.51831559671456,252.573518,172.7666865,1.0593674677632248,0.1140019036441936,0.1243558975790855,0.35463100000000003,0.09417216666666667,1.1557583596565457,0.1725674192791521,0.18809662472428013,0.512317,0.14520766666666665,0.9957984805740329,208.75618054304113,65.95833221236302,180.38405699999998,199.88427883333335,1.1329598414814468,0.09585415175567515,0.10686416201047011,0.266655,0.076556,0.9717753270609636,0.18953460070129674,0.2118853841696024,0.5088189999999999,0.171051,1.0937074227739745,131.96879958556977,137.0677721958574,340.65536,115.52778560000002,0.7162199934393657,0.9981291878414446,0.001349571894566366,6.664710959204692e-05,train,0.0,0.7060345943778656,0.09410895767587035,0.013934150704792023,0.013934150704792023,0.9007038265512824,0.20632591378362208,-0.037400176647776256,0.037400176647776256,-2.589533731252559,2.589533731252559,0.879501735186358,0.06034132966139177,1.0960169150293047,0.07863779293654408,0.07863779293654408,0.029215888501222153,0.9995594487014623
normal,0,N0575,2,4414.821,4416.521,1.699999999999818,18,-0.038576000000000006,0.08012990848101893,0.08690338758644567,0.311431,0.211467,0.06675044444444445,0.13593957793199998,2.4333573854028048,3.284101533055152,-0.003173833333333334,0.1794207868120768,0.17439454573992083,0.561918,0.292712,0.15723127777777776,0.5474422365090001,1.6784469878807398,1.551606910449499,19.247851999999998,193.15219112138908,188.69444854548757,523.2230999999999,262.01418,169.64028155555556,640900.7084139419,1.3885632673334194,1.4154030924766088,-0.33483295118091144,-0.6965232224586425,0.1133074626984766,0.1050761016319442,0.311431,0.09363516666666667,1.2738195679476754,0.1896524657190972,0.2070663500037287,0.498726,0.16223733333333334,1.0768969480266146,188.55810036123816,112.58462285239955,279.332672,164.148389,1.027347120070037,0.059523740601264856,0.047219169130414254,0.115315,0.04728916666666667,0.6691748604158986,0.1545961113493264,0.16926437089121857,0.401475,0.14118200000000003,0.8778376798720843,209.8857547314411,54.67318982725827,148.09992,203.86531166666666,1.143549522688118,0.08511013988708983,0.09102552759143998,0.25506300000000004,0.06362680000000001,0.956821016347731,0.1833265693226162,0.20424152495685102,0.48055000000000003,0.1735104,1.0409768322660686,137.86477796755992,131.45762477021006,325.777686,116.84678879999998,0.7511476957644597,0.998881257596236,0.0009440420016034227,6.482999479595996e-05,train,0.0,0.7060345943778656,0.09384445622849052,-0.006941068642044856,0.006941068642044856,-0.4486708389119756,0.20534945731116983,-0.030954911571248994,0.030954911571248994,-2.1432729694461354,2.1432729694461354,0.7098758338477222,0.15392413460054102,1.1354300593370803,0.1139666571800737,0.15392413460054102,0.10857318727196928,0.9939158002609518
normal,0,N0576,1,4421.037,4422.737,1.699999999999818,18,-0.003264555555555557,0.05705874931746403,0.055547150474969366,0.19853500000000002,0.107809,0.048848888888888886,0.055538746666000005,1.9408556348643096,1.9909399085197772,0.004544277777777782,0.10636439707014171,0.10346745400232009,0.312567,0.191995,0.08740438888888888,0.192699252679,1.8556076579954777,2.085104677318443,11.592244055555556,115.08235619602601,112.43911197475262,318.11575,159.46414,101.66340272222222,227565.97023007722,1.4182266045982868,1.4480655688797628,-0.3013578764326227,-0.6220248909724546,0.05757907253942182,0.06259028283927147,0.168948,0.047432166666666664,1.0115327745719926,0.11650478463279236,0.12670226751193786,0.312567,0.10889866666666666,1.0952831012723878,119.47549602426207,55.83716150091405,139.642494,108.05663783333334,1.0949712843355226,0.04486300049223933,0.04904924722256194,0.113521,0.040216833333333334,0.7881404364835782,0.09699490324668267,0.10624998817019542,0.276191,0.0833085,0.9118670857208684,121.87361508838465,43.132346589930386,115.96681099999998,115.33796116666666,1.1169496112645738,0.0679924473805731,0.0746859534718544,0.16084199999999998,0.066408,1.1944719828844597,0.10436279947280065,0.11654765030235488,0.306742,0.0802494,0.98113404547562,74.33734410745907,80.42758927222387,200.039647,66.184409,0.6812882964294761,0.9976214650102369,0.0005963160345287697,0.0011592642693635635,train,0.0,0.7060345943778656,0.06307432989701173,-0.007527179422042361,0.007527179422042361,-0.4865570534011844,0.0917557915215028,0.011711662480817286,0.011711662480817286,0.8108984438426315,0.8108984438426315,0.7614636688099882,0.08377174627354637,1.1305062518843854,0.10962071402354451,0.10962071402354451,0.06814747091780812,0.9976030566232271
normal,0,N0578,1,4435.711,4437.411,1.699999999999818,18,0.005853555555555557,0.10011538428658041,0.09747059013192988,0.36456500000000003,0.193697,0.07441877777777778,0.17100928693200002,1.987235326448976,2.8736978374183444,0.00020672222222222224,0.09726880952035208,0.094528517568627,0.289179,0.175043,0.08247294444444446,0.160841531407,1.8517480703420541,1.9879846326992119,11.233199166666664,113.03115578274472,110.4194132393587,315.79224,158.69679,99.80897038888888,219464.0427622368,1.4372181969124334,1.4301443847094815,0.015323365814158019,0.03064913064026802,0.11374729846828598,0.12429483591270664,0.344946,0.09247216666666667,1.1355296566320592,0.10222858135896569,0.1119803776239391,0.252292,0.09528266666666667,1.0509983409977661,120.56685824964077,47.92366507728063,125.070945,112.349763,1.1224125736490416,0.09967614561000374,0.10775871659530224,0.30130500000000005,0.08045333333333334,0.9950585281855461,0.0907871056015115,0.09940793601401583,0.289179,0.07313816666666667,0.93337006248898,117.74958821397693,48.478017684827236,128.157034,109.11706416666668,1.096185305581341,0.08165742735722208,0.08963341664357105,0.220992,0.0562646,0.8151791884029344,0.0986716086845654,0.11018506459271148,0.22608899999999998,0.0944392,1.014429581751835,71.75956366036687,79.94626947736793,196.85211500000003,63.017614800000004,0.6680429240778081,0.9973170946708043,0.0008466916506805314,0.0008743609235556238,train,0.0,0.7060345943778656,0.06225935237498675,0.03521123775694313,0.03521123775694313,2.276055229859024,0.08874714985179706,0.005781367716829938,0.005781367716829938,0.4002934760575732,2.276055229859024,1.360607841413618,0.4966726136587353,1.0517294255918082,0.03739105233509096,0.4966726136587353,0.1569893931208725,0.9872796544245243
normal,0,N0583,1,4484.616,4486.216,1.6000000000003638,17,0.0025605882352941183,0.06662395962607862,0.06468543537586112,0.209138,0.111294,0.05138564705882353,0.071131494346,1.720541870875804,2.1939459153617378,-0.0066644705882352925,0.1914633499704048,0.18586625298379286,0.573249,0.335395,0.16321023529411763,0.58728648797,1.8044964839811224,1.8092612447519563,5.306510176470586,176.2655322442422,171.08499944073836,487.56510000000003,244.77711,152.99819841176472,497591.3095718365,1.4307339088766087,1.4534344799968466,-0.4836559609748042,-1.055491279013262,0.07054479781552524,0.07727119764159648,0.206425,0.05964616666666667,1.1618216849032097,0.19350284008596189,0.21196807517359775,0.541164,0.16617099999999999,1.0565654168940537,169.32762653231785,111.82002377892972,280.676038,147.06656966666665,1.0142899479319705,0.03130498645264042,0.03497398817407017,0.095913,0.022859200000000003,0.5155704351352537,0.19381342972869553,0.21503342263192485,0.508058,0.179584,1.0582613004025958,204.1392778994283,49.92227972462816,123.28162,199.196028,1.2228153302081655,0.06961260693293995,0.07640763143037481,0.193936,0.05823800000000001,1.1464691767751292,0.15759756692918836,0.16971117016772938,0.42684900000000003,0.1309264,0.8605152199836184,114.47181887631159,127.5275605799361,319.60539,99.05279900000001,0.6856980020656686,0.9991389697441988,6.13369580250311e-05,0.0006946454437185349,train,0.058823529411415394,-1.4120691887562722,0.08673878995058668,-0.022053354574725556,0.022053354574725556,-1.4255293540722507,0.17911756369819598,0.006748689285596882,0.006748689285596882,0.4672694118901939,1.4255293540722507,0.5827729454145132,0.3512165559259597,1.3346740721112704,0.27564229241314203,0.3512165559259597,0.05162966274252247,0.9986241950581116
normal,0,N0587,1,4524.614,4526.314,1.7000000000007276,18,0.0015707777777777781,0.08191205427311557,0.07961970406947712,0.287374,0.159412,0.06425766666666666,0.11410735097,2.002167702870324,2.472670926965879,0.010827277777777778,0.10438039692045264,0.10201570751468728,0.300975,0.181654,0.09067994444444444,0.187329682435,1.7806473574066735,1.7220551602058678,11.814026,122.8365728032256,119.95885481943672,346.16724999999997,174.58131,108.20700022222222,259022.28329263255,1.4553432530077213,1.4500477006150687,-0.12330196655903311,-0.24786519588850275,0.08884718968637481,0.0971352537995346,0.287374,0.06788883333333333,1.0936685745208896,0.11237669164763069,0.12142663338274132,0.258343,0.09705633333333334,1.0907677124830522,130.2473109748556,55.072867053624165,144.112127,120.15342183333335,1.114338275409697,0.06319358152402295,0.0676619983666361,0.20705,0.049210833333333336,0.7778843030174833,0.10310603939230072,0.11266414586504439,0.283979,0.09702316666666666,1.0007834995158313,129.5531932029543,51.5226123340594,137.40255299999998,120.71404316666667,1.1083997113419826,0.09040934937051588,0.10065275118544946,0.203882,0.0820568,1.112898051119524,0.09042723183864472,0.10064808511690623,0.235921,0.0769536,0.8777185319540658,77.14641776228069,85.45311834143112,211.53822,67.7786668,0.6600305640079738,0.9977642339694173,0.0009083802108267088,0.0005824612083158862,train,5.349968833955827e-13,0.7060345943971297,0.06610865441404445,0.013511049655432664,0.013511049655432664,0.8733545648524851,0.10295756695043858,-0.0009418594357512994,0.0009418594357512994,-0.06521297484624523,0.8733545648524851,1.0230410421074334,0.2115206770708781,1.044771573081599,0.030753442278844894,0.2115206770708781,0.13350960102368412,0.9908000962242471
normal,0,N0587,2,4526.314,4528.014,1.699999999999818,18,-0.00813688888888889,0.07070052870996991,0.06918869617534677,0.256061,0.139441,0.05820688888888889,0.08616736221200001,2.01537256384498,2.3641797208198945,0.001676055555555553,0.10041302202548656,0.09759830935153424,0.337567,0.20368,0.0838905,0.17145773978899997,2.086921396008774,2.2698065926345863,12.104817666666666,120.43995846705847,117.67086869684759,332.27805,166.36099,106.185091,249235.80011767347,1.4137822881939581,1.448847946025364,-0.17033469176013452,-0.34402267183361596,0.08610384004115806,0.0936034491018716,0.256061,0.07601383333333334,1.2094184826452092,0.11375796757663467,0.12449603946699134,0.337567,0.09799383333333334,1.1349869440637779,124.26738881270866,60.30077356477141,150.98788299999998,111.41019333333334,1.087298945916558,0.06474107621003325,0.07025623366624963,0.180142,0.055538166666666666,0.909356122994386,0.09181359459887553,0.10043904984699262,0.231595,0.08330449999999999,0.9160433627392969,128.14986666925208,43.973048284769554,118.91223,121.70057866666667,1.1212693553803508,0.05750702288242715,0.0639636430732334,0.153315,0.0515552,0.8077462784779762,0.09225389460288384,0.10241730153982773,0.24337999999999999,0.07923179999999999,0.9204363276161,78.5732888781646,84.01541273061233,209.317951,69.5616812,0.6874905394784356,0.9980905584175259,0.0006317482742516854,0.000894403809785894,train,0.0,0.7060345943778656,0.06518541906812958,0.004003277107217193,0.004003277107217193,0.2587719255810564,0.09954927131332338,-0.0019509619617891355,0.0019509619617891355,-0.1350817632767541,0.2587719255810564,0.9062979467181413,0.09035390405487197,1.0189665975845335,0.0057441452093004094,0.09035390405487197,0.0492198609786398,0.998749628534318
normal,0,N0588,1,4532.317,4533.917,1.6000000000003638,17,-0.0009420588235294102,0.06957444236703464,0.0675036973118118,0.215678,0.116565,0.05996605882352941,0.07746473556300001,1.7267943037485067,1.741976396658967,-0.0030420588235294116,0.04220687939997251,0.041059534087354035,0.141678,0.073625,0.03805923529411765,0.028660050771,1.7931279941794525,1.8023765691168734,3.064422647058822,87.37050919528701,84.81722067703843,226.10536000000002,113.5682,76.43312064705883,122297.33569741643,1.338975730322946,1.3235748533108715,0.2435830518620448,0.49715930694977883,0.07871781674330998,0.08622623693922866,0.203076,0.07496183333333334,1.152051488136106,0.03611972858425157,0.03750484307926111,0.088782,0.035468999999999994,0.8613892128485701,85.62465123004527,45.209140628655774,114.01165900000001,75.17020900000001,1.0341198997890908,0.056302652365585765,0.060916783854698044,0.164952,0.04548339999999999,0.8240009330453832,0.04934784461149241,0.052015251010641105,0.141678,0.043675399999999996,1.1768554939862041,97.37959207604528,28.369025903573977,67.830691,94.0156564,1.1760885744063223,0.06583521569038868,0.07307774282775843,0.179949,0.0579314,0.9635119639458204,0.04032060519883103,0.03579029499319613,0.09561700000000001,0.03857000000000001,0.9615724075219735,60.47943293654476,67.01690847181506,167.514464,53.198201,0.730431998602929,0.9967880649004908,4.434726491334696e-05,0.002642684880353545,train,0.058823529411415394,-1.4120691887562722,0.05192849902186189,0.01557519828994991,0.01557519828994991,1.0067811807309044,0.05060887604443935,-0.009549341957085317,0.009549341957085317,-0.6611825217303647,1.0067811807309044,1.2267281535032166,0.3930916589388804,0.5947255443748055,0.5327000787028457,0.5327000787028457,0.13885599657199887,0.9900485224340532
normal,0,N0593,1,4571.875,4573.575,1.699999999999818,18,0.014889777777777776,0.07893888755274778,0.07814644874919852,0.318755,0.165119,0.0626521111111111,0.109923614138,2.1129431041700855,3.252569699301249,-0.003963944444444447,0.04663027597081513,0.04548952030168902,0.139464,0.080162,0.039886611111111116,0.037247336230999996,1.762208074922777,1.6501814206595982,8.681146277777778,88.25338692201319,86.2050999287432,228.06301,114.2974,79.18029616666666,133763.7465670428,1.325877472382467,1.2839525482808203,0.2641377642602052,0.5411026379681372,0.09590274941574928,0.10322620435222185,0.318755,0.07286183333333333,1.2231220286741007,0.050219640098936064,0.052946788966533806,0.133776,0.044749000000000004,1.0733110265171029,86.99903383505496,41.13005951601544,104.79630399999999,78.47991499999999,1.0324892139876565,0.054697835389833596,0.058805042411911125,0.15546,0.04210733333333333,0.6976038517526436,0.03878829067085409,0.041658833794286663,0.108288,0.0354565,0.8289963845770406,94.32890516075807,26.217608523010803,71.691044,91.24220433333333,1.1194788361719024,0.0792188523799733,0.03473227957246688,0.095924,0.07287360000000001,1.0103393700651813,0.05110390075522612,0.05674368875302346,0.131959,0.046249200000000004,1.0922097424545647,66.18036793176786,69.08147887454975,167.43579,58.523042999999994,0.7854169529840472,0.9940993073613016,0.0017832039247122123,0.0037771097926391608,train,0.0,0.7060345943778656,0.052488528284445765,0.02565792046475275,0.02565792046475275,1.658528577274793,0.05267632861844147,-0.0071868083167524535,0.0071868083167524535,-0.49760413517681884,1.658528577274793,1.3972724506370757,0.5232631583133219,0.6482835627856696,0.4464719103464479,0.5232631583133219,0.049220188459545164,0.9987496118957443
normal,0,N0593,2,4573.575,4575.175,1.6000000000003638,17,0.01343517647058824,0.08031728223445693,0.07906900212286659,0.31479199999999996,0.180497,0.06005964705882352,0.106282420644,2.282778271559856,3.943780565131854,0.024105058823529413,0.060591374401055005,0.0635327382323013,0.21039799999999997,0.130066,0.05042564705882353,0.068618950064,2.0472279901493664,2.2991547226769375,2.634301176470587,86.9739688674271,84.41825576000132,227.45433,114.2974,76.85383094117647,121149.5123945369,1.3539417389165707,1.2853586269350048,0.10894862749754172,0.2187655800711626,0.04068511388702261,0.03736605357629658,0.09132599999999999,0.032286,0.5013799930259827,0.0776694177373995,0.06353669304582982,0.137681,0.056021999999999995,1.3004210589746006,83.63433983979866,47.38383730621518,120.503079,73.64844116666667,1.0115696660877735,0.07937668539439022,0.06963450895784358,0.151226,0.06008779999999999,0.9781927139242783,0.05701245703002108,0.06358445799643181,0.138793,0.0554134,0.9545610345167275,98.12680833873247,21.535091522832733,53.652414,96.2177862,1.1868582084297772,0.11306679428992404,0.11974744010833802,0.31479199999999996,0.0992826,1.3933702800973269,0.030425250533068743,0.03345127299072489,0.08272,0.0273196,0.5094107522674151,62.06011599196303,69.33218501970804,171.332737,55.0002876,0.7506262491174065,0.9968195387073088,0.00011968454161952428,0.0028969179912973026,train,0.058823529411415394,-1.4120691887562722,0.051767510933012885,0.027301491189853706,0.027301491189853706,1.7647690272791836,0.0500145584597851,0.013518179772516195,0.013518179772516195,0.9359790686482763,1.7647690272791836,1.4436924736061285,0.5559451209165914,0.9245870616804356,0.09145288984054817,0.5559451209165914,0.08819554895241245,0.995985313623213
normal,0,N0597,1,4604.905,4606.605,1.699999999999818,18,0.00033861111111110876,0.08027635202674709,0.07801532600322124,0.24008800000000002,0.125228,0.06787283333333333,0.10955503964499999,1.605171783744509,1.6765394045747295,-0.0031740555555555524,0.13957239619236705,0.13567712030916962,0.40318899999999996,0.25636,0.11963483333333332,0.331349057557,1.8894858574225952,2.164408429861961,16.371821833333332,156.98794413738676,153.4407786916103,428.71767,215.25982,137.44185116666665,423793.30617877905,1.402885346617247,1.4378628658052137,-0.26983543546216143,-0.5533726530671923,0.07855754586395038,0.08531222542578526,0.18625,0.07540083333333333,0.9785888265110475,0.1440050891739594,0.1577293157160921,0.39037099999999997,0.12435799999999998,1.0372103667740764,154.51614943344816,88.25388848860294,217.66533800000002,134.04800133333333,1.0369668526393885,0.09327819333316872,0.10049352988211065,0.24008800000000002,0.08824283333333334,1.1619634593863317,0.12872642980561527,0.14045707070097965,0.353008,0.11999383333333331,0.9271643678572404,169.78259370339504,48.63213363138373,131.548899,163.87564016666667,1.139420846760048,0.06375003190430574,0.07091563373826677,0.186137,0.0476834,0.7941321005536218,0.14411666493643266,0.16060583342861492,0.388146,0.12537479999999998,1.0380140018274056,110.67818096625534,107.8156974827621,269.052062,94.2303304,0.742767700290532,0.9984455342265927,0.0010918075711394473,0.00016821456392189754,train,0.0,0.7060345943778656,0.07961909281348784,-0.0016037668102665964,0.0016037668102665964,-0.10366752402113057,0.15283387254909997,-0.01715675223993035,0.01715675223993035,-1.18790852413485,1.18790852413485,0.7836893462561648,0.055001507632198125,1.0863066451241707,0.06973871475681355,0.06973871475681355,0.07958101350644818,0.9967312837622092
normal,0,N0597,2,4606.605,4608.205,1.6000000000003638,17,-0.004355647058823531,0.07064791677567463,0.06867680855153019,0.290723,0.188886,0.04660317647058824,0.08018056855800001,2.750360769287545,4.995081632074568,-0.0015036470588235286,0.12798281845571166,0.1241706760267543,0.37594099999999997,0.235822,0.11128152941176471,0.262112065344,1.8991762592094519,1.8968822928778153,4.568254823529412,154.64849977251694,150.10061486265465,426.65009999999995,215.25982,134.17378847058825,383013.30789649877,1.4341035191425926,1.4634380423355742,-0.28776039052979807,-0.5922454722043654,0.04801069902462714,0.04488431778880756,0.116394,0.027979166666666666,0.6821945111025817,0.11938731134700481,0.13038718233118876,0.307458,0.10986833333333335,0.9558744794282689,148.0545538049522,98.70249320123018,248.39869499999998,128.52678266666666,1.011690645813556,0.04917408060757212,0.05036754274629645,0.135421,0.037928,0.6987252541729084,0.11091059056735746,0.1218633036200808,0.29707,0.0961924,0.8880056165559542,179.9042859421732,43.31817226191313,105.65342,175.682614,1.2293271537546993,0.10327225776460976,0.11544769092407177,0.290723,0.08083499999999999,1.4674180719603653,0.1432260335909642,0.15988889744663323,0.37485100000000005,0.1279462,1.1467392033095931,99.31263487602939,110.46335597608189,276.68861,86.1016856,0.6786259600467309,0.9989381032426692,4.719998385247835e-05,0.0009086226641257694,train,0.058823529411415394,-1.4120691887562722,0.07827128861240791,-0.009594480060877722,0.009594480060877722,-0.6201874149122423,0.14785820172090597,-0.023687525694151668,0.023687525694151668,-1.6400897614093113,1.6400897614093113,0.705232702483896,0.1604863846427272,1.016302951963361,0.003126656884439139,0.1604863846427272,0.05172914281790967,0.9986188881462307
normal,0,N0598,1,4612.309,4614.009,1.699999999999818,18,-0.018919166666666667,0.06119325686443294,0.06240605262178768,0.23634100000000002,0.127511,0.052221944444444446,0.07010127726899999,2.0432473236655637,2.7957319441566684,-0.01763316666666667,0.03674535737501606,0.0398263425574079,0.146741,0.077968,0.03345005555555555,0.028550476106999997,1.9576992260238961,4.612362886453327,8.648827444444445,87.08684958440196,85.07397734719021,227.10958,114.39969,77.977316,130276.4691900642,1.3447083769591544,1.2981547020424926,0.22086648781514526,0.44913370115584494,0.06896972518189895,0.06014383359469752,0.164509,0.062230666666666656,1.0770728525029407,0.046657516591648976,0.01696225272087015,0.044698,0.044013166666666666,1.1709106574874806,86.96581400596902,39.647804498324234,101.94112600000001,79.07651866666667,1.045252610851821,0.06324776711210181,0.06537651507587924,0.18252700000000002,0.051805666666666673,0.9877153020141635,0.029384918495718174,0.025652495410778266,0.07626,0.02412966666666667,0.7374398971375125,92.76073516924906,28.24591823951996,76.871639,89.104961,1.1149024674631003,0.05859057803094283,0.06432358152108757,0.167199,0.0471836,0.9149858266529084,0.04183350683363755,0.041931821082562104,0.102417,0.0307548,1.0498479681267232,64.30333677167691,68.05754056159638,165.93386800000002,56.453974,0.7728695627740104,0.9943867054354448,0.0017930426689463535,0.0032828776905683824,train,0.0,0.7060345943778656,0.05203210403539024,0.010373948586397438,0.010373948586397438,0.6705722785817897,0.050991353293771705,-0.011165010736363806,0.011165010736363806,-0.7730490736420134,0.7730490736420134,1.1306671766787941,0.31154895187744264,0.5751224231161437,0.566217179969906,0.566217179969906,0.04909233172444645,0.9987560995952799
normal,0,N0005,1,39.937,41.637,1.7000000000000028,18,-0.016351944444444447,0.05769280851552034,0.05840318303397512,0.201815,0.120031,0.04681883333333333,0.06139677219299999,2.0552133251054805,2.354138444387156,0.012728944444444444,0.155182871269568,0.15134687321642587,0.45696899999999996,0.256468,0.14042794444444445,0.412305768583,1.694570852701073,1.4518832979269225,16.625710277777777,159.59347687773928,155.98553708117808,441.70707000000004,221.73229,139.68150205555557,437966.7800130644,1.421492621361466,1.4429488194648104,-0.4431164016997966,-0.9522039835982757,0.06125511588838928,0.06629855265614779,0.162499,0.055375499999999994,1.033330172672881,0.14733045932811495,0.1612589798397803,0.397297,0.13368283333333333,0.9996141445867294,156.8481170962356,88.84169864699773,220.90508899999998,136.05403516666667,1.0371456838524502,0.02556849711070246,0.02516012474863085,0.068199,0.0163355,0.4313223336729691,0.15146948406142186,0.1651585515090474,0.417971,0.14020916666666663,1.0276967806354882,172.38533249111427,50.41489571260706,138.82268900000003,166.12841849999998,1.1398842833601328,0.08161253603583214,0.07810670231484619,0.20043,0.0743506,1.3767453498551483,0.1424049228755804,0.15758575924619586,0.375248,0.1353904,0.96619514942385,112.15468194969091,110.05080772853995,274.694116,95.88800499999999,0.7416139030639213,0.9983269549182742,0.0011541144646249788,0.0002069915267584322,holdout,1.0867124193972773e-13,0.7060345943817787,0.0806459394664753,-0.022242756432500184,0.022242756432500184,-1.4377722945763218,0.156624668669341,-0.005277795452915124,0.005277795452915124,-0.3654268663136854,1.4377722945763218,0.5771078658784871,0.3609850158037971,1.1919985664645032,0.1625865371208269,0.3609850158037971,0.07368426954576383,0.9971977437014204
normal,0,N0005,2,41.637,43.237,1.6000000000000014,17,0.019752941176470588,0.07140732901501654,0.07203640576329526,0.273807,0.161076,0.05946929411764706,0.08821714384,2.2360360472353427,3.2078939304158123,0.002392999999999998,0.14678962407941168,0.14242695742668776,0.415586,0.232126,0.12641770588235293,0.344852449431,1.6297897827346592,1.4786498877997019,4.8644057647058805,158.28643148878035,153.6374211144309,438.96752000000004,221.73229,137.42976552941175,401275.77183378075,1.4432179894171178,1.4567253705061936,-0.32821713982312495,-0.6816576619994704,0.06029557607182581,0.0628416207347222,0.140735,0.052911833333333345,0.812499370217259,0.14464474563276283,0.15833125267415357,0.366052,0.1248205,1.0193386546695902,151.6475398940896,100.65588869399868,254.663383,131.61686583333332,1.0123936736781944,0.09502823688357055,0.10090228987837689,0.273807,0.079018,1.2805314693201102,0.12070789109996082,0.13251642668288335,0.32015,0.11366019999999999,0.85065115074576,183.2315950867722,44.653036392176624,109.36559,178.8259,1.223247721745881,0.0650366223015925,0.03365280702259472,0.078531,0.057652,0.8763862641954776,0.15734535336386646,0.17579509199434437,0.415586,0.13625559999999998,1.1088422197073302,103.09891190034894,114.78039300938482,287.34389999999996,89.3718838,0.6882847307903267,0.9989942248201068,6.706645123743686e-05,0.000780530436758851,holdout,0.05882352941162856,-1.4120691887639478,0.07969844086261363,-0.007662035099318371,0.007662035099318371,-0.4952741275256155,0.1531268006858375,-0.010699843259149744,0.010699843259149744,-0.7408415553655164,0.7408415553655164,0.7227029642766145,0.13601590748757106,1.1388900556559864,0.11700932383498176,0.13601590748757106,0.050311807542971286,0.998693533946713
normal,0,N0007,1,56.049,57.749,1.7000000000000028,18,-0.004314333333333333,0.10243007120843325,0.09963758599990713,0.399272,0.216983,0.07468499999999999,0.17869767379,2.1777223707547697,3.0475523152444546,-0.003731611111111116,0.1788414136093233,0.17384266823082045,0.51965,0.283731,0.15648394444444447,0.5439829193569999,1.6321136973304782,1.6123696188778827,19.090350444444443,186.6727448818459,182.4149846474816,508.70663,256.31002,163.91226255555554,598954.079230937,1.4050930108363695,1.4162944673352298,-0.27133616077465417,-0.5566112217182225,0.06684883225856181,0.07321060017966433,0.192075,0.05796433333333334,0.6849964362723733,0.1814969279698695,0.19724507008634376,0.486351,0.15889316666666664,1.0277026285194049,181.04296691215907,107.76850484904656,267.199307,157.8864841666667,1.0222024532875236,0.10042079202784651,0.10992051239403257,0.344935,0.0653325,1.0290065262570665,0.1759156505075657,0.19205018487928271,0.51965,0.15520683333333332,0.996099374499271,202.36479619994935,53.75938090871422,145.50938000000002,196.32401333333334,1.1425894894607207,0.12213621260379741,0.12722092769155552,0.343527,0.0949924,1.2515232883920846,0.171400668648054,0.19163175509241678,0.41553,0.16295539999999997,0.9705338799389008,134.82644638357237,128.37059787695773,319.874565,113.7695442,0.7612553340898122,0.9986964618636825,0.0010170600874291821,9.044963088034073e-05,holdout,1.0867124193972773e-13,0.7060345943817787,0.09131060212561903,0.008326983874288096,0.008326983874288096,0.538256431848607,0.1959952618483159,-0.022152593617495442,0.022152593617495442,-1.533813301137053,1.533813301137053,0.8419135419114759,0.016663119716955895,1.1707993722305607,0.14464191075585597,0.14464191075585597,0.10782066946614104,0.9939998468314124
normal,0,N0011,1,88.438,90.138,1.7000000000000028,18,0.00923238888888889,0.042368821533457675,0.04219745630235179,0.191746,0.105426,0.03268161111111111,0.032051255731000004,2.4983970418644477,4.39884392483882,0.005918499999999999,0.05435077713633476,0.05315001522995496,0.197422,0.105835,0.04279616666666666,0.050848634141,1.991250605331006,2.620423697999138,8.34592938888889,86.09454498276921,84.08407933629718,220.60159,111.26949,76.63070083333334,127262.38316098895,1.3233122236490673,1.3021106045525679,-0.11486994622376771,-0.2307584492999243,0.02562240823641161,0.025987143627186116,0.078031,0.02255216666666667,0.5921194914753982,0.053355701699381045,0.058419908549797187,0.152315,0.041859499999999994,1.0325540311773276,88.29982657260491,36.46976645446311,93.041315,81.78318583333335,1.0704077184175596,0.04068045346764627,0.04391215082259882,0.117836,0.031185666666666667,0.9401024758484906,0.050997502464990054,0.052008306308383725,0.148557,0.042185,0.9869175190851633,90.74198086645717,33.42060646486496,87.209833,85.45950099999999,1.1000125422000455,0.05993998644978158,0.03660187624289225,0.081733,0.05021,1.3851794869636929,0.05041257570686108,0.054204812445944314,0.153145,0.0384398,0.9755978575904563,62.445760901917204,68.30212419040116,170.89154100000002,53.6579428,0.7569938361873019,0.9938235754190616,0.0019268654342367026,0.003249847707223085,holdout,1.0867124193972773e-13,0.7060345943817787,0.05163266593413415,-0.009435209631782362,0.009435209631782362,-0.6098921706607703,0.049516752972377384,0.0036332622575775755,0.0036332622575775755,0.2515617842955639,0.6098921706607703,0.7735302603112106,0.0680494169084129,0.7765621745123721,0.2659233982868833,0.2659233982868833,0.10580009971398181,0.9942226265292905
normal,0,N0011,2,90.138,91.838,1.6999999999999886,18,0.017820555555555558,0.04166167332809295,0.04423618115801187,0.152826,0.100521,0.032456888888888896,0.035223115022,2.2723706560685804,2.603257553165715,0.012835166666666668,0.043793874169058104,0.0444532870369435,0.158094,0.080256,0.036422055555555555,0.035569705111,1.8054008004695394,2.5077459946342566,8.4161495,86.13824731597413,84.13333609504387,222.17097,112.1384,76.75818161111111,127411.52836466901,1.3328652494335815,1.2973800457666036,-0.002447933033626331,-0.00489587584652291,0.047223301328193204,0.04068691290656821,0.118971,0.04089566666666667,1.040366705619443,0.04493578716531699,0.04447231109090989,0.10923,0.036720499999999996,1.01956892566417,85.00884196765557,41.08337246681546,104.696044,76.288708,1.031106456832969,0.059379672687713596,0.0571614141232236,0.152826,0.048037166666666666,1.3081811884675583,0.04296812748421788,0.041589982536263066,0.10933200000000001,0.035049500000000004,0.9749237821452568,92.42224591669596,26.78953564145653,72.260506,89.12802883333335,1.1210266169249627,0.009898875653325484,0.010829712553895417,0.029734,0.007316400000000001,0.21808006562722818,0.04433704522405615,0.047977570772184785,0.12575999999999998,0.0349,1.0059837919364456,64.71444000786555,67.22757673371514,164.506933,56.0472796,0.7849474877899015,0.9939722251752012,0.0018824353672900066,0.00328658021320141,holdout,1.0031191563667174e-13,0.7060345943814776,0.0516525417455524,-0.007416360587540534,0.007416360587540534,-0.47939372135430025,0.04959012824081861,-0.005136841203875114,0.005136841203875114,-0.3556673995098252,0.47939372135430025,0.8104277938899237,0.021451958583671934,0.6491161020425017,0.445188513420005,0.445188513420005,0.05228165936088397,0.9985892274035973
normal,0,N0015,1,123.075,124.775,1.7000000000000028,18,-0.02016072222222222,0.0923203259155512,0.0919564839055832,0.29691100000000004,0.170747,0.07374938888888888,0.15220790878100005,1.856823931799256,2.121724398997318,-0.005463111111111111,0.18712106364625167,0.18193102971486505,0.562407,0.29549,0.15693200000000002,0.595780192316,1.6241869265683397,1.803078330643403,19.12707327777778,189.7430090558268,185.38640877212165,518.09782,261.61984,166.24950016666668,618626.1700336353,1.41121370079284,1.434815821959124,-0.3285091190160628,-0.6823121935157066,0.08244253233414575,0.08091434016703508,0.212533,0.07093500000000001,0.8741037094854766,0.18896084446696004,0.20693240272965147,0.50052,0.16844266666666666,1.0100446196122108,181.35348835964646,117.19450350114988,292.80427399999996,157.70592133333335,1.0080857824435172,0.10796325046205923,0.11731483674113857,0.281345,0.09109633333333333,1.1446892161742743,0.16870627135843724,0.18480834648972613,0.454993,0.14725233333333335,0.9017786841560284,207.0424989970668,51.907998267885084,134.60363,201.54709,1.1508827400474828,0.09000967242802299,0.1004133009874688,0.270617,0.06479220000000001,0.9543349328477752,0.20493140091406198,0.228916162921494,0.562407,0.1805078,1.095411377244525,138.30916424086496,123.97434096605498,308.453118,115.070619,0.768816212547063,0.998761593096724,0.0010134974528570385,9.56124982621327e-05,holdout,1.0867124193972773e-13,0.7060345943817787,0.09250961454640569,-0.0005531306408224912,0.0005531306408224912,-0.03575437752372355,0.2004216400418029,-0.018490610326937856,0.018490610326937856,-1.2802629143704725,1.2802629143704725,0.7645559535963488,0.07971899495441101,1.2056340326923578,0.1739607678829225,0.1739607678829225,0.16405254262867355,0.9861092971649241
normal,0,N0029,1,240.921,242.621,1.700000000000017,18,0.014122722222222224,0.07819596541706315,0.07729398288389308,0.256596,0.13058,0.06799972222222221,0.107538476221,1.6893941174716065,1.984663811252842,0.015881055555555558,0.076742317842376,0.07625223478437279,0.250702,0.134046,0.06466105555555555,0.10465925957300001,1.7579288053531452,1.8892836007716962,11.618138333333333,102.59823981990066,100.38216982290892,285.87214,145.05996,91.09918055555556,181378.44033039585,1.445076951971752,1.4278880026475043,0.006784589782368884,0.01356938776982328,0.07846909327988101,0.0837962123020287,0.2016,0.07256249999999999,1.0755464832109238,0.0778405542953029,0.08463155318673998,0.250702,0.064207,1.0769263417138262,105.98807619996522,45.7430547423976,115.459693,97.41551766666667,1.0913545970490868,0.05922168283801691,0.05967105155573066,0.164464,0.046610833333333344,0.8117294344038634,0.0739592360752417,0.07887533325043176,0.185297,0.06715216666666668,1.023228190800094,107.51372439513139,40.416343335170765,108.15288400000001,100.98498366666666,1.107064129960439,0.0806222077482377,0.08790698158678865,0.191382,0.075675,1.1050584171150375,0.06267499697008369,0.06512657722696626,0.158435,0.0499744,0.8671104132668062,68.67315189490411,74.36149734758305,184.595133,60.86445640000001,0.7071244492913855,0.9960530052453682,0.0015765250575907519,0.001491320245426796,holdout,1.170305682427837e-13,0.7060345943820797,0.058209180126943816,0.019084802756949265,0.019084802756949265,1.2336420953340939,0.07379518287647453,0.0024570519078982583,0.0024570519078982583,0.17012269366698912,1.2336420953340939,1.186844760044137,0.360039395167938,0.9332169325456589,0.08216242328510613,0.360039395167938,0.08501824247989355,0.9962693669396763
normal,0,N0033,1,266.008,267.708,1.7000000000000455,18,-0.022634,0.05086473227388617,0.05436712651859475,0.162659,0.082909,0.048368555555555554,0.053204120026,1.5249840355576507,2.3213668556156923,-0.009942055555555555,0.13286452966947518,0.12950330660493234,0.413259,0.226374,0.11759205555555556,0.301879915589,1.7480171428408777,1.637321469400332,15.474393111111112,145.2481689556792,142.00151468351936,403.64914,202.0345,127.70069533333337,362959.7431034477,1.4227629927066408,1.449523871870626,-0.40863655352055034,-0.8679467351654264,0.059259789729911576,0.0632603222325548,0.151067,0.05643950000000001,1.0678920557018143,0.1321517684015869,0.14453860666686946,0.358037,0.12149133333333334,1.0253478341015179,146.50318788550126,73.98586848626674,187.83356799999999,130.00612850000002,1.0642606198081885,0.05406129522896518,0.05329390124488917,0.14157599999999998,0.046844166666666666,0.9742124965189015,0.12443351330195039,0.13575164851448399,0.350827,0.11077933333333333,0.9654629286993722,155.4598675423476,52.274052408970874,143.184081,147.9548015,1.1293256984634636,0.05242833051318724,0.04694974510367442,0.109218,0.0443404,0.9447856278923253,0.13015782730362396,0.1454759261757766,0.339644,0.11668680000000001,1.0098771127418955,98.34233783249735,101.94410052817206,254.583154,85.7624872,0.7143999999289967,0.9975385324225038,0.0014906816043268423,0.0002749335337297655,holdout,1.3374922084889567e-13,0.7060345943826817,0.075003185068571,-0.020636058549976244,0.020636058549976244,-1.3339153059761144,0.1357933873706038,-0.006290080765671474,0.006290080765671474,-0.43551602625860164,1.3339153059761144,0.5901307049323127,0.3386701612890156,1.1204035939019708,0.1006441432030076,0.3386701612890156,0.03497012112257502,0.9993688209696366
normal,0,N0033,2,267.708,269.408,1.6999999999999886,18,-0.009193722222222221,0.11099584010212782,0.10825965246906265,0.43894,0.220326,0.08878205555555556,0.210962742349,2.0351626388507253,3.0197890509467586,-0.007318277777777777,0.13916339962361027,0.1354403743195999,0.44874899999999995,0.251565,0.11654372222222222,0.330193709925,1.8573855932085637,1.938798976254418,16.228691222222224,149.11669394700934,145.82125103678877,413.19792,209.85236,130.3802752222222,382749.070570815,1.439106841478524,1.4522854269820633,-0.11153352015835818,-0.2239989703365005,0.04854238610225089,0.04882417231419972,0.13913399999999998,0.042050833333333336,0.4405057478483343,0.09512909195053494,0.10391112132587156,0.261545,0.08701333333333333,0.7592003463068753,142.84637505539683,86.69155747865449,216.9421,123.8903156666667,1.011996469086992,0.13289677363214403,0.14535388100322605,0.373579,0.11913016666666669,1.205993305152831,0.1424182225945823,0.1555510239692001,0.382083,0.12315633333333335,1.1366025018975126,161.24152736553364,44.065939428522846,117.88548300000001,156.14306783333333,1.1423170962569607,0.13139994385310824,0.14600410700148128,0.382173,0.11274379999999999,1.1924100807965556,0.13484346118814958,0.14183461962334865,0.28713500000000003,0.11704079999999999,1.076150316713763,109.8066987860231,101.9923986225023,254.589469,91.3584586,0.77792657608889,0.9981857951167828,0.001156376153490059,0.000388743069841627,holdout,1.0031191563667174e-13,0.7060345943814776,0.076544503688731,0.031715148780331645,0.031715148780331645,2.0500679568697353,0.1414834528038006,-0.006043078484200687,0.006043078484200687,-0.4184139482232838,2.0500679568697353,1.1443282456055408,0.32355885132245804,1.1410743374176109,0.11892539097754193,0.32355885132245804,0.12905597661032872,0.9914036412392968
normal,0,N0034,1,274.018,275.618,1.6000000000000227,17,-0.005908647058823528,0.09152355331958352,0.08898726903889119,0.271604,0.163612,0.081063,0.134618478867,1.8386000802934481,1.5490116621641379,-0.0002893529411764677,0.14009302996087153,0.1359105103551598,0.40065700000000004,0.244796,0.12159147058823529,0.314018336025,1.801155770516216,1.975297925579664,5.091386882352941,164.3669501117581,159.54062480450796,468.35833,238.1002,143.56184229411767,432704.5863712173,1.4924111040166383,1.4558671545389696,-0.2086425283632711,-0.42350334205932716,0.07107545152394977,0.07258619708916197,0.173773,0.06285166666666667,0.7980325388333372,0.12729339177205287,0.1394002995583821,0.374726,0.10531116666666666,0.9347202153740013,153.3574840431884,112.39894861690554,293.877518,132.5686716666667,0.9878667713562681,0.09078095729942487,0.0965300199886025,0.245038,0.08286740000000001,1.0192852282756044,0.15739112111933123,0.1755775599391904,0.38737299999999997,0.1517324,1.155728986262397,192.25115854201522,37.66246712573447,93.65880999999999,189.276884,1.2384040626600128,0.10526182199544144,0.11105439247413855,0.254052,0.0997726,1.1818758410692516,0.12300674239000071,0.13558979330060209,0.31574599999999997,0.10901179999999999,0.9032431859866493,109.25469020454246,118.52868021376311,291.38318000000004,96.3422178,0.7037744440140642,0.9985618945392732,9.885442733472403e-05,0.0006433307010737737,holdout,0.05882352941161602,-1.4120691887634962,0.08208046855369372,0.00690680048519747,0.00690680048519747,0.44645574445410463,0.16192050060527746,-0.02600999025011766,0.02600999025011766,-1.8008938229502882,1.8008938229502882,0.8597286493453848,0.037602608004475555,1.0465702071960041,0.03247351938420229,0.037602608004475555,0.10401466975350997,0.9944159734069977
normal,0,N0035,1,281.097,282.697,1.6000000000000227,17,-0.0022607647058823545,0.03481416830926996,0.0338502836993933,0.12559,0.069667,0.02776229411764706,0.019479309011,2.058092056736548,2.441461746100958,-0.0009431764705882361,0.04110175654737169,0.039885714051672246,0.123455,0.062582,0.035507411764705885,0.027044793152,1.5690329604961952,1.6120029050747564,2.7352859411764716,85.13258606843232,82.63602183752575,219.95952,110.04926,74.68379405882354,116088.10578724452,1.3317347272158455,1.3149552914918332,-0.08185188423940293,-0.16407083556232016,0.03598493358800782,0.023065954917728136,0.070538,0.02947166666666667,1.0678702326713847,0.0401257901687514,0.03360624554850879,0.083424,0.033495,1.0206150940126546,78.70147586846852,50.140198737234975,125.02624,69.01489583333334,0.9743882291177686,0.031683041006191306,0.03527160366073536,0.096492,0.024480599999999998,0.9402094987412648,0.036193527087035875,0.0350151127329329,0.08556899999999999,0.032045000000000004,0.9205964516893683,98.10898571332173,17.379092280449083,42.48822,96.8697414,1.2146689727840838,0.03280291480341343,0.03125136924520268,0.081267,0.027304799999999997,0.9734422929460236,0.04128136556849834,0.04615390792554841,0.102906,0.038866000000000005,1.050007604173611,61.7910266021742,68.5455849220504,172.84824500000002,52.59745740000001,0.7650231246855659,0.9965133978946241,5.616208803581559e-05,0.0026868090709740566,holdout,0.05882352941161602,-1.4120691887634962,0.051048353882332885,-0.017198070182939583,0.017198070182939583,-1.1116836577448534,0.047359655948655224,-0.007473941896982979,0.007473941896982979,-0.5174848458586083,1.1116836577448534,0.6313900304590658,0.27109042101844605,0.5929725404305519,0.5356520161348259,0.5356520161348259,0.04887550916270254,0.9987670630214628
normal,0,N0047,1,363.341,365.041,1.6999999999999886,18,0.003681000000000002,0.08411140650701446,0.0818244338935504,0.29951,0.163309,0.06906444444444444,0.120514283676,1.9958463777758249,2.2737362835366772,-0.010653388888888888,0.14257608697737867,0.1389680007789563,0.417199,0.225646,0.12127816666666666,0.347617894329,1.6237263163835427,1.9262302015820927,16.71199238888889,158.8600344949741,155.28610010210315,441.49142,222.98363,139.04377127777778,434047.9119285671,1.435953571204278,1.4515848310657424,-0.258811253972112,-0.5296677945388647,0.08232859492404002,0.0901287707103934,0.232458,0.07495683333333332,0.9831083201899244,0.14773862490786446,0.16148254753089158,0.404403,0.133119,1.0924220370738973,152.966829665297,97.48777472539842,247.748409,132.66940483333332,1.0166932302646428,0.09019944193471117,0.09545315595760397,0.26380400000000004,0.07182266666666667,1.0770962619284192,0.13351436026822486,0.1449160553903535,0.385227,0.11417016666666667,0.9872437185183809,172.1390047469873,43.49390059179827,114.11978,167.49747499999998,1.1441209912874306,0.07711803699135501,0.08373611291611284,0.19952199999999998,0.0653002,0.9208876195793951,0.12083760043546049,0.12984411202014515,0.310683,0.1015438,0.8935080971895552,115.44795209677197,104.72149413761423,259.653838,95.9849708,0.7673242074868815,0.9987383973421489,0.0007224068922280693,0.00026574839739188785,holdout,1.0031191563667174e-13,0.7060345943814776,0.08036370657399991,0.0014607273195504922,0.0014607273195504922,0.09442144800505468,0.15558275325705673,-0.01661475247810043,0.01661475247810043,-1.1503812504321766,1.1503812504321766,0.8121855065824293,0.019285436986045002,1.0994331796460806,0.08174992687425049,0.08174992687425049,0.1582892008732428,0.9870681439416181
normal,0,N0047,2,365.041,366.641,1.6000000000000227,17,-0.006177000000000003,0.07314114376669263,0.07122568570768141,0.30203100000000005,0.157012,0.056189352941176475,0.086242671177,2.2044294616466837,3.305222270889425,-0.006103647058823528,0.13606281877314114,0.13214136304508048,0.41097700000000004,0.219424,0.11779941176470589,0.296842777066,1.660524720977358,1.6159501435288586,4.774191882352942,151.67328636411514,147.22213152481243,435.22757,221.86175,132.22731035294117,368464.05218205584,1.5069864000889568,1.4784789831175835,-0.2995356313163405,-0.6180187740177374,0.03685816199749159,0.03959332670413033,0.088794,0.03344483333333333,0.5020343368731613,0.1218760498785549,0.1325374711704832,0.33262800000000003,0.10974066666666667,0.9191557983999872,143.36429246530238,103.84834875386227,270.781314,123.85304183333335,1.0003553826154412,0.05783538877538561,0.06408791225886518,0.14266500000000001,0.051054,0.7877590600862902,0.132640783384297,0.14655621849038,0.369435,0.11089400000000002,1.0003404711055184,177.0726054863359,37.24673379064224,93.79734000000002,173.910472,1.2355624330575044,0.11078494995169696,0.12374685140923788,0.30203100000000005,0.0997394,1.5089696791801954,0.14437114453657282,0.16140288614736725,0.366812,0.1330056,1.0888076431313938,98.51502691940614,107.57128890490925,265.22211,87.116539,0.6874099244146482,0.9982617714362576,0.00011313090741990053,0.0008752870851357033,holdout,0.05882352941161602,-1.4120691887634962,0.07710977913737854,-0.005884093429697132,0.005884093429697132,-0.3803479365334298,0.14357027265306077,-0.011428909607980292,0.011428909607980292,-0.7913210469571718,0.7913210469571718,0.7457072179031555,0.10468115356892024,1.102687099456033,0.08470518977158237,0.10468115356892024,0.09354042992528887,0.9954839679841979
normal,0,N0048,1,370.258,371.958,1.7000000000000455,18,0.032386722222222226,0.03989794593534205,0.050520391648103624,0.161557,0.131691,0.040820388888888885,0.04594157950100001,2.606690005835362,3.9255555184268456,0.006241666666666666,0.051278628746463634,0.05022323127464686,0.20649299999999998,0.1192,0.03805266666666666,0.045402713274,2.3734036415966973,3.4508086393210813,8.315001222222223,85.2098201057738,83.22547517892839,218.61568,109.61403,75.51136533333334,124676.63493765166,1.3170730448139616,1.3044283145252924,0.0029496693173489902,0.005899355743890627,0.04545177802902765,0.04169302245220416,0.100976,0.038519333333333336,0.8825223560187915,0.03249073912671117,0.035480794639729626,0.093028,0.027546666666666667,0.6392787155834727,80.86818054024506,45.26813645077697,113.382594,70.76872266666668,0.9927467469954656,0.06438629723266694,0.04874494463497386,0.136705,0.04820666666666667,1.2501677424546513,0.050849174503296186,0.05546412837140777,0.15801500000000002,0.041708333333333326,1.0004941666046214,92.54481990119804,21.535120302612768,57.933099999999996,90.43271449999999,1.1360904659215567,0.03955557410277343,0.03417459151474967,0.08012,0.0370526,0.7680376866348589,0.06642999984645491,0.07396405695809283,0.20649299999999998,0.04616279999999999,1.3070581377799106,66.60254443910527,64.5229090002704,155.250327,56.6075386,0.8176202171463165,0.99423400040376,0.0016489405107533378,0.003235291119902368,holdout,1.3374922084889567e-13,0.7060345943826817,0.05128620679331765,-0.0007658151452140244,0.0007658151452140244,-0.049502308848144834,0.04823773437402265,0.0019854969006242104,0.0019854969006242104,0.1374729121170991,0.1374729121170991,0.9356539045350805,0.12223144054936996,0.7413699526147917,0.3123003458776305,0.3123003458776305,0.11864307766845697,0.9927348749013378
normal,0,N0048,2,371.958,373.558,1.599999999999966,17,-0.013176294117647057,0.032714053401720004,0.03436379677800461,0.11855099999999999,0.069115,0.030023470588235297,0.020074798993,2.0112736798699364,2.193902308089841,0.002248352941176471,0.055356807551037904,0.053751035460340886,0.21434999999999998,0.121244,0.04227682352941176,0.049115954822,2.25565887171527,3.0543161310445246,2.2547597058823534,83.76212889116482,81.29247660172472,217.61050999999998,108.95826,73.4356595882353,112343.93478471332,1.3403240318758884,1.31018260874498,-0.22002242062579094,-0.4473593402368429,0.03418274763922097,0.037328605537398085,0.094084,0.030286166666666666,0.9714080706436047,0.047030537813212384,0.0454715145983358,0.129939,0.04137133333333333,0.8513284480623102,77.46176282848062,50.00947954980752,124.66706599999999,67.81582866666666,0.9738351907094035,0.030272428435789558,0.03153535057360232,0.06921,0.0286934,0.8602843051377692,0.07086519613039959,0.07858018001888262,0.199273,0.059070599999999994,1.2827741346044275,96.67692981036623,16.316602368839632,40.73918599999999,95.5690512,1.215404774450371,0.040544392201634985,0.02503280590145659,0.068756,0.033801399999999995,1.1521937972832148,0.04571490433326969,0.050599753411454486,0.128383,0.031642199999999995,0.8275133640599374,60.826481271194105,67.54664173870368,169.97315500000002,51.651889000000004,0.7646994572028532,0.9969053216834106,0.00014390356492312618,0.00224797934351088,holdout,0.05882352941164946,-1.4120691887647003,0.050506214033545965,-0.016142417255541358,0.016142417255541358,-1.0434462278962835,0.045358245485437196,0.00839278997490369,0.00839278997490369,0.5811045478209944,1.0434462278962835,0.6515617729805916,0.23964199882010168,0.8123124189919417,0.22091508925633946,0.23964199882010168,0.050201220037345964,0.9986992709712309
normal,0,N0055,1,419.579,421.279,1.6999999999999886,18,-0.0032727222222222224,0.0672305478115116,0.06541826295164915,0.231425,0.11755,0.05450194444444445,0.077031884297,1.7968988275778828,2.132825996427267,-0.009197500000000004,0.1297876738352253,0.12646584450290654,0.425168,0.256647,0.10662183333333335,0.28788497686500003,2.0293779795548,2.654213821388857,15.598120222222223,143.5938147401882,140.4171456209983,404.78079,203.39479,126.15958444444443,354905.5461182756,1.448503949432112,1.4517537958806723,-0.31814819038829084,-0.6591707982676415,0.08401662655887425,0.09177857329391576,0.231425,0.07663266666666667,1.2961844072321678,0.13569535773685604,0.14804633332665376,0.425168,0.10511166666666667,1.0692074459275147,141.77471780936838,83.75469941792356,210.67693500000001,122.85999016666666,1.0439494562580802,0.0570267501645792,0.06155264594691821,0.188384,0.042688000000000004,0.879792338563545,0.12573450597588556,0.1373135860663467,0.332026,0.11674899999999999,0.9907212173030764,154.17147472861487,40.97159218355348,112.91815299999999,149.56587449999998,1.1352322170011653,0.043724611387638425,0.0481903968151332,0.12794,0.0380454,0.6745707583632646,0.1170292135408933,0.12944947939370016,0.329075,0.0938812,0.9221281302166334,100.32210139306262,96.13372275310634,236.79486100000003,86.5845084,0.7387156526791913,0.9984554894092433,0.0005756612979032741,0.0002201472473859921,holdout,1.0031191563667174e-13,0.7060345943814776,0.07436386933800257,-0.008945606386353416,0.008945606386353416,-0.5782442054569692,0.1334332339981436,-0.006967389495237064,0.006967389495237064,-0.48241189571397214,0.5782442054569692,0.7180979330651778,0.14240825066397284,1.1064701971662307,0.08813011692728623,0.14240825066397284,0.10669388810735397,0.9941246008983352
normal,0,N0057,1,433.228,434.928,1.6999999999999886,18,0.005894555555555557,0.0791522063333544,0.0771476377473737,0.283412,0.161774,0.06451166666666668,0.10713164417999999,2.096940421296402,2.2405146363158,-0.0013401666666666662,0.07086386212869092,0.06888033386848043,0.227179,0.135784,0.05744716666666667,0.08540100708899999,1.9713028723011838,2.467168079446735,10.475146222222223,103.30509462005259,100.93951438487285,279.8008,143.62456,90.92116077777777,183398.14015657117,1.4228774615694415,1.4215515058221264,0.05661452246001806,0.1133502521695264,0.07475901650748669,0.08188693272250464,0.21058100000000002,0.06573516666666668,0.9512958948198422,0.06610867285765158,0.07236853832340864,0.19619599999999998,0.049935666666666656,0.9470654785142466,104.24673252693968,52.894235147115026,137.943879,92.38983250000001,1.061462765195752,0.09088738057068209,0.09915721870981792,0.283412,0.071145,1.1565266113306882,0.07570901787986246,0.0826310776516116,0.20625500000000002,0.066939,1.0845989511939915,109.90008375958887,36.478924529630696,94.96749100000001,104.73347983333333,1.1190264095093028,0.06617052426420694,0.06982625762061145,0.173035,0.0587286,0.8420087774203526,0.06666361039727746,0.07234664743580037,0.16771,0.056426,0.9550154518504678,72.5224158645083,76.25680509207781,193.733354,62.891203999999995,0.7384389152180281,0.9967781960792965,0.0006937740845765803,0.0018091802529457308,holdout,1.0031191563667174e-13,0.7060345943814776,0.05843407668308038,0.018713561064293317,0.018713561064293317,1.209645023662148,0.07462543049911392,-0.005745096630633495,0.005745096630633495,-0.39778211890385506,1.209645023662148,1.178056800300786,0.35260737318370383,0.8383408820030893,0.1893753096703076,0.35260737318370383,0.030607303721941478,0.9995164866884503
normal,0,N0057,2,434.928,436.528,1.6000000000000227,17,-0.003361999999999999,0.06241379261829872,0.06064353701658861,0.21160299999999999,0.116041,0.05228623529411764,0.062519855892,1.9134932708205628,2.1104763465129412,0.0010666470588235292,0.06923979436796189,0.06718093545090618,0.24341400000000002,0.136522,0.052407588235294116,0.076725727497,2.032153900264848,2.9621914976423347,3.0752485882352936,99.9010808126139,96.96706134996234,277.1844,139.385,86.82883047058824,159844.38677640512,1.4374468820597515,1.4409680270277456,-0.05114355888250478,-0.10237644088712727,0.05996894109036777,0.0655602115913303,0.147161,0.0534375,1.0830478470636395,0.07164899324833532,0.0784445833194789,0.21815299999999999,0.057462833333333324,1.0434095326450303,98.14747450348624,57.01626967011858,148.791329,86.34530366666667,1.0420121422350506,0.04703589417455568,0.052291528015539955,0.120549,0.0422752,0.8494751281951192,0.057662544914354935,0.0639826516541789,0.16350900000000002,0.047604400000000005,0.8397277660507536,112.77840327829956,34.52347504398566,86.920988,108.4687604,1.1973457920580028,0.05729715897668924,0.06259244442981916,0.15504,0.0481648,1.0347950713195726,0.07485813689506306,0.08337186229778007,0.23227599999999998,0.0544686,1.0901436306527612,64.119748359999,71.17172002115908,176.38935800000002,56.3802548,0.6807465672058803,0.9964570187297082,0.00017838373480936036,0.00232466839965149,holdout,0.05882352941161602,-1.4120691887634962,0.05683113468286143,0.0038124023337271773,0.0038124023337271773,0.24643377577078904,0.06870787085403655,-0.0015269354031303695,0.0015269354031303695,-0.10572278225014704,0.24643377577078904,0.9639735069649218,0.1520496043933305,0.8511545504399172,0.17420638540107294,0.17420638540107294,0.11912246815498606,0.9926760452029166
normal,0,N0066,1,493.473,495.073,1.599999999999966,17,0.005813882352941176,0.07136432704166903,0.06947724793137425,0.27070700000000003,0.180817,0.05759894117647059,0.082060495662,2.602535439783121,4.417752907270247,-0.0025901764705882372,0.1333372102632248,0.12938202427489912,0.34537799999999996,0.182999,0.1164505294117647,0.284575039493,1.414408230398223,1.407247576153538,5.0423078823529375,164.12494587287082,159.30440496358497,468.92649,238.68051,143.08664047058824,431424.1884936319,1.4982668561773884,1.4708153219759632,-0.3012420576551513,-0.6217701253710876,0.09168890690263462,0.10043947730980417,0.27070700000000003,0.07294666666666667,1.2983607175479386,0.1384509236793553,0.15108494034504785,0.34191499999999997,0.12913533333333332,1.0517973792223465,153.63780011395644,113.21557629038567,294.862901,132.40728316666667,0.9908671574311809,0.05961558241433191,0.06378496707532269,0.14732,0.055148600000000006,0.8441864231482744,0.11277156965388041,0.12448362421097806,0.324465,0.09406780000000001,0.856713976769433,192.2293714973147,38.57326695357253,95.32179,189.107942,1.2397585149556178,0.04812778522018233,0.05315784573983412,0.122241,0.0436274,0.6815134770755291,0.1404532507989758,0.1569340345336218,0.331754,0.1297664,1.06700885171234,107.96222222951202,116.98744165244541,288.40713,95.2512158,0.6962884145123366,0.9984548361154278,8.331108974927443e-05,0.0007315435997943721,holdout,0.05882352941164946,-1.4120691887647003,0.08198515044647561,-0.012507902515101366,0.012507902515101366,-0.8085111103045431,0.1615686160176617,-0.03218659174276259,0.03218659174276259,-2.228552709707443,2.228552709707443,0.6722326955729254,0.20840965367915668,0.9977753481199497,0.015271958985162983,0.20840965367915668,0.10681800071562692,0.9941109237280542
normal,0,N0066,2,495.073,496.773,1.7000000000000455,18,0.0033160000000000004,0.07981937470534921,0.07764133322170894,0.322342,0.167454,0.05944022222222223,0.10850717923999999,2.1567635826374367,3.365652619265348,-0.008277444444444443,0.13625458775189153,0.13267412147731666,0.421672,0.241219,0.11720711111111111,0.316843605176,1.8181315038233834,2.0571827906693283,16.87995088888889,166.25842131579716,162.4534898481823,469.4789,235.53744,145.78454688888888,475040.4545493624,1.44987614744452,1.4440276695055596,-0.2616678281398834,-0.535795977078311,0.07662046364385952,0.08304464866965643,0.195219,0.07224833333333333,0.959628360721936,0.13715628407768998,0.15021461219157964,0.40826399999999996,0.11921133333333334,1.039300578965538,166.0310827963334,90.2886766127496,232.181692,144.12823983333334,1.05336535788404,0.09637090414123965,0.10528241156369218,0.322342,0.06984566666666667,1.2069915576628092,0.12876865083940267,0.14015236992502125,0.345207,0.11890966666666668,0.9757433592630501,179.38919169190712,52.98995219544389,150.546809,172.74413516666667,1.1381143634344075,0.059038160730158246,0.06457809219696724,0.154166,0.0411796,0.7394198717572016,0.1293933414716538,0.14293744101983918,0.361045,0.107376,0.9804769472290612,113.0189567939549,113.75934275748352,279.20285,98.66751280000001,0.7170359421011632,0.9981225546679471,0.0010878704031115772,8.60809482561291e-05,holdout,1.3374922084889567e-13,0.7060345943826817,0.08325585154209961,-0.005614518320390671,0.005614518320390671,-0.3629225951804181,0.16625964633778129,-0.03358552486046462,0.03358552486046462,-2.3254128002404943,2.3254128002404943,0.7366628145575153,0.11688393071514183,1.003329976670429,0.009720384315121813,0.11688393071514183,0.05495295317675094,0.9984413795804647
normal,0,N0069,1,521.037,522.737,1.6999999999999318,18,-0.015657277777777773,0.04010356966480013,0.0420011529940945,0.135309,0.088309,0.03467138888888889,0.031753743351,2.102537518729939,1.9810843278889565,-0.004355166666666666,0.04804440593040861,0.04689344812148305,0.159604,0.104702,0.04090872222222222,0.039581918581,2.2327639402578594,2.273902248874668,8.361890222222222,86.05430266216523,84.04675050199708,221.99883,111.47679,76.26104544444445,127149.41285900905,1.326366448841483,1.3102928403896237,-0.05503478350696156,-0.11018089664176109,0.042917845501609236,0.03858248377394419,0.086773,0.03993616666666667,0.9934419623394534,0.03884384533402085,0.035517929658131824,0.092052,0.035692999999999996,0.8289471771834346,83.1847876674891,43.12917836556155,108.751308,73.277581,1.0105768907479085,0.056120039225455526,0.058026547933395685,0.135309,0.049436,1.2990400902723127,0.04377834715929782,0.04345722702612305,0.124727,0.03830866666666667,0.9342519255598085,93.08281803380697,24.988436711258977,67.785505,90.24444233333334,1.130823885812743,0.018864690482486058,0.020100654111247226,0.046036999999999995,0.0165514,0.43667092121725104,0.05792425180871998,0.06385874091853048,0.159604,0.0489752,1.2361326386305684,65.8495799000605,66.32252423126147,161.070606,56.437451599999996,0.7999787650893666,0.993983755423039,0.001924088948665579,0.0030373648474519995,holdout,6.687461042444783e-14,0.7060345943802737,0.05161760321198414,-0.009616450217889635,0.009616450217889635,-0.6216075663739139,0.04946114612151954,-0.002567698000036492,0.002567698000036492,-0.1777836678522651,0.6216075663739139,0.7702737442941746,0.07226824369912899,0.6854532718339195,0.390719777737996,0.390719777737996,0.07542070936785435,0.9970641117927453
normal,0,N0069,2,522.737,524.337,1.6000000000000227,17,0.006484470588235293,0.036561085733532395,0.03605733175016111,0.125533,0.075678,0.02978105882352941,0.02210222994,2.09882418711312,2.2265023488526356,0.002837117647058824,0.04402701069781247,0.042806596356031804,0.1485,0.087599,0.03604876470588235,0.031150879757,2.0463902168586356,2.1640132001138523,2.673983705882353,84.73881475436161,82.25220212542595,219.94927,110.56985,74.12015805882352,115012.22082619274,1.3442782945968135,1.3153930139522712,-0.08558113662176452,-0.17158199086518164,0.031254982856071666,0.033931824558468215,0.085445,0.025852333333333335,0.896884187920004,0.0357019616991373,0.0321143314015202,0.081266,0.03236716666666666,0.8095049791205482,79.50392862244206,48.1367733313594,118.90782,69.43258366666664,0.98770734018767,0.02905928655008584,0.029228118699293665,0.076214,0.025008400000000004,0.8338771049412178,0.03854728842344167,0.04081768380003942,0.098069,0.031088000000000005,0.8740198136262611,97.00162121461962,19.3711972097265,48.620351,95.44170940000001,1.205087785520314,0.04323685049121871,0.03544020494156319,0.08938399999999999,0.034886799999999996,1.2407124879770053,0.05664729475976765,0.05897591185136521,0.1485,0.05155919999999999,1.2844186980025056,61.14768308624453,68.2383722392173,172.57918999999998,51.9449536,0.759660767288232,0.9967373466654218,5.955443812507817e-05,0.0023536019165158926,holdout,0.05882352941161602,-1.4120691887634962,0.05089347710175679,-0.014836145351595678,0.014836145351595678,-0.9590087815583679,0.046787899399403005,-0.003981303043371201,0.003981303043371201,-0.27565962113607434,0.9590087815583679,0.6756952418157461,0.20327205876344487,0.6393663509704748,0.46032249857707924,0.46032249857707924,0.05040620790933063,0.9986886266860381
normal,0,N0070,1,528.243,529.943,1.6999999999999318,18,0.01000988888888889,0.05571396197478783,0.05506175132521667,0.171775,0.105144,0.04625433333333333,0.054572336262000004,1.9095651240545835,1.7347950411863957,-0.007535333333333332,0.10418295530968022,0.10152765400016775,0.307923,0.184959,0.09038355555555556,0.18554156148200002,1.8217598133380923,1.9988804841586045,13.372343055555557,122.55063949100172,119.84618826099731,343.46502,173.58079,107.8059805,258535.95913242735,1.4483630436537636,1.4574581492604015,-0.29673720631418626,-0.611875907782417,0.04072428581939774,0.04440224553968714,0.118676,0.032004500000000005,0.7528934881958584,0.09494002687925326,0.1039992684770747,0.24806899999999998,0.0841285,0.9286291437437728,123.44419386003344,60.64705916762694,153.290532,110.33319616666667,1.0649805829974914,0.05591256451222152,0.06092076834380867,0.15739,0.048537,1.0336880041621554,0.10888630289741068,0.11927760318349795,0.29172200000000004,0.09606466666666667,1.0650407162160145,130.6920767119278,45.57466285654626,124.163886,123.89327666666664,1.127509684316424,0.06485362050957524,0.07155800261815586,0.162068,0.055959999999999996,1.1989864913561465,0.10244119544987748,0.11418127559149092,0.273341,0.09142720000000001,1.001999712257259,83.05701776156374,86.72221164769394,216.909201,72.3136044,0.7165514102513107,0.9968034474674526,0.001634379476179571,0.0006345298105251006,holdout,6.687461042444783e-14,0.7060345943802737,0.06606319183539204,-0.011001440510175368,0.011001440510175368,-0.7111333711701209,0.10278973335399032,-0.0012620793538225678,0.0012620793538225678,-0.087384535346449,0.7111333711701209,0.7081587146960983,0.15634596556744482,1.040750763221437,0.026897511539560055,0.15634596556744482,0.040190449457839506,0.9991663111083227
normal,0,N0080,1,597.608,599.308,1.7000000000000455,18,0.0066394444444444435,0.05541988946347503,0.05426614993816229,0.196048,0.115828,0.04482566666666667,0.05300667052400001,2.1344429286394755,2.1968159823520095,0.006900055555555554,0.06059821056906881,0.05929372597079728,0.17568,0.110678,0.04987572222222222,0.063283426911,1.8666055841137383,1.9372962445169564,9.040435500000001,91.04340782934167,88.93895109336735,234.75626,118.76501,80.39209216666666,142382.466388591,1.3353542912297394,1.357919106233095,-0.04427246853123811,-0.08860285606952249,0.06176495176608387,0.06587376533036501,0.183514,0.05007166666666666,1.1062888681442227,0.05821913663908114,0.0637004769621076,0.166677,0.05045533333333333,1.0625790207104602,94.85485987287515,38.41661161393708,96.68530100000001,88.13388150000002,1.0897063108921383,0.05915993843528462,0.062396250461065374,0.156301,0.05458,1.0596297650958657,0.05696276839889953,0.0617655475185533,0.168766,0.046408,1.0396485787394647,95.42576802638187,38.90873511187576,98.321213,88.56919599999999,1.0962649861002387,0.0426647733592949,0.045970235030941484,0.117756,0.0349802,0.764180372196165,0.04738872882658913,0.05168779714303948,0.133128,0.041180999999999995,0.864909237342915,63.54328656418975,70.19920065733714,178.173088,54.0675468,0.7299944407342505,0.9946987430470583,0.0015353411848274435,0.0027167434713551166,holdout,1.3374922084889567e-13,0.7060345943826817,0.05359167659497632,0.0006744733431859676,0.0006744733431859676,0.04359797263463672,0.05674880655216537,0.0025449194186319135,0.0025449194186319135,0.1762065120689411,0.1762065120689411,0.9404632212505875,0.12735833501008711,0.8190366792595838,0.21267123960194306,0.21267123960194306,0.13048791653527178,0.991211821232654
normal,0,N0085,1,636.953,638.653,1.7000000000000455,18,0.01110772222222222,0.08487136566579521,0.0832247275430272,0.283605,0.144646,0.0711585,0.124674394943,1.738017104654599,1.9958340772599945,-0.005815833333333334,0.10074380347504082,0.09807796430193232,0.281765,0.163404,0.08606716666666665,0.173147167469,1.666062312396309,1.78741569353241,11.537837611111112,115.37384550570826,112.71530074496499,316.87752,161.16812,101.33750405555556,228685.3023965023,1.4298690500295665,1.4416243214480942,-0.08192507572653632,-0.16421820676848034,0.08189585633188858,0.08751092939208603,0.218119,0.07068933333333334,0.9659999785779729,0.0842585400013949,0.09200196611105656,0.244288,0.06967816666666667,0.8537127559418852,116.29591035161248,61.02542447966351,156.40916499999997,102.08486699999999,1.0624146729037656,0.07763965838302828,0.08332059840739663,0.224987,0.06251483333333334,0.9157961305253856,0.10150923297168589,0.10901506787855827,0.275702,0.08988683333333335,1.0284978476053608,123.56455390125504,38.75997253260957,103.12283799999999,118.39025616666665,1.1288169525359528,0.09568290991603463,0.10635259950607696,0.263782,0.0863472,1.12862473230135,0.11061242219479692,0.12289764159372628,0.278643,0.10098580000000001,1.1207319257106059,78.66605858891307,81.53802172125624,204.789063,68.6309888,0.7186493029005274,0.9979064869228876,0.0005627948857505598,0.0011827842060702304,holdout,1.3374922084889567e-13,0.7060345943826817,0.0631857760427236,0.020038951500303603,0.020038951500303603,1.2953182923586313,0.09216721577414198,0.005910748527790333,0.005910748527790333,0.40925161487370826,1.2953182923586313,1.1380839979122872,0.3180872163978364,1.068993788415102,0.0536729924849203,0.3180872163978364,0.028848978540895246,0.9995704446127209
normal,0,N0090,1,677.421,679.121,1.6999999999999318,18,-0.0013037222222222209,0.07697863040427713,0.0748211410301631,0.284956,0.185331,0.06201472222222223,0.100767656611,2.4769870847771003,3.3364032792913765,0.0027642777777777765,0.13028838383046124,0.12664772062452956,0.392766,0.248119,0.11301494444444445,0.28871361250899996,1.9591272450579222,2.0704116807909663,13.814987666666669,138.6934626024807,135.49195785553306,389.18249000000003,195.54462,121.9958678888889,330445.27158345986,1.4432193843452872,1.4544869335046424,-0.25724362151277413,-0.5263088997026416,0.0954066613607247,0.10445610648114355,0.284956,0.07566566666666667,1.266366509679061,0.1306218465686349,0.1414223691467042,0.359683,0.11423466666666666,1.0041346866606469,143.65669149253947,70.69655707869212,180.604476,128.34423383333336,1.0900752316783204,0.052776471689570156,0.057552785047004174,0.148376,0.048007333333333325,0.7005208576998786,0.12229858169387466,0.13375823683796076,0.347319,0.11079666666666665,0.9401509106954264,148.1629315059264,50.71522646875981,138.94082699999998,140.74406716666667,1.1242688398949343,0.07094283418358757,0.07901844777202346,0.20272400000000002,0.0617664,0.9416494407254642,0.13824420171638302,0.15455893725048706,0.343538,0.1303594,1.0627303304902458,89.11958591118336,94.92310060670171,236.180927,78.7575572,0.6762445400202909,0.9984295614386227,0.0008281482479670851,0.00031820025329421897,holdout,6.687461042444783e-14,0.7060345943802737,0.07237648515527012,0.0024446558748929814,0.0024446558748929814,0.1580226127710765,0.12609643426527972,0.0005512863592498363,0.0005512863592498363,0.03817026417552164,0.1580226127710765,0.8511686464770915,0.02759607597517897,1.1483399455628738,0.1252725449997133,0.1252725449997133,0.054013798516175784,0.998494198487665
normal,0,N0095,1,718.025,719.725,1.7000000000000455,18,0.011103000000000002,0.08157678340427646,0.08005209970249236,0.31212399999999996,0.158735,0.0627247777777778,0.115350096002,1.9828961462588333,3.345565653217588,0.01439877777777778,0.14528735447201566,0.14192621473224112,0.410886,0.246369,0.12599344444444446,0.362574907708,1.73589495404215,1.501939446682334,15.527759444444444,151.9513661674361,148.48432468766148,431.90508,216.53333,133.2681672222222,396856.7042031158,1.458290836123479,1.4604719188850794,-0.278739457892687,-0.5726296390015018,0.09071605636361552,0.09916276429470221,0.276667,0.07533116666666667,1.1075857665686017,0.14258426825565296,0.15535148456966866,0.392403,0.12113366666666668,1.0053425981591884,153.19110742360667,83.26127015556132,212.266586,133.00557433333333,1.0637644162760622,0.10071326341318373,0.10666979333563305,0.31212399999999996,0.08459099999999999,1.2296453520201371,0.1392701380327695,0.15144268655523338,0.354528,0.12858899999999998,0.9819751093774837,163.3506440714442,48.71655028125333,138.522285,157.1804091666667,1.1343125946500034,0.027589879191471645,0.02916578327081239,0.066292,0.0266674,0.3368550036096755,0.14393915811758798,0.16007124885281554,0.381946,0.1251872,1.0148957452958347,101.63452065528308,103.05710130993492,252.259884,89.44560179999999,0.7057536717154387,0.9982669935713617,0.0007476983796826141,0.00029588561171955285,holdout,1.3374922084889567e-13,0.7060345943826817,0.0776190922533146,0.0024330074491777515,0.0024330074491777515,0.15726965826116165,0.1454504971035775,-0.003524282371336368,0.003524282371336368,-0.24401617577859688,0.24401617577859688,0.8309921639813308,0.003606157747767585,1.1742717814090236,0.14760336607109065,0.14760336607109065,0.05262188231352663,0.9985708064525309
normal,0,N0101,1,766.428,768.128,1.7000000000000455,18,-0.004307222222222225,0.08031652787898608,0.07817238713893801,0.234183,0.129891,0.06564788888888888,0.10999659799800002,1.6615969494335772,1.7925287789086268,0.011215333333333336,0.1926570865492548,0.18756464183374813,0.529743,0.281586,0.16722788888888887,0.6332489075919999,1.5012744259634483,1.4339887408800618,19.075614388888887,183.74047938163687,179.57966463929935,499.51523,252.26727,161.31493683333332,580479.407135338,1.4047652361234761,1.4152503344877336,-0.4116560462698723,-0.8752070628802026,0.08024737802881787,0.08725366656536561,0.199692,0.06961450000000001,1.0121214683860984,0.19560108958967143,0.2139690180728665,0.49573999999999996,0.17700866666666668,1.0710491471817885,175.09353272985953,111.68927393577282,278.990187,152.72211966666666,1.00419080793231,0.09428918327676829,0.10320175318019877,0.234183,0.08133133333333332,1.1892239843242949,0.18970655892895918,0.20720735172832713,0.507173,0.16881933333333335,1.0387725783219894,199.56926752817037,49.65363325775574,130.74471,194.35360333333335,1.144563256409736,0.054565329094581665,0.05990071037308323,0.15889999999999999,0.0440096,0.6882061739929503,0.15588215861412746,0.16816986506654513,0.37038899999999997,0.1355438,0.8535609561007965,137.0596987803257,123.917672513533,308.80001500000003,113.78945100000001,0.7860603844547532,0.998839691136481,0.0009965251500427578,2.108656854455996e-05,holdout,1.3374922084889567e-13,0.7060345943826817,0.09016650967563017,-0.011994122536692159,0.011994122536692159,-0.7753003605170113,0.1917716309799707,-0.004206989146222556,0.004206989146222556,-0.2912857980258904,0.7753003605170113,0.6709667931499314,0.21029456028970797,1.2831588647000043,0.23628007191397143,0.23628007191397143,0.15756166320067921,0.9871867469880831
normal,0,N0109,1,828.638,830.338,1.6999999999999318,18,-0.009029777777777782,0.08034566167398254,0.07860233771898192,0.27441899999999997,0.142083,0.06872633333333335,0.111209894908,1.8076179936018355,1.9622466007277652,-0.008531777777777777,0.09503495608369619,0.09275061278623567,0.262362,0.164141,0.08233855555555557,0.15484817110000001,1.7697025935375683,2.2808926978504074,11.575454666666666,110.37773161491033,107.8906294286088,302.14194,153.88717,96.73051455555556,209526.98253302494,1.4263256300847433,1.4489660062429632,-0.08256802713613251,-0.165512867358805,0.0903691637442404,0.09660371679547325,0.252281,0.0845355,1.119648697946497,0.08570130719442577,0.0936838566678735,0.257424,0.0696295,0.9256620917514176,110.08632975460645,59.69217825027384,154.372709,95.81592733333333,1.051969034813405,0.07739239549960104,0.08475103879815674,0.20095200000000002,0.07180083333333334,0.9588701639126472,0.1001874675545799,0.10925424957166045,0.242971,0.096402,1.0821274939652465,118.08808381332467,36.66502684415573,96.124065,113.24542100000001,1.128432638539024,0.07184488497450602,0.07995386806652947,0.211738,0.055501,0.8901380579716646,0.09102355857359128,0.10151006772138417,0.24433300000000002,0.0780726,0.9831478700405222,77.1845420442722,78.41897648302847,198.67553500000002,66.7902784,0.737564313187852,0.9975962982322979,0.0007248645708485235,0.0011165968428375793,holdout,6.687461042444783e-14,0.7060345943802737,0.06123895169457542,0.017363386024406506,0.017363386024406506,1.1223696775930219,0.08498015024271151,0.007770462543524162,0.007770462543524162,0.538015503332835,1.1223696775930219,1.1229399816414811,0.3046913012072918,1.0561355795581087,0.0415717378848212,0.3046913012072918,0.04789897558274122,0.9988158390390306
normal,0,N0112,1,855.065,856.665,1.599999999999909,17,0.021578999999999997,0.046495428745738004,0.05000311955268391,0.16091,0.085657,0.044894058823529405,0.042505303405,1.713033122058529,2.7040567462639222,0.00600535294117647,0.040368256916699374,0.039620724784028935,0.134423,0.07511,0.033699117647058824,0.026686631151000003,1.895725038080998,2.3674451491871364,2.9506473529411767,85.65244910572761,83.14745231199112,221.39742999999999,110.7315,74.86134711764707,117529.48004157224,1.3317485613931535,1.3194214633442531,0.11584411319752064,0.23273306003935157,0.05202125179033405,0.04156204836827303,0.12443199999999999,0.048515833333333334,1.0166384448493961,0.043895571773623514,0.0422289926756488,0.11182900000000001,0.03964866666666667,1.2103333726453973,80.91566944588388,48.085698361374256,119.89034600000001,71.04894433333334,0.9962985675396498,0.04937485418915179,0.03129663115256976,0.073149,0.042005,0.9649205516975244,0.014717349897315074,0.014061012232410583,0.035911,0.013773600000000002,0.40580174759959203,97.52625052419761,21.73702892121096,53.246269999999996,95.56867059999999,1.2008213533937935,0.051898046371708445,0.05774654428361926,0.135183,0.0474696,1.0142306718551324,0.0409907057343491,0.04573647703201461,0.105551,0.038203,1.1302374502473496,61.14971924876728,68.32596886685488,172.956964,51.7994704,0.7529243484013185,0.9966482172973408,3.3791460547961504e-05,0.0024081057063006527,holdout,0.058823529411682896,-1.4120691887659043,0.05125472344303203,-0.0012516038903481186,0.0012516038903481186,-0.08090370466391913,0.048121507708855385,-0.00850078292482645,0.00850078292482645,-0.5885818223054513,0.5885818223054513,0.9269428565453376,0.11287771280316629,0.5854099259454104,0.5484877779240693,0.5484877779240693,0.05959277576561605,0.9981670715233786
normal,0,N0114,1,869.389,871.089,1.7000000000000455,18,0.013151833333333333,0.06432679276782045,0.06388287438438499,0.226736,0.135289,0.054269388888888895,0.073458389513,2.117766323192698,2.5428977802802213,0.011379388888888887,0.14059788405408855,0.13710961427003496,0.38135600000000003,0.228566,0.12348572222222222,0.338382833855,1.6670311649323388,1.4885771935148218,15.893195722222222,151.04077370082916,147.64315962392305,427.67042000000004,214.3915,132.5650111666667,392373.046507234,1.4520923322563568,1.4477213329382286,-0.3643257535419115,-0.76372939110872,0.07316664279460507,0.07928372018705984,0.195833,0.06715583333333333,1.2845294267645428,0.13063723061401752,0.1426588149968308,0.341779,0.12221416666666668,1.0069358947276739,149.1155315951493,81.71119352004075,207.810781,129.1181983333333,1.0438894018672569,0.03463949643350299,0.03426721237227602,0.09138299999999999,0.032121500000000004,0.6081385013393137,0.13738829414534073,0.14902054758242794,0.351781,0.1148175,1.0589722718410364,162.64415352936757,47.09601372562874,133.687517,156.85904050000002,1.138597075225803,0.05627745908620964,0.061828143920871506,0.150033,0.0491792,0.9880192598518976,0.11873553903949736,0.12491048950628607,0.271831,0.11439740000000001,0.9151991027118429,104.6458543371279,104.05079139834507,254.28512899999998,91.4055696,0.732577600222471,0.9978646564842633,0.0011175188518708031,0.0002426061803170774,holdout,1.3374922084889567e-13,0.7060345943826817,0.07727967003788908,-0.013396795653504087,0.013396795653504087,-0.8659691835030173,0.14419745662901856,-0.007087842358983604,0.007087842358983604,-0.49075187647489665,0.8659691835030173,0.6669233564029972,0.21633907606590455,1.1408832159307962,0.11875788436728008,0.21633907606590455,0.06621333563902274,0.9977371840947353
normal,0,N0119,1,902.058,903.758,1.7000000000000455,18,-0.0034764444444444435,0.0762960483875512,0.0742278852139365,0.312181,0.207027,0.05877155555555555,0.09917602098,2.7890731280207626,4.650118901128653,0.00991855555555556,0.1626644801840757,0.1583923157381345,0.43391,0.252414,0.14222388888888887,0.45158626232800003,1.59360003560595,1.4173645635726886,17.331019777777776,170.75092141262704,166.84265178989557,477.51419999999996,239.8999,149.81935155555553,501056.46821311815,1.437881125877244,1.4392789754226762,-0.3618104970220424,-0.7579350753597768,0.10003331652587884,0.10931992488364901,0.312181,0.07601583333333332,1.3127583896005606,0.15786020779896792,0.172799825975221,0.410182,0.14365466666666668,1.0206026705953275,168.56623872814984,96.13136504609646,243.83583399999998,145.99585150000001,1.0417668271734468,0.06895928847274069,0.07553399729040339,0.19307400000000002,0.06458133333333334,0.9049673411563443,0.17368803358512258,0.18944189997639557,0.43391,0.14851299999999998,1.1229332166670696,184.5489926381501,51.29294091846161,144.59945299999998,178.5101095,1.1405428511029319,0.04503202723617936,0.04966152814604077,0.130392,0.0385514,0.5909648266007648,0.12343580860107006,0.13288655519577594,0.28799800000000003,0.119035,0.7980409861475518,118.53591380922475,116.45318196462897,286.14334099999996,102.6285784,0.7325712655562711,0.9985073664200075,0.0008789015641344739,0.00011659801878055701,holdout,1.3374922084889567e-13,0.7060345943826817,0.08502694158653942,-0.010799056372602922,0.010799056372602922,-0.6980512557971262,0.1727979558794514,-0.0144056401413169,0.0144056401413169,-0.997425531369624,0.997425531369624,0.6857484152779187,0.18850338855524432,1.1663090275515975,0.14079925612781746,0.18850338855524432,0.08019355169976185,0.9966807712339467
normal,0,N0119,2,903.758,905.458,1.6999999999999318,18,0.01668011111111111,0.08024212009243091,0.07974530050521264,0.306447,0.166121,0.06516122222222222,0.11446763314800001,2.0831446987793507,3.2921454723193597,0.01738016666666667,0.16776962461565106,0.16396650428991758,0.476565,0.255627,0.1481135,0.48393026152300006,1.5590196370108178,1.311971437923203,17.53221861111111,169.2061094693931,165.37076921601894,468.02513999999996,236.56967,148.43227283333334,492254.84359976044,1.4305410268182042,1.4421678028697325,-0.34557703864676415,-0.7208243527285265,0.06424660650182233,0.06878442880187347,0.20716299999999999,0.05255033333333333,0.860448537116897,0.16103033718474707,0.17521204389814835,0.395083,0.1372365,1.002352665659216,160.74949140475226,105.7654933376375,269.325526,139.44273833333332,1.0028307820285247,0.0746903216699906,0.07451272076475711,0.219572,0.06410216666666667,1.0003201961478068,0.17757873542037628,0.19326746581503743,0.476565,0.1660585,1.1053601571286207,183.68282517704512,44.89795449459737,114.48002999999999,179.05173833333333,1.1458996828406718,0.08548523063430313,0.09254495166512325,0.235705,0.0665322,1.1448953594506242,0.1370885109372773,0.15036889655876312,0.362317,0.1267462,0.853323893941695,125.961563766693,111.74864110543582,276.68062199999997,105.06946020000001,0.7858073602213229,0.9988894222487686,0.0006845151653796331,0.0001924430543715602,holdout,6.687461042444783e-14,0.7060345943802737,0.08443301577386828,-0.0046877152686556345,0.0046877152686556345,-0.3030140242999502,0.17060536786269687,-0.006638863572779291,0.006638863572779291,-0.45966523957362343,0.45966523957362343,0.7432777997733389,0.10794434326761873,1.2181001704742656,0.1842475787835518,0.1842475787835518,0.18231145837022042,0.982845177882266
normal,0,N0120,1,910.265,911.865,1.6000000000000227,17,-0.011114999999999998,0.03399296350901168,0.03480076056893686,0.120844,0.076234,0.029286882352941173,0.020588579915,2.190584307747757,2.4573936692241904,-0.011632882352941175,0.044439637321149396,0.04465462825956566,0.201577,0.116984,0.030687823529411767,0.033898609025,2.619750842398746,4.726247635510885,2.7719319411764713,83.669163236609,81.21832716279943,216.84244,108.57715,73.425281,112139.0833410999,1.3368552861518648,1.3101953367094343,-0.1240176133524875,-0.24931871640263045,0.0525471880091282,0.05165399881003083,0.120844,0.050783999999999996,1.4786294810503013,0.03234036556431194,0.03521716350730138,0.100874,0.0223925,0.7040615738573109,77.16256786413652,49.68834971101182,123.771449,67.4876665,0.9713262875997215,0.020534550411440713,0.022087161191515763,0.05411,0.0189706,0.5778233387711507,0.06897079708688308,0.07479092399683267,0.201577,0.057556399999999994,1.5015194509975007,96.51583632133057,16.077615714468088,40.037752,95.4385398,1.2149462049221482,0.017500537191755,0.019559633552293357,0.048195,0.0157568,0.49244900072390213,0.027198053389902742,0.02444579725024324,0.058424000000000004,0.0175474,0.5921115590814907,61.109049578616094,67.60641918623995,170.27225099999998,52.087789799999996,0.7692437915033703,0.9968978107887322,4.5917848698022336e-05,0.0022819675259290535,holdout,0.05882352941161602,-1.4120691887634962,0.05047629366723792,-0.01567553309830106,0.01567553309830106,-1.013266825082886,0.04524778886741469,-0.0005931606078490304,0.0005931606078490304,-0.04106957612904038,1.013266825082886,0.6604493307247503,0.2260937999306773,0.6754590904374504,0.40540751420501236,0.40540751420501236,0.051632221339531485,0.9986240586939577
normal,0,N0121,1,917.521,919.221,1.7000000000000455,18,-0.03230527777777778,0.05627647278110993,0.06351949005751437,0.18587599999999999,0.124022,0.054560722222222226,0.07262506110900001,1.9525030803569585,2.1698443242602976,-0.0031397222222222213,0.10624779312576224,0.10330201989285806,0.293686,0.168665,0.09476805555555555,0.19208353165099998,1.6327367090685603,1.4921829239385926,13.045260055555556,119.12138620192238,116.4978773387585,337.04654,170.26343,104.63808616666665,244291.59763985555,1.4615152987285707,1.463852985584099,-0.2384736227776627,-0.48631014074137685,0.04317729161067579,0.04173455697021355,0.115247,0.03548216666666667,0.6837119523879452,0.08509059035424148,0.09300617921783479,0.23888399999999999,0.07431850000000001,0.8149815968720042,118.7146733390937,63.01160086906073,157.395982,103.84823283333333,1.054884397212414,0.07002468080136698,0.06144676752116421,0.18583,0.06251966666666665,1.1088400740311266,0.11611297909148657,0.12714292493161647,0.293686,0.10551483333333334,1.1121081746358854,127.31651926904901,39.787722414664145,109.745273,122.02572283333332,1.1313193719591021,0.07374421354248753,0.07640134989841477,0.173524,0.0649202,1.1677388353367946,0.11043702932712379,0.12200602910430287,0.259263,0.10891379999999999,1.0577450002417723,81.8363532615274,82.85141401970435,205.564762,71.5956774,0.7271880531041316,0.9975989491473217,0.001026730566857168,0.0007263564605629427,holdout,1.3374922084889567e-13,0.7060345943826817,0.06471210016485973,-0.0011926101073453654,0.0011926101073453654,-0.07709034515467814,0.09780192621857921,0.0055000936742788525,0.0055000936742788525,0.38081847122614254,0.38081847122614254,0.840415008429308,0.014881620047117582,1.089375023650269,0.0725593301110125,0.0725593301110125,0.04596323225943807,0.9989096161446516
normal,0,N0125,1,943.329,945.029,1.7000000000000455,18,-0.007337722222222224,0.10072942338399064,0.0981660281566671,0.351179,0.219898,0.07967094444444445,0.17345824351300002,2.2400621083401275,2.797430825633013,-0.000959666666666665,0.17057225087127778,0.16576920943253876,0.537078,0.291478,0.1420596666666667,0.49462975432600004,1.7583361891981488,1.9496903839789865,18.8032215,190.53954832345485,186.12339568418497,524.77986,263.66082,167.5666431666667,623554.5315782103,1.416591498509843,1.4167978652309954,-0.2561354894977475,-0.5239363063028925,0.1338495715601411,0.13699379254513688,0.323398,0.1136235,1.3345682475643887,0.16746176928381792,0.18289771235638788,0.41172600000000004,0.15980866666666668,0.9836629240813418,193.63521525374378,101.41355666877901,256.557614,170.07058933333334,1.0673612218044553,0.09411522822582964,0.10275285706327911,0.281992,0.08290833333333333,0.9383907153265119,0.16665981375294606,0.1825536832427656,0.525304,0.13242083333333335,0.9789522732512789,205.14253677466198,62.7943295369595,173.133037,196.97086216666665,1.13079218782047,0.045523062216858826,0.049189477297487114,0.12410199999999999,0.041065199999999996,0.4538948661424753,0.1776469337793366,0.19861276104898196,0.508297,0.1519668,1.0434901236431195,128.0818471584295,132.14299346288163,327.77528,112.1694696,0.7060161897454736,0.9987297158606112,0.0010311211804785313,4.432339700151607e-05,holdout,1.3374922084889567e-13,0.7060345943826817,0.0928069993775355,0.005359028779131594,0.005359028779131594,0.34640774527451274,0.2015194916643267,-0.035750282231787944,0.035750282231787944,-2.4752974461289963,2.4752974461289963,0.8129522948150134,0.018341777575962396,1.094181863009518,0.07696209804749553,0.07696209804749553,0.030497354735666643,0.9995199542472906
normal,0,N0128,1,964.185,965.885,1.7000000000000455,18,0.029667722222222217,0.07754862298986477,0.08099298293439444,0.27445299999999995,0.142805,0.0673123888888889,0.11807753912299998,1.7631774361943704,2.606204549773048,0.018737666666666666,0.15703506355887903,0.1537566607258221,0.48224100000000003,0.255299,0.13613577777777777,0.42553999291600003,1.6604093689004313,1.638896415613714,18.512774555555556,175.23885938912804,171.3048280553721,489.75545,246.56454,153.822659,528216.1940714509,1.439332112229208,1.4297606782353538,-0.3099628892150224,-0.6410087070561565,0.09894359227189331,0.10814445271703337,0.26049999999999995,0.08127566666666666,1.1995420290652314,0.1450164797784491,0.15860417168536267,0.362124,0.137859,0.9740955311484415,167.62215468756696,107.4388510384611,270.139607,145.61481983333334,1.0108838271778005,0.08314325583994571,0.07967575532536021,0.208366,0.07562533333333334,1.0079867480379454,0.14628439620137207,0.1590930387863236,0.43282,0.12529833333333337,0.9826122991966378,189.6817355839649,45.77709725832195,121.53150000000001,185.02128333333334,1.1439191864001756,0.055582170850012685,0.04232823415050526,0.09007699999999999,0.0442152,0.6738501045935268,0.15633313051237732,0.17458123117706553,0.46409900000000004,0.1301338,1.050111022107321,128.81307103594145,116.08466972222142,283.655555,107.68534059999999,0.7768367521706652,0.9986606635687768,0.0007328341690575963,6.180126850831933e-05,holdout,1.3374922084889567e-13,0.7060345943826817,0.08682749396197453,-0.0058345110275800915,0.0058345110275800915,-0.37714292890414786,0.1794450311162769,-0.025688370390454823,0.025688370390454823,-1.7786253325342904,1.7786253325342904,0.72875676596463,0.1276741854735503,1.1026836823808055,0.08470209090471095,0.1276741854735503,0.1679155715598604,0.9854474120401019
normal,0,N0132,1,998.048,999.748,1.7000000000000455,18,-0.0026763333333333326,0.047851012329324615,0.046579775748470255,0.166529,0.107618,0.03638711111111112,0.039054159158,2.310401848672153,3.287815216672336,0.002582555555555554,0.1106254726103416,0.10753964925448556,0.32515700000000003,0.199291,0.09559055555555555,0.208165970912,1.8531862562466692,1.6964844637982366,13.8514255,127.05054269982672,124.24545656712614,356.53834,179.97708,111.76494161111113,277864.8025963253,1.4485606554374382,1.4600069272732616,-0.395536600947289,-0.8366931597148839,0.03421986529050049,0.036294365517253506,0.098206,0.029594166666666668,0.7479584786053546,0.1006504260290702,0.11009142868982429,0.254836,0.09508749999999999,1.0111271494727738,126.09623701514636,63.334147275882536,160.668157,112.06061966666668,1.0493604092284172,0.035131651517304636,0.0380020004403277,0.102713,0.03130433333333334,0.767887786719933,0.11129080744233401,0.1217885286049826,0.277928,0.09752783333333333,1.1180196779215767,136.2501214944523,46.20335453550225,125.750917,129.55746716666667,1.1338600313002691,0.06504192574639837,0.058737740654539995,0.127088,0.0461332,1.4216496591628474,0.08167270749154824,0.0849399390852148,0.211738,0.07312939999999998,0.8204783146352641,87.96239388647973,90.28946137441852,225.521596,76.4166696,0.7320143394472607,0.996318794155505,0.0021977210731715865,0.00047441944089375175,holdout,1.3374922084889567e-13,0.7060345943826817,0.06783835994339835,-0.02125858419492809,0.02125858419492809,-1.3741553781852949,0.10934309782864478,-0.0018034485741592193,0.0018034485741592193,-0.12486815127495854,1.3741553781852949,0.5778587397353582,0.35968476355579404,1.0633462701907805,0.04837596548719639,0.35968476355579404,0.04038534207921448,0.9991582060103963
normal,0,N0144,1,1088.185,1089.785,1.6000000000001364,17,-0.01863476470588235,0.07922804285062945,0.07908917161288115,0.291983,0.146073,0.0592245294117647,0.106336650129,1.846940573799224,3.208779503561205,0.006177882352941177,0.15396108793209826,0.14949190249012703,0.45869499999999996,0.243364,0.13322764705882353,0.37991309147200003,1.6279410185181944,1.5922328631430347,5.0453094117647055,151.44814653714315,147.0128835755967,423.36207,211.8074,131.99139482352942,367417.39493260323,1.4407403953210998,1.4634808224838947,-0.30799895027709717,-0.636666256916269,0.06406183721348199,0.054937847576147364,0.147013,0.040227166666666675,0.8789246256953704,0.14588841499755903,0.15871593246730673,0.400373,0.1251245,1.0224551763979337,138.77020253580582,101.71307521925603,261.841333,119.80836950000001,0.9744569345517906,0.08408448793802577,0.09202348122789096,0.224602,0.07072139999999999,1.1536342119167775,0.15814134056533097,0.1754393273992465,0.43402399999999997,0.14406259999999999,1.108329487754299,177.7567613569409,35.919811133994976,91.76099999999998,174.829288,1.2482240827100122,0.07074575509244353,0.07285224227503227,0.20174799999999998,0.0531548,0.9706275845157355,0.12082836107967367,0.13182987594737394,0.30525599999999997,0.11221239999999999,0.8468224378451027,100.94458976712919,108.81425126042289,271.18496,88.72843900000001,0.7088420547536788,0.998897707288368,3.181936885778052e-05,0.0009055691884083845,holdout,0.05882352941154915,-1.4120691887610883,0.07702534457684129,0.002063827036039856,0.002063827036039856,0.1334058277453391,0.14325856670985332,0.006233335780273713,0.006233335780273713,0.43158708615890784,0.43158708615890784,0.8292136444625927,0.0014636279601492538,1.2492486406264955,0.20949745419869473,0.20949745419869473,0.10523437784066703,0.9942842455331493
normal,0,N0153,1,1158.555,1160.255,1.7000000000000455,18,-0.000517666666666667,0.09283569557525369,0.09022156429775165,0.332128,0.169469,0.07907344444444445,0.14651875195800002,1.8783646827571492,2.0661170966635547,0.0010704444444444448,0.07235754822547966,0.07032704421802785,0.196831,0.120684,0.06431455555555556,0.08902607667199999,1.7160397019652291,1.6796055249507182,10.516651444444443,104.52752059454059,102.12542473318086,284.65024000000005,142.46763,92.21707877777777,187732.84278478666,1.3950260708557116,1.4239786370416452,0.12391586737199624,0.2491120484205943,0.09781881507494694,0.10697631166758367,0.287396,0.08784733333333333,1.0594524024379985,0.07974678625813081,0.0872355867829561,0.19121100000000002,0.07240583333333334,1.1299708984452284,110.4374193851225,45.36972069224884,115.065831,102.37714899999999,1.1124404320219392,0.09750455703538512,0.1068027923355315,0.276111,0.085986,1.0560487480925218,0.07314578821549923,0.0800907147027669,0.196831,0.06818566666666667,1.0364381551353739,109.14401640364487,44.47084468650888,115.88204800000001,101.31322533333334,1.0994119333526986,0.07806007421210923,0.08560406395902007,0.19405,0.0680696,0.8454501630912588,0.05368994487424997,0.056916013873952905,0.141393,0.0496258,0.7607588730993587,67.66177508480749,75.09527917580625,188.02406200000001,59.135276399999995,0.6815596989298578,0.9967556046812219,0.0008696034195597886,0.0016264385542478562,holdout,1.3374922084889567e-13,0.7060345943826817,0.058912608584928285,0.03130895571282336,0.03130895571282336,2.023811627512145,0.07639202035131724,-0.006064976133289393,0.006064976133289393,-0.4199301095367547,2.023811627512145,1.361699525431603,0.49747464218042153,0.8460092310445045,0.18026983692613371,0.49747464218042153,0.1376520427096593,0.9902203432969491
normal,0,N0165,1,1252.717,1254.417,1.699999999999818,18,-0.0268025,0.08476550365862283,0.08662786711336665,0.325998,0.202176,0.06747872222222223,0.13507897249099998,2.333844832349616,2.8552060004018385,-0.0018053888888888935,0.17232031086873856,0.16747497190575472,0.495604,0.283203,0.14903883333333334,0.5048615918670001,1.691016853308507,1.6774729105651607,16.825492555555556,160.818916525836,157.19097657670918,444.56916,223.10057,140.82663855555555,444762.05610851164,1.4192962907837585,1.445297953158262,-0.31816686938309313,-0.6592123636847259,0.12089188693691015,0.12997520137228744,0.325998,0.09776983333333333,1.3570434803957414,0.18351698881574968,0.20084640295575787,0.495604,0.170566,1.065102911649974,156.9112011852241,92.43152385730644,229.100011,136.2094235,1.0294051850864405,0.07247040499173898,0.06211369185829053,0.170435,0.05810566666666667,0.8134995085898687,0.16812997479678235,0.18399094815642425,0.467175,0.14471283333333332,0.9757991717675846,174.1742940061497,48.34002831794179,131.89138100000002,168.4915015,1.142658522810317,0.056058443306963135,0.06123368098930522,0.141735,0.053300799999999995,0.6292708877192827,0.1630984687671837,0.1823097019675585,0.415076,0.15552939999999998,0.946597124825269,114.22900969071159,109.09358451476825,271.524821,96.7146748,0.7493915920260046,0.9984885728146708,0.0010604370528488644,0.00019208815782597796,holdout,0.0,0.7060345943778656,0.0811323516604342,0.005495515452932448,0.005495515452932448,0.3552302470523504,0.1584203500910341,0.00905462181472061,0.00905462181472061,0.6269288199832156,0.6269288199832156,0.8494441281970587,0.025567961289899688,1.3089073735416523,0.25614789429651225,0.25614789429651225,0.1015036821935133,0.9946823238715602
normal,0,N0165,2,1254.417,1256.017,1.6000000000001364,17,0.027843941176470585,0.0644035124590175,0.06840400947011976,0.23608,0.172221,0.057563352941176475,0.07954484469699999,2.5177032945010276,2.862223840977369,-0.0012681176470588247,0.1698553369156686,0.16478876063544112,0.5248729999999999,0.289799,0.14053682352941174,0.46164070574000005,1.7586090148533644,1.940649303818916,4.99485576470588,158.07305555846787,153.43471120188914,440.18441,223.10057,137.43343329411766,400217.5802273212,1.4540423627248507,1.4685914570260332,-0.4133264985928891,-0.8792329742186848,0.055675603442321725,0.06092023410329281,0.147104,0.04817,0.8347474997190102,0.16580301106584283,0.18135680638058962,0.439156,0.14037516666666666,1.0698739754030542,150.50631039084536,103.1036360464915,261.851223,130.36268599999997,1.006651406259947,0.09025814559473289,0.08857728803988076,0.21688200000000002,0.07473260000000001,1.353245527774666,0.1702335104020357,0.18880140547596566,0.470831,0.14452099999999998,1.0984625752563517,184.07705782389093,42.50682811001781,103.82487,180.10801999999998,1.2311871086163073,0.04867378139820246,0.04289857708945601,0.106732,0.0448836,0.7297687822299219,0.12200955351856674,0.132884820332497,0.315382,0.10922380000000001,0.7872887544136541,102.29952330432957,113.15517174610204,282.40553,89.47178,0.6842235300739218,0.9988629356915073,4.748985455063719e-05,0.0009139997275950799,holdout,0.05882352941154915,-1.4120691887610883,0.07961664449401762,-0.011212635023897854,0.011212635023897854,-0.7247849894629431,0.1528248341207019,0.01196392651473921,0.01196392651473921,0.8283648379501978,0.8283648379501978,0.6871677154695282,0.18643581768849005,1.3194428375752174,0.2641647258547754,0.2641647258547754,0.05915132157739787,0.9981941270480745
normal,0,N0178,1,1349.657,1351.357,1.7000000000000455,18,0.04647911111111112,0.1544694082319096,0.15714803834565957,0.588644,0.351699,0.11969066666666668,0.444519107206,2.2380107553516524,3.0151137615360315,-0.00410522222222222,0.1865138173410329,0.18130533182942463,0.5833200000000001,0.339932,0.1538856666666667,0.591689220296,1.8749145244102046,1.8678972360368349,13.537030611111112,132.3605581814745,129.34169146439774,370.21165,185.62379,116.35529416666668,301126.91671568627,1.4351427439859508,1.461841800027689,-0.07137554420331801,-0.14299424572649172,0.21562115195059134,0.20480250670869896,0.588644,0.18640183333333335,1.3375340939492486,0.16153200600654966,0.17477651286533516,0.452519,0.14194816666666668,0.8659109765568028,134.42239120880984,66.9955017335431,172.419093,119.7040025,1.071231581074799,0.07657695158031125,0.08388580175452816,0.18326399999999998,0.072644,0.4750196472971129,0.20408985849661093,0.2209290979472072,0.540825,0.17059616666666666,1.09404726063375,141.96004545349993,48.690439279556294,133.028288,134.822187,1.1313002437546023,0.1597855325059187,0.17005521231794102,0.463611,0.109595,0.9911764013554425,0.19241454338277036,0.21395928453633417,0.48568100000000003,0.1769264,1.0314603853650544,87.5827041015763,91.87327630084036,229.232455,76.8738356,0.6979593038469096,0.9975314879839736,0.0014039240112468738,0.00024302454818688157,holdout,1.3374922084889567e-13,0.7060345943826817,0.0698947641067775,0.08725327423888207,0.08725327423888207,5.640053681855351,0.11693469770532115,0.06437063412410347,0.06437063412410347,4.456928905344992,5.640053681855351,1.8727302992794843,0.8161384906595722,1.7221011336009138,0.5305003057036853,0.8161384906595722,0.04621019603998796,0.9988978672422936
normal,0,N0181,1,1374.517,1376.217,1.7000000000000455,18,0.012048722222222221,0.09443674431491512,0.09256354220960264,0.35622,0.182501,0.07643805555555556,0.15422416823500001,1.9716293871591613,2.559216993101984,0.015005111111111111,0.20543541577167518,0.20021042144259682,0.686044,0.34979,0.1763081111111111,0.7215158313760001,1.7471118510196522,1.9094852647906,18.948007444444446,186.85465789556318,182.57597501734574,508.26388,254.66552,164.24070411111109,600011.7597636202,1.394846830070634,1.4175624864609155,-0.3676791402137983,-0.7714735691906319,0.12704066584890578,0.13803286544394658,0.35622,0.11317699999999999,1.339533751023423,0.2153147401588351,0.2326043697505846,0.573556,0.199812,1.0553412744125792,187.2246088263108,98.14107847003241,245.932488,164.39787533333333,1.0546945909645244,0.0821094162261552,0.08765768291180566,0.224102,0.06825866666666668,0.8657726530068602,0.19647286260321042,0.21410552214122516,0.583172,0.16547383333333335,0.9629899051695349,201.2830715749,62.47419937263299,170.28082999999998,193.03459166666664,1.1338902945163407,0.055891308313547286,0.06219775654475007,0.14802300000000002,0.0501954,0.589325420915979,0.19892961976387527,0.21865961042268414,0.5718300000000001,0.1728046,0.9750314274124879,128.29034044087823,131.19280070333923,327.27615,111.6279024,0.7226994837068494,0.998188388231888,0.0013588619443785843,5.4484597424479864e-05,holdout,1.3374922084889567e-13,0.7060345943826817,0.09137556405801148,0.0011879781515911625,0.0011879781515911625,0.07679093542669128,0.19623508094940578,0.0039753404931910374,0.0039753404931910374,0.27524678285027226,0.27524678285027226,0.7814499113469879,0.05786315259640809,1.3471925234669964,0.2849779859162225,0.2849779859162225,0.03340420647915911,0.9994240820590955
normal,0,N0181,2,1376.217,1377.917,1.699999999999818,18,-0.01180938888888889,0.09811317577173995,0.09607740785631598,0.330596,0.185583,0.07792838888888887,0.166155629407,1.9315987404399988,2.303396971993791,-0.0006958888888888904,0.20046958782403845,0.1948226633268773,0.602098,0.330239,0.17050844444444446,0.6832056626240001,1.6950748663461113,1.7201953120940654,19.484495222222222,188.6075043223405,184.32625990754897,511.17259,257.69284,165.36009855555554,611571.0616470953,1.3980256536927993,1.4190566477638726,-0.339447340348148,-0.706935527556163,0.07175847754098466,0.07654821015717263,0.194095,0.056542,0.7724883478912626,0.19729805853707735,0.21510099640254263,0.5233410000000001,0.18445083333333334,0.9848300890609099,180.5898883608129,111.74616282923884,278.48044100000004,157.31316566666666,1.0084484974551697,0.09371650546106237,0.10243846990933957,0.293993,0.07364949999999999,1.0088690696149512,0.20170037341355287,0.22057101538091234,0.5762240000000001,0.1672565,1.0068046192920768,205.05531507191603,52.56521485850267,138.99388,199.361725,1.1450681223431225,0.11233995763039971,0.11583504117364485,0.31803899999999996,0.09641119999999999,1.209352695958704,0.20230531458268713,0.22534541159673077,0.516142,0.1857448,1.0098242347403614,139.4296394281703,128.43764325716916,319.9201,115.747918,0.7786017902681509,0.9986204753238369,0.0011375521365644147,6.707681260413497e-05,holdout,0.0,0.7060345943778656,0.09208182921412517,0.003995578642190814,0.003995578642190814,0.2582742966221959,0.19884239062497222,-0.004019727298094911,0.004019727298094911,-0.2783200605410097,0.2783200605410097,0.8034130381447927,0.030145256935350733,1.2984908023842763,0.24815783994234042,0.24815783994234042,0.13871958909446047,0.9900680648265523
normal,0,N0182,1,1381.584,1383.284,1.7000000000000455,18,0.0027308333333333347,0.06655462255767151,0.06473709070669353,0.214452,0.113765,0.054648944444444444,0.075436036437,1.7573387799497946,1.957561299255883,-0.0020838333333333325,0.0676251460924811,0.06575285757753126,0.22195700000000002,0.136634,0.05501583333333333,0.07782188903299998,2.077993337991289,2.8608949346661965,10.418845888888889,102.89187346887836,100.53426224557641,278.52336,142.34115,90.37148111111112,181928.48193472196,1.415847163152213,1.424506413038689,-0.0077842537619638,-0.01556882199110445,0.08244505442313282,0.08990505536935432,0.214452,0.07752583333333334,1.2473315380503889,0.0702819423097664,0.076867878181765,0.18874799999999997,0.06204483333333333,1.0649093371391463,102.60970557698717,53.757902916075516,140.255106,90.11377016666667,1.0488482796971335,0.06526667119977853,0.07132979083594736,0.18457,0.056919500000000005,0.9874355465063116,0.07288447260676767,0.07895643755240397,0.22195700000000002,0.056363500000000004,1.1043427779687838,110.030782770017,35.56223805468102,92.877881,105.13267416666667,1.1247044962571646,0.039821107975544834,0.04446972262899781,0.12420400000000001,0.028572800000000002,0.6024633521749518,0.050074830475998616,0.05406002541804804,0.128292,0.04368,0.7587319413359572,73.3371500575805,75.87375199414416,192.87469,63.311726799999995,0.74963224232304,0.9968754665507092,0.0009412799316094602,0.0015373384230746032,holdout,1.3374922084889567e-13,0.7060345943826817,0.058270551609518,0.006466539097175532,0.006466539097175532,0.4179972380639186,0.0740217471617637,-0.008268889584232442,0.008268889584232442,-0.572525865319571,0.572525865319571,0.9925305702265507,0.18124360588475305,0.8035023461337404,0.23182000280693948,0.23182000280693948,0.03391792122982901,0.9994062320616497
normal,0,N0182,2,1383.284,1384.884,1.599999999999909,17,-0.006981470588235292,0.07404230975945243,0.07217006630134945,0.2537,0.132953,0.06329076470588235,0.08854481398899999,1.8422180664882388,1.9312317575022555,-0.005455823529411764,0.06675659290683889,0.06499280743961099,0.236216,0.147181,0.05307241176470588,0.071809105321,2.264573662812695,3.184017510660671,2.5203718823529395,99.21222402536064,96.2829882360157,275.24081,138.64936,86.1772394117647,157597.03500216454,1.4400192862744647,1.4445942742686266,0.05232654191279765,0.10474875676746258,0.07892744576824971,0.08599419339098813,0.2537,0.0628745,1.0941363766681733,0.0740612627761639,0.08076187990795328,0.227168,0.056108,1.110542611125776,97.13860537276886,57.589087419590705,149.802582,85.401008,1.0369869637073061,0.05880651012600561,0.06316948385336071,0.151668,0.0533772,0.8152087184310116,0.06580541257221932,0.07306080791710423,0.16339700000000001,0.0613162,0.9867468088551361,112.7577320258773,33.683333174884325,84.458122,108.6584216,1.2037263425733247,0.07561891330745239,0.0827075165640947,0.17954,0.0718218,1.0482716501017648,0.05761445783308214,0.06281949844435245,0.173932,0.046702200000000006,0.8639241088006337,63.57639125873577,70.64565062560689,175.350567,55.633026799999996,0.6786991503724622,0.9966981233891005,0.00021949445648628967,0.002208931252143407,holdout,0.058823529411682896,-1.4120691887659043,0.05655510133119455,0.015614964970154903,0.015614964970154903,1.0093516998668544,0.06768884220403158,-0.002696034764420596,0.002696034764420596,-0.1866695184048509,1.0093516998668544,1.1553467653210001,0.33314160017291805,0.8292822109899124,0.20023958727900756,0.33314160017291805,0.1111221743837644,0.9936267676697867
normal,0,N0183,1,1389.801,1391.501,1.7000000000000455,18,-0.016183,0.049471917776356594,0.05072858706773616,0.163021,0.108999,0.04247733333333333,0.04632101182599999,2.1486701345428236,2.0914552039280823,-0.01508622222222222,0.043231320309613706,0.044639789030266115,0.152463,0.082351,0.03736433333333333,0.035868793764000005,1.8447891844687123,2.861396509132908,8.85344338888889,88.23505793745393,86.20490283619611,224.4735,113.09482,78.28892783333333,133763.1349139642,1.3119302531423216,1.308095213975806,0.06384504262869321,0.127864007144663,0.03449213277207814,0.03699852240698269,0.098387,0.0296545,0.703013669702102,0.04319879665762307,0.040068707146600074,0.11444099999999999,0.03481666666666667,0.9429238836972396,92.94935504915931,32.88116155080663,82.825911,87.96935233333335,1.1018618852438498,0.05321451235017255,0.05740518408297286,0.130994,0.047473666666666664,1.084610506862799,0.04488504796700121,0.0469710436446399,0.136716,0.036641,0.979730618063712,90.97869797345123,38.89886324275224,97.50784300000001,83.76269366666666,1.0785008633254036,0.057954269754695385,0.05894674806721741,0.163021,0.0456696,1.1812155578890637,0.04979224272514746,0.05493398507936594,0.133219,0.0460228,1.0868426558383446,62.40586521976437,69.61327345677519,175.211332,53.14272100000001,0.7397861369232286,0.9933433850780696,0.0019851245594179447,0.0037910489643128353,holdout,1.3374922084889567e-13,0.7060345943826817,0.052488448754765014,-0.001759861687028852,0.001759861687028852,-0.1137575004957257,0.052676035019777676,-0.00803624598951156,0.00803624598951156,-0.5564179618312223,0.5564179618312223,0.907038264215744,0.09117042945625055,0.6361752651416612,0.46532600837390475,0.46532600837390475,0.18029649546200188,0.9832222832124322
normal,0,N0187,1,1423.851,1425.451,1.599999999999909,17,0.00468258823529412,0.04943646494751979,0.04818846445925805,0.179756,0.096244,0.041448,0.039476177817999995,1.997241478432489,2.3346552447254605,0.005344941176470588,0.0421960695303345,0.04128366382224615,0.14937499999999998,0.082075,0.0357124705882353,0.028973795276,1.9880745166753584,2.156498236073933,2.941468882352942,86.70809815074207,84.17062384887825,224.46993,113.0891,75.87844747058823,120439.796624859,1.3435697019787165,1.328406974167432,0.07717264325277143,0.15465279321984887,0.04294414010277382,0.04284285827727495,0.113691,0.037701500000000006,0.8847509851452318,0.038477277706026276,0.04163793101007782,0.11175,0.034246,0.9241811824947598,83.59098858579877,46.260573819071276,116.39096,73.5258755,1.0190866686213351,0.037164358713692336,0.03941346031243641,0.101147,0.0339002,0.7656738010247464,0.050899347543951874,0.05647044740835687,0.14937499999999998,0.041978,1.2225454087676737,97.37901615449938,26.544279665450915,63.414582,94.44042440000001,1.1871812840764917,0.06280768457123698,0.06823199996116192,0.179756,0.0533408,1.2939870414474453,0.03434355338342263,0.038308288258547915,0.086807,0.0313074,0.8248937468877222,60.518704403598875,67.45379542728492,168.977877,52.697426400000005,0.737804467961761,0.9965274273971595,6.246982585390696e-05,0.0027495606562163836,holdout,0.058823529411682896,-1.4120691887659043,0.051667587891142966,-0.0034791234318849174,0.0034791234318849174,-0.22489061978246785,0.04964567389621259,-0.00836201007396644,0.00836201007396644,-0.5789733923328233,0.5789733923328233,0.8824443983194031,0.06368157464741206,0.6025655514982442,0.5196036492586539,0.5196036492586539,0.10931656586877399,0.9938322004782687
normal,0,N0188,1,1430.156,1431.856,1.7000000000000455,18,-0.01096416666666667,0.08852603031229256,0.08672767719227044,0.380619,0.195573,0.0610435,0.135390419841,2.2550240745687855,4.359029489167146,-0.011598611111111112,0.20269588084881046,0.19732616005501033,0.635465,0.380496,0.1735741666666667,0.700877041957,1.9282592834823615,1.9806471113811934,17.994512,179.24950812649186,175.1261464549902,489.79157,245.59763,158.29527944444442,552045.0090991441,1.402404123950286,1.4136806852879207,-0.3893574680565569,-0.8220849321945618,0.10728050899161506,0.11740703441688095,0.360796,0.07320416666666667,1.2071370645777966,0.21329914410790932,0.23343241974620121,0.617936,0.18564116666666666,1.0520929964800598,183.3853477517678,87.9633755049687,225.42968100000002,164.87032150000002,1.0755803012501928,0.09649647126363396,0.10570519726863008,0.302394,0.079426,1.0857933855664603,0.18890501883486313,0.20654068670522682,0.516131,0.17308733333333334,0.9317695490402281,191.4638491252228,66.22319225022011,177.887937,181.6695155,1.122961823533382,0.04323297349477595,0.03708517246151081,0.09232499999999999,0.029904399999999998,0.48646417888949894,0.20574522818622065,0.22988532967916853,0.516891,0.1851586,1.0148334843969395,120.38007151105775,128.13436210681076,319.58214,105.90838160000001,0.7060456855890499,0.9978449653334688,0.0015103689603105932,3.658905304930951e-05,holdout,1.3374922084889567e-13,0.7060345943826817,0.08836945096061663,-0.0016417737683461914,0.0016417737683461914,-0.10612429467785187,0.18513745324281844,0.01218870681219189,0.01218870681219189,0.8439282981941566,0.8439282981941566,0.76332859646936,0.08132560507549441,1.3842683395126532,0.3121268964416697,0.3121268964416697,0.05620642026509227,0.9983694649398612
normal,0,N0192,1,1463.835,1465.535,1.7000000000000455,18,-0.023052888888888887,0.04278333767730677,0.04754114011277203,0.149068,0.114262,0.036437888888888895,0.04068288005799999,2.4034341567947224,2.643040320646354,-0.007840555555555555,0.061947383823809536,0.06071045570300611,0.219334,0.116699,0.04643911111111112,0.06634366977,1.9222224351417871,3.0476412116326097,8.372268666666669,86.37434765800012,84.35727023734938,221.82062000000002,112.29779,77.02713155555556,128090.68275414946,1.3312164995860651,1.2939597171588693,-0.12165470163159421,-0.24452049151292157,0.043856172615721944,0.04489570010331353,0.10561899999999999,0.03605149999999999,0.9966949054989003,0.05987036344747986,0.05208536528047009,0.126055,0.04418966666666666,0.9625609229636296,86.21196343102241,39.96106992026588,101.986185,78.11378483333333,1.042583297159356,0.05476768751888897,0.041387963633968114,0.113055,0.039648833333333335,1.2446748514589627,0.048853481245795916,0.044178591690621674,0.133151,0.0369275,0.7854378909724007,92.14336015336862,28.67725675576477,76.35308,88.34635216666665,1.1143131929352672,0.025989289720960054,0.02903756396807418,0.07478399999999999,0.022708199999999998,0.590644169736092,0.07738411636892936,0.07771887691352726,0.175408,0.0650426,1.2441368681542047,64.34971486258097,68.14060998202218,167.910119,55.775029200000006,0.7781975403723669,0.9939387622512226,0.0017967117131660211,0.0033686031566663856,holdout,1.3374922084889567e-13,0.7060345943826817,0.05174290239647262,-0.004201762283700589,0.004201762283700589,-0.27160201201831896,0.04992371145300929,0.010786744249996816,0.010786744249996816,0.7468584533389381,0.7468584533389381,0.8686641209787013,0.047942331005051665,0.8841533316702622,0.13616960816075685,0.13616960816075685,0.05504552386637532,0.9984361240269799
normal,0,N0194,1,1478.587,1480.287,1.7000000000000455,18,0.005131388888888889,0.06542523413893134,0.06378862759623467,0.227247,0.123309,0.05487238888888889,0.073241802191,1.9330875211881609,2.8336594560172843,-0.007896388888888889,0.11955439452947958,0.11645401059526556,0.318924,0.197393,0.10692505555555556,0.244107658507,1.6950296429552512,1.7636156378609533,14.786364666666664,149.43900155201496,145.9793966786019,427.33138,215.36949,131.87448533333335,383579.71658367495,1.4753416913632822,1.4521743075406097,-0.2921915897767982,-0.601921512602503,0.08001740236973455,0.08764705832066852,0.227247,0.07173333333333333,1.2349560463616729,0.12073712666229335,0.13214925861867963,0.310466,0.109489,1.0377771257346313,153.68102123995098,74.93029874721346,197.29616700000003,137.61927516666665,1.0821540067691582,0.06765215763250522,0.0735548149794877,0.199727,0.05955866666666667,1.0441158878368682,0.11933355867413548,0.1304378192510388,0.302814,0.11282883333333334,1.0257129761827064,159.93040692398287,54.068276606576184,151.14678700000002,152.12358883333334,1.1261594259370968,0.03314290496923889,0.03702380340807789,0.079734,0.031337,0.5115141165996299,0.10695359212574396,0.11898315522501494,0.29699,0.0944806,0.9193029061698923,97.65455106000871,103.80146870251848,253.42813999999998,86.69627840000001,0.6876403010351669,0.9976830857740479,0.001106716502227818,0.00014455167176404487,holdout,1.3374922084889567e-13,0.7060345943826817,0.0766083177323927,-0.012819690136158024,0.012819690136158024,-0.8286650694016322,0.141719034259343,-0.025265023664077457,0.025265023664077457,-1.7493134221041906,1.7493134221041906,0.6735293153116494,0.2064826857168382,0.9800528551944544,0.03319360379098241,0.2064826857168382,0.055232890577563226,0.9984254595088744
normal,0,N0209,1,1592.994,1594.694,1.7000000000000455,18,0.020729444444444443,0.07880890123376422,0.07934422444079411,0.276872,0.141816,0.06840033333333333,0.113319107138,1.7873512659490636,2.104648591130829,0.020446000000000002,0.1585262231167041,0.1554106171394563,0.47537300000000005,0.302364,0.13689022222222225,0.434744278554,1.945581360948309,1.675821214220672,18.498594500000003,174.54039212882566,170.62849316062685,486.87784999999997,246.5935,153.26703072222222,524053.4882087895,1.445207042693983,1.4426978781830038,-0.3240248089721934,-0.6722750985062158,0.09458148712706238,0.10044403080604973,0.255823,0.08134416666666666,1.2133124611735666,0.15924492016597158,0.1732747460360761,0.41858399999999996,0.137564,1.0566227035395805,165.10314609677252,108.95082179143226,277.032763,143.24497816666667,1.0001712731560957,0.0823287677668019,0.08326954200826775,0.203405,0.07249833333333333,1.0561318380449103,0.17023362301946504,0.18328231644396759,0.451099,0.149952,1.1295350005557114,189.1254557111412,45.903058877515775,116.94586999999999,184.42486,1.145694993080066,0.04233579798232224,0.045655163238126746,0.098808,0.0416148,0.5430930809606705,0.1096406391763565,0.11782245506481352,0.26444100000000004,0.103691,0.7274881262371642,130.44555406187314,114.80794962249573,282.742413,109.2388048,0.7902205316375034,0.9987229635844636,0.0007043934565978065,0.00018108347472628328,holdout,1.3374922084889567e-13,0.7060345943826817,0.08655458309318051,-0.007210358652386395,0.007210358652386395,-0.46607775146124525,0.17843752969472965,-0.023026912555273338,0.023026912555273338,-1.594349870324177,1.594349870324177,0.7167514381104422,0.14428509624378222,1.1189630413228886,0.09935757158482816,0.14428509624378222,0.18920451629475318,0.9815234327812296
normal,0,N0209,2,1594.694,1596.294,1.6000000000001364,17,-0.011047705882352944,0.08940995941152523,0.08744111772097905,0.316336,0.169461,0.07346041176470587,0.129981134161,1.9380013020961484,2.2307962153635903,0.002001352941176469,0.16400043945861134,0.1591163832865003,0.461681,0.23099,0.1424225294117647,0.43040639831300004,1.4517046907991,1.4010766140900843,5.076100411764706,170.0321656273279,165.03351408093565,487.06132,246.5935,148.35266911764708,463013.03308834054,1.4942025646928039,1.4672372295132365,-0.29070405593969845,-0.5986702783048562,0.07919127999765294,0.08674838803497543,0.21544,0.07024166666666666,0.9620661804605561,0.15994795474674464,0.1722433340384082,0.398614,0.13701266666666664,1.0270627550068727,156.77047756299183,119.39579652300414,313.03254000000004,134.82961566666665,0.9776381212891002,0.05705985160513476,0.06377990422303878,0.15424500000000002,0.048870800000000006,0.6931994721265412,0.15726206016455463,0.17160460460372268,0.383888,0.1510748,1.0098160056276142,199.88346623327953,38.13555266382369,94.65218999999999,196.95162799999997,1.24649551014181,0.10440515527884628,0.08890984245740177,0.201168,0.08722959999999999,1.2683804196937831,0.14892233227760035,0.16175319472115535,0.394878,0.1275834,0.9562646869305725,113.3116329897857,121.0005622400127,296.79803,100.22658220000001,0.7066239365879496,0.9984873200648859,7.383887621166535e-05,0.0006752990558713023,holdout,0.05882352941154915,-1.4120691887610883,0.0842969284706167,0.0031441892503623475,0.0031441892503623475,0.2032404664770012,0.17010297617677256,-0.010986592890272262,0.010986592890272262,-0.7606956819705611,0.7606956819705611,0.8166733094028372,0.013775058637606082,1.1844844514823087,0.15626278898874874,0.15626278898874874,0.1338796088199681,0.990749032434681
normal,0,N0211,1,1606.545,1608.245,1.699999999999818,18,-0.024714166666666662,0.05219628543944933,0.05642591418301425,0.173012,0.127616,0.04690794444444445,0.057309908245000006,2.261655869430573,2.535393098476528,-0.022349944444444447,0.13683763301014915,0.1348473422951137,0.413293,0.21459,0.1224885,0.327308503033,1.5913550563745582,1.7645489552789977,14.468882888888889,134.2005268782621,131.21961200424366,371.40314,188.11335,117.28633855555556,309934.5583417965,1.4335764839322676,1.461860857434015,-0.4099968262978621,-0.871214816470484,0.06240289092261672,0.06530764896829978,0.172263,0.051350833333333346,1.0973796535593272,0.15526192593592716,0.16272951311383768,0.413293,0.14850133333333332,1.1243907863344893,129.8474739244367,77.973558826334,195.199035,112.48975333333334,1.0217599658226753,0.060829890522669856,0.055761005291033505,0.144959,0.04999033333333333,1.0697178159678136,0.1079376416146533,0.11765320140140684,0.299931,0.09753266666666667,0.7816732209046173,144.95139439584625,40.806054056911314,109.090939,140.08317183333335,1.1406115753167239,0.04337280457152846,0.04451010689382806,0.11751800000000001,0.0375896,0.7627280170981614,0.14805938899846913,0.16551801768931382,0.375646,0.1344754,1.0722307598380147,97.28338662117939,91.74976037864,229.396366,81.5206386,0.7655156221754088,0.9982685036593465,0.0009672160157375495,0.0005156991529375927,holdout,0.0,0.7060345943778656,0.0706525320853889,-0.014226617902374644,0.014226617902374644,-0.919608913024391,0.11973213966513642,0.015115202629977273,0.015115202629977273,1.0465546041042753,1.0465546041042753,0.6628033026679782,0.22253593899476545,1.2624967093306894,0.2200464468020355,0.22253593899476545,0.1158123371052542,0.9930774206834609
normal,0,N0211,2,1608.245,1609.845,1.6000000000001364,17,0.018025941176470585,0.08066863151224783,0.08030923219984992,0.262329,0.168931,0.07032511764705883,0.109642737201,2.1035066003322553,2.0707206477492797,-0.006343411764705882,0.13477728932393376,0.1309069593975274,0.447864,0.224464,0.11030870588235295,0.29132274431800004,1.7146834746834685,2.0866197604747603,5.103349235294119,134.13426429000606,130.2293823930399,374.7826,188.11335,116.73402700000001,288314.76465403446,1.444477018498505,1.4779890054063753,-0.23955420659173643,-0.48860225155474735,0.057396013877272,0.05826055854749992,0.166394,0.05086833333333334,0.7192083103738669,0.11966886570101125,0.1309467105572594,0.310989,0.10790583333333335,0.9180230698427733,124.65709225672606,87.3861335216444,224.323057,107.86017866666667,0.9891777517666539,0.1086397303301145,0.10013273160810106,0.250067,0.09394699999999999,1.3613244476744817,0.12021743448185876,0.13373744129337903,0.352746,0.0956534,0.9222313389966881,155.93502429702636,35.755515541150814,90.27291100000001,152.6203338,1.2373740953153705,0.06800176419329133,0.0754878329182922,0.164566,0.0665178,0.8521050613806794,0.15079369395170344,0.1680947259960883,0.447864,0.1220208,1.156792863570233,88.64012795707082,97.03107189642131,241.98892999999998,77.8488736,0.7033762853084108,0.9984469885054427,0.0001307437094585548,0.0011788997812901823,holdout,0.05882352941154915,-1.4120691887610883,0.07025296017863261,0.01005627202121731,0.01005627202121731,0.6500376579992085,0.11825704537575814,0.012649914021769251,0.012649914021769251,0.8758616133104223,0.8758616133104223,0.9505200932565254,0.13799509393722578,1.2349243877410347,0.19796491481327103,0.19796491481327103,0.07355397388565915,0.9972076453809664
normal,0,N0223,1,1702.921,1704.621,1.7000000000000455,18,-0.012573611111111112,0.05294671587342359,0.05296893890920099,0.186341,0.101469,0.044213166666666665,0.050502752805,1.9156321060902786,3.20748005365913,-0.024549055555555553,0.06304092274674791,0.06600020846305461,0.245344,0.133876,0.0564035,0.07840849530899999,2.028417835603363,3.834281035997487,8.503577111111111,85.7525003779103,83.76917600844287,220.46269999999998,111.61364,76.45179377777778,126310.94728440263,1.332395104241574,1.2937558235804043,-0.10953486548045198,-0.21995221711298277,0.04322352531319027,0.033418037760566774,0.09346,0.0334835,0.8359505935957532,0.06194027597613688,0.05032395311446296,0.134706,0.05291066666666666,0.9466221620684673,85.1829299984932,40.52859821738138,103.260763,76.72890916666667,1.0374020494111844,0.04455809049057945,0.03615217111276536,0.08368500000000001,0.0363895,0.861761319216744,0.07905916150369081,0.08602990084073484,0.213998,0.06989833333333334,1.2082470285210947,91.6924063877808,27.102774801422015,72.682626,88.291357,1.116677840311546,0.06682396549741716,0.07324205606070873,0.14921600000000002,0.0611024,1.2923872640934513,0.0495243422470203,0.03979291795407821,0.085501,0.0406838,0.7568716670063661,64.24653207827829,67.12778563772264,164.797802,55.5770702,0.7824277005586245,0.9938639854152921,0.0018183413380154004,0.0034186397625027556,holdout,1.3374922084889567e-13,0.7060345943826817,0.05150559790695035,0.001463341002250644,0.001463341002250644,0.0945903965157528,0.04904765762785476,0.01695255083519985,0.01695255083519985,1.1737699164352426,1.1737699164352426,0.9746346305673663,0.16304845544839255,0.9679383040452475,0.04563175811816302,0.16304845544839255,0.05222359055612257,0.9985923595300255
normal,0,N0234,1,1783.465,1785.065,1.6000000000001364,17,-0.005859999999999999,0.06038417876397757,0.058873622336822654,0.218358,0.119552,0.0523255294117647,0.05892375792,2.0306547355966904,2.0965179405497145,-0.006929588235294119,0.09362471226328203,0.09109326643449493,0.280709,0.142426,0.08282982352941176,0.14106571422499997,1.5635184199088785,1.543061770239514,4.014338411764705,106.63107413321605,103.52519700448194,300.07151999999996,150.80633,92.41873805882352,182196.92905188556,1.4567113549513082,1.469021789596902,-0.21484505254082265,-0.4364907352633656,0.06316174926725827,0.0631507254476674,0.162454,0.05923316666666667,1.0687833719666362,0.08976978067163434,0.09569213220618855,0.236261,0.07923216666666666,1.0253394506799383,102.63629510701456,64.19480174787634,167.447114,89.80881300000003,1.0211285462707522,0.06635148200454907,0.06382869011032578,0.170027,0.0540018,1.1227580219752809,0.08385036794552543,0.08961810514455212,0.209569,0.0781398,0.9577286428164612,122.39011329170427,33.04136020031441,82.92390099999999,118.76849179999999,1.2176592922919067,0.04456456133521343,0.049363999946317155,0.116019,0.0417894,0.754093461416429,0.08847318473639343,0.09882510183804517,0.227588,0.0812574,1.0105298905579556,68.61865927072512,76.66158901362958,189.738535,59.012444,0.6826870720061178,0.9977667137417535,1.641150337867138e-05,0.001628467876961644,holdout,0.05882352941154915,-1.4120691887610883,0.05947743685217069,-0.0006038145153480362,0.0006038145153480362,-0.03903058435518145,0.07847718934693661,0.012616077087558325,0.012616077087558325,0.8735187932931117,0.8735187932931117,0.8765556654067053,0.05698600364230979,1.081002808941282,0.06484430822819456,0.06484430822819456,0.05917609457874103,0.9981926141060152
normal,0,N0234,2,1785.065,1786.765,1.7000000000000455,18,-0.01193416666666667,0.07713312682723979,0.07590398369467984,0.284377,0.150327,0.05909272222222222,0.103705465333,1.9804889372431782,2.912586366872707,-0.013494055555555558,0.10507025664174156,0.10299771080492785,0.309354,0.159264,0.09335594444444445,0.19095351175899997,1.546286793709789,1.5886403394498259,12.035225166666667,111.13344076266539,108.67079433734028,312.20523000000003,156.51478,98.34726549999999,212568.14775435315,1.4402653533031191,1.4499737848797136,-0.1514447763386388,-0.3052375936641608,0.06627757400886064,0.055602971357353446,0.13256,0.050617166666666664,0.9089835344348509,0.10546412749603534,0.11545329770734138,0.28538699999999995,0.09800716666666666,1.0373893487639123,113.19797804007983,52.04154106765887,133.12675199999998,102.74651933333332,1.0762220850963635,0.07967427129674087,0.08725480842604988,0.243346,0.063844,1.0927165305892237,0.10263352787304286,0.1039525916765266,0.269538,0.08874833333333333,1.0095463848175417,118.09108110994458,42.60712646527766,116.051568,111.50200633333333,1.1227429300762686,0.07202124068634197,0.07820595094044953,0.213782,0.05229280000000001,0.9877567622602187,0.09566955875930443,0.10239621041181163,0.242721,0.0872748,0.9410458666296422,74.18295946568499,79.0212850562646,196.210527,65.648969,0.7052894468354428,0.9964991732364199,0.0018462262285083824,0.0007455666008253208,holdout,1.3374922084889567e-13,0.7060345943826817,0.06155375946909473,0.014350224225585108,0.014350224225585108,0.927598828639649,0.08614232191342551,0.016855388891502343,0.016855388891502343,1.167042565038796,1.167042565038796,1.0766053588203985,0.2625539762171022,1.1643977121928448,0.1391591392013858,0.2625539762171022,0.0604233571762588,0.9981156221458308
normal,0,N0239,1,1816.956,1818.656,1.7000000000000455,18,-0.00048783333333333355,0.08568336992346401,0.08327069700981252,0.296967,0.149703,0.06924505555555555,0.124812161649,1.7977872814293747,2.2874375806789327,0.0028364999999999983,0.08972431536935793,0.08724248463175623,0.286431,0.164293,0.07547961111111111,0.137002520245,1.8831765359900974,2.074918843450035,10.84395927777778,106.97507850679571,104.5251145570136,292.38120000000004,150.02956,93.96304461111112,196658.99231682267,1.4353446120182518,1.4241479451214898,-0.023293141232150635,-0.04659471065434249,0.09719072192172803,0.10626214939792375,0.278745,0.082234,1.1373224604062846,0.08030333609923479,0.08781757000661465,0.24783,0.06090266666666666,0.9002153540340843,106.9443618469223,57.18281115914225,149.590393,93.33917516666666,1.0512794964555645,0.08702576181893881,0.09433664556629094,0.26771,0.0747215,1.0183724494850117,0.0815373487345932,0.08870763708497707,0.209785,0.07667600000000001,0.9140488655092356,114.47404340455306,35.31700307149184,93.01508100000001,109.84032816666668,1.125297422222491,0.06637540905787323,0.07404595954067986,0.181142,0.055772,0.7767227369806924,0.10648473347574289,0.11874135115788434,0.27461199999999997,0.09832379999999999,1.1937136948660894,75.73227701156665,77.72468543042359,197.011015,65.6531646,0.7444599104356088,0.9973792480377698,0.0006973868713280649,0.001370239579030501,holdout,1.3374922084889567e-13,0.7060345943826817,0.05988091798275257,0.023389779027059944,0.023389779027059944,1.5119158618412742,0.0799667152658753,0.007275769365880924,0.007275769365880924,0.503763668583711,1.5119158618412742,1.2279377665093396,0.39407722124629796,1.0254015891063022,0.01203950121807518,0.39407722124629796,0.04105129609604672,0.9991302147555268
normal,0,N0239,2,1818.656,1820.256,1.6000000000001364,17,-0.004432529411764706,0.06997861958583997,0.06803378035298088,0.25690199999999996,0.138282,0.05654335294117647,0.07868611957499999,2.0325491143156973,2.644221578027187,-0.0001382941176470608,0.08681259416968594,0.08422070069448834,0.273455,0.176248,0.07013723529411765,0.12058314923299998,2.0926921593699612,2.8307118547166343,3.0328738823529413,102.3255957341414,99.31672810503404,286.04129,143.99196,88.98780247058824,167684.8121853174,1.4498258525766066,1.444833219154802,-0.10631490272102043,-0.21343639078384916,0.07200947436391038,0.07884485809592574,0.193959,0.06618583333333333,1.0562791215004432,0.07634263332393855,0.08316955412749708,0.22017399999999998,0.05983183333333333,0.9160174676789363,99.96450159290319,59.60661312080275,156.503811,88.02830183333333,1.0354602038167138,0.06604320144723452,0.07238857895897667,0.176543,0.0469662,0.9687621722277693,0.08757630053616104,0.09729310868555903,0.219027,0.08417319999999999,1.0508076228576844,116.27231926420625,34.08246604596471,86.37775099999999,112.20499379999998,1.2043811301521488,0.06548239152474504,0.07191398884570373,0.18915700000000002,0.0527042,0.9605358684324897,0.08696748855635648,0.09482811571996988,0.239838,0.0630538,1.0435026297790884,65.68009771850174,73.18757897298734,181.032441,57.471258399999996,0.6803327810032285,0.9968305140817459,0.0001281343607799228,0.0020992366735716706,holdout,0.05882352941154915,-1.4120691887610883,0.05777925905214235,0.01025452130083853,0.01025452130083853,0.6628524960577964,0.07220804896740864,0.012012651727079701,0.012012651727079701,0.8317385006498805,0.8317385006498805,1.055861632445382,0.24309821836165127,1.0417968965107052,0.027902178465065253,0.24309821836165127,0.1006780746128171,0.9947684775701917
normal,0,N0240,1,1824.169,1825.769,1.599999999999909,17,0.008167823529411766,0.07332966682066278,0.07160757739110805,0.233559,0.127513,0.06469641176470588,0.087169967377,1.7807193686157863,1.6203024944909423,0.0019056470588235282,0.05630385701701658,0.05465599605554297,0.184502,0.101034,0.047020705882352944,0.05078372438199999,1.8485437516741325,1.909692356765155,3.5232869411764716,89.82839289547876,87.21753503124164,239.29921000000002,120.0874,78.44972929411766,129317.27308773965,1.3768722076011923,1.3590389889377588,0.13425551703233887,0.2701419718501547,0.07971154590668364,0.0870186558934347,0.233559,0.06912416666666665,1.0817498008734285,0.045478170717755714,0.04979757945422649,0.134275,0.03934483333333333,0.8291357450545543,87.51280178577586,47.09890810136642,120.498556,77.12698983333334,1.0327104648392296,0.07334277006767606,0.08167353520388351,0.16827799999999998,0.0687972,0.9953203894589361,0.062231276752128424,0.06844561929955781,0.184502,0.049067000000000006,1.1345701729253386,100.5033731537917,30.251681824762723,74.403536,96.7925442,1.186008024993124,0.06611868694552245,0.07152058971373208,0.152974,0.06480300000000001,0.8972837701712963,0.057207125218804694,0.06345259014177435,0.147513,0.0532994,1.0429723017026298,60.73006918182988,67.4821902888102,167.62211,53.36666759999999,0.716656039970142,0.9964313734776871,6.148761739910806e-06,0.0028173345756138403,holdout,0.058823529411682896,-1.4120691887659043,0.05289706042668348,0.01871051696442457,0.01871051696442457,1.2094482529756332,0.05418450128987483,0.00047149476566814286,0.00047149476566814286,0.032645610508879784,1.2094482529756332,1.265493683362949,0.4242033811183597,0.7698757101690092,0.2745710214188904,0.4242033811183597,0.12700835979363634,0.9916742588606524
normal,0,N0247,1,1879.613,1881.213,1.599999999999909,17,0.006544705882352941,0.07920393873315637,0.07711732335710768,0.283389,0.150221,0.062421882352941174,0.10110038655,1.9479540194149458,2.5207636042899804,0.003948705882352941,0.055267263223544805,0.053762328203699965,0.171525,0.105883,0.047310235294117646,0.049136594876,1.9694645588788517,1.9211046738874173,3.4397002352941164,95.78049726572927,92.9843739701568,264.28584,132.95223,83.33273799999999,146983.59464457355,1.4298341143068922,1.4321134996700495,0.17844634268741436,0.36075493955030596,0.029939494557078505,0.02740757181996732,0.064124,0.02426,0.3802944974816994,0.054061687543028106,0.056605281572187825,0.157742,0.04471566666666666,1.0213538986864155,94.79666332422978,51.93175174998691,135.642069,82.98793416666668,1.0478949291424686,0.09413085871593864,0.09036890721924216,0.233923,0.088545,1.195659717790234,0.05146234518558205,0.057405887353127814,0.140213,0.044999199999999996,0.9722461373224134,107.48745697260779,34.39589127718767,84.36514399999999,102.99073519999999,1.188180650649817,0.0994847169921089,0.11119119073604707,0.271059,0.0857842,1.263664968808843,0.053009171832806436,0.05909565991001369,0.128042,0.0490684,1.0014693728249537,62.0536338834421,68.61854583228093,169.142386,55.42197900000001,0.6859491252230799,0.9966163387535709,4.248025915371711e-05,0.0025806285394292952,holdout,0.058823529411682896,-1.4120691887659043,0.05522406297710971,0.02189326037999797,0.02189326037999797,1.4151808615910964,0.06277506563001532,-0.009012737426315358,0.009012737426315358,-0.6240288059643089,1.4151808615910964,1.2783411964655476,0.43430436875730327,0.7103210893954426,0.3550830014812831,0.43430436875730327,0.13987298542617282,0.9899022182957163
normal,0,N0248,1,1886.888,1888.488,1.6000000000001364,17,0.011985823529411766,0.09366533298347053,0.09165579249465648,0.34990699999999997,0.218494,0.07554052941176471,0.14281333306299998,2.3838536992927986,3.0178834795611706,0.0036901764705882345,0.19646850287553577,0.19063816323616534,0.572739,0.314386,0.17032429411764705,0.617829457795,1.6491241557470004,1.6140251104998014,5.242656470588238,171.66972065093213,166.62658858704734,481.5523,242.99875,149.32203576470587,471995.14041067136,1.4583431855658204,1.470987023584232,-0.3506358132426389,-0.7323370233834753,0.07194422590451578,0.07808875776106743,0.19853400000000002,0.060590333333333336,0.7730472697748787,0.19005901955401466,0.20782373557488568,0.523238,0.1713985,0.995981632112894,158.9747019754753,116.67177326402657,298.8557,136.64173666666667,0.9826556937319215,0.11654510035690045,0.12665690776542746,0.34990699999999997,0.088156,1.252287734058253,0.18733275592378393,0.20620725037131937,0.504267,0.1635092,0.9816949725985028,201.50128315822198,41.36528968494757,104.55228,198.07548400000002,1.2455213359686688,0.0890057489997135,0.09870715824751516,0.239145,0.08296020000000001,0.956374891708688,0.19515611853180517,0.21542961094914503,0.5151209999999999,0.1723932,1.0226923716024134,113.23976419667555,122.63709201611603,306.65115000000003,99.5072476,0.6999585321562024,0.9988353982050987,6.812674018203962e-05,0.0009568350554118656,holdout,0.05882352941154915,-1.4120691887610883,0.08493975697302641,0.006716035521630068,0.006716035521630068,0.43412469275979615,0.17247609760227994,0.018162065633885394,0.018162065633885394,1.2575149585814964,1.2575149585814964,0.8478527301916859,0.02369274604532728,1.4055689502893223,0.32739733875072674,0.32739733875072674,0.10156502571750184,0.994675894477932
normal,0,N0251,1,1911.681,1913.281,1.599999999999909,17,-0.010160117647058826,0.08751478790673205,0.08550757980780554,0.297569,0.166054,0.06811023529411765,0.124296285478,1.94197988497906,2.19095050059515,-0.007692705882352943,0.16533961530391192,0.16058734759442217,0.498159,0.289477,0.13771,0.438401035526,1.8026139937942076,2.040655294461166,4.95099370588235,157.52370872155484,152.9006233795969,446.45410000000004,228.25411,137.46235888235296,397436.2107077787,1.492826549394293,1.4611191636135579,-0.3050845808926328,-0.6302329915655758,0.09095596138058609,0.09961227359115944,0.227134,0.07694266666666667,1.0357050813106494,0.15356440498153645,0.16795264308568253,0.46067,0.121936,0.9771266523137657,149.7553051105141,106.0033837115053,274.577534,129.73339950000002,1.0045647545842202,0.10674633184798436,0.11603570718748604,0.297569,0.0916142,1.2155082154937014,0.16641531293844328,0.18603447736024634,0.468005,0.1461388,1.0588966736454308,183.29197724676726,39.09689973591155,95.97076000000001,179.925248,1.2295301325337011,0.057942636728060624,0.0644301510032376,0.17665599999999998,0.041637,0.6597861467560551,0.15180355067718276,0.16670807028005571,0.353325,0.1341746,0.9659223783035726,102.9884995464465,113.23335290020061,279.51757,90.8455968,0.6908510966975382,0.9986139405714769,9.975843396416932e-05,0.0006272956326009599,holdout,0.058823529411682896,-1.4120691887659043,0.07940113236721988,0.006106447440585666,0.006106447440585666,0.39472090498334256,0.15202923087093434,0.00855811672348783,0.00855811672348783,0.5925515309774869,0.5925515309774869,0.8619859109978131,0.040224718542107955,1.290294011531667,0.2418252794294935,0.2418252794294935,0.07734629852417729,0.9969122839249567
normal,0,N0251,2,1913.281,1914.981,1.7000000000000455,18,0.0022047222222222208,0.0964947498716933,0.09380195425558395,0.344084,0.173148,0.07884027777777779,0.15837851919899998,1.845889047558864,2.2790339478522084,-0.009421777777777775,0.17707745609380543,0.17234608123385536,0.5431969999999999,0.333346,0.14987777777777778,0.5346570909,1.9341664029348296,2.1716980848091794,15.7717345,157.39695663614944,153.77329819068888,444.28891,223.28356,138.62202227777777,425632.09025596525,1.452030766245996,1.4362928891849498,-0.29511443446702773,-0.6083188653666697,0.08087273997357412,0.08813677035702333,0.21754,0.07409516666666666,0.8441718416736932,0.1644708746460398,0.17998610650871547,0.45123599999999997,0.14511583333333333,0.9388360684018253,160.57121037829677,82.73642563674322,213.793784,141.69927133333331,1.0736362858550255,0.11029326858501685,0.12040977596316671,0.317858,0.09419616666666665,1.1512713888023125,0.1667699917760986,0.1822410999425395,0.49364,0.14699366666666666,0.9519599366357909,168.7534971550763,53.34827552106798,149.493596,161.57364900000002,1.1283459686439001,0.09358846795839752,0.10156906041359248,0.28152699999999997,0.07217080000000001,0.976902098057706,0.19624194739963216,0.21901586135529086,0.530198,0.16629080000000002,1.1201923668776734,104.58056552872871,108.92342277745573,268.05797,92.50591779999999,0.6992628982639759,0.998406491282027,0.0009598220310219146,5.7215005962956196e-05,holdout,1.3374922084889567e-13,0.7060345943826817,0.07975326921942158,0.01404868503616237,0.01404868503616237,0.9081073284024062,0.15332920980083242,0.01901687143302294,0.01901687143302294,1.316700466483866,1.316700466483866,0.9402335982184784,0.1271141456959214,1.3769148896112549,0.30680058038383956,0.30680058038383956,0.037736897288954116,0.9992649943654202
normal,0,N0252,1,1918.401,1920.001,1.599999999999909,17,0.017190235294117645,0.04061934297617548,0.042992795293821856,0.13242500000000001,0.088461,0.03385388235294118,0.031422467602,2.057577307905634,2.3760962045889107,0.0076341176470588225,0.05926483214656306,0.05799993968455282,0.20180399999999998,0.130432,0.04430141176470588,0.057187881058000004,2.248829924813492,3.2620528505058153,3.0376915294117643,83.12737030617379,80.70258534797037,215.68397,108.33706,73.2845094117647,110719.42379138952,1.3424236600708186,1.3070163897501579,-0.1485962766905541,-0.29940942026955153,0.04923490127609344,0.05205926916761958,0.12052600000000001,0.043072333333333344,1.122533039490273,0.0651972279267557,0.07006071488835,0.18764699999999998,0.051500333333333335,1.301095442023242,75.83103654316287,50.8635177106913,127.93459299999999,66.4860895,0.9609197374875558,0.04217582111826633,0.03732581171655883,0.095527,0.028599000000000003,0.9615892678934617,0.03960774394483988,0.03943387103366851,0.105018,0.033157200000000005,0.7904240219131538,96.1676554035934,14.476121233984976,35.50876099999999,95.2920326,1.2186223794081392,0.03831838733819575,0.04062603382315335,0.113442,0.0297478,0.8736415569496884,0.036952500202286714,0.04120378609060095,0.110138,0.0295808,0.7374351811179931,61.47880122091953,67.270363329379,168.386718,53.041535999999994,0.7790503232357845,0.997044280636091,2.5170009451949912e-05,0.0023250299253983614,holdout,0.058823529411682896,-1.4120691887659043,0.05026818441862166,-0.007275389124799803,0.007275389124799803,-0.47028132271478784,0.04447951472448826,0.013520424960064559,0.013520424960064559,0.9361345221624195,0.9361345221624195,0.8211321266201055,0.008330177170042443,0.8829308811926946,0.13755318757783092,0.13755318757783092,0.07431870338343109,0.9971492801689806
normal,0,N0252,2,1920.001,1921.701,1.7000000000000455,18,0.0025255000000000004,0.03695934351538505,0.03600670381023203,0.114214,0.076029,0.0319716111111111,0.023336688946999997,2.111523465205244,2.0453243297358945,0.0053395555555555575,0.05796736019948409,0.056586633574841096,0.215212,0.130432,0.04230477777777778,0.057636847788,2.3049966354243625,3.478338831542162,8.56181088888889,84.34772869354933,82.41718119504978,216.75661,109.18571,75.0198852222222,122266.65161047802,1.324793063980184,1.3052548022776953,-0.22226145363785618,-0.45206766331752535,0.03817847919749205,0.04031739808775693,0.100556,0.0342755,1.038858988131591,0.06383620989036447,0.06960718763293534,0.209229,0.045189833333333325,1.142928866211838,82.50793069522317,40.86712010358371,104.15293199999999,73.592056,1.0222726867070382,0.042162226154857305,0.04618551972209472,0.112817,0.03822766666666667,1.1472590978293247,0.055710808782198334,0.05642538274718806,0.15818500000000002,0.04266383333333334,0.9974510019711151,90.55171429274813,25.91573479701563,69.587478,87.40666566666665,1.1219351094613628,0.026640419549999583,0.029759187451944988,0.067915,0.024212599999999997,0.7249015644114929,0.044632460673819006,0.03959800831102493,0.10013599999999999,0.0333022,0.7991033264942032,64.33902586717801,65.83351787349862,161.677738,55.401212799999996,0.7971600824205568,0.9935967150921695,0.0021876233469149482,0.0033334215080401794,holdout,1.3374922084889567e-13,0.7060345943826817,0.050960048531936836,-0.014953344721704807,0.014953344721704807,-0.9665845515757246,0.047033660262051025,0.009552973312790071,0.009552973312790071,0.6614339515077172,0.9665845515757246,0.6733958234020243,0.20668090298404196,0.8434953907464348,0.18324567033998826,0.20668090298404196,0.060373259567335635,0.9981187455634644
normal,0,N0265,1,2021.815,2023.515,1.7000000000000455,18,0.0024095555555555554,0.06668804831471786,0.06485391089038331,0.27115,0.166489,0.050362333333333335,0.07570853564,2.567138939105789,4.09471644844496,-0.01166627777777778,0.1250628922487569,0.12209791061298124,0.367926,0.191186,0.11202627777777778,0.268342195969,1.5658417006496541,1.5364839991678678,15.084282111111113,148.1534802640907,144.76731394181334,418.55638,210.58717,129.82332899999997,377236.3533466957,1.4546596484109788,1.4595510850077036,-0.3061965337484638,-0.6326860532084464,0.03157242854137135,0.03438639116860041,0.098013,0.024483,0.5032744615844172,0.12108592691762325,0.13113250688635525,0.342926,0.1102895,0.9894432928267248,148.79045861604703,81.6935204925345,206.57362700000002,128.75198833333332,1.0605598536004393,0.04011944507550754,0.043944773911884755,0.109695,0.0352575,0.6395165988889322,0.10822438702298111,0.11851666982398158,0.28556899999999996,0.09919916666666666,0.884346319890848,159.53186419891998,46.43405201729096,131.49167799999998,153.79742533333334,1.137123254495865,0.10125822241872509,0.11219715666094217,0.27115,0.09084980000000001,1.6140879787565925,0.1388176962321447,0.1550290866386047,0.357356,0.1284608,1.1343369288158176,99.06366282131647,99.74522384638227,244.329961,87.008582,0.7061134478388363,0.998315160942577,0.0007155653092076196,0.0003070212641492272,holdout,1.3374922084889567e-13,0.7060345943826817,0.07611922489492823,-0.011265314004544918,0.011265314004544918,-0.7281901600006289,0.13991345674170313,-0.017815546128721896,0.017815546128721896,-1.233522452995001,1.233522452995001,0.6905107801673853,0.1815826225922793,1.0361540491052534,0.02247099993964035,0.1815826225922793,0.05816524924620651,0.998253834209096
normal,0,N0265,2,2023.515,2025.215,1.699999999999818,18,0.003062944444444445,0.07083651713253072,0.06890882705390104,0.237011,0.131771,0.05428061111111111,0.08547167602700001,1.9122513853983854,2.423652702704033,-0.012066166666666664,0.1400235907990675,0.13661238037052134,0.440631,0.245011,0.12101661111111112,0.335932964469,1.7934758133595134,1.9241213163354833,15.448439555555556,146.3470188755678,143.06028760216373,409.11798999999996,207.23155,128.22539522222223,368392.4259986484,1.4485609771475512,1.4611956887959265,-0.32942368412850015,-0.6843632915069257,0.09012182191252756,0.09838468599211296,0.237011,0.0744775,1.2749792633994117,0.135930093928828,0.14849526450956835,0.382502,0.11455616666666668,1.0272487521464115,140.96425460805557,88.96107648004576,227.669984,122.28407016666665,1.018809492878463,0.05041965300521877,0.05282186271138116,0.150998,0.03993516666666667,0.7133012924643486,0.1274941615852794,0.1393616589592226,0.345094,0.11432666666666667,0.9634968578996586,158.34226975044325,40.46629942119346,105.311764,153.97296266666666,1.1444079067719557,0.06473578154622063,0.07233035824396282,0.189327,0.0534952,0.9158356690957267,0.13362280495933318,0.1480626086245275,0.356401,0.1218764,1.0098121445031054,105.6298611962402,96.674421206965,239.653612,88.6566734,0.7634325852137981,0.998482159649592,0.000634719970713885,0.0003869786162811612,holdout,0.0,0.7060345943778656,0.07543041518685675,-0.006521588132955711,0.006521588132955711,-0.42155560902068867,0.1373705871113206,-0.0007582067407992665,0.0007582067407992665,-0.052497129867956814,0.42155560902068867,0.7424386507247474,0.10907396546106181,1.173160893366387,0.14665689536928847,0.14665689536928847,0.15243415745670288,0.98800713684668
normal,0,N0270,1,2056.94,2058.54,1.599999999999909,17,0.016079058823529415,0.10205057919144224,0.10030079633371049,0.361931,0.239062,0.08055905882352941,0.171024245668,2.383450667775533,2.724243831845381,-0.0011994117647058835,0.21152757181188542,0.2052153924670656,0.623941,0.350417,0.18214799999999998,0.7159270741920001,1.707557097873335,1.6705094825888172,5.344131352941175,169.9802663717314,164.99165235059863,483.12681,243.66131,148.24576570588238,462778.17087147356,1.4768099266151504,1.4650175891216868,-0.3434011027200442,-0.7158864880460718,0.06686450858390172,0.07297125306424898,0.220333,0.0500075,0.6924580489556728,0.1877321892919095,0.2056487634166566,0.565404,0.16693466666666668,0.9067334037358596,155.88591555004692,118.63792566165348,309.127841,133.94393,0.9738656240437131,0.08527581477300583,0.08006519737501432,0.19817099999999999,0.07447200000000001,0.8831280685585984,0.2369302539698128,0.26411901088581263,0.547023,0.2243906,1.144356630796019,199.6223988905128,38.452796569958984,96.94516999999999,196.63725,1.2471004284296534,0.13114856321668186,0.14576182586603392,0.35152,0.10986340000000001,1.3581925618193773,0.19683718834966119,0.2189604265284026,0.548794,0.1599138,0.9507099152642573,113.9354950986568,121.47629148809256,299.82272,100.6988394,0.7117888851181041,0.9987852730157757,6.444340223915918e-05,0.000688220100979776,holdout,0.058823529411682896,-1.4120691887659043,0.08428003665964515,0.01602075967406534,0.01602075967406534,1.0355822789921882,0.17004061690305966,0.035174775564005945,0.035174775564005945,2.435450203084731,2.435450203084731,0.9370164563213429,0.12368663742244128,1.5280394732374938,0.4109406947899246,0.4109406947899246,0.13244308605075245,0.9909464923650763
normal,0,N0273,1,2077.449,2079.049,1.599999999999909,17,-0.004507764705882351,0.08608259903468399,0.08363395761573518,0.347535,0.203923,0.06678835294117647,0.11890886073000001,2.4382799261628296,3.5203684575560423,-0.002928294117647055,0.12297253392412709,0.11933681425104425,0.348977,0.205414,0.10511664705882354,0.24210167900500004,1.7212961590199525,1.8447882271709541,3.6892958235294118,135.30300045521167,131.31502675478714,384.32198,196.08536,117.7461078235294,293141.81627737783,1.4932438795916525,1.470914976865713,-0.17590146752049043,-0.355500237812104,0.053236857124552346,0.05816115662794199,0.13633,0.049799500000000003,0.6482980596263676,0.1080839727210592,0.11839050420944523,0.315484,0.09374016666666667,0.9095202403173567,130.0145255016514,89.09461428709932,231.18022100000002,113.13250999999998,1.0154158342734814,0.08509515880824244,0.09508558288878498,0.253893,0.06762579999999999,1.0362562577635457,0.11984797343551537,0.13393399934407993,0.348977,0.09551499999999999,1.008513610819374,157.06471240296423,36.28701001045501,90.22857199999999,153.6747416,1.2266782912464238,0.10457782806312245,0.11240822349276765,0.29419799999999996,0.07870439999999998,1.2735087432874497,0.1296474498653946,0.14449899603353653,0.288407,0.12397779999999999,1.090975625613094,86.65025954641878,96.30868113188902,238.24277,75.785383,0.6767401199816167,0.9982996493909954,0.0001690286961434899,0.0008791257860413994,holdout,0.058823529411682896,-1.4120691887659043,0.07069103331114096,0.01294292430459422,0.01294292430459422,0.8366309289236017,0.11987427412774661,-0.0005374598767023536,0.0005374598767023536,-0.037212938671999776,0.8366309289236017,0.9816869797836382,0.17025829224452685,1.1164688902437474,0.0971260993768125,0.17025829224452685,0.061826161870094314,0.99802711004305
normal,0,N0273,2,2079.049,2080.749,1.699999999999818,18,0.011337333333333335,0.07255710177265254,0.07141844361383286,0.25038499999999997,0.134486,0.05856177777777779,0.09181069358800001,1.8830709995191177,2.444593055683054,-0.007831666666666666,0.1223027596013992,0.11911465885020199,0.383956,0.223341,0.10446522222222222,0.25538943515400003,1.8750085183123646,1.9797163536077833,12.985833111111113,133.85788113119864,130.73302381921826,376.68602,189.49368,118.01001144444444,307640.2233044932,1.4494706422612686,1.4422568093827064,-0.25033033430567253,-0.5115303990608475,0.06528160072843395,0.07137974013868828,0.195003,0.05536366666666667,0.9285236075581099,0.09872606933243788,0.10798259090566405,0.288294,0.08528383333333334,0.8283627202014432,139.23357920210648,67.27242187551036,173.276089,124.95868899999999,1.0940775506369846,0.06311028119358472,0.06387464150662608,0.18883899999999998,0.05157766666666667,0.89764015149755,0.12100199830719051,0.13226385480546074,0.304529,0.11104066666666666,1.0152692712807272,142.68868626285695,48.873211653383876,134.241355,135.5343825,1.121227287732569,0.08314374644313305,0.09220366471729852,0.25038499999999997,0.0648534,1.1825833088012678,0.13794543520682373,0.1536888669591913,0.383956,0.1168932,1.1574334592671942,85.8435176776038,92.3143709472097,228.277944,76.2897334,0.6745460836171231,0.9985898579732038,0.0007264658161627574,0.00020178255336203234,holdout,0.0,0.7060345943778656,0.07045618674619092,0.0009622568676419391,0.0009622568676419391,0.06220030636759724,0.11900729419001739,0.00010736466018460011,0.00010736466018460011,0.007433772618529869,0.06220030636759724,0.842034496864075,0.016806776112547543,1.1193515824203755,0.0997047444954348,0.0997047444954348,0.06313965515335067,0.9979423917146386
normal,0,N0286,1,2174.925,2176.625,1.699999999999818,18,0.010689222222222223,0.10126195679265301,0.09898776486684269,0.392982,0.204102,0.07527433333333335,0.17637439668000002,2.061891187002312,3.3076209837048305,0.01108111111111111,0.19898030736937378,0.19369133587517823,0.654085,0.363454,0.1640697777777778,0.6752940046759999,1.8764597722338134,2.0773439304191874,18.74832588888889,186.9681917562561,182.66511182606487,513.5234,256.80223,164.18527944444446,600597.7754117181,1.4058635906594417,1.4304527657663884,-0.32357476419707704,-0.6712695845074386,0.09089556350743051,0.09951260119334972,0.25899,0.07833133333333334,0.9037386895817816,0.19223007954141827,0.21056994196458018,0.5068440000000001,0.16755516666666667,0.9647785987484063,188.74531716188778,98.30979984722319,249.07627699999998,166.0445145,1.0625931866589706,0.11805503818064408,0.12855389781527435,0.392982,0.09057216666666668,1.1737746198710868,0.17848133841852112,0.194674043147,0.526973,0.154726,0.8957753957806559,201.2985900675813,64.12777350874508,174.88100000000003,192.59840666666665,1.1332652566230674,0.08806177918370715,0.09146429155686935,0.230846,0.0550278,0.8755634912282362,0.22893106998701593,0.2554680452477374,0.654085,0.1999194,1.148976255115464,126.09354087717477,130.05029174767873,324.50334,110.0104466,0.7098779425762904,0.9982335365685266,0.0012434506166685278,4.435983160730447e-05,holdout,0.0,0.7060345943778656,0.09141153204383931,0.007576232823003376,0.007576232823003376,0.48972786638340093,0.19636786348390822,-0.002676527608729995,0.002676527608729995,-0.1853188713708185,0.48972786638340093,0.8352773790464613,0.00874965272474595,1.302690362300554,0.25138680655342155,0.25138680655342155,0.03433624236315568,0.9993914954634203
normal,0,N0286,2,2176.625,2178.325,1.699999999999818,18,-0.009707055555555557,0.07844763215372497,0.07685289394355947,0.30236,0.182454,0.06398894444444445,0.10631461153500002,2.374068049200511,2.8330937401557414,-0.003391888888888891,0.19326875099559862,0.18785408940008025,0.5828880000000001,0.294074,0.16413666666666668,0.635204860278,1.5654383726174788,1.5817567243203774,19.603161444444442,189.18647608888674,184.8983200135401,518.54259,261.2429,165.72124933333333,615372.9973889306,1.4129003442587755,1.4312998078975405,-0.4193361053569218,-0.8937724149566456,0.060396500966529515,0.06557314263222914,0.164622,0.054774333333333335,0.7855952700182685,0.18647330139772467,0.20420483056162014,0.487293,0.1619695,0.967865673833544,182.1148881351402,111.60699335742973,276.170048,158.53102683333333,1.0151414821460722,0.0699377847089826,0.0765535685220922,0.179745,0.06267533333333335,0.9097015883979912,0.19260641100873738,0.2106502281875495,0.5828880000000001,0.15680566666666668,0.9996987900054778,205.44793818168117,54.143901681173446,145.35237999999998,199.41385833333334,1.1452041434132685,0.09924181328149945,0.11070095011697054,0.30236,0.0741422,1.2908678127759108,0.19990790979998765,0.22339227863625905,0.460488,0.1954438,1.0375962798585452,137.75123802496256,128.09272189124243,319.347058,114.8140554,0.7678504342398926,0.9986213256998763,0.0010688808343878515,8.823017408897035e-05,holdout,0.0,0.7060345943778656,0.09231266370417057,-0.0154597697606111,0.0154597697606111,-0.999319877902245,0.1996945592391816,-0.011840469839101364,0.011840469839101364,-0.8198168776311021,0.999319877902245,0.640666579685325,0.25650504234231347,1.2481716128988627,0.20863494193798812,0.25650504234231347,0.1287106053729969,0.9914495897107098
normal,0,N0288,1,2189.749,2191.449,1.7000000000002728,18,-0.019060499999999998,0.06132360773820643,0.06256969030475805,0.20022600000000002,0.123275,0.05362483333333333,0.070469390607,1.9702031350892857,1.9299341896546518,-0.011072111111111109,0.038612196686126324,0.03912372046896018,0.134843,0.081322,0.034290999999999995,0.027551979060000002,2.0785855492582543,3.2317311666686592,8.609528222222222,86.25596372837799,84.26670072186077,221.62988,111.45092,76.58994411111111,127815.78330985774,1.3225974085287404,1.3055416001990736,0.23055544756717633,0.4695520357513129,0.06910445170175362,0.07282298964933166,0.183173,0.061232,1.073660742120899,0.045512828620071506,0.049779877322736206,0.134218,0.037191666666666665,1.1403315599492052,83.6903133230512,42.61937226968952,108.16122,74.09718483333333,1.013701680384361,0.07174444087755742,0.07118411682882636,0.194799,0.06173016666666666,1.1146776761661585,0.03335603834640239,0.03346967841146172,0.087658,0.030555833333333338,0.8357411392467037,93.05143562831438,25.34786186806258,68.17115100000001,90.12847083333334,1.1270885830537183,0.04666659359113326,0.05075396686269951,0.117007,0.0441622,0.725048651330795,0.039940189764196166,0.03472546922361165,0.085263,0.0378072,1.0007081581035235,66.17597282744133,66.84076895822132,163.07618300000001,56.795604000000004,0.8015586534764496,0.9934092369623482,0.0021207263476783118,0.003518671927263748,holdout,2.6749844169779134e-13,0.7060345943874977,0.0517063562928333,0.010863334011924748,0.010863334011924748,0.7022061639020687,0.049788794688677626,-0.01066507421971745,0.01066507421971745,-0.7384341977409494,0.7384341977409494,1.144492165347814,0.32370208645070914,0.5703885115636478,0.5744823799925751,0.5744823799925751,0.07371487820741977,0.9971954150868955
normal,0,N0292,1,2215.537,2217.237,1.7000000000002728,18,0.0039414444444444445,0.08861023047576007,0.08620381848399886,0.34961299999999995,0.202781,0.06464500000000001,0.133759769782,2.352343591805509,3.3797493407442616,-0.020538888888888895,0.2031672081379649,0.19850843434166163,0.604403,0.307002,0.17394844444444446,0.709300773086,1.5465438585425813,1.6401699355493922,18.924874388888888,179.58575625758044,175.54905315288732,491.53573,249.23924,157.32245238888888,554714.4611317547,1.419769776729785,1.4396552169219548,-0.39444953542633965,-0.8341171149574508,0.019812277780036632,0.020522125352084437,0.050806,0.01738383333333333,0.22346552990929883,0.20813929535689957,0.22654210707033398,0.5555950000000001,0.17880266666666667,1.0381176135153811,169.37039665074235,109.25615827031129,274.48776300000003,147.04449816666667,0.9949867349340973,0.08027345628745117,0.08792509791331862,0.200987,0.07332700000000002,0.9054158560708936,0.19114480604505057,0.20886272723585697,0.479448,0.17182033333333335,0.9533557300993839,195.20587096141364,49.477635950311395,127.47552,189.90866666666668,1.146760331372303,0.13609527902980323,0.1507969800019218,0.34961299999999995,0.12157099999999998,1.5350382214605023,0.20210534486104026,0.22593965621444148,0.588849,0.17326860000000002,1.0080226221871433,135.53175455174625,120.7300738225876,300.840649,112.1691828,0.7961975682173643,0.9986063305932484,0.001022303892997506,0.00021582718881383436,holdout,2.6749844169779134e-13,0.7060345943874977,0.08854009990278805,-0.0023362814187891934,0.0023362814187891934,-0.1510172854008548,0.18576743567108533,0.012740998670576292,0.012740998670576292,0.882168181664536,0.882168181664536,0.756890094171701,0.08979615057555462,1.3892073915473282,0.3156885337045847,0.3156885337045847,0.17157409792981726,0.9848063633133111
normal,0,N0292,2,2217.237,2218.837,1.599999999999909,17,-0.0022218823529411764,0.07700194590307634,0.07473589566167613,0.240223,0.126986,0.05950247058823529,0.094952719706,1.6991299679454732,2.254852290964636,0.003860764705882346,0.2034404043063132,0.19740393989139896,0.654334,0.333954,0.16833170588235297,0.662461363239,1.6917291528412428,1.8055580608949597,5.680534235294116,178.3484627311555,173.1166472630918,497.23059,249.23924,155.28531988235295,509479.3505134338,1.4397185016021126,1.4605696435912843,-0.45075372365082617,-0.9712915780480009,0.08489906366091443,0.08932376782786688,0.23773699999999998,0.06985283333333334,1.1029927932511099,0.21310870782224425,0.23343588117425304,0.654334,0.172646,1.107582205685796,162.89844739264984,121.33397713334641,310.88284799999997,139.99503683333333,0.970945278510071,0.055132756067513985,0.05214137666671259,0.103008,0.0433604,0.7162744792736192,0.16476992511802632,0.17944836310426465,0.391768,0.1567542,0.8563527927030025,209.55331039912477,41.378158325269624,105.34204,206.25922599999998,1.2490284627314754,0.08526276946123672,0.09451390977099614,0.237771,0.07260420000000001,1.1077179911428248,0.19188620397933773,0.2116183074504661,0.537759,0.1554372,0.9972832514257574,119.6547933136476,128.3923430919446,321.15236000000004,105.08981739999999,0.7131943764875112,0.9990310870491647,5.915939728776615e-05,0.0007886764518088372,holdout,0.058823529411682896,-1.4120691887659043,0.0875585891012586,-0.012822693439582478,0.012822693439582478,-0.8288592030050366,0.1821440053101958,0.015259934581203144,0.015259934581203144,1.0565756335025862,1.0565756335025862,0.6654190349524202,0.21859723748084273,1.400888584900782,0.32406190989141126,0.32406190989141126,0.11558926530371,0.9931040628369214
normal,0,N0299,1,2269.827,2271.527,1.699999999999818,18,-0.007112555555555554,0.033064618990203416,0.03291079317218323,0.10886699999999999,0.060146,0.027830444444444442,0.019496165529999998,1.8275463519012491,2.23702965510275,-0.007077777777777778,0.042730976312899696,0.04212588714001562,0.13819199999999998,0.071546,0.037593666666666664,0.031942626612,1.6983855974878224,1.904804220784535,8.336637388888887,85.76234872513695,83.7619176308836,219.71109,110.7061,76.44096583333334,126289.05921365273,1.3216758060369656,1.2957502267221654,-0.12280785782858612,-0.2468617842315539,0.046138797309495036,0.04757736142081302,0.10886699999999999,0.04495216666666666,1.448374917049979,0.04476510582101496,0.04643198245785621,0.113623,0.041474166666666666,1.0621532116488657,84.56705963606667,40.1969920084736,102.394947,76.19113533333332,1.0301858231243413,0.0196572345757654,0.01773229646436129,0.052679000000000004,0.015495833333333334,0.6170738545074094,0.04739104263817513,0.0518238336160754,0.13819199999999998,0.04257666666666667,1.1244594917922786,91.93284060720325,27.550783195721916,73.63404,88.42572666666668,1.1199148874356624,0.020784770573667632,0.0229925560845244,0.060580999999999996,0.0181758,0.6524691173374708,0.030650782574022477,0.02604897668431526,0.065725,0.026118399999999996,0.7272590235956896,64.71047131602946,67.6115535643781,166.064279,55.9839786,0.7882952350992785,0.9933429697783729,0.0020775195256251392,0.003631056608777931,holdout,0.0,0.7060345943778656,0.051502669047089465,-0.01859187587490624,0.01859187587490624,-1.2017792901820414,0.04903684519489307,-0.006910958054877452,0.006910958054877452,-0.4785046650158232,1.2017792901820414,0.6056148933120927,0.3127699129612039,0.6178585504334191,0.4945405594063089,0.4945405594063089,0.05431879580244941,0.9984771449922938
normal,0,N0299,2,2271.527,2273.227,1.699999999999818,18,0.011660166666666666,0.04185004371668249,0.04230938657673968,0.136273,0.09494,0.034021611111111114,0.032221515464999996,2.243946501748501,2.660510273652058,0.0062725,0.05225788161579638,0.051171423155138285,0.183764,0.093632,0.04138472222222222,0.047133261859,1.8297712712842171,2.4770087871785953,8.564062666666665,85.97337891834181,83.98887130423886,219.92399999999998,109.9707,76.30190255555557,126974.34905327995,1.3093484683422558,1.2965652006762833,-0.09480059708213837,-0.1901722683987663,0.05033195707500355,0.054382518944969815,0.136273,0.043482999999999994,1.2233328526854437,0.059775336852529184,0.06444765034273942,0.183446,0.049939166666666666,1.1463112285436097,81.06573590589852,45.74889721901326,114.329353,70.97578983333334,0.9861388657764684,0.042546373325662745,0.042455153933297664,0.128099,0.03306783333333333,1.0341019756959093,0.056176598587252796,0.06039225536358118,0.152146,0.04799783333333333,1.0772982492900878,93.47609538086388,20.642995477916877,55.583605,91.55691866666666,1.1371069373021117,0.023307157814714347,0.026043710286746777,0.06304499999999999,0.018879,0.5664872481508275,0.03421333420466354,0.03331205115720135,0.091406,0.025436999999999998,0.6561088775037417,67.8589574353843,64.77600269152963,154.558563,57.653459,0.8254826107516331,0.9936730395636051,0.0019386151844504296,0.0035594908003179038,holdout,0.0,0.7060345943778656,0.051594248122267455,-0.009284861545527774,0.009284861545527774,-0.6001736668586262,0.04937492644769746,0.0017964967074408228,0.0017964967074408228,0.12438681415368931,0.6001736668586262,0.7764612608784471,0.0642674554967178,0.7485009627482888,0.30272761777708296,0.30272761777708296,0.1330358468938256,0.9908652714535354
normal,0,N0304,1,2309.783,2311.483,1.7000000000002728,18,0.0014645555555555549,0.05644351571388684,0.054872785471893476,0.191802,0.118911,0.049177111111111116,0.05419840653799999,2.16703050478288,2.0784284452321367,-0.0026244444444444453,0.061679141856415216,0.05999877773662469,0.247309,0.137095,0.04761511111111111,0.06479735993800002,2.2849632137808356,3.1805644003210753,8.659211111111112,92.17955756104536,89.99996265855815,239.57935,121.71687,81.273506,145799.8790137535,1.3524102277883099,1.3613624811390128,-0.044623683368717984,-0.08930667624104706,0.06264835394618655,0.06862676941956881,0.185104,0.053823166666666665,1.1459062049893547,0.05732958241024727,0.05877181971999847,0.171208,0.04194933333333334,0.93750040414098,96.08859673019643,40.22499836229946,102.028142,88.79551233333332,1.0911782073603333,0.054907948920594966,0.060147890034480844,0.142393,0.05327899999999999,1.0043258187660373,0.07395281911912938,0.07992521559975091,0.199375,0.06001966666666666,1.2093372199263774,96.74515978155391,38.5317041465172,97.490206,90.124261,1.0986341107430304,0.04283515419839177,0.04435162230178283,0.104768,0.0368772,0.7835013355622376,0.046983948297264246,0.05188863227914184,0.12120800000000001,0.0420496,0.7683201004609264,63.671326145869344,70.45178782907591,179.071925,54.2387076,0.7230489973663164,0.9956817549579671,0.0009948983464081436,0.002417564934671067,holdout,2.6749844169779134e-13,0.7060345943874977,0.054019810039378564,0.0008529754325149116,0.0008529754325149116,0.05513635185215779,0.05832934108988204,0.0016694366467426489,0.0016694366467426489,0.11558936070389439,0.11558936070389439,0.9397654759848719,0.1266161430642136,0.8190052519719029,0.21270961137629815,0.21270961137629815,0.1251099900573392,0.9919212853614644
normal,0,N0304,2,2311.483,2313.183,1.699999999999818,18,-0.0008724444444444435,0.04991367625531365,0.04851521936579398,0.17354599999999998,0.114074,0.040379333333333337,0.042367077181999994,2.351303394918353,2.943708275734452,0.0031947222222222208,0.06430467603782843,0.06257451807733809,0.218676,0.120383,0.0535175,0.07048026562700001,1.9238342331492564,1.9855523646595739,8.1620765,90.15934305479091,87.99847607628354,232.63374,118.21093,79.58773394444444,139387.1722514684,1.3433292855836059,1.3448754349578653,-0.12655803348724853,-0.25448058568811804,0.06200535213323658,0.06759815931049208,0.172263,0.052273499999999994,1.258616182587729,0.05107732133899218,0.055952180302171126,0.140679,0.047437833333333325,0.8198210166871688,91.4796251070077,42.74239265304282,107.646482,82.74113266666667,1.0607422130231898,0.042018748248053905,0.045977079562176046,0.130574,0.03498133333333333,0.8529179288175086,0.05546314892641179,0.05973081387832136,0.148853,0.0443725,0.8902161262480165,96.03617560430334,33.41485347821565,86.396345,91.06309166666665,1.1135772071828132,0.03898141242181971,0.04037781983713336,0.101453,0.0340028,0.7912645409835464,0.07984734845816735,0.08850436044907618,0.21555400000000002,0.0690862,1.2815968550562407,64.63635101196915,69.83848820526163,176.168466,55.191976999999994,0.7494838980153155,0.9955913383847568,0.0009179671614018756,0.0024631209426906713,holdout,0.0,0.7060345943778656,0.05321218138337989,-0.004696962017585911,0.004696962017585911,-0.30361173436647004,0.05534782913106316,0.007226688946274928,0.007226688946274928,0.5003654118505757,0.5003654118505757,0.8497822534655232,0.025965936835213543,0.8735926571843715,0.14818590815534252,0.14818590815534252,0.06292224952599218,0.997956537039786
normal,0,N0305,1,2318.877,2320.477,1.599999999999909,17,-0.0023193529411764707,0.06748411176893897,0.06551027545220314,0.224239,0.117183,0.057523235294117646,0.072957135227,1.7887728175635242,1.8423310842423029,-0.0061769999999999985,0.07072371132000214,0.06888956809911319,0.217335,0.127725,0.060766764705882347,0.08067813407900001,1.854054300590748,2.0084365244738787,3.515081882352942,98.16227581387187,95.29624611402204,274.90977,138.49546,85.35747329411765,154383.36689821244,1.4533149588525247,1.4483545162209746,-0.02514357574824576,-0.05029775268667241,0.05963942919886697,0.0579190689730075,0.145832,0.0531635,0.9802569027726594,0.06430963563235813,0.06481059902644525,0.180301,0.05543716666666667,0.9548704463948016,95.3066066572361,57.024942270586486,149.781958,83.59623916666666,1.0300232378573675,0.0571094414365961,0.06162140966660857,0.15303,0.0492992,0.938673037849561,0.06694776284835811,0.07471934694575429,0.143164,0.0661824,0.9940413993572638,111.69962424163644,31.576270589483332,80.03891899999999,108.07015019999999,1.207190274254574,0.0656912005385805,0.07195407621531943,0.160138,0.059047,1.0797261751893148,0.07120388117932898,0.07942682938843777,0.213736,0.05589580000000001,1.0572363089635992,63.40431978241899,70.84702645740296,175.223729,55.448944000000004,0.6852402477333681,0.9969864768833095,5.376665361469452e-05,0.0023161627623117563,holdout,0.058823529411682896,-1.4120691887659043,0.05615693667655203,0.009353338775651115,0.009353338775651115,0.6046000366109279,0.06621894304854938,0.002670625050563813,0.002670625050563813,0.18491018684464372,0.6046000366109279,1.0595914401606334,0.24662447155855935,0.8881049308971437,0.1317102064371101,0.24662447155855935,0.0843033490135785,0.9963318427587549
normal,0,N0311,1,2366.912,2368.612,1.7000000000002728,18,-0.010463388888888887,0.0881372847705341,0.08629077508343519,0.27693999999999996,0.140818,0.07832905555555555,0.134029761561,1.631900975090814,1.6406377265082037,-0.009783722222222223,0.09028700398748397,0.08828697352101271,0.271752,0.157941,0.07957716666666666,0.140302614483,1.7889502120311023,1.960491819496489,10.71874388888889,106.6917613306241,104.23831919082915,291.8686,146.2207,94.29138011111111,195581.28937912523,1.4027538158238495,1.4263786528845224,-0.011434437971181549,-0.022869872694611236,0.0836888464840646,0.09156508030193607,0.234558,0.07658150000000001,0.9433056208662866,0.07281694321607667,0.07976687968741579,0.213112,0.06182233333333334,0.8395376103362913,111.83245796139676,48.82752029238845,122.74087899999999,102.56571733333334,1.104758274654292,0.08191332383582865,0.08916340737189594,0.190326,0.08042283333333335,0.9232926733300186,0.08645488803127327,0.0923381369086829,0.238941,0.07954883333333333,0.9967752956106234,111.90766864195075,42.461156677687995,112.046731,104.9803225,1.1055012577130485,0.10151397089465075,0.10890163246113439,0.262249,0.0905952,1.1442229563961588,0.10122110464127528,0.11258736334953404,0.24820599999999998,0.0945492,1.1670213078564677,69.31355789923059,76.27688503314053,190.798544,61.1495806,0.684727207384971,0.9970989696536593,0.0006027877090799416,0.0015698647795157708,holdout,2.6749844169779134e-13,0.7060345943874977,0.05976519192283817,0.02652558316059702,0.02652558316059702,1.71461431417112,0.07953949091094557,0.008747482610067137,0.008747482610067137,0.6056629490187387,1.71461431417112,1.275973865013175,0.4324507742920933,1.0405329618383456,0.026688216303871064,0.4324507742920933,0.10461081301612718,0.9943517820903712
normal,0,N0315,1,2391.665,2393.365,1.699999999999818,18,-0.008869444444444444,0.06098672016896235,0.05992841444126854,0.241337,0.121136,0.04773588888888889,0.06464546743399999,2.0213449851692062,3.291737086187961,0.0002489444444444449,0.06077599546596571,0.05906417561667798,0.214452,0.130525,0.04699572222222222,0.062794383143,2.2098843950197042,2.913405500174125,8.574850944444442,84.98285249830768,83.03244143629276,219.15295,109.94555,75.61554050000001,124098.95395568496,1.3241276312988643,1.2931934551229294,0.007262963384211003,0.014526182193681613,0.03867655762000198,0.039295417583563946,0.105733,0.03425533333333333,0.6307370052813233,0.06909450954308888,0.07409945489678045,0.189078,0.06368733333333333,1.1370072678999346,82.13293815780078,42.41303996004876,107.521548,72.43455366666666,1.0104049549286056,0.09033036205137968,0.09893877884227195,0.241337,0.07955933333333333,1.4731068521155009,0.032997318641065365,0.03538470320585813,0.089294,0.02756583333333333,0.5429981537491648,91.73188215571304,23.102391207271083,63.28356500000001,89.27469483333333,1.1284918125902486,0.03460907312252092,0.036700537445656024,0.10087399999999999,0.029890800000000002,0.5644044992662939,0.07429811478496612,0.07752275256529531,0.184422,0.0588786,1.2226368934435812,65.36950935521233,65.28774496804436,157.383934,56.46715759999999,0.8041801210965828,0.993627418714264,0.0021101474880029602,0.0035056097609375792,holdout,0.0,0.7060345943778656,0.051208314898609046,0.008720099542659496,0.008720099542659496,0.5636674378209778,0.0479501819031639,0.011113993713514084,0.011113993713514084,0.7695167293223125,0.7695167293223125,1.1124737924092616,0.2953272489398104,0.8739024393225263,0.1478313639371428,0.2953272489398104,0.08394704992060671,0.9963627833856104
normal,0,N0315,2,2393.365,2394.965,1.6000000000003638,17,0.0025173529411764723,0.05702704388044892,0.05538160124456284,0.21151199999999998,0.122029,0.04450335294117647,0.052141069858999994,2.2034213034239483,2.716054108129731,-0.009098529411764707,0.04273729210115804,0.042447845656550735,0.150908,0.08882,0.032884764705882356,0.030630933215000003,2.0924501261772024,2.699169032171053,2.7259941176470583,83.81700278351478,81.36011706733878,217.51954,109.03109,73.536124,112530.96703658818,1.3401048809917393,1.2976179391490736,0.13220718298605316,0.26597126975958546,0.06934466104418806,0.07436977913910998,0.21151199999999998,0.05393,1.291865198842203,0.029898364913486488,0.029591751058360843,0.080847,0.02313916666666667,0.7308604661981459,78.49627918981453,48.116281311297364,119.994651,68.89193016666667,0.985351223266727,0.034195566902743404,0.03185339218199531,0.067575,0.027678599999999998,0.637050670825032,0.06373066532525767,0.06807924376562947,0.145152,0.06131760000000001,1.5578853193314741,95.94351428863078,17.74018434797343,44.82805800000001,94.6223368,1.2043635716822365,0.04775429132339836,0.05309413273328795,0.126691,0.04337339999999999,0.8896446550767455,0.014863052243735133,0.013079823787039336,0.034025,0.010306,0.36332479463061484,60.89982823890853,67.87136235385695,170.325657,51.762348599999996,0.7644657921534773,0.9968455431353886,5.2916092541040924e-05,0.0024850049042845594,holdout,0.058823529411415394,-1.4120691887562722,0.05053350793539812,0.004848093309164719,0.004848093309164719,0.3133808645790372,0.04545900601958937,-0.0030111603630386327,0.0030111603630386327,-0.20848835564959636,0.3133808645790372,1.0492011370117897,0.23677012424805652,0.6409596661851856,0.4578335761996965,0.4578335761996965,0.046292215860402476,0.9988939513552165
normal,0,N0316,1,2399.02,2400.62,1.599999999999909,17,0.014920117647058825,0.05803505653900316,0.05824565274361179,0.248239,0.169984,0.041237764705882356,0.05767345308,2.918398060508358,5.048163617492235,-0.003988117647058823,0.1739877675534556,0.16884003542023404,0.5076499999999999,0.26946,0.15010294117647058,0.484618278532,1.5959484924847835,1.5002844717407402,4.91553823529412,155.14196716170153,150.59006341159989,430.68152,217.2822,135.41717529411767,385515.2423712645,1.4428720931348173,1.4463064860026718,-0.4870160844145302,-1.0642822720390064,0.02813072166688939,0.030813903379805684,0.08237900000000001,0.0236305,0.4742395681183353,0.16109381854166016,0.17640316014365126,0.443583,0.144175,0.9517060344442773,144.7282264309938,103.91448445439296,265.127927,125.2543065,0.9888682715483235,0.04675761332874038,0.04020734729872141,0.083662,0.03168420000000001,0.7882595624045334,0.16781999297699904,0.18529123430022262,0.454676,0.14668399999999998,0.9914427596444525,181.12217051024675,38.08948093135137,95.41238999999999,177.88927399999997,1.2375330791256942,0.09013070536615145,0.0958178938455652,0.248239,0.0727478,1.519461437683445,0.1799466284891162,0.20066905745405791,0.48395499999999997,0.1582898,1.063084193802918,102.97983554148824,112.46098911498825,280.55921,90.8537962,0.7036187375984749,0.9992688307778874,6.708944951048167e-05,0.0005101538798231864,holdout,0.058823529411682896,-1.4120691887659043,0.07846878814963484,-0.02022313540602305,0.02022313540602305,-1.3072239443201563,0.14858730813352472,0.02025272728670932,0.02025272728670932,1.4022693248939795,1.4022693248939795,0.5961725965538986,0.3284839907621912,1.3774179274826852,0.307165850603837,0.3284839907621912,0.08220442487461041,0.9965122232418209
normal,0,N0316,2,2400.62,2402.32,1.7000000000002728,18,-0.017597500000000002,0.06794299912794548,0.06833348184170855,0.272955,0.14013,0.05428038888888889,0.08405036533100001,2.0506784701034975,3.9839457778217415,-0.013721611111111113,0.17178880980954797,0.16751165879739702,0.474112,0.243688,0.15107561111111112,0.505082804995,1.4547524736456534,1.4460623907465935,16.225127888888885,159.3798798327464,155.7368987844039,436.46495000000004,218.74895,139.97849155555554,436571.66957370605,1.4046057916102948,1.4193618292853616,-0.4205224525148566,-0.8966530898335041,0.07468344822426631,0.08022339514048672,0.244072,0.058919333333333324,1.0625368859803674,0.16041661150423295,0.17476028235586025,0.370536,0.1525735,0.9907246917531229,159.27696333933508,84.86131800401785,214.307575,139.16877633333334,1.0527056704337532,0.0786023185196637,0.08440887378390183,0.257185,0.061509,1.1182914653314524,0.15928746886787212,0.1743923292965223,0.438316,0.14421099999999998,0.9837511652594257,171.61984223605842,52.45762360047364,144.07314300000002,164.8035245,1.1342831837893768,0.051866894526277546,0.05046309219122427,0.094868,0.049297400000000005,0.7379210508589839,0.1667711256434998,0.18418879373539532,0.46889000000000003,0.13899319999999998,1.0299698422573766,109.75999737548217,111.609000518823,278.040322,95.6126086,0.725434295088855,0.9982589446791453,0.0013053471045169135,2.2333902313571226e-05,holdout,2.6749844169779134e-13,0.7060345943874977,0.08054561033350388,-0.01221212849179533,0.01221212849179533,-0.7893922705395479,0.1562542849446547,0.011257373852742308,0.011257373852742308,0.7794441612277779,0.7893922705395479,0.6763116008198921,0.20236028964008312,1.3214177303941657,0.26566036951809086,0.26566036951809086,0.03969232411732911,0.9991868487257621
normal,0,N0317,1,2405.741,2407.341,1.599999999999909,17,0.014127999999999998,0.08215881805457646,0.08094818556045226,0.285387,0.154464,0.06414941176470589,0.111394348674,1.9081835983172961,2.664332566381457,0.0037797647058823484,0.17303874246882162,0.16791478491537448,0.583422,0.333493,0.1402014117647059,0.479321374884,1.986084787995729,2.2844220987519424,5.271231999999998,170.61893080779316,165.60858759977592,487.74152000000004,246.91322,148.71317835294118,466245.4728754752,1.4909445432667532,1.4661736883588918,-0.3494557635002603,-0.7296473525160907,0.11240027038075427,0.12289955189449092,0.285387,0.09400499999999999,1.3585528995638985,0.17080262813063893,0.18710439835307632,0.47955099999999995,0.139268,1.0049063727347014,156.7477466516276,120.4975156171468,315.135989,134.410734,0.9749009207091333,0.06161378171643094,0.06236993135878859,0.152156,0.053476600000000006,0.7447097904693907,0.1813961836924912,0.20263481269589387,0.520559,0.15892499999999998,1.0672328814689944,200.52321924795018,37.621523103519216,94.00857000000002,197.679686,1.2471647933980436,0.05429151056472825,0.06044131552837016,0.15442699999999998,0.043171400000000006,0.6562073992309968,0.15663054025955472,0.17497668206849734,0.455698,0.1244912,0.92152579731571,114.15178943197215,121.21715958982375,298.95643,100.77179759999999,0.709973106440629,0.9986589555540767,7.339576984319742e-05,0.0006547880323962682,holdout,0.058823529411682896,-1.4120691887659043,0.08452897891613784,-0.003580793355685577,0.003580793355685577,-0.2314625660282436,0.17095963371762585,-0.0030448488022513653,0.0030448488022513653,-0.21082089408962026,0.2314625660282436,0.7534059996560922,0.09440994877098492,1.2456404333569457,0.20660497306770656,0.20660497306770656,0.1417535466836688,0.9896288681303645
normal,0,N0323,1,2446.246,2447.946,1.699999999999818,18,0.002167166666666666,0.05795681819428912,0.056365580604064866,0.19655899999999998,0.102242,0.0511395,0.057187416182999995,1.8139083977186372,1.7270489021360282,-0.0023376111111111115,0.0462512481156091,0.04500887866175838,0.172922,0.091262,0.039015499999999995,0.036464384850999995,2.027644382919062,2.3351609985855766,7.970320777777778,88.81502659384553,86.6799093632959,230.02306,116.46177,78.36440855555556,135241.3203701255,1.343584353692403,1.3494092467812586,0.11202725049723827,0.22499892532645716,0.049073051706953516,0.04862333015093338,0.113419,0.0476875,0.8604466402868959,0.0366490528731644,0.040014697646823055,0.096469,0.034966166666666666,0.806020924913835,88.7896472995612,43.20632353881657,109.518543,79.54838866666667,1.046095941464232,0.06177239020522572,0.06721984461352663,0.16991299999999998,0.05246533333333333,1.08311677724836,0.06142540153172246,0.06725245529693817,0.172922,0.054981999999999996,1.3509260151182665,95.04046646883334,31.50937958648044,82.227125,90.58323666666666,1.1197414256245763,0.05991862917323793,0.06407292776594495,0.163918,0.0552188,1.0506129406947706,0.02982977996231283,0.031535340450041124,0.071866,0.025257400000000003,0.6560449711595393,64.76493480235908,69.10795000898455,174.315472,55.35207439999999,0.7630431869761267,0.995361464696012,0.0009450539963625282,0.0026772005096417683,holdout,0.0,0.7060345943778656,0.05268012072822198,0.0036854598758428864,0.0036854598758428864,0.23822821233240277,0.053383627892798866,-0.008374749231040486,0.008374749231040486,-0.5798554330050276,0.5798554330050276,1.0023060352620323,0.19104445198740178,0.6379202042704922,0.46258690402623504,0.46258690402623504,0.044523145963453394,0.9989768719863307
normal,0,N0323,2,2447.946,2449.646,1.7000000000002728,18,-0.008779166666666666,0.060256713156148445,0.059213428928748923,0.175805,0.101674,0.050876500000000005,0.063112142979,1.7170767145125738,1.6052356760882958,-0.0010680555555555558,0.08385606658293387,0.08150044707273424,0.32493,0.166432,0.06072938888888889,0.11956181171500001,2.0420992274001817,3.4172464730912306,7.326550666666669,87.17690661463548,85.03693053979191,225.71769,113.78516,76.89957788888889,130163.03200132909,1.3380675816697751,1.3306844690028656,-0.15838536167955475,-0.31946014960386954,0.06109721471965805,0.06449954755629428,0.161364,0.05552116666666667,1.0965631358690522,0.09220141947569643,0.1006385949027509,0.284252,0.07852866666666668,1.0996732685420227,85.05832872746039,44.25807994174232,111.23277,74.85054833333335,1.020740921505224,0.05510717168391062,0.06012489045866667,0.159332,0.04700466666666666,0.9890547919059292,0.0495795993260669,0.05263648212029371,0.151725,0.039881,0.5913288575591968,94.52206281080097,27.099637786966582,72.12723199999999,91.2273445,1.134310289650954,0.04930825609976488,0.05506363915779632,0.145617,0.0397896,0.8849767731817008,0.10368463749080671,0.11560550282966638,0.32493,0.0750664,1.236631983059271,64.85374222457976,67.35554819489883,166.00575,55.529601,0.7782761499287258,0.9952581505920309,0.000881285080752847,0.0028425480449961946,holdout,2.6749844169779134e-13,0.7060345943874977,0.052017155115156095,0.007196273813592828,0.007196273813592828,0.46516730715311927,0.050936166563931864,0.030564280508802374,0.030564280508802374,2.116226243913067,2.116226243913067,1.0732908929070701,0.259470600880638,1.1774406576013252,0.15029831980577033,0.259470600880638,0.05160410731982096,0.9986255567007598
normal,0,N0340,1,2568.609,2570.309,1.7000000000002728,18,0.00841288888888889,0.0936486174784977,0.09139810994763513,0.276633,0.160318,0.08058911111111111,0.150365061036,1.7540625303067126,1.607214768623435,-0.003565666666666666,0.10186556435755094,0.09905972834888835,0.310989,0.180453,0.08829966666666667,0.17663093605,1.8216585388205848,1.8369135517505901,11.317341055555556,111.05835420045955,108.52105950136288,304.2324,152.14898,98.19780994444443,211982.7663953702,1.4020226184585785,1.4306947929703253,-0.04022737247119561,-0.08049818553046308,0.08534108086183738,0.09307098396600307,0.259251,0.071041,0.9584197171896748,0.1049586635196606,0.11495574964901349,0.289667,0.09023616666666667,1.0645182438824325,115.03224141466225,53.82936534807854,134.942073,104.00841033333332,1.0914518316162907,0.10263573918637373,0.1111063038979637,0.272262,0.09114966666666667,1.1526467104841362,0.10126071489559348,0.11050513718269693,0.28697700000000004,0.09252583333333335,1.0270126808040496,117.64045478460679,41.29705162523711,110.134143,111.43639983333333,1.1161991478892153,0.07468012153846565,0.07937270774516894,0.18394500000000003,0.070531,0.8386922246797262,0.08676873916336458,0.09400055305688367,0.234502,0.0772416,0.8800312688887828,72.66814333594641,78.35026763808152,195.81463200000002,64.54854759999999,0.6894917213537348,0.9979512373296666,0.0007851069140970424,0.0006892735805923857,holdout,2.6749844169779134e-13,0.7060345943874977,0.06149333930669765,0.02990477064093748,0.02990477064093748,1.9330450717148948,0.08591926960417094,0.013140458744717406,0.013140458744717406,0.9098262151016204,1.9330450717148948,1.2981593293498535,0.449688432176909,1.1214236743593733,0.1015541870250668,0.449688432176909,0.0640512154955171,0.9978825506031188
normal,0,N0340,2,2570.309,2572.009,1.699999999999818,18,0.0005444444444444485,0.09524505171597675,0.09256315365257987,0.299465,0.166451,0.08231922222222222,0.154222873454,1.798242534224208,1.650004868745514,-0.009637722222222221,0.09833068627120102,0.09604502650001659,0.332662,0.191568,0.0810823888888889,0.166043648077,1.9945644973086336,2.5098999415646865,11.49765138888889,109.00242755602913,106.55346190661312,296.98303999999996,152.14898,95.69551361111112,204365.52439711295,1.4279121229617884,1.431548913267964,-0.018460879292728393,-0.03692595380493832,0.09692298043119942,0.10579230475606437,0.25134999999999996,0.08740266666666667,1.0541017766696494,0.09386209874509163,0.10279134969782235,0.259728,0.0804835,0.9635186152445523,109.34583509264903,59.07061908206455,152.54940399999998,95.25828716666668,1.0558385858378219,0.09668636559084567,0.10584683863661998,0.299465,0.07842650000000001,1.0515284331499428,0.08646651042262933,0.09424305910569754,0.235512,0.08090000000000001,0.8876009965822028,116.5519483717832,35.59511675871921,93.01413299999999,111.9308405,1.1254204994752408,0.07908572752652655,0.08416799603293404,0.178428,0.07686400000000002,0.8601098059928058,0.11279051242014994,0.12579590224327658,0.332662,0.084502,1.1578236561162487,76.2691069055062,77.46993750375182,195.897006,66.18822379999999,0.7364511497853744,0.9980156883544826,0.0007598291383472851,0.0007708505217243036,holdout,0.0,0.7060345943778656,0.060699385345143714,0.03186376830743616,0.03186376830743616,2.0596747265681024,0.0829882403328067,0.013056786167209886,0.013056786167209886,0.9040328477633555,2.0596747265681024,1.3389839994986392,0.48065218859118963,1.1073729965992445,0.08894571171340312,0.48065218859118963,0.04413812204948698,0.9989944909326158
normal,0,N0342,1,2582.295,2583.995,1.699999999999818,18,-0.0030095555555555552,0.11098593353066506,0.10790091909607526,0.467153,0.256038,0.07520588888888888,0.20956695015199997,2.372899157346594,4.157708023998577,-0.001072611111111111,0.20867511505663222,0.2027985961556988,0.681458,0.350852,0.17540594444444446,0.7402908708489999,1.730051423682603,1.992934847790761,19.191094666666668,186.92501367638334,182.6693580406448,508.0114,254.82276,164.14718466666667,600625.6986056631,1.3949945559194483,1.413786966193252,-0.3054323305989653,-0.6309999591158286,0.07898010528713333,0.08295316116801496,0.227667,0.06589583333333333,0.7489356213086196,0.2162336061693464,0.23645128716897837,0.642652,0.18463200000000002,1.0366257149037432,181.62574927899408,107.56675903375992,266.29082,158.26288733333334,1.0231626557069224,0.1360602895275963,0.14902342252232254,0.467153,0.085895,1.2902033632687702,0.18269495236413438,0.20012695522759213,0.49460499999999996,0.16789966666666664,0.8758411283001754,202.70907578003278,54.00938844193665,146.73271,196.62178000000003,1.1419325571089685,0.09006284024613036,0.08547231020336353,0.222524,0.0599504,0.8540286059550631,0.22754613495377152,0.25423470286980887,0.6380429999999999,0.203532,1.0908580724279469,135.06869834505616,128.65919125728925,320.207633,114.103712,0.7608901747148252,0.9986376864648077,0.0011293336928928414,5.787997313033359e-05,holdout,0.0,0.7060345943778656,0.0914132454525649,0.01648767364351035,0.01648767364351035,1.0657636088671938,0.196374188852093,0.0064244073036058,0.0064244073036058,0.4448166000034546,1.0657636088671938,0.9104670863270151,0.09494354206698002,1.3639104426640551,0.29731107050350736,0.29731107050350736,0.10583601798102645,0.9942187031215012
normal,0,N0343,1,2590.517,2592.217,1.7000000000002728,18,-0.001370055555555555,0.08058048376000687,0.07832213789181475,0.33359300000000003,0.169044,0.06708527777777777,0.110418431111,2.158316978444818,3.0053514780046595,-0.004145555555555558,0.10206670473891787,0.0992775987465898,0.286659,0.18239,0.09051088888888888,0.177408749032,1.837171751762027,1.922260884069801,11.292829666666668,112.88186854788721,110.28117604824409,315.23351,158.23736,99.69452866666667,218914.8802305085,1.4348537590021417,1.440710585343296,-0.1179926347375315,-0.23708965919105676,0.10693522395902422,0.11609375389356656,0.33359300000000003,0.08712516666666666,1.3432790516550381,0.11083098825764691,0.12136383958617987,0.280732,0.10274716666666667,1.1197747156201536,119.8629130942192,50.722997714880876,131.039281,110.55812583333334,1.1181338411357906,0.05657887628052246,0.06197762985707021,0.15004499999999998,0.05370849999999999,0.7107220283461541,0.09052323029569077,0.09902290051784318,0.250896,0.0815355,0.9145964143686228,118.16474504917096,46.54667493510225,123.468414,110.26065866666666,1.1022925845695393,0.06311485803517267,0.06943695576564399,0.144562,0.0621468,0.7928245110265604,0.09345474368163448,0.1030675286368117,0.23421799999999998,0.08384620000000001,0.9442147965529512,71.24290535513683,78.92543007769916,195.170187,63.2211998,0.6645850777529165,0.9977953080895892,0.0007197512414210685,0.0005408794970977623,holdout,2.6749844169779134e-13,0.7060345943874977,0.062203571677850095,0.016118566213964652,0.016118566213964652,1.041904496012473,0.08854122499468743,0.010736373751902367,0.010736373751902367,0.7433708734511751,1.041904496012473,1.0946819414654074,0.27920492820433207,1.1059525342699228,0.08766215671480164,0.27920492820433207,0.13182569683333853,0.9910307022732323
normal,0,N0349,1,2630.627,2632.227,1.599999999999909,17,-0.0034982941176470604,0.06320026814496588,0.06141298451850869,0.20685599999999998,0.108408,0.05149770588235294,0.064116429347,1.7652293053324566,2.0565347656741597,-0.0034103529411764707,0.05223061370372406,0.0507857731050966,0.168551,0.091675,0.040583176470588234,0.043846310747999995,1.8051315239464176,2.4894066405326742,2.856829588235294,97.9142545877633,95.03372933848676,269.74442999999997,136.60969,85.05039676470588,153533.9651036729,1.437486363535518,1.4301373520079317,0.09471772806048911,0.1900050286601086,0.07347253851269875,0.08017563321213415,0.19876100000000002,0.06639750000000001,1.160783517263752,0.05302800009271831,0.05687048405192275,0.168551,0.04136383333333333,1.0147823890516496,98.89213942120914,51.477686744118756,134.695189,87.013572,1.0656879963639598,0.06914851306861197,0.07723587589779765,0.192199,0.0607748,1.0924687759286953,0.055044609674335956,0.06139385131835272,0.130789,0.0517918,1.0533736971424748,108.53199992617849,38.38980718892272,92.74841599999999,102.9571424,1.1695696970420384,0.03950834324797738,0.0432612987865598,0.100647,0.033865400000000004,0.6241874115826881,0.048309217857464844,0.05401131124588627,0.150011,0.034055999999999996,0.92448033915853,63.56918270925633,68.5303970874956,169.016858,56.694252199999994,0.6850384201253592,0.9958268925982118,0.00016347397402398202,0.002865056835371892,holdout,0.058823529411682896,-1.4120691887659043,0.05605100737755982,0.0053619771409488745,0.0053619771409488745,0.3465983274511479,0.06582788526550919,-0.01504211216041259,0.01504211216041259,-1.0414939264996428,1.0414939264996428,0.9960639914804502,0.18479729655703417,0.6565244559605599,0.4338401627892356,0.4338401627892356,0.1932234705971143,0.9807301627924485
normal,0,N0355,1,2670.613,2672.313,1.7000000000002728,18,0.008183444444444446,0.09020863692132042,0.08804815813330037,0.303314,0.179752,0.075101,0.13954460671200003,2.041519139194993,2.3442280591311935,-0.009794944444444445,0.11090382909343108,0.10822331467053564,0.317551,0.191806,0.09955205555555555,0.210821145089,1.772316811621555,1.855820156551052,11.234258833333335,114.32649717520275,111.67190772416902,321.98920999999996,162.27247,100.65608383333333,224471.06954559576,1.4531180966372939,1.4414791641812306,-0.10279209835703727,-0.20631290443937003,0.08769436646102188,0.0958593169048615,0.24867,0.07878766666666666,1.0076252241712291,0.1122048276575775,0.12275608620186618,0.317551,0.09880566666666667,1.0472717860983802,122.67023515641323,48.37823062314757,127.146018,114.44478550000001,1.128431053726228,0.0991135743141843,0.10650179382276463,0.294118,0.07918666666666667,1.138834130025118,0.1091556372692985,0.11775889438339678,0.261103,0.10614633333333333,1.0188119494696726,119.071029539853,50.06491452236697,132.832539,109.95073299999997,1.0953223262399414,0.06882023347533776,0.07316505701972766,0.191632,0.0600284,0.7907577873195059,0.09809570955041816,0.10752057481710187,0.266734,0.0874026,0.9155833228760059,71.47500421590269,79.76376538330221,196.29278599999998,62.3807276,0.6574913157996097,0.9973643898225087,0.0007830172550107417,0.000838768421666144,holdout,2.6749844169779134e-13,0.7060345943874977,0.06276475193467979,0.025283406198620587,0.025283406198620587,1.6343199663770167,0.09061292667882566,0.017610387991709983,0.017610387991709983,1.2193176025463868,1.6343199663770167,1.2152934273613551,0.38372662318011924,1.1905935042140776,0.16140709693835079,0.38372662318011924,0.1682832257939537,0.9853836159568272
normal,0,N0356,1,2677.893,2679.593,1.699999999999818,18,0.0016509999999999997,0.03936165173333648,0.03828826196688019,0.11590600000000001,0.058775,0.033709222222222224,0.02638783808,1.5350657611682945,1.6554197367845025,-0.006997222222222222,0.045035148669815867,0.0443221155018074,0.142608,0.071906,0.03800311111111111,0.03536009860600001,1.6223503590903228,2.0119584904399517,8.50445161111111,85.51363692114138,83.53833392882731,218.56358,110.20137,76.10874994444445,125615.75824087668,1.31917126925094,1.291526205616508,-0.07303989788863059,-0.14634040058517353,0.032169628803163604,0.0324775580095959,0.075033,0.028820000000000002,0.8722482201786771,0.04826833070796352,0.049385804242379885,0.104325,0.044149,1.0596464639755188,83.4894658139592,41.44297277745926,104.97559199999999,74.42596483333334,1.0202377159990743,0.042602821876412525,0.043413712703476534,0.103701,0.038650166666666666,1.155134110612916,0.046938468919426844,0.051351958579006506,0.134138,0.04015816666666667,1.030451683026391,91.77194600395785,25.57729660303236,68.899162,88.75204216666668,1.121449271127254,0.034711883336978416,0.022536982388953495,0.056142,0.0289628,0.941178981112514,0.04018813027250708,0.04450843465793872,0.11117099999999999,0.033783999999999995,0.88225984848537,65.55662345944013,67.23152922130632,164.076707,56.4781974,0.8010991462792163,0.9931662909006038,0.0019126222536399934,0.003914074994339937,holdout,0.0,0.7060345943778656,0.05141244980385591,-0.01312418783697572,0.01312418783697572,-0.8483478078844482,0.04870378401557693,-0.004381668513769525,0.004381668513769525,-0.30338034289065735,0.8483478078844482,0.7064552423566234,0.15875435854897177,0.6518103981347578,0.44104638864339696,0.44104638864339696,0.0643551355395849,0.9978624085314469
normal,0,N0366,1,2758.342,2760.042,1.699999999999818,18,-0.013987555555555555,0.12122165086039811,0.1186337589254331,0.35035,0.194527,0.1059601111111111,0.253331437622,1.639727188634977,1.6972076760599129,-0.007689333333333335,0.1956874599751589,0.19032941605776255,0.618128,0.330225,0.16705599999999998,0.6520551591039999,1.735018195504687,1.6428831349397583,16.478805499999996,154.75556369356258,151.29547157661617,427.72036,216.36155,135.32797727777776,412025.75495263207,1.4300596557540344,1.4477696645691083,-0.23205243516803223,-0.47271524834074063,0.13369235333032325,0.1458716476683069,0.349215,0.12318866666666668,1.1092906929627344,0.1770494230584594,0.18992292891029947,0.481174,0.14961533333333332,0.9558758555172959,148.513503697017,90.47954171822663,224.480055,128.90570816666667,1.013250979361241,0.1007955960752585,0.1099608035397159,0.279835,0.0869395,0.8363351667664524,0.18276340203023872,0.19846803977769314,0.467267,0.16762200000000002,0.9867251768181282,167.65508282843842,45.587346285521996,122.43796800000001,162.408092,1.14384667146074,0.12548160991555696,0.13992302587244174,0.324919,0.113299,1.041163376587345,0.1973472487662293,0.22032384221481796,0.547715,0.16824519999999998,1.0654622138255587,113.33711586482431,105.46209901143938,263.248596,94.331848,0.7732559046098264,0.9983482392469664,0.0011251414336951673,0.00024280193593829514,holdout,0.0,0.7060345943778656,0.0787534305016186,0.039880328423814504,0.039880328423814504,2.5778653594652474,0.14963811851540315,0.040691297542359395,0.040691297542359395,2.8174061461455433,2.8174061461455433,1.2086127487819587,0.37821428482176456,1.545491420618778,0.42229710248222707,0.42229710248222707,0.1271290017514381,0.9916584345360863
normal,0,N0366,2,2760.042,2761.642,1.599999999999909,17,-0.011112705882352945,0.07784474206695394,0.07633372156832514,0.318448,0.174069,0.06066717647058823,0.099056229824,2.2803683146012146,3.2564232170102216,-0.013876647058823532,0.18462226757894792,0.17964665476281652,0.551746,0.289388,0.1599054705882353,0.548639649647,1.6108733022725779,1.6060995256412143,4.842134588235292,154.34293402588,149.81291216729466,430.16582,216.36155,134.2610428235294,381546.4470847742,1.4442116294915295,1.470468949721409,-0.40359708300623787,-0.8558770915992561,0.10244478196488747,0.11146744322073,0.318448,0.08531216666666668,1.31090002863428,0.1959893547602352,0.21182955116885838,0.522125,0.17955033333333334,1.070091388510154,143.88907671604792,102.47809474326792,260.993036,124.20510816666668,0.9888144569086021,0.07264435613177393,0.08054843810279626,0.197512,0.0676746,0.9295689512609906,0.1943438709195636,0.2170562176027215,0.539065,0.1682184,1.0611071347990815,180.83247340461457,39.44067933707886,98.6271,177.358196,1.2426917182454933,0.04088820538737302,0.03884573377734034,0.090883,0.028894200000000002,0.5232121010466196,0.15322903807177018,0.17125446022892366,0.37983500000000003,0.13815919999999998,0.8366223477335714,101.07000227525543,110.46702972726898,276.5427,88.73377980000001,0.6945591819091271,0.9988898714980912,3.7870437865238007e-05,0.0009443408329665658,holdout,0.058823529411682896,-1.4120691887659043,0.07815519643210625,-0.0018214748637811057,0.0018214748637811057,-0.11774017767802791,0.14742962576421614,0.03221702899860038,0.03221702899860038,2.230660140948233,2.230660140948233,0.7853658253012255,0.05286457871674171,1.4731823298214273,0.3743800822061811,0.3743800822061811,0.07987011682633229,0.9967074913229118
normal,0,N0371,1,2793.465,2795.165,1.699999999999818,18,0.005126500000000001,0.05311101664299923,0.051868594410940674,0.207935,0.104549,0.040024055555555556,0.048426319551,2.0156513047507496,3.239272650290139,0.0019200555555555553,0.052986523857733336,0.051529429627371406,0.174466,0.097208,0.04392516666666667,0.047795078119,1.8864559670647907,1.9574717489728002,8.70635877777778,86.19873613580701,84.22133148601539,220.24502999999999,110.5584,76.58963288888889,127678.18819099118,1.3127125640177961,1.295910217056221,0.0032801863161361477,0.0065603961614046635,0.06706552896235143,0.07269560774535602,0.195685,0.056779666666666666,1.2579081105143586,0.042033755425451416,0.016129488209487616,0.041258,0.0393705,0.8167219183629215,83.25671214456368,42.8687498611285,108.267674,73.48631633333333,1.009029533450451,0.034152613465150805,0.03734656779634062,0.107583,0.025892833333333327,0.6405801928020581,0.05122930479878355,0.051698240201190605,0.1453,0.04145116666666667,0.9953927663176906,93.03273974525057,24.23102961456169,65.267336,90.36484383333332,1.1275100777192644,0.053548907538809795,0.052573678387573375,0.14644600000000002,0.0428422,1.0043849074845288,0.06112578115001885,0.06468520623218264,0.157447,0.05062679999999999,1.1876827263463425,66.66087713042349,66.69875582226429,161.85452800000002,57.2479562,0.8078963487474329,0.9930544267854085,0.0022251784913029865,0.003833346451896176,holdout,0.0,0.7060345943778656,0.05168804915288343,0.00018054525805724642,0.00018054525805724642,0.011670449691771622,0.04972121046381524,0.0018082191635561684,0.0018082191635561684,0.12519845993305811,0.12519845993305811,0.9492643808332384,0.13667314123861068,0.7516572400727697,0.2985196856059168,0.2985196856059168,0.08385495024507397,0.9963707599067813
normal,0,N0389,1,2921.326,2922.926,1.599999999999909,17,-0.0006404117647058812,0.07862742440543474,0.07628249435332268,0.223137,0.113147,0.06976911764705883,0.098923322061,1.4832629813588625,1.4329187368118987,-0.009005823529411762,0.20779058771520287,0.20178754641002125,0.606537,0.317837,0.17929335294117646,0.6922096360650001,1.5751071146589621,1.529547462176739,5.401627235294118,174.70810781893428,169.5778124027558,487.99604,245.9524,152.22044947058822,488862.785808172,1.4503807810413945,1.4598472981424526,-0.45134330800871986,-0.9727719133075103,0.08730818680685105,0.09189272399143833,0.21537099999999998,0.08423949999999998,1.125781943778593,0.1957050155646673,0.21435611627142032,0.532252,0.17303883333333334,0.9584638629239587,161.34983039925945,119.53652831610306,305.983106,138.8642765,0.9798747418952846,0.08069495332175365,0.08513440936953753,0.18283300000000002,0.0753696,1.04050862497763,0.20650019126141264,0.23083801000420187,0.5574680000000001,0.1861114,1.0113331558717753,205.18788141705684,40.97194987440286,103.24658000000002,201.888846,1.2461024709233388,0.05989610308859834,0.06592233393698982,0.164941,0.050383199999999996,0.7723210597537459,0.21168711340419377,0.23648059636743984,0.552655,0.1841294,1.0367360686142597,115.8562610520035,124.89785941747209,311.91792999999996,102.1038404,0.703593078557123,0.9991023899291326,4.8961949276030206e-05,0.0007106243846764106,holdout,0.058823529411682896,-1.4120691887659043,0.08613061827828841,-0.00984812392496573,0.00984812392496573,-0.6365829602027604,0.176872384431086,0.024915161978935257,0.024915161978935257,1.725089508846214,1.725089508846214,0.6933630056149094,0.17746052776615584,1.4618807384560941,0.3666789548654771,0.3666789548654771,0.10840883585626725,0.9939342060945947
normal,0,N0389,2,2922.926,2924.626,1.7000000000002728,18,0.007667166666666665,0.09789179347160944,0.09544218520450541,0.417051,0.242721,0.07233983333333333,0.163965792899,2.5431207330376817,3.9501106134128285,4.466666666666855e-05,0.2084298754731785,0.20255743448025357,0.595002,0.316118,0.18261500000000003,0.7385312567379999,1.560633905198957,1.5397449142826753,18.24269894444445,178.35853958159063,174.29068886880404,489.09096999999997,245.38007,156.19616916666666,546790.3960745205,1.407878249793986,1.4334950755991012,-0.359447603955674,-0.7525027997543745,0.07102929799385603,0.07768210082230441,0.202723,0.061039166666666665,0.7233455475032701,0.19660521792414362,0.21536068373188888,0.523045,0.18430700000000003,0.9443635768395671,177.4770952265811,97.9909597082067,245.944769,154.11265600000002,1.0481563328809793,0.12331085789175257,0.12967239153137675,0.373398,0.09891133333333335,1.2557685706329675,0.19503848619268285,0.21356566124325013,0.544139,0.1773876666666667,0.9368380167476614,192.63856096640717,57.39203158358101,157.769338,185.37730200000001,1.137697951255273,0.09210404581558837,0.10262087105798703,0.27435200000000004,0.0671316,0.9379657877726156,0.23522618971747172,0.26227148736910005,0.5811740000000001,0.2151034,1.129873602712021,123.08451266351263,122.86138693727922,306.63244000000003,106.1760794,0.7269209092199944,0.9984155164985384,0.0011877461013164612,7.004127616412792e-05,holdout,2.6749844169779134e-13,0.7060345943874977,0.08803233179456724,0.007409853409938175,0.007409853409938175,0.47897309724231174,0.183892914904985,0.018664519575268573,0.018664519575268573,1.2923041373029263,1.2923041373029263,0.844055485789922,0.01920402645444966,1.4277777640952323,0.34307439553060753,0.34307439553060753,0.05617768434814855,0.9983711317580782
normal,0,N0391,1,2935.965,2937.565,1.599999999999909,17,0.01339970588235294,0.029639683113953638,0.03172358469749003,0.112374,0.080705,0.025626764705882352,0.017108559043000002,2.5440063211515116,3.1996630476795334,0.0052013529411764695,0.0520454261726489,0.050758680161189,0.186863,0.117328,0.04001864705882353,0.043799541399,2.3114864221727953,2.9628372656981323,2.725798117647058,85.16083212912149,82.66309612774417,219.62204,110.02315,74.59028552941176,116164.18684421944,1.3309826894213437,1.3079912346959952,-0.23077804054098136,-0.47002223992261283,0.028137830477846012,0.017406609131782866,0.039737,0.023221666666666668,0.8838866229245242,0.04258032575419466,0.04661016489422309,0.122581,0.03615,0.9827989486598291,79.51867061993467,48.91224473258738,121.475236,69.758067,0.984114971308233,0.024378908880423666,0.027055370182276196,0.067495,0.0208026,0.7658085600404794,0.05188173659198389,0.0576470283648689,0.15711799999999998,0.041083,1.197485347378417,97.41919354681038,18.643274277336097,46.227218,95.9814666,1.2056500204891034,0.04121307468267807,0.039832959382902995,0.104847,0.0324828,1.2946159950138814,0.03375382647345335,0.03767579968627076,0.098592,0.028134799999999998,0.7790740109142614,61.76108793575995,68.85445437211345,173.50079699999998,52.28231579999999,0.7643489360174065,0.9963033929151713,9.880513710341006e-05,0.002829562776136634,holdout,0.058823529411682896,-1.4120691887659043,0.05105927874828746,-0.01933569405079743,0.01933569405079743,-1.2498597144201105,0.0473999871308763,0.0033586930303126997,0.0033586930303126997,0.2325510111042394,1.2498597144201105,0.5915281230944325,0.33630497976552887,0.7543714887744711,0.2949151705147325,0.33630497976552887,0.049530630528634226,0.9987337892332562
normal,0,N0397,1,2983.68,2985.38,1.7000000000002728,18,-0.00503505555555556,0.0863583137361405,0.08407609783635826,0.372035,0.204063,0.06432127777777778,0.12723822409299998,2.4271226335596423,4.123149802352853,-0.01431038888888889,0.21462862309693673,0.2090718576145266,0.625826,0.341275,0.18920772222222224,0.786798749635,1.6323335139118587,1.5946045858689506,17.234055999999995,169.87384509656434,165.98482587372533,475.56287,237.95751,149.6854218888889,495917.32356595655,1.4336100227681574,1.4259627932776642,-0.42639137491335577,-0.9109556938410881,0.10624486042471262,0.11496590547288357,0.34230099999999997,0.07839233333333333,1.2556265761884946,0.22035066803430997,0.24056317082996445,0.582025,0.20020483333333336,1.0766020936426033,170.55210145766546,88.64869107639286,229.84484,150.13058966666668,1.0583485952961396,0.086755894139822,0.09488312426559319,0.265019,0.06959533333333333,1.0253014205816426,0.19921688173822016,0.21819692015646477,0.528722,0.17937216666666667,0.9733454129348194,182.55936825268287,56.48667550340618,158.136623,175.12558116666665,1.1328588114543792,0.04201803689845588,0.042858728949888375,0.112068,0.0391076,0.49657897424935793,0.1911503735675136,0.21246108523515547,0.549975,0.171009,0.9339335987459211,115.74006955940814,119.0444858328794,292.00999,101.8941298,0.7182165390561457,0.9977865364622709,0.0013159238957074601,1.5157873851475985e-06,holdout,2.6749844169779134e-13,0.7060345943874977,0.08468079647725268,-0.0006046986408944216,0.0006046986408944216,-0.03908773425112073,0.17152009658711498,0.03755176102741162,0.03755176102741162,2.600029212808525,2.600029212808525,0.7807445633695245,0.05876617464239479,1.547439945532499,0.42355708852189683,0.42355708852189683,0.041028597628703097,0.9991311763492232
normal,0,N0419,1,3168.977,3170.577,1.6000000000003638,17,0.015009764705882356,0.10385277016017039,0.10186390792448059,0.308559,0.175689,0.0939624705882353,0.17639634754,1.7247423899174528,1.4514423991456051,0.010745764705882354,0.21528413432848734,0.20913254321011213,0.648714,0.334044,0.18431776470588238,0.743519150702,1.5972836884807131,1.5623165680708486,5.077951352941177,169.84149926362593,164.8486851600383,476.28254,240.35314,148.053271,461976.51298288826,1.4580227908197176,1.4510142603437801,-0.3449191619195134,-0.7193305426283283,0.11623502038900899,0.12283809911329084,0.292153,0.10486916666666667,1.160803310983686,0.21925034010996045,0.23876681721434126,0.607116,0.196016,1.0924162505236674,160.81568034931095,111.26098126097517,284.558811,139.41820066666665,0.9998376439826099,0.08972671620760451,0.09793786123507088,0.195639,0.089361,0.8960730501779964,0.20872651273185205,0.23139045931131214,0.545717,0.1943968,1.0399812119290375,197.90951709184912,43.368720032738224,106.58503999999999,194.070864,1.230460766394403,0.08844073733636552,0.09286039838219519,0.22703099999999998,0.0789942,0.8832303756846005,0.16627921480810523,0.1832928136499083,0.46126100000000003,0.1341304,0.8284872729939162,112.16981769510858,123.80736944615977,306.4715,98.16542860000001,0.6973922319429889,0.9989485463650555,6.981841663540828e-05,0.0005655734906697994,holdout,0.058823529411415394,-1.4120691887562722,0.08422234733962336,0.017641560584857233,0.017641560584857233,1.1403508876685684,0.16982764600825112,0.039304897201861005,0.039304897201861005,2.7214138068432083,2.7214138068432083,0.9524444490265002,0.1400175766300651,1.558557193707073,0.4307156885797475,0.4307156885797475,0.06314392297319484,0.9979421135440265
normal,0,N0433,1,3283.017,3284.617,1.6000000000003638,17,0.015123294117647058,0.03936455544929459,0.04107470241630772,0.12775799999999998,0.070006,0.036460705882352944,0.028681230036,1.7043580569485952,2.0763523250282647,-0.0030100000000000014,0.056292877958716944,0.0546950000091416,0.169708,0.091412,0.04852388235294118,0.050856231441999994,1.6713045065311565,1.8027172142616272,2.839993117647058,84.32353378315425,81.85512601372977,218.14706999999999,109.42818,74.02362735294118,113904.44813030088,1.3368518910061336,1.3158125491803976,-0.14221927444427634,-0.28637987872173754,0.04601694405868342,0.050331306403668875,0.12775799999999998,0.04056316666666667,1.090219573989207,0.056460776901609604,0.06098074024476909,0.136114,0.05290999999999999,1.0275248082414827,77.44298082447791,50.54157579684775,125.949993,67.7061955,0.9679865264843487,0.03465977191500256,0.029099418693506577,0.068971,0.030130800000000003,0.8211488734138744,0.06268898068560375,0.06910348171980916,0.156016,0.0554138,1.140871351630173,97.28611778427869,16.15086881967911,39.617070999999996,96.207631,1.216012739005853,0.04425737264230673,0.0313406590789026,0.076907,0.042508000000000004,1.0485323381414848,0.04366383861732727,0.04881130278224501,0.117631,0.035981599999999996,0.7946344323341609,61.81148591701675,68.23626018688489,172.206303,52.7835194,0.7726030805200821,0.9968233758997609,5.762210510100255e-05,0.0023390608017331608,holdout,0.058823529411415394,-1.4120691887562722,0.05073325117306037,-0.00965854875675265,0.00965854875675265,-0.6243288169079055,0.04619639547123876,0.00849860453790284,0.00849860453790284,0.5884309939692197,0.6243288169079055,0.773451975981642,0.0681506259951094,0.8208964131411388,0.21040317795065683,0.21040317795065683,0.0571344642083132,0.9983151757417421
normal,0,N0434,1,3288.625,3290.325,1.699999999999818,18,-0.011365222222222223,0.06062979769790502,0.060007665826033334,0.216427,0.109548,0.050041555555555554,0.064816559242,1.825566758713591,2.393968872046953,0.007174222222222224,0.10672303463614456,0.1039639773174664,0.322058,0.199389,0.091773,0.19455315443400004,1.9178662181338246,1.91552344048393,12.363846111111108,118.39252836220943,115.7192501885989,334.32165,167.34256,104.46457,241037.00755580788,1.446108229419613,1.4618511009314943,-0.2680726413938332,-0.5495721493580422,0.06874623071727884,0.0752548826679483,0.214713,0.05494416666666666,1.1352431731685177,0.11807354515795088,0.12870460252803703,0.28709,0.1039365,1.1228109515028064,122.74331338409799,57.36696584295606,148.00097,111.01102200000001,1.0928709338189786,0.054707200045636895,0.05549523856962865,0.132981,0.051144833333333334,0.9034091720662708,0.11097855688450209,0.11702268973907012,0.30227000000000004,0.09809050000000001,1.0553417269313288,125.62562710369204,45.092659354680286,124.03823000000001,118.69010733333333,1.1185342208807738,0.05661584716313976,0.062443890648325236,0.160944,0.042890399999999995,0.9349276798815407,0.07803464294657855,0.074561918257915,0.20074799999999998,0.07175100000000001,0.7420642073533062,76.62141595766438,82.35060978993273,204.14140099999997,67.8142388,0.6822149093054681,0.997633862275199,0.0009723468013977709,0.0007489060349467243,holdout,0.0,0.7060345943778656,0.06439791289806684,-0.004390247072033511,0.004390247072033511,-0.2837856731322889,0.09664204526797916,0.007321932049487237,0.007321932049487237,0.5069599055279768,0.5069599055279768,0.7992928573693701,0.03528679895315506,1.1037326444219753,0.08565291972831499,0.08565291972831499,0.06695874376048176,0.9976859492304587
normal,0,N0434,2,3290.325,3292.025,1.7000000000002728,18,0.0008104444444444439,0.06341485241619127,0.06163348764267685,0.22203499999999998,0.123443,0.04969955555555556,0.068376362382,2.0028559914646857,2.5364480196237245,0.006587,0.11183015853411238,0.10887881344871463,0.335398,0.199241,0.0975501111111111,0.21338272832400001,1.82993360865242,1.6802550226282207,13.711732500000002,119.92939099956112,117.35421428324105,336.07665999999995,171.16346,104.97903816666667,247896.20898066342,1.458519926577901,1.4613288899951216,-0.27707869463586715,-0.5690301070987664,0.06498011449538492,0.07117464509992305,0.193845,0.05473583333333334,1.108666511526837,0.10214352335235619,0.11178865930749267,0.283162,0.08990083333333333,0.9462118011356601,116.68521837831062,65.44218054403272,165.428899,101.01397133333334,1.0290013427701081,0.058841905053569885,0.06418512821414839,0.189838,0.044575,1.003938668220844,0.1279610893507606,0.1400831230540163,0.335398,0.12046583333333333,1.1853741564425029,128.59903426273334,37.95776524604201,102.78357599999998,123.84285066666666,1.1340646293883005,0.049579509348116786,0.048073994156924385,0.128235,0.039768399999999995,0.8459071224950331,0.086325253065369,0.09560406555581201,0.22797299999999998,0.0740192,0.799678437806603,86.81056172342352,84.0172926803108,209.840923,73.86365900000001,0.7655484201127777,0.997320449053748,0.0013917771090756989,0.0008820238001130698,holdout,2.6749844169779134e-13,0.7060345943874977,0.0650576444526303,-0.003424156809953456,0.003424156809953456,-0.22133757605880275,0.0990775674661221,0.009801245982592521,0.009801245982592521,0.6786239893798993,0.6786239893798993,0.8095112017321819,0.02258359657502062,1.1398069531653885,0.11781407984715547,0.11781407984715547,0.0871130719217345,0.9960832581679232
normal,0,N0435,1,3296.474,3298.074,1.599999999999909,17,-0.0038111176470588277,0.10463217625083258,0.10157963998552187,0.40404,0.217948,0.06957017647058823,0.175413195413,2.145587442828741,4.220346423477217,0.00457447058823529,0.20146161841840918,0.19550000412396568,0.6141099999999999,0.325742,0.17115823529411764,0.649744277412,1.6661994533434814,1.734321282791718,5.490486058823528,181.66376040459423,176.32523791548013,503.3719,255.98601,158.39397688235294,528540.0219411614,1.451783153825685,1.4412887201128535,-0.31614540410420605,-0.6547172792955807,0.11274261136322858,0.12302938952082411,0.383729,0.07508466666666665,1.09603046465516,0.1862162451479462,0.20377109006202687,0.498465,0.16870566666666667,0.928204850375151,172.55861386650997,119.18679216524707,303.976815,149.93186583333335,1.0041700110330904,0.0994227731276894,0.10167807469803901,0.256538,0.058046799999999996,0.9665412829349017,0.1979980190527168,0.2205079537631239,0.569889,0.16845639999999998,0.9869317336056823,211.16254573410822,45.79040026294321,112.88560999999999,207.15263,1.2288177977810475,0.09338931954458177,0.08865398172107106,0.244629,0.0727498,0.9078868943748934,0.21904230965044175,0.24487432824450994,0.553506,0.1958406,1.0918281275265964,119.05291372644187,131.61881269696772,328.27643,104.1125184,0.6928043927304908,0.9991685942513872,0.00011618409877398663,0.0005566912253866142,holdout,0.058823529411682896,-1.4120691887659043,0.088853301631029,0.01272633835449287,0.01272633835449287,0.8226308080575023,0.18692367832213191,0.008576325801833762,0.008576325801833762,0.5938123010277432,0.8226308080575023,0.8879673550959442,0.06992077259913401,1.36213108842921,0.29600562121577917,0.29600562121577917,0.05874973394407924,0.9982185645220628
normal,0,N0439,1,3328.539,3330.239,1.699999999999818,18,-0.01883538888888889,0.05912447461787605,0.06046709537839568,0.167938,0.114148,0.04996238888888889,0.06581285322300001,1.8877705185882634,1.5994931072451446,-0.009204500000000001,0.0504134454360669,0.049850205581321326,0.168437,0.092889,0.042883611111111115,0.044730773937,1.8633624258272896,2.329491127214606,8.892358499999999,88.15412058988214,86.13067118017335,226.20621,114.45035,77.95963272222222,133532.8653230486,1.3287990030936347,1.3282087667850202,0.09623957171373268,0.19307671863714992,0.06300706345984816,0.056551446024836534,0.14041700000000001,0.057245833333333336,1.0356693075691306,0.04619975316312126,0.045529778343409495,0.136251,0.038136333333333335,0.9055771799774186,93.09529720980305,32.84968072018063,82.387096,88.13332566666666,1.1060574342966683,0.04623376677638686,0.04880135122309627,0.13927099999999998,0.032639999999999995,0.7599607185966868,0.04654199708327953,0.049516627634563326,0.132174,0.0422045,0.9122856202365484,90.88961724306043,39.905474208737104,99.107753,83.26994333333333,1.07985193522192,0.07249107766615144,0.0777788897175834,0.16525800000000002,0.061243599999999995,1.1915613915142467,0.06073365743638366,0.06718945142059132,0.16712,0.05356999999999999,1.1904612138676447,61.42970193138911,68.58214149378476,173.362395,52.080684999999995,0.7298411471281779,0.9934383412609068,0.0019546472400488956,0.0035230831196591595,holdout,0.0,0.7060345943778656,0.052458495212674275,0.008008600165721406,0.008008600165721406,0.5176761015010255,0.05256545592715979,-0.0027152503458384644,0.0027152503458384644,-0.1879999772611237,0.5176761015010255,1.082096730180962,0.26764164740026575,0.711042786527363,0.354067501923197,0.354067501923197,0.18690144674324322,0.9819705028156117
normal,0,N0439,2,3330.239,3331.939,1.699999999999818,18,0.020251888888888892,0.06021279988887343,0.06192171745303366,0.23439900000000002,0.165948,0.0500898888888889,0.069017383662,2.6799644264690836,3.5441546323733064,-0.0005898888888888894,0.04487030580906145,0.04361008884166344,0.18873600000000001,0.104287,0.03412211111111111,0.034233117278,2.3913503221384893,3.574451913622851,9.26876188888889,88.61273224739608,86.6134632924032,227.39091000000002,114.45035,78.75594433333335,135034.0564230806,1.3213921444708971,1.3358783839762083,0.17351762709397356,0.35058244649645065,0.08357506435335044,0.08679234829100241,0.230539,0.06923800000000001,1.3389613152757043,0.0486600031785175,0.053290658448424774,0.141586,0.04341166666666666,1.112629935890832,89.56630221791302,40.05062233963857,102.230204,81.76437,1.0575513046976668,0.05561028754795884,0.05497726680516836,0.160785,0.04677016666666666,0.890935883019635,0.052534673757751026,0.05418643829748055,0.147104,0.03906716666666666,1.2012257886768414,93.49389275531607,33.01358324332438,85.91700300000001,88.5034505,1.1039262068013969,0.03396465234328183,0.0379265094992935,0.094584,0.030558000000000002,0.5441498122235012,0.018705442480732713,0.015905872003760122,0.044402,0.0155764,0.4277072319908007,65.3568127667226,70.06086293232065,177.425049,56.311494999999994,0.7716985171964056,0.9936145937582836,0.0019088203602917642,0.0034408857144570698,holdout,0.0,0.7060345943778656,0.05265330878183836,0.0092684086711953,0.0092684086711953,0.5991101526780344,0.05328464658723449,-0.00967455774557105,0.00967455774557105,-0.6698522804596586,0.6698522804596586,1.1019512907867461,0.28582358055983514,0.6185690404606239,0.4933912966259604,0.4933912966259604,0.06806928710445989,0.9976085533693348
normal,0,N0443,1,3364.033,3365.733,1.7000000000002728,18,-0.028848666666666672,0.04209803969587294,0.05006028827435086,0.158514,0.109611,0.04115933333333334,0.045108584317999995,2.1895798801494486,2.5296189968672835,-0.007680944444444444,0.0637983487657167,0.062474813825252815,0.210013,0.112874,0.05253605555555555,0.070255842525,1.8067120666532572,2.379027673161986,8.459966222222222,86.33669575528859,84.32961259567591,220.78933999999998,110.74056,76.60650788888887,128006.70408966205,1.3131871070124936,1.2932996798773153,-0.1103169172922033,-0.22153545216088347,0.03624461573806515,0.03381448473460252,0.084196,0.03109333333333333,0.7335798168317079,0.06555620086104239,0.06541413458471086,0.180006,0.055112666666666664,1.1270586933319513,81.9904996660298,45.41903450451771,114.02918700000001,71.83069933333334,0.9927439606454606,0.060953346509167707,0.04453558727878938,0.129722,0.052118,1.2336768884685614,0.057124162654694555,0.06253263679285136,0.17028700000000002,0.04905533333333334,0.9820929717350643,93.70936134691905,21.573289259510762,58.20131599999999,91.61662183333334,1.134636365335396,0.04759294625256982,0.05066357678056298,0.133685,0.0363046,0.9632665178948112,0.049296227172066616,0.05021099011471493,0.11055899999999999,0.0415534,0.8475131361030642,67.72722545214792,65.77058544517769,157.770767,57.693511,0.8200437161959437,0.9935465434191588,0.0017976092151411724,0.0037150528069227373,holdout,2.6749844169779134e-13,0.7060345943874977,0.05173174213980607,-0.0016714538654552039,0.0016714538654552039,-0.10804281684722296,0.049882511282030154,0.012592302543222661,0.012592302543222661,0.8718726784877683,0.8718726784877683,0.914993586634429,0.09990284867027853,0.9101468662979572,0.10719412984813541,0.10719412984813541,0.11792791920293383,0.9928221965793305
normal,0,N0455,1,3458.028,3459.728,1.7000000000002728,18,-0.07019199999999999,0.09012702018621861,0.11224315361501762,0.34602499999999997,0.260385,0.08921555555555555,0.226773459602,2.3198296877250395,3.4010120404671214,-0.040222722222222215,0.20019219548953024,0.1986662709989069,0.638315,0.323594,0.1749253888888889,0.710429170187,1.628832103068872,2.0311991928923026,18.595989333333332,191.72926261328158,187.25301765334248,529.4888699999999,267.39088,168.3492212222222,631146.4671650939,1.4279656656589375,1.428496063311065,-0.27796879265055496,-0.5709588543067122,0.1167667589848812,0.10362054767548118,0.307356,0.09698416666666666,1.0189800331314347,0.19482082871876577,0.20828578503200837,0.537713,0.17055233333333333,0.9643137077214907,196.89134044890156,102.37792828574031,258.488091,173.29695066666667,1.0781210341537122,0.1296765694050651,0.11876302396397065,0.34602499999999997,0.09969533333333334,1.1316391423166337,0.2121206911037519,0.22673979127331545,0.638315,0.18471300000000002,1.049943640358825,206.0182914144316,64.97515976270329,177.353526,197.29519399999995,1.1280976242424021,0.09003204931467461,0.058512883587292126,0.147899,0.0732582,0.785676175232684,0.1980786589721366,0.22102117282921108,0.527802,0.17768260000000002,0.9804391414926934,126.27015931510347,131.87049954340364,328.74289999999996,110.68409879999999,0.6914195130835823,0.9989459432396791,0.0007893671000760558,8.997334748443299e-05,holdout,2.6749844169779134e-13,0.7060345943874977,0.09326281810788165,0.018980335507135973,0.018980335507135973,1.226889329869618,0.20320223160363726,-0.004535960604730355,0.004535960604730355,-0.3140633024331041,1.226889329869618,0.9239231394551767,0.10961467833602981,1.303412637747008,0.25194110196303005,0.25194110196303005,0.0333272150263222,0.9994267338005618
normal,0,N0455,2,3459.728,3461.428,1.699999999999818,18,0.048251055555555554,0.11190094380481559,0.11897196666418709,0.361693,0.23145,0.0966846111111111,0.254777919335,1.9454162731737963,1.8780552884037442,0.005881555555555553,0.19636658379051045,0.19092463135226947,0.5825480000000001,0.343735,0.16679177777777776,0.656139867426,1.8003701123601206,1.8035647130824393,18.896542111111113,184.71343697302268,180.50105294248164,503.64,253.31262,161.9685282222222,586451.342040202,1.4033858300024458,1.4313644190986803,-0.23218281565010684,-0.4729908588093701,0.05376207214043496,0.05869095776494593,0.158446,0.044051833333333325,0.4399258679203817,0.1935619758824031,0.21123691289205745,0.523624,0.17959916666666667,0.991966416729662,182.89775968191293,108.09897321309825,268.156324,158.94065166666667,1.041746587253113,0.12535000419625042,0.12717404417726128,0.328484,0.11029566666666667,1.025717707565518,0.19632807938371932,0.2137792329603135,0.483445,0.1672515,1.0061421439921852,199.5989434351992,54.40185958751953,147.1807,193.32210499999997,1.1368729639147606,0.168683104110637,0.12245865155920997,0.30293899999999996,0.1568808,1.380305074282349,0.19556000871241544,0.21523187073363464,0.540155,0.16540880000000002,1.002205935405064,129.81862335102517,125.47748698587446,312.729752,110.3958016,0.7394191600434442,0.9990539991241517,0.0007057024349824151,0.00013452015128974194,holdout,0.0,0.7060345943778656,0.09053830312333158,0.02843366354085551,0.02843366354085551,1.8379526744541914,0.1931441759018216,-0.002219544549552116,0.002219544549552116,-0.1536780302727468,1.8379526744541914,1.0159438603883393,0.20455916365041,1.2994777080110806,0.24891759177945993,0.24891759177945993,0.0940753018001687,0.9954321742406186
normal,0,N0460,1,3499.068,3500.768,1.699999999999818,18,-0.01828627777777778,0.10127168250323458,0.10010277932066733,0.325271,0.181599,0.09205105555555557,0.18037019569900004,1.8141254541821386,1.46893582755541,-0.017214055555555552,0.20463588344795774,0.19961395913431954,0.5777,0.301823,0.1762703888888889,0.7172231882630001,1.512033533671382,1.6612874901678807,19.774135166666667,185.02959905236528,180.9004466123344,507.93021999999996,255.26527,162.0152983888889,589049.4885217568,1.411081480340553,1.4389069541584805,-0.33201742527391526,-0.6901878455927363,0.11538937877031838,0.09419862090710246,0.245355,0.10107366666666666,1.1495852834481162,0.20852239210334222,0.2216318006292569,0.494026,0.20036916666666663,1.0291253929322313,182.8001882137905,104.16676166196372,258.366376,158.54811533333336,1.0413132758303325,0.09892221473713576,0.10829339186749423,0.257038,0.0941355,0.9855285077343505,0.18668085471065318,0.20356074914359104,0.567187,0.15692116666666667,0.9213303473989183,199.3457205201233,57.83131329530126,157.823578,192.22816033333334,1.1355641768530058,0.08083908249108225,0.07114787161047054,0.17452299999999998,0.0780608,0.8053723882522642,0.21351882594422442,0.2326617729286442,0.555118,0.17805180000000004,1.053784408627819,130.35442443544275,127.30248523385318,317.52221,111.2704894,0.7425582766309656,0.9985108219245918,0.0010509918460466592,0.0001324174165002627,holdout,0.0,0.7060345943778656,0.09069946422011546,0.009403315100551868,0.009403315100551868,0.6078305074181366,0.19373913217756605,0.005874826956753482,0.005874826956753482,0.40676445764032015,0.6078305074181366,0.8529259064036018,0.029658473917136916,1.355619733574393,0.2912138888311459,0.2912138888311459,0.0762641230451008,0.9969980818251128
normal,0,N0466,1,3546.849,3548.549,1.699999999999818,18,0.008581833333333332,0.03778289918382778,0.037707918813927904,0.12404599999999999,0.075137,0.032370166666666665,0.025593968543,1.992605329686007,2.024542829836611,0.00022372222222222162,0.047111986611134464,0.04578516786216543,0.148206,0.083786,0.038448055555555555,0.03773306873099999,1.829981278046958,1.9698081898174034,9.39570583333333,90.0178872512955,87.98477381345775,231.47514999999999,117.46909,80.23827227777777,139343.7676140958,1.335107029416861,1.327041355439572,-0.09674153118180923,-0.19409007235008915,0.0406852075862141,0.04243323347094821,0.098909,0.038728000000000005,1.1012842418902755,0.04688663729855946,0.048386889428508086,0.133026,0.03805416666666667,1.0549040183084077,92.36988999256712,37.876418379330055,96.483598,85.6544065,1.0748690458363028,0.041369610984392874,0.044795629478778395,0.120481,0.03357933333333333,1.1198099597673015,0.045294466459307514,0.04893545906770127,0.139009,0.0354135,1.0190817134272696,94.1335280663788,35.36703951537916,90.28781900000001,88.42378000000001,1.095391750515837,0.024500992983958834,0.0183028319038339,0.048659999999999995,0.019982,0.6632031415034715,0.04020810773214775,0.044887288726319835,0.107878,0.03736779999999999,0.9046435585714995,65.0920492961953,71.15602532505496,179.487607,56.470138399999996,0.7574484382752977,0.9935753461045592,0.0019427545570018846,0.003691915992463222,holdout,0.0,0.7060345943778656,0.05320665232302638,-0.015498733509098472,0.015498733509098472,-1.0018384955132407,0.0553274175725547,-0.009542249710389271,0.009542249710389271,-0.6606914649040098,1.0018384955132407,0.6605867379976724,0.22588577037467844,0.6392988181890378,0.46042812870313343,0.46042812870313343,0.10364131007142599,0.9944559890821509
normal,0,N0466,2,3548.549,3550.149,1.599999999999909,17,-0.009015235294117645,0.06592139686354634,0.06458544498979171,0.236897,0.144708,0.051208411764705884,0.070911754977,2.240566741049355,3.1353474580173497,0.007754764705882355,0.04975569142260186,0.04888905786935294,0.188793,0.128974,0.03680829411764706,0.040632379648999996,2.638095427092488,3.6628065642379743,3.0592116470588215,89.31073217116906,86.6981271544548,235.01054,117.54145,78.10493364705881,127781.60928553023,1.355755353176166,1.3439908507170897,0.13832523364111401,0.27843546965328575,0.034576890338779746,0.03725024647301008,0.105324,0.028638499999999997,0.6187075048495386,0.03726163018888644,0.03730377930808977,0.08238000000000001,0.026636333333333335,0.7694417883019107,88.22416395072723,45.59591126638947,116.91905799999999,77.78826283333332,1.0445295591597241,0.04842164103993172,0.05398772919099302,0.129836,0.0404694,0.8664409209446986,0.06801325257036307,0.07196992939068371,0.188793,0.0557604,1.4044538153775723,99.08569246228113,31.254950414075797,75.88662,95.06038559999999,1.173124573041753,0.07883489713952826,0.08751115790286403,0.208003,0.0703314,1.4106457239609855,0.03482225082041653,0.0388248392372718,0.105074,0.026271,0.7190693162949805,60.5858863070868,66.56114841466568,164.820571,53.79455740000001,0.7173063056849845,0.9962820725453208,5.435596640955948e-05,0.003002985641293093,holdout,0.058823529411682896,-1.4120691887659043,0.05268747186927844,0.011897973120513272,0.011897973120513272,0.7690852600126631,0.0534107660023843,-0.004521708133031356,0.004521708133031356,-0.3130764820614823,0.7690852600126631,1.1482322729339314,0.3269646773153552,0.6927691902055901,0.38010322302560173,0.38010322302560173,0.16186409953767952,0.986477426209461
normal,0,N0479,1,3651.841,3653.541,1.7000000000002728,18,-0.0015535000000000006,0.04472039319285475,0.043488166439593405,0.14472000000000002,0.084263,0.03675461111111111,0.034041971165000004,1.9376075585307622,2.096252354267655,-0.0008668888888888882,0.05052754357527817,0.049111597493192306,0.163169,0.085007,0.040681888888888885,0.04341508214999999,1.7308946224317667,1.9527310748950246,8.938273944444445,89.54555483010438,87.48046701567083,230.05262,115.31927,80.31410316666667,137750.9779670377,1.3182287879115033,1.271388105933057,-0.06072835193856418,-0.12160634318258713,0.05042230319180855,0.05522307390001635,0.14472000000000002,0.04531083333333333,1.1360157922209184,0.04432666073030992,0.048249901357066693,0.138408,0.036251166666666675,0.8771654620382218,87.22768217077315,42.974994697879794,108.881721,77.90780916666667,1.0194761693430492,0.043574899481620535,0.047659620075769245,0.127815,0.03670283333333334,0.9817436099111383,0.055048602667703256,0.06009300877806003,0.140928,0.048766000000000004,1.0893383845753275,96.10278093979657,24.273154004596815,66.491967,93.51340099999999,1.1232041542030762,0.03699653630274056,0.04135445328135774,0.110876,0.029204799999999996,0.8335329177151833,0.05184862953444382,0.05572408765246857,0.130142,0.0441198,1.0260151866240304,68.39000758329708,69.8399220360278,168.452765,60.3614652,0.7993102787697723,0.9933513552620795,0.001974709545432629,0.0043728179088814295,holdout,2.6749844169779134e-13,0.7060345943874977,0.05300315726844311,-0.009514990828849705,0.009514990828849705,-0.6150492290999822,0.0545761775883193,-0.005464580095126993,0.005464580095126993,-0.378359562756346,0.6150492290999822,0.7662399888862157,0.07751878534777899,0.6896989755133122,0.3845448728456871,0.3845448728456871,0.0684790892697344,0.9975796719136946
normal,0,N0482,1,3674.599,3676.299,1.699999999999818,18,-0.004046388888888888,0.024033775912340016,0.02370454629742292,0.08344599999999999,0.042308,0.020196833333333337,0.010114299273000001,1.7848053056640694,2.094367940635397,-0.004504222222222223,0.02482447460863515,0.02454192726969728,0.090553,0.062092,0.01882077777777778,0.010841511493999999,2.5300376501672313,3.854323916751619,9.2108135,90.40557495929643,88.33992404948201,231.32911000000001,116.26591,81.48451238888889,140470.95925922852,1.316119650893924,1.265088566690366,-0.01735631457275411,-0.03471611540489168,0.024151624407066287,0.025530273823443413,0.07182,0.020048166666666666,1.030853534863395,0.02771813433777004,0.029955901887608057,0.086557,0.0181615,1.2831131433204257,91.09295935548668,38.021531350826386,97.533956,84.22131483333334,1.0536164865525475,0.022022525506096405,0.023697841721698344,0.064725,0.018793333333333332,0.9399781100411864,0.015245987319072955,0.016635765947700356,0.035819000000000004,0.013717,0.7057591421419189,95.3649929303992,30.27225269720022,81.338292,91.27325716666667,1.1030284832368196,0.024172973859250334,0.02672824182957046,0.068415,0.0205028,1.0317647844704767,0.019640589858759334,0.02188461403132347,0.049023,0.0187148,0.9091917472959122,67.40710330417555,72.47866494066082,176.39292999999998,59.600884199999996,0.7796566919609285,0.9923385883504153,0.0022026679354179095,0.0050957024480070045,holdout,0.0,0.7060345943778656,0.05334996055718497,-0.029645414259762047,0.029645414259762047,-1.9162802691866112,0.055856466672989005,-0.03131453940329172,0.03131453940329172,-2.1681730764841927,2.1681730764841927,0.4135989570021857,0.6941174060004835,0.3413015463251429,1.0880337212769136,1.0880337212769136,0.0764768654286309,0.99698131047959
normal,0,N0487,1,3712.841,3714.541,1.7000000000002728,18,0.0037546111111111113,0.04073719429123982,0.03976707939224213,0.15378,0.089506,0.03271372222222223,0.028465570861000003,2.2507561874775512,2.8381361043458364,0.0007662777777777762,0.051082516526527996,0.04964919641231758,0.191052,0.11116,0.037788611111111106,0.044370768679,2.2389083415743274,3.758683001017465,8.84554211111111,90.2254643808544,88.12843224550305,230.72293000000002,116.54891,80.73989144444447,139799.17026090398,1.3224893150864734,1.2640029590154371,-0.11051810121867099,-0.22194278624260683,0.025650752204695024,0.028041102757678175,0.074386,0.021379,0.6473803620061146,0.0528415720101134,0.05561355330762457,0.15898,0.0408605,1.0643677859544234,93.96795016578623,33.09536681131046,85.81794400000001,88.97877783333333,1.0876008974220863,0.04855713866672953,0.05228288602496997,0.15378,0.03977883333333333,1.2254977069364354,0.0456206086653828,0.04674127034930337,0.12345500000000001,0.037151333333333335,0.9189186542325667,93.585826840576,36.85463523282208,95.739136,87.32937766666664,1.0831781376333356,0.04145919255123042,0.046171436199234694,0.10566500000000001,0.0359498,1.0463578950087897,0.05031789156552568,0.05387646420005678,0.131937,0.032484,1.0135342459009933,65.37973918943977,72.65812760460595,178.57363,56.3808986,0.756716123850776,0.9923369946288277,0.0022421585953990154,0.00491584331882278,holdout,2.6749844169779134e-13,0.7060345943874977,0.05326462056894076,-0.01349754117669863,0.01349754117669863,-0.8724813764720534,0.055541418174368126,-0.005892221762050544,0.005892221762050544,-0.4079688486112418,0.8724813764720534,0.6955245453730928,0.1743479050029937,0.6921222199408045,0.3810375494386474,0.3810375494386474,0.1592680079296478,0.9869077169806949
normal,0,N0499,1,3817.283,3818.983,1.7000000000002728,18,-0.004581388888888889,0.044115439035676135,0.04311659101719945,0.138941,0.074578,0.03647483333333333,0.033462727577,1.7296821998346394,2.058194138035065,0.0010029444444444458,0.03983491221717042,0.03872556583691049,0.118028,0.066022,0.03355583333333333,0.026994050089,1.7048685686878322,1.7911639241637067,9.103610388888889,90.51839647300876,88.43787043857715,231.75159000000002,116.29881,81.28675205555555,140782.62469879005,1.3150340394138407,1.2663272479709164,0.05365236387968926,0.10740786756425787,0.047500274218506715,0.051659818235904265,0.13222,0.0408415,1.0994537671520845,0.038141112278397615,0.040600444710618626,0.09976099999999999,0.03364916666666667,0.9576241674566672,88.43970412120629,42.95310323831376,108.73115999999999,79.27235983333334,1.0221874401073499,0.04383142256988701,0.04753825075206983,0.131221,0.035700833333333334,1.0145335675835212,0.03740464886214012,0.04080989541479697,0.096605,0.03524516666666667,0.939133485782045,96.92745166226283,24.740091531138,67.60216500000001,94.25959250000001,1.1202889547774975,0.036514200864869,0.0402607504550027,0.10229300000000001,0.0311364,0.8451672407353568,0.04437269768449964,0.0493877278916534,0.118028,0.037103,1.114083075704958,69.22158418680274,71.02369683758484,171.36122799999998,61.1342026,0.800064118748187,0.9929328212468697,0.0019451431614973965,0.004833153623156157,holdout,2.6749844169779134e-13,0.7060345943874977,0.05338948333554651,-0.010272892318347056,0.010272892318347056,-0.664039999058026,0.056002372387769464,-0.017276806550858975,0.017276806550858975,-1.1962209096794365,1.1962209096794365,0.7514687915428915,0.09698452732673661,0.5379551983736751,0.633024825576369,0.633024825576369,0.06689212447825049,0.9976905515782102
normal,0,N0499,2,3818.983,3820.583,1.599999999999909,17,-0.0034516470588235306,0.05043622485617502,0.049051917387720585,0.154496,0.085072,0.04334423529411764,0.040903540190000004,1.734325680432963,1.7535521324226515,0.0009254705882352952,0.054426923128766944,0.05280998112489499,0.221956,0.11181,0.0413565294117647,0.047411199809,2.117213405844071,3.1989950786528296,2.937724705882356,89.14528601875014,86.53351141387014,230.24466999999999,116.29881,78.89663035294117,127296.8261594447,1.3439742372613217,1.2661565838040476,-0.03689371386173482,-0.07382093358120416,0.05430574144293278,0.059160476191457416,0.128621,0.05035399999999999,1.0834087296768211,0.036880417276652394,0.040006106107693104,0.109741,0.028896166666666667,0.6928090652307658,84.43236300288726,49.47223588135741,126.690285,74.80272616666667,0.9973975725574374,0.041253961618249464,0.046070627066494334,0.117132,0.0364868,0.8230235139673335,0.060838078288190524,0.06515601991374242,0.15809399999999998,0.0493442,1.142860500549718,100.96777769802459,19.617985610471422,47.994147,99.43138259999999,1.1927300480632643,0.052907357887159695,0.059126379985586806,0.154496,0.0451542,1.05551074114916,0.061111312929767764,0.06806302114070459,0.17622500000000002,0.0474912,1.147993290539587,64.67113113307322,72.28928289520705,178.149721,56.56865319999999,0.7639585925655688,0.9959028505965111,6.315850396108759e-05,0.003886132352310478,holdout,0.058823529411682896,-1.4120691887659043,0.05262104704759739,-0.0035691296598768033,0.0035691296598768033,-0.23070862445912596,0.05316554637238048,-0.00035556524748549256,0.00035556524748549256,-0.02461881960334707,0.23070862445912596,0.8737284354898903,0.053755405393384574,0.7497531478594521,0.301056091707044,0.301056091707044,0.0653831923545083,0.9977935680813054
normal,0,N0515,1,3954.111,3955.811,1.7000000000002728,18,-0.004520722222222221,0.04568106618695676,0.044623599551632365,0.169981,0.087804,0.035977833333333334,0.035842781464999994,1.9676583888846784,2.7804371284473217,0.0006593333333333325,0.028073992811015344,0.027290982635702628,0.10136200000000001,0.054456,0.021725777777777778,0.013406359198,1.9953843629199166,2.7628463714220826,8.922624111111112,90.75728657601537,88.65040079855625,233.4359,117.64623,81.44601488888888,141460.08411140394,1.3270806329159426,1.2673715079064927,0.24101672273556224,0.49170651575342744,0.03217797697442564,0.03517775286977078,0.09743299999999999,0.026678833333333332,0.703345740065758,0.029552982827457535,0.03236679618992278,0.091701,0.023429666666666665,1.054054277595123,93.43989162222965,35.00108946426814,90.785036,87.80726883333331,1.0761487843261663,0.051474540685987016,0.056209036098300066,0.165655,0.04030416666666666,1.1251297414410166,0.020216000643054996,0.021688164188484616,0.057935,0.017576666666666668,0.7210359129596896,94.77416998864209,34.83293790729662,92.073098,89.28063616666667,1.0915156904413041,0.0519067602726273,0.0568127977422341,0.14670699999999998,0.04591,1.1345771907097522,0.033678697082874215,0.03749333182980675,0.10136200000000001,0.0276984,1.2012044581520833,66.16027577080078,72.9719618510184,178.59281800000002,57.6391756,0.7619689953117719,0.9924049669905836,0.0020855810346644623,0.005048548458532549,holdout,2.6749844169779134e-13,0.7060345943874977,0.05347524239609128,-0.008851642844458912,0.008851642844458912,-0.5721703999173473,0.056318967970023934,-0.029027985334321306,0.029027985334321306,-2.0098554047337376,2.0098554047337376,0.7758695454972802,0.0650298128594578,0.3782030983549597,0.9853687593090353,0.9853687593090353,0.12770775398120066,0.9915823120377087
normal,0,N0515,2,3955.811,3957.511,1.699999999999818,18,0.0006348888888888885,0.044237709923560076,0.042996014129218996,0.154041,0.082461,0.034498333333333325,0.033275830157999994,1.9178754512493663,2.564806098733368,-0.001675000000000001,0.04949162099611943,0.04812636755921274,0.18114200000000003,0.113766,0.038561333333333336,0.04169065058,2.363901656613226,3.2135254240296813,9.126942666666666,90.94934194219313,88.85685338388576,233.37331,117.04518,81.8392131111111,142119.72707913668,1.3172330050258814,1.2685155166772184,-0.05630179254400194,-0.11272279228870877,0.03926095337821875,0.04127729800467403,0.119845,0.0312675,0.9647830024343128,0.03392275659985983,0.035849529776553556,0.102156,0.024492666666666663,0.6947332019126408,89.81293205573719,41.33225875267618,105.142964,81.50296366666666,1.0333483349814663,0.042594581952012,0.04477434400040571,0.117835,0.03536533333333334,1.0467022608242371,0.06478751450446812,0.06995290290378711,0.18114200000000003,0.054473,1.3268390280475255,96.86865792841071,26.938848287027348,73.545818,93.69517383333334,1.1145284324989162,0.04004449656819274,0.04013025803181435,0.103247,0.0299186,0.9840374801358007,0.041091780260777214,0.0426638161467068,0.115338,0.0372534,0.841553780832138,68.87779758108525,72.1489046150416,174.49440399999997,60.9743662,0.7924778294002741,0.9928147261739413,0.0019184610428020438,0.00494388396752742,holdout,0.0,0.7060345943778656,0.05355854898704911,-0.010562534857830111,0.010562534857830111,-0.682762499565696,0.056626509802949684,-0.008500142243736943,0.008500142243736943,-0.5885374624804194,0.682762499565696,0.7458338259696298,0.10451138543910816,0.6653938254208853,0.42042102383103075,0.42042102383103075,0.056294949355212745,0.9983643244784987
normal,0,N0524,1,4028.4,4030.1,1.699999999999818,18,-0.0016321666666666678,0.038054328156481444,0.037018158891579445,0.15999,0.081729,0.028331722222222227,0.024666193579,2.207808341829528,3.433858160579949,-0.002152555555555555,0.031119554490275127,0.030319279103127324,0.10866200000000001,0.061934,0.026778444444444445,0.016546656336,2.042726668709341,2.2102838985619506,8.958321055555555,90.73677728308029,88.63417138554776,233.44794000000002,117.82874,81.37083383333334,141408.29406964776,1.329382766917958,1.270324445696601,0.09948224921891477,0.19962478888879068,0.03593806922099924,0.03860390566251037,0.10375799999999999,0.024284666666666666,0.9435869727375088,0.03890880136293073,0.04262142380736086,0.10866200000000001,0.0339425,1.2777481761106404,93.59983432584836,35.192542306691344,91.186533,87.91378233333334,1.078248288388832,0.04696790254347465,0.0513439843863589,0.13461499999999998,0.040670000000000005,1.2331853640854926,0.02416313423378681,0.026407727351414903,0.060752,0.021578999999999997,0.79350685744209,94.68021062915298,35.0063311193434,92.28278700000001,89.12429300000001,1.0906939717412047,0.027110553896960498,0.029369112919868726,0.067132,0.023554199999999997,0.7118124605849027,0.025207303715391698,0.027738907049485565,0.061399,0.0241798,0.8277969307400598,65.9576061069118,72.77822585743226,178.402804,57.420165399999995,0.759816258257654,0.9927975147882768,0.0020432519545808543,0.004703403944630622,holdout,0.0,0.7060345943778656,0.0534686935942498,-0.016450534702670355,0.016450534702670355,-1.0633629468650871,0.05629479184543838,-0.02597551274231106,0.02597551274231106,-1.7985066505506622,1.7985066505506622,0.6437517687251918,0.2517010079290675,0.4202466834323436,0.8799582275062735,0.8799582275062735,0.12889624373943867,0.991424907535405
normal,0,N0524,2,4030.1,4031.8,1.7000000000002728,18,3.611111111111099e-05,0.03992055287234869,0.03879582070847895,0.164838,0.091799,0.02992844444444445,0.02709208268,2.3662084813155415,3.6067611786207725,-0.0018743888888888888,0.03355108155377565,0.032659621906194126,0.10222500000000001,0.057609,0.02839238888888889,0.019199716255,1.7639212164018974,1.8898431095147368,9.274026999999998,90.89067862297841,88.81538255518059,233.52697,117.25165,81.73953422222222,141987.0992116154,1.3201727744307366,1.2729024093140304,0.08587447754384082,0.17217301631130671,0.024579568063061375,0.026921714257577778,0.064952,0.02108183333333333,0.6870610638721937,0.03631810690505036,0.03935639628192602,0.085593,0.0311365,1.1333825287794228,89.97051928040773,41.432025883399184,105.26145799999999,81.63445166666666,1.035891746370334,0.04748563618260439,0.05192444189653527,0.15143,0.036229333333333336,1.3273435737586596,0.029389617387211197,0.029929637060389935,0.07549900000000001,0.02496883333333334,0.91716451414336,96.7173118205563,27.1351175437872,74.02933099999998,93.4914055,1.1135721550498778,0.03034185986389101,0.026981294968922456,0.06804,0.024361200000000003,0.8481316866293833,0.029527530130371554,0.031621675362004456,0.07964299999999999,0.026534400000000003,0.9214683699033158,68.62296016874708,71.80866096604494,173.975484,60.6609646,0.7901027872113794,0.9930814543885149,0.001927719550952897,0.0046846843442584244,holdout,2.6749844169779134e-13,0.7060345943874977,0.053541814910514726,-0.014745994202035775,0.014745994202035775,-0.9531814091481732,0.056564732835358886,-0.02390511092916476,0.02390511092916476,-1.6551550460146558,1.6551550460146558,0.6732890662491408,0.20683945106596882,0.4517618722973031,0.807644898064663,0.807644898064663,0.05447264827597134,0.9984685061108641
normal,0,N0531,1,4075.297,4076.897,1.599999999999909,17,-5.847058823529402e-05,0.034255022537063175,0.03323230464472785,0.11535000000000001,0.061257,0.029093411764705885,0.018774563224000004,1.843296775678726,1.872584723793677,0.0005736470588235308,0.05018941366456324,0.048694262320536044,0.169493,0.105008,0.04385211764705882,0.04030923011,2.1564758350536612,2.17160125371223,2.817140882352942,88.47621242332588,85.88075160744255,229.31507,116.13764,78.213911,125383.55944320717,1.3523128038149976,1.2682153870308237,-0.18872947138350357,-0.3820387720093741,0.03931454999106565,0.043058541521979125,0.10967299999999999,0.036642666666666664,1.163931177036387,0.05137881262414175,0.055937232536716244,0.13170900000000002,0.048900333333333344,1.0423090099204662,82.61534075090674,51.759257346110346,133.199233,73.45722983333333,0.9838200092429932,0.026525668587238285,0.028359158441321912,0.07217299999999999,0.022083199999999997,0.7853085605059092,0.03881254403153702,0.0419445872944293,0.085172,0.038353399999999996,0.7873802891855292,101.08848859393846,17.023042266123973,41.71777,99.93525580000001,1.2038064223775198,0.03305367725079919,0.03669275351755439,0.09043999999999999,0.0283026,0.9785742295574151,0.055689228680239414,0.06220009167758517,0.15820800000000002,0.044495,1.1297533330239038,64.46712394512774,71.78639694255992,176.22747099999998,55.43146779999999,0.7677030185809487,0.9962294839036916,7.73063663771971e-05,0.003541364791167204,holdout,0.058823529411682896,-1.4120691887659043,0.05235764906640485,-0.019125344421677,0.019125344421677,-1.236262709487671,0.05219316355136332,-0.0034989012308272727,0.0034989012308272727,-0.24225882259535006,1.236262709487671,0.5964436687049902,0.3280294067293293,0.696576096265495,0.374623065393914,0.374623065393914,0.048995182365342595,0.9987610178606372
normal,0,N0531,2,4076.897,4078.597,1.7000000000002728,18,0.0010293888888888898,0.03780146412529996,0.03675083920205844,0.119278,0.064095,0.03117605555555555,0.024311235276999996,1.744041806708185,1.8605972123955283,0.0045868333333333325,0.04350768451698403,0.042529936596995346,0.14122400000000002,0.078362,0.03608172222222222,0.032558319125,1.8425139153754608,1.9038438546592522,8.849649,89.60068290672781,87.52475636723887,230.44554,115.89827,80.71540222222221,137890.49358860136,1.3241770078594761,1.2641719885338893,-0.07289405706008473,-0.14604715764936455,0.038532302232455996,0.04207542855713613,0.11032,0.034581999999999995,1.0604364438334406,0.03316829245931522,0.036333846549280555,0.097956,0.027150999999999998,0.8196409578873135,90.07725847392531,38.59151489352301,99.226253,82.90250283333334,1.051373762671494,0.03393347413936078,0.036697830722900594,0.088169,0.0275865,0.9338734142116214,0.047053319914752034,0.05000865823035047,0.119471,0.041666666666666664,1.1627619436246914,94.80343219752837,29.107326636430614,78.762664,91.00362833333334,1.1065372427219227,0.03640933876356449,0.03977926254092703,0.105052,0.028992800000000003,1.0020109747878003,0.03988414694336585,0.04284994876659714,0.119198,0.033573000000000006,0.9856003424136979,66.59748356804892,71.46764710268087,173.458125,58.9928946,0.7773199148113611,0.9929978801497794,0.001920586186324097,0.004717848789166008,holdout,2.6749844169779134e-13,0.7060345943874977,0.05302102865953747,-0.01627018945747903,0.01627018945747903,-1.051705426009633,0.054642153164932136,-0.01211221656793679,0.01211221656793679,-0.8386322251441389,1.051705426009633,0.6472039498982414,0.24635273865525223,0.5969671556318414,0.5289380116853329,0.5289380116853329,0.06954263862758404,0.9975039078259139
normal,0,N0532,1,4082.705,4084.405,1.7000000000002728,18,0.0036748333333333333,0.02253416385180511,0.022205460275696955,0.076078,0.039168,0.018715944444444448,0.008875484388999998,1.763890480706131,2.092723735845239,-0.002233888888888888,0.047694028739441716,0.04640406536788201,0.177804,0.116492,0.039095888888888895,0.038760071088,2.5103834993006555,3.6246552529761877,8.83705872222222,89.79984456964665,87.71604767782611,230.45911999999998,115.75366,80.9291896111111,138493.89036393593,1.319640625226911,1.261989832577536,-0.35270037017224376,-0.737048854057646,0.026044703908216477,0.02851957890993484,0.07539699999999999,0.022047999999999998,1.149557170495639,0.036494514809306156,0.0395757229359111,0.098479,0.033766166666666673,0.8042894804414965,90.04222967812755,38.41474710343165,98.734386,82.93285916666666,1.0489079049916812,0.01980104022520029,0.021128571571847127,0.051124,0.016062999999999997,0.873975294722801,0.05281422183938717,0.05777502078493785,0.154995,0.037811500000000005,1.1639536315274073,95.00138923945029,29.247093082994034,79.077137,91.17256666666668,1.1066774836058595,0.021465239462908396,0.022949898882130178,0.057947,0.0192008,0.9474294669638298,0.04532937216860609,0.05005736198902216,0.122365,0.042589600000000005,0.9989977228284891,67.04991215712997,71.98733353422456,174.573922,59.4244556,0.7810688733721498,0.9926775641936153,0.0020092216351257548,0.004939393650791673,holdout,2.6749844169779134e-13,0.7060345943874977,0.05309821745782471,-0.030892757182127757,0.030892757182127757,-1.9969085447807657,0.054927110024091216,-0.008523044656209205,0.008523044656209205,-0.5901231921464185,1.9969085447807657,0.3901984445100527,0.7523587656469019,0.6499255160442585,0.44394234225006896,0.7523587656469019,0.07111108010023212,0.9973900460835992
normal,0,N0542,1,4163.809,4165.409,1.5999999999994543,17,0.0023148235294117654,0.028054374786375333,0.02731500347255849,0.095765,0.054044,0.02280729411764706,0.012683860049999999,1.9785463345920604,2.5441756338015824,-0.00022958823529411706,0.048414793556642924,0.046969809981581595,0.17188900000000001,0.107401,0.03924770588235294,0.037504771845,2.2865964337968463,2.9997155033929928,2.8365436470588237,89.38614121081908,86.76367412372538,231.47931,116.18651,79.04842588235294,127974.89750661622,1.3391146833445242,1.266819383989102,-0.264587142308602,-0.5420689255103112,0.02067359386592794,0.02177536782391211,0.06458900000000001,0.017477333333333334,0.7439124340934928,0.046528953229861794,0.050791319170372676,0.144289,0.03849133333333333,1.003252584401207,86.72594518697672,46.24950548304176,117.742311,76.27396716666665,1.0202505112268072,0.03364487716131536,0.03761177398368761,0.084026,0.029976800000000005,1.2106672224562078,0.028739876791663527,0.03202423076827919,0.07858799999999999,0.0252772,0.6196863171231576,99.87912379557095,23.691715605529406,58.368927,97.60533519999998,1.1749854889862763,0.028749231172328762,0.03206074961381908,0.083742,0.0229786,1.0345037577124547,0.058813763276974546,0.06282590292466954,0.153667,0.050857999999999993,1.2681364163618598,64.19480920606702,71.4688029316204,176.627896,57.3932002,0.7551925409333252,0.9958332076906105,8.147495579860015e-05,0.003945837731194564,holdout,0.0588235294119504,-1.4120691887755363,0.05271392101521107,-0.025398917542652583,0.025398917542652583,-1.6417866223493787,0.05350840796235311,-0.006538597980771513,0.006538597980771513,-0.45272299609083533,1.6417866223493787,0.4852528945000166,0.5343440204391345,0.665070188880788,0.4209075255973338,0.5343440204391345,0.11911165922456118,0.9926773742641332
normal,0,N0542,2,4165.409,4167.109,1.7000000000007276,18,0.0011857777777777782,0.031698089943486496,0.030827819907061578,0.113578,0.064995,0.025185,0.017106380643999997,2.1083229432358244,2.390598549897951,-0.003582722222222221,0.04432732924082144,0.04322714693145193,0.145844,0.074808,0.03682283333333333,0.03363455217300001,1.7305791686559342,2.011038309868455,8.693331166666667,90.4595476893751,88.339665867588,232.01969000000003,117.21219,80.95573383333333,140470.13818074766,1.326835333243041,1.264170062296967,-0.16743410406571735,-0.33805117303428367,0.03759305754169689,0.041073673018126824,0.113578,0.031344333333333335,1.1857631034857143,0.04217616587007406,0.04552033956705508,0.108072,0.03834616666666667,0.9611904999296136,94.05938548467086,33.49779429171414,87.14367000000001,88.94988933333333,1.0861184302545817,0.029435465173834097,0.03183365935400244,0.084741,0.023947,0.9284556995226437,0.051375966557006665,0.05596607237961228,0.13927,0.045441666666666665,1.170853015217659,93.96542716384917,36.58071696756058,95.381629,87.83152883333334,1.0850334788337919,0.026111270558898506,0.029170839115459122,0.067439,0.0234382,0.8236036980906101,0.03527451182086011,0.038338759106157826,0.09961400000000001,0.0260062,0.803902511108131,65.47770492372779,72.76561211953805,178.760789,56.522710000000004,0.7560812961086375,0.9925017263775212,0.002053282573218747,0.0049715594599329055,holdout,5.349968833955827e-13,0.7060345943971297,0.05334985637707309,-0.02252203647001151,0.02252203647001151,-1.4558249627148492,0.05585608207265673,-0.012628935141204799,0.012628935141204799,-0.8744090661907377,1.4558249627148492,0.5378880179553964,0.43136381400493656,0.6011563414486162,0.5219450716448167,0.5219450716448167,0.15551858328236454,0.9875168878729405
normal,0,N0562,1,4316.877,4318.577,1.699999999999818,18,0.019589833333333334,0.06382422339358403,0.06504602798574424,0.222331,0.133575,0.05277316666666667,0.076157743621,2.0535458372535036,2.217211610111767,0.006315611111111111,0.03758810494751966,0.03707101350186633,0.137522,0.07351,0.030333388888888892,0.024736680757000005,1.982950911128965,2.4893032495549923,7.798527388888889,86.39892547037364,84.32604382568115,222.86167,113.33419,76.44980094444445,127995.87001123256,1.343999847002007,1.301200571880422,0.2739504991142741,0.5622597851344444,0.060356971190851955,0.06585348364665304,0.167052,0.052172666666666666,0.9018596395637735,0.027184705448713868,0.028900116844054455,0.069936,0.021755666666666663,0.7276250438549446,89.91401011872824,35.84376742721365,91.638097,83.74892733333334,1.086335863128873,0.05752693033701694,0.059987539578371336,0.152668,0.04080633333333333,0.859572898297054,0.03632147755575664,0.0396469942942295,0.119811,0.027556166666666663,0.9721796231797746,90.38119911021643,35.62847300274812,92.427382,84.32637633333334,1.0919804134680522,0.08298001311761766,0.0694111053448942,0.189986,0.0776222,1.2398952970091128,0.04770669140277913,0.0481153678121658,0.11815400000000001,0.04367780000000001,1.276915929422504,61.54655486482981,68.32723451702226,171.175858,52.047545,0.7436019115753695,0.9948034584981776,0.0011439574668248972,0.0031656887332956254,holdout,0.0,0.7060345943778656,0.051730302089725316,0.013315725896018926,0.013315725896018926,0.8607288324883423,0.04987719506831585,-0.012806181566449519,0.012806181566449519,-0.8866813503897597,0.8866813503897597,1.18895074931039,0.3618122664521586,0.5400815563845429,0.6290799493761497,0.6290799493761497,0.13973472749066626,0.9899221708041754
normal,0,N0563,1,4323.665,4325.265,1.6000000000003638,17,-0.03536164705882353,0.05814242721642817,0.06657426321652782,0.210171,0.133772,0.05697611764705883,0.07534625288799998,2.0093650839952457,2.310870679402722,-0.01429335294117647,0.12759706442594065,0.12460980807233246,0.409705,0.22273,0.112411,0.26396927255300007,1.7874194932610086,1.8356934948361545,4.013230588235294,143.08425024733032,138.87011388921798,403.92355999999995,205.93586,123.80545376470587,327843.4450372744,1.482938655643956,1.4943492626716606,-0.3035584735917413,-0.626869255050155,0.06974061457524829,0.07187855952554048,0.168607,0.06246000000000001,1.02243793869798,0.13705595224335693,0.1494395403151388,0.378813,0.12683866666666666,1.1076566119678144,137.42109935048515,92.29482402648466,236.746458,118.83329816666668,1.0152781016863137,0.06871134107845663,0.052954219182233246,0.138726,0.0620372,1.0073481910835442,0.13346594676695625,0.1368462380381719,0.312396,0.11663399999999999,1.0786429628861955,166.48060594450527,40.40663988105142,98.97793599999999,162.5104148,1.229972066660867,0.06580754639401168,0.06152969240943758,0.170355,0.0507152,0.9647768734998339,0.09294517086971223,0.09443221438047505,0.232889,0.08578640000000001,0.7511628016090418,90.81996997285681,101.08191644575267,252.13447,78.5638182,0.6709852209381597,0.9979500317481262,0.00011796276077074152,0.0016167982640314653,holdout,0.058823529411415394,-1.4120691887562722,0.07373961975802032,-0.007165356541492501,0.007165356541492501,-0.46316881396345605,0.13112870013325334,-0.006518892060920878,0.006518892060920878,-0.45135858691600295,0.46316881396345605,0.738928446913273,0.11381311538124245,1.10237675791149,0.08442370899218919,0.11381311538124245,0.06035857426460192,0.9981196606517371
normal,0,N0563,2,4325.265,4326.965,1.699999999999818,18,0.02882016666666667,0.05866798453636211,0.06388517785101294,0.245583,0.167657,0.0505663888888889,0.073463687083,2.624348959174756,3.662896779715036,0.01896672222222222,0.13717138565218998,0.13464914730162816,0.44701199999999996,0.254224,0.1176655,0.32634707164300003,1.8880476044197418,1.7439788692662512,14.621107555555556,143.62211055727798,140.33932351555774,400.88205,201.42331,126.36910033333334,354512.2630464788,1.4352592342207677,1.4574109547373955,-0.35643191370486,-0.745585110563124,0.054596954692241455,0.05974803047688406,0.15586899999999998,0.049752,1.0570150439249366,0.10628623122101313,0.11559852677507039,0.270775,0.09890783333333335,0.8566142828061208,148.39922668987813,71.08396131699776,181.526085,133.45994100000001,1.0878161214306947,0.040821044268448924,0.03419497153335073,0.096015,0.030296500000000004,0.7903088760847675,0.12661806271092077,0.13551072157237842,0.311988,0.10755966666666666,1.0204787556525232,152.9832564013233,55.128113512485754,149.128334,144.46897933333335,1.1214185972148052,0.0591129541352824,0.04696802419944872,0.126884,0.0524494,1.1444462821058685,0.13981691525419948,0.15263047937420623,0.347058,0.12498999999999998,1.126854957681118,93.61310802048783,100.28562945222843,249.478013,82.3561768,0.6862154901570354,0.9979850032312305,0.0010425447167684543,0.0004086581072497049,holdout,0.0,0.7060345943778656,0.07433246699787172,-0.010447289146858774,0.010447289146858774,-0.6753130141205724,0.13331730639708633,0.0013318409045418311,0.0013318409045418311,0.09221472346115188,0.6753130141205724,0.7016580925207334,0.16556796974935004,1.1787205128339935,0.15138471013815089,0.16556796974935004,0.06486434390165836,0.9978284474272017
normal,0,N0567,1,4351.066,4352.766,1.699999999999818,18,0.009771777777777777,0.06465453636198319,0.06358822906621774,0.257833,0.139718,0.049647111111111114,0.07278233176400001,2.1972305574747866,3.145462708203273,0.0002279444444444411,0.13987804345654833,0.13593721486958604,0.421752,0.234204,0.12220472222222223,0.33262067495700004,1.7228836137674886,1.721390023025855,17.717416333333333,169.49782760937748,165.67237645099877,472.37175,237.16977,148.430273,494052.05374058615,1.4315589302248475,1.4494765213555418,-0.3626053117630631,-0.7597647481194266,0.07707801758499847,0.08401461354728712,0.257833,0.057278833333333334,1.2234973864070091,0.14455136518033995,0.1575696555885682,0.354461,0.1294415,1.0463647112247498,163.22701011194678,103.35588480698962,259.969387,141.3735925,1.0171320539411786,0.042401349791801046,0.040101050103041776,0.10961599999999999,0.03228483333333333,0.6730575367119309,0.1340811584737642,0.14632329514696785,0.389713,0.12185466666666667,0.9705739720413358,183.6704355676953,46.45037652838424,124.00938,178.708695,1.1445231230365314,0.06486227063709687,0.07073614238138803,0.171582,0.0566746,1.0295908105498235,0.1350536649106569,0.14996892908466072,0.331606,0.12028620000000001,0.9776136593921533,122.91073146675055,112.19996494648717,276.251945,102.8162838,0.765905377194914,0.998753631460175,0.0006942645269479302,0.000223931327835078,holdout,0.0,0.7060345943778656,0.08455471863612249,-0.020966489569904753,0.020966489569904753,-1.3552743748111098,0.1710546566992659,-0.03511744182967985,0.03511744182967985,-2.431480498867177,2.431480498867177,0.5916044569439048,0.3361759429173074,1.0080332985884783,0.005043625473481924,0.3361759429173074,0.15329935649562182,0.9878706102183251
normal,0,N0569,1,4364.393,4366.093,1.699999999999818,18,0.03886066666666667,0.11136811159605155,0.11499547870725663,0.436658,0.300395,0.09096144444444446,0.23803128221600003,2.612233136267157,3.4080989769492356,0.020820499999999995,0.10148339111242033,0.10079787679173716,0.35037300000000005,0.180376,0.08488638888888889,0.18288381538300003,1.7894821373339307,2.4981080251731314,14.083520000000002,131.6579945371061,128.72133717079663,367.08002,184.48236,115.31571655555555,298245.2875746824,1.4331917617917198,1.4634132271021965,0.06579258143803171,0.1317755201586824,0.13458404308708619,0.12978725589312176,0.36129500000000003,0.09860466666666666,1.1418668701200412,0.09264586979910834,0.0706100887572024,0.194424,0.07474783333333333,0.9022369924152802,131.28483483234444,69.89627142660173,173.974655,114.73651216666667,1.053084271434531,0.11926287173788272,0.08102546728878932,0.184388,0.09355583333333332,1.0118756945408727,0.1269260911908974,0.13600834469693393,0.31305499999999997,0.11608533333333333,1.2360768485785756,141.49402121729776,44.953226838052466,123.18743799999999,135.41257033333332,1.134975935615451,0.09180452285917073,0.07989704676457071,0.212726,0.08821539999999999,0.7789076682161568,0.07885343194433582,0.08662004615387826,0.223875,0.06453539999999999,0.7679185638102267,90.19307184072437,91.12927424949237,227.069286,78.0612086,0.7234720253038033,0.9977460237997641,0.0012177083802833012,0.0005788341999533359,holdout,0.0,0.7060345943778656,0.06964444221662788,0.04535103649062874,0.04535103649062874,2.9314920565003217,0.11601058771554827,-0.015212710923811115,0.015212710923811115,-1.053305936279461,2.9314920565003217,1.3770034612880973,0.5086508049313757,0.9620274282576581,0.051757145911491276,0.5086508049313757,0.043674265675473216,0.9990155140736552
normal,0,N0581,1,4469.05,4470.75,1.699999999999818,18,0.0015717222222222226,0.05890841703446576,0.057270262183886596,0.23732799999999998,0.133979,0.046773388888888885,0.059037892751,2.3394165643910037,3.1588285408519745,0.0003434444444444435,0.06016355017706731,0.05846946984063088,0.23451299999999997,0.135954,0.046470888888888895,0.06153622026199999,2.325213489545351,3.1222979218851448,9.917552,99.32544145151759,97.03512465719396,265.95034999999996,136.39332,87.605274,169484.6775102691,1.4056077166062373,1.40305341338932,-0.010361244455619542,-0.02072323051576637,0.052286680443812204,0.05702671596629075,0.133969,0.045108166666666664,0.8905238687160144,0.07392849718590705,0.08091776333640634,0.23451299999999997,0.06016083333333333,1.2305662743481478,100.98487923841438,48.835805336223245,126.87660299999999,90.61180533333334,1.067104027713761,0.05729262871580136,0.06222908841182448,0.155255,0.05223049999999999,0.9757829898521239,0.044973859322203304,0.0481959105761751,0.141257,0.03564766666666667,0.7486059722005483,105.4356580836654,36.65957877425749,95.03616099999999,99.98370233333333,1.1141352671235507,0.06709345227069478,0.06978483270166949,0.18606799999999998,0.047420000000000004,1.142706329307299,0.05732079888836163,0.06371754069092748,0.15351900000000002,0.049645999999999996,0.9541251968551725,69.79832775632462,74.52932555016264,189.597513,60.40573919999999,0.7375567237211333,0.9962998668813325,0.0008612540400492113,0.0021387363316053335,holdout,0.0,0.7060345943778656,0.05685859920739491,0.00041166297649168626,0.00041166297649168626,0.026609904401853936,0.06880926127367017,-0.010339791433039286,0.010339791433039286,-0.7159120915960573,0.7159120915960573,0.9097142805694972,0.09411636537554467,0.7402642914782811,0.313792834791352,0.313792834791352,0.04445196685119167,0.9989801407189981
normal,0,N0581,2,4470.75,4472.35,1.6000000000003638,17,0.009249529411764709,0.0611907612400737,0.06008002637756921,0.195435,0.11746,0.04972811764705882,0.061363362681999996,1.955059061755897,1.790785051193123,0.0037389999999999997,0.06266428785999248,0.060908161157502,0.20614100000000002,0.129721,0.048205235294117646,0.063066669625,2.1297802713917986,2.8430820124097433,2.936714235294117,95.66752052791232,92.8575774353748,260.59904,131.29319,83.08995011764705,146583.00468183262,1.4139200442890607,1.4126093290445088,-0.006844757300673626,-0.013689728395036028,0.07089628839250567,0.07757355352631462,0.18917899999999999,0.06295016666666665,1.1672738213781813,0.06854577057946999,0.07505704934514812,0.200839,0.058137999999999995,1.0968631869675416,94.99640744758428,51.565564389364866,133.78120700000002,83.34284033333334,1.050025791755775,0.04365221001965421,0.04270174360257436,0.092995,0.0325092,0.7187129701225794,0.05496360621720522,0.06122686445099079,0.15298499999999998,0.0443756,0.8795226280626176,107.02373900056158,35.30824631981392,86.59995099999999,102.2582168,1.182967748993394,0.06218962792620647,0.0672176914450355,0.15932000000000002,0.05135080000000001,1.0239227791110133,0.06194991871019687,0.06826434389049675,0.189849,0.0449334,0.9913169652103732,62.51785194282323,68.6466315724896,170.265576,55.2367752,0.6910298899603556,0.9963505910232353,0.00011454365247134517,0.0026300429217377954,holdout,0.058823529411415394,-1.4120691887562722,0.05517289874954097,0.004907127628028238,0.004907127628028238,0.31719684432726347,0.06258618333215864,-0.0016780221746566376,0.0016780221746566376,-0.11618381014576214,0.31719684432726347,0.9972810678391933,0.18601843637353693,0.8058324495758513,0.2289242659142355,0.2289242659142355,0.15588837757226084,0.9874574522518008
normal,0,N0582,1,4476.033,4477.733,1.699999999999818,18,-0.016711111111111107,0.0694064146347981,0.06949019071223089,0.223705,0.11235,0.05868333333333334,0.08691995889399999,1.6167749555510345,1.8670731341849456,-0.010881166666666667,0.0497574730399719,0.04956471655040733,0.181846,0.09242,0.040764833333333333,0.04421990028100001,1.8646328766151388,2.6616897458495883,8.54306911111111,86.43865676437935,84.43656924052617,220.41442999999998,111.45474,76.96208277777777,128331.61605198307,1.3199818633382632,1.3016285737436588,0.1673637367815514,0.33790638104887244,0.06495971754864703,0.06617539828062995,0.171389,0.055841,0.9826111188607053,0.047281428833105286,0.0475741934697794,0.14120100000000002,0.03938783333333334,1.0242913370492317,88.59380957039718,36.63834304750759,93.729032,82.037936,1.0700881831950644,0.06931155859715367,0.06520213271179606,0.175385,0.056858500000000006,1.0484391052366422,0.05551586651279674,0.058645893873882304,0.142245,0.04774600000000001,1.2026798373323309,90.91581037914305,33.63476471669589,87.04306,85.57415933333334,1.0981346758208719,0.06348904478569511,0.06983922256511738,0.17644100000000001,0.053550600000000004,0.9603650336926172,0.029385782691635085,0.026803809854197967,0.062727,0.024307600000000002,0.6366051827600031,62.987337863709705,68.84231848505547,172.710438,54.19669759999999,0.7607981445398029,0.9935384108569677,0.0020078015815152587,0.003493024634417305,holdout,0.0,0.7060345943778656,0.05177490068610638,0.017715290026124514,0.017715290026124514,1.145116760471716,0.050041839112913614,-0.0004771225625062811,0.0004771225625062811,-0.03303527096108527,1.145116760471716,1.2685212112087219,0.42659289295019265,0.7211550690216133,0.3399459187871395,0.42659289295019265,0.10472198848809815,0.9943397703881747
normal,0,N0582,2,4477.733,4479.433,1.699999999999818,18,0.024817888888888893,0.08821128513897347,0.08924610822513962,0.308695,0.162513,0.07083800000000001,0.143367621,1.8209533528345152,2.8979837701021163,0.017676111111111108,0.07288569837273322,0.07300438865651236,0.255301,0.139774,0.06304566666666667,0.09593353373599998,1.91459722589611,2.471396874525542,8.652694388888888,86.56668896911634,84.57150230152476,222.50369,112.10765,76.94191672222223,128742.10202766255,1.3255960571718353,1.3046989222217802,0.10010274162903868,0.20087825646224883,0.08707139861630799,0.09537532478721457,0.27486299999999997,0.06931733333333333,0.9992361915716075,0.08121479017395786,0.07865716576892408,0.17460199999999998,0.079447,1.0862294153059262,85.00878780866562,41.931159704907984,106.666103,75.90328633333333,1.0262258615698325,0.09320513164252277,0.10109771323510075,0.282333,0.07455983333333334,1.069627251398731,0.06024573490851171,0.06574928650766232,0.16393000000000002,0.052558,0.8057730527183281,92.90109995489416,26.893129002304224,72.28172599999999,89.5986275,1.1215018329231827,0.07933428671892122,0.07013519207003001,0.154144,0.0584592,0.9104446670415293,0.08207436800975076,0.09152839942444094,0.24969200000000003,0.06255780000000001,1.097726074079326,65.58801491476596,67.51666095715046,166.245478,56.3972296,0.7917783425644788,0.9937339969187369,0.001972134322438943,0.003403819426510225,holdout,0.0,0.7060345943778656,0.051829348119163975,0.037416760105975645,0.037416760105975645,2.4186202459410437,0.05024284197677002,0.02276154667974234,0.02276154667974234,1.5759763237957038,2.4186202459410437,1.6265598596356299,0.6752083405248475,1.0605021074760683,0.04569765337716108,0.6752083405248475,0.056649941889267065,0.9983436304949369
normal,0,N0586,1,4517.5,4519.2,1.699999999999818,18,-0.01012038888888889,0.07036893978849984,0.06913111197049977,0.24783,0.16285,0.056471722222222215,0.08602399156099999,2.3556687482401957,2.785754567007775,0.00700627777777778,0.18204561097761301,0.17705521091283613,0.546319,0.28192,0.1562367222222222,0.564273858805,1.5922716905450953,1.544476279944306,19.659130444444447,192.2325726621382,187.84802060976827,523.9007,262.93031,168.58829533333335,635163.8192461426,1.399696995190629,1.4227104807894637,-0.4383838130318946,-0.940456734950582,0.03445283190827715,0.03624999699540218,0.081573,0.0313935,0.5060339887508063,0.18792338621275073,0.20527546658250873,0.506106,0.168704,1.0514596081296794,186.39196280848773,112.3126155990043,276.672995,162.3190641666667,1.0214834934561083,0.06381625220897887,0.06825296165491038,0.170288,0.055491000000000006,0.9373160597773306,0.1709065259291367,0.1870598236451822,0.454607,0.1598805,0.9562477156345648,208.72323287464866,55.587501694352994,150.39601,202.46089166666664,1.1438655072338781,0.09720629725074399,0.09426627346352459,0.20766199999999999,0.0820408,1.4277401190255392,0.17657096258671753,0.1946654757557179,0.481412,0.1390016,0.9879410906225642,138.69921476488145,130.91006514733326,326.19801900000004,116.59585419999999,0.7601130236673409,0.9986662394936267,0.0010875880135207986,3.0350259847843152e-05,holdout,0.0,0.7060345943778656,0.09350291036843894,-0.024371798397939168,0.024371798397939168,-1.5753936168790634,0.20408857700601313,-0.027033366093176997,0.027033366093176997,-1.871750875052173,1.871750875052173,0.5672463739810298,0.37822047607450887,1.1579470550661184,0.13360382820071853,0.37822047607450887,0.11391191509571183,0.9933027486963689
normal,0,N0586,2,4519.2,4520.8,1.6000000000003638,17,0.0004511764705882367,0.07851927612793187,0.07617622297788511,0.263021,0.162657,0.06518776470588235,0.098647888102,2.1352725777336232,2.516186572637131,0.0024915294117647045,0.17659424416303807,0.17133969773934984,0.568083,0.288593,0.15052529411764703,0.49907396436400003,1.6843323748535,1.79301915812353,5.7669463529411775,188.9062787619577,183.35672317757255,518.7327300000001,262.93031,164.62846235294117,571534.6948850884,1.4339823784119665,1.4418551186660944,-0.38447415618891084,-0.8105987428396961,0.09808950199180339,0.10456134579598078,0.247637,0.08699433333333333,1.2840198010491337,0.17084847973228595,0.18608530529168604,0.468118,0.1585558333333333,1.0255352990121485,178.97303515792044,124.30931845908017,313.13209,155.131934,1.0018336915612969,0.053782836195202646,0.05968503575687963,0.148263,0.044418,0.7040327989124966,0.14685918407372417,0.15745923902235776,0.406617,0.11629960000000002,0.8815371227635549,219.73408468319658,48.50776892117004,118.35838000000001,215.408136,1.2300009832529641,0.0650857771959435,0.06900323812329388,0.16142099999999998,0.058301599999999995,0.851991548425305,0.17949150718905893,0.19958542579557256,0.515336,0.158309,1.0774159464790798,124.11587396549075,137.0282966441707,342.83880999999997,108.81141720000001,0.6947608844342797,0.9993358661872753,8.390740803991895e-05,0.0004823068394218332,holdout,0.058823529411415394,-1.4120691887562722,0.09169060718290759,-0.015514384205022477,0.015514384205022477,-1.0028501568627979,0.19739812145997299,-0.02605842372062314,0.02605842372062314,-1.8042472858704435,1.8042472858704435,0.6403647324068557,0.2569762990262148,1.1480155487671797,0.12499001313680917,0.2569762990262148,0.060711938575165526,0.9980975796203572
normal,0,N0592,1,4565.625,4567.225,1.6000000000003638,17,-0.0062109999999999995,0.08397594991126923,0.08170505185367527,0.231391,0.117057,0.07314217647058822,0.113487163473,1.4326776294033343,1.3348244306129435,-0.0015446470588235297,0.094997536648945,0.09217409116544882,0.285489,0.167979,0.07908864705882353,0.14443307239699998,1.8224101575190406,2.2337918453234535,3.256342823529412,117.702547584052,114.23466543771934,326.32545,165.3644,102.08227082352941,221842.4993903504,1.447585103579233,1.4594566512723195,-0.060208712384566467,-0.12056325004037813,0.0854408768086642,0.09179639825051233,0.209082,0.08058349999999999,1.066148182069209,0.08964226876591198,0.09719545251587992,0.231073,0.07736816666666667,0.9686792031353166,112.94582795045179,74.26398190123726,189.518351,98.3885235,1.0153128525903599,0.07874513938777428,0.08386133307251918,0.210024,0.06809639999999999,0.9825974444652302,0.09705657940294414,0.10810022199560923,0.285489,0.07654659999999999,1.0487986447620454,136.49978638996944,32.62830106333679,81.706175,133.343567,1.2270483116771052,0.07477070876620069,0.08345364848405372,0.210626,0.0631706,0.9330037120479011,0.09133042763175918,0.10195200735149847,0.24074600000000002,0.0822938,0.9869215391164038,75.22817198413372,83.91208746716583,209.17895099999998,64.7865376,0.6762545485600071,0.9981175893156775,0.00023732383192949172,0.0014780501287699644,holdout,0.058823529411415394,-1.4120691887562722,0.06379886157407227,0.017906190279602996,0.017906190279602996,1.157456557309032,0.09443053546929882,-0.002256444303849997,0.002256444303849997,-0.1562329154897121,1.157456557309032,1.1024421386104346,0.28626891651960934,0.9912827819748138,0.021800264121793547,0.28626891651960934,0.05336662489762081,0.9985300662436304
normal,0,N0594,1,4580.273,4581.973,1.699999999999818,18,0.00989911111111111,0.08925046930763998,0.08729892764773485,0.29612700000000003,0.168186,0.07176655555555556,0.137179849832,1.9265528744941454,2.0773646897794515,0.012015555555555562,0.20126642509260098,0.19596452061789146,0.5685720000000001,0.291851,0.1728248888888889,0.691237680138,1.4893053042447224,1.5616452602494098,19.7113635,188.13677110419349,183.89553801369334,520.12152,260.98815,165.0366843888889,608716.2402242231,1.4192195896594628,1.423077337396359,-0.3836202433992591,-0.8085954463438966,0.11519123066159738,0.12616051500211944,0.29612700000000003,0.10593566666666665,1.3210923573439852,0.1852168748557575,0.20113597209615855,0.545127,0.15122366666666667,0.9465893774412881,185.61095358448333,103.51287793041485,256.889969,160.77832166666664,1.0408531700691548,0.055926140818344815,0.05802464493787676,0.14732,0.043872833333333326,0.6413994953132335,0.19706001352929686,0.2156069750675211,0.530822,0.18374116666666665,1.007116201860861,202.52480146435707,57.79186149490201,160.91432100000003,195.53272316666667,1.1357011940884967,0.07857067966869066,0.08783826902039907,0.241745,0.060776399999999994,0.901102660553781,0.20592772961988387,0.2263282916853304,0.505482,0.18002279999999998,1.0524365100673998,132.51045090217588,131.1147684944422,323.34987,114.36118000000002,0.7430807300176114,0.998522669780989,0.0010110435025283528,0.00012792266390342433,holdout,0.0,0.7060345943778656,0.09190802672785095,-0.0046090990801161,0.0046090990801161,-0.29793227203914796,0.19820076629991867,-0.0022362456820272103,0.0022362456820272103,-0.15483439234829718,0.29793227203914796,0.7317159573487458,0.12362180519081857,1.3091604309730855,0.2563412104755546,0.2563412104755546,0.06660112213378276,0.9977106015641376
abnormal,1,A0001,1,8.981,10.281,1.3000000000000007,14,-0.008876253849999988,0.5593257779141996,0.5390528907435014,2.0225514,1.0141485,0.40283872242142854,4.068092266264953,1.8813524932613046,2.948416953038549,0.055236489428571414,0.2923757574947326,0.2871039586630027,0.9875507000000001,0.63460179,0.24857399228571428,1.1540015631195404,2.210355416049431,4.19039242504979,26.396345914285718,97.74028525431481,97.81391326227046,293.25488,185.96651,80.8920270857143,133945.86278750555,1.9012275840693968,1.6981688311971688,0.30496501028974,0.6299693181536387,0.11472211713118155,0.11572886813527992,0.31071684,0.09034232678000001,0.20559651615043445,0.2264027950480049,0.04388821657832965,0.09904789,0.22297373199999998,0.8045542605745903,136.1482983626404,58.622621990214114,153.779998,125.6466064,1.3418560546290612,0.6899099262845166,0.31650474162256953,0.7565706700000001,0.6331226325,1.2364056805149966,0.13545659584076394,0.1049065698153682,0.21715769,0.11574426049999999,0.4813641160371237,94.35248620555711,98.38439197695344,211.00046,92.3872085,0.9299231529651887,0.720758491868022,0.4080833840841933,0.9579571299999999,0.62816699,1.2916902042913019,0.41825337553764447,0.3647945114752281,0.86102681,0.38731032000000004,1.4863223540025874,37.21354758767588,35.1077641359002,77.486048,30.99441905,0.3667708281725539,0.6604356129861829,0.0050429875204394126,0.027452688559083088,test,0.23529411764683816,-7.766380538201052,0.057172851623571594,0.48188003911992977,0.48188003911992977,31.148736967853903,0.06996938273538321,0.21713457592761948,0.21713457592761948,15.034081626970657,31.148736967853903,8.494455669916947,2.328154748088717,3.6059953243225475,1.2695529992503372,2.328154748088717,0.8628387476347158,0.6157467332022749
abnormal,1,A0001,2,10.281,11.581,1.299999999999999,14,-0.0346639367857143,0.5005968239443036,0.4836310267910407,1.7588449800000001,0.97580285,0.4090183689285714,3.2745855810493882,2.0176597363378193,2.7450780062430167,-0.0028751513571428494,0.3154926465916205,0.3040299164824524,0.99321025,0.61829442,0.25657611921428575,1.2940786616285778,2.0336630919532745,2.2634782487603866,-2.639634857142861,114.31590262523483,110.18918151453202,364.78047000000004,183.58233,91.53571557142857,169983.1801197948,1.6660649210448006,2.15289464933526,0.2280183013289245,0.4641961685985812,0.5392866518026876,0.37379877214328056,0.9259141200000001,0.480291414,1.0758107962541392,0.29020532809611027,0.2596430477001823,0.63837161,0.28820218799999997,0.9369044166409115,104.39768001132016,94.88566401959106,203.847912,73.6713498,0.9384267644080245,0.6364576615721821,0.25405312229339,0.52623182,0.597219485,1.2696550552275403,0.451767733574657,0.43480709780014865,0.99321025,0.43705995,1.4584955681508864,138.47919433758827,154.56923982114154,364.78047000000004,126.063839,1.244784196985621,0.21923075164709546,0.06535879648785083,0.14565611000000003,0.21179776500000003,0.4373384891030967,0.04951465580786733,0.043546414692756316,0.099371949,0.04662054725,0.15985405925931812,86.1508907660803,41.28814455305208,100.135816,78.38011750000001,0.7744070717253053,0.6838329869225489,0.031731061756095406,0.021312194597553825,test,0.23529411764683922,-7.76638053820109,0.062166450558838314,0.4214645762322024,0.4214645762322024,27.243480037689583,0.0884041854537594,0.21562573102869304,0.21562573102869304,14.929611404869963,27.243480037689583,6.765190131153497,2.100531437893492,3.3897211707801334,1.2077028386105637,2.100531437893492,1.2401262987635266,0.20623832934891947
abnormal,1,A0006,1,51.441,52.941,1.5,16,0.04412349537499999,0.7942621450616536,0.7703057611946543,2.6246467,1.5525772,0.561564490375,9.493935451674814,2.015533672748512,3.023838667643395,0.028840661875,0.3094453108900622,0.3010040019372581,1.18503307,0.70039838,0.23846996674999998,1.449654546915918,2.3268739800542333,3.8245512490170572,-122.93459430625,134.22697611959416,178.8958929812651,406.503724,326.63349,146.62744356874998,512059.84840902797,1.8258300096034443,1.63989366008532,0.43806355118521595,0.9396639683528397,0.14421889208665936,0.11796471408407447,0.28056130700000004,0.09831861380000001,0.18143919608400508,0.16103043892222146,0.1760044071366405,0.41216327999999997,0.1456756998,0.5368612931405263,47.87407663820704,50.55092999246973,121.59349,39.577489019999994,0.26012680766522867,1.149322082252246,0.9878884673618359,2.23156506,1.0065797354000001,1.445941454883303,0.4626537354232684,0.5135324085282412,1.18503307,0.41398433579999994,1.542446784210779,255.88992820223328,68.56659470131939,159.74046,248.43219,1.390394025559308,0.7440903230914637,0.37072863300089115,0.9000412799999999,0.666122086,0.9361266619249762,0.17299427417661895,0.1410569203022346,0.32075404300000004,0.14015940600000001,0.5767476656088915,183.96200994796513,122.06997696327855,314.712561,168.5619542,0.9995691559981467,0.7276916943933752,0.060819883085323476,0.055295084186245916,test,0.11764705882336579,-3.5301729719096744,0.08989059796576471,0.6804151632288896,0.6804151632288896,43.9820520207962,0.19075305139338472,0.1102509505438734,0.1102509505438734,7.633615157082226,43.9820520207962,6.636935311909052,2.081391379073557,2.0670858406289137,0.7130949800357534,2.081391379073557,0.5603335393176001,0.8379490708209015
abnormal,1,A0011,1,91.729,93.329,1.5999999999999943,17,0.07825418076470587,0.025720319912009033,0.08213609345744663,0.09076463600000001,0.12435039,0.07825418076470587,0.11468774342365691,1.5139554946623304,2.3871786444573804,-0.15957960941176474,0.015647101940848927,0.16029997401316265,0.061873099999999986,0.19228898,0.15957960941176474,0.4368333883665506,1.1995571501727795,3.4972488088465066,18.021641941176473,51.28751291876001,52.91935959142045,206.232099,120.4014,46.35138241176471,47607.79653262309,2.2751862632048945,3.15639940163215,-0.32241028066036204,-0.6686693496619578,0.09395488022208083,0.03273795161445722,0.08456133700000001,0.0890751085,1.1370048290839312,0.15500675262693575,0.020921602914758464,0.061873099999999986,0.153825655,0.9664666987498248,56.99235446271191,62.1338591575569,138.28279300000003,54.83627966666668,1.081059939508031,0.07513022791285673,0.02702862799611388,0.063854242,0.07113447660000001,0.9091963264194408,0.15785913673710403,0.008099455310390939,0.021133609999999997,0.157692822,0.9842513062446712,37.94902323740544,38.486331987703224,85.83069900000001,35.5243726,0.7198363561600127,0.07492035516823818,0.017349365640451603,0.036425065,0.0732956972,0.9066565294066582,0.1690049876011672,0.014590858179913539,0.033772109999999994,0.16850036000000002,1.0537456573409416,59.630873421424724,59.20395500978597,153.780005,45.0611174,1.131108707852267,0.1703760070052023,0.06959775763157831,0.11188449340570138,test,0.05882352941163274,-1.4120691887640981,0.03905725276622468,0.04307884069122195,0.04307884069122195,2.7846172670310487,0.0030922675746330452,0.1572077064385296,0.1572077064385296,10.884832509464289,10.884832509464289,2.3923475499531497,1.0610161938804676,3.7213925578968823,1.30105311286494,1.30105311286494,1.5244940209740105,-0.19952620386469233
abnormal,1,A0011,2,93.329,94.929,1.6000000000000085,17,-0.054288255311764705,0.47355465422515136,0.46261194625570573,2.00192157,1.0064882,0.3014712188058824,3.638166817914364,2.1756640920026524,4.544709577100228,-0.15583380905882355,0.2287089531505874,0.27113655738913,0.92218234,0.70132428,0.21352289611764708,1.249755556798093,2.586609075343067,4.637102798206271,-15.777701941176474,74.11441231201641,73.61227828088727,275.3735,151.39582,62.61994652941177,92119.04773294738,2.056665321813691,3.0496959655175893,0.26095506555063,0.5342659778521112,0.058182780158029745,0.009203805724402929,0.026314349999999993,0.05757294683333333,0.14364070818547953,0.16756321260723803,0.020049790461521288,0.05798433,0.166560605,0.6205133185966588,80.40518186212766,78.22528816619516,206.2321,63.9756605,1.0626297859204041,0.15298239186771134,0.17086304026207405,0.46593176999999997,0.10810804973999999,0.3776804588591651,0.12853233124233487,0.10672460881256098,0.2771327,0.1228523248,0.47597573575466945,47.72840402098614,52.87439938431264,108.480466,44.5842796,0.6307755616312087,0.7053820021273279,0.6091428154777024,1.4916616,0.646508918,1.7414356971540752,0.42794284740848254,0.43075522513735026,0.92218234,0.34562892200000006,1.5847406616484905,91.02315460238695,29.838068735185807,77.486052,87.02279239999999,1.202956240491921,0.3567165309692096,0.27413967086303737,0.010720502162204893,test,0.05882352941162438,-1.4120691887637973,0.047407143421435205,0.4152048028342705,0.4152048028342705,26.83884813924728,0.033917447759152064,0.23721910962997794,0.23721910962997794,16.424705473177234,26.83884813924728,9.68660060467953,2.459484621105386,4.5250609264060335,1.4965862125685931,2.459484621105386,1.2381104349441323,0.2088168004546642
abnormal,1,A0012,1,98.512,100.412,1.9000000000000057,20,-0.18983510604999995,0.3903027615284823,0.4251550315625302,1.83356048,1.3702583,0.25955224144999994,3.6151360172587217,3.222961504098929,7.6552218978725115,0.12414227794999999,0.16464520478930944,0.20288900034679808,0.55452002,0.41129203,0.17995351655,0.8232789292344606,2.027177566536277,2.048023091083248,1.013279180000002,65.92549090872791,64.26420907998128,267.02884000000006,157.35628000000003,49.173837979999995,82597.77137351097,2.448583468975074,3.4463043397514586,0.3539019876355853,0.7397948493798975,0.690786498965686,0.636001278697061,1.83356048,0.5030659318571429,1.5843212375910987,0.23278217029310672,0.1756050341327908,0.5246714,0.19899457028571432,1.1311137485361118,64.32727956951219,28.291512494718027,76.29395500000001,58.753156999999995,1.0594870253640427,0.1458835724094396,0.04961240413843398,0.132222989,0.13867536849999998,0.33458448063185864,0.17727029856807222,0.07410865813116163,0.192285767,0.16385363716666665,0.8613755583813525,30.42368419799711,33.25633352573264,95.36744300000001,21.060310383333334,0.5010859916238088,0.15495410758527622,0.14406880916496406,0.302504646,0.13034286483333335,0.3553877846004686,0.19868343800537958,0.20003413301027015,0.41551965999999996,0.18112098433333332,0.9654243194456633,76.94311807451489,62.85846749384914,170.46930300000002,55.63100805,1.267273166789389,0.5263889428246034,0.019287345345076045,0.024668809110571708,test,0.11764705882358313,4.942242160673231,0.04363506289300602,0.3815199686695242,0.3815199686695242,24.66145967318897,0.019992108283384546,0.18289689206341353,0.18289689206341353,12.663514287642482,24.66145967318897,10.197247617599027,2.510858914007785,3.878608529259963,1.3424316339421976,2.510858914007785,1.5835543600122586,-0.2942680831568271
abnormal,1,A0016,1,132.001,133.201,1.1999999999999886,13,-0.008249579830769228,0.03398606503508161,0.0336787467504138,0.09894372300000001,0.050556147,0.029659031092307695,0.01474535377482061,1.5011291059807275,1.5513028702319533,0.05685134192307692,0.019854532446805188,0.059966276114858434,0.059720389,0.083165527,0.05685134192307692,0.04674740552408473,1.3868716283249956,2.1806368675578254,201.00522615384614,49.596271966658534,206.57607921518778,152.5879,276.56558,201.00522615384614,554757.794550954,1.338807382978283,1.648521370644214,-0.28071464515507644,-0.5769153612557228,0.03175355011884302,0.031462508183023576,0.070112731,0.02975946,0.9798947447516545,0.06385375170655089,0.014953896682162838,0.032371691,0.062526693,1.0994646037322087,207.54747482866713,72.26352173068575,138.28278999999998,197.88744749999998,1.0100804756629926,0.03486416028932822,0.032202968112790664,0.059582576500000005,0.0278182638,1.0758862338173363,0.06281437351272673,0.026935153657281302,0.059720389,0.058322539750000006,1.0815680901608138,181.28243006573658,38.32661210977944,84.63861,178.21790749999997,0.8822552206009816,0.030437912933215728,0.02429720599850171,0.058876151,0.02723748825,0.9392950020655284,0.04578114138035679,0.014116364593412908,0.030149538,0.04411869325,0.7882817081364737,225.21568431725618,41.52979990107506,91.79116000000002,222.32535000000001,1.0960671322536342,0.6364019720423435,0.1854999369303888,0.001764732443803889,test,0.2941176470585817,-9.884484321347005,0.10105995168708226,-0.06738120493666847,0.06738120493666847,-4.3555226586735385,0.23198680584852754,-0.1720205297336691,0.1720205297336691,-11.91045080905401,11.91045080905401,0.2512931792943376,1.1923939049397703,0.35662654204348104,1.0441109743554793,1.1923939049397703,1.0792162785382762,0.3988605027802964
abnormal,1,A0017,1,139.31,140.91,1.5999999999999943,17,0.031673598764705865,0.45758522376174415,0.44505138359515806,1.65968049,0.90092174,0.3371200374705883,3.367202478679397,2.0243094914620587,3.2190545213304285,0.0272739954117647,0.2606615938550643,0.2543454422878526,1.0405699099999999,0.67675328,0.19021304647058823,1.099757268214257,2.6607643286727036,5.53154093765961,284.699865882353,105.73589391318626,302.6159962291791,342.13070000000005,474.45303,284.699865882353,1556799.499954235,1.5678385673990751,1.9442876150694923,0.2726720142978351,0.5594963922004883,0.7002154687523997,0.7667162036169062,1.65968049,0.6646783316666667,1.5291771065839448,0.38283371384500325,0.3999451436771475,1.01224902,0.34036763999999997,1.460455436416693,403.84750609959207,59.760216502513344,156.16419000000002,400.14589666666666,1.3110694968850063,0.2673997894428796,0.2953197114658484,0.79396708,0.22398817479999997,0.5839654428799955,0.19351256192915633,0.1120934100084784,0.25971425,0.16551485000000002,0.7382225307324434,248.55010973734773,94.02961977530336,233.65023,233.888652,0.8069047410279074,0.10534288853748901,0.02791685432539921,0.07394287799999999,0.10234082059999998,0.23005480553003047,0.08101202077834098,0.047283974216860425,0.111524351,0.06909651320000001,0.3090491821436912,214.78724584724026,10.629031864091857,23.841859999999997,214.576746,0.6972953951604008,0.7950512942751881,0.047596292858240505,0.06934320492859676,test,0.05882352941163274,-1.4120691887640981,0.13981344111197028,0.3052379424831878,0.3052379424831878,19.73058772133836,0.37505254690174467,-0.12070710461389206,0.12070710461389206,-8.357584028098161,19.73058772133836,2.266851567093497,1.0071329654482233,1.0325680704270908,0.01900414256330465,1.0071329654482233,1.0329246411037012,0.4493247410579191
