source,label,split,segment_id,cycle_id,cycle_duration,timing_deviation,duration_z,AI0_Vibration_rms,AI1_Vibration_rms,AI2_Current_rms,AI0_Vibration_std,AI1_Vibration_std,AI2_Current_std,AI0_Vibration_ptp,AI1_Vibration_ptp,AI2_Current_ptp,AI0_current_residual,AI1_current_residual,AI0_response_z,AI1_response_z,PORD,vibration_normalized_difference,Shape_RMSE,Template_Correlation
normal,0,train,N0000,1,1.7,1.0697325378441948e-13,0.7060345943817176,0.07354164686874143,0.16517549692473557,155.49395186163716,0.07432172214662325,0.168975646531249,159.11802112052675,0.320468,0.5337510000000001,439.24885,-0.00690593088315497,0.009283117556666914,-0.4463995333577969,0.6427495321897372,0.6427495321897372,-0.38385952763780595,0.05154036876108354,0.9986289498776614
normal,0,train,N0001,1,1.700000000000001,1.0762632615184572e-13,0.7060345943817411,0.07975064535649713,0.13587331770276148,148.7467728205239,0.08163418046566434,0.139270091108885,152.28984631091484,0.24489,0.411261,433.55647999999997,0.0020256515024972277,-0.009968134930385258,0.13093816036675557,-0.6901791369331497,0.6901791369331497,-0.26028031184354133,0.039840531168002506,0.9991807649425808
normal,0,train,N0004,1,1.6999999999999957,1.0449157878819974e-13,0.7060345943816282,0.034011223671997846,0.049504597748873565,83.82992740443507,0.030693761813034487,0.05093109092798209,85.83626824805941,0.105994,0.19803500000000002,221.30086,-0.017518888298014304,0.00036644188072591094,-1.132421348185893,0.025371901839392037,1.132421348185893,-0.18551423925548866,0.056953775164858805,0.9983258154810157
normal,0,train,N0006,1,1.7000000000000028,1.0867124193972773e-13,0.7060345943817787,0.08202468045520067,0.03334115824239531,83.34553111997793,0.08229194296102538,0.03139236783692012,85.32938660604349,0.29573,0.11058000000000001,218.27736,0.030690029360945316,-0.015075417312545816,1.9838042136912035,-1.043799926700811,1.9838042136912035,0.4219925305618035,0.09337708303647169,0.9954997266392731
normal,0,train,N0010,1,1.7000000000000028,1.0867124193972773e-13,0.7060345943817787,0.06498492415125562,0.12084930019495815,157.31333845218617,0.06631450807856916,0.12423599997749644,161.0076621509221,0.222774,0.366165,447.65097000000003,-0.01619680228786166,-0.03775332610930121,-1.0469616776539188,-2.613985285356299,2.613985285356299,-0.3006140351161861,0.08815879684697892,0.9959886588585734
normal,0,train,N0012,1,1.6999999999999886,1.0031191563667174e-13,0.7060345943814776,0.05556573559207949,0.14085189263766074,139.46223388345433,0.05661396725733305,0.14477943175327307,142.65474996139892,0.188044,0.48779300000000003,398.87982,-0.01841281310974198,0.008841141703014976,-1.1902046688654486,0.6121477681336606,1.1902046688654486,-0.4342082623327064,0.1069011474743459,0.9941017520870487
normal,0,train,N0016,1,1.700000000000017,1.170305682427837e-13,0.7060345943820797,0.10421345909904771,0.1256958338302339,117.09330492437681,0.10617960834090556,0.12915674613967668,119.83007913948514,0.354596,0.418311,335.56323,0.03926109532963713,0.02700692966093861,2.537838117814923,1.8699204550073658,2.537838117814923,-0.09343847939935408,0.07830496779950813,0.996835268138277
normal,0,train,N0016,2,1.6999999999999886,1.0031191563667174e-13,0.7060345943814776,0.08431210579283513,0.10370061203987394,116.54637693861358,0.08675616686200605,0.10666936167698371,119.23140982443805,0.32730400000000004,0.323114,328.13887,0.019580435341072497,0.005826438453639879,1.2656797971317189,0.4034141081968518,1.2656797971317189,-0.10312337628238154,0.04499272624822921,0.9989551765598708
normal,0,train,N0018,1,1.6999999999999886,1.0031191563667174e-13,0.7060345943814776,0.08782444339324522,0.08502835237371643,105.87022823778115,0.08984638679034926,0.08716479983576224,108.3150184894259,0.26729,0.253882,295.74636,0.027400752671577183,0.003057890212560116,1.7711852917729167,0.21172386233534596,1.7711852917729167,0.016176139975671938,0.058391766918345786,0.9982402072547872
normal,0,train,N0022,1,1.6999999999999886,1.0031191563667174e-13,0.7060345943814776,0.07126082057562284,0.07865688328853787,103.83641298250191,0.07262771931385445,0.08072682055675558,106.27830870645853,0.242278,0.26113600000000003,290.70369,0.011657803595021839,-0.00028390854689884504,0.7535606962832966,-0.01965741407345042,0.7535606962832966,-0.049334151485986,0.04725295556346581,0.9988475655176853
normal,0,train,N0023,1,1.6000000000000227,0.05882352941161602,-1.4120691887634962,0.06600524445518126,0.03689291207153004,82.65252031696382,0.06590013643942852,0.035277082247398325,85.14317126155638,0.259684,0.13885,222.05749,0.014950233198828183,-0.010491320816177672,0.9663834226644064,-0.7264037652747182,0.9663834226644064,0.2829237506875163,0.08944765886376695,0.9958705116509851
normal,0,train,N0027,1,1.700000000000017,1.170305682427837e-13,0.7060345943820797,0.06857572054994716,0.043136039580224175,86.22409206875811,0.07030271187345079,0.042464250329722765,88.23553188088508,0.26737,0.18846500000000002,223.1628,0.016079528663531434,-0.009568580655597847,1.0393811078419766,-0.6625145811805855,1.0393811078419766,0.22772607771869186,0.05707408860527933,0.9983187346631607
normal,0,train,N0028,1,1.6999999999999886,1.0031191563667174e-13,0.7060345943814776,0.06313793281072094,0.04367887704600474,92.99268093658284,0.06463411713651188,0.044751325765734026,95.16509768776747,0.191666,0.155789,251.99356999999998,0.007910517853043635,-0.019108563046052997,0.5113360585219089,-1.3230490601563116,1.3230490601563116,0.1821722235539016,0.037579990812027425,0.9992710938273891
normal,0,train,N0036,1,1.6000000000000227,0.05882352941161602,-1.4120691887634962,0.0596556260356547,0.12008514614614572,147.882941193635,0.06115004798853391,0.1236995289714747,152.34644032622435,0.24375400000000003,0.369651,435.95081000000005,-0.017720799318305315,-0.0244695007952795,-1.145472881246781,-1.6942325779109695,1.6942325779109695,-0.3362037415141003,0.12474159919144413,0.9919687914483336
normal,0,train,N0041,1,1.6999999999999886,1.0031191563667174e-13,0.7060345943814776,0.06324950820669588,0.06071837007538255,94.21222004952914,0.06409625951759633,0.06221310593459719,96.46360413362925,0.21818700000000002,0.23038,254.4004,0.007529991656407692,-0.0038857549156388824,0.4867388362961489,-0.269044008005392,0.4867388362961489,0.02041769340871933,0.17750215307505843,0.9837383151760966
normal,0,train,N0041,2,1.6999999999999886,1.0031191563667174e-13,0.7060345943814776,0.05884805232498731,0.045864900458968745,92.59519374418805,0.06020943660800684,0.04685585142817088,94.81933322498048,0.19764900000000002,0.135682,249.02895,0.0037810291729875947,-0.016330423339081364,0.2444058139288497,-1.1306947151732143,1.1306947151732143,0.12398802173673242,0.10194855112039952,0.9946356092513243
normal,0,train,N0042,1,1.599999999999966,0.05882352941164946,-1.4120691887647003,0.06607865094496014,0.040650168619142356,82.32904045116751,0.06489296110082991,0.04189930568409008,84.81503906256798,0.26974200000000004,0.161443,219.43357,0.015154168472346796,-0.006252192895132146,0.9795658035011392,-0.4328927253129695,0.9795658035011392,0.23825319561701802,0.05055866730049163,0.998680681889443
normal,0,train,N0042,2,1.6999999999999886,1.0031191563667174e-13,0.7060345943814776,0.056599177039070095,0.04684798734085477,83.98218825984402,0.05413223066529453,0.047330959193151695,85.95831254837199,0.196173,0.164872,219.85295,0.005007625621447263,-0.0025169837182025673,0.32369303696583684,-0.17427228487934524,0.32369303696583684,0.09426251320247302,0.05928963532630133,0.9981856718156754
normal,0,train,N0043,1,1.6000000000000227,0.05882352941161602,-1.4120691887634962,0.0647812832868732,0.17947623782633207,170.69737948759288,0.06676282499496874,0.184818737248904,175.86223986532076,0.21621200000000002,0.541858,485.97866,-0.021801096431154562,0.0009360917016611736,-1.4092233817882722,0.06481362534262983,1.4092233817882722,-0.4695657026906123,0.05302004529184805,0.9985490966695473
normal,0,train,N0043,2,1.6999999999999886,1.0031191563667174e-13,0.7060345943814776,0.07070187009785056,0.18933055100757862,176.08797958982814,0.07062765076966548,0.19395409985975676,180.24739126809325,0.244753,0.576156,495.56273999999996,-0.01805569438241872,0.0027603042505270903,-1.1671205060020051,0.19111944396884656,1.1671205060020051,-0.4562072698664537,0.07253541479707153,0.9972844457291415
normal,0,train,N0049,1,1.6000000000000227,0.05882352941161602,-1.4120691887634962,0.07280520272739079,0.11004097882527003,126.70357884600693,0.0593659273237381,0.1128702245617727,130.53381918893652,0.226645,0.346569,366.43939,0.003974955049168491,-0.0029638577507777736,0.256941187088218,-0.2052131917064031,0.256941187088218,-0.2036453579805902,0.06833261462640873,0.9975900148533235
normal,0,train,N0051,1,1.6999999999999886,1.0031191563667174e-13,0.7060345943814776,0.04601199298793981,0.04577268508073346,84.75012326952684,0.034108541276774235,0.044845965552870876,86.87610801801458,0.12468199999999999,0.18608,224.24689,-0.005889431263833941,-0.004736239395369997,-0.38069297425653026,-0.32793031404912165,0.38069297425653026,0.0026072751164926294,0.12431407510808247,0.9920237474735517
normal,0,train,N0051,2,1.6999999999999886,1.0031191563667174e-13,0.7060345943814776,0.05615576304500426,0.04370699923162574,83.35041789290891,0.04600117038440755,0.0422284380136794,85.35821450915665,0.159422,0.168506,220.54984000000002,0.004819140067505043,-0.0047168558984385794,0.311509326362864,-0.3265882289673786,0.3265882289673786,0.12465871691761858,0.07189187317211385,0.9973324173273803
normal,0,train,N0052,1,1.7000000000000455,1.3374922084889567e-13,0.7060345943826817,0.11537003525058931,0.15625997987986417,126.03733756875228,0.11206998980849633,0.16066481998475987,128.9976651583412,0.380948,0.5253950000000001,357.13831,0.046808625521162314,0.04424760878082,3.0257106454301277,3.0636399540110966,3.0636399540110966,-0.15053544288721724,0.07522081669536353,0.9970796535409946
normal,0,train,N0053,1,1.6000000000000227,0.05882352941161602,-1.4120691887634962,0.07079089813170981,0.16656886746963748,169.42227918460696,0.0694979566076565,0.1716890391097847,174.5536676520524,0.22551,0.49243600000000004,497.73865,-0.015276960253482588,-0.010071827099517344,-0.9875030670976956,-0.697358631622789,0.9875030670976956,-0.40351391944996295,0.12453430624665461,0.9919954614542708
normal,0,train,N0053,2,1.6999999999999886,1.0031191563667174e-13,0.7060345943814776,0.08009945219295268,0.16187032870256915,173.07959510333174,0.08149022576284279,0.16536286971899894,177.11635760378854,0.256686,0.47896099999999997,496.46073,-0.007444185828316727,-0.02021848190464784,-0.4811923455670561,-1.3998982245426936,1.3998982245426936,-0.33793838307679297,0.0692128917361568,0.9975275228993624
normal,0,train,N0054,1,1.599999999999966,0.05882352941164946,-1.4120691887647003,0.04584648945377709,0.04474709273106302,82.19076413132436,0.04594930579605861,0.04603246256327925,84.69697750285161,0.164327,0.14879599999999998,222.95621,-0.005022196532694208,-0.0019492856380408097,-0.3246349010086861,-0.13496569706317252,0.3246349010086861,0.012135481302183332,0.05797177860778398,0.9982654311664757
normal,0,train,N0054,2,1.7000000000000455,1.3374922084889567e-13,0.7060345943826817,0.026056747659888618,0.04601798673163933,83.73901347196451,0.02596999301034785,0.046996618562722844,85.5333454974185,0.09011,0.17232,219.53312,-0.025436679229272622,-0.0029847393118546117,-1.6442275386532337,-0.20665900056658393,1.6442275386532337,-0.27695196159918295,0.06904785808233413,0.9975392997647676
normal,0,train,N0056,1,1.6999999999999886,1.0031191563667174e-13,0.7060345943814776,0.055074518867117166,0.044659097476201746,86.6045177088521,0.05540815738048553,0.043862967577251395,88.63967179503265,0.18931599999999998,0.1537,224.52607,0.002424819757052013,-0.008612223333796763,0.15674040565118807,-0.5962977938306918,0.5962977938306918,0.10443240476668736,0.05875733826123924,0.9982181033292647
normal,0,train,N0056,2,1.6000000000000227,0.05882352941161602,-1.4120691887634962,0.05045407109208043,0.0450567649370018,85.01376642215195,0.0505256078870932,0.04608880074665326,87.5786103300078,0.234536,0.16007,226.48372999999998,-0.0015537369680603402,-0.005844895228350765,-0.10043359385404585,-0.4046920283824762,0.4046920283824762,0.05650988285118439,0.10814011905730529,0.9939642398194891
normal,0,train,N0058,1,1.6999999999999886,1.0031191563667174e-13,0.7060345943814776,0.0757017484305643,0.05147671293841949,85.91977879122784,0.07622373531106463,0.04944718117996001,87.92608743139516,0.261976,0.216677,225.45793,0.023328351333537077,-0.0007745874079667786,1.5079451742992456,-0.05363130339259486,1.5079451742992456,0.19048064610303833,0.1568848820029168,0.9872965851865325
normal,0,train,N0058,2,1.6999999999999886,1.0031191563667174e-13,0.7060345943814776,0.06743689714301643,0.0528965830029586,86.35427384651084,0.06874213961066118,0.053195031445492424,88.35250469657154,0.226611,0.191144,227.20828,0.014888175034748062,-1.96235363487951e-06,0.9623719814908521,-0.0001358705061233902,0.9623719814908521,0.12083348808908642,0.05058209928439969,0.9986794587003772
normal,0,train,N0059,1,1.6999999999999886,1.0031191563667174e-13,0.7060345943814776,0.07094554368199128,0.15909539383059182,173.48596801837354,0.07160048587988278,0.1636526195824039,177.53964023331503,0.254654,0.49119900000000005,487.74725,-0.016762071661992187,-0.02359876967614863,-1.0835007031817907,-1.633944424058767,1.633944424058767,-0.38319201400140185,0.10682176204158839,0.9941105089828747
normal,0,train,N0059,2,1.6000000000000227,0.05882352941161602,-1.4120691887634962,0.05830426413978958,0.1668870420485242,169.52863847145179,0.059417128282554924,0.17201900769825595,174.66863675114027,0.194607,0.487134,483.07616,-0.027806511749146376,-0.009912090497915943,-1.7974135680107237,-0.686298702097374,1.7974135680107237,-0.48218015049591334,0.06006267318516652,0.9981380517625025
normal,0,train,N0060,1,1.7000000000000455,1.3374922084889567e-13,0.7060345943826817,0.09234029584489223,0.1122194000711701,113.21864197554383,0.09480166266586476,0.11493332615343911,115.84620304131616,0.302406,0.328075,318.93149,0.028951414367857337,0.019302382668764426,1.8714200999873645,1.3364688483973277,1.8714200999873645,-0.097179965668006,0.04910815360240069,0.9987552976772958
normal,0,train,N0060,2,1.599999999999966,0.05882352941164946,-1.4120691887647003,0.08492051715124735,0.10765505770938848,107.75646165882767,0.08682350931470455,0.11092784912487301,111.02257287857991,0.263736,0.352065,316.76261,0.02373570408370361,0.022874770315438053,1.534276465570913,1.5838157633408787,1.5838157633408787,-0.11805516132809539,0.08781053626709824,0.9960202888879881
normal,0,train,N0061,1,1.599999999999966,0.05882352941164946,-1.4120691887647003,0.05823585068596188,0.03185342189578049,81.94049914493641,0.059998260817011824,0.03277777419755021,84.42166405435279,0.196195,0.109445,217.96503,0.007468150225144382,-0.014470149552508853,0.4827414047369283,-1.0018920689969197,1.0018920689969197,0.29284761696738626,0.0617875063348107,0.9980295762895083
normal,0,train,N0062,1,1.7000000000000455,1.3374922084889567e-13,0.7060345943826817,0.06983976573477955,0.2014904846745595,185.9420528880698,0.06781131716023908,0.20703332029698215,190.29221716889532,0.308525,0.6459440000000001,522.52085,-0.022894059213310072,0.0002411300773764169,-1.4798725215185502,0.016695495180844983,1.4798725215185502,-0.4852047228080226,0.11627536062000177,0.9930219563936387
normal,0,train,N0063,1,1.6999999999999886,1.0031191563667174e-13,0.7060345943814776,0.07848365699303264,0.12312074244550889,149.97474903101144,0.08032117672285305,0.1265751294509684,153.58336919199886,0.292971,0.399329,435.13219,0.00026315705607547757,-0.024549963398295377,0.017010478242468506,-1.6998036912930337,1.6998036912930337,-0.22140928261767576,0.050401945238791976,0.9986888484728481
normal,0,train,N0064,1,1.599999999999966,0.05882352941164946,-1.4120691887647003,0.07678705215763153,0.057358350078309285,82.88612148414822,0.07582149312122752,0.04906534505239206,85.4001302196296,0.266495,0.153258,221.76078,0.02563777946662099,0.009626133507012337,1.657226662685797,0.666499456746041,1.657226662685797,0.14483315682340983,0.07420307862995167,0.997158143546752
normal,0,train,N0065,1,1.6000000000000227,0.05882352941161602,-1.4120691887634962,0.07078503204067935,0.1608958450439655,144.15173414056525,0.07236156351654395,0.16556063317334033,148.48076362102591,0.286715,0.46252099999999996,413.26432,-0.005085797540513165,0.021899385975533175,-0.32874607163750325,1.5162815729838026,1.5162815729838026,-0.3889436803624286,0.0905303487725426,0.9957699385554137
normal,0,train,N0065,2,1.6999999999999886,1.0031191563667174e-13,0.7060345943814776,0.0637168614619047,0.13924042210048854,152.21746482480492,0.061036459476272814,0.14325935169156753,155.72953065253293,0.20666299999999999,0.433445,432.07078,-0.015408606591436239,-0.011771142492330189,-0.9960126894534764,-0.8150167531650355,0.9960126894534764,-0.37211554723530893,0.059749194438771955,0.9981574367813751
normal,0,train,N0067,1,1.6999999999999886,1.0031191563667174e-13,0.7060345943814776,0.11910947296313404,0.13710511233944236,131.53453978847583,0.10800981364357713,0.1388850528569876,134.66727061570472,0.361772,0.510557,374.78283999999996,0.04832986298206071,0.016903840898370978,3.1240434703832216,1.1703973113897248,3.1240434703832216,-0.07023659232742803,0.04936022092955268,0.9987424870140821
normal,0,train,N0067,2,1.6999999999999886,1.0031191563667174e-13,0.7060345943814776,0.06608490699765635,0.11471685252079476,130.87441293988715,0.054331109221890966,0.11758020444592597,133.94313255983266,0.16589399999999999,0.38802000000000003,369.79906000000005,-0.00442833229463202,-0.004501061794210975,-0.28624750280933825,-0.31164695964757083,0.31164695964757083,-0.26897938190643805,0.06844028376505491,0.9975824142235634
normal,0,train,N0068,1,1.6999999999999318,6.687461042444783e-14,0.7060345943802737,0.08401331807748631,0.15924175072633712,172.82957921098216,0.08561111126493066,0.1633505242201467,176.88784396467557,0.34582,0.5106360000000001,497.30748,-0.0034294349311605604,-0.022474624022684964,-0.22167875393673436,-1.5561102171270682,1.5561102171270682,-0.30925741041478816,0.04071464140456105,0.9991444221807981
normal,0,train,N0068,2,1.7000000000000455,1.3374922084889567e-13,0.7060345943826817,0.09092873790349354,0.14413276028717412,172.6335764814535,0.08995609550054189,0.14798325188154876,176.6425075700093,0.31596199999999997,0.421149,491.50234,0.003565074818518005,-0.03729163924341469,0.2304465194191184,-2.5820187595361466,2.5820187595361466,-0.22634086310595347,0.13747743052551722,0.9902451386302361
normal,0,train,N0071,1,1.6000000000000227,0.05882352941161602,-1.4120691887634962,0.07040199353168414,0.1575675712226345,167.61444637971,0.07244243479663495,0.16241682145572056,172.69719681092266,0.258764,0.461907,490.84645,-0.01493637828516467,-0.01638008749253031,-0.965487840722053,-1.1341333887870138,1.1341333887870138,-0.38235620524391406,0.06300586643998765,0.997951102345364
normal,0,train,N0071,2,1.6999999999999318,6.687461042444783e-14,0.7060345943802737,0.06700529109953432,0.1465911339351357,170.6306637205633,0.06887547446864556,0.15046671257017769,174.73129244351378,0.287091,0.42221600000000004,497.45601999999997,-0.01955016784583516,-0.03184962913146119,-1.2637233055336345,-2.2052219095255734,2.2052219095255734,-0.37259913325942023,0.04543150779704787,0.9989346983738243
normal,0,train,N0072,1,1.6999999999999318,6.687461042444783e-14,0.7060345943802737,0.03674293171860103,0.060230231596027514,83.66594283070147,0.0378051752191373,0.06191016491142207,85.60807774076858,0.114838,0.213567,219.65268,-0.014721010114642837,0.011336355140981344,-0.9515664371563766,0.7849127105332776,0.9515664371563766,-0.24220412198970911,0.06454448973344942,0.9978498110167975
normal,0,train,N0072,2,1.6000000000000227,0.05882352941161602,-1.4120691887634962,0.030734546901415256,0.044763745363197396,81.90600537243068,0.03101709167966439,0.04608918195569963,84.3770849562855,0.11142099999999999,0.163555,220.43421999999998,-0.020019234825509227,-0.0015084424804545637,-1.294043806040062,-0.10444235923211054,1.294043806040062,-0.18582140126329774,0.11942008236218553,0.9926394033179842
normal,0,train,N0073,1,1.6999999999999318,6.687461042444783e-14,0.7060345943802737,0.07703717264087513,0.0819288135327791,103.69228751630659,0.07115507977881878,0.07710996874746671,106.10408196358485,0.24360700000000002,0.223943,297.29846,0.017492312361193016,0.0032027180159873714,1.1307034790099186,0.22175152840040427,1.1307034790099186,-0.03077161982645505,0.11689216850497214,0.9929477269379051
normal,0,train,N0073,2,1.7000000000000455,1.3374922084889567e-13,0.7060345943826817,0.060561582334292874,0.09373008097012754,106.55183475307759,0.05299365549462508,0.09595903264291855,108.96831730660627,0.177542,0.276054,304.18769,-0.00013714643096934126,0.010744264524529479,-0.008865148496597388,0.7439172190493787,0.7439172190493787,-0.21497272065942805,0.035687542528318045,0.9993426577075036
normal,0,train,N0074,1,1.6999999999999318,6.687461042444783e-14,0.7060345943802737,0.09312855496570319,0.16364738250410377,183.27025094086486,0.09468979346575974,0.16837194159601077,187.5595315338216,0.320355,0.5496110000000001,518.60064,0.001472840575448775,-0.03362192569769751,0.09520444914884352,-2.3279331411669055,2.3279331411669055,-0.2746317596305842,0.03582025143207559,0.999337759787015
normal,0,train,N0075,1,1.6000000000000227,0.05882352941161602,-1.4120691887634962,0.09836453179403043,0.10780554877539794,109.87025368423966,0.10125732280323933,0.11111222354418898,113.20059933185796,0.33143500000000004,0.331186,324.22249,0.036326773207059786,0.019876453761133853,2.3481634673727845,1.3762166942919545,2.3481634673727845,-0.04579237178957414,0.06351934957903434,0.997917570182737
normal,0,train,N0075,2,1.7000000000000455,1.3374922084889567e-13,0.7060345943826817,0.10193335645138173,0.09939550625768864,110.19128321169069,0.10487036142781239,0.10211298122863073,112.76738572597445,0.32661,0.299738,313.03076,0.03976605782747688,0.010988190013411905,2.57047890545279,0.7608062644494055,2.57047890545279,0.012605496099919814,0.0864248177267954,0.9961449036804559
normal,0,train,N0076,1,1.7000000000000455,1.3374922084889567e-13,0.7060345943826817,0.09066790960238726,0.16609551707259024,180.76961720115267,0.08151716880478439,0.1707045678795899,184.99710494242944,0.313282,0.49575199999999997,511.41256,2.1236933538518188e-05,-0.027448725237884997,0.0013727558792491726,-1.9005097369670547,1.9005097369670547,-0.29376305047287293,0.06271434492229531,0.9979700185501749
normal,0,train,N0076,2,1.7000000000000455,1.3374922084889567e-13,0.7060345943826817,0.06900928743493717,0.16562845035584248,179.96444196644268,0.05797675273280814,0.16905841538592703,184.09972672094887,0.19921499999999998,0.5366580000000001,509.19372,-0.02131248543272818,-0.026716363683420258,-1.3776395554538594,-1.8498020901390881,1.8498020901390881,-0.4117801502444006,0.1720490917892185,0.984722121297794
normal,0,train,N0078,1,1.7000000000000455,1.3374922084889567e-13,0.7060345943826817,0.05519094583554645,0.09144099365255536,107.67481626625954,0.05674313721609145,0.09369212394806029,110.10728503409021,0.207118,0.27313699999999996,307.00221999999997,-0.005960922140457708,0.006782329214501892,-0.3853141461889099,0.4695985915472007,0.4695985915472007,-0.2472179522640982,0.03051915852091293,0.9995192675938965
normal,0,train,N0078,2,1.6000000000000227,0.05882352941161602,-1.4120691887634962,0.042958159980860174,0.09434486234461062,105.70049350841586,0.04269504303642699,0.097225013140985,108.88363629376427,0.16092099999999998,0.262487,307.38715,-0.01739704033344385,0.012627245308628396,-1.1245450929141347,0.8742920646455814,1.1245450929141347,-0.37425762006582974,0.0834985859112253,0.9964015412391324
normal,0,train,N0079,1,1.7000000000000455,1.3374922084889567e-13,0.7060345943826817,0.09969615922335669,0.15915462218965976,175.18155346280352,0.10232573728274581,0.1634895570963343,179.18729195625846,0.439541,0.54003,488.42019,0.011304350737264005,-0.026065368032352487,0.7307134953140633,-1.8047280998952762,1.8047280998952762,-0.22970169393154274,0.1447176126810236,0.9891906129444568
normal,0,train,N0084,1,1.6000000000000227,0.05882352941161602,-1.4120691887634962,0.08607464613174941,0.19277827340176254,173.37945022808154,0.08836622454271668,0.19859278160360921,178.62767887978796,0.283968,0.5527789999999999,497.93703,-0.0015899877500672038,0.010242783986767284,-0.10277684524846557,0.7091954373762142,0.7091954373762142,-0.38265199965678354,0.10189884131831667,0.9946408392970187
normal,0,train,N0086,1,1.6000000000000227,0.05882352941161602,-1.4120691887634962,0.05929979830240472,0.033509861170214636,82.7168122331135,0.06111513384173062,0.033474791337156626,85.20776219202146,0.231096,0.113793,219.69774,0.008218844332125205,-0.013970144089165845,0.5312662893210023,-0.9672724193270494,0.9672724193270494,0.27787988102165956,0.07634855001608155,0.9969914316957093
normal,0,train,N0089,1,1.7000000000000455,1.3374922084889567e-13,0.7060345943826817,0.07851325911483571,0.18770984530756207,178.05947158362383,0.08005117630854873,0.19242390525754682,182.25976284914933,0.330107,0.627086,495.57335,-0.011039830773079254,-0.0017972320074727266,-0.7136149186596243,-0.12443772525641697,0.7136149186596243,-0.41016945703954205,0.1584644531089828,0.9870394926972109
normal,0,train,N0089,2,1.6000000000000227,0.05882352941161602,-1.4120691887634962,0.10128123641768064,0.18580005230924357,173.83859726157687,0.10430929687060356,0.1915013281877992,179.11289401103278,0.38038,0.53601,496.21541,0.013431330096442429,0.0025805950958397994,0.8682014907000152,0.17867664397193017,0.8682014907000152,-0.2944072609750057,0.09722511398125933,0.9951211753348759
normal,0,train,N0091,1,1.6000000000000227,0.05882352941161602,-1.4120691887634962,0.04788412881357761,0.04873975098116406,81.87369182052467,0.04313848636522094,0.04360709506524611,84.35608775251869,0.138227,0.17188799999999999,218.39872,-0.0028566139298595375,0.0025156989792873632,-0.1846515910524307,0.17418333142898465,0.1846515910524307,-0.00885518330867266,0.0477859651954021,0.9988214201446927
normal,0,train,N0094,1,1.599999999999909,0.058823529411682896,-1.4120691887659043,0.08653823378817291,0.14699829092964073,151.03986220777497,0.08883203125243633,0.1515161592539186,155.6074944207081,0.317176,0.5556399999999999,432.11095,0.007887945347483466,-0.002259059412377973,0.5098769712360292,-0.15641398179343188,0.5098769712360292,-0.25888908475564537,0.06425279873662411,0.9978692014732938
normal,0,train,N0096,1,1.599999999999909,0.058823529411682896,-1.4120691887659043,0.03339768042491433,0.03876915175527483,81.81106784133387,0.033104994966883065,0.039726623648564774,84.28835197943117,0.095549,0.15240599999999999,219.45013999999998,-0.017317792641176458,-0.007361612515112803,-1.1194225202376349,-0.5097073231451998,1.1194225202376349,-0.07443130269144076,0.08749553476345787,0.9960487903981674
normal,0,train,N0100,1,1.6999999999999318,6.687461042444783e-14,0.7060345943802737,0.07094737792938902,0.0650569367255415,94.41507540937799,0.07294458307771971,0.06557688169477455,96.58584440281427,0.287011,0.240848,258.84965,0.01514600632042206,0.0001506285039872407,0.9790382018103541,0.010429298119002096,0.9790382018103541,0.04331069362578244,0.04188749365996484,0.9990944195483278
normal,0,train,N0100,2,1.6000000000000227,0.05882352941161602,-1.4120691887634962,0.07362198985277668,0.05833971143629859,91.97331655918634,0.07562801226378087,0.058915673930115625,94.73404480375318,0.331254,0.207231,261.22716,0.018805903099535323,-0.002929233798727608,1.2156140149739332,-0.2028158797207522,1.2156140149739332,0.11580843735020456,0.12233925516971994,0.9922751518165179
normal,0,train,N0102,1,1.6999999999999318,6.687461042444783e-14,0.7060345943802737,0.0812014924989409,0.08825120160214377,106.79407604016549,0.08354560714456262,0.09071126317287341,109.29377323217028,0.25571,0.252667,300.6473,0.02040501588622829,0.004904530729257228,1.3189807028027152,0.3395825607719788,1.3189807028027152,-0.04160281511343723,0.12684114396000398,0.9916961673284652
normal,0,train,N0103,1,1.6999999999999318,6.687461042444783e-14,0.7060345943802737,0.07352062555349878,0.08235025936814043,94.67171780678436,0.07564906041716579,0.08471853601043655,96.84219308163549,0.24991999999999998,0.27121799999999996,262.42641,0.0176156950417017,0.017061644123504638,1.138678938355719,1.1813233767458453,1.1813233767458453,-0.05664710134303731,0.08831678484992254,0.9959742686522659
normal,0,train,N0104,1,1.599999999999909,0.058823529411682896,-1.4120691887659043,0.03003766427239602,0.048914347805478244,82.17638117890763,0.027929157716312304,0.049937723129737835,84.6165235746077,0.090496,0.200578,219.10157,-0.020825217985670358,0.0022393949832720875,-1.346142576311247,0.1550524453773015,1.346142576311247,-0.23909059485683692,0.08359215840935831,0.996393471510946
normal,0,train,N0107,1,1.6000000000000227,0.05882352941161602,-1.4120691887634962,0.0646555275190351,0.07997531840695676,103.5439713284845,0.06620083286401846,0.0804952619372444,106.64768092789784,0.258502,0.28533000000000003,301.0495,0.0051705149567918204,0.0014701619119872195,0.3342222074016627,0.10179186845418137,0.3342222074016627,-0.10592339960214944,0.04932330409965515,0.9987443673149372
normal,0,train,N0107,2,1.7000000000000455,1.3374922084889567e-13,0.7060345943826817,0.06443546504018144,0.08855659189059716,108.10621919945073,0.05805966489158828,0.08626693466995144,110.59620713980524,0.19378900000000002,0.262192,309.83547999999996,0.0031095197687246515,0.003255288618104285,0.20099943037532597,0.2253914402846734,0.2253914402846734,-0.15766260898872467,0.04656623504326359,0.9988808184536226
normal,0,train,N0108,1,1.599999999999909,0.058823529411682896,-1.4120691887659043,0.08866404558284968,0.19721256419004285,178.7679028382667,0.08938139894402626,0.20304734128269344,184.18072317474767,0.35012299999999996,0.669468,505.5781,-0.0011749065172438067,0.0066501731514864715,-0.07594598467760323,0.46044829832289536,0.46044829832289536,-0.3797040922412194,0.0458401179007092,0.998915449595276
normal,0,train,N0108,2,1.7000000000000455,1.3374922084889567e-13,0.7060345943826817,0.11026865751452475,0.19638052287855728,183.822866534575,0.11346550463128442,0.2018359569220603,188.17157789937446,0.422455,0.615801,514.16832,0.018389954774918116,-0.001711988444298207,1.1887271055692952,-0.11853558515982195,1.1887271055692952,-0.28081557320116807,0.04507510809719245,0.9989513469058194
normal,0,train,N0113,1,1.7000000000000455,1.3374922084889567e-13,0.7060345943826817,0.07651967609307353,0.18374905281721107,174.8203487959131,0.07833197300347826,0.1886768843465089,178.87903882263527,0.27204700000000004,0.5413920000000001,492.83295,-0.011726381108826345,-0.0009328693290756307,-0.7579935483750909,-0.06459051296047798,0.7579935483750909,-0.41199485306084477,0.11403318368877917,0.9932884815575681
normal,0,train,N0113,2,1.599999999999909,0.058823529411682896,-1.4120691887659043,0.0754554549273551,0.18941786635140215,171.93363396850205,0.07777690897599553,0.19521250853069222,177.14339545500619,0.280244,0.5650740000000001,490.04572,-0.01162577127494653,0.009036135300998088,-0.7514901263665237,0.6256488407117654,0.7514901263665237,-0.4302525104205599,0.06651899262027491,0.9977162444494345
normal,0,train,N0126,1,1.7000000000000455,1.3374922084889567e-13,0.7060345943826817,0.0441083589224688,0.054362270697505724,83.76079520354945,0.04538604850867749,0.0552950399383258,85.73177516412635,0.202848,0.17624800000000002,219.94843,-0.007393857209029138,0.005327097525073016,-0.4779391024424655,0.3688404699465162,0.4779391024424655,-0.10413167677007326,0.05268940451720092,0.9985671363363201
normal,0,train,N0126,2,1.599999999999909,0.058823529411682896,-1.4120691887659043,0.03620081486245693,0.047322682895327955,82.9906107913648,0.03586011130338522,0.04843864796567558,85.46389110681571,0.142506,0.138498,222.14916,-0.014990620768590736,-0.0005651860404634335,-0.9689940761158399,-0.039132657848027184,0.9689940761158399,-0.13315855215966743,0.05355771614198966,0.9985195205376266
normal,0,train,N0127,1,1.7000000000000455,1.3374922084889567e-13,0.7060345943826817,0.08898057180175158,0.15332484989883408,115.12365731263627,0.09125377888633406,0.15774122768496138,117.78055633450936,0.294685,0.495025,327.84871,0.024822989205269583,0.057570028806123594,1.6045586011882602,3.986064903025059,3.986064903025059,-0.2655503027758352,0.08542432299161237,0.9962336438923446
normal,0,train,N0127,2,1.6000000000000227,0.05882352941161602,-1.4120691887634962,0.07070075395554387,0.09845739379130686,109.29497391211193,0.071280576308986,0.10002667579145928,112.58189593093856,0.229302,0.3313,321.64207999999996,0.008895129040265758,0.011385263562845235,0.5749813486285517,0.7882990583933861,0.7882990583933861,-0.1640869222399939,0.0588426863877254,0.9982129229722181
normal,0,train,N0131,1,1.6000000000000227,0.05882352941161602,-1.4120691887634962,0.02778076203693738,0.03607612517669693,81.52829104449077,0.02339401474988094,0.03410930575564904,83.90950101556679,0.097934,0.11688200000000001,216.75923,-0.02282060651983291,-0.009633400995503687,-1.4751245376990108,-0.6670026470589431,1.4751245376990108,-0.1299055356688052,0.04546747731160463,0.9989330108422797
normal,0,train,N0131,2,1.599999999999909,0.058823529411682896,-1.4120691887659043,0.04153324617063526,0.034276255964459955,83.6030471460756,0.040856463172558005,0.034681807462206865,86.09806183241676,0.152769,0.131085,224.0869,-0.009905316348206822,-0.01452392801343904,-0.6402798797749936,-1.0056156112653183,1.0056156112653183,0.09572665697167307,0.13304551201408943,0.9908639441202021
normal,0,train,N0133,1,1.6999999999999318,6.687461042444783e-14,0.7060345943802737,0.0955383559452549,0.1755535283782572,187.21964123394793,0.09052540953283911,0.18044763187569338,191.55798429252619,0.32242099999999996,0.551201,523.81915,0.002289005703196789,-0.027598984084393235,0.14796138204232379,-1.9109134405408805,1.9109134405408805,-0.29515886332185326,0.17618722673107629,0.9839783541351129
normal,0,train,N0136,1,1.7000000000000455,1.3374922084889567e-13,0.7060345943826817,0.07451364033741295,0.10829175732406106,122.72400317292824,0.07630866770441959,0.11123748717393449,125.64902288598768,0.267029,0.339781,357.05511,0.007289208746471626,0.001215090622039866,0.4711746233819751,0.0841311040301704,0.4711746233819751,-0.18477636556998678,0.09971427830753052,0.9948681613943734
normal,0,train,N0137,1,1.7000000000000455,1.3374922084889567e-13,0.7060345943826817,0.06170330493894868,0.04317031455114086,83.99559482790232,0.05557748316395651,0.044421600046076634,85.97536220513831,0.177316,0.13516,219.61750999999998,0.010106343778068828,-0.0062146275850880825,0.6532742975299406,-0.43029175798599173,0.6532742975299406,0.17671737161109854,0.100828983737077,0.9947527824715037
normal,0,train,N0138,1,1.599999999999909,0.058823529411682896,-1.4120691887659043,0.060673901527660425,0.06206148954061608,88.49692723234921,0.06235058869562641,0.06379603179619542,91.19110597119969,0.249579,0.239724,240.52658,0.0072605879254490704,0.005971143274610166,0.4693245728435386,0.4134332591358007,0.4693245728435386,-0.011305524843868753,0.10733891828776423,0.9940533453526714
normal,0,train,N0138,2,1.7000000000000455,1.3374922084889567e-13,0.7060345943826817,0.0648858610976913,0.06491174239517669,89.14234917626091,0.0665856465960769,0.06661462672795349,91.30445050421794,0.22159299999999998,0.24841999999999997,234.99623000000003,0.011212110447472827,0.007859944145780548,0.7247510808305928,0.5442110790797536,0.7247510808305928,-0.00019939734470222036,0.1669568562370282,0.9856131138866685
normal,0,train,N0139,1,1.599999999999909,0.058823529411682896,-1.4120691887659043,0.06550169809608442,0.0518932014656346,86.8229704827571,0.06741365328972795,0.05337469982929784,89.42081545838775,0.21404299999999998,0.191519,237.31997,0.01276385014617664,-0.0017035372430413698,0.8250555711468486,-0.11795043629995727,0.8250555711468486,0.11592068037998009,0.2033527805299116,0.9786568498842386
normal,0,train,N0145,1,1.599999999999909,0.058823529411682896,-1.4120691887659043,0.0875582709923881,0.15224095939448404,151.98673635102557,0.08843436892411995,0.15687151549148617,156.5851331021331,0.289531,0.47395299999999996,441.44849999999997,0.00852590520055084,0.001573099181152754,0.5511147110177775,0.10891909497018298,0.5511147110177775,-0.2697368473513136,0.0680991916905459,0.9976064516599171
normal,0,train,N0145,2,1.7000000000000455,1.3374922084889567e-13,0.7060345943826817,0.08982422792691662,0.14711959243021758,153.9358835838171,0.09025448811001036,0.15137808226200888,157.53949304758595,0.310421,0.48459199999999997,443.90635999999995,0.010005353160248295,-0.006451812496095083,0.6467462616385641,-0.4467140955963485,0.6467462616385641,-0.24180991264807228,0.034622630577672994,0.9993813024267771
normal,0,train,N0146,1,1.699999999999818,0.0,0.7060345943778656,0.05135107556430645,0.05132243687652063,84.26495137920959,0.05230247542652097,0.05268370062240542,86.25886506732955,0.164135,0.197603,219.66711,-0.0003545748435777457,0.001536248093913381,-0.022919726158801897,0.10636757938943076,0.10636757938943076,0.0002789296587281457,0.0821256989849052,0.9965189004212821
normal,0,train,N0152,1,1.7000000000000455,1.3374922084889567e-13,0.7060345943826817,0.061105870632679624,0.04573678331010562,82.93738405248651,0.05991746965422277,0.046976826807918565,84.9282957886339,0.24072300000000002,0.163839,216.60818999999998,0.00993591275719833,-0.002071796481356754,0.6422576323658192,-0.14344816933057816,0.6422576323658192,0.14384786183484713,0.12348807674026653,0.9921293909176646
normal,0,train,N0152,2,1.7000000000000455,1.3374922084889567e-13,0.7060345943826817,0.058282223942353696,0.054817725459522265,83.07224433824805,0.059671610871064235,0.0538278737546002,85.06200036234816,0.215031,0.192744,217.82699000000002,0.007057847999670866,0.006808251213743427,0.4562194593126256,0.4713933930009379,0.4713933930009379,0.030632184197452294,0.05167716388860886,0.9986216623135108
normal,0,train,N0154,1,1.699999999999818,0.0,0.7060345943778656,0.05267955267674757,0.0491004797040382,88.08665427436496,0.054201223730728595,0.05043195766280161,90.0818302261181,0.18510300000000002,0.190416,234.63741,-0.0005682098792644877,-0.0063787039684019345,-0.03672909984831522,-0.4416521676732119,0.4416521676732119,0.03516478516418583,0.14207933999937883,0.9895811412362947
normal,0,train,N0155,1,1.7000000000000455,1.3374922084889567e-13,0.7060345943826817,0.09920472243715686,0.1990512939445509,183.63514294355005,0.09688833615254468,0.20459165915521177,187.9151044658978,0.38952,0.623714,512.97229,0.00740176886962135,0.0012384248319156077,0.4784505123676722,0.08574673071916766,0.4784505123676722,-0.3347680047442052,0.12878819228916305,0.9914392782074182
normal,0,train,N0158,1,1.599999999999909,0.058823529411682896,-1.4120691887659043,0.08474697269692952,0.11144449697072899,114.95809555270888,0.08571385308358168,0.11481978757751465,118.44124328401129,0.297944,0.355528,334.32738,0.020656196654555398,0.015936304744541108,1.3352170335258007,1.103406518000042,1.3352170335258007,-0.13607892493434126,0.11485107850282517,0.9931918605247612
normal,0,train,N0158,2,1.7000000000000455,1.3374922084889567e-13,0.7060345943826817,0.09411213850449308,0.10490461358750837,114.37328335389229,0.09671277823230891,0.10784618638042169,117.07465349591197,0.323091,0.333276,332.75918,0.030257342605240947,0.01026758611449774,1.9558353317106922,0.71091270055841,1.9558353317106922,-0.054228978060961976,0.1590131208568353,0.986949588333081
normal,0,train,N0159,1,1.599999999999909,0.058823529411682896,-1.4120691887659043,0.06720798416373565,0.04694714804656277,84.52251850999204,0.06846728651538202,0.04814856104226975,87.07345468184246,0.23693199999999998,0.15556199999999998,224.21875,0.01539840170978854,-0.003222725287031457,0.9953530456657538,-0.22313680269274358,0.9953530456657538,0.17748510929557296,0.05741802256901275,0.998298410675748
normal,0,train,N0159,2,1.7000000000000455,1.3374922084889567e-13,0.7060345943826817,0.051047923116420715,0.0476665885133392,86.68543341593613,0.05099922027909018,0.04427501779692811,88.71336174761612,0.184718,0.136546,223.77398,-0.001634426646584211,-0.005725268277496698,-0.10564937655579668,-0.3964092326266996,0.3964092326266996,0.034253673013440455,0.08082633398126164,0.9966281825729769
normal,0,train,N0160,1,1.599999999999909,0.058823529411682896,-1.4120691887659043,0.0861655534551673,0.19358902192425126,172.6346782658899,0.08879825256515468,0.1995430387274038,177.85908290525825,0.312851,0.627348,489.70241,-0.0011985542156932871,0.012162981121868643,-0.07747457245692536,0.8421470888838587,0.8421470888838587,-0.3839918196976988,0.0488916643974232,0.9987662478206181
normal,0,train,N0164,1,1.6000000000001364,0.05882352941154915,-1.4120691887610883,0.06903200552173565,0.07209200418052411,82.19823872739043,0.06972077410295088,0.07248106525231465,84.69165603837136,0.25057799999999997,0.251169,219.51809,0.018160303428122568,0.025384491288833078,1.1738824371561518,1.7575851863530783,1.7575851863530783,-0.021683047875571956,0.05050083408220108,0.9986836984552255
normal,0,train,N0166,1,1.7000000000000455,1.3374922084889567e-13,0.7060345943826817,0.07136476307869156,0.11133120767107486,138.38377586975653,0.07343372618242892,0.11455660348310336,141.58580839534025,0.268107,0.352179,398.1096,-0.002178612285538048,-0.019073019645875752,-0.1408255489501006,-1.3205880869221691,1.3205880869221691,-0.21875931049900088,0.05837442929240725,0.998241252131501
normal,0,train,N0169,1,1.7000000000000455,1.3374922084889567e-13,0.7060345943826817,0.06830478438302189,0.04583217767997599,84.29451519031232,0.06915005169760212,0.04664364865183206,86.2971924527799,0.242381,0.162306,220.01542999999998,0.01658720455165888,-0.003998050796492646,1.0721972890913265,-0.27681921115724206,1.0721972890913265,0.19689157917524786,0.05593341139394665,0.9983852663173329
normal,0,train,N0170,1,1.7000000000000455,1.3374922084889567e-13,0.7060345943826817,0.10191171251763842,0.1938425025694543,171.52103740617423,0.1046777478466729,0.19932061418162905,175.45377367948706,0.412362,0.7044250000000001,479.68524,0.014996974969347043,0.014075395466891016,0.9694048118009284,0.9745598713475787,0.9745598713475787,-0.3108350967185153,0.12845567620303763,0.991483426710299
normal,0,train,N0175,1,1.7000000000000455,1.3374922084889567e-13,0.7060345943826817,0.054960908620986654,0.13865928297609378,138.8890084321406,0.05633102950051805,0.1426108777812177,142.06236212036828,0.196957,0.420162,391.96031,-0.018786335357171557,0.007502436610845126,-1.2143491556511523,0.5194577783236923,1.2143491556511523,-0.43228122885473336,0.10275494765361388,0.9945504107007445
normal,0,train,N0175,2,1.599999999999909,0.058823529411682896,-1.4120691887659043,0.07277544736257915,0.14692568029829792,137.69177778062402,0.07208726172310399,0.14946658165894083,141.83921922111838,0.240507,0.482071,393.98663,-0.0004886968083818166,0.01755228706062631,-0.03158937309193418,1.215294778743299,1.215294778743299,-0.33750501749739287,0.06297096191017715,0.9979533718483112
normal,0,train,N0176,1,1.699999999999818,0.0,0.7060345943778656,0.08911855565044927,0.13114594322505324,161.1649900767106,0.09149653681042061,0.1347975992694256,164.94499571081207,0.252917,0.430493,463.73122,0.006382632319662296,-0.0331942910559096,0.4125735020084611,-2.2983243417221644,2.2983243417221644,-0.19080418219446163,0.040468027682560956,0.999154755476378
normal,0,train,N0177,1,1.599999999999909,0.058823529411682896,-1.4120691887659043,0.0642952272535702,0.06832742530983141,83.02578665001707,0.058618083908616864,0.06659858059717808,85.52985688564988,0.24598,0.220356,220.17076,0.013089597657047813,0.020387156700636136,0.8461118978471417,1.4115770216226444,1.4115770216226444,-0.030403539503201897,0.04924097052870902,0.9987485557787813
normal,0,train,N0184,1,1.7000000000000455,1.3374922084889567e-13,0.7060345943826817,0.04266641936581977,0.0581511500798661,84.9329818878325,0.04369693389600425,0.05968873651470789,86.99612317155815,0.145265,0.214781,223.19391000000002,-0.00930879097148054,0.007369830494007842,-0.6017204655103315,0.5102763240285833,0.6017204655103315,-0.15359158923420518,0.08658169797929428,0.996130895264524
normal,0,train,N0189,1,1.7000000000000455,1.3374922084889567e-13,0.7060345943826817,0.09115680966548187,0.14253813151769446,137.60071526780325,0.09328577339063142,0.14649790007538244,140.8823260041838,0.30379100000000003,0.412759,406.15956000000006,0.017929410529682582,0.013300389437207571,1.1589575148157547,0.9208995831973428,1.1589575148157547,-0.21986492986049994,0.06576322176447946,0.9977678444713038
normal,0,train,N0193,1,1.6000000000001364,0.05882352941154915,-1.4120691887610883,0.08414043286113296,0.19095057885499803,174.193871186314,0.0862166737165303,0.19678347548445893,179.464075775784,0.40309799999999996,0.575452,499.87154999999996,-0.0038528316044405264,0.007201888288425079,-0.2490471247726547,0.4986482504407711,0.4986482504407711,-0.3882720315983832,0.11646919278521443,0.9929986720681018
normal,0,train,N0193,2,1.699999999999818,0.0,0.7060345943778656,0.07636433498077198,0.19661104252432007,180.04133252475617,0.07816478862991202,0.20091762653263287,184.2530232865909,0.330982,0.571966,505.63782,-0.013988464334344822,0.004151688562001016,-0.9042146608323622,0.287456866158845,0.9042146608323622,-0.4405038602460199,0.06954941382177904,0.9975034214384736
normal,0,train,N0198,1,1.699999999999818,0.0,0.7060345943778656,0.08067422719665666,0.1985688163458704,168.06490549132815,0.08299278257579512,0.20381822797302837,171.92405253615422,0.36415600000000004,0.670455,477.74177999999995,-0.004845911358036095,0.023950131784145984,-0.3132398232071938,1.6582722244087986,1.6582722244087986,-0.42219346864709595,0.14150733153626183,0.9896648645788213
normal,0,train,N0199,1,1.6000000000001364,0.05882352941154915,-1.4120691887610883,0.06896061065053091,0.12501173738352353,126.42288142598854,0.07082050892755115,0.12881606134526608,130.25582800629263,0.265826,0.359206,369.10216,0.00024362842313872812,0.012425041364602693,0.015748146953960443,0.860291758214462,0.860291758214462,-0.2889645214938736,0.06139088775579097,0.9980547916906077
normal,0,train,N0199,2,1.7000000000000455,1.3374922084889567e-13,0.7060345943826817,0.06840109791516508,0.1196069489141645,127.38836566229715,0.07029910716964813,0.12253569393878187,130.42427357065696,0.293233,0.350713,367.16597,-0.0007054711038965711,0.005582020522317238,-0.04560166860994883,0.38649096679985573,0.38649096679985573,-0.2723598902402876,0.07455090981250584,0.9971314383721919
normal,0,train,N0203,1,1.7000000000000455,1.3374922084889567e-13,0.7060345943826817,0.07381012602805782,0.05433456792053389,95.02654449585071,0.07594743463293233,0.0558673200905912,97.18748913681374,0.327893,0.183412,266.7797,0.01776201783795852,-0.011482614453219069,1.1481372473185234,-0.7950394921823705,1.1481372473185234,0.1519809951334,0.11059228253178195,0.9936874049261413
normal,0,train,N0203,2,1.7000000000000455,1.3374922084889567e-13,0.7060345943826817,0.07136936509650185,0.06597122639749005,97.98785751280369,0.07343832648055582,0.06735223848978568,100.1562457876357,0.273126,0.200044,272.02585999999997,0.014126324463160728,-0.004257272170957199,0.9131259427744052,-0.2947673213856873,0.9131259427744052,0.0393047579033373,0.060713804074740634,0.9980974627069783
normal,0,train,N0204,1,1.6000000000001364,0.05882352941154915,-1.4120691887610883,0.08811135787873942,0.18410561516742632,174.79937640618738,0.08296307253615735,0.18951384263884957,180.05587886010275,0.294095,0.610409,496.29241,-0.00012623666191793892,-0.000545065484999746,-0.008159940770660458,-0.03773953990755739,0.03773953990755739,-0.35263876537211525,0.08943242466566168,0.9958719181514388
normal,0,train,N0205,1,1.599999999999909,0.058823529411682896,-1.4120691887659043,0.06836711805694141,0.05771907050533645,95.22230793333772,0.07033151837019697,0.059461734323923175,98.10839778024739,0.252837,0.19687700000000002,271.35661,0.012240016500955228,-0.008389730625762218,0.7911949521020888,-0.580892722944551,0.7911949521020888,0.08445054666920249,0.13607058499509747,0.9904437656253282
normal,0,train,N0210,1,1.599999999999909,0.058823529411682896,-1.4120691887659043,0.05119840079303947,0.05907597575057354,82.85581134722516,0.052548775525556195,0.0607285863144368,85.35723644654452,0.189985,0.221287,220.83321,6.135867872283235e-05,0.011388910636453406,0.003966226423743809,0.7885515764554707,0.7885515764554707,-0.07143613234890595,0.061736729917971564,0.9980328135117582
normal,0,train,N0212,1,1.7000000000000455,1.3374922084889567e-13,0.7060345943826817,0.08370276980184109,0.1772286089770623,182.9475876252492,0.07837368610110898,0.18234090723572086,187.18962467757746,0.34711400000000003,0.516914,516.80846,-0.007822745294429237,-0.01956004422425081,-0.5056624382859103,-1.354308959032709,1.354308959032709,-0.35843078595047256,0.16414717877833945,0.9860932664253341
normal,0,train,N0216,1,1.699999999999818,0.0,0.7060345943778656,0.0969930681827315,0.1854094078797873,183.22130355214568,0.09792071557507784,0.18786486986254397,187.46928065672603,0.351292,0.521172,517.23141,0.0053571047686345324,-0.011786985906243413,0.3462833771911079,-0.8161137280572365,0.8161137280572365,-0.3130862764714887,0.1175790544532063,0.9928646017826459
normal,0,train,N0217,1,1.7000000000000455,1.3374922084889567e-13,0.7060345943826817,0.0989342947530217,0.08577682013937228,101.36834502480232,0.1014057174803404,0.08826336108154825,103.75861768831865,0.286954,0.294833,281.15538000000004,0.04032717873185908,0.01051258261922669,2.6067497737993732,0.7278759015349572,2.6067497737993732,0.07123271721489667,0.06514179305353666,0.9978098306052984
normal,0,train,N0221,1,1.6000000000001364,0.05882352941154915,-1.4120691887610883,0.09901267052489084,0.17575168333793462,179.20925732763533,0.1009648198798356,0.18084034427819032,184.63357308629816,0.362544,0.492482,509.42665,0.008995625533131449,-0.015468170858149166,0.5814774442713225,-1.0709936098747481,1.0709936098747481,-0.2792902781380296,0.10970792536953215,0.9937879592831491
normal,0,train,N0222,1,1.7000000000000455,1.3374922084889567e-13,0.7060345943826817,0.08038210565584025,0.11111998665956643,115.17556126639296,0.08260750904188176,0.11380975774769155,117.87706372594491,0.289531,0.317233,332.91355999999996,0.016203579066635665,0.015287846907712246,1.0473997287919268,1.0585082423160088,1.0585082423160088,-0.16050937424192704,0.1480453240798746,0.9886877842673871
normal,0,train,N0222,2,1.699999999999818,0.0,0.7060345943778656,0.08319096567169351,0.09909098370072716,115.18807673350094,0.08559768028271003,0.10184964523173395,117.90333481821143,0.34407299999999996,0.289497,324.56854999999996,0.019007388911296608,0.003240200299106308,1.2286380625455422,0.22434674706407376,1.2286380625455422,-0.08722760582541862,0.04193862421099739,0.9990922073802774
normal,0,train,N0227,1,1.7000000000000455,1.3374922084889567e-13,0.7060345943826817,0.08576288978631726,0.18235755157580455,176.83632608087947,0.08781045219726542,0.18649376227800374,180.95899668121027,0.35535700000000003,0.51864,507.29114,-0.003296643278773728,-0.005327468586259793,-0.21309509842927998,-0.3688661616823791,0.3688661616823791,-0.36026593607858076,0.04311874684744684,0.9990403993137053
normal,0,train,N0228,1,1.7000000000000455,1.3374922084889567e-13,0.7060345943826817,0.08148192684918266,0.19198291248557628,173.32609396168394,0.08098487330450704,0.19604724709657054,177.41235544937396,0.33102699999999996,0.5407219999999999,488.4358,-0.006161177010848437,0.009526905165415517,-0.3982586256816163,0.659629030970218,0.659629030970218,-0.40407748910170127,0.06093775777586061,0.9980834011237407
normal,0,train,N0228,2,1.7000000000000455,1.3374922084889567e-13,0.7060345943826817,0.08775906505471545,0.1964077186226538,176.05870096009966,0.0902598085529564,0.20166987945825196,180.14165943508107,0.303246,0.5810029999999999,494.61573999999996,-0.0009866850768659452,0.009881086739389783,-0.0637793463815906,0.6841520470359461,0.6841520470359461,-0.38234114544123154,0.0818554010148248,0.9965417771998427
normal,0,train,N0229,1,1.7000000000000455,1.3374922084889567e-13,0.7060345943826817,0.07519756114100745,0.13389386553494112,139.92173370795277,0.07730177584901762,0.13768188464803674,143.12170404027708,0.31955999999999996,0.444333,402.80609,0.0010335976435146832,0.0011986212672147334,0.06681177578392987,0.08299078990135508,0.08299078990135508,-0.28072076089767617,0.14289049727823566,0.9894618352451913
normal,0,train,N0233,1,1.699999999999818,0.0,0.7060345943778656,0.03754315282075044,0.06717255511409072,83.15650476058131,0.03568106115344592,0.06851402696218609,85.10913176003503,0.165576,0.238975,218.34780999999998,-0.013715223415636857,0.019037562436628852,-0.8865523614741377,1.3181330814224415,1.3181330814224415,-0.2829508855681334,0.09809760254255996,0.9950332182582668
normal,0,train,N0233,2,1.6000000000001364,0.05882352941154915,-1.4120691887610883,0.035136408795703976,0.06378027790229608,81.2123533025827,0.03372077148086482,0.06557088878766561,83.67084933028215,0.133764,0.215973,217.68442,-0.015337474332916955,0.018541387988206495,-0.9914146986037348,1.283778685643091,1.283778685643091,-0.28957570317487863,0.04786679859889596,0.9988174294667821
normal,0,train,N0235,1,1.7000000000000455,1.3374922084889567e-13,0.7060345943826817,0.09289959321493287,0.18481528730494973,179.04561452494062,0.09329839894690345,0.1901581851648934,183.15377296400902,0.38038,0.583354,506.67077,0.002948580450406288,-0.006160796596828888,0.19059630908555455,-0.426564578801876,0.426564578801876,-0.330971440628675,0.14562571333554578,0.9890545298660606
normal,0,train,N0235,2,1.599999999999909,0.058823529411682896,-1.4120691887659043,0.09187673953887414,0.1746308743423918,175.18781047198445,0.08844491501793311,0.17955012575365803,180.48119631891652,0.350691,0.549192,504.04817,0.003482406259480278,-0.010598436625442326,0.22510282183479743,-0.7338203078181804,0.7338203078181804,-0.31051321047839053,0.09197061773059825,0.995634273793158
normal,0,train,N0241,1,1.7000000000000455,1.3374922084889567e-13,0.7060345943826817,0.06966160101000965,0.19968234424594367,176.3296827720749,0.06943731511153561,0.20543543885324053,180.39129160147542,0.23674900000000001,0.611521,494.36777,-0.019193494184658266,0.012752044648800476,-1.2406679117562727,0.8829329891004898,1.2406679117562727,-0.48273126433896496,0.12649530769161157,0.991741386906833
normal,0,train,N0245,1,1.599999999999909,0.058823529411682896,-1.4120691887659043,0.04322413407291048,0.04369271894586503,82.16475198958369,0.04361719088626437,0.04503656352824695,84.64093620999897,0.173989,0.16556500000000002,219.39947999999998,-0.007634055639811239,-0.0029649104691557987,-0.4934655346104949,-0.20528608039286783,0.4934655346104949,-0.00539118544533517,0.0642182408211032,0.9978714929268848
normal,0,train,N0245,2,1.7000000000000455,1.3374922084889567e-13,0.7060345943826817,0.03907769898761526,0.05694996020338088,83.66916622477675,0.04013418081172337,0.05859416712569259,85.67389538370571,0.136897,0.236363,218.34984,-0.012387543531552678,0.00805128202342257,-0.8007311028007601,0.5574590349085866,0.8007311028007601,-0.18611576462602414,0.09901562294554715,0.9949398226646169
normal,0,train,N0246,1,1.7000000000000455,1.3374922084889567e-13,0.7060345943826817,0.09194081914501064,0.10761435259217672,113.60722380939082,0.09446915448612594,0.11069044835130273,116.23543421691917,0.31402,0.32431699999999997,327.69565,0.028395139302703307,0.014118484751874091,1.8354624668015118,0.9775433106497528,1.8354624668015118,-0.07854235653551224,0.10738153301562026,0.9940486226411376
normal,0,train,N0253,1,1.7000000000000455,1.3374922084889567e-13,0.7060345943826817,0.06438913015279313,0.1581296364794124,150.23916510178495,0.06617780482360563,0.16252693816971858,153.69494931993287,0.242585,0.518254,423.20006,-0.013938065476133438,0.010065043569815663,-0.9009568774620993,0.6968889499112549,0.9009568774620993,-0.42127011462875313,0.09959458917038438,0.9948804737073409
normal,0,train,N0257,1,1.7000000000000455,1.3374922084889567e-13,0.7060345943826817,0.05113170590847826,0.04425580205276291,83.62486502249278,0.052023986905614564,0.045517571887093586,85.56760271512191,0.20623200000000003,0.190553,219.18264,-0.0003156604376607988,-0.004576882897178551,-0.02040429805270929,-0.3168967023299221,0.3168967023299221,0.07208390283596833,0.05550225793419902,0.9984100641879755
normal,0,train,N0258,1,1.7000000000000455,1.3374922084889567e-13,0.7060345943826817,0.049686228704071855,0.12872386323983945,142.49139226204693,0.043928244261656584,0.13240143244571212,145.91191027315466,0.161308,0.379699,405.48258,-0.025514629021340274,-0.007799269646758394,-1.6492662150305506,-0.5400100651828337,1.6492662150305506,-0.44301100724824743,0.05700642288073325,0.9983227188388851
normal,0,train,N0259,1,1.7000000000000455,1.3374922084889567e-13,0.7060345943826817,0.09862520424820423,0.19618472929670702,182.36612915191287,0.10147271098233542,0.20146641684075686,186.6269334900655,0.32000300000000004,0.624509,519.77986,0.00733431601853321,0.0002622449756462253,0.47409035850009656,0.018157459968246224,0.47409035850009656,-0.330923466095859,0.04480269437461754,0.9989639837815601
normal,0,train,N0264,1,1.7000000000000455,1.3374922084889567e-13,0.7060345943826817,0.08156029510395635,0.18226734478049914,162.75851813374055,0.08375243537179013,0.18722098267049175,166.5679823873552,0.268959,0.600122,465.56788,-0.0018186397435666912,0.015553313442476485,-0.11755691544124316,1.0768887583431062,1.0768887583431062,-0.3817153112549777,0.0503303155329886,0.9986925725617277
normal,0,train,N0264,2,1.699999999999818,0.0,0.7060345943778656,0.09188676929696317,0.1930919580353994,166.11841433113707,0.0945006810925589,0.1985271049022755,169.90951180371096,0.293436,0.587316,476.62167999999997,0.007152067953561561,0.021372861571462565,0.46230983932966163,1.4798257905015677,1.4798257905015677,-0.35513243281505846,0.16109806565843884,0.9866051165115269
normal,0,train,N0266,1,1.7000000000000455,1.3374922084889567e-13,0.7060345943826817,0.04482978560684353,0.0739973442605281,82.61751740735276,0.04260159565853836,0.07612730138567048,84.56506188665341,0.140848,0.24386799999999997,217.94024000000002,-0.0062111014714633025,0.02666525341290353,-0.40148574398017567,1.8462632894868052,1.8462632894868052,-0.24546211530981477,0.05450172013734043,0.9984668709688094
normal,0,train,N0271,1,1.6000000000003638,0.058823529411415394,-1.4120691887562722,0.08278451131028287,0.17350082511551554,149.35862825869523,0.0820737615836672,0.1783879565762251,153.8815787884065,0.296377,0.523511,436.55699000000004,0.0048126249766770185,0.026747922801850316,0.3110881907397856,1.8519871975109794,1.8519871975109794,-0.35396607184017936,0.059345491385451164,0.9981822516914661
normal,0,train,N0271,2,1.699999999999818,0.0,0.7060345943778656,0.07946180996274597,0.1635721717255108,149.74169998993202,0.08166105775432715,0.16784508667169876,153.2832739502101,0.359138,0.474862,435.78701,0.001335348669612671,0.016248627091341006,0.08631696914880171,1.125031262173821,1.125031262173821,-0.34608477867226123,0.06847376289400495,0.9975800484103899
normal,0,train,N0272,1,1.699999999999818,0.0,0.7060345943778656,0.030158170894837476,0.056684803259388274,84.53483058423255,0.030687307417975915,0.05822250268531211,86.55116720182188,0.111228,0.20449499999999998,222.50189999999998,-0.021656379658351207,0.006496589259955436,-1.3998688862189579,0.4498143734769736,1.3998688862189579,-0.30545513465644664,0.0926349802591578,0.9955709731263882
normal,0,train,N0274,1,1.699999999999818,0.0,0.7060345943778656,0.0489411637376963,0.06913471688707169,84.74435993431166,0.05026601301546193,0.07111620601616755,86.82419382661641,0.15782200000000002,0.247365,222.52300000000002,-0.0029579349253299955,0.018634377755990722,-0.191200982562804,1.2902171616590303,1.2902171616590303,-0.17102182971116034,0.11575406962015775,0.9930843847052171
normal,0,train,N0274,2,1.7000000000002728,2.6749844169779134e-13,0.7060345943874977,0.046630799210988824,0.05534050506836942,83.77930157183086,0.04798065272358272,0.05691891369204399,85.83479855308818,0.16520200000000002,0.22333,221.41613999999998,-0.004878884506589833,0.006277763907805309,-0.3153712082987575,0.4346632249681693,0.4346632249681693,-0.08541330248590595,0.057623841353750774,0.9982861898878114
normal,0,train,N0275,1,1.699999999999818,0.0,0.7060345943778656,0.040703973124390586,0.08002154626932258,117.84381135286895,0.04138793619629077,0.0822910973675021,120.62977895503457,0.161966,0.267472,337.61959,-0.024551230795700707,-0.01978534885306557,-1.5869921312553654,-1.3699087232161182,1.5869921312553654,-0.3256773989630381,0.03839678442803907,0.9992390642299793
normal,0,train,N0275,2,1.699999999999818,0.0,0.7060345943778656,0.0688865753370471,0.09060683708780236,117.33801714264236,0.06955156125959401,0.09132386801169587,119.97313836518782,0.231958,0.256663,334.26075000000003,0.0038354666638762275,-0.008446602328288672,0.24792465460956517,-0.5848304367535784,0.5848304367535784,-0.1361828142015162,0.10643191343135323,0.9941534182210735
normal,0,train,N0276,1,1.699999999999818,0.0,0.7060345943778656,0.0870283650640538,0.1995164030896541,181.77100623374233,0.08429633351420397,0.20319538711043003,185.96742258588077,0.3782,0.614814,511.15364,-0.004022382498768531,0.004480442871830664,-0.2600068985365417,0.31021933550801445,0.31021933550801445,-0.39256706290609045,0.03522406854927903,0.9993596206424955
normal,0,train,N0280,1,1.6000000000003638,0.058823529411415394,-1.4120691887562722,0.10314790593466201,0.19022258505730164,185.68133678177634,0.10451083290673888,0.196062853075307,191.2901489235025,0.345468,0.566721,526.1946399999999,0.010519283689597106,-0.010638394121502553,0.6799667430423433,-0.7365869066190046,0.7365869066190046,-0.29680789921276735,0.0909644185482193,0.9957292771913165
normal,0,train,N0280,2,1.699999999999818,0.0,0.7060345943778656,0.07610896194747517,0.1897968775044638,193.62558393439727,0.07621223900357416,0.19529066082697166,198.20480263872093,0.312192,0.5665629999999999,540.8693000000001,-0.019725278415449424,-0.02289823940932037,-1.2750424568376966,-1.585440729201941,1.585440729201941,-0.4275495257677843,0.04840320761779145,0.9987907765121584
normal,0,train,N0281,1,1.599999999999909,0.058823529411682896,-1.4120691887659043,0.03224099701147776,0.0548724687386178,82.7197010997651,0.03320796317482583,0.05619590941623462,85.16903572546704,0.11596200000000001,0.192267,222.90412,-0.0188411226580934,0.007388160082679243,-1.2178906080605734,0.5115454380381664,1.2178906080605734,-0.2597930358069289,0.07454133065957967,0.9971321754959968
normal,0,train,N0285,1,1.7000000000002728,2.6749844169779134e-13,0.7060345943874977,0.08390056863136666,0.06505135335256293,91.06660188786609,0.08474476660078911,0.06632818082353441,93.10366607349347,0.317483,0.25144,248.68205,0.029450354304080037,0.005133094482221531,1.9036715891018383,0.35540798196228035,1.9036715891018383,0.12654563316551784,0.06924456726456323,0.9975252593054653
normal,0,train,N0285,2,1.599999999999909,0.058823529411682896,-1.4120691887659043,0.09874969581963576,0.06329998114115508,90.44263676849772,0.10024784926246548,0.0643501163673019,93.15355382663026,0.412839,0.187454,254.62785000000002,0.04455126040268929,0.004311211122629222,2.879794511522317,0.29850197579917825,2.879794511522317,0.21875831746853314,0.11453258958462477,0.9932295669280139
normal,0,train,N0287,1,1.599999999999909,0.058823529411682896,-1.4120691887659043,0.06199346116847372,0.056975311785534125,93.17648070924567,0.062419045266708086,0.05866455208547753,96.00020834513217,0.192585,0.205472,262.50497,0.006691880355934751,-0.006085925405677595,0.43256330228586726,-0.42138060662946486,0.43256330228586726,0.042180391192547496,0.1923888358946686,0.9808962765538362
normal,0,train,N0287,2,1.7000000000002728,2.6749844169779134e-13,0.7060345943874977,0.056592731765856844,0.05689674676064041,93.22652732673535,0.05820934205442024,0.05839115603609871,95.44510964587961,0.197195,0.24380000000000002,253.60206,0.0012709564225234019,-0.006239042311091195,0.08215465279509711,-0.4319821980371113,0.4319821980371113,-0.0026787945343312754,0.2505649065596964,0.9675959884390543
normal,0,train,N0293,1,1.699999999999818,0.0,0.7060345943778656,0.0778369251323275,0.09937004724764902,109.23114823608702,0.08009268303106333,0.10209005940777169,111.73980796152121,0.24702400000000002,0.328518,306.33703,0.016057054796371928,0.012392994856847278,1.0379283965446162,0.858072904715907,1.0379283965446162,-0.12151396655560229,0.029534189124991787,0.9995497969923759
normal,0,train,N0293,2,1.599999999999909,0.058823529411682896,-1.4120691887659043,0.0885539689019872,0.0970706012864742,105.10891562998899,0.09088940607141575,0.10004913172602925,108.28717260213902,0.283582,0.29490099999999997,305.51569,0.028437478779949107,0.016234227489753644,1.8381992915981864,1.1240342547431277,1.8381992915981864,-0.04588095409887993,0.09520305429749257,0.9953220017818941
normal,0,train,N0294,1,1.699999999999818,0.0,0.7060345943778656,0.047915069122934126,0.055201312573464535,83.41221306538552,0.04420656611259599,0.0538059157449587,85.37376234174923,0.172092,0.230017,218.85029,-0.003446489096468025,0.006685404342785924,-0.22278113557997214,0.4628876546692929,0.4628876546692929,-0.07066038713336874,0.055599900256944036,0.9984044650794401
normal,0,train,N0298,1,1.699999999999818,0.0,0.7060345943778656,0.09706687126724087,0.14234347577114698,150.5102199477658,0.09952460173081062,0.1462838761238581,154.07257017940665,0.307901,0.484955,439.52196000000004,0.01863030110495488,-0.006124893647343088,1.2042630979485955,-0.4240787108975472,1.2042630979485955,-0.1891171583175442,0.04689061016167867,0.998865171963181
normal,0,train,N0300,1,1.699999999999818,0.0,0.7060345943778656,0.08476312430368657,0.17701314886831931,149.41625640126568,0.08716519334167078,0.1821285790857495,152.91844378742923,0.324942,0.549476,422.06471,0.006767984184747333,0.030174400864875273,0.4374826555553222,2.08923154550332,2.08923154550332,-0.3524002517358226,0.03407620898591977,0.9994006771515596
normal,0,train,N0303,1,1.599999999999909,0.058823529411682896,-1.4120691887659043,0.08755227926485175,0.19146302164432813,179.39030553036199,0.08265905718442261,0.19729134213197316,184.78633929365196,0.349658,0.6402669999999999,511.22409,-0.002537821283679312,-2.6530778230254848e-05,-0.16404482696797235,-0.001836952423800433,0.16404482696797235,-0.3724195126235287,0.10993762309396628,0.9937619194985486
normal,0,train,N0303,2,1.7000000000002728,2.6749844169779134e-13,0.7060345943874977,0.12269557391704614,0.2020332222362616,190.88059320339383,0.11049319340307119,0.20775258329879684,195.34227672479074,0.360591,0.608796,537.82529,0.027968976840088366,-0.006572822702814313,1.8079153152784708,-0.45509266597253745,1.8079153152784708,-0.24431971928204066,0.0800158802576817,0.9966954626614616
normal,0,train,N0306,1,1.599999999999909,0.058823529411682896,-1.4120691887659043,0.039111795100710986,0.06305073507804929,80.22073945096838,0.03973007672758022,0.06472643834643388,82.63076221966097,0.16291899999999998,0.218278,215.62709999999998,-0.010961957560215875,0.019289001485316884,-0.7085811923638576,1.3355423547545884,1.3355423547545884,-0.23432211335424535,0.0779192637177306,0.9968663681763515
normal,0,train,N0309,1,1.7000000000002728,2.6749844169779134e-13,0.7060345943874977,0.07804948389963895,0.08612330035897499,97.55659814785712,0.08011438367309744,0.08862014127210718,99.76342453520523,0.27011700000000005,0.26315700000000003,274.37345,0.020980462629896467,0.016537226758712914,1.3561775937348732,1.1450134825928857,1.3561775937348732,-0.04917877525040048,0.06403184435519035,0.9978838311785645
normal,0,train,N0310,1,1.7000000000002728,2.6749844169779134e-13,0.7060345943874977,0.08221072287420905,0.198668166693582,189.32900116973644,0.0712794794044766,0.2034301874756283,193.78671421176193,0.235933,0.6616569999999999,528.6595199999999,-0.011889784475293819,-0.007626551132673465,-0.7685559457946911,-0.5280512869544067,0.7685559457946911,-0.41461800136763555,0.04182103381402005,0.9990972909061806
normal,0,train,N0322,1,1.7000000000002728,2.6749844169779134e-13,0.7060345943874977,0.08006108689099009,0.19723779312193473,181.1975671583891,0.0810605161912556,0.20259493334360562,185.41018969120276,0.298307,0.6130310000000001,516.10154,-0.010758269747793009,0.003056055698288984,-0.6954148074181256,0.2115968432404818,0.6954148074181256,-0.4225646574016474,0.09419091685227725,0.995420939965171
normal,0,train,N0324,1,1.699999999999818,0.0,0.7060345943778656,0.07582534202179522,0.07548994706949763,98.09517052144109,0.07532940762548106,0.0762364439600458,100.36745983475335,0.305334,0.232776,277.57136,0.018538999044234283,0.005101589813301569,1.1983613306141303,0.3532266445951201,1.1983613306141303,0.002216530492784644,0.12326821963959693,0.9921573914977388
normal,0,train,N0324,2,1.699999999999818,0.0,0.7060345943778656,0.07830045032224697,0.08581768566074634,99.39238605784935,0.07973688531443311,0.08699280387106553,101.64748660878782,0.275237,0.299057,277.47193,0.020490662196720376,0.013496932919504656,1.3245168823104976,0.9345079675068431,1.3245168823104976,-0.04580380646799774,0.0254204770782736,0.9996664770813481
normal,0,train,N0328,1,1.6000000000003638,0.058823529411415394,-1.4120691887562722,0.07277791060116104,0.1707562162651084,153.17240605606887,0.07077791260941217,0.17595967472160307,157.8007313754824,0.292857,0.510624,440.96533999999997,-0.006732889989501695,0.018322124673509077,-0.4352141659561254,1.2685972132457148,1.2685972132457148,-0.40231858641046775,0.07577294077512607,0.9970366252625981
normal,0,train,N0328,2,1.699999999999818,0.0,0.7060345943778656,0.08342930676460295,0.16725240205499792,159.33692186385028,0.08577127601683186,0.17200149781435728,163.06341195657905,0.35538000000000003,0.565642,454.1083,0.0014310352806489457,0.0056353472779344105,0.09250215391793568,0.39018323365060975,0.39018323365060975,-0.3343805803972023,0.04122983662619239,0.9991226325531747
normal,0,train,N0329,1,1.699999999999818,0.0,0.7060345943778656,0.06595736379872817,0.14180980972806892,149.95052038391873,0.06687475192269667,0.14561935408732748,153.48225428051896,0.269447,0.423102,437.10774000000004,-0.012253359530250987,-0.005824803942201612,-0.7920574458269748,-0.40330093700669334,0.7920574458269748,-0.3650838803907225,0.04371909398347163,0.9990134920367805
normal,0,train,N0330,1,1.699999999999818,0.0,0.7060345943778656,0.048542275463993464,0.0740448786570235,83.76954723907507,0.04981633157465085,0.07619086015219953,85.73696771492915,0.167688,0.269606,221.13290999999998,-0.002963472239862444,0.024996668025926455,-0.19155891470333117,1.7307328687686145,1.7307328687686145,-0.20803650574713603,0.05797504222922654,0.9982652358598794
normal,0,train,N0334,1,1.7000000000002728,2.6749844169779134e-13,0.7060345943874977,0.07833600288358973,0.18591656282770144,190.96747013932253,0.07882700001596116,0.19125429420555598,195.46182477560646,0.272671,0.618003,531.21907,-0.016425650287984303,-0.02281889822922953,-1.0617544177193885,-1.5799472615090595,1.5799472615090595,-0.4071126410982197,0.1472504702854158,0.9888089285164915
normal,0,train,N0335,1,1.699999999999818,0.0,0.7060345943778656,0.057662884944399986,0.05849652781718473,90.92654046812552,0.058099318084486616,0.060082691484320175,93.10117531347957,0.198716,0.273614,242.26204,0.0032691874167682378,-0.0012130887361789383,0.21132035086887593,-0.0839924963703278,0.21132035086887593,-0.007176713905127984,0.18418614058970756,0.982490562897876
normal,0,train,N0336,1,1.699999999999818,0.0,0.7060345943778656,0.061878456737561115,0.09551275873963413,110.36868780275667,0.06343505539840485,0.09827698075106779,112.82264335829902,0.228485,0.285944,313.84889,-0.00036042719334478807,0.00684117197039015,-0.023298022184240947,0.4736727782187646,0.4736727782187646,-0.21369872454370026,0.09067432706977667,0.9957564729860308
normal,0,train,N0341,1,1.7000000000002728,2.6749844169779134e-13,0.7060345943874977,0.07464368238839775,0.04452943800017143,88.0937715345568,0.07664398196689567,0.04561985926017638,90.10676097094077,0.277985,0.18240099999999998,234.79285,0.021393047915414562,-0.01096034788992229,1.3828471162137066,-0.7588785163907557,1.3828471162137066,0.25269326077713505,0.04510771919174362,0.998949828990615
normal,0,train,N0347,1,1.699999999999818,0.0,0.7060345943778656,0.05903231646451515,0.0787711695228654,108.9136267119356,0.05713345430218621,0.08092330980690654,111.3771783142989,0.20812799999999998,0.227747,312.46785,-0.00261942936435048,-0.007732887330607285,-0.16931997520594483,-0.535413850345378,0.535413850345378,-0.14323914171528732,0.03023126191906236,0.9995282946078866
normal,0,train,N0348,1,1.599999999999909,0.058823529411682896,-1.4120691887659043,0.10500541931701038,0.20940460124699212,181.45560088229766,0.10804387547760673,0.21584821674284496,186.94345355993607,0.339849,0.617425,519.88679,0.014081942355119337,0.014838484212498504,0.9102570822754624,1.0273950241143581,1.0273950241143581,-0.33204788365960436,0.11658142303221587,0.9929851725438811
normal,0,train,N0348,2,1.7000000000002728,2.6749844169779134e-13,0.7060345943874977,0.09195151529716324,0.2061223620763755,186.92242429885613,0.09397622673408669,0.2119850670603129,191.25853312340033,0.395355,0.6142799999999999,523.39011,-0.0011779036318628339,0.0034125984456121194,-0.07613971823648043,0.23628334350816468,0.23628334350816468,-0.3830286900175193,0.06607057076653194,0.9977469314470092
normal,0,train,N0353,1,1.599999999999909,0.058823529411682896,-1.4120691887659043,0.08056489527667231,0.051533882329407095,85.09501987683558,0.08253004685055262,0.05233289217293292,87.64734749698283,0.35174700000000003,0.20663,233.80664000000002,0.02852430027757199,0.0005111830579320673,1.843811435229513,0.035393570031133886,1.843811435229513,0.2197674609345468,0.12224459952683908,0.9922871008446492
normal,0,train,N0353,2,1.699999999999818,0.0,0.7060345943778656,0.09081892769406606,0.05532492600888761,88.10187052149695,0.08919252713980565,0.056093627625919275,90.09809068161097,0.351997,0.18489899999999998,238.68241999999998,0.037565025163232596,-0.0001769245268700842,2.428204102700197,-0.012249996424637056,2.428204102700197,0.24287030063597,0.1244318190663964,0.9920086309180968
normal,0,train,N0354,1,1.7000000000002728,2.6749844169779134e-13,0.7060345943874977,0.08224294542053102,0.1995155579951376,184.44056687875587,0.08424221581742769,0.20529228858535914,188.73269853538318,0.33185600000000004,0.667856,512.7384,-0.009885008302419077,0.0005028901349103942,-0.6389671672216185,0.03481938012562765,0.6389671672216185,-0.4162167641882386,0.18409606284591992,0.982507684977857
normal,0,train,N0354,2,1.599999999999909,0.058823529411682896,-1.4120691887659043,0.07624294969256849,0.2236672589119303,179.45955878207494,0.07852932158843412,0.23051123578258545,184.89275378243602,0.352644,0.731707,514.5933,-0.013875095540228657,0.032074543470444916,-0.8968864993365334,2.220794650609811,2.220794650609811,-0.49156149070365057,0.12068598937588952,0.9924825248868895
normal,0,train,N0359,1,1.7000000000002728,2.6749844169779134e-13,0.7060345943874977,0.08231407710275186,0.19001015076115743,148.80800484458547,0.08154760670289833,0.19487296161621592,152.30764798707884,0.25714000000000004,0.582343,420.00275,0.004564375245343449,0.04407748392072139,0.29504132231632463,3.0518607566051887,3.0518607566051887,-0.39547004136492,0.035885636645926706,0.9993353399135564
normal,0,train,N0360,1,1.699999999999818,0.0,0.7060345943778656,0.06409614578549598,0.03846158668362789,84.35399716568361,0.06467299635365194,0.039568110211538006,86.305206658165,0.227259,0.138646,220.14991,0.012354564120570517,-0.011457249042309346,0.7985993129056755,-0.7932832280936629,0.7985993129056755,0.24995247539560905,0.061010992865905694,0.9980787916126517
normal,0,train,N0361,1,1.699999999999818,0.0,0.7060345943778656,0.1063242481873778,0.19324611356434113,183.69865031396344,0.1072783828140874,0.19781203955849314,188.03316159170328,0.38047,0.6320140000000001,513.24231,0.014495668481417381,-0.004661359222401962,0.9370003487289201,-0.32274571998880774,0.9370003487289201,-0.29015509033805287,0.03607683709234034,0.9993282383615028
normal,0,train,N0362,1,1.599999999999909,0.058823529411682896,-1.4120691887659043,0.08835309802484707,0.15534885276862978,146.76617283154792,0.09097350709409857,0.16012827167075996,151.21805937399202,0.36436,0.47988000000000003,429.79448,0.011427304785697048,0.012457798406980497,0.7386612478724972,0.8625598080948744,0.8625598080948744,-0.2749085697729305,0.06191138025012675,0.9980216676105914
normal,0,train,N0365,1,1.7000000000002728,2.6749844169779134e-13,0.7060345943874977,0.04294931626670881,0.055697055789930824,83.52288543311629,0.043270034807419484,0.05233339812822266,85.52324370466422,0.14635399999999998,0.19766,219.75209999999998,-0.008456899846679834,0.007016284606473841,-0.5466542033341091,0.48579732196565173,0.5466542033341091,-0.12922664318332394,0.11603584672980247,0.9930506747219013
normal,0,train,N0365,2,1.599999999999909,0.058823529411682896,-1.4120691887659043,0.058803363393701936,0.0717149030512282,81.44562710514276,0.05240157549214359,0.07021097540936048,83.91953450966682,0.167279,0.23214,218.55214,0.008235350926763293,0.026128517111848465,0.5323332759834003,1.8091004501382253,1.8091004501382253,-0.0989251543796372,0.04799633336530344,0.9988110203785728
normal,0,train,N0367,1,1.699999999999818,0.0,0.7060345943778656,0.07959154708328713,0.16480572121693268,164.83812004917414,0.0780419847299403,0.1688650196362032,168.63031110811005,0.26211300000000004,0.496353,472.32836,-0.0046265370819721235,-0.005006186487266501,-0.299059464885837,-0.34662105732295306,0.34662105732295306,-0.34867073075718275,0.12481712505343308,0.9919590633772285
normal,0,train,N0372,1,1.599999999999909,0.058823529411682896,-1.4120691887659043,0.07395725673896336,0.16775691423569508,157.88530145202063,0.07621737771909369,0.17287741910399643,162.6458074678201,0.303802,0.519741,459.46115,-0.0074552650064668435,0.008302263971289886,-0.48190850390108514,0.5748366592459981,0.5748366592459981,-0.38806023295248876,0.13360596692404253,0.9907868106334318
normal,0,train,N0372,2,1.7000000000002728,2.6749844169779134e-13,0.7060345943874977,0.0876268381858232,0.17901731206863147,165.73345550078537,0.09011303049014414,0.1840661526869364,169.5702748574703,0.30619799999999997,0.529039,474.98685,0.0030474732736148757,0.007871669040011797,0.19698874348428702,0.5450228936707148,0.5450228936707148,-0.3427432171125934,0.09377899176721165,0.9954609035887056
normal,0,train,N0373,1,1.699999999999818,0.0,0.7060345943778656,0.09842297415999986,0.16012780571537918,147.6148695288132,0.10121819558130492,0.16434856487865418,151.06286464238488,0.442732,0.46364400000000006,426.34743000000003,0.021154719582845816,0.01597249139080234,1.3674415672378057,1.1059120286556967,1.3674415672378057,-0.23865652845790014,0.04470514671215376,0.9989684902490031
normal,0,train,N0377,1,1.7000000000002728,2.6749844169779134e-13,0.7060345943874977,0.050202880867978535,0.06212157219919664,83.23428270766945,0.042245220563021095,0.06025476985976248,85.19493802946592,0.174727,0.186829,217.56771,-0.0010868798900085727,0.013870717701111361,-0.07025594144002638,0.9603882811030887,0.9603882811030887,-0.10610949802697076,0.09587911705195669,0.9952553264068791
normal,0,train,N0377,2,1.699999999999818,0.0,0.7060345943778656,0.042346582495587,0.04968893954280861,83.6411833803944,0.03686734870965208,0.05071192874778341,85.6018065039561,0.15079399999999998,0.17371599999999998,219.63432,-0.009107368542938657,0.0008319459716339059,-0.588700515031503,0.057602726757540725,0.588700515031503,-0.07977742598209774,0.08000979024526333,0.9966959656593047
normal,0,train,N0378,1,1.699999999999818,0.0,0.7060345943778656,0.06381366534946362,0.08495958496707584,109.80782952745139,0.06489455729194589,0.08675846926814484,112.26057934181753,0.222978,0.28152699999999997,315.50459,0.001801095808622602,-0.0028765199808886838,0.11642287507726919,-0.19916605178858618,0.19916605178858618,-0.1421352264098464,0.06254400486884941,0.9979810309444965
normal,0,train,N0378,2,1.599999999999909,0.058823529411682896,-1.4120691887659043,0.06433950770944799,0.09749887686230936,108.92387452565833,0.06631840784760425,0.10049867108318047,112.18186410041822,0.219231,0.273239,319.17242,0.002683626740183666,0.010979554366070593,0.17346969507710952,0.7602083448114281,0.7602083448114281,-0.204891869381914,0.05379177710469312,0.9985065521114405
normal,0,train,N0379,1,1.599999999999909,0.058823529411682896,-1.4120691887659043,0.07833232011793614,0.19742353515683872,183.41805592321538,0.08063554758749576,0.20345668402142175,188.95916881109147,0.293096,0.671262,522.2130500000001,-0.013383035710988311,-6.59505501998392e-05,-0.8650797404978672,-0.004566319992164368,0.8650797404978672,-0.4318719358463056,0.0719487085283032,0.9973281978534732
normal,0,train,N0383,1,1.699999999999818,0.0,0.7060345943778656,0.07534200306859971,0.18918179069834742,183.07682992322313,0.07721280258613777,0.19466548283511412,187.34190705094423,0.31779999999999997,0.564417,508.76063,-0.01623566315590462,-0.007799388128871515,-1.049473645070588,-0.540018268711693,1.049473645070588,-0.43035745861717606,0.16690002854227096,0.9856229060503542
normal,0,train,N0383,2,1.599999999999909,0.058823529411682896,-1.4120691887659043,0.08609331218372718,0.19370619170780567,178.67659602319438,0.08807728247860612,0.19962455205342206,184.083228463624,0.32557800000000003,0.59507,510.4416,-0.003708796301728351,0.003279815750974413,-0.23973667944592855,0.22708966322346494,0.23973667944592855,-0.38460711340435805,0.1074047371001114,0.9940460502959714
normal,0,train,N0384,1,1.599999999999909,0.058823529411682896,-1.4120691887659043,0.07187518602983599,0.07570102415190338,99.54669542072946,0.07408675064597861,0.07802838056560688,102.56651941473541,0.27473800000000004,0.223115,288.38757,0.014003131854436981,0.0031504046631854604,0.9051627696732162,0.21812942808384017,0.9051627696732162,-0.02592449092797525,0.13800814538786405,0.9901696783517848
normal,0,train,N0384,2,1.7000000000002728,2.6749844169779134e-13,0.7060345943874977,0.06824431235967174,0.08030735214370684,99.85063383983483,0.0700560751238009,0.08226752755412843,102.21139665250111,0.214305,0.265008,278.024,0.01024961465565638,0.007303971172932272,0.662535330398782,0.5057163206080454,0.662535330398782,-0.08120433940798784,0.19172623844582365,0.9810276384471629
normal,0,train,N0385,1,1.599999999999909,0.058823529411682896,-1.4120691887659043,0.054254884458885905,0.045532923902574574,83.27206397267042,0.053570948463160954,0.0469268571580848,85.78214429191044,0.18306,0.20395,221.66338000000002,0.0029498784164462832,-0.002774211409190541,0.19068020964065302,-0.19208235536908377,0.19208235536908377,0.0874050718162929,0.04504724775228534,0.9989526428231962
normal,0,train,N0390,1,1.6000000000003638,0.058823529411415394,-1.4120691887562722,0.054451359820431644,0.14058852619090012,142.46665660068044,0.05584215730646252,0.1449056214576557,146.77952037618698,0.251294,0.414042,416.13941,-0.020739516709442338,0.004102240751008457,-1.3406028438170117,0.2840331717814698,1.3406028438170117,-0.4416387239122068,0.06250141714799844,0.9979837795378003
normal,0,train,N0390,2,1.699999999999818,0.0,0.7060345943778656,0.0741208577002602,0.1476931146661136,143.81495790373108,0.07625027165776102,0.1515491347060213,147.25299620951648,0.339179,0.44786400000000004,422.27178000000004,-0.0016140778200200712,0.009198333893433802,-0.10433402793208428,0.6368792348949153,0.6368792348949153,-0.3316845020204643,0.05313459503087704,0.9985428205475623
normal,0,train,N0395,1,1.7000000000002728,2.6749844169779134e-13,0.7060345943874977,0.08115336974793126,0.13991428900699646,143.24857175717347,0.083467701797127,0.1437034507320567,146.56695039682998,0.260682,0.443436,410.15189,0.0056469791933638075,0.002263224642023859,0.365020866766502,0.15670237622450295,0.365020866766502,-0.2658051367158181,0.12322966410178655,0.9921622967150174
normal,0,train,N0395,2,1.599999999999909,0.058823529411682896,-1.4120691887659043,0.07393710228136281,0.13084989896397456,135.54342947200965,0.07611249635635128,0.1348150226423555,139.63011747594234,0.36187400000000003,0.394787,401.30227,0.0015398475876879786,0.004676790070234277,0.09953578398282543,0.3238141294067573,0.3238141294067573,-0.2779121542687741,0.07242320298307867,0.9972928411198277
normal,0,train,N0396,1,1.6000000000003638,0.058823529411415394,-1.4120691887562722,0.05911552560776528,0.07103983508608971,82.8090663859077,0.05396909576097558,0.07084444161283102,85.30921654210108,0.182333,0.283797,220.75453,0.007997345758436004,0.023422403544543502,0.5169486163516046,1.6217330901085756,1.6217330901085756,-0.09161596890565722,0.06856911989456553,0.9975733036370993
normal,0,train,N0400,1,1.699999999999818,0.0,0.7060345943778656,0.0890739338018954,0.19708813757907626,180.70243780942528,0.09151767530357505,0.2026407796187306,184.93075111485473,0.365428,0.615108,505.60027,-0.001545631015053589,0.0036439689646204088,-0.09990962486263004,0.2523031010893097,0.2523031010893097,-0.3774581420086331,0.07252165347859002,0.9972854760137942
normal,0,train,N0401,1,1.599999999999909,0.058823529411682896,-1.4120691887659043,0.07770687020955551,0.13444887851674986,135.05162442968194,0.08009727357870958,0.13858411753977948,139.12483330369247,0.275465,0.396933,401.60351,0.0055080659321193465,0.009008386383018596,0.35604151031971293,0.6237275460668127,0.6237275460668127,-0.267454493444473,0.07483371238775786,0.9971096338014247
normal,0,train,N0402,1,1.7000000000002728,2.6749844169779134e-13,0.7060345943874977,0.0501875736208122,0.05135283172761211,86.27849851469634,0.03421022754063985,0.05122730363091657,88.291444120777,0.102577,0.188725,223.76886000000002,-0.0023305720499555704,-0.001432835001670435,-0.1506482316662868,-0.09920740757692618,0.1506482316662868,-0.011475807121214312,0.12195426693110463,0.9923236938205326
normal,0,train,N0405,1,1.7000000000002728,2.6749844169779134e-13,0.7060345943874977,0.09843669935208786,0.2067992421253306,179.35700442447717,0.10129026884913186,0.21277233945346374,183.56033023612235,0.376417,0.6761900000000001,502.22164999999995,0.0083600362792947,0.015359296653084414,0.5403929400791325,1.0634553185684317,1.0634553185684317,-0.35501239548785074,0.03995495154985941,0.9991760525660115
normal,0,train,N0405,2,1.699999999999818,0.0,0.7060345943778656,0.0754426022203488,0.20977639540909587,180.90704001407929,0.07375009235727019,0.2158514217084493,185.10116932135955,0.24126799999999998,0.664858,505.65034,-0.015259522532311234,0.016027441378949958,-0.9863758923944702,1.1097166857614713,1.1097166857614713,-0.470984732099795,0.14863702256217823,0.9885971796252018
normal,0,train,N0406,1,1.599999999999909,0.058823529411682896,-1.4120691887659043,0.07668691519303361,0.12677673354226737,131.6940089298036,0.07847061743899658,0.13053406480615004,135.68663179781458,0.2714,0.37389700000000003,388.00721,0.0058429571171869366,0.006337909096273506,0.37768888433332526,0.43882759017365286,0.43882759017365286,-0.24618558971265014,0.09236883519167267,0.9955963862117806
normal,0,train,N0407,1,1.7000000000002728,2.6749844169779134e-13,0.7060345943874977,0.045814039359009684,0.06817489650197905,83.61628760091075,0.04567851883454958,0.07014085221822368,85.58823242339243,0.175839,0.218925,218.30704,-0.005629865874011965,0.019354988897261463,-0.3639146614044576,1.3401112270002415,1.3401112270002415,-0.19616690842734608,0.07457287404747942,0.9971297478484096
normal,0,train,N0410,1,1.699999999999818,0.0,0.7060345943778656,0.08763080037704907,0.19739197126726757,160.9200880163688,0.08758934968311938,0.20012684583804585,164.61079743989842,0.295956,0.603631,461.68071,0.004993698554033782,0.033416555031109546,0.3227927910034011,2.3137135754801452,2.3137135754801452,-0.385096146025854,0.1451259602484961,0.9891295255029321
normal,0,train,N0410,2,1.6000000000003638,0.058823529411415394,-1.4120691887562722,0.07326490019623794,0.1874776615752018,158.9631998534477,0.07544199031716162,0.19322237340957546,163.7683940642339,0.25310900000000003,0.585056,462.52959999999996,-0.00858256907517485,0.026417321318813636,-0.5547774651950765,1.8290968325806707,1.8290968325806707,-0.43802883810983584,0.09548845400837191,0.9952939123360424
normal,0,train,N0411,1,1.6000000000003638,0.058823529411415394,-1.4120691887562722,0.09710090880534296,0.16502794427807388,159.7253235598656,0.09985614714398497,0.17003343565953086,164.55704264424904,0.36417900000000003,0.537237,465.78783,0.014945911644325474,0.002832307405206791,0.9661040772805574,0.1961048374752905,0.9661040772805574,-0.25913604959334824,0.06227876649738386,0.9979981188353864
normal,0,train,N0412,1,1.599999999999909,0.058823529411682896,-1.4120691887659043,0.03492220518102891,0.05764797635191186,82.26862601405416,0.028998638741251085,0.05902518610105949,84.75855098253015,0.10803700000000001,0.21432700000000002,218.99143,-0.01597789919628223,0.010835611127562046,-1.0328117767086322,0.750241924732346,1.0328117767086322,-0.24549774878156158,0.04939038102578462,0.9987409498127101
normal,0,train,N0417,1,1.6000000000003638,0.058823529411415394,-1.4120691887562722,0.06789775972653556,0.1263182263135451,135.96013256662036,0.06976673864843981,0.13007840568630025,140.06686132155107,0.204507,0.378768,401.4179,-0.00466764066605696,-0.0004756238186633954,-0.30171640151976137,-0.0329315001213855,0.30171640151976137,-0.300801534301365,0.09377367385581446,0.995461418369845
normal,0,train,N0418,1,1.599999999999909,0.058823529411682896,-1.4120691887659043,0.04403575620146989,0.0663708910592588,82.0258668143387,0.045119384408119384,0.06823540311035287,84.50852604510817,0.149829,0.239645,219.37468,-0.006766391343188037,0.019920151770088823,-0.4373796942397803,1.379242280754905,1.379242280754905,-0.20229882359203877,0.054085972825676544,0.9984901716353534
normal,0,train,N0422,1,1.7000000000002728,2.6749844169779134e-13,0.7060345943874977,0.11689815318448982,0.1868900884346495,186.43565407388124,0.09398298106212385,0.18738149976395976,190.84333096779994,0.41990099999999997,0.6194459999999999,523.76432,0.023965153050402616,-0.015094558545414027,1.5491080521298954,-1.0451252377718467,1.5491080521298954,-0.2303971176661883,0.036521519550245914,0.99931157605664
normal,0,train,N0422,2,1.699999999999818,0.0,0.7060345943778656,0.1299907156148298,0.20067991782853278,181.39480432379492,0.13302761706538524,0.20640201084092294,185.57792362992427,0.49500299999999997,0.689825,502.15453,0.03909177093972388,0.006204366310608833,2.5268929853016884,0.4295812822938567,2.5268929853016884,-0.21377526476235117,0.1245224607536189,0.9919969841382444
normal,0,train,N0423,1,1.7000000000002728,2.6749844169779134e-13,0.7060345943874977,0.0636581593378082,0.09034877821070225,106.15910634858265,0.064669840686432,0.0928283364450403,108.60064553989866,0.21304399999999998,0.258798,296.67274,0.0031179021387826647,0.007947989136728548,0.20154126697138236,0.5503071859531213,0.5503071859531213,-0.17330789961532408,0.03946436091449459,0.9991961621768306
normal,0,train,N0423,2,1.599999999999909,0.058823529411682896,-1.4120691887659043,0.06937659267149031,0.09662566211598729,101.38830610542371,0.07151036846762153,0.09956720153464782,104.45181520778864,0.22195700000000002,0.303393,294.41432,0.010761422066870918,0.02133168959731077,0.6956185733968432,1.4769751030074307,1.4769751030074307,-0.16414879110659145,0.141465009125755,0.989671045777048
normal,0,train,N0424,1,1.7000000000002728,2.6749844169779134e-13,0.7060345943874977,0.06177520880714745,0.06708579156117105,96.69613865120873,0.06352351824995953,0.06862686617325199,98.88421025407796,0.19881900000000002,0.232628,266.05240000000003,0.005053395334336422,-0.0012184996369223045,0.3266515922745032,-0.0843671392529902,0.3266515922745032,-0.041211714473761235,0.039306815030177626,0.9992025673766098
normal,0,train,N0427,1,1.7000000000002728,2.6749844169779134e-13,0.7060345943874977,0.08585119988192749,0.1806322022870107,179.2591400208635,0.08652917107291251,0.18555566589522474,183.5168895797773,0.356391,0.5763940000000001,504.29219,-0.004185973494826439,-0.010661959600023918,-0.2705814243372437,-0.7382185460120183,0.7382185460120183,-0.3556731925264177,0.0596161874310293,0.9981656310689987
normal,0,train,N0428,1,1.699999999999818,0.0,0.7060345943778656,0.07748372048121535,0.11888240553028301,129.56370213430043,0.07972870146362077,0.12223158957294718,132.57841797110504,0.296423,0.375737,368.77339,0.0074993718723288805,0.0016169899110061031,0.48475957273913317,0.11195802514730287,0.48475957273913317,-0.2108239638359658,0.033635171409144675,0.9994160904486585
normal,0,train,N0428,2,1.599999999999909,0.058823529411682896,-1.4120691887659043,0.07168087697484142,0.12288511731742639,122.83593482811538,0.0735415281382187,0.12662422614449093,126.55397675090212,0.269856,0.39698999999999995,358.59613,0.0044112793492920715,0.015641711766658295,0.28514520002482746,1.0830093294947027,1.0830093294947027,-0.2631715810801204,0.09973150607709234,0.9948663879719147
normal,0,train,N0429,1,1.7000000000002728,2.6749844169779134e-13,0.7060345943874977,0.059844380795805154,0.06073534885788415,84.47359248760739,0.05901439319100565,0.06243300756622818,86.51757679885539,0.198114,0.233593,220.22608000000002,0.008054540696391825,0.010638358111727239,0.5206456984750565,0.7365844133546318,0.7365844133546318,-0.007389036819293816,0.1178571288645129,0.9928308114455742
normal,0,train,N0438,1,1.599999999999909,0.058823529411682896,-1.4120691887659043,0.07526866819873834,0.11812812770537114,133.19239017161036,0.07757723145607676,0.12168958042636842,137.22986197968407,0.28496699999999997,0.348784,391.38012000000003,0.003820091716147833,-0.004542758464583768,0.24693081762980376,-0.31453397634345814,0.31453397634345814,-0.22161411364675285,0.06075209322663419,0.9980950622805566
normal,0,train,N0438,2,1.7000000000002728,2.6749844169779134e-13,0.7060345943874977,0.07292609325619405,0.12043302387818902,133.2981090358603,0.07503923722160728,0.1233678208987016,136.45797597441475,0.249601,0.33508099999999996,387.07308,0.0014348576895986676,-0.0023953462643417772,0.09274923452159775,-0.1658502848251043,0.1658502848251043,-0.24569273652988563,0.06697511997140922,0.99768481718958
normal,0,train,N0440,1,1.6000000000003638,0.058823529411415394,-1.4120691887562722,0.07392347140833433,0.21904339476889584,177.8814011246419,0.07600649182234176,0.22549897897608617,183.27173814119138,0.28900899999999996,0.685249,509.29648,-0.01555776448528745,0.029801579888128094,-1.0056542591909068,2.0634179643510837,2.0634179643510837,-0.4953458568665439,0.08189042416075985,0.996538817254588
normal,0,train,N0444,1,1.599999999999909,0.058823529411682896,-1.4120691887659043,0.09482585274906963,0.2109937118966847,174.82099535077094,0.0971871892979713,0.2174288933641667,180.11120287167466,0.359966,0.677677,499.00478,0.006579534652974645,0.026310826610770832,0.42530127342622803,1.8217232941807358,1.8217232941807358,-0.37985751265390133,0.06672835655302493,0.9977018459002466
normal,0,train,N0445,1,1.7000000000002728,2.6749844169779134e-13,0.7060345943874977,0.08099333715394948,0.14982972907418754,144.0223972543708,0.0807812947805264,0.15383701386394355,147.3765584105572,0.312703,0.484421,417.54489,0.005174696868699966,0.011025936534884234,0.33449252628494214,0.7634197785916136,0.7634197785916136,-0.29822146046662634,0.08073906824978185,0.9966354595396909
normal,0,train,N0446,1,1.699999999999818,0.0,0.7060345943778656,0.03992527578280873,0.04841529263569518,84.75476053548948,0.04037640669347786,0.04907475081954059,86.74144429415259,0.11382799999999998,0.163407,222.36612,-0.011978019672554428,-0.0021005397377913057,-0.7742594710035728,-0.14543831052120113,0.7742594710035728,-0.0961055266541846,0.07313457382603887,0.9972393982509827
normal,0,train,N0449,1,1.599999999999909,0.058823529411682896,-1.4120691887659043,0.08546664643452852,0.14560614116694878,134.28609190730313,0.08793297476771726,0.14974167431675067,138.33312445498,0.27585099999999996,0.476769,387.64851,0.013576745553021921,0.021306023588086268,0.8776011492049147,1.475198025929442,1.475198025929442,-0.26026212500573787,0.11263264659754908,0.9934523287331197
normal,0,train,N0449,2,1.7000000000002728,2.6749844169779134e-13,0.7060345943874977,0.07593696729744567,0.14259703815939984,140.43769398437823,0.07087031083430942,0.14434175182876482,143.6972922381474,0.26185200000000003,0.458388,399.26664,0.0015648063989367744,0.009133194317705928,0.10114912212407509,0.6323690655934332,0.6323690655934332,-0.3050329431444603,0.06496039023791762,0.9978220117161978
normal,0,train,N0450,1,1.7000000000002728,2.6749844169779134e-13,0.7060345943874977,0.08505094581843939,0.19545270781004231,172.4692303096872,0.08706470761940766,0.20063745557063734,176.44608537263804,0.385307,0.6047089999999999,490.48847,-0.0022464012197549177,0.0142731263466076,-0.14520742723895605,0.9882504693241202,0.9882504693241202,-0.3935840427142279,0.14824589859558338,0.9886571115094533
normal,0,train,N0451,1,1.7000000000002728,2.6749844169779134e-13,0.7060345943874977,0.040830785470851116,0.055102362295095846,83.83420146623999,0.03689064755511819,0.055736849219978235,85.82952558402746,0.154518,0.185229,219.60512,-0.010701051144642912,0.005957839576179881,-0.6917161955759636,0.41251213044274454,0.6917161955759636,-0.1487658557698436,0.08704501164321783,0.9960893759731743
normal,0,train,N0454,1,1.699999999999818,0.0,0.7060345943778656,0.08205674884730012,0.06633246004240893,97.38537056316572,0.07746963613932122,0.06801776205173281,99.55854818312807,0.285239,0.211954,268.90448000000004,0.02505682037354183,-0.002998544602628439,1.6196734533591455,-0.2076148587825825,1.6196734533591455,0.1059665249409906,0.03642697989091418,0.9993151355540778
normal,0,train,N0454,2,1.6000000000003638,0.058823529411415394,-1.4120691887562722,0.08116624478845146,0.07776240116685759,96.96272792186271,0.08308305809483488,0.07990662772643015,99.86601658182437,0.285841,0.253904,278.97767,0.02433685870622665,0.009060985598515245,1.5731351143918475,0.627369439099799,1.5731351143918475,0.021417432968815524,0.057304656224213116,0.9983051232903338
normal,0,train,N0456,1,1.699999999999818,0.0,0.7060345943778656,0.06278970769516645,0.05254863680809321,93.6482166017323,0.06384510483627978,0.05298826467552537,95.82666128444518,0.200624,0.189054,253.44851,0.0072977746573318555,-0.011215321159419964,0.4717283240597676,-0.7765324940216669,0.7765324940216669,0.08879155437067172,0.09371025897849049,0.9954675547675749
normal,0,train,N0461,1,1.699999999999818,0.0,0.7060345943778656,0.052084245550411454,0.0676280918438813,91.84646067597399,0.0535929631346836,0.06951440382513108,94.04758014418071,0.177247,0.208219,244.25306999999998,-0.00268065302731494,0.006548117315026095,-0.17327747420791925,0.453382100922968,0.453382100922968,-0.12984331132173724,0.1638062482034825,0.9861509744771472
normal,0,train,N0461,2,1.7000000000002728,2.6749844169779134e-13,0.7060345943874977,0.04456282493788342,0.05294514872173528,90.33521547279376,0.045849863646670756,0.054322498432037285,92.51928583652071,0.15751500000000002,0.188986,238.11916,-0.009592264439452623,-0.00588360129934988,-0.6200441970916478,-0.40737198033565575,0.6200441970916478,-0.08596552127138805,0.08735508685347688,0.9960614651875167
normal,0,train,N0467,1,1.699999999999818,0.0,0.7060345943778656,0.08934548510137487,0.20005732604611665,170.6079056991184,0.09128705619018108,0.20575199968889032,174.59640353326597,0.375044,0.5926750000000001,477.62208,0.0027992093453585026,0.02165046443741503,0.18094095737140486,1.499046608414978,1.499046608414978,-0.3825527489017235,0.039517405572729425,0.999193999822864
normal,0,train,N0467,2,1.7000000000002728,2.6749844169779134e-13,0.7060345943874977,0.10344837539350513,0.2003145231705768,172.8785635443642,0.10550670783835922,0.20601712810179268,176.8734315765257,0.41785700000000003,0.648692,482.44983,0.015985856500997375,0.018525178971213807,1.0333261370710098,1.282656396926428,1.282656396926428,-0.3188873566674828,0.15445793192660617,0.9876865792335132
normal,0,train,N0468,1,1.699999999999818,0.0,0.7060345943778656,0.0657450538401517,0.11110537577728231,133.15130993486557,0.06764884651239454,0.11423379419586112,136.12035374353417,0.222774,0.358412,387.13543000000004,-0.005686946175384705,-0.011504315269902143,-0.3676043334165054,-0.7965420251069012,0.7965420251069012,-0.2564897469290766,0.06452367586536487,0.9978511975498413
normal,0,train,N0469,1,1.699999999999818,0.0,0.7060345943778656,0.0957480209250069,0.20414420235991682,184.2391906440776,0.09852334145544268,0.20910408502332317,188.5106713727669,0.410681,0.600997,515.6557,0.003701325412430845,0.005431514353280653,0.23925376098748866,0.37607013897456765,0.37607013897456765,-0.3614504579252216,0.13569060576907896,0.99049706297084
normal,0,train,N0472,1,1.7000000000002728,2.6749844169779134e-13,0.7060345943874977,0.034735374016347596,0.026244213504017306,88.05061426986967,0.03567936825883655,0.02694039120638268,90.13977854031731,0.140235,0.09212100000000001,230.94442,-0.01849784587889896,-0.02918128322125554,-1.1957011890470197,-2.020469527038145,2.020469527038145,0.13924594864396736,0.0775101820687171,0.9968991853809902
normal,0,train,N0472,2,1.699999999999818,0.0,0.7060345943778656,0.021789400696720005,0.05181780946257763,88.02772944878734,0.02241177269363675,0.05306266820428008,90.10677854035582,0.073694,0.21520099999999998,230.50394,-0.03143458484369391,-0.003573596917880194,-2.0319322974617333,-0.24743064311973587,2.0319322974617333,-0.4079547193877263,0.07815688145977275,0.9968472267770203
normal,0,train,N0473,1,1.699999999999818,0.0,0.7060345943778656,0.03589487886484954,0.044473473931721984,88.5022653039302,0.03650522162207032,0.045760544206394214,90.60095802214141,0.125749,0.162159,232.5466,-0.017520588726109364,-0.011624824185870984,-1.1325312638976177,-0.8048858868420181,1.1325312638976177,-0.10674095919919942,0.09108365809370038,0.9957180734081351
normal,0,train,N0474,1,1.699999999999818,0.0,0.7060345943778656,0.0509055844016919,0.0530861998451575,88.31012714996938,0.05220516905682457,0.05462511250762408,90.400429053987,0.145333,0.20982,231.231,-0.0024323526774845533,-0.0027258799141147566,-0.15722733380364337,-0.18873595307908142,0.18873595307908142,-0.020969112697099408,0.05884308683637607,0.9982128986485487
normal,0,train,N0477,1,1.599999999999909,0.058823529411682896,-1.4120691887659043,0.04544331005057776,0.03902584102496553,86.12049969486922,0.04656174763695359,0.040138724367076946,88.72533598877615,0.156085,0.13111899999999999,230.28735,-0.0070110808213138046,-0.013524462961960575,-0.4531964278128513,-0.9364141075294945,0.9364141075294945,0.07597411532876565,0.08153184614553827,0.9965690622266292
normal,0,train,N0477,2,1.7000000000002728,2.6749844169779134e-13,0.7060345943874977,0.04252603955813426,0.05336078326199245,87.73713892085414,0.04373733223591009,0.05490719784725777,89.8194009038629,0.153144,0.195242,230.9468,-0.010580688519951864,-0.0015977453056310181,-0.6839359527086536,-0.11062555671453014,0.6839359527086536,-0.11299512680767405,0.11826709404607805,0.9927808487565842
normal,0,train,N0478,1,1.7000000000002728,2.6749844169779134e-13,0.7060345943874977,0.04670795266630489,0.06295322562647428,87.54226894403679,0.048062039525217086,0.06476951347108488,89.61099597515317,0.143959,0.207197,230.06621,-0.00632014257013979,0.008284984873638629,-0.4085341631418467,0.5736402797038658,0.5736402797038658,-0.14814060192430875,0.08231856162399583,0.9965025313094965
normal,0,train,N0478,2,1.599999999999909,0.058823529411682896,-1.4120691887659043,0.036540099109624434,0.046767007373222626,85.51504418265574,0.037421602160481494,0.04820433059093953,88.10329560873242,0.11737,0.14279,228.20797,-0.015669981744939776,-0.004881380574803119,-1.0129079854721355,-0.3379796778121722,1.0129079854721355,-0.12276153494277407,0.05235677298135866,0.9985851707473423
normal,0,train,N0480,1,1.7000000000002728,2.6749844169779134e-13,0.7060345943874977,0.03788729952914447,0.04387347176382456,87.47101688532966,0.03898569758831708,0.04514431150309234,89.540244848611,0.132516,0.162568,229.386,-0.015112044475630505,-0.010688628449770317,-0.9768429073709196,-0.7400650583063957,0.9768429073709196,-0.073215701612659,0.05780848222095347,0.9982751893591261
normal,0,train,N0480,2,1.599999999999909,0.058823529411682896,-1.4120691887659043,0.04207769893968566,0.047647562795519155,85.66984370102439,0.04326241345777159,0.04907366614658188,88.25898421361032,0.15180500000000002,0.169038,228.45808,-0.010194845749548494,-0.004231422059487108,-0.6589950670305658,-0.2929774973364894,0.6589950670305658,-0.06207687498543137,0.07893617639130247,0.9967840413195949
normal,0,train,N0481,1,1.699999999999818,0.0,0.7060345943778656,0.042546727281112154,0.04121370279679105,88.50437568156447,0.043746465483070034,0.042403735844019824,90.59043810297909,0.14537899999999998,0.153666,232.04806000000002,-0.010869591877610184,-0.014887739042178778,-0.7026106724859323,-1.0308053567468884,1.0308053567468884,0.015914728268054294,0.05578963308181074,0.9983935570790162
normal,0,train,N0483,1,1.699999999999818,0.0,0.7060345943778656,0.04406997338702774,0.04532489529374435,88.17174419606646,0.04534761446867961,0.04663805765950844,90.25560126612388,0.161092,0.155188,231.30789,-0.009212124177628095,-0.0102810424730648,-0.595471921701099,-0.7118443992168828,0.7118443992168828,-0.014037963534393481,0.05710675196284124,0.998316809744646
normal,0,train,N0483,2,1.6000000000003638,0.058823529411415394,-1.4120691887562722,0.04627340899734202,0.06121818093651975,86.3419391690846,0.04760626494717463,0.0629659534154348,88.95120406914378,0.15875299999999998,0.203372,230.01984,-0.006270335890973852,0.008338009916571937,-0.4053146582388931,0.5773116564080472,0.5773116564080472,-0.13903201123207892,0.10489623420710655,0.9943209187350488
normal,0,train,N0484,1,1.699999999999818,0.0,0.7060345943778656,0.022821596390991874,0.041799089954872894,88.44223065444896,0.023209616640620653,0.04283326534293071,90.53705826216712,0.084286,0.134933,231.78628,-0.030569646354443068,-0.01420977762296178,-1.9760226533431438,-0.983864296011159,1.9760226533431438,-0.2936752089263713,0.06237770296240425,0.9979917533796804
normal,0,train,N0484,2,1.6000000000003638,0.058823529411415394,-1.4120691887562722,0.034238578748334206,0.03465984351395379,86.52865151484565,0.03528464444521157,0.03506043822951431,89.1462088157671,0.1141,0.11146600000000001,230.60825,-0.018380507260027545,-0.01849846331598433,-1.1881164179864212,-1.2808066438886112,1.2808066438886112,-0.006114287552329828,0.07648101537876284,0.9969809828576144
normal,0,train,N0485,1,1.699999999999818,0.0,0.7060345943778656,0.04377150562739291,0.043882700104938846,88.31253262038932,0.04501795500490365,0.044914902150542536,90.40896500094722,0.175578,0.14539,231.28798999999998,-0.009567402093735133,-0.01193296296030566,-0.6184370944845917,-0.8262209665615643,0.8262209665615643,-0.0012685583836583897,0.07034909395359656,0.9974456799896275
normal,0,train,N0486,1,1.699999999999818,0.0,0.7060345943778656,0.03545441881486707,0.05245379546642295,88.40504248692041,0.03606986407363978,0.053957955332857216,90.48122226784346,0.112931,0.20207599999999998,232.49259999999998,-0.01792181796948568,-0.0034996748046324105,-1.1584667315475434,-0.2423123837183598,1.1584667315475434,-0.1933764300679302,0.09871382164399045,0.9949706226665441
normal,0,train,N0486,2,1.6000000000003638,0.058823529411415394,-1.4120691887562722,0.04467199992099276,0.05919977973627545,86.49555673624535,0.045837945052299704,0.06101907324504219,89.10771864441197,0.181947,0.21863,231.01749999999998,-0.00793373186766138,0.006090772501470831,-0.5128366129682342,0.4217162124789576,0.5128366129682342,-0.1398626254703462,0.05105506915254141,0.9986546476974589
normal,0,train,N0491,1,1.699999999999818,0.0,0.7060345943778656,0.04708192234522952,0.055700275375840325,87.15031422289411,0.04844689559103346,0.05724877053521864,89.21902353066727,0.20480199999999998,0.239452,229.51093,-0.005788013517351635,0.0016159094782007416,-0.3741373287584946,0.11188321755427504,0.3741373287584946,-0.08385063971793472,0.05380368453181901,0.9985058908546054
normal,0,train,N0492,1,1.599999999999909,0.058823529411682896,-1.4120691887659043,0.046345320570943614,0.043795628856555725,85.98507705078237,0.04734743031274863,0.04512116835818142,88.58663348436417,0.154246,0.185025,229.18465,-0.006054425314064568,-0.008552942959685013,-0.39135819351168105,-0.5921933071110341,0.5921933071110341,0.02828560970960627,0.05700344895589016,0.9983228938359382
normal,0,train,N0493,1,1.7000000000002728,2.6749844169779134e-13,0.7060345943874977,0.03327421767341462,0.041743667425264766,87.3263460744447,0.034121819913114346,0.04274949621581385,89.40212421916371,0.125272,0.16800500000000002,230.06215,-0.019666749576006608,-0.01260292409765712,-1.271259151291014,-0.8726080994389992,1.271259151291014,-0.112899073875469,0.10584740953756908,0.9942174585260259
normal,0,train,N0497,1,1.699999999999818,0.0,0.7060345943778656,0.04108583224719251,0.04299103186841543,88.97856949416091,0.042234800937559706,0.0442279429168212,91.08139429021873,0.13584200000000002,0.158571,233.23181,-0.012521830942982141,-0.013816792184442366,-0.8094114442076166,-0.9566545569096297,0.9566545569096297,-0.02266021266659703,0.07094610839514795,0.9974021417824923
normal,0,train,N0498,1,1.6000000000003638,0.058823529411415394,-1.4120691887562722,0.031989390957371,0.040541079523628586,86.80202458263508,0.03280587785355922,0.0417703411916243,89.42775823225487,0.126838,0.155506,232.88753,-0.020740005020230767,-0.013024457151391437,-1.340634408237765,-0.9017944338181929,1.340634408237765,-0.11790477173838157,0.0870461435889654,0.9960892742638873
normal,0,train,N0498,2,1.699999999999818,0.0,0.7060345943778656,0.025608401431735033,0.034896350772283084,88.18935215160077,0.0263485878154652,0.03586696710895376,90.31615928688645,0.101997,0.139725,233.33136,-0.027680801196521533,-0.02073581666324375,-1.7892876349570404,-1.435717729363486,1.7892876349570404,-0.1535077659532623,0.13355404072633956,0.9907939706867871
normal,0,train,N0504,1,1.699999999999818,0.0,0.7060345943778656,0.0345415340544298,0.04179763727905097,88.49338600761718,0.03554021739393974,0.04300019342257758,90.59410103869543,0.111523,0.155858,232.01683,-0.018870350612610942,-0.014287433806006465,-1.2197799037222863,-0.989241096963956,1.2197799037222863,-0.09505085132282202,0.09031202080939096,0.9957903168502278
normal,0,train,N0505,1,1.699999999999818,0.0,0.7060345943778656,0.0395563910372128,0.044952770944749455,89.11122207454112,0.04068641195057343,0.04600003528618283,91.20977192272177,0.122502,0.161603,233.52267999999998,-0.014104799379252568,-0.012052658856892474,-0.9117345608485424,-0.8345085360194081,0.9117345608485424,-0.06385556052046298,0.057943122108405694,0.9982671456001688
normal,0,train,N0506,1,1.699999999999818,0.0,0.7060345943778656,0.03466745282762429,0.04290345320017959,87.95245361556381,0.0353947228602364,0.044089341932369686,90.03555933760049,0.127327,0.13734,231.1385,-0.018526157830162933,-0.012375818630412344,-1.1975312742370576,-0.856883647826892,1.1975312742370576,-0.1061738323579343,0.11464464420943093,0.9932163125440415
normal,0,train,N0509,1,1.699999999999818,0.0,0.7060345943778656,0.03609463953968788,0.03793926167573639,89.40259934482908,0.03590887776720403,0.039021105863374164,91.50258115638809,0.11798299999999999,0.134105,234.34046,-0.017684125800973977,-0.019500217908494773,-1.1431023042311275,-1.3501666721091516,1.3501666721091516,-0.024915911572133714,0.07949048042588604,0.9967387166563384
normal,0,train,N0510,1,1.699999999999818,0.0,0.7060345943778656,0.051780913674291655,0.030657319207654146,88.90289846982913,0.053019586523419614,0.03141141648750712,91.00256285903319,0.158911,0.103792,232.60203,-0.0017962151679536409,-0.026037781599402593,-0.1161073903505954,-1.8028180554769984,1.8028180554769984,0.2562354107787698,0.05924355064941859,0.9981884912033274
normal,0,train,N0514,1,1.599999999999909,0.058823529411682896,-1.4120691887659043,0.04174219804522827,0.035716453037616086,86.55535755627966,0.04298816348648982,0.036812882611713844,89.17697269891381,0.132845,0.118449,230.98327999999998,-0.01088766423540101,-0.017481636413206617,-0.7037788701150424,-1.2104030308686575,1.2104030308686575,0.07779305375573442,0.09287529432036278,0.9955479637186567
normal,0,train,N0516,1,1.699999999999818,0.0,0.7060345943778656,0.03489873161178084,0.04121995142727205,88.52893154428226,0.03558004301690721,0.04233213045581458,90.63018319898498,0.126623,0.148455,232.60548,-0.018527496191135917,-0.014918070021574047,-1.1976177859215664,-1.0329054295616686,1.1976177859215664,-0.0830442614484679,0.06691820417254976,0.9976887504259697
normal,0,train,N0519,1,1.699999999999818,0.0,0.7060345943778656,0.04980069396772164,0.061440087299652245,88.04025696609904,0.05081600451571509,0.0632058670134213,90.12139925950653,0.216075,0.243584,231.53296,-0.0034283466063153092,0.006030019318857001,-0.22160840459335376,0.41750975064480433,0.41750975064480433,-0.10463243065373654,0.09846995501081506,0.9949954415278239
normal,0,train,N0520,1,1.599999999999909,0.058823529411682896,-1.4120691887659043,0.033922777200577195,0.030221501625011755,86.70255942229986,0.03496048406226159,0.030987991010750487,89.32240829086555,0.112647,0.132345,230.54638,-0.01876648315259838,-0.023195866899568658,-1.2130659086845186,-1.60604802292155,1.60604802292155,0.057702349192695165,0.05754708212050091,0.9982907526913101
normal,0,train,N0521,1,1.7000000000002728,2.6749844169779134e-13,0.7060345943874977,0.030178404623357927,0.031597468699600326,88.71345197492067,0.031034110328776832,0.03250923978500102,90.8003739447924,0.124761,0.13119799999999998,232.73696999999999,-0.023322279830290622,-0.024815423375642687,-1.5075527121877879,-1.7181837532941384,1.7181837532941384,-0.02297116980929916,0.056612929736396554,0.9983457941608561
normal,0,train,N0525,1,1.599999999999909,0.058823529411682896,-1.4120691887659043,0.03693741165730453,0.048848159343370286,86.82472925291965,0.03804334258264242,0.05020057296082972,89.45086851529302,0.124943,0.15396100000000001,231.75087000000002,-0.015801145981688934,-0.004751199315056472,-1.0213864447948133,-0.3289661170884974,1.0213864447948133,-0.13884325239069892,0.050234238236024645,0.9986975593852098
normal,0,train,N0525,2,1.699999999999818,0.0,0.7060345943778656,0.038552767968792534,0.0452605166618765,88.54127233944989,0.039606449933934765,0.046259292187369995,90.63621151920866,0.125215,0.16245300000000001,232.44383,-0.014878439522673446,-0.010895888236901005,-0.961742677763284,-0.7544154239466888,0.961742677763284,-0.08003204650148536,0.07360018779493606,0.99720413540983
normal,0,train,N0526,1,1.7000000000002728,2.6749844169779134e-13,0.7060345943874977,0.051736680485039925,0.050449605417463655,88.75284325670178,0.05323654528970068,0.051857290531621934,90.83379577480976,0.175522,0.166235,233.47976,-0.0017798989180150757,-0.006021965830921808,-0.11505270757401408,-0.4169521388757831,0.4169521388757831,0.01259537966564005,0.08039425169365257,0.9966641364101224
normal,0,train,N0526,2,1.699999999999818,0.0,0.7060345943778656,0.040928034974004476,0.03630000826446187,88.97411220470093,0.042079702268083934,0.037352093146412836,91.03430612586598,0.125011,0.122831,233.62973,-0.012677829635691133,-0.020501175992782734,-0.8194952033427654,-1.4194715512610454,1.4194715512610454,0.05992676384654939,0.08841242351325469,0.9959655449643898
normal,0,train,N0536,1,1.699999999999818,0.0,0.7060345943778656,0.0341027092651335,0.04378062051994137,89.40737407284574,0.035063960026013634,0.044989569552685744,91.51100195613856,0.14554899999999998,0.156925,234.6572,-0.019677982747035923,-0.01366597173184795,-1.271985263728346,-0.946211968548774,1.271985263728346,-0.12426165241510033,0.09297999199240477,0.9955379205621074
normal,0,train,N0537,1,1.699999999999818,0.0,0.7060345943778656,0.03048970581833955,0.054199708335623605,89.08157434503087,0.03133077393614636,0.05518955730779207,91.19844183351722,0.102384,0.18516,233.35496,-0.023159521312361205,-0.002761556763207197,-1.4970319977927278,-0.19120616612164934,1.4970319977927278,-0.2799641815197814,0.13416455881441136,0.990709610920318
normal,0,train,N0538,1,1.6000000000003638,0.058823529411415394,-1.4120691887562722,0.03515954109651671,0.03207955199463469,87.34389483695932,0.036226308030011756,0.033034458250283234,89.98602799297242,0.116723,0.0969,233.41611,-0.01778850733126946,-0.022293181020197853,-1.1498495287839727,-1.5435473680350693,1.5435473680350693,0.0458065235600498,0.06100317576875641,0.9980792838947731
normal,0,train,N0543,1,1.699999999999818,0.0,0.7060345943778656,0.038984106435970944,0.04478056337544473,88.62563295098742,0.03997482989148223,0.04588394120449459,90.68759280200679,0.17241,0.159956,233.00150000000002,-0.01448114177698609,-0.011501509201737405,-0.936061342215669,-0.7963477370361999,0.936061342215669,-0.06919930505849893,0.06735146016174984,0.9976587255814586
normal,0,train,N0543,2,1.6000000000003638,0.058823529411415394,-1.4120691887562722,0.035457497900344595,0.04833428235248157,86.79974088120807,0.036446911451593456,0.04973257256752182,89.42187188446523,0.121185,0.15354099999999998,231.76232,-0.01727097657084762,-0.005227852409592691,-1.116396328359663,-0.36196888277144623,1.116396328359663,-0.15367598603502622,0.06471819696357738,0.9978382219260796
normal,0,train,N0548,1,1.699999999999818,0.0,0.7060345943778656,0.02522647837205097,0.03849970154718375,88.54387551635729,0.025956925502817616,0.039564576597257574,90.63176437457629,0.09462899999999999,0.14611600000000002,232.10398,-0.02820577953878113,-0.01766058117078529,-1.8232222472450468,-1.2227929051236588,1.8232222472450468,-0.20828524778586616,0.0620081238338824,0.9980154800405668
normal,0,train,N0549,1,1.5999999999994543,0.0588235294119504,-1.4120691887755363,0.04580941925168305,0.06162714987730651,86.58317914720004,0.047207557820802507,0.0633659056591741,89.20787077580579,0.162409,0.21821000000000002,231.13135,-0.006831669441494659,0.0083876160287161,-0.44159927203683574,0.5807463113264818,0.5807463113264818,-0.14722855312407904,0.11823234542056611,0.9927850903206907
normal,0,train,N0549,2,1.7000000000007276,5.349968833955827e-13,0.7060345943971297,0.045694422143189424,0.04449365547156384,88.21973220087916,0.047014013340065636,0.04539765654744747,90.33688749940379,0.136126,0.139339,231.65501999999998,-0.007607039272403103,-0.011183767565991612,-0.491719195991116,-0.774347769192839,0.774347769192839,0.013314028897937704,0.15779047746072644,0.9871495046310664
normal,0,train,N0550,1,1.7000000000007276,5.349968833955827e-13,0.7060345943971297,0.02440602993342242,0.043965128370865324,86.87892472617423,0.02511286655354079,0.044892591918527035,88.82968115432584,0.087727,0.169004,228.79746,-0.02835439635940737,-0.009714962505830281,-1.8328288419965952,-0.6726498471818648,1.8328288419965952,-0.2860723574421325,0.09720849018368226,0.9951228435799739
normal,0,train,N0550,2,1.5999999999994543,0.0588235294119504,-1.4120691887755363,0.036847497915693805,0.03743277819913828,86.12448210445068,0.0379428624509352,0.038374601254011896,88.70210187362984,0.168448,0.14401599999999998,229.67377,-0.015608499915807872,-0.015123458179189857,-1.008933798603076,-1.0471262063017053,1.0471262063017053,-0.00787934986310222,0.06836887763957528,0.9975874562943484
normal,0,train,N0551,1,1.699999999999818,0.0,0.7060345943778656,0.03986387053600178,0.028442830523115428,88.30644795775206,0.04090764681284791,0.02906928928383562,90.3800891815967,0.162931,0.099295,231.84111000000001,-0.01347258193613711,-0.027363768532118193,-0.8708680105800193,-1.894627458459359,1.894627458459359,0.16720233645648636,0.09092275460065573,0.9957331884881654
normal,0,train,N0555,1,1.7000000000007276,5.349968833955827e-13,0.7060345943971297,0.03903669935742803,0.044054568769248494,88.30421514613572,0.03992837727899779,0.045278362406731255,90.41611262081372,0.131369,0.157186,232.35620999999998,-0.014298852143072693,-0.011748704180981541,-0.92427813602787,-0.8134631571845437,0.92427813602787,-0.0603898523261204,0.1052542330103745,0.9942820884817481
normal,0,train,N0555,2,1.699999999999818,0.0,0.7060345943778656,0.028080614561769593,0.04130916340165272,88.48151222416958,0.028838036380635382,0.0423388318467463,90.57888383937207,0.08477499999999999,0.15006799999999998,232.38948,-0.025326478862675604,-0.014758219916892093,-1.6371041843861414,-1.0218376412483539,1.6371041843861414,-0.19064117551529994,0.05764892485198421,0.9982846975295003
normal,0,train,N0556,1,1.6000000000003638,0.058823529411415394,-1.4120691887562722,0.03853631898688332,0.037651184271664334,86.71708127147076,0.03972008273299763,0.03840842293853003,89.34378669058903,0.11976500000000001,0.136035,231.3464,-0.01415880114153751,-0.015787816707188165,-0.9152252360221526,-1.0931254226716955,1.0931254226716955,0.01161784646234697,0.11052765453204388,0.9936947806883268
normal,0,train,N0557,1,1.699999999999818,0.0,0.7060345943778656,0.02942274411252477,0.039359958306493276,88.1865964831847,0.029697552227425303,0.04041690113115739,90.27047682919466,0.11319199999999999,0.137919,232.48329999999999,-0.02386534656384615,-0.016268104151058768,-1.542656558511048,-1.1263798254065538,1.542656558511048,-0.1444725758707097,0.08078311392976865,0.996631787614866
normal,0,train,N0557,2,1.699999999999818,0.0,0.7060345943778656,0.027402390898322075,0.04141602812653307,88.46580699156773,0.028082516399882563,0.04223368846315243,90.54952444677686,0.091712,0.155869,232.68786,-0.025998365238623568,-0.01462795991210672,-1.680534935398177,-1.0128186283329454,1.680534935398177,-0.20363207156714916,0.08198498784022182,0.9965308189774617
normal,0,train,N0558,1,1.699999999999818,0.0,0.7060345943778656,0.04210502518438598,0.058298613583191,87.37877430056382,0.04328623668095899,0.059961592257507274,89.45352343988121,0.154223,0.222921,230.03271,-0.010857097609205245,0.0038739224194630426,-0.7018030426848266,0.26822474321258205,0.7018030426848266,-0.16128487570186623,0.09164863920474871,0.9956647880938889
normal,0,train,N0561,1,1.5999999999994543,0.0588235294119504,-1.4120691887755363,0.06414127009325954,0.052922873814859384,88.33204212604974,0.06551888674458686,0.053987526365778124,90.99028370413137,0.218108,0.192143,242.93747000000002,0.010794490005673847,-0.0029218515608459145,0.6977560857323255,-0.2023047443272804,0.6977560857323255,0.09583119052328608,0.14840079517045432,0.988633395609164
normal,0,train,N0568,1,1.6000000000003638,0.058823529411415394,-1.4120691887562722,0.05640713059117093,0.04850745907893051,83.23439956606269,0.057797175980459255,0.0495709256353519,85.74168033865969,0.191359,0.179586,221.90848,0.005117322679139467,0.00025643050288736563,0.3307838573335831,0.017754874347319444,0.3307838573335831,0.07529621511178985,0.09757135521808671,0.9950863642017533
normal,0,train,N0568,2,1.699999999999818,0.0,0.7060345943778656,0.03911532527241294,0.045119965144169945,85.06349828563404,0.040183360831839716,0.04607654133875318,87.05754251650822,0.155404,0.157958,221.46263,-0.012912550310747999,-0.005855778028792759,-0.8346675532529549,-0.4054455376265752,0.8346675532529549,-0.0712841356869546,0.12373458796877745,0.9920979363820291
normal,0,train,N0570,1,1.7000000000007276,5.349968833955827e-13,0.7060345943971297,0.05040672024090086,0.05388505159184276,84.03265701576032,0.050199141863873344,0.055445097759720535,86.02226233313628,0.156948,0.168301,220.84608,-0.0012051960464500924,0.004444899814291595,-0.07790390055195616,0.30775838599763977,0.30775838599763977,-0.03335192498682324,0.0704559818794954,0.9974379120605892
normal,0,train,N0571,1,1.699999999999818,0.0,0.7060345943778656,0.07759613982129952,0.16469646929899728,167.26955898462205,0.07937928847831485,0.16927330608066093,171.12996028882563,0.29470799999999997,0.477484,482.14835,-0.007603064965486447,-0.00873742834376906,-0.49146229669932856,-0.6049668062714219,0.6049668062714219,-0.35948405439842984,0.1309189881733927,0.9911536611796844
normal,0,train,N0574,1,1.6000000000003638,0.058823529411415394,-1.4120691887562722,0.05946661556656118,0.10972457304140057,123.8196911878595,0.060180244785059706,0.11307899888017513,127.56161430999322,0.213872,0.34443599999999996,364.88811,-0.008199941915570046,0.0010157160721133845,-0.5300444366740074,0.07032670072346521,0.5300444366740074,-0.29704831491548084,0.06747628058665812,0.9976500395139026
normal,0,train,N0575,1,1.699999999999818,0.0,0.7060345943778656,0.10804310838066238,0.16892573713584583,189.3499429908503,0.11068902759161123,0.17334023146217234,193.85229276776425,0.384819,0.5416989999999999,528.8117500000001,0.013934150704792023,-0.037400176647776256,0.9007038265512824,-2.589533731252559,2.589533731252559,-0.2198176067110582,0.029215888501222153,0.9995594487014623
normal,0,train,N0575,2,1.699999999999818,0.0,0.7060345943778656,0.08690338758644567,0.17439454573992083,188.69444854548757,0.08012990848101893,0.1794207868120768,193.15219112138908,0.311431,0.561918,523.2230999999999,-0.006941068642044856,-0.030954911571248994,-0.4486708389119756,-2.1432729694461354,2.1432729694461354,-0.33483295118091144,0.10857318727196928,0.9939158002609518
normal,0,train,N0576,1,1.699999999999818,0.0,0.7060345943778656,0.055547150474969366,0.10346745400232009,112.43911197475262,0.05705874931746403,0.10636439707014171,115.08235619602601,0.19853500000000002,0.312567,318.11575,-0.007527179422042361,0.011711662480817286,-0.4865570534011844,0.8108984438426315,0.8108984438426315,-0.3013578764326227,0.06814747091780812,0.9976030566232271
normal,0,train,N0578,1,1.699999999999818,0.0,0.7060345943778656,0.09747059013192988,0.094528517568627,110.4194132393587,0.10011538428658041,0.09726880952035208,113.03115578274472,0.36456500000000003,0.289179,315.79224,0.03521123775694313,0.005781367716829938,2.276055229859024,0.4002934760575732,2.276055229859024,0.015323365814158019,0.1569893931208725,0.9872796544245243
normal,0,train,N0583,1,1.6000000000003638,0.058823529411415394,-1.4120691887562722,0.06468543537586112,0.18586625298379286,171.08499944073836,0.06662395962607862,0.1914633499704048,176.2655322442422,0.209138,0.573249,487.56510000000003,-0.022053354574725556,0.006748689285596882,-1.4255293540722507,0.4672694118901939,1.4255293540722507,-0.4836559609748042,0.05162966274252247,0.9986241950581116
normal,0,train,N0587,1,1.7000000000007276,5.349968833955827e-13,0.7060345943971297,0.07961970406947712,0.10201570751468728,119.95885481943672,0.08191205427311557,0.10438039692045264,122.8365728032256,0.287374,0.300975,346.16724999999997,0.013511049655432664,-0.0009418594357512994,0.8733545648524851,-0.06521297484624523,0.8733545648524851,-0.12330196655903311,0.13350960102368412,0.9908000962242471
normal,0,train,N0587,2,1.699999999999818,0.0,0.7060345943778656,0.06918869617534677,0.09759830935153424,117.67086869684759,0.07070052870996991,0.10041302202548656,120.43995846705847,0.256061,0.337567,332.27805,0.004003277107217193,-0.0019509619617891355,0.2587719255810564,-0.1350817632767541,0.2587719255810564,-0.17033469176013452,0.0492198609786398,0.998749628534318
normal,0,train,N0588,1,1.6000000000003638,0.058823529411415394,-1.4120691887562722,0.0675036973118118,0.041059534087354035,84.81722067703843,0.06957444236703464,0.04220687939997251,87.37050919528701,0.215678,0.141678,226.10536000000002,0.01557519828994991,-0.009549341957085317,1.0067811807309044,-0.6611825217303647,1.0067811807309044,0.2435830518620448,0.13885599657199887,0.9900485224340532
normal,0,train,N0593,1,1.699999999999818,0.0,0.7060345943778656,0.07814644874919852,0.04548952030168902,86.2050999287432,0.07893888755274778,0.04663027597081513,88.25338692201319,0.318755,0.139464,228.06301,0.02565792046475275,-0.0071868083167524535,1.658528577274793,-0.49760413517681884,1.658528577274793,0.2641377642602052,0.049220188459545164,0.9987496118957443
normal,0,train,N0593,2,1.6000000000003638,0.058823529411415394,-1.4120691887562722,0.07906900212286659,0.0635327382323013,84.41825576000132,0.08031728223445693,0.060591374401055005,86.9739688674271,0.31479199999999996,0.21039799999999997,227.45433,0.027301491189853706,0.013518179772516195,1.7647690272791836,0.9359790686482763,1.7647690272791836,0.10894862749754172,0.08819554895241245,0.995985313623213
normal,0,train,N0597,1,1.699999999999818,0.0,0.7060345943778656,0.07801532600322124,0.13567712030916962,153.4407786916103,0.08027635202674709,0.13957239619236705,156.98794413738676,0.24008800000000002,0.40318899999999996,428.71767,-0.0016037668102665964,-0.01715675223993035,-0.10366752402113057,-1.18790852413485,1.18790852413485,-0.26983543546216143,0.07958101350644818,0.9967312837622092
normal,0,train,N0597,2,1.6000000000003638,0.058823529411415394,-1.4120691887562722,0.06867680855153019,0.1241706760267543,150.10061486265465,0.07064791677567463,0.12798281845571166,154.64849977251694,0.290723,0.37594099999999997,426.65009999999995,-0.009594480060877722,-0.023687525694151668,-0.6201874149122423,-1.6400897614093113,1.6400897614093113,-0.28776039052979807,0.05172914281790967,0.9986188881462307
normal,0,train,N0598,1,1.699999999999818,0.0,0.7060345943778656,0.06240605262178768,0.0398263425574079,85.07397734719021,0.06119325686443294,0.03674535737501606,87.08684958440196,0.23634100000000002,0.146741,227.10958,0.010373948586397438,-0.011165010736363806,0.6705722785817897,-0.7730490736420134,0.7730490736420134,0.22086648781514526,0.04909233172444645,0.9987560995952799
normal,0,holdout,N0005,1,1.7000000000000028,1.0867124193972773e-13,0.7060345943817787,0.05840318303397512,0.15134687321642587,155.98553708117808,0.05769280851552034,0.155182871269568,159.59347687773928,0.201815,0.45696899999999996,441.70707000000004,-0.022242756432500184,-0.005277795452915124,-1.4377722945763218,-0.3654268663136854,1.4377722945763218,-0.4431164016997966,0.07368426954576383,0.9971977437014204
normal,0,holdout,N0005,2,1.6000000000000014,0.05882352941162856,-1.4120691887639478,0.07203640576329526,0.14242695742668776,153.6374211144309,0.07140732901501654,0.14678962407941168,158.28643148878035,0.273807,0.415586,438.96752000000004,-0.007662035099318371,-0.010699843259149744,-0.4952741275256155,-0.7408415553655164,0.7408415553655164,-0.32821713982312495,0.050311807542971286,0.998693533946713
normal,0,holdout,N0007,1,1.7000000000000028,1.0867124193972773e-13,0.7060345943817787,0.09963758599990713,0.17384266823082045,182.4149846474816,0.10243007120843325,0.1788414136093233,186.6727448818459,0.399272,0.51965,508.70663,0.008326983874288096,-0.022152593617495442,0.538256431848607,-1.533813301137053,1.533813301137053,-0.27133616077465417,0.10782066946614104,0.9939998468314124
normal,0,holdout,N0011,1,1.7000000000000028,1.0867124193972773e-13,0.7060345943817787,0.04219745630235179,0.05315001522995496,84.08407933629718,0.042368821533457675,0.05435077713633476,86.09454498276921,0.191746,0.197422,220.60159,-0.009435209631782362,0.0036332622575775755,-0.6098921706607703,0.2515617842955639,0.6098921706607703,-0.11486994622376771,0.10580009971398181,0.9942226265292905
normal,0,holdout,N0011,2,1.6999999999999886,1.0031191563667174e-13,0.7060345943814776,0.04423618115801187,0.0444532870369435,84.13333609504387,0.04166167332809295,0.043793874169058104,86.13824731597413,0.152826,0.158094,222.17097,-0.007416360587540534,-0.005136841203875114,-0.47939372135430025,-0.3556673995098252,0.47939372135430025,-0.002447933033626331,0.05228165936088397,0.9985892274035973
normal,0,holdout,N0015,1,1.7000000000000028,1.0867124193972773e-13,0.7060345943817787,0.0919564839055832,0.18193102971486505,185.38640877212165,0.0923203259155512,0.18712106364625167,189.7430090558268,0.29691100000000004,0.562407,518.09782,-0.0005531306408224912,-0.018490610326937856,-0.03575437752372355,-1.2802629143704725,1.2802629143704725,-0.3285091190160628,0.16405254262867355,0.9861092971649241
normal,0,holdout,N0029,1,1.700000000000017,1.170305682427837e-13,0.7060345943820797,0.07729398288389308,0.07625223478437279,100.38216982290892,0.07819596541706315,0.076742317842376,102.59823981990066,0.256596,0.250702,285.87214,0.019084802756949265,0.0024570519078982583,1.2336420953340939,0.17012269366698912,1.2336420953340939,0.006784589782368884,0.08501824247989355,0.9962693669396763
normal,0,holdout,N0033,1,1.7000000000000455,1.3374922084889567e-13,0.7060345943826817,0.05436712651859475,0.12950330660493234,142.00151468351936,0.05086473227388617,0.13286452966947518,145.2481689556792,0.162659,0.413259,403.64914,-0.020636058549976244,-0.006290080765671474,-1.3339153059761144,-0.43551602625860164,1.3339153059761144,-0.40863655352055034,0.03497012112257502,0.9993688209696366
normal,0,holdout,N0033,2,1.6999999999999886,1.0031191563667174e-13,0.7060345943814776,0.10825965246906265,0.1354403743195999,145.82125103678877,0.11099584010212782,0.13916339962361027,149.11669394700934,0.43894,0.44874899999999995,413.19792,0.031715148780331645,-0.006043078484200687,2.0500679568697353,-0.4184139482232838,2.0500679568697353,-0.11153352015835818,0.12905597661032872,0.9914036412392968
normal,0,holdout,N0034,1,1.6000000000000227,0.05882352941161602,-1.4120691887634962,0.08898726903889119,0.1359105103551598,159.54062480450796,0.09152355331958352,0.14009302996087153,164.3669501117581,0.271604,0.40065700000000004,468.35833,0.00690680048519747,-0.02600999025011766,0.44645574445410463,-1.8008938229502882,1.8008938229502882,-0.2086425283632711,0.10401466975350997,0.9944159734069977
normal,0,holdout,N0035,1,1.6000000000000227,0.05882352941161602,-1.4120691887634962,0.0338502836993933,0.039885714051672246,82.63602183752575,0.03481416830926996,0.04110175654737169,85.13258606843232,0.12559,0.123455,219.95952,-0.017198070182939583,-0.007473941896982979,-1.1116836577448534,-0.5174848458586083,1.1116836577448534,-0.08185188423940293,0.04887550916270254,0.9987670630214628
normal,0,holdout,N0047,1,1.6999999999999886,1.0031191563667174e-13,0.7060345943814776,0.0818244338935504,0.1389680007789563,155.28610010210315,0.08411140650701446,0.14257608697737867,158.8600344949741,0.29951,0.417199,441.49142,0.0014607273195504922,-0.01661475247810043,0.09442144800505468,-1.1503812504321766,1.1503812504321766,-0.258811253972112,0.1582892008732428,0.9870681439416181
normal,0,holdout,N0047,2,1.6000000000000227,0.05882352941161602,-1.4120691887634962,0.07122568570768141,0.13214136304508048,147.22213152481243,0.07314114376669263,0.13606281877314114,151.67328636411514,0.30203100000000005,0.41097700000000004,435.22757,-0.005884093429697132,-0.011428909607980292,-0.3803479365334298,-0.7913210469571718,0.7913210469571718,-0.2995356313163405,0.09354042992528887,0.9954839679841979
normal,0,holdout,N0048,1,1.7000000000000455,1.3374922084889567e-13,0.7060345943826817,0.050520391648103624,0.05022323127464686,83.22547517892839,0.03989794593534205,0.051278628746463634,85.2098201057738,0.161557,0.20649299999999998,218.61568,-0.0007658151452140244,0.0019854969006242104,-0.049502308848144834,0.1374729121170991,0.1374729121170991,0.0029496693173489902,0.11864307766845697,0.9927348749013378
normal,0,holdout,N0048,2,1.599999999999966,0.05882352941164946,-1.4120691887647003,0.03436379677800461,0.053751035460340886,81.29247660172472,0.032714053401720004,0.055356807551037904,83.76212889116482,0.11855099999999999,0.21434999999999998,217.61050999999998,-0.016142417255541358,0.00839278997490369,-1.0434462278962835,0.5811045478209944,1.0434462278962835,-0.22002242062579094,0.050201220037345964,0.9986992709712309
normal,0,holdout,N0055,1,1.6999999999999886,1.0031191563667174e-13,0.7060345943814776,0.06541826295164915,0.12646584450290654,140.4171456209983,0.0672305478115116,0.1297876738352253,143.5938147401882,0.231425,0.425168,404.78079,-0.008945606386353416,-0.006967389495237064,-0.5782442054569692,-0.48241189571397214,0.5782442054569692,-0.31814819038829084,0.10669388810735397,0.9941246008983352
normal,0,holdout,N0057,1,1.6999999999999886,1.0031191563667174e-13,0.7060345943814776,0.0771476377473737,0.06888033386848043,100.93951438487285,0.0791522063333544,0.07086386212869092,103.30509462005259,0.283412,0.227179,279.8008,0.018713561064293317,-0.005745096630633495,1.209645023662148,-0.39778211890385506,1.209645023662148,0.05661452246001806,0.030607303721941478,0.9995164866884503
normal,0,holdout,N0057,2,1.6000000000000227,0.05882352941161602,-1.4120691887634962,0.06064353701658861,0.06718093545090618,96.96706134996234,0.06241379261829872,0.06923979436796189,99.9010808126139,0.21160299999999999,0.24341400000000002,277.1844,0.0038124023337271773,-0.0015269354031303695,0.24643377577078904,-0.10572278225014704,0.24643377577078904,-0.05114355888250478,0.11912246815498606,0.9926760452029166
normal,0,holdout,N0066,1,1.599999999999966,0.05882352941164946,-1.4120691887647003,0.06947724793137425,0.12938202427489912,159.30440496358497,0.07136432704166903,0.1333372102632248,164.12494587287082,0.27070700000000003,0.34537799999999996,468.92649,-0.012507902515101366,-0.03218659174276259,-0.8085111103045431,-2.228552709707443,2.228552709707443,-0.3012420576551513,0.10681800071562692,0.9941109237280542
normal,0,holdout,N0066,2,1.7000000000000455,1.3374922084889567e-13,0.7060345943826817,0.07764133322170894,0.13267412147731666,162.4534898481823,0.07981937470534921,0.13625458775189153,166.25842131579716,0.322342,0.421672,469.4789,-0.005614518320390671,-0.03358552486046462,-0.3629225951804181,-2.3254128002404943,2.3254128002404943,-0.2616678281398834,0.05495295317675094,0.9984413795804647
normal,0,holdout,N0069,1,1.6999999999999318,6.687461042444783e-14,0.7060345943802737,0.0420011529940945,0.04689344812148305,84.04675050199708,0.04010356966480013,0.04804440593040861,86.05430266216523,0.135309,0.159604,221.99883,-0.009616450217889635,-0.002567698000036492,-0.6216075663739139,-0.1777836678522651,0.6216075663739139,-0.05503478350696156,0.07542070936785435,0.9970641117927453
normal,0,holdout,N0069,2,1.6000000000000227,0.05882352941161602,-1.4120691887634962,0.03605733175016111,0.042806596356031804,82.25220212542595,0.036561085733532395,0.04402701069781247,84.73881475436161,0.125533,0.1485,219.94927,-0.014836145351595678,-0.003981303043371201,-0.9590087815583679,-0.27565962113607434,0.9590087815583679,-0.08558113662176452,0.05040620790933063,0.9986886266860381
normal,0,holdout,N0070,1,1.6999999999999318,6.687461042444783e-14,0.7060345943802737,0.05506175132521667,0.10152765400016775,119.84618826099731,0.05571396197478783,0.10418295530968022,122.55063949100172,0.171775,0.307923,343.46502,-0.011001440510175368,-0.0012620793538225678,-0.7111333711701209,-0.087384535346449,0.7111333711701209,-0.29673720631418626,0.040190449457839506,0.9991663111083227
normal,0,holdout,N0080,1,1.7000000000000455,1.3374922084889567e-13,0.7060345943826817,0.05426614993816229,0.05929372597079728,88.93895109336735,0.05541988946347503,0.06059821056906881,91.04340782934167,0.196048,0.17568,234.75626,0.0006744733431859676,0.0025449194186319135,0.04359797263463672,0.1762065120689411,0.1762065120689411,-0.04427246853123811,0.13048791653527178,0.991211821232654
normal,0,holdout,N0085,1,1.7000000000000455,1.3374922084889567e-13,0.7060345943826817,0.0832247275430272,0.09807796430193232,112.71530074496499,0.08487136566579521,0.10074380347504082,115.37384550570826,0.283605,0.281765,316.87752,0.020038951500303603,0.005910748527790333,1.2953182923586313,0.40925161487370826,1.2953182923586313,-0.08192507572653632,0.028848978540895246,0.9995704446127209
normal,0,holdout,N0090,1,1.6999999999999318,6.687461042444783e-14,0.7060345943802737,0.0748211410301631,0.12664772062452956,135.49195785553306,0.07697863040427713,0.13028838383046124,138.6934626024807,0.284956,0.392766,389.18249000000003,0.0024446558748929814,0.0005512863592498363,0.1580226127710765,0.03817026417552164,0.1580226127710765,-0.25724362151277413,0.054013798516175784,0.998494198487665
normal,0,holdout,N0095,1,1.7000000000000455,1.3374922084889567e-13,0.7060345943826817,0.08005209970249236,0.14192621473224112,148.48432468766148,0.08157678340427646,0.14528735447201566,151.9513661674361,0.31212399999999996,0.410886,431.90508,0.0024330074491777515,-0.003524282371336368,0.15726965826116165,-0.24401617577859688,0.24401617577859688,-0.278739457892687,0.05262188231352663,0.9985708064525309
normal,0,holdout,N0101,1,1.7000000000000455,1.3374922084889567e-13,0.7060345943826817,0.07817238713893801,0.18756464183374813,179.57966463929935,0.08031652787898608,0.1926570865492548,183.74047938163687,0.234183,0.529743,499.51523,-0.011994122536692159,-0.004206989146222556,-0.7753003605170113,-0.2912857980258904,0.7753003605170113,-0.4116560462698723,0.15756166320067921,0.9871867469880831
normal,0,holdout,N0109,1,1.6999999999999318,6.687461042444783e-14,0.7060345943802737,0.07860233771898192,0.09275061278623567,107.8906294286088,0.08034566167398254,0.09503495608369619,110.37773161491033,0.27441899999999997,0.262362,302.14194,0.017363386024406506,0.007770462543524162,1.1223696775930219,0.538015503332835,1.1223696775930219,-0.08256802713613251,0.04789897558274122,0.9988158390390306
normal,0,holdout,N0112,1,1.599999999999909,0.058823529411682896,-1.4120691887659043,0.05000311955268391,0.039620724784028935,83.14745231199112,0.046495428745738004,0.040368256916699374,85.65244910572761,0.16091,0.134423,221.39742999999999,-0.0012516038903481186,-0.00850078292482645,-0.08090370466391913,-0.5885818223054513,0.5885818223054513,0.11584411319752064,0.05959277576561605,0.9981670715233786
normal,0,holdout,N0114,1,1.7000000000000455,1.3374922084889567e-13,0.7060345943826817,0.06388287438438499,0.13710961427003496,147.64315962392305,0.06432679276782045,0.14059788405408855,151.04077370082916,0.226736,0.38135600000000003,427.67042000000004,-0.013396795653504087,-0.007087842358983604,-0.8659691835030173,-0.49075187647489665,0.8659691835030173,-0.3643257535419115,0.06621333563902274,0.9977371840947353
normal,0,holdout,N0119,1,1.7000000000000455,1.3374922084889567e-13,0.7060345943826817,0.0742278852139365,0.1583923157381345,166.84265178989557,0.0762960483875512,0.1626644801840757,170.75092141262704,0.312181,0.43391,477.51419999999996,-0.010799056372602922,-0.0144056401413169,-0.6980512557971262,-0.997425531369624,0.997425531369624,-0.3618104970220424,0.08019355169976185,0.9966807712339467
normal,0,holdout,N0119,2,1.6999999999999318,6.687461042444783e-14,0.7060345943802737,0.07974530050521264,0.16396650428991758,165.37076921601894,0.08024212009243091,0.16776962461565106,169.2061094693931,0.306447,0.476565,468.02513999999996,-0.0046877152686556345,-0.006638863572779291,-0.3030140242999502,-0.45966523957362343,0.45966523957362343,-0.34557703864676415,0.18231145837022042,0.982845177882266
normal,0,holdout,N0120,1,1.6000000000000227,0.05882352941161602,-1.4120691887634962,0.03480076056893686,0.04465462825956566,81.21832716279943,0.03399296350901168,0.044439637321149396,83.669163236609,0.120844,0.201577,216.84244,-0.01567553309830106,-0.0005931606078490304,-1.013266825082886,-0.04106957612904038,1.013266825082886,-0.1240176133524875,0.051632221339531485,0.9986240586939577
normal,0,holdout,N0121,1,1.7000000000000455,1.3374922084889567e-13,0.7060345943826817,0.06351949005751437,0.10330201989285806,116.4978773387585,0.05627647278110993,0.10624779312576224,119.12138620192238,0.18587599999999999,0.293686,337.04654,-0.0011926101073453654,0.0055000936742788525,-0.07709034515467814,0.38081847122614254,0.38081847122614254,-0.2384736227776627,0.04596323225943807,0.9989096161446516
normal,0,holdout,N0125,1,1.7000000000000455,1.3374922084889567e-13,0.7060345943826817,0.0981660281566671,0.16576920943253876,186.12339568418497,0.10072942338399064,0.17057225087127778,190.53954832345485,0.351179,0.537078,524.77986,0.005359028779131594,-0.035750282231787944,0.34640774527451274,-2.4752974461289963,2.4752974461289963,-0.2561354894977475,0.030497354735666643,0.9995199542472906
normal,0,holdout,N0128,1,1.7000000000000455,1.3374922084889567e-13,0.7060345943826817,0.08099298293439444,0.1537566607258221,171.3048280553721,0.07754862298986477,0.15703506355887903,175.23885938912804,0.27445299999999995,0.48224100000000003,489.75545,-0.0058345110275800915,-0.025688370390454823,-0.37714292890414786,-1.7786253325342904,1.7786253325342904,-0.3099628892150224,0.1679155715598604,0.9854474120401019
normal,0,holdout,N0132,1,1.7000000000000455,1.3374922084889567e-13,0.7060345943826817,0.046579775748470255,0.10753964925448556,124.24545656712614,0.047851012329324615,0.1106254726103416,127.05054269982672,0.166529,0.32515700000000003,356.53834,-0.02125858419492809,-0.0018034485741592193,-1.3741553781852949,-0.12486815127495854,1.3741553781852949,-0.395536600947289,0.04038534207921448,0.9991582060103963
normal,0,holdout,N0144,1,1.6000000000001364,0.05882352941154915,-1.4120691887610883,0.07908917161288115,0.14949190249012703,147.0128835755967,0.07922804285062945,0.15396108793209826,151.44814653714315,0.291983,0.45869499999999996,423.36207,0.002063827036039856,0.006233335780273713,0.1334058277453391,0.43158708615890784,0.43158708615890784,-0.30799895027709717,0.10523437784066703,0.9942842455331493
normal,0,holdout,N0153,1,1.7000000000000455,1.3374922084889567e-13,0.7060345943826817,0.09022156429775165,0.07032704421802785,102.12542473318086,0.09283569557525369,0.07235754822547966,104.52752059454059,0.332128,0.196831,284.65024000000005,0.03130895571282336,-0.006064976133289393,2.023811627512145,-0.4199301095367547,2.023811627512145,0.12391586737199624,0.1376520427096593,0.9902203432969491
normal,0,holdout,N0165,1,1.699999999999818,0.0,0.7060345943778656,0.08662786711336665,0.16747497190575472,157.19097657670918,0.08476550365862283,0.17232031086873856,160.818916525836,0.325998,0.495604,444.56916,0.005495515452932448,0.00905462181472061,0.3552302470523504,0.6269288199832156,0.6269288199832156,-0.31816686938309313,0.1015036821935133,0.9946823238715602
normal,0,holdout,N0165,2,1.6000000000001364,0.05882352941154915,-1.4120691887610883,0.06840400947011976,0.16478876063544112,153.43471120188914,0.0644035124590175,0.1698553369156686,158.07305555846787,0.23608,0.5248729999999999,440.18441,-0.011212635023897854,0.01196392651473921,-0.7247849894629431,0.8283648379501978,0.8283648379501978,-0.4133264985928891,0.05915132157739787,0.9981941270480745
normal,0,holdout,N0178,1,1.7000000000000455,1.3374922084889567e-13,0.7060345943826817,0.15714803834565957,0.18130533182942463,129.34169146439774,0.1544694082319096,0.1865138173410329,132.3605581814745,0.588644,0.5833200000000001,370.21165,0.08725327423888207,0.06437063412410347,5.640053681855351,4.456928905344992,5.640053681855351,-0.07137554420331801,0.04621019603998796,0.9988978672422936
normal,0,holdout,N0181,1,1.7000000000000455,1.3374922084889567e-13,0.7060345943826817,0.09256354220960264,0.20021042144259682,182.57597501734574,0.09443674431491512,0.20543541577167518,186.85465789556318,0.35622,0.686044,508.26388,0.0011879781515911625,0.0039753404931910374,0.07679093542669128,0.27524678285027226,0.27524678285027226,-0.3676791402137983,0.03340420647915911,0.9994240820590955
normal,0,holdout,N0181,2,1.699999999999818,0.0,0.7060345943778656,0.09607740785631598,0.1948226633268773,184.32625990754897,0.09811317577173995,0.20046958782403845,188.6075043223405,0.330596,0.602098,511.17259,0.003995578642190814,-0.004019727298094911,0.2582742966221959,-0.2783200605410097,0.2783200605410097,-0.339447340348148,0.13871958909446047,0.9900680648265523
normal,0,holdout,N0182,1,1.7000000000000455,1.3374922084889567e-13,0.7060345943826817,0.06473709070669353,0.06575285757753126,100.53426224557641,0.06655462255767151,0.0676251460924811,102.89187346887836,0.214452,0.22195700000000002,278.52336,0.006466539097175532,-0.008268889584232442,0.4179972380639186,-0.572525865319571,0.572525865319571,-0.0077842537619638,0.03391792122982901,0.9994062320616497
normal,0,holdout,N0182,2,1.599999999999909,0.058823529411682896,-1.4120691887659043,0.07217006630134945,0.06499280743961099,96.2829882360157,0.07404230975945243,0.06675659290683889,99.21222402536064,0.2537,0.236216,275.24081,0.015614964970154903,-0.002696034764420596,1.0093516998668544,-0.1866695184048509,1.0093516998668544,0.05232654191279765,0.1111221743837644,0.9936267676697867
normal,0,holdout,N0183,1,1.7000000000000455,1.3374922084889567e-13,0.7060345943826817,0.05072858706773616,0.044639789030266115,86.20490283619611,0.049471917776356594,0.043231320309613706,88.23505793745393,0.163021,0.152463,224.4735,-0.001759861687028852,-0.00803624598951156,-0.1137575004957257,-0.5564179618312223,0.5564179618312223,0.06384504262869321,0.18029649546200188,0.9832222832124322
normal,0,holdout,N0187,1,1.599999999999909,0.058823529411682896,-1.4120691887659043,0.04818846445925805,0.04128366382224615,84.17062384887825,0.04943646494751979,0.0421960695303345,86.70809815074207,0.179756,0.14937499999999998,224.46993,-0.0034791234318849174,-0.00836201007396644,-0.22489061978246785,-0.5789733923328233,0.5789733923328233,0.07717264325277143,0.10931656586877399,0.9938322004782687
normal,0,holdout,N0188,1,1.7000000000000455,1.3374922084889567e-13,0.7060345943826817,0.08672767719227044,0.19732616005501033,175.1261464549902,0.08852603031229256,0.20269588084881046,179.24950812649186,0.380619,0.635465,489.79157,-0.0016417737683461914,0.01218870681219189,-0.10612429467785187,0.8439282981941566,0.8439282981941566,-0.3893574680565569,0.05620642026509227,0.9983694649398612
normal,0,holdout,N0192,1,1.7000000000000455,1.3374922084889567e-13,0.7060345943826817,0.04754114011277203,0.06071045570300611,84.35727023734938,0.04278333767730677,0.061947383823809536,86.37434765800012,0.149068,0.219334,221.82062000000002,-0.004201762283700589,0.010786744249996816,-0.27160201201831896,0.7468584533389381,0.7468584533389381,-0.12165470163159421,0.05504552386637532,0.9984361240269799
normal,0,holdout,N0194,1,1.7000000000000455,1.3374922084889567e-13,0.7060345943826817,0.06378862759623467,0.11645401059526556,145.9793966786019,0.06542523413893134,0.11955439452947958,149.43900155201496,0.227247,0.318924,427.33138,-0.012819690136158024,-0.025265023664077457,-0.8286650694016322,-1.7493134221041906,1.7493134221041906,-0.2921915897767982,0.055232890577563226,0.9984254595088744
normal,0,holdout,N0209,1,1.7000000000000455,1.3374922084889567e-13,0.7060345943826817,0.07934422444079411,0.1554106171394563,170.62849316062685,0.07880890123376422,0.1585262231167041,174.54039212882566,0.276872,0.47537300000000005,486.87784999999997,-0.007210358652386395,-0.023026912555273338,-0.46607775146124525,-1.594349870324177,1.594349870324177,-0.3240248089721934,0.18920451629475318,0.9815234327812296
normal,0,holdout,N0209,2,1.6000000000001364,0.05882352941154915,-1.4120691887610883,0.08744111772097905,0.1591163832865003,165.03351408093565,0.08940995941152523,0.16400043945861134,170.0321656273279,0.316336,0.461681,487.06132,0.0031441892503623475,-0.010986592890272262,0.2032404664770012,-0.7606956819705611,0.7606956819705611,-0.29070405593969845,0.1338796088199681,0.990749032434681
normal,0,holdout,N0211,1,1.699999999999818,0.0,0.7060345943778656,0.05642591418301425,0.1348473422951137,131.21961200424366,0.05219628543944933,0.13683763301014915,134.2005268782621,0.173012,0.413293,371.40314,-0.014226617902374644,0.015115202629977273,-0.919608913024391,1.0465546041042753,1.0465546041042753,-0.4099968262978621,0.1158123371052542,0.9930774206834609
normal,0,holdout,N0211,2,1.6000000000001364,0.05882352941154915,-1.4120691887610883,0.08030923219984992,0.1309069593975274,130.2293823930399,0.08066863151224783,0.13477728932393376,134.13426429000606,0.262329,0.447864,374.7826,0.01005627202121731,0.012649914021769251,0.6500376579992085,0.8758616133104223,0.8758616133104223,-0.23955420659173643,0.07355397388565915,0.9972076453809664
normal,0,holdout,N0223,1,1.7000000000000455,1.3374922084889567e-13,0.7060345943826817,0.05296893890920099,0.06600020846305461,83.76917600844287,0.05294671587342359,0.06304092274674791,85.7525003779103,0.186341,0.245344,220.46269999999998,0.001463341002250644,0.01695255083519985,0.0945903965157528,1.1737699164352426,1.1737699164352426,-0.10953486548045198,0.05222359055612257,0.9985923595300255
normal,0,holdout,N0234,1,1.6000000000001364,0.05882352941154915,-1.4120691887610883,0.058873622336822654,0.09109326643449493,103.52519700448194,0.06038417876397757,0.09362471226328203,106.63107413321605,0.218358,0.280709,300.07151999999996,-0.0006038145153480362,0.012616077087558325,-0.03903058435518145,0.8735187932931117,0.8735187932931117,-0.21484505254082265,0.05917609457874103,0.9981926141060152
normal,0,holdout,N0234,2,1.7000000000000455,1.3374922084889567e-13,0.7060345943826817,0.07590398369467984,0.10299771080492785,108.67079433734028,0.07713312682723979,0.10507025664174156,111.13344076266539,0.284377,0.309354,312.20523000000003,0.014350224225585108,0.016855388891502343,0.927598828639649,1.167042565038796,1.167042565038796,-0.1514447763386388,0.0604233571762588,0.9981156221458308
normal,0,holdout,N0239,1,1.7000000000000455,1.3374922084889567e-13,0.7060345943826817,0.08327069700981252,0.08724248463175623,104.5251145570136,0.08568336992346401,0.08972431536935793,106.97507850679571,0.296967,0.286431,292.38120000000004,0.023389779027059944,0.007275769365880924,1.5119158618412742,0.503763668583711,1.5119158618412742,-0.023293141232150635,0.04105129609604672,0.9991302147555268
normal,0,holdout,N0239,2,1.6000000000001364,0.05882352941154915,-1.4120691887610883,0.06803378035298088,0.08422070069448834,99.31672810503404,0.06997861958583997,0.08681259416968594,102.3255957341414,0.25690199999999996,0.273455,286.04129,0.01025452130083853,0.012012651727079701,0.6628524960577964,0.8317385006498805,0.8317385006498805,-0.10631490272102043,0.1006780746128171,0.9947684775701917
normal,0,holdout,N0240,1,1.599999999999909,0.058823529411682896,-1.4120691887659043,0.07160757739110805,0.05465599605554297,87.21753503124164,0.07332966682066278,0.05630385701701658,89.82839289547876,0.233559,0.184502,239.29921000000002,0.01871051696442457,0.00047149476566814286,1.2094482529756332,0.032645610508879784,1.2094482529756332,0.13425551703233887,0.12700835979363634,0.9916742588606524
normal,0,holdout,N0247,1,1.599999999999909,0.058823529411682896,-1.4120691887659043,0.07711732335710768,0.053762328203699965,92.9843739701568,0.07920393873315637,0.055267263223544805,95.78049726572927,0.283389,0.171525,264.28584,0.02189326037999797,-0.009012737426315358,1.4151808615910964,-0.6240288059643089,1.4151808615910964,0.17844634268741436,0.13987298542617282,0.9899022182957163
normal,0,holdout,N0248,1,1.6000000000001364,0.05882352941154915,-1.4120691887610883,0.09165579249465648,0.19063816323616534,166.62658858704734,0.09366533298347053,0.19646850287553577,171.66972065093213,0.34990699999999997,0.572739,481.5523,0.006716035521630068,0.018162065633885394,0.43412469275979615,1.2575149585814964,1.2575149585814964,-0.3506358132426389,0.10156502571750184,0.994675894477932
normal,0,holdout,N0251,1,1.599999999999909,0.058823529411682896,-1.4120691887659043,0.08550757980780554,0.16058734759442217,152.9006233795969,0.08751478790673205,0.16533961530391192,157.52370872155484,0.297569,0.498159,446.45410000000004,0.006106447440585666,0.00855811672348783,0.39472090498334256,0.5925515309774869,0.5925515309774869,-0.3050845808926328,0.07734629852417729,0.9969122839249567
normal,0,holdout,N0251,2,1.7000000000000455,1.3374922084889567e-13,0.7060345943826817,0.09380195425558395,0.17234608123385536,153.77329819068888,0.0964947498716933,0.17707745609380543,157.39695663614944,0.344084,0.5431969999999999,444.28891,0.01404868503616237,0.01901687143302294,0.9081073284024062,1.316700466483866,1.316700466483866,-0.29511443446702773,0.037736897288954116,0.9992649943654202
normal,0,holdout,N0252,1,1.599999999999909,0.058823529411682896,-1.4120691887659043,0.042992795293821856,0.05799993968455282,80.70258534797037,0.04061934297617548,0.05926483214656306,83.12737030617379,0.13242500000000001,0.20180399999999998,215.68397,-0.007275389124799803,0.013520424960064559,-0.47028132271478784,0.9361345221624195,0.9361345221624195,-0.1485962766905541,0.07431870338343109,0.9971492801689806
normal,0,holdout,N0252,2,1.7000000000000455,1.3374922084889567e-13,0.7060345943826817,0.03600670381023203,0.056586633574841096,82.41718119504978,0.03695934351538505,0.05796736019948409,84.34772869354933,0.114214,0.215212,216.75661,-0.014953344721704807,0.009552973312790071,-0.9665845515757246,0.6614339515077172,0.9665845515757246,-0.22226145363785618,0.060373259567335635,0.9981187455634644
normal,0,holdout,N0265,1,1.7000000000000455,1.3374922084889567e-13,0.7060345943826817,0.06485391089038331,0.12209791061298124,144.76731394181334,0.06668804831471786,0.1250628922487569,148.1534802640907,0.27115,0.367926,418.55638,-0.011265314004544918,-0.017815546128721896,-0.7281901600006289,-1.233522452995001,1.233522452995001,-0.3061965337484638,0.05816524924620651,0.998253834209096
normal,0,holdout,N0265,2,1.699999999999818,0.0,0.7060345943778656,0.06890882705390104,0.13661238037052134,143.06028760216373,0.07083651713253072,0.1400235907990675,146.3470188755678,0.237011,0.440631,409.11798999999996,-0.006521588132955711,-0.0007582067407992665,-0.42155560902068867,-0.052497129867956814,0.42155560902068867,-0.32942368412850015,0.15243415745670288,0.98800713684668
normal,0,holdout,N0270,1,1.599999999999909,0.058823529411682896,-1.4120691887659043,0.10030079633371049,0.2052153924670656,164.99165235059863,0.10205057919144224,0.21152757181188542,169.9802663717314,0.361931,0.623941,483.12681,0.01602075967406534,0.035174775564005945,1.0355822789921882,2.435450203084731,2.435450203084731,-0.3434011027200442,0.13244308605075245,0.9909464923650763
normal,0,holdout,N0273,1,1.599999999999909,0.058823529411682896,-1.4120691887659043,0.08363395761573518,0.11933681425104425,131.31502675478714,0.08608259903468399,0.12297253392412709,135.30300045521167,0.347535,0.348977,384.32198,0.01294292430459422,-0.0005374598767023536,0.8366309289236017,-0.037212938671999776,0.8366309289236017,-0.17590146752049043,0.061826161870094314,0.99802711004305
normal,0,holdout,N0273,2,1.699999999999818,0.0,0.7060345943778656,0.07141844361383286,0.11911465885020199,130.73302381921826,0.07255710177265254,0.1223027596013992,133.85788113119864,0.25038499999999997,0.383956,376.68602,0.0009622568676419391,0.00010736466018460011,0.06220030636759724,0.007433772618529869,0.06220030636759724,-0.25033033430567253,0.06313965515335067,0.9979423917146386
normal,0,holdout,N0286,1,1.699999999999818,0.0,0.7060345943778656,0.09898776486684269,0.19369133587517823,182.66511182606487,0.10126195679265301,0.19898030736937378,186.9681917562561,0.392982,0.654085,513.5234,0.007576232823003376,-0.002676527608729995,0.48972786638340093,-0.1853188713708185,0.48972786638340093,-0.32357476419707704,0.03433624236315568,0.9993914954634203
normal,0,holdout,N0286,2,1.699999999999818,0.0,0.7060345943778656,0.07685289394355947,0.18785408940008025,184.8983200135401,0.07844763215372497,0.19326875099559862,189.18647608888674,0.30236,0.5828880000000001,518.54259,-0.0154597697606111,-0.011840469839101364,-0.999319877902245,-0.8198168776311021,0.999319877902245,-0.4193361053569218,0.1287106053729969,0.9914495897107098
normal,0,holdout,N0288,1,1.7000000000002728,2.6749844169779134e-13,0.7060345943874977,0.06256969030475805,0.03912372046896018,84.26670072186077,0.06132360773820643,0.038612196686126324,86.25596372837799,0.20022600000000002,0.134843,221.62988,0.010863334011924748,-0.01066507421971745,0.7022061639020687,-0.7384341977409494,0.7384341977409494,0.23055544756717633,0.07371487820741977,0.9971954150868955
normal,0,holdout,N0292,1,1.7000000000002728,2.6749844169779134e-13,0.7060345943874977,0.08620381848399886,0.19850843434166163,175.54905315288732,0.08861023047576007,0.2031672081379649,179.58575625758044,0.34961299999999995,0.604403,491.53573,-0.0023362814187891934,0.012740998670576292,-0.1510172854008548,0.882168181664536,0.882168181664536,-0.39444953542633965,0.17157409792981726,0.9848063633133111
normal,0,holdout,N0292,2,1.599999999999909,0.058823529411682896,-1.4120691887659043,0.07473589566167613,0.19740393989139896,173.1166472630918,0.07700194590307634,0.2034404043063132,178.3484627311555,0.240223,0.654334,497.23059,-0.012822693439582478,0.015259934581203144,-0.8288592030050366,1.0565756335025862,1.0565756335025862,-0.45075372365082617,0.11558926530371,0.9931040628369214
normal,0,holdout,N0299,1,1.699999999999818,0.0,0.7060345943778656,0.03291079317218323,0.04212588714001562,83.7619176308836,0.033064618990203416,0.042730976312899696,85.76234872513695,0.10886699999999999,0.13819199999999998,219.71109,-0.01859187587490624,-0.006910958054877452,-1.2017792901820414,-0.4785046650158232,1.2017792901820414,-0.12280785782858612,0.05431879580244941,0.9984771449922938
normal,0,holdout,N0299,2,1.699999999999818,0.0,0.7060345943778656,0.04230938657673968,0.051171423155138285,83.98887130423886,0.04185004371668249,0.05225788161579638,85.97337891834181,0.136273,0.183764,219.92399999999998,-0.009284861545527774,0.0017964967074408228,-0.6001736668586262,0.12438681415368931,0.6001736668586262,-0.09480059708213837,0.1330358468938256,0.9908652714535354
normal,0,holdout,N0304,1,1.7000000000002728,2.6749844169779134e-13,0.7060345943874977,0.054872785471893476,0.05999877773662469,89.99996265855815,0.05644351571388684,0.061679141856415216,92.17955756104536,0.191802,0.247309,239.57935,0.0008529754325149116,0.0016694366467426489,0.05513635185215779,0.11558936070389439,0.11558936070389439,-0.044623683368717984,0.1251099900573392,0.9919212853614644
normal,0,holdout,N0304,2,1.699999999999818,0.0,0.7060345943778656,0.04851521936579398,0.06257451807733809,87.99847607628354,0.04991367625531365,0.06430467603782843,90.15934305479091,0.17354599999999998,0.218676,232.63374,-0.004696962017585911,0.007226688946274928,-0.30361173436647004,0.5003654118505757,0.5003654118505757,-0.12655803348724853,0.06292224952599218,0.997956537039786
normal,0,holdout,N0305,1,1.599999999999909,0.058823529411682896,-1.4120691887659043,0.06551027545220314,0.06888956809911319,95.29624611402204,0.06748411176893897,0.07072371132000214,98.16227581387187,0.224239,0.217335,274.90977,0.009353338775651115,0.002670625050563813,0.6046000366109279,0.18491018684464372,0.6046000366109279,-0.02514357574824576,0.0843033490135785,0.9963318427587549
normal,0,holdout,N0311,1,1.7000000000002728,2.6749844169779134e-13,0.7060345943874977,0.08629077508343519,0.08828697352101271,104.23831919082915,0.0881372847705341,0.09028700398748397,106.6917613306241,0.27693999999999996,0.271752,291.8686,0.02652558316059702,0.008747482610067137,1.71461431417112,0.6056629490187387,1.71461431417112,-0.011434437971181549,0.10461081301612718,0.9943517820903712
normal,0,holdout,N0315,1,1.699999999999818,0.0,0.7060345943778656,0.05992841444126854,0.05906417561667798,83.03244143629276,0.06098672016896235,0.06077599546596571,84.98285249830768,0.241337,0.214452,219.15295,0.008720099542659496,0.011113993713514084,0.5636674378209778,0.7695167293223125,0.7695167293223125,0.007262963384211003,0.08394704992060671,0.9963627833856104
normal,0,holdout,N0315,2,1.6000000000003638,0.058823529411415394,-1.4120691887562722,0.05538160124456284,0.042447845656550735,81.36011706733878,0.05702704388044892,0.04273729210115804,83.81700278351478,0.21151199999999998,0.150908,217.51954,0.004848093309164719,-0.0030111603630386327,0.3133808645790372,-0.20848835564959636,0.3133808645790372,0.13220718298605316,0.046292215860402476,0.9988939513552165
normal,0,holdout,N0316,1,1.599999999999909,0.058823529411682896,-1.4120691887659043,0.05824565274361179,0.16884003542023404,150.59006341159989,0.05803505653900316,0.1739877675534556,155.14196716170153,0.248239,0.5076499999999999,430.68152,-0.02022313540602305,0.02025272728670932,-1.3072239443201563,1.4022693248939795,1.4022693248939795,-0.4870160844145302,0.08220442487461041,0.9965122232418209
normal,0,holdout,N0316,2,1.7000000000002728,2.6749844169779134e-13,0.7060345943874977,0.06833348184170855,0.16751165879739702,155.7368987844039,0.06794299912794548,0.17178880980954797,159.3798798327464,0.272955,0.474112,436.46495000000004,-0.01221212849179533,0.011257373852742308,-0.7893922705395479,0.7794441612277779,0.7893922705395479,-0.4205224525148566,0.03969232411732911,0.9991868487257621
normal,0,holdout,N0317,1,1.599999999999909,0.058823529411682896,-1.4120691887659043,0.08094818556045226,0.16791478491537448,165.60858759977592,0.08215881805457646,0.17303874246882162,170.61893080779316,0.285387,0.583422,487.74152000000004,-0.003580793355685577,-0.0030448488022513653,-0.2314625660282436,-0.21082089408962026,0.2314625660282436,-0.3494557635002603,0.1417535466836688,0.9896288681303645
normal,0,holdout,N0323,1,1.699999999999818,0.0,0.7060345943778656,0.056365580604064866,0.04500887866175838,86.6799093632959,0.05795681819428912,0.0462512481156091,88.81502659384553,0.19655899999999998,0.172922,230.02306,0.0036854598758428864,-0.008374749231040486,0.23822821233240277,-0.5798554330050276,0.5798554330050276,0.11202725049723827,0.044523145963453394,0.9989768719863307
normal,0,holdout,N0323,2,1.7000000000002728,2.6749844169779134e-13,0.7060345943874977,0.059213428928748923,0.08150044707273424,85.03693053979191,0.060256713156148445,0.08385606658293387,87.17690661463548,0.175805,0.32493,225.71769,0.007196273813592828,0.030564280508802374,0.46516730715311927,2.116226243913067,2.116226243913067,-0.15838536167955475,0.05160410731982096,0.9986255567007598
normal,0,holdout,N0340,1,1.7000000000002728,2.6749844169779134e-13,0.7060345943874977,0.09139810994763513,0.09905972834888835,108.52105950136288,0.0936486174784977,0.10186556435755094,111.05835420045955,0.276633,0.310989,304.2324,0.02990477064093748,0.013140458744717406,1.9330450717148948,0.9098262151016204,1.9330450717148948,-0.04022737247119561,0.0640512154955171,0.9978825506031188
normal,0,holdout,N0340,2,1.699999999999818,0.0,0.7060345943778656,0.09256315365257987,0.09604502650001659,106.55346190661312,0.09524505171597675,0.09833068627120102,109.00242755602913,0.299465,0.332662,296.98303999999996,0.03186376830743616,0.013056786167209886,2.0596747265681024,0.9040328477633555,2.0596747265681024,-0.018460879292728393,0.04413812204948698,0.9989944909326158
normal,0,holdout,N0342,1,1.699999999999818,0.0,0.7060345943778656,0.10790091909607526,0.2027985961556988,182.6693580406448,0.11098593353066506,0.20867511505663222,186.92501367638334,0.467153,0.681458,508.0114,0.01648767364351035,0.0064244073036058,1.0657636088671938,0.4448166000034546,1.0657636088671938,-0.3054323305989653,0.10583601798102645,0.9942187031215012
normal,0,holdout,N0343,1,1.7000000000002728,2.6749844169779134e-13,0.7060345943874977,0.07832213789181475,0.0992775987465898,110.28117604824409,0.08058048376000687,0.10206670473891787,112.88186854788721,0.33359300000000003,0.286659,315.23351,0.016118566213964652,0.010736373751902367,1.041904496012473,0.7433708734511751,1.041904496012473,-0.1179926347375315,0.13182569683333853,0.9910307022732323
normal,0,holdout,N0349,1,1.599999999999909,0.058823529411682896,-1.4120691887659043,0.06141298451850869,0.0507857731050966,95.03372933848676,0.06320026814496588,0.05223061370372406,97.9142545877633,0.20685599999999998,0.168551,269.74442999999997,0.0053619771409488745,-0.01504211216041259,0.3465983274511479,-1.0414939264996428,1.0414939264996428,0.09471772806048911,0.1932234705971143,0.9807301627924485
normal,0,holdout,N0355,1,1.7000000000002728,2.6749844169779134e-13,0.7060345943874977,0.08804815813330037,0.10822331467053564,111.67190772416902,0.09020863692132042,0.11090382909343108,114.32649717520275,0.303314,0.317551,321.98920999999996,0.025283406198620587,0.017610387991709983,1.6343199663770167,1.2193176025463868,1.6343199663770167,-0.10279209835703727,0.1682832257939537,0.9853836159568272
normal,0,holdout,N0356,1,1.699999999999818,0.0,0.7060345943778656,0.03828826196688019,0.0443221155018074,83.53833392882731,0.03936165173333648,0.045035148669815867,85.51363692114138,0.11590600000000001,0.142608,218.56358,-0.01312418783697572,-0.004381668513769525,-0.8483478078844482,-0.30338034289065735,0.8483478078844482,-0.07303989788863059,0.0643551355395849,0.9978624085314469
normal,0,holdout,N0366,1,1.699999999999818,0.0,0.7060345943778656,0.1186337589254331,0.19032941605776255,151.29547157661617,0.12122165086039811,0.1956874599751589,154.75556369356258,0.35035,0.618128,427.72036,0.039880328423814504,0.040691297542359395,2.5778653594652474,2.8174061461455433,2.8174061461455433,-0.23205243516803223,0.1271290017514381,0.9916584345360863
normal,0,holdout,N0366,2,1.599999999999909,0.058823529411682896,-1.4120691887659043,0.07633372156832514,0.17964665476281652,149.81291216729466,0.07784474206695394,0.18462226757894792,154.34293402588,0.318448,0.551746,430.16582,-0.0018214748637811057,0.03221702899860038,-0.11774017767802791,2.230660140948233,2.230660140948233,-0.40359708300623787,0.07987011682633229,0.9967074913229118
normal,0,holdout,N0371,1,1.699999999999818,0.0,0.7060345943778656,0.051868594410940674,0.051529429627371406,84.22133148601539,0.05311101664299923,0.052986523857733336,86.19873613580701,0.207935,0.174466,220.24502999999999,0.00018054525805724642,0.0018082191635561684,0.011670449691771622,0.12519845993305811,0.12519845993305811,0.0032801863161361477,0.08385495024507397,0.9963707599067813
normal,0,holdout,N0389,1,1.599999999999909,0.058823529411682896,-1.4120691887659043,0.07628249435332268,0.20178754641002125,169.5778124027558,0.07862742440543474,0.20779058771520287,174.70810781893428,0.223137,0.606537,487.99604,-0.00984812392496573,0.024915161978935257,-0.6365829602027604,1.725089508846214,1.725089508846214,-0.45134330800871986,0.10840883585626725,0.9939342060945947
normal,0,holdout,N0389,2,1.7000000000002728,2.6749844169779134e-13,0.7060345943874977,0.09544218520450541,0.20255743448025357,174.29068886880404,0.09789179347160944,0.2084298754731785,178.35853958159063,0.417051,0.595002,489.09096999999997,0.007409853409938175,0.018664519575268573,0.47897309724231174,1.2923041373029263,1.2923041373029263,-0.359447603955674,0.05617768434814855,0.9983711317580782
normal,0,holdout,N0391,1,1.599999999999909,0.058823529411682896,-1.4120691887659043,0.03172358469749003,0.050758680161189,82.66309612774417,0.029639683113953638,0.0520454261726489,85.16083212912149,0.112374,0.186863,219.62204,-0.01933569405079743,0.0033586930303126997,-1.2498597144201105,0.2325510111042394,1.2498597144201105,-0.23077804054098136,0.049530630528634226,0.9987337892332562
normal,0,holdout,N0397,1,1.7000000000002728,2.6749844169779134e-13,0.7060345943874977,0.08407609783635826,0.2090718576145266,165.98482587372533,0.0863583137361405,0.21462862309693673,169.87384509656434,0.372035,0.625826,475.56287,-0.0006046986408944216,0.03755176102741162,-0.03908773425112073,2.600029212808525,2.600029212808525,-0.42639137491335577,0.041028597628703097,0.9991311763492232
normal,0,holdout,N0419,1,1.6000000000003638,0.058823529411415394,-1.4120691887562722,0.10186390792448059,0.20913254321011213,164.8486851600383,0.10385277016017039,0.21528413432848734,169.84149926362593,0.308559,0.648714,476.28254,0.017641560584857233,0.039304897201861005,1.1403508876685684,2.7214138068432083,2.7214138068432083,-0.3449191619195134,0.06314392297319484,0.9979421135440265
normal,0,holdout,N0433,1,1.6000000000003638,0.058823529411415394,-1.4120691887562722,0.04107470241630772,0.0546950000091416,81.85512601372977,0.03936455544929459,0.056292877958716944,84.32353378315425,0.12775799999999998,0.169708,218.14706999999999,-0.00965854875675265,0.00849860453790284,-0.6243288169079055,0.5884309939692197,0.6243288169079055,-0.14221927444427634,0.0571344642083132,0.9983151757417421
normal,0,holdout,N0434,1,1.699999999999818,0.0,0.7060345943778656,0.060007665826033334,0.1039639773174664,115.7192501885989,0.06062979769790502,0.10672303463614456,118.39252836220943,0.216427,0.322058,334.32165,-0.004390247072033511,0.007321932049487237,-0.2837856731322889,0.5069599055279768,0.5069599055279768,-0.2680726413938332,0.06695874376048176,0.9976859492304587
normal,0,holdout,N0434,2,1.7000000000002728,2.6749844169779134e-13,0.7060345943874977,0.06163348764267685,0.10887881344871463,117.35421428324105,0.06341485241619127,0.11183015853411238,119.92939099956112,0.22203499999999998,0.335398,336.07665999999995,-0.003424156809953456,0.009801245982592521,-0.22133757605880275,0.6786239893798993,0.6786239893798993,-0.27707869463586715,0.0871130719217345,0.9960832581679232
normal,0,holdout,N0435,1,1.599999999999909,0.058823529411682896,-1.4120691887659043,0.10157963998552187,0.19550000412396568,176.32523791548013,0.10463217625083258,0.20146161841840918,181.66376040459423,0.40404,0.6141099999999999,503.3719,0.01272633835449287,0.008576325801833762,0.8226308080575023,0.5938123010277432,0.8226308080575023,-0.31614540410420605,0.05874973394407924,0.9982185645220628
normal,0,holdout,N0439,1,1.699999999999818,0.0,0.7060345943778656,0.06046709537839568,0.049850205581321326,86.13067118017335,0.05912447461787605,0.0504134454360669,88.15412058988214,0.167938,0.168437,226.20621,0.008008600165721406,-0.0027152503458384644,0.5176761015010255,-0.1879999772611237,0.5176761015010255,0.09623957171373268,0.18690144674324322,0.9819705028156117
normal,0,holdout,N0439,2,1.699999999999818,0.0,0.7060345943778656,0.06192171745303366,0.04361008884166344,86.6134632924032,0.06021279988887343,0.04487030580906145,88.61273224739608,0.23439900000000002,0.18873600000000001,227.39091000000002,0.0092684086711953,-0.00967455774557105,0.5991101526780344,-0.6698522804596586,0.6698522804596586,0.17351762709397356,0.06806928710445989,0.9976085533693348
normal,0,holdout,N0443,1,1.7000000000002728,2.6749844169779134e-13,0.7060345943874977,0.05006028827435086,0.062474813825252815,84.32961259567591,0.04209803969587294,0.0637983487657167,86.33669575528859,0.158514,0.210013,220.78933999999998,-0.0016714538654552039,0.012592302543222661,-0.10804281684722296,0.8718726784877683,0.8718726784877683,-0.1103169172922033,0.11792791920293383,0.9928221965793305
normal,0,holdout,N0455,1,1.7000000000002728,2.6749844169779134e-13,0.7060345943874977,0.11224315361501762,0.1986662709989069,187.25301765334248,0.09012702018621861,0.20019219548953024,191.72926261328158,0.34602499999999997,0.638315,529.4888699999999,0.018980335507135973,-0.004535960604730355,1.226889329869618,-0.3140633024331041,1.226889329869618,-0.27796879265055496,0.0333272150263222,0.9994267338005618
normal,0,holdout,N0455,2,1.699999999999818,0.0,0.7060345943778656,0.11897196666418709,0.19092463135226947,180.50105294248164,0.11190094380481559,0.19636658379051045,184.71343697302268,0.361693,0.5825480000000001,503.64,0.02843366354085551,-0.002219544549552116,1.8379526744541914,-0.1536780302727468,1.8379526744541914,-0.23218281565010684,0.0940753018001687,0.9954321742406186
normal,0,holdout,N0460,1,1.699999999999818,0.0,0.7060345943778656,0.10010277932066733,0.19961395913431954,180.9004466123344,0.10127168250323458,0.20463588344795774,185.02959905236528,0.325271,0.5777,507.93021999999996,0.009403315100551868,0.005874826956753482,0.6078305074181366,0.40676445764032015,0.6078305074181366,-0.33201742527391526,0.0762641230451008,0.9969980818251128
normal,0,holdout,N0466,1,1.699999999999818,0.0,0.7060345943778656,0.037707918813927904,0.04578516786216543,87.98477381345775,0.03778289918382778,0.047111986611134464,90.0178872512955,0.12404599999999999,0.148206,231.47514999999999,-0.015498733509098472,-0.009542249710389271,-1.0018384955132407,-0.6606914649040098,1.0018384955132407,-0.09674153118180923,0.10364131007142599,0.9944559890821509
normal,0,holdout,N0466,2,1.599999999999909,0.058823529411682896,-1.4120691887659043,0.06458544498979171,0.04888905786935294,86.6981271544548,0.06592139686354634,0.04975569142260186,89.31073217116906,0.236897,0.188793,235.01054,0.011897973120513272,-0.004521708133031356,0.7690852600126631,-0.3130764820614823,0.7690852600126631,0.13832523364111401,0.16186409953767952,0.986477426209461
normal,0,holdout,N0479,1,1.7000000000002728,2.6749844169779134e-13,0.7060345943874977,0.043488166439593405,0.049111597493192306,87.48046701567083,0.04472039319285475,0.05052754357527817,89.54555483010438,0.14472000000000002,0.163169,230.05262,-0.009514990828849705,-0.005464580095126993,-0.6150492290999822,-0.378359562756346,0.6150492290999822,-0.06072835193856418,0.0684790892697344,0.9975796719136946
normal,0,holdout,N0482,1,1.699999999999818,0.0,0.7060345943778656,0.02370454629742292,0.02454192726969728,88.33992404948201,0.024033775912340016,0.02482447460863515,90.40557495929643,0.08344599999999999,0.090553,231.32911000000001,-0.029645414259762047,-0.03131453940329172,-1.9162802691866112,-2.1681730764841927,2.1681730764841927,-0.01735631457275411,0.0764768654286309,0.99698131047959
normal,0,holdout,N0487,1,1.7000000000002728,2.6749844169779134e-13,0.7060345943874977,0.03976707939224213,0.04964919641231758,88.12843224550305,0.04073719429123982,0.051082516526527996,90.2254643808544,0.15378,0.191052,230.72293000000002,-0.01349754117669863,-0.005892221762050544,-0.8724813764720534,-0.4079688486112418,0.8724813764720534,-0.11051810121867099,0.1592680079296478,0.9869077169806949
normal,0,holdout,N0499,1,1.7000000000002728,2.6749844169779134e-13,0.7060345943874977,0.04311659101719945,0.03872556583691049,88.43787043857715,0.044115439035676135,0.03983491221717042,90.51839647300876,0.138941,0.118028,231.75159000000002,-0.010272892318347056,-0.017276806550858975,-0.664039999058026,-1.1962209096794365,1.1962209096794365,0.05365236387968926,0.06689212447825049,0.9976905515782102
normal,0,holdout,N0499,2,1.599999999999909,0.058823529411682896,-1.4120691887659043,0.049051917387720585,0.05280998112489499,86.53351141387014,0.05043622485617502,0.054426923128766944,89.14528601875014,0.154496,0.221956,230.24466999999999,-0.0035691296598768033,-0.00035556524748549256,-0.23070862445912596,-0.02461881960334707,0.23070862445912596,-0.03689371386173482,0.0653831923545083,0.9977935680813054
normal,0,holdout,N0515,1,1.7000000000002728,2.6749844169779134e-13,0.7060345943874977,0.044623599551632365,0.027290982635702628,88.65040079855625,0.04568106618695676,0.028073992811015344,90.75728657601537,0.169981,0.10136200000000001,233.4359,-0.008851642844458912,-0.029027985334321306,-0.5721703999173473,-2.0098554047337376,2.0098554047337376,0.24101672273556224,0.12770775398120066,0.9915823120377087
normal,0,holdout,N0515,2,1.699999999999818,0.0,0.7060345943778656,0.042996014129218996,0.04812636755921274,88.85685338388576,0.044237709923560076,0.04949162099611943,90.94934194219313,0.154041,0.18114200000000003,233.37331,-0.010562534857830111,-0.008500142243736943,-0.682762499565696,-0.5885374624804194,0.682762499565696,-0.05630179254400194,0.056294949355212745,0.9983643244784987
normal,0,holdout,N0524,1,1.699999999999818,0.0,0.7060345943778656,0.037018158891579445,0.030319279103127324,88.63417138554776,0.038054328156481444,0.031119554490275127,90.73677728308029,0.15999,0.10866200000000001,233.44794000000002,-0.016450534702670355,-0.02597551274231106,-1.0633629468650871,-1.7985066505506622,1.7985066505506622,0.09948224921891477,0.12889624373943867,0.991424907535405
normal,0,holdout,N0524,2,1.7000000000002728,2.6749844169779134e-13,0.7060345943874977,0.03879582070847895,0.032659621906194126,88.81538255518059,0.03992055287234869,0.03355108155377565,90.89067862297841,0.164838,0.10222500000000001,233.52697,-0.014745994202035775,-0.02390511092916476,-0.9531814091481732,-1.6551550460146558,1.6551550460146558,0.08587447754384082,0.05447264827597134,0.9984685061108641
normal,0,holdout,N0531,1,1.599999999999909,0.058823529411682896,-1.4120691887659043,0.03323230464472785,0.048694262320536044,85.88075160744255,0.034255022537063175,0.05018941366456324,88.47621242332588,0.11535000000000001,0.169493,229.31507,-0.019125344421677,-0.0034989012308272727,-1.236262709487671,-0.24225882259535006,1.236262709487671,-0.18872947138350357,0.048995182365342595,0.9987610178606372
normal,0,holdout,N0531,2,1.7000000000002728,2.6749844169779134e-13,0.7060345943874977,0.03675083920205844,0.042529936596995346,87.52475636723887,0.03780146412529996,0.04350768451698403,89.60068290672781,0.119278,0.14122400000000002,230.44554,-0.01627018945747903,-0.01211221656793679,-1.051705426009633,-0.8386322251441389,1.051705426009633,-0.07289405706008473,0.06954263862758404,0.9975039078259139
normal,0,holdout,N0532,1,1.7000000000002728,2.6749844169779134e-13,0.7060345943874977,0.022205460275696955,0.04640406536788201,87.71604767782611,0.02253416385180511,0.047694028739441716,89.79984456964665,0.076078,0.177804,230.45911999999998,-0.030892757182127757,-0.008523044656209205,-1.9969085447807657,-0.5901231921464185,1.9969085447807657,-0.35270037017224376,0.07111108010023212,0.9973900460835992
normal,0,holdout,N0542,1,1.5999999999994543,0.0588235294119504,-1.4120691887755363,0.02731500347255849,0.046969809981581595,86.76367412372538,0.028054374786375333,0.048414793556642924,89.38614121081908,0.095765,0.17188900000000001,231.47931,-0.025398917542652583,-0.006538597980771513,-1.6417866223493787,-0.45272299609083533,1.6417866223493787,-0.264587142308602,0.11911165922456118,0.9926773742641332
normal,0,holdout,N0542,2,1.7000000000007276,5.349968833955827e-13,0.7060345943971297,0.030827819907061578,0.04322714693145193,88.339665867588,0.031698089943486496,0.04432732924082144,90.4595476893751,0.113578,0.145844,232.01969000000003,-0.02252203647001151,-0.012628935141204799,-1.4558249627148492,-0.8744090661907377,1.4558249627148492,-0.16743410406571735,0.15551858328236454,0.9875168878729405
normal,0,holdout,N0562,1,1.699999999999818,0.0,0.7060345943778656,0.06504602798574424,0.03707101350186633,84.32604382568115,0.06382422339358403,0.03758810494751966,86.39892547037364,0.222331,0.137522,222.86167,0.013315725896018926,-0.012806181566449519,0.8607288324883423,-0.8866813503897597,0.8866813503897597,0.2739504991142741,0.13973472749066626,0.9899221708041754
normal,0,holdout,N0563,1,1.6000000000003638,0.058823529411415394,-1.4120691887562722,0.06657426321652782,0.12460980807233246,138.87011388921798,0.05814242721642817,0.12759706442594065,143.08425024733032,0.210171,0.409705,403.92355999999995,-0.007165356541492501,-0.006518892060920878,-0.46316881396345605,-0.45135858691600295,0.46316881396345605,-0.3035584735917413,0.06035857426460192,0.9981196606517371
normal,0,holdout,N0563,2,1.699999999999818,0.0,0.7060345943778656,0.06388517785101294,0.13464914730162816,140.33932351555774,0.05866798453636211,0.13717138565218998,143.62211055727798,0.245583,0.44701199999999996,400.88205,-0.010447289146858774,0.0013318409045418311,-0.6753130141205724,0.09221472346115188,0.6753130141205724,-0.35643191370486,0.06486434390165836,0.9978284474272017
normal,0,holdout,N0567,1,1.699999999999818,0.0,0.7060345943778656,0.06358822906621774,0.13593721486958604,165.67237645099877,0.06465453636198319,0.13987804345654833,169.49782760937748,0.257833,0.421752,472.37175,-0.020966489569904753,-0.03511744182967985,-1.3552743748111098,-2.431480498867177,2.431480498867177,-0.3626053117630631,0.15329935649562182,0.9878706102183251
normal,0,holdout,N0569,1,1.699999999999818,0.0,0.7060345943778656,0.11499547870725663,0.10079787679173716,128.72133717079663,0.11136811159605155,0.10148339111242033,131.6579945371061,0.436658,0.35037300000000005,367.08002,0.04535103649062874,-0.015212710923811115,2.9314920565003217,-1.053305936279461,2.9314920565003217,0.06579258143803171,0.043674265675473216,0.9990155140736552
normal,0,holdout,N0581,1,1.699999999999818,0.0,0.7060345943778656,0.057270262183886596,0.05846946984063088,97.03512465719396,0.05890841703446576,0.06016355017706731,99.32544145151759,0.23732799999999998,0.23451299999999997,265.95034999999996,0.00041166297649168626,-0.010339791433039286,0.026609904401853936,-0.7159120915960573,0.7159120915960573,-0.010361244455619542,0.04445196685119167,0.9989801407189981
normal,0,holdout,N0581,2,1.6000000000003638,0.058823529411415394,-1.4120691887562722,0.06008002637756921,0.060908161157502,92.8575774353748,0.0611907612400737,0.06266428785999248,95.66752052791232,0.195435,0.20614100000000002,260.59904,0.004907127628028238,-0.0016780221746566376,0.31719684432726347,-0.11618381014576214,0.31719684432726347,-0.006844757300673626,0.15588837757226084,0.9874574522518008
normal,0,holdout,N0582,1,1.699999999999818,0.0,0.7060345943778656,0.06949019071223089,0.04956471655040733,84.43656924052617,0.0694064146347981,0.0497574730399719,86.43865676437935,0.223705,0.181846,220.41442999999998,0.017715290026124514,-0.0004771225625062811,1.145116760471716,-0.03303527096108527,1.145116760471716,0.1673637367815514,0.10472198848809815,0.9943397703881747
normal,0,holdout,N0582,2,1.699999999999818,0.0,0.7060345943778656,0.08924610822513962,0.07300438865651236,84.57150230152476,0.08821128513897347,0.07288569837273322,86.56668896911634,0.308695,0.255301,222.50369,0.037416760105975645,0.02276154667974234,2.4186202459410437,1.5759763237957038,2.4186202459410437,0.10010274162903868,0.056649941889267065,0.9983436304949369
normal,0,holdout,N0586,1,1.699999999999818,0.0,0.7060345943778656,0.06913111197049977,0.17705521091283613,187.84802060976827,0.07036893978849984,0.18204561097761301,192.2325726621382,0.24783,0.546319,523.9007,-0.024371798397939168,-0.027033366093176997,-1.5753936168790634,-1.871750875052173,1.871750875052173,-0.4383838130318946,0.11391191509571183,0.9933027486963689
normal,0,holdout,N0586,2,1.6000000000003638,0.058823529411415394,-1.4120691887562722,0.07617622297788511,0.17133969773934984,183.35672317757255,0.07851927612793187,0.17659424416303807,188.9062787619577,0.263021,0.568083,518.7327300000001,-0.015514384205022477,-0.02605842372062314,-1.0028501568627979,-1.8042472858704435,1.8042472858704435,-0.38447415618891084,0.060711938575165526,0.9980975796203572
normal,0,holdout,N0592,1,1.6000000000003638,0.058823529411415394,-1.4120691887562722,0.08170505185367527,0.09217409116544882,114.23466543771934,0.08397594991126923,0.094997536648945,117.702547584052,0.231391,0.285489,326.32545,0.017906190279602996,-0.002256444303849997,1.157456557309032,-0.1562329154897121,1.157456557309032,-0.060208712384566467,0.05336662489762081,0.9985300662436304
normal,0,holdout,N0594,1,1.699999999999818,0.0,0.7060345943778656,0.08729892764773485,0.19596452061789146,183.89553801369334,0.08925046930763998,0.20126642509260098,188.13677110419349,0.29612700000000003,0.5685720000000001,520.12152,-0.0046090990801161,-0.0022362456820272103,-0.29793227203914796,-0.15483439234829718,0.29793227203914796,-0.3836202433992591,0.06660112213378276,0.9977106015641376
abnormal,1,test,A0001,1,1.3000000000000007,0.23529411764683816,-7.766380538201052,0.5390528907435014,0.2871039586630027,97.81391326227046,0.5593257779141996,0.2923757574947326,97.74028525431481,2.0225514,0.9875507000000001,293.25488,0.48188003911992977,0.21713457592761948,31.148736967853903,15.034081626970657,31.148736967853903,0.30496501028974,0.8628387476347158,0.6157467332022749
abnormal,1,test,A0001,2,1.299999999999999,0.23529411764683922,-7.76638053820109,0.4836310267910407,0.3040299164824524,110.18918151453202,0.5005968239443036,0.3154926465916205,114.31590262523483,1.7588449800000001,0.99321025,364.78047000000004,0.4214645762322024,0.21562573102869304,27.243480037689583,14.929611404869963,27.243480037689583,0.2280183013289245,1.2401262987635266,0.20623832934891947
abnormal,1,test,A0006,1,1.5,0.11764705882336579,-3.5301729719096744,0.7703057611946543,0.3010040019372581,178.8958929812651,0.7942621450616536,0.3094453108900622,134.22697611959416,2.6246467,1.18503307,406.503724,0.6804151632288896,0.1102509505438734,43.9820520207962,7.633615157082226,43.9820520207962,0.43806355118521595,0.5603335393176001,0.8379490708209015
abnormal,1,test,A0011,1,1.5999999999999943,0.05882352941163274,-1.4120691887640981,0.08213609345744663,0.16029997401316265,52.91935959142045,0.025720319912009033,0.015647101940848927,51.28751291876001,0.09076463600000001,0.061873099999999986,206.232099,0.04307884069122195,0.1572077064385296,2.7846172670310487,10.884832509464289,10.884832509464289,-0.32241028066036204,1.5244940209740105,-0.19952620386469233
abnormal,1,test,A0011,2,1.6000000000000085,0.05882352941162438,-1.4120691887637973,0.46261194625570573,0.27113655738913,73.61227828088727,0.47355465422515136,0.2287089531505874,74.11441231201641,2.00192157,0.92218234,275.3735,0.4152048028342705,0.23721910962997794,26.83884813924728,16.424705473177234,26.83884813924728,0.26095506555063,1.2381104349441323,0.2088168004546642
abnormal,1,test,A0012,1,1.9000000000000057,0.11764705882358313,4.942242160673231,0.4251550315625302,0.20288900034679808,64.26420907998128,0.3903027615284823,0.16464520478930944,65.92549090872791,1.83356048,0.55452002,267.02884000000006,0.3815199686695242,0.18289689206341353,24.66145967318897,12.663514287642482,24.66145967318897,0.3539019876355853,1.5835543600122586,-0.2942680831568271
abnormal,1,test,A0016,1,1.1999999999999886,0.2941176470585817,-9.884484321347005,0.0336787467504138,0.059966276114858434,206.57607921518778,0.03398606503508161,0.019854532446805188,49.596271966658534,0.09894372300000001,0.059720389,152.5879,-0.06738120493666847,-0.1720205297336691,-4.3555226586735385,-11.91045080905401,11.91045080905401,-0.28071464515507644,1.0792162785382762,0.3988605027802964
abnormal,1,test,A0017,1,1.5999999999999943,0.05882352941163274,-1.4120691887640981,0.44505138359515806,0.2543454422878526,302.6159962291791,0.45758522376174415,0.2606615938550643,105.73589391318626,1.65968049,1.0405699099999999,342.13070000000005,0.3052379424831878,-0.12070710461389206,19.73058772133836,-8.357584028098161,19.73058772133836,0.2726720142978351,1.0329246411037012,0.4493247410579191
