source,segment_id,cycle_id,duration_sec,AI2_Current_rms,AI0_H_real,AI0_H_imag,AI0_H_mag,AI0_H_phase,AI1_H_real,AI1_H_imag,AI1_H_mag,AI1_H_phase,AI0_MagDev,AI0_PhaseDev,AI1_MagDev,AI1_PhaseDev,AI0_OCVT_score,AI0_OCVT_break,AI1_OCVT_score,AI1_OCVT_break,OCVT_score,OCVT_break
normal,N0000,1,1.7,155.49395186163716,5.579228307585748e-05,0.00013290712573596448,0.00014414257844999197,1.1733519719243692,-0.00014828882816420662,-4.5350251022325076e-05,0.00015506844239271088,-2.8448015360567553,0.7387585187866791,1.5176591526612448,0.8075157139728455,0.2341308164281681,0.4896642098145132,False,0.41449514376088326,False,0.4896642098145132,False
normal,N0001,1,1.700000000000001,148.7467728205239,3.806007311065252e-05,-1.8330513517122033e-05,4.224425275690894e-05,-0.44883623793422694,8.818112844990433e-05,3.1560884898100476e-05,9.3658960437588e-05,0.3437039079763898,0.48857608719838036,0.1045290571973514,0.3033092392912652,2.954374627604977,0.2340206619559681,False,0.9451360281711624,False,0.9451360281711624,False
normal,N0004,1,1.6999999999999957,83.82992740443507,-8.174816447509394e-05,-7.224544701270705e-05,0.00010909705316420271,-2.417824858654261,8.518755671224311e-05,-0.000114011464420294,0.00014232193730364127,-0.9290998127580267,0.4601934652314726,2.0735176779173856,0.7217407868405316,1.6815709068705607,0.6690088439907238,False,0.5379525105440774,False,0.6690088439907238,False
normal,N0006,1,1.7000000000000028,83.34553111997793,0.00011055757434702115,-0.00022953061052473724,0.00025476906879241785,-1.1219214916341624,-8.487398774571425e-07,-5.122371915039219e-05,5.123075016996961e-05,-1.5873640855024764,1.308313100191674,0.7776143108972868,0.3000109152178317,1.0233066341261108,0.6266624703394515,False,0.32736673228310387,False,0.6266624703394515,False
normal,N0010,1,1.7000000000000028,157.31333845218617,-4.46462570548463e-05,-5.3300271271353944e-06,4.4963290117421484e-05,-3.022771504830596,-6.190397185224628e-05,-1.0561734376026593e-05,6.279850288114712e-05,-2.9726050164539704,0.42619802208167085,2.6784643240937207,0.09641962611673636,0.36193429682538314,0.8641914849417214,False,0.11578665094269947,False,0.8641914849417214,False
normal,N0012,1,1.6999999999999886,139.46223388345433,7.705101571230663e-07,0.0001563761996557283,0.00015637809790591014,1.5658690813228098,-0.00011989223593083057,8.636860398014375e-05,0.00014776225495698436,2.5173158950438648,0.8202323597365202,1.9101762620596854,0.7592537277269903,1.155198692507135,0.6163076526951066,False,0.38972242592887557,False,0.6163076526951066,False
normal,N0016,1,1.700000000000017,117.09330492437681,-9.597162019095051e-05,-2.2357636471007083e-05,9.854144199597327e-05,-2.9127139383826863,-1.6128708241531793e-05,-3.9373239450200076e-05,4.2548645270363746e-05,-1.9595821602612005,0.358432774768899,2.568406757645811,0.48570283627779637,0.6510885593673867,0.828682028675257,False,0.2493096585793547,False,0.828682028675257,False
normal,N0016,2,1.6999999999999886,116.54637693861358,-2.4351548290597082e-05,2.756702820711453e-05,3.6782318419603864e-05,2.294340364942393,-3.591570255719322e-05,-8.582247253220434e-06,3.692685551319236e-05,-2.9070357153095405,0.6270271468310139,2.638647545679268,0.6274117706579581,0.2963649956809533,0.85134482480365,False,0.32204838565517463,False,0.85134482480365,False
normal,N0018,1,1.6999999999999886,105.87022823778115,5.4704216816808854e-05,1.2993665598433737e-05,5.622620993117314e-05,0.23320427026516027,-0.00010392622406747834,-1.4817281270945026e-05,0.00010497719692002645,-2.9999721110840634,0.2026613911474453,0.5775114510020358,0.4173922881493911,0.38930139145547615,0.18633082917061639,False,0.21424608027749614,False,0.21424608027749614,False
normal,N0022,1,1.6999999999999886,103.83641298250191,-5.440644784537631e-05,-9.627258776477743e-05,0.00011058242501445891,-2.085180777991282,-6.80713020069911e-05,-2.5080418134600722e-05,7.254467265577397e-05,-2.7885826387210426,0.4737167536693662,1.7408735972544063,0.04785168469154641,0.1779119190924554,0.5616830978759306,False,0.05691592494878263,False,0.5616830978759306,False
normal,N0023,1,1.6000000000000227,82.65252031696382,-4.377774641023106e-05,-1.3573061558818785e-05,4.583360209320213e-05,-2.8409461342092626,-5.436533140448902e-05,7.876550156036443e-05,9.570576521179742e-05,2.1749266707539894,0.40702691190724705,2.496638953472387,0.3249276738821166,1.4975879167970094,0.8055265493575986,False,0.47909438508348307,False,0.8055265493575986,False
normal,N0027,1,1.700000000000017,86.22409206875811,-7.865960422887402e-06,1.580576156461864e-05,1.7654898244170282e-05,2.0325734864639022,-9.281813642309021e-06,-7.367428081763137e-05,7.425666110515445e-05,-1.6961205068123275,1.361031103563142,2.3768806672007776,0.07117662322118731,0.9145502128162597,0.766887210272074,False,0.29257439040659966,False,0.766887210272074,False
normal,N0028,1,1.6999999999999886,92.99268093658284,1.2757015674778942e-05,2.2872176522573408e-05,2.618927085289535e-05,1.0620205231111586,-2.6153673789375265e-05,-5.377685649765235e-05,5.9799372467026346e-05,-2.0234538941021585,0.9666945703510426,1.4063277038480342,0.14535569199681847,0.5872168255264287,0.46303228747856146,False,0.18785694033774214,False,0.46303228747856146,False
normal,N0036,1,1.6000000000000227,147.882941193635,1.9310897947867758e-05,-3.084091046133117e-05,3.638780754094439e-05,-1.0113736901033903,-4.224980386985719e-06,-1.513818465623202e-05,1.5716713840895388e-05,-1.8429649365651037,0.6378106376510926,0.6670665093665147,1.4816260901835148,0.7677057830634835,0.3055017867975623,False,0.7605137691117955,False,0.7605137691117955,False
normal,N0041,1,1.6999999999999886,94.21222004952914,-6.0039970246339786e-05,-2.9943415793978818e-05,6.709251952783162e-05,-2.6789658096817326,-8.92247280379018e-05,-6.09647480988377e-05,0.00010806365070731358,-2.5421820587285544,0.025971855777132954,2.334658628944857,0.44636954541712937,0.0684886609000328,0.7532645065423925,False,0.22912001054183173,False,0.7532645065423925,False
normal,N0041,2,1.6999999999999886,92.59519374418805,-4.335909801253575e-05,-3.0581144160899666e-05,5.3058625676231094e-05,-2.5273189180447764,-1.31928093095062e-06,-1.150036860793385e-05,1.1575792858077596e-05,-1.6850134501269969,0.26064696009198784,2.183011737307901,1.787434694286762,0.9256572695015903,0.7043364878670346,False,0.9174843136198036,False,0.9174843136198036,False
normal,N0042,1,1.599999999999966,82.32904045116751,-6.512552887987627e-05,-0.00014792208023179748,0.00016162387302618981,-1.9855286752899377,0.00016183622273343573,-0.0002769271755391319,0.0003207485363032969,-1.0419264431229227,0.8532274444874816,1.641221494553062,1.5343065674877199,1.5687442765056645,0.5295309061008251,False,0.7875544837824362,False,0.7875544837824362,False
normal,N0042,2,1.6999999999999886,83.98218825984402,0.00012415865279137412,-1.4419377136230882e-05,0.00012499315781260129,-0.11561875228413256,9.835706296223737e-05,2.717281225500138e-05,0.00010204152860675442,0.269543763300321,0.5962145803070902,0.22868842845274304,0.3890290076688818,2.880214482928908,0.2855778954540031,False,0.9214114050536942,False,0.9214114050536942,False
normal,N0043,1,1.6000000000000227,170.69737948759288,-7.925566786119586e-05,-1.194939864865752e-06,7.926467541979113e-05,-3.1265167685941235,-2.0456526220912062e-05,-1.3051314355777738e-05,2.4265330647658456e-05,-2.573697834424355,0.14074816103019158,2.782209587857248,1.047302225256884,0.03697288520423214,0.8976643121662576,False,0.5375767665043143,False,0.8976643121662576,False
normal,N0043,2,1.6999999999999886,176.08797958982814,0.00011177387862969845,-1.678825757921367e-05,0.00011302763173875927,-0.14908397485311634,9.259562697700812e-05,1.8645987592380313e-05,9.44543434075979e-05,0.19871258403646422,0.49558790033075323,0.19522320588375922,0.311765714035362,2.8093833036650513,0.23737921591254596,False,0.8987517535610899,False,0.8987517535610899,False
normal,N0049,1,1.6000000000000227,126.70357884600693,3.360895256745214e-05,-0.00019826217518107583,0.00020109065567602298,-1.4028749372882092,6.026254455012162e-05,-0.00013463915641575728,0.0001475102596974263,-1.149952049663278,1.0717114086170256,1.0585677565513336,0.7575468616522646,1.4607186699653092,0.5133337873912033,False,0.46729951885813087,False,0.5133337873912033,False
normal,N0051,1,1.6999999999999886,84.75012326952684,6.348646060958974e-05,6.928225073500934e-05,9.39710644168815e-05,0.8290237493269104,-0.00011949933628173594,6.955254986043797e-05,0.000138266585131275,2.614488996982364,0.31094249417299646,1.173330930063786,0.6928327294643418,1.0580255905686349,0.3785686408658675,False,0.3556287473202341,False,0.3785686408658675,False
normal,N0051,2,1.6999999999999886,83.35041789290891,-4.120420171476314e-05,0.00013787495748808544,0.0001439002784614827,1.861199543945006,-0.00015878387877431836,1.745914538024748e-05,0.00015974085863055211,3.0320771908588635,0.7370761299465178,2.2055067246818814,0.8372019991520555,0.6404373966921358,0.7115943693208199,False,0.4297330157058706,False,0.7115943693208199,False
normal,N0052,1,1.7000000000000455,126.03733756875228,0.00013111601328161848,3.382250940266229e-05,0.00013540816475072224,0.25245501458989367,-0.00036356499933248604,0.00024365268406845053,0.0004376598441636961,2.551164165921236,0.6762492410123682,0.5967621953267692,1.8450911236854914,1.1213504216297638,0.32391330475549324,False,0.9470791680342023,False,0.9470791680342023,False
normal,N0053,1,1.6000000000000227,169.42227918460696,3.1268033165846445e-05,5.7558758447317964e-05,6.55034393910516e-05,1.0731604509497528,-3.689836655600066e-05,7.3854762294123855e-06,3.7630236693863664e-05,2.944045879451001,0.04994175968227078,1.4174676316866284,0.6085429545676295,0.728468708099998,0.4573379777602856,False,0.31236308479647035,False,0.4573379777602856,False
normal,N0053,2,1.6999999999999886,173.07959510333174,1.0204354066569679e-05,-6.919102938339423e-05,6.993945516694879e-05,-1.424370969702509,3.487469922069626e-05,2.841048188384159e-05,4.498222011646517e-05,0.683606945280076,0.015585529898209386,1.0800637889656335,0.43008355035610074,2.9889076422709233,0.34847652112514504,False,0.9561835087503631,False,0.9561835087503631,False
normal,N0054,1,1.599999999999966,82.19076413132436,3.3865740055775527e-05,-0.00012093635569947866,0.00012558857622967218,-1.2977603234958466,-0.00011372664191019373,3.894102828567664e-05,0.00012020878821498576,2.8116963381471254,0.6009668782763575,0.953453142758971,0.5528792652582627,0.8608182494038739,0.3076263065560978,False,0.28379109727558977,False,0.3076263065560978,False
normal,N0054,2,1.7000000000000455,83.73901347196451,4.7697730674642624e-06,8.5873438200786e-05,8.600580284805972e-05,1.515309123116852,5.1977956605762675e-05,-8.101199364318837e-05,9.625305754600496e-05,-1.0003431021987919,0.2223703545834272,1.8596163038537277,0.33062987400587124,1.6103276174297954,0.599994765878747,False,0.5151610206000687,False,0.599994765878747,False
normal,N0056,1,1.6999999999999886,86.6045177088521,-4.612594455139984e-05,0.00015974001869174193,0.00016626628140545174,1.851906193614969,-0.00011788986011966093,3.967430879705444e-05,0.0001243867754126509,2.816961507505448,0.8815461880228304,2.1962133743518444,0.5870449999627813,0.8555530800455513,0.7085959219830844,False,0.301328255838577,False,0.7085959219830844,False
normal,N0056,2,1.6000000000000227,85.01376642215195,-0.00013014680753170043,5.208421097635352e-06,0.00013025098525932066,3.1015944137562577,-5.424987984336238e-05,3.304975087972869e-05,6.352429059998532e-05,2.5944261607628754,0.637418826655028,2.8372837126864536,0.0849284981298248,1.0780884267881243,0.9154336695140061,False,0.3448920134200615,False,0.9154336695140061,False
normal,N0058,1,1.6999999999999886,85.91977879122784,-0.00023295729028485532,1.2919198654126126e-05,0.00023331524766017145,3.08619203226828,-2.958121487872662e-05,3.138451238917822e-05,4.3128133412053416e-05,2.3266242388457963,1.2203461116311398,2.852686094174431,0.47217532102954735,1.3458903487052025,0.9204031614762476,False,0.4305647112737183,False,0.9204031614762476,False
normal,N0058,2,1.6999999999999886,86.35427384651084,7.113845355547597e-05,-2.777054169345003e-05,7.636676345251419e-05,-0.37217991355969726,9.777954334421241e-06,-5.3837830119762446e-05,5.4718555746386695e-05,-1.3911359750243915,0.10350315527035565,0.02787273282282171,0.23414797804081036,1.2195347446041958,0.04957646832409336,False,0.390142202671955,False,0.390142202671955,False
normal,N0059,1,1.6999999999999886,173.48596801837354,-8.603082175724328e-06,6.152952179189132e-05,6.212805384736507e-05,1.7097161136677737,1.2512283327532791e-05,-4.8187899314759575e-05,4.9785850142765076e-05,-1.3167503938570024,0.10284677019704573,2.054023294404649,0.3286200456948937,1.2939203257715848,0.662719090535973,False,0.4139389453331061,False,0.662719090535973,False
normal,N0059,2,1.6000000000000227,169.52863847145179,9.570821190698645e-06,-1.836093130899943e-05,2.070566146729251e-05,-1.0902856412796886,-4.01490503010404e-05,3.152862407118675e-05,5.104899975413513e-05,2.4758861688755265,1.201637213990164,0.745978460542813,0.3035649052054964,1.1966284186754728,0.5755663111991858,False,0.38281422411907323,False,0.5755663111991858,False
normal,N0060,1,1.7000000000000455,113.21864197554383,7.025913557198626e-05,5.9125197610457525e-05,9.182665802368284e-05,0.6995564211558293,-5.784325442406321e-05,-3.573101719142436e-05,6.798932027826703e-05,-2.5882445040429105,0.28785823277735023,1.0438636018927048,0.017000222939945353,0.0224262155856767,0.33679673389023107,False,0.00872615817813877,False,0.33679673389023107,False
normal,N0060,2,1.599999999999966,107.75646165882767,-2.1902048360606394e-05,3.0407490904158346e-05,3.7474194127116516e-05,2.195006808923296,1.8264555642634798e-05,3.908366670600347e-06,1.8678043871207773e-05,0.21080715045260648,0.6083918598355827,2.5393139896601715,1.3090021127177223,2.8214778700811936,0.819295410328163,False,0.9026209346589089,False,0.9026209346589089,False
normal,N0061,1,1.599999999999966,81.94049914493641,9.069911856848097e-05,-0.00013879323627214035,0.00016580076159051124,-0.9919760000525364,-1.3331083952045266e-07,3.13746699049838e-05,3.1374953122301713e-05,1.57504529698868,0.8787424161525703,0.6476688193156608,0.7903409405450079,2.0974692905623193,0.42090451682976476,False,0.6710028497977332,False,0.6710028497977332,False
normal,N0062,1,1.7000000000000455,185.9420528880698,-7.199462559985756e-05,6.994895197531751e-06,7.233363445927571e-05,3.044738077893232,8.35032154404443e-05,-6.42494641250431e-07,8.35056871611586e-05,-0.00769409847791363,0.049244815721665496,2.8941400485494793,0.18856387546866363,2.6029766211506735,0.9337780472515884,False,0.8327200491601581,False,0.9337780472515884,False
normal,N0063,1,1.6999999999999886,149.97474903101144,9.375759186292822e-06,1.5005884804902465e-05,1.769410746823238e-05,1.0123368970988138,3.797948105917545e-05,-1.6011246425276072e-05,4.1216513603350564e-05,-0.39896711264576207,1.358812696729138,1.3566440778356894,0.517511859830707,2.2117036069828253,0.6508510242205345,False,0.707547628883536,False,0.707547628883536,False
normal,N0064,1,1.599999999999966,82.88612148414822,-0.00023429048755717406,-0.0003881809623459906,0.0004534054389700654,-2.1138293367951246,0.000366075399532751,-0.00019483162023103812,0.0004146933305286145,-0.48908795333512456,1.8847423101726746,1.769522156058249,1.791188411134545,2.1215827662934625,0.902763468372408,False,0.9194110840560156,False,0.9194110840560156,False
normal,N0065,1,1.6000000000000227,144.15173414056525,-0.00010240459504879445,5.68153964815595e-05,0.00011710973642043764,2.635061783291545,-6.126802207722778e-05,-4.5304769946300454e-05,7.61990335184304e-05,-2.504876424237517,0.5310669958914763,2.97936896402842,0.09699791649203376,0.1057942953910702,0.961276678599848,False,0.0497887095510115,False,0.961276678599848,False
normal,N0065,2,1.6999999999999886,152.21746482480492,2.642698593792818e-06,-5.940115349620592e-05,5.945990996072439e-05,-1.5263366325617187,-3.2416224231324646e-05,3.782317639624766e-05,4.981369556775712e-05,2.2793670992459387,0.14674210589458997,1.182029451824843,0.3280608980610419,1.3931474883050605,0.38137517010348554,False,0.44568277545109314,False,0.44568277545109314,False
normal,N0067,1,1.6999999999999886,131.53453978847583,4.198683886226548e-05,-0.00014071516756618564,0.0001468456775694319,-1.2808248198340926,4.0730855795742815e-05,8.685325871150962e-05,9.592961567035498e-05,1.1322861803830981,0.7573378036983893,0.936517639097217,0.327263887132546,2.5402284071679015,0.36275351739393036,False,0.8126462246748088,False,0.8126462246748088,False
normal,N0067,2,1.6999999999999886,130.87441293988715,1.2029343614068324e-05,-0.00011518283063785147,0.0001158092810681998,-1.4667366109668947,0.00014059785604790382,-0.0002401944771453101,0.00027831842191341913,-1.041218477350199,0.5199002919576237,1.122429430230019,1.3924149886183617,1.5694522422783883,0.3621455575597317,False,0.7147220058947167,False,0.7147220058947167,False
normal,N0068,1,1.6999999999999318,172.82957921098216,-5.439781035873301e-06,2.549853877932356e-05,2.607233586771454e-05,1.7809823930647992,-2.239003279750548e-05,-6.911680128096323e-06,2.3432560484643857e-05,-2.8421784578057827,0.9711695638762767,2.1252895738016746,1.082224304218859,0.2315077381771955,0.6857127556986501,False,0.5555021540717686,False,0.6857127556986501,False
normal,N0068,2,1.7000000000000455,172.6335764814535,-1.5506912114263994e-05,-9.955126072381473e-06,1.842739423891823e-05,-2.5708761336411774,1.336528593649034e-05,1.4037537992150364e-05,1.9382552490454176e-05,0.8099254619584623,1.3182059969735498,2.226568952904302,1.2719775189219698,2.862589125592537,0.7183899790737607,False,0.9157728648115925,False,0.9157728648115925,False
normal,N0071,1,1.6000000000000227,167.61444637971,6.627642154825293e-05,8.19667320739229e-06,6.678135596789352e-05,0.12304922748903759,7.642529823486218e-06,-3.411929557903071e-05,3.4964762160096854e-05,-1.3504392716722349,0.030620471714800854,0.4673564082259132,0.6820100882536057,1.2602314479563523,0.15078992271380692,False,0.4031615131569963,False,0.4031615131569963,False
normal,N0071,2,1.6999999999999318,170.6306637205633,1.864536076407565e-05,6.122807455089104e-05,6.400411386178238e-05,1.2751951168862385,7.387171723489886e-05,7.658563311874631e-05,0.00010640671880775229,0.8034339828537884,0.07309704999010273,1.6195022976231142,0.4309178552426885,2.8690806046972113,0.5225233290807414,False,0.9178495583766606,False,0.9178495583766606,False
normal,N0072,1,1.6999999999999318,83.66594283070147,2.629098153678262e-05,-5.546351499340633e-05,6.137928971233908e-05,-1.128145439867957,2.528630701132348e-06,7.890809242405984e-05,7.894859734806364e-05,1.5387620245205003,0.11497193255385184,0.7838382591310813,0.13244611111948978,2.1337525630304994,0.2529010160857087,False,0.6826102565596264,False,0.6826102565596264,False
normal,N0072,2,1.6000000000000227,81.90600537243068,-2.5938404536042896e-05,7.80800126122736e-05,8.22756902092484e-05,1.891529122339957,-0.00014436531318854067,-0.00012638537460528344,0.0001918713281502561,-2.4225048586543836,0.17803127000210703,2.2358363030768325,1.0204741109354982,0.18816586097420362,0.7213800376065671,False,0.5238059842024233,False,0.7213800376065671,False
normal,N0073,1,1.6999999999999318,103.69228751630659,7.415699823768064e-05,-0.0001833229564628005,0.00019775380338664847,-1.1864032508694358,0.00015468068514497664,0.00012025123096269378,0.00019592466129857803,0.6608176794494972,1.0549784188292475,0.8420960701325602,1.0413793335529622,3.011696908101502,0.5053189347423704,False,0.9634740385263756,False,0.9634740385263756,False
normal,N0073,2,1.7000000000000455,106.55183475307759,8.550250220099717e-05,5.957991177634265e-05,0.00010421345292191552,0.6085890043760901,0.00011366287454957021,-0.00010006240740575732,0.000151432276700534,-0.7218485759747408,0.41439681131932504,0.9528961851129656,0.783787637373676,1.8888221436538464,0.30744660729677914,False,0.604254396884643,False,0.604254396884643,False
normal,N0074,1,1.6999999999999318,183.27025094086486,-1.8954911103939e-05,3.5392646610727306e-05,4.014882425513924e-05,2.0624861691921743,3.25057411639223e-05,-3.923101707088297e-05,5.094797257037637e-05,-0.8788743202743282,0.5394512449342284,2.4067933499290497,0.3055458897879556,1.731796399354259,0.7765383695102254,False,0.5540201825432328,False,0.7765383695102254,False
normal,N0075,1,1.6000000000000227,109.87025368423966,9.548718850474353e-05,2.9717288108099288e-05,0.00010000460179931822,0.3017160819426198,-4.294692837716259e-05,1.9909250260279993e-05,4.733726759076397e-05,2.7075048250644516,0.37317178692371034,0.6460232626794953,0.379052971039723,0.9650097624865474,0.20843578077926792,False,0.30871693980201703,False,0.30871693980201703,False
normal,N0075,2,1.7000000000000455,110.19128321169069,-2.3368622350404464e-05,3.324076079169908e-05,4.063299999466914e-05,2.1835402768519256,5.791769511714683e-05,7.196338470149122e-06,5.8363059336019405e-05,0.12361756767106481,0.5274638571789442,2.527847457588801,0.16966771454767202,2.734288287299652,0.8155957980956041,False,0.8747280549956242,False,0.8747280549956242,False
normal,N0076,1,1.7000000000000455,180.76961720115267,5.8419699026121476e-05,-9.377098879298575e-05,0.00011048013203068178,-1.0136336410097289,-5.5319897770913725e-05,1.2638795877534503e-05,5.6745310384368584e-05,2.9169803050750467,0.47279128721751623,0.6693264602728533,0.1977778415877445,0.755534282475953,0.22645997808880108,False,0.24170349427396645,False,0.24170349427396645,False
normal,N0076,2,1.7000000000000455,179.96444196644268,1.6078511076674454e-05,-4.2471611837625195e-05,4.5413173535094945e-05,-1.2088987936546562,-4.0334028725921534e-05,-3.509416203673945e-05,5.346432532375572e-05,-2.4255513451776474,0.41624217504971245,0.8645916129177806,0.25733624195179006,0.18511937445093982,0.27895563256695105,False,0.13208984141982838,False,0.27895563256695105,False
normal,N0078,1,1.7000000000000455,107.67481626625954,-2.0799012483306186e-05,0.00019127710521939342,0.00019240459948086387,1.6791083709670342,0.0001218079201420527,0.00016505197220326046,0.00020513245218033773,0.9350212650441111,1.0275560229706355,2.0234155517039096,1.087305007813548,2.7374933225068885,0.652843674097781,False,0.8757533800229963,False,0.8757533800229963,False
normal,N0078,2,1.6000000000000227,105.70049350841586,8.108453406728952e-06,-0.00011143952682148753,0.0001117341270823115,-1.4981633055133416,-2.701944312075629e-05,8.63023811396847e-05,9.043313163290979e-05,1.8742083839966885,0.48407776682472986,1.153856124776466,0.26825983591672686,1.7983062035543107,0.3722852042156913,False,0.5752973799537175,False,0.5752973799537175,False
normal,N0079,1,1.7000000000000455,175.18155346280352,-1.0821290910872223e-05,-0.00010891754614641817,0.00010945379022918695,-1.6698243983572574,-3.1459861134732046e-06,-2.6244284311158514e-05,2.6432171451303188e-05,-1.690100242351213,0.46345803628510457,1.3255172176203818,0.9617689541031629,0.9205704772773742,0.4276706926080734,False,0.493672821466791,False,0.493672821466791,False
normal,N0084,1,1.6000000000000227,173.37945022808154,-7.1467702258151496e-06,-3.9023342186553604e-05,3.9672377797019575e-05,-1.7519299244589326,1.0442200694636397e-05,1.8222924728040783e-05,2.1002726989391284e-05,1.0504471964073774,0.5513892286361579,1.407622743722057,1.191698542215168,2.6220673911436223,0.45416157989952016,False,0.838827390577618,False,0.838827390577618,False
normal,N0086,1,1.6000000000000227,82.7168122331135,-0.00013735316481289822,0.0001562327055120506,0.00020802535940537227,2.291976206999603,-3.595464564165651e-05,-7.05875535083819e-07,3.5961573985131956e-05,-3.121962787830615,1.1056155712965867,2.636283387736478,0.6538998688624641,0.5112920682020277,0.8505820425090201,False,0.3356446388094486,False,0.8505820425090201,False
normal,N0089,1,1.7000000000000455,178.05947158362383,-2.695526792259696e-05,-9.16470915182169e-06,2.847065792384273e-05,-2.813856871731195,-9.384255378003611e-05,2.3118979308221384e-05,9.664839421435277e-05,2.900043521823557,0.8831703804787296,2.4695496909943198,0.33472872566439094,0.7724710657274427,0.7967863508205812,False,0.24712175230486677,False,0.7967863508205812,False
normal,N0089,2,1.6000000000000227,173.83859726157687,-2.3284154788761553e-05,2.4218319707742316e-05,3.359581631235394e-05,2.3365314193368203,1.6724283596119923e-05,4.3350285961295603e-07,1.672990097199438e-05,0.02591476098649462,0.7176428515293896,2.6808386000736957,1.419153220191487,2.6365854806150817,0.8649575317642754,False,0.8434718826103744,False,0.8649575317642754,False
normal,N0091,1,1.6000000000000227,81.87369182052467,0.00010720086536557782,-6.264880344440373e-05,0.00012416480221119137,-0.5288742292161172,-5.28698364973162e-05,6.280320746376236e-05,8.20942292672836e-05,2.2705301000955718,0.5895653153454773,0.18456704847924157,0.1715168613397775,1.401984487455428,0.2823929966662622,False,0.44850982595440086,False,0.44850982595440086,False
normal,N0094,1,1.599999999999909,151.03986220777497,-2.356191325086256e-05,-1.1416143576258594e-05,2.618190386879692e-05,-2.690408124426132,3.6830883115778725e-05,-0.00012904035501637217,0.00013419361823067266,-1.2927674388347696,0.96697590770522,2.346100943689257,0.66293280093241,1.3179032807938176,0.7569563051902909,False,0.42161134904309067,False,0.7569563051902909,False
normal,N0096,1,1.599999999999909,81.81106784133387,2.8705425146765375e-05,8.850467302058709e-05,9.304342308480265e-05,1.2571633362304404,-1.2987608753761427e-05,-8.65605915152187e-05,8.752950350941863e-05,-1.719726044790482,0.3010218838221306,1.601470516967316,0.23562505516118018,0.8909446748381051,0.5167054762309184,False,0.28502272644392784,False,0.5167054762309184,False
normal,N0100,1,1.6999999999999318,94.41507540937799,7.511738668963071e-07,-0.0002288685930501007,0.0002288698257676422,-1.5675142199771273,-6.214718044701897e-05,-3.1427016658485256e-05,6.964143460302241e-05,-2.673405860397687,1.2011089738687926,1.2232070392402516,0.007008853561735396,0.0627351407690999,0.575313292056182,False,0.02006964222453166,False,0.575313292056182,False
normal,N0100,2,1.6000000000000227,91.97331655918634,0.00015455826806607973,-4.508180235764594e-05,0.00016099884201881706,-0.2838078683435494,0.0001138125036109229,0.00011241757284780195,0.0001599718620982365,0.7792322587253471,0.8493527527418068,0.06049931239332618,0.8386470683748984,2.8932823288256526,0.40682730620431445,False,0.9255919486625508,False,0.9255919486625508,False
normal,N0102,1,1.6999999999999318,106.79407604016549,-1.2150793938309095e-05,-2.5524726066102273e-05,2.8269301973710102e-05,-2.015092974530127,3.889681028949481e-05,-1.718821925033003e-05,4.252524816734601e-05,-0.41609153349105404,0.8902679106381569,1.6707857937932513,0.48625287817930435,2.194579186137533,0.5390696613613737,False,0.7020693435803713,False,0.7020693435803713,False
normal,N0103,1,1.6999999999999318,94.67171780678436,-0.00021520201641770414,-0.0002588130365998942,0.0003365948540668796,-2.264449321668974,5.2674221690076064e-05,-2.8544859354959124e-05,5.9911456552563275e-05,-0.4966133907884642,1.5868355706352817,1.9201421409320985,0.1434831109223282,2.114057328840123,0.7600705814006855,False,0.6763095405831683,False,0.7600705814006855,False
normal,N0104,1,1.599999999999909,82.17638117890763,-0.00010650524268321368,-7.0120358303576195e-06,0.00010673582044232602,-3.075850061685126,0.00011204456330610943,-8.374109601469584e-05,0.00013988050374587327,-0.6418292440616606,0.4383123970766381,2.7315428809482505,0.7044376448507716,1.9688414755669266,0.8813169834798437,False,0.6298534366389713,False,0.8813169834798437,False
normal,N0107,1,1.6000000000000227,103.5439713284845,-7.667427616110595e-05,-0.00028713897057669935,0.00029719982006837784,-1.8317364588525213,-0.00016994934626005998,-9.483305437770064e-06,0.00017021372851872967,-3.0858496855393027,1.4623602847871673,1.4874292781156457,0.9007040040999369,0.4751789659107155,0.7004487751875086,False,0.46232838470554,False,0.7004487751875086,False
normal,N0107,2,1.7000000000000455,108.10621919945073,2.9169320840454503e-05,-4.0739495990767525e-05,5.0105446928204686e-05,-0.9494151943918885,6.482548279279973e-05,-5.555856690007919e-05,8.537621199907004e-05,-0.7085717341629783,0.31791468273744145,0.6051080136550129,0.21071664992693476,1.902098985465609,0.19523470526253814,False,0.6085018005210595,False,0.6085018005210595,False
normal,N0108,1,1.599999999999909,178.7679028382667,-2.4105398051070048e-05,-3.870003263911912e-05,4.559345064227336e-05,-2.1278682376923506,-1.5141562251306725e-05,-2.6840281987827166e-05,3.081667802661858e-05,-2.084427495976655,0.41228032412616766,1.783561056955475,0.8082948055134422,0.5262432236519321,0.5754559672233461,False,0.4148950488705111,False,0.5754559672233461,False
normal,N0108,2,1.7000000000000455,183.822866534575,8.119873911494668e-06,6.18973774607156e-05,6.242769969214688e-05,1.4403583145681342,2.338693861551749e-05,6.612775972520995e-05,7.014149630625997e-05,1.230862034094977,0.09803532777834889,1.7846654953050098,0.014163716120327094,2.4416525534560223,0.57581230805967,False,0.7811107552119008,False,0.7811107552119008,False
normal,N0113,1,1.7000000000000455,174.8203487959131,6.0514310130929256e-05,-1.1279324380629674e-05,6.155651784421983e-05,-0.18427642487695087,7.893894114570679e-05,2.2663567295655343e-05,8.212791067456944e-05,0.27958263059429933,0.11208866761586497,0.16003075585992468,0.1719270545982485,2.8902533502228867,0.05368880074267,False,0.924622946025145,False,0.924622946025145,False
normal,N0113,2,1.599999999999909,171.93363396850205,-6.632288985194077e-07,2.3977204402108098e-05,2.3986375372538117e-05,1.5984500855492005,-6.523829387126167e-06,-6.85987021541643e-06,9.466687342713313e-06,-2.3310915478772793,1.054558407969515,1.9427572662860761,1.9885717295388248,0.27957917175130786,0.6268197308923117,False,1.0207272882144072,True,1.0207272882144072,True
normal,N0126,1,1.7000000000000455,83.76079520354945,-0.0002119732012382059,2.0483863992999215e-05,0.00021296062248044032,3.0452575596237677,0.00016002519722519576,2.6848676465178152e-05,0.00016226187221554732,0.16622959058777978,1.1290628563322263,2.8936205668189436,0.8528606556724649,2.776900310216367,0.9336104393861137,False,0.8883600966857778,False,0.9336104393861137,False
normal,N0126,2,1.599999999999909,82.9906107913648,0.0001977357204874096,-0.00015301456715534462,0.00025002574451126516,-0.6585810132111015,-1.5188835175330055e-05,-6.2904392144036105e-06,1.6439900835876424e-05,-2.748948775255041,1.2895194686067126,0.31427383247422597,1.4366394572020298,0.1382780556264538,0.617660600990321,False,0.7374222792716291,False,0.7374222792716291,False
normal,N0127,1,1.7000000000000455,115.12365731263627,-0.0002044579443815147,-0.00012543322056831574,0.0002398677632422796,-2.591311915429194,-9.703875628935496e-05,-3.179597743622797e-05,0.00010211515266261879,-2.824954353739179,1.248043363173309,2.2470047346923185,0.3897502582091725,0.2142836341105916,0.7249834693997169,False,0.200057517781858,False,0.7249834693997169,False
normal,N0127,2,1.6000000000000227,109.29497391211193,5.851839607275812e-05,4.359586180240217e-05,7.297261023988618e-05,0.6402896489895683,2.0135453918877728e-05,-3.912204670704547e-05,4.399967094271837e-05,-1.095471403332535,0.058039756254560634,0.9845968297264438,0.4521686977153347,1.5151993162960522,0.31767464240469534,False,0.4847284600642023,False,0.4847284600642023,False
normal,N0131,1,1.6000000000000227,81.52829104449077,9.306478337406514e-06,-1.1027643102678915e-06,9.371586214116441e-06,-0.11794430244351069,-1.7454356047640416e-05,-3.592427570174863e-05,3.9940056706682936e-05,-2.023072303454305,1.9943619509112644,0.2263628782933649,0.5489711029375409,0.587598416174282,0.955269642049721,False,0.28178505048920743,False,0.955269642049721,False
normal,N0131,2,1.599999999999909,83.6030471460756,-9.49997254071398e-05,-0.00011546583940017746,0.00014952360313950282,-2.259257168463753,7.430105747862787e-05,-1.970843496426069e-05,7.687047255730159e-05,-0.2592803110019448,0.7754098415903127,1.9149499877268774,0.10577096807923604,2.351390408626642,0.617847868495603,False,0.7522349301011874,False,0.7522349301011874,False
normal,N0133,1,1.6999999999999318,187.21964123394793,-6.300914024022086e-05,7.536340927799325e-05,9.823337117199094e-05,2.2671479395108816,-1.1302956267242034e-05,-1.702108097764983e-05,2.0432180941517205e-05,-2.15698958412053,0.35530157044862554,2.611455120247757,1.2192396717743406,0.4536811355080572,0.8425713413185654,False,0.6258316888283756,False,0.8425713413185654,False
normal,N0136,1,1.7000000000000455,122.72400317292824,2.3170456924831135e-05,-4.3138762363774946e-05,4.896756980271434e-05,-1.0778997701423807,-6.829760093190686e-05,-4.0744418924817106e-05,7.952779367350132e-05,-2.6036977425106222,0.34088616734021426,0.7335925894055051,0.13975570333408405,0.006972977117964962,0.23668953268402887,False,0.0717361400434772,False,0.23668953268402887,False
normal,N0137,1,1.7000000000000455,83.99559482790232,-3.943399433419563e-05,-0.00011881291885240021,0.00012518605990834766,-1.891256225128553,0.00014923128712597555,-0.00014293113486764516,0.00020663805644611626,-0.7638376356500738,0.5977566918716719,1.5469490443916774,1.0946178723176418,1.8468330839785134,0.4991144290317765,False,0.5908216477954193,False,0.5908216477954193,False
normal,N0138,1,1.599999999999909,88.49692723234921,-0.00014034557883145474,-1.388704300742164e-05,0.0001410309592289085,-3.0429647854395796,9.740524865448075e-05,-7.91042351301456e-05,0.00012548012783292255,-0.6820844297185351,0.7169350163681087,2.698657604702704,0.5957965342842316,1.928586289910052,0.8707067336229698,False,0.6169753723848539,False,0.8707067336229698,False
normal,N0138,2,1.7000000000000455,89.14234917626091,0.00014021029132209564,-7.479735314724281e-06,0.00014040965861722356,-0.05329603071681849,2.4760154123694964e-05,8.694428977846958e-05,9.040118780918546e-05,1.293358959829487,0.7125198639192196,0.29101115002005706,0.26790654209725884,2.3791556277215125,0.341286392396539,False,0.7611173205236577,False,0.7611173205236577,False
normal,N0139,1,1.599999999999909,86.8229704827571,-2.984663791567466e-06,-5.17705085086593e-05,5.185647278010585e-05,-1.628384396056992,-7.3273199596134e-05,-9.689622505877492e-05,0.00012148185135935184,-2.218255441592224,0.28356464318401403,1.2840772153201163,0.563414012568788,0.392415278036363,0.4143003083913741,False,0.2891985482086221,False,0.4143003083913741,False
normal,N0145,1,1.599999999999909,151.98673635102557,4.220424137092931e-05,5.829882229940288e-05,7.197187416757338e-05,0.9441901251148354,-2.1062202445361994e-06,1.067525753397652e-05,1.0881051747658247e-05,1.76559366258596,0.044230994032245737,1.2884973058517109,1.8493278791165721,1.9069209249650394,0.41572642579966473,False,0.9492538805767554,False,0.9492538805767554,False
normal,N0145,2,1.7000000000000455,153.9358835838171,-9.127275590283049e-05,-9.858093595866522e-05,0.00013434625750122009,-2.31771973885709,-4.6943750934075163e-05,-3.080853715651201e-05,5.615052727699593e-05,-2.560810979011197,0.668376059782365,1.9734125581202144,0.2083147863013614,0.04985974061739018,0.6367104887915902,False,0.10692729045568025,False,0.6367104887915902,False
normal,N0146,1,1.699999999999818,84.26495137920959,6.415849163562361e-05,-5.772248959668488e-05,8.630294232642234e-05,-0.7326415327983733,-6.14431591479716e-05,-1.1809790886285622e-05,6.256782693094559e-05,-2.95170169484498,0.22581927726177328,0.38833435206149775,0.1000996605757105,0.3410309752163929,0.1252938996958484,False,0.10909945488553544,False,0.1252938996958484,False
normal,N0152,1,1.7000000000000455,82.93738405248651,0.00014550336033237384,7.1605417630427145e-06,0.00014567944682196215,0.049172538463853874,0.00024811634847699037,1.892845090465629e-05,0.0002488373135910395,0.07614112422640548,0.7493642190648921,0.39347971920072944,1.2804484521207233,2.6868118438549926,0.3589342892266392,False,0.8595398331737512,False,0.8595398331737512,False
normal,N0152,2,1.7000000000000455,83.07224433824805,0.0001099277364331222,0.00012757713725728564,0.00016840437401704946,0.8595735675715771,-0.0001583733096452909,-2.8288378714358607e-05,0.00016087988556152743,-2.964838329737982,0.8943236553836669,1.2038807483084526,0.8443071645933211,0.3541676101093949,0.4283676981325267,False,0.4333800736145434,False,0.4333800736145434,False
normal,N0154,1,1.699999999999818,88.08665427436496,0.00017421243159730938,-4.231254143532838e-05,0.00017927722243989497,-0.23826539930719257,3.220587894107694e-05,-3.342440630459704e-05,4.641561779382118e-05,-0.8039625711619776,0.9568889160913857,0.10604178142968299,0.3987148612315676,1.8067081484666097,0.45833552527328286,False,0.5779852519551639,False,0.5779852519551639,False
normal,N0155,1,1.7000000000000455,183.63514294355005,-3.103034707001652e-05,-1.2665985770384839e-05,3.3515811713596823e-05,-2.7540539863546556,-0.00011241628853005835,-9.6227747999549e-06,0.00011282738905834866,-3.0562013386193643,0.7200270772328999,2.40974680561778,0.48950825349575494,0.44553061899077706,0.7774912854159532,False,0.2512629666444915,False,0.7774912854159532,False
normal,N0158,1,1.599999999999909,114.95809555270888,-4.786408321603311e-05,-4.8819296253865774e-05,6.836880976610647e-05,-2.346315005577089,-4.454228672465263e-05,9.93005671183382e-06,4.563574621896087e-05,2.922244104061409,0.007127688313302307,2.002007824840214,0.41565953611059886,0.7502704834895904,0.6459365911468725,False,0.24001954870370026,False,0.6459365911468725,False
normal,N0158,2,1.7000000000000455,114.37328335389229,-7.720603215601844e-05,-1.1542274804029088e-05,7.806404747979621e-05,-2.993192081476812,-1.2955685140388954e-05,-5.004996296301117e-05,5.169959932200331e-05,-1.8240916245780643,0.1254851981012697,2.6488849007399367,0.29090082498959324,0.7865790950505229,0.854647849970785,False,0.2516350617122617,False,0.854647849970785,False
normal,N0159,1,1.599999999999909,84.52251850999204,0.00014233348980454398,-1.98731666526935e-05,0.00014371417839846546,-0.13872711918858738,1.715375305228294e-05,3.273586375012926e-06,1.746332189285236e-05,0.18857053712210764,0.7357820358336808,0.20558006154828817,1.3762480288582053,2.799241256750695,0.3524286259454055,False,0.8955072043260015,False,0.8955072043260015,False
normal,N0159,2,1.7000000000000455,86.68543341593613,-3.684266399441394e-05,-2.1854430306342148e-05,4.2836876802820854e-05,-2.6062009654307867,-0.00010121753457111145,1.9986138120284017e-05,0.00010317187127127825,2.946643217033305,0.4746450634943476,2.2618937846939113,0.4000453846280976,0.7258713705176947,0.729787337838249,False,0.23221401161653288,False,0.729787337838249,False
normal,N0160,1,1.599999999999909,172.6346782658899,-2.2846607373198846e-05,-1.7285966168644548e-05,2.8649120315441237e-05,-2.4938747008690694,-2.1058208322280278e-05,1.0430140452387981e-05,2.349970143642456e-05,2.681711732501149,0.8769216529259883,2.149567520132194,1.0793631169683515,0.9908028550498503,0.6935458988553378,False,0.5540335161242899,False,0.6935458988553378,False
normal,N0164,1,1.6000000000001364,82.19823872739043,-2.8206517170913436e-05,-0.00035930331763668133,0.0003604087702534983,-1.6491390127976795,0.00021338129681654496,-0.0001579427784672357,0.0002654759859216286,-0.6371933201058583,1.655194436991049,1.3048318320608039,1.3451735160935014,1.973477399522729,0.792813459274364,False,0.6904731143786239,False,0.792813459274364,False
normal,N0166,1,1.7000000000000455,138.38377586975653,5.183765723850467e-05,2.177379652542211e-05,5.6224913722541005e-05,0.3976604677295698,3.6351660973479974e-05,-1.677539848625876e-05,4.0035699692944045e-05,-0.4323558141726502,0.20268444487189063,0.7419676484664454,0.5465793023777095,2.178314905455937,0.23939169849644734,False,0.6968662263112096,False,0.6968662263112096,False
normal,N0169,1,1.7000000000000455,84.29451519031232,-2.4635603821247126e-05,0.00011776689390882646,0.00012031605992788425,1.7770121781431345,-3.744198339791329e-05,7.644618705897177e-06,3.821442549519968e-05,2.94018843186916,0.558077695368478,2.12131935888001,0.5931377744979954,0.7323261556818397,0.6844317881315901,False,0.3044556568453655,False,0.6844317881315901,False
normal,N0170,1,1.7000000000000455,171.52103740617423,1.0568432891951939e-05,2.8771795406724246e-05,3.0651394498751444e-05,1.2187764527288956,4.085582557991378e-05,-1.3360467231910355e-05,4.2984887675452716e-05,-0.3160533042020418,0.809366234513843,1.5630836334657712,0.4755022479818324,2.2946174154265453,0.5043201636631621,False,0.7340726426244542,False,0.7340726426244542,False
normal,N0175,1,1.7000000000000455,138.8890084321406,4.22338390136121e-05,-8.519557015588512e-05,9.508933868743671e-05,-1.110572065735162,-6.136001781929198e-05,4.0214705328660046e-06,6.149165806864e-05,3.076147310002678,0.32277244144897616,0.7662648849982866,0.11744933504407028,0.5963672775483213,0.2472310655283516,False,0.19078426776573096,False,0.2472310655283516,False
normal,N0175,2,1.599999999999909,137.69177778062402,5.913993263353567e-05,-7.245542047535597e-05,9.352710616799695e-05,-0.8862400355842236,-4.468100659820476e-05,3.1673825235122214e-05,5.4768819191706895e-05,2.5249265246451404,0.30620688451400424,0.5419328548473481,0.23322981833588474,1.1475880629058592,0.17485159475764178,False,0.3671256900248823,False,0.3671256900248823,False
normal,N0176,1,1.699999999999818,161.1649900767106,-2.7036885993364964e-05,5.571714887667046e-06,2.7605021481746125e-05,2.9383594863512004,3.6023716738697836e-05,-1.9166011466906344e-06,3.607466600850844e-05,-0.05315375466700898,0.91404669585415,3.000518640091511,0.6507600016745348,2.5575169649615783,0.9681005029078992,False,0.8181770191425266,False,0.9681005029078992,False
normal,N0177,1,1.599999999999909,83.02578665001707,-0.00017281415440836416,6.343630573347003e-05,0.00018408937190665903,2.7897851611544513,-0.00023956061600710458,5.031522032636743e-05,0.00024478747953723924,2.9345705107019144,0.9833769360045759,3.1340923418913267,1.2640395319756588,0.7379440768490844,1.0111973082934267,True,0.6488273088185487,False,1.0111973082934267,True
normal,N0184,1,1.7000000000000455,84.9329818878325,0.00017495156854574178,7.92760869940712e-05,0.00019207485339238693,0.425455126426431,-3.474427453744411e-05,-2.465935224749978e-06,3.483167308163577e-05,-3.0707376081332463,1.0258407366782427,0.7697623071633066,0.6858237281762969,0.46006688850465904,0.4913624193837462,False,0.35203105015318414,False,0.4913624193837462,False
normal,N0189,1,1.7000000000000455,137.60071526780325,-2.339443043911787e-05,2.4359464922168023e-05,3.377399749607765e-05,2.3359887427885826,-2.3409643162462073e-05,-1.9474626990390183e-05,3.0451149229686575e-05,-2.4476972188545556,0.7123531948173611,2.680295923525458,0.8202271079420757,0.1629735007740316,0.8647824402210182,False,0.4210198602208956,False,0.8647824402210182,False
normal,N0193,1,1.6000000000001364,174.193871186314,2.3624689374676287e-05,-3.2475993674759856e-05,4.015988188743818e-05,-0.9418835449074159,-1.673827837193503e-06,-1.3043777543364816e-05,1.3150735045211434e-05,-1.6984226915904488,0.5391758667685335,0.5975763641705403,1.6598731456812679,0.9122480280381384,0.2582572020161558,False,0.8520073928457601,False,0.8520073928457601,False
normal,N0193,2,1.699999999999818,180.04133252475617,-1.6725373028074063e-06,-1.6052850482413317e-05,1.613974564979262e-05,-1.6746111837928646,-9.120325633725642e-05,-1.78240474442509e-05,9.292863193770911e-05,-2.94859310136082,1.450759460318576,1.330304003055989,0.29548093503548295,0.33792238173223277,0.6948921532149879,False,0.15166938615172412,False,0.6948921532149879,False
normal,N0198,1,1.699999999999818,168.06490549132815,-2.261663219965149e-05,3.9781197737064594e-05,4.57608538540284e-05,2.0877513655191478,-8.516700683476427e-05,1.3534180880023094e-05,8.623568348013463e-05,2.983997022177421,0.4086153978506369,2.432058546256023,0.2207331893353469,0.6885175653735784,0.7846900433386751,False,0.2202641300066946,False,0.7846900433386751,False
normal,N0199,1,1.6000000000001364,126.42288142598854,8.357025407292743e-05,-1.6248232678305237e-05,8.51351421622234e-05,-0.19203027305181752,-2.6266689105170372e-05,-3.268330581635936e-05,4.193014948260196e-05,-2.2477728691204777,0.21219548746357586,0.15227690768505803,0.5003457256816646,0.3628978505081095,0.10163847503271743,False,0.2568258052542851,False,0.2568258052542851,False
normal,N0199,2,1.7000000000000455,127.38836566229715,4.9080238532669004e-05,1.2266108325796755e-05,5.05897937126044e-05,0.24490289030919465,9.444116961233359e-05,4.5574707407938963e-05,0.00010486271250098772,0.4496086258257378,0.3082945555677997,0.5892100710460701,0.4163011284207913,3.060279345454325,0.19010532328527804,False,0.9790160796234944,False,0.9790160796234944,False
normal,N0203,1,1.7000000000000455,95.02654449585071,-0.0001533892125287587,-0.00013212145671103844,0.0002024458689221381,-2.4305474014787194,-8.595663400518483e-05,7.452406839351066e-05,0.0001137645801619377,2.42731384457849,1.078428115788382,2.086240220741844,0.49778035989645303,1.2452007429725092,0.6731137010451195,False,0.3983530299415286,False,0.6731137010451195,False
normal,N0203,2,1.7000000000000455,97.98785751280369,0.00010619678429140324,-6.570135613874364e-05,0.00012487764088220458,-0.554038478830155,4.373378162549591e-05,-0.00010647184864524268,0.00011510385835931838,-1.1810534210849863,0.595289966960471,0.20973129809327942,0.5094839698965109,1.4296172985436009,0.28513501944533487,False,0.4573498576399735,False,0.4573498576399735,False
normal,N0204,1,1.6000000000001364,174.79937640618738,-4.1540717805408524e-07,-1.4315299677474035e-05,1.4321325636248452e-05,-1.5998065917518511,2.0566893801903105e-05,-1.4376871336361839e-05,2.509365557428935e-05,-0.6100745160150981,1.5702946265607103,1.2554994110149755,1.0137357876853117,2.000596203613489,0.7521477157854143,False,0.6400121136263626,False,0.7521477157854143,False
normal,N0205,1,1.599999999999909,95.22230793333772,7.361106060770554e-06,-1.0463046884278123e-05,1.2793014990240382e-05,-0.9577026884686984,1.9279917711756573e-05,-2.5377004401036353e-05,3.1870167544936493e-05,-0.9210908955085686,1.6831450297431105,0.6133955077318229,0.7746804588293774,1.6895798241200186,0.8062013765083141,False,0.540514648794378,False,0.8062013765083141,False
normal,N0210,1,1.599999999999909,82.85581134722516,-1.0597203142836825e-05,-0.00011907640045958832,0.00011954701945620727,-1.6595574776525752,4.482475004681838e-05,-4.434135562648325e-05,6.305088449462071e-05,-0.7799769365638887,0.5516653446026141,1.3152502969156996,0.09240876912230225,1.8306937830646985,0.4243581282517942,False,0.5856585128901118,False,0.5856585128901118,False
normal,N0212,1,1.7000000000000455,182.9475876252492,3.8075294093445205e-05,-2.827045666981179e-05,4.742306127425821e-05,-0.6386761986788838,-8.998261380896861e-05,-1.8352339817981936e-06,9.000132705500478e-05,-3.1212000521966803,0.3729357697519135,0.29436901794200826,0.26347355062962224,0.5105293325680931,0.17863067389330597,False,0.1633237914852546,False,0.17863067389330597,False
normal,N0216,1,1.699999999999818,183.22130355214568,1.2510158082166723e-05,7.058111882005905e-05,7.168122759225107e-05,1.395373098506298,-6.089863044091941e-05,4.4849661329754065e-05,7.563157615026488e-05,2.506810886510269,0.04018448248033971,1.7396802792431736,0.08952300739280719,1.1657037010407303,0.5612980805154758,False,0.3729210763359468,False,0.5612980805154758,False
normal,N0217,1,1.7000000000000455,101.36834502480232,-9.145212393820245e-05,-2.9183602959046227e-07,9.145258958103106e-05,-3.1384015299022567,2.987144971790964e-05,-3.2818704346881994e-06,3.005119268514453e-05,-0.10942758134651341,0.28377627627803087,2.7940943491653814,0.8334484922669053,2.501243138282074,0.901498863715317,False,0.8001744203722495,False,0.901498863715317,False
normal,N0221,1,1.6000000000001364,179.20925732763533,7.213316495897407e-05,1.8349408438516961e-06,7.215650001835594e-05,0.025432756198110126,5.888370811061739e-05,3.911695309326855e-05,7.06924826283344e-05,0.5863683115308109,0.04679295936694979,0.3697399369349857,0.02198837789028467,3.0861462760201888,0.11929451599106808,False,0.9872911872512019,False,0.9872911872512019,False
normal,N0222,1,1.7000000000000455,115.17556126639296,8.240075570530788e-05,8.191290607496671e-06,8.280689453555359e-05,0.09908243493531076,-7.634641479503489e-05,-2.9243647830969266e-05,8.175552574913377e-05,-2.7757928616309906,0.18446691134026685,0.4433896156721863,0.16738253722771412,0.16512214200240338,0.1430571715772752,False,0.085916902458688,False,0.1430571715772752,False
normal,N0222,2,1.699999999999818,115.18807673350094,7.085672768781982e-05,5.699227087722235e-05,9.093291372417656e-05,0.6773762928620569,-3.524451850884531e-05,-1.874264811650634e-05,3.991820315770135e-05,-2.652838414790404,0.278077607819162,1.0216834735989324,0.5495184113566551,0.04216769516181662,0.3296404399519578,False,0.28206598208959227,False,0.3296404399519578,False
normal,N0227,1,1.7000000000000455,176.83632608087947,-7.908958802774667e-05,2.1722256654278427e-05,8.201840871751312e-05,2.873548321588462,-0.00010112036614178236,-1.7896879291144262e-05,0.00010269190200307867,-2.9664207473383533,0.1748993048177874,3.065329804854249,0.3953823968125664,0.35575002770976605,0.9890114615543485,False,0.20294847588917414,False,0.9890114615543485,False
normal,N0228,1,1.7000000000000455,173.32609396168394,3.207611081292649e-05,5.1873713443581187e-05,6.098982727725924e-05,1.0169933308594081,0.00010082362066718938,4.734233815162574e-05,0.00011138536468542074,0.4389971762571143,0.12133732528237597,1.3613005115962837,0.476645075828961,3.0496678958857015,0.43921597162447545,False,0.9756213634609886,False,0.9756213634609886,False
normal,N0228,2,1.7000000000000455,176.05870096009966,2.6157341019921425e-05,-5.503246724519242e-05,6.0932577003813326e-05,-1.1270971783485786,7.240597424860683e-05,4.00891175647725e-05,8.27632917059977e-05,0.5056575781651417,0.12227645172188582,0.782789997611703,0.17963376252843652,3.116328297793729,0.25256280038841905,False,0.9969467386882735,False,0.9969467386882735,False
normal,N0229,1,1.7000000000000455,139.92173370795277,-1.6730681252830543e-05,3.92571977340915e-05,4.267368356630787e-05,1.9736670704900983,1.304347596269333e-05,2.144289250219973e-05,2.50984044124373e-05,1.0243042442810046,0.47846198224964415,2.317974251226974,1.013546561023798,2.648210343269995,0.7478813856900269,False,0.8471908004534398,False,0.8471908004534398,False
normal,N0233,1,1.699999999999818,83.15650476058131,3.077483647923124e-05,0.0001500365830763445,0.00015316026515238294,1.3684868411632345,3.0501733962763116e-05,0.00014274410032396768,0.00014596655079857895,1.3602810175405822,0.7994404383500894,1.71279402190011,0.7470266224330495,2.3122335700104166,0.5526233804461781,False,0.739708238807646,False,0.739708238807646,False
normal,N0233,2,1.6000000000001364,81.2123533025827,-2.8767838559111066e-05,-0.00015853059602447404,0.0001611196400543337,-1.7503084380262337,-9.484253031889372e-05,-1.347424636314975e-05,9.579488959409645e-05,-3.0004674137417613,0.8501027751537585,1.406001257289358,0.32585847370515914,0.3897966941131741,0.4536384164003905,False,0.1672620762258799,False,0.4536384164003905,False
normal,N0235,1,1.7000000000000455,179.04561452494062,0.00010578216714961254,3.3987270486770574e-05,0.00011110806200276141,0.31087711884613634,0.00012375643238913842,4.3181668718948826e-05,0.00013107368565444565,0.3357164946171326,0.4784588422961718,0.6551842995830119,0.6394087828478517,2.94638721424572,0.2291746524781769,False,0.9425807692452322,False,0.9425807692452322,False
normal,N0235,2,1.599999999999909,175.18781047198445,-4.228802813634198e-05,9.012002735709291e-05,9.954846384803347e-05,2.0095355088780003,-3.628111587237521e-05,1.527588846283478e-05,3.9365875289058233e-05,2.743078890321032,0.3686001834792169,2.3538426896148756,0.5634515187561262,0.9294356972299671,0.759454136073204,False,0.29733641600914834,False,0.759454136073204,False
normal,N0241,1,1.7000000000000455,176.3296827720749,5.933116427575173e-05,-2.287360968029445e-06,5.9375239574373963e-05,-0.03853335389428343,1.1049681914933441e-05,1.8371645386422707e-05,2.143858261699392e-05,1.0293091017286318,0.1481671118727808,0.30577382684259213,1.1711586043783315,2.6432054858223677,0.09865620949228905,False,0.8455896930497224,False,0.8455896930497224,False
normal,N0245,1,1.599999999999909,82.16475198958369,2.2472165662634002e-05,-1.7979849399386909e-06,2.25439787839927e-05,-0.07983934576203565,5.9360755991189464e-05,-2.5340092709197495e-05,6.454316114319362e-05,-0.40346441398143135,1.1165763675779823,0.2644678349748399,0.06901669524357851,2.207206305647156,0.5348234338756971,False,0.7061088941062443,False,0.7061088941062443,False
normal,N0245,2,1.7000000000000455,83.66916622477675,-3.694245476714836e-05,-6.908611570122702e-05,7.83430682760519e-05,-2.0618407991811107,-6.945559357705733e-05,3.890715511535043e-05,7.961059099335532e-05,2.6309725666826997,0.1290530803849996,1.7175336184442351,0.14079627348260917,1.041542020868299,0.5541525846766201,False,0.3332004274538645,False,0.5541525846766201,False
normal,N0246,1,1.7000000000000455,113.60722380939082,7.301793782816756e-05,-3.748363989017393e-05,8.207705223809138e-05,-0.47426919678556084,1.3520805934519314e-05,-2.9603059748767858e-05,3.254463611116357e-05,-1.1423542421971853,0.17561405368431407,0.1299620160486853,0.7537382791676823,1.468316477431402,0.08411651361743178,False,0.4697301386936165,False,0.4697301386936165,False
normal,N0253,1,1.7000000000000455,150.23916510178495,3.295031177658016e-05,-8.633627846860752e-05,9.24103675243356e-05,-1.206207584978728,4.1532552120747255e-05,3.882119421284494e-05,5.6851015872840946e-05,0.7516681917863343,0.2941947598207062,0.8619004042418523,0.19591676877660436,2.920846395764665,0.2780873291884002,False,0.934409988359873,False,0.934409988359873,False
normal,N0257,1,1.7000000000000455,83.62486502249278,-0.0001403831711402124,3.9245214284555054e-05,0.00014576563924197913,2.868994024363969,-3.629025116468823e-05,-2.2436018579102778e-05,4.2665644953264215e-05,-2.5878705590461695,0.7499557021679525,3.0698841020787424,0.48295682376351246,0.02280016058241774,0.9904808799990509,False,0.24790013944284464,False,0.9904808799990509,False
normal,N0258,1,1.7000000000000455,142.49139226204693,2.5224545563412373e-05,-9.364893006020834e-06,2.6906856373327686e-05,-0.35548872452107216,-2.9578787391496954e-05,-7.124562207486013e-05,7.71417093950165e-05,-1.9643084197467355,0.9396632509357868,0.011181543784196613,0.10929324938424033,0.6463622998818517,0.45008468846818905,False,0.2067782098999238,False,0.45008468846818905,False
normal,N0259,1,1.7000000000000455,182.36612915191287,4.0877250332344076e-05,-0.00010906637730504489,0.00011647499411109465,-1.2122076662014794,-0.00011994399069733795,-4.872446061548461e-05,0.0001294628671344529,-2.7557299186352635,0.5256321897306919,0.8679004854646037,0.6270432317129758,0.1450591990066763,0.28002322172765026,False,0.32185921583427995,False,0.32185921583427995,False
normal,N0264,1,1.7000000000000455,162.75851813374055,-2.522093868570298e-05,3.5762605259052886e-05,4.376139489439095e-05,2.185025170793828,-0.0001009337302570058,-8.88762151668808e-05,0.00013448642877994678,-2.419633397913104,0.45329236952700186,2.5293323515307033,0.6651124243638857,0.19103732171548327,0.8160748907940174,False,0.3414000064438733,False,0.8160748907940174,False
normal,N0264,2,1.699999999999818,166.11841433113707,3.14045865811131e-05,-1.0350624062553882e-05,3.3066349614297444e-05,-0.31837738809608257,-9.509099986135216e-06,-2.6579623200974513e-05,2.8229405804091932e-05,-1.914366622968867,0.733528258456628,0.02592979264079298,0.8959866466755431,0.6963040966597203,0.3513491001816627,False,0.45990698075022163,False,0.45990698075022163,False
normal,N0266,1,1.7000000000000455,82.61751740735276,7.526673729642332e-05,-7.013856196244268e-05,0.00010288099735815265,-0.75014462909025,7.934487101277036e-05,-5.679248353866298e-05,9.757558476648998e-05,-0.6212300107277158,0.40152853854726717,0.4058374483533745,0.3442764405337239,1.9894407089008714,0.1923261838782752,False,0.6364433516059836,False,0.6364433516059836,False
normal,N0271,1,1.6000000000003638,149.35862825869523,8.572277277945682e-05,2.3595423551454716e-06,8.575524014964981e-05,0.027518320447559405,-2.5901578958572495e-05,-9.83942574545238e-06,2.770750965979145e-05,-2.778552735369063,0.21945277945862746,0.37182550118443497,0.9146473563650457,0.16788201574047568,0.11996741159376861,False,0.46948546128204516,False,0.46948546128204516,False
normal,N0271,2,1.699999999999818,149.74169998993202,4.045619566472265e-05,2.592315721114082e-06,4.053916462459802e-05,0.06398961853512512,0.00011726853619787934,5.916842517349651e-05,0.00013134996048535754,0.46728495813650717,0.5297758667205923,0.40829679927200063,0.6415143471515264,3.0779556777650945,0.2537547421306966,False,0.9846709273048724,False,0.9846709273048724,False
normal,N0272,1,1.699999999999818,84.53483058423255,-2.9154081978296495e-05,1.1537689926581253e-05,3.1354087211066546e-05,2.7647565577554207,-4.878843152325824e-05,1.8211651010092807e-05,5.207662895208438e-05,2.784332484386338,0.7866997619647621,3.109063738492296,0.2836345890132589,0.8881821031646615,1.0031219698456226,True,0.28413895023133107,False,1.0031219698456226,True
normal,N0274,1,1.699999999999818,84.74435993431166,7.045550165218297e-05,3.33477287719591e-05,7.794901363910198e-05,0.4420735926554683,-9.564846204454007e-05,3.337252855434565e-05,0.00010130327711183107,2.8058908543292196,0.12401052849039122,0.7863807733923439,0.38176789540524464,0.8666237332217792,0.2537213440457122,False,0.2772421972091261,False,0.2772421972091261,False
normal,N0274,2,1.7000000000002728,83.77930157183086,-3.1971185358266946e-05,-7.697547534319407e-05,8.335094779019217e-05,-1.9644586210893071,5.0410541176041344e-05,-7.073359965944446e-05,8.68588785470082e-05,-0.9516097725888218,0.1910155663393722,1.6201514403524315,0.22793385173710318,1.6590609470397655,0.5227327713399276,False,0.5307513337434165,False,0.5307513337434165,False
normal,N0275,1,1.699999999999818,117.84381135286895,-3.196354931960462e-05,-0.0002103372930779255,0.00021275207482996712,-1.7216058176881646,-3.9555347120360176e-05,-1.4323505761630279e-05,4.206885193484179e-05,-2.7941677525208886,1.1280830985402057,1.377298636951289,0.49704324416025053,0.18349703289230135,0.5403349864614366,False,0.25513065241787575,False,0.5403349864614366,False
normal,N0275,2,1.699999999999818,117.33801714264236,4.7420341218056296e-05,0.0001991472430321204,0.0002047152001404178,1.3370325651543697,3.648232562571967e-05,-4.361447525705208e-05,5.6861081022163564e-05,-0.8742080633332153,1.0895753244902504,1.6813397458912454,0.1957397401323931,1.7364626562953718,0.5424748347861328,False,0.5555129680249862,False,0.5555129680249862,False
normal,N0276,1,1.699999999999818,181.77100623374233,7.205130058807912e-05,0.00011094891511162758,0.0001322915404736103,0.9948361986894728,-0.0001259084050159045,1.3859242776272885e-06,0.00012591603249686818,3.130585697323988,0.6529637086388775,1.3391433794263483,0.5992644082307581,0.541928890227011,0.43206709725652387,False,0.30760043766620926,False,0.43206709725652387,False
normal,N0280,1,1.6000000000003638,185.68133678177634,3.3540663050361016e-05,-5.722540805124848e-05,6.633041085723611e-05,-1.0406490414765133,4.863070845122224e-05,-7.566548563924274e-05,8.994560312483444e-05,-0.9995653620998369,0.03739593326504228,0.6963418607396378,0.26285421323635283,1.6111053575287504,0.2246707940988848,False,0.5154098279724336,False,0.5154098279724336,False
normal,N0280,2,1.699999999999818,193.62558393439727,2.5558741832424782e-05,8.554890393103877e-05,8.92852969298901e-05,1.280475911297115,1.9919459368271222e-05,5.6801299331536785e-05,6.0192794147431385e-05,1.233509892304213,0.25979241148667687,1.6247830920339905,0.13879821254252603,2.4390046952467865,0.524227147766156,False,0.7802636770628896,False,0.7802636770628896,False
normal,N0281,1,1.599999999999909,82.7197010997651,4.703443098410543e-06,7.457905460707207e-05,7.472722236952625e-05,1.5078131989565995,-5.658011462668807e-05,-9.381888349582171e-05,0.00010955953756552521,-2.1134760675446507,0.08180003575416037,1.852120379693475,0.4601172569218324,0.4971946520839366,0.5975762480090901,False,0.2361766653634327,False,0.5975762480090901,False
normal,N0285,1,1.7000000000002728,91.06660188786609,8.00113624990656e-05,-4.454285228384948e-05,9.157447143466194e-05,-0.5079776339204729,-2.728313232964076e-06,8.471859626898216e-05,8.476251675642933e-05,1.6029896201126674,0.28510812163072297,0.16367045318359735,0.20350256173594006,2.069524967438332,0.13656253979936012,False,0.6620631620815726,False,0.6620631620815726,False
normal,N0285,2,1.599999999999909,90.44263676849772,0.00021542855200861095,-9.213717105041767e-05,0.0002343047573347599,-0.4041489875974812,-0.0003431745078905735,7.276182195817964e-05,0.00035080340021244246,2.9326610934308395,1.2245782280363247,0.05984180686060564,1.6238750802810253,0.7398534941201602,0.5865547149170365,False,0.8335297050001846,False,0.8335297050001846,False
normal,N0287,1,1.599999999999909,93.17648070924567,-1.565727620389827e-05,-4.026807383427791e-05,4.320495421184955e-05,-1.9416330329897997,8.652327415173273e-05,-1.003679954161942e-06,8.652909535749398e-05,-0.011599595003189685,0.46608923334824237,1.5973258522529241,0.22412985569334154,2.5990711246253975,0.5153682234170965,False,0.8314706390686125,False,0.8314706390686125,False
normal,N0287,2,1.7000000000002728,93.22652732673535,-2.389925578136011e-05,4.1290419431174585e-05,4.770820855686362e-05,2.095488267166669,-5.8681910204483524e-05,4.345135277268604e-05,7.301771458367811e-05,2.5042279559280156,0.3669409348025653,2.439795447903544,0.05435121517652643,1.1682866316229836,0.7871863112424419,False,0.37374738344295433,False,0.7871863112424419,False
normal,N0293,1,1.699999999999818,109.23114823608702,-4.016176992377131e-05,-6.002211626661549e-05,7.221926477424877e-05,-2.1604928394973433,-8.234716610225953e-05,-1.7814907786349044e-05,8.42521614233679e-05,-2.9285369579729936,0.04766242328379954,1.8161856587604677,0.1974633598908009,0.3178662383444064,0.5859821119346551,False,0.10168880790926889,False,0.5859821119346551,False
normal,N0293,2,1.599999999999909,105.10891562998899,2.3284973845824544e-05,5.675573590894017e-06,2.3966688185612687e-05,0.2390820890873246,1.9015806194863248e-05,1.1700780262013611e-05,2.232731833383774e-05,0.5516071374820479,1.055379510345448,0.5833892698242001,1.130539864858467,3.1209074500689513,0.5055110515990598,False,0.998411658456185,False,0.998411658456185,False
normal,N0294,1,1.699999999999818,83.41221306538552,-2.924195685805137e-05,-1.7986798993974845e-06,2.9297223251848185e-05,-3.080159808905354,-8.075292880854639e-05,0.00022938592542014842,0.00024318498780150075,1.90928700255685,0.8545516498947731,2.7358526281684785,1.2574715487504964,1.763227584994149,0.8827074992378733,False,0.6454559847637646,False,0.8827074992378733,False
normal,N0298,1,1.699999999999818,150.5102199477658,3.2888345223653662e-06,5.312253675559358e-05,5.3224245827112414e-05,1.5089648999565795,-1.9162351141266414e-05,3.7288697629950238e-06,1.952178708444933e-05,2.9494009755513795,0.2575303660542104,1.853272080693455,1.2648196962818612,0.7231136119996198,0.5979478378743829,False,0.6492277645752119,False,0.6492277645752119,False
normal,N0300,1,1.699999999999818,149.41625640126568,-0.0001224219041366507,-1.891094978749751e-05,0.00012387391426086668,-2.9883304639893673,-6.790104140686377e-06,-7.4678098376587e-05,7.498615799855713e-05,-1.6614719667077218,0.5872198098899253,2.644023283252492,0.08095267406107909,0.9491987529208654,0.853079276367657,False,0.3036588288086935,False,0.853079276367657,False
normal,N0303,1,1.599999999999909,179.39030553036199,-0.00011946210077227688,0.0001752089238699226,0.00021205980412275678,2.169220951041472,2.6354172867235655e-05,0.00012413600846283913,0.0001269026832836966,1.36160154307335,1.1248239085267295,2.5135281317783473,0.6070696514859406,2.31091304447765,0.8109757479705433,False,0.7392857885721626,False,0.8109757479705433,False
normal,N0303,2,1.7000000000002728,190.88059320339383,-8.063098485120832e-05,-5.899803828803128e-05,9.991058122096874e-05,-2.5099039845970377,-4.5862384754963725e-05,1.2263424867677963e-05,4.7473676125801666e-05,2.8803093377076565,0.3722311821840364,2.1655968038601623,0.3761754840970956,0.7922052498433428,0.6987176573076787,False,0.2534349287789081,False,0.6987176573076787,False
normal,N0306,1,1.599999999999909,80.22073945096838,-7.518687357627785e-05,-5.9199277171398335e-05,9.56954564009767e-05,-2.4746055373313536,8.749023581430248e-05,7.973649969761431e-06,8.785283408452191e-05,0.09088651694047953,0.3291264042595701,2.130298356594478,0.23931221023233984,2.7015572365690668,0.6873288113617876,False,0.8642570419438866,False,0.8642570419438866,False
normal,N0309,1,1.7000000000002728,97.55659814785712,3.957720391485406e-05,-1.8998240076959628e-05,4.3900890603036e-05,-0.447544252081565,-5.606200514417642e-05,0.00017076377181225508,0.00017973094943368433,1.8880114300711368,0.4501097962592786,0.10323707134468946,0.955110137110784,1.7845031574798622,0.2155958820610316,False,0.5708816379480925,False,0.5708816379480925,False
normal,N0310,1,1.7000000000002728,189.32900116973644,-4.170662263658884e-05,0.00012164428165851543,0.00012859538728884117,1.9010937682941549,-3.77520621433158e-05,4.917252952804395e-05,6.199319201540707e-05,2.2255591037187057,0.6246265242667134,2.2454009490310303,0.10932628681485057,1.4469554838322936,0.7244660169551614,False,0.46289652847390733,False,0.7244660169551614,False
normal,N0322,1,1.7000000000002728,181.1975671583891,-1.7402499973223647e-05,3.0445314331009586e-05,3.5067993527318137e-05,2.09007062993977,1.970258597912994e-05,6.408621905783473e-05,6.704651644488166e-05,1.2725290557778488,0.6747555483311188,2.4343778106766454,0.03096420705336694,2.39998553177315,0.7854383409902812,False,0.7677810295193279,False,0.7854383409902812,False
normal,N0324,1,1.699999999999818,98.09517052144109,0.00015721095870528938,-5.0828054220354986e-06,0.0001572931036250302,-0.0323198557746205,4.897188698938418e-05,6.302696662930691e-05,7.981631561148875e-05,0.910238609789899,0.826066547282031,0.31198732496225506,0.14337707661202095,2.7622759777611003,0.3956735609455402,False,0.8836816163866728,False,0.8836816163866728,False
normal,N0324,2,1.699999999999818,99.39238605784935,-0.00015457021085734117,0.0001567840298175342,0.00022016626010882857,2.3490843199596116,-5.8996745978910726e-05,2.5365811946238626e-05,6.421869238618972e-05,2.7355344903123986,1.1623385672450393,2.693391500696487,0.07405653320585248,0.9369800972386007,0.8690076547141886,False,0.2997499502280212,False,0.8690076547141886,False
normal,N0328,1,1.6000000000003638,153.17240605606887,-4.763407080644087e-05,2.3683019059914286e-07,4.7634659546722926e-05,3.136620829112448,-2.6026489837751013e-05,4.9060811278141e-06,2.6484859926139887e-05,2.9552755836227838,0.3684837669965203,2.802257297330263,0.9597775918182692,0.7172390039282156,0.9041325931373051,False,0.4926506617957474,False,0.9041325931373051,False
normal,N0328,2,1.699999999999818,159.33692186385028,0.00017089982044228824,-1.4680689771268188e-05,0.000171529214069693,-0.08569194606807164,3.643634386840696e-05,-7.126386571425226e-06,3.712670925441935e-05,-0.1931463695364806,0.9127091763603296,0.25861523466880393,0.6220142122375932,2.4175243500921066,0.43717408858449514,False,0.7733918850045824,False,0.7733918850045824,False
normal,N0329,1,1.699999999999818,149.95052038391873,-4.6928372666366416e-05,1.822716404325804e-05,5.0343834480234075e-05,2.7711226910148143,9.27156361987645e-05,-1.3156876052170725e-05,9.36445010835865e-05,-0.14096450393357315,0.3131682476910981,3.1154298717516897,0.3031548443456684,2.4697062156950143,1.0051759670205276,True,0.7900854216798804,False,1.0051759670205276,True
normal,N0330,1,1.699999999999818,83.76954723907507,-5.1142990903964675e-06,-4.5686541175426537e-05,4.597190554849749e-05,-1.6822754460589548,-9.723113813320754e-05,5.3014114067812736e-05,0.00011074470873623689,2.6424128168269587,0.40401394328561524,1.3379682653220792,0.47087676440721615,1.0301017707240405,0.43168795328450627,False,0.3295405691266237,False,0.43168795328450627,False
normal,N0334,1,1.7000000000002728,190.96747013932253,-7.334098321626779e-05,-1.7987100974940126e-06,7.336303685878673e-05,-3.1170722624939904,-8.534273928757721e-05,-3.872976554466816e-05,9.371967716681668e-05,-2.715571186489353,0.06337581138132432,2.772765081757115,0.30395730388904313,0.10490046686076582,0.8946170952674563,False,0.15602027823435774,False,0.8946170952674563,False
normal,N0335,1,1.699999999999818,90.92654046812552,-5.164146217384377e-05,-0.0001110631094412653,0.00012248205947899067,-2.0060326508713717,0.00011146208001479337,3.0033610307873048e-05,0.00011543748537346688,0.2632004126992741,0.575920148192884,1.6617254701344961,0.5123782641584429,2.8738711323278614,0.536146398771583,False,0.9193820993805574,False,0.9193820993805574,False
normal,N0336,1,1.699999999999818,110.36868780275667,-6.0363233570413e-06,0.00011183044105916119,0.00011199323527408827,1.6247214577106135,1.2874516699103462e-05,6.241445656904746e-05,6.372846749330323e-05,1.3673748475385694,0.4863940530632865,1.969028638447489,0.08171949789469268,2.30513974001243,0.6352960417079541,False,0.7374388467521592,False,0.7374388467521592,False
normal,N0341,1,1.7000000000002728,88.0937715345568,6.37241825653763e-05,7.09752135340632e-05,9.53847596832496e-05,0.8391774624998178,4.758831789314553e-05,4.2910243430988916e-05,6.407758571611296e-05,0.7337518795482094,0.32587439843021077,1.1834846432366934,0.07625623419269012,2.93876270800279,0.3818446794472424,False,0.9401416081856034,False,0.9401416081856034,False
normal,N0347,1,1.699999999999818,108.9136267119356,-1.0542636175169561e-05,0.00012420117969402905,0.00012464782475001514,1.6554768785322946,-9.164890572632006e-05,-4.670591150038517e-05,0.00010286381331602341,-2.670280461032127,0.5934479409793008,1.9997840592691702,0.39705504649866946,0.05960974140353991,0.645219105663226,False,0.20380704143793846,False,0.645219105663226,False
normal,N0348,1,1.599999999999909,181.45560088229766,-1.1843026759825709e-05,-5.853974230128143e-05,5.97256955717921e-05,-1.7704096134970297,2.3982057016233326e-05,-3.0601372308653004e-05,3.8879082369606685e-05,-0.9060785620885968,0.14228206986922917,1.4261024327601541,0.5758944723287702,1.7045921575399903,0.46012394787561706,False,0.5453172547501555,False,0.5453172547501555,False
normal,N0348,2,1.7000000000002728,186.92242429885613,7.445406544935584e-05,9.521504976148063e-07,7.446015345476445e-05,0.012787731480133537,1.624314478573393e-05,4.584586786491303e-05,4.863829101456362e-05,1.2302968156244838,0.07821971677616188,0.35709491221700906,0.3519397535492823,2.442217771926515,0.11521466971876408,False,0.7812915746432819,False,0.7812915746432819,False
normal,N0353,1,1.599999999999909,85.09501987683558,0.0001513379350184993,4.8260103928768513e-05,0.00015884649258601544,0.30869542539607253,0.0001181720246932686,-8.234829958066817e-05,0.0001440342662838741,-0.6086094476929812,0.8358938607311617,0.6530026061329482,0.7337003627569202,2.002061271935606,0.40038069757967626,False,0.6404808046454455,False,0.6404808046454455,False
normal,N0353,2,1.699999999999818,88.10187052149695,-0.00022033924867134578,-2.2035641877417064e-05,0.00022143837521532473,-3.0419162856830653,-4.5246411675155364e-05,-1.3434819082215633e-05,4.71988573299132e-05,-2.852958767433842,1.168099913561467,2.69760910494619,0.38198117138508186,0.24228804780525473,0.8703684410598049,False,0.19606967122442184,False,0.8703684410598049,False
normal,N0354,1,1.7000000000002728,184.44056687875587,-1.3142590435637594e-05,5.3007476959501506e-05,5.461245551127503e-05,1.8138337463364056,-1.0498082233653165e-05,-2.1264615625884565e-05,2.3714839411245404e-05,-2.0293814718013525,0.23178242803555824,2.158140927073281,1.070249845895173,0.5812892478272347,0.6963120604983288,False,0.5493557042399554,False,0.6963120604983288,False
normal,N0354,2,1.599999999999909,179.45955878207494,-5.5870809903540404e-05,-3.076945022374217e-05,6.378327732524329e-05,-2.638193012620629,5.36690159558975e-06,2.084239571085169e-06,5.7574028282222104e-06,0.3704236473041748,0.07655336521613951,2.293885831883754,2.4858642269243836,2.981094366932762,0.7401093923523298,False,1.2759858814880078,True,1.2759858814880078,True
normal,N0359,1,1.7000000000002728,148.80800484458547,-8.264713398021062e-05,4.430883893497798e-05,9.37753803666437e-05,2.649467747946845,-4.6889475773618844e-05,3.260231503927019e-05,5.710984052021693e-05,2.5340271224804454,0.30885793678775303,2.9937749286837203,0.19137441807739397,1.1384874650705543,0.9659246822620562,False,0.3642143114841669,False,0.9659246822620562,False
normal,N0360,1,1.699999999999818,84.35399716568361,0.00014237444099025098,-0.00011627895793992294,0.00018382403952389042,-0.6848486240441473,-5.7742174205828904e-05,-0.00010399380682002223,0.00011894902496000711,-2.077658465671261,0.9819345725620766,0.3405414433072717,0.5423441723063144,0.5330122539573261,0.47033202133595853,False,0.2783834689259587,False,0.47033202133595853,False
normal,N0361,1,1.699999999999818,183.69865031396344,2.716523797085322e-05,3.0238079955428347e-06,2.7333012435642625e-05,0.11085532953412644,-4.0203357655913926e-05,-6.065716094719193e-05,7.277088113375348e-05,-2.156114838293738,0.9239491710447019,0.45516251027100196,0.05096502874433792,0.45455588133484914,0.44255787846971384,False,0.14541728603150755,False,0.44255787846971384,False
normal,N0362,1,1.599999999999909,146.76617283154792,-3.890179094643864e-05,-2.9838738698761463e-05,4.902753987274275e-05,-2.4872827889228284,4.7010891883406585e-05,1.688937380809513e-05,4.995272668536636e-05,0.3449048634768897,0.3396622271560664,2.142975608185953,0.32527376383926565,2.955575583105477,0.6914190554539964,False,0.9455202266750173,False,0.9455202266750173,False
normal,N0365,1,1.7000000000002728,83.52288543311629,-0.00010520529412465752,-0.00031206979560981837,0.0003293261472215796,-1.8959519350323284,2.2874702007618938e-05,-8.800078014374344e-05,9.092518516805362e-05,-1.3164868199711155,1.5650041657025007,1.5516447542954528,0.2736861626027443,1.2941838996574717,0.749613663905819,False,0.4140232654370324,False,0.749613663905819,False
normal,N0365,2,1.599999999999909,81.44562710514276,5.132618389118521e-06,2.840560575995573e-06,5.866221604595066e-06,0.5054751174548658,3.254648830477432e-05,0.0001359117559633731,0.000139754353456414,1.3357546278315446,2.4628335078856938,0.8497822981917413,0.7035353946922834,2.3367599597194544,1.1796605337516806,True,0.7475544930837227,False,1.1796605337516806,True
normal,N0367,1,1.699999999999818,164.83812004917414,9.377019889463964e-05,4.8673889770611695e-05,0.00010565035610986805,0.4787919390599277,8.835699837241002e-05,2.6495439004401553e-05,9.224406457554888e-05,0.291335716330561,0.42809069817984435,0.8230991197968032,0.28808707528854643,2.902006435959148,0.26556831248148216,False,0.9283828838027486,False,0.9283828838027486,False
normal,N0372,1,1.599999999999909,157.88530145202063,3.28134865965872e-05,-5.0353505642282734e-05,6.010158428104709e-05,-0.9932533433971003,-3.4275800283030336e-06,5.229384602228745e-05,5.240605534337736e-05,1.6362473214559425,0.13600820741655212,0.6489461626602246,0.27732871203815407,2.036267266095057,0.20937883805726146,False,0.6514236678684885,False,0.6514236678684885,False
normal,N0372,2,1.7000000000002728,165.73345550078537,2.432461695535827e-05,9.259986939210861e-05,9.574143722265962e-05,1.3139147254046613,-2.4990486676954758e-05,-4.838051692212115e-05,5.445363938253075e-05,-2.0475884472500585,0.32960678002430815,1.6582219061415369,0.23900117126762072,0.5630822723785287,0.535015993508228,False,0.18013603876664255,False,0.535015993508228,False
normal,N0373,1,1.699999999999818,147.6148695288132,-3.1645265505705075e-06,8.00595380198636e-06,8.608688899525032e-06,1.9472199038961824,-9.666895206521329e-05,4.1022244844657256e-06,9.675595350730339e-05,3.0991822971188157,2.079272279470137,2.2915270846330578,0.3358409995526914,0.573332290432184,0.9959404235654314,False,0.18341512912349683,False,0.9959404235654314,False
normal,N0377,1,1.7000000000002728,83.23428270766945,7.503769889888634e-05,-0.00015427042431286018,0.0001715517999722237,-1.118084833228674,9.011651956264378e-05,9.189805569403198e-05,0.00012870990536251574,0.7951857270596546,0.9128408414861001,0.7737776524917983,0.6212102083950776,2.8773288604913443,0.4372371542168433,False,0.9204882635861371,False,0.9204882635861371,False
normal,N0377,2,1.699999999999818,83.6411833803944,6.030293251184594e-05,1.966048583061503e-05,6.34269530454054e-05,0.31516202859344417,-3.3503816021443235e-05,-8.237165346832576e-05,8.892465902720494e-05,-1.9570991953384511,0.08215551223065769,0.6594692093303197,0.2514386189279258,0.6535715242901361,0.2127740400191235,False,0.20908451786093013,False,0.2127740400191235,False
normal,N0378,1,1.699999999999818,109.80782952745139,3.125094545084138e-05,5.608153531980316e-05,6.420093609440436e-05,1.0624106110054732,-4.358831846137826e-05,-2.2007155277932467e-05,4.8828847925356164e-05,-2.6740434587916666,0.07002661892287061,1.4067177917423488,0.3480295710662708,0.0633727391630794,0.4538696022210758,False,0.17864242713300735,False,0.4538696022210758,False
normal,N0378,2,1.599999999999909,108.92387452565833,5.2300918058117155e-05,-0.00010862444876646203,0.00012055976484524021,-1.1220710580557238,8.424789671680325e-05,0.00013246961234404347,0.00015699014712964094,1.004340899995006,0.5601011860921024,0.7777638773188482,0.8198321768542868,2.6681736875559934,0.26828011801235613,False,0.8535772877158144,False,0.8535772877158144,False
normal,N0379,1,1.599999999999909,183.41805592321538,-5.511419986034376e-05,3.598659357982002e-05,6.582256409260475e-05,2.56314925346085,1.656317126828164e-05,-6.0338877871466395e-05,6.257091037575023e-05,-1.3028927204424932,0.04508171191757867,2.9074564341977256,0.10005038015587663,1.307777999186094,0.9380745043609465,False,0.4183721632088296,False,0.9380745043609465,False
normal,N0383,1,1.699999999999818,183.07682992322313,3.8161733347538365e-06,7.985619098993066e-05,7.994732277156733e-05,1.5230445837745046,-3.0676297498913216e-06,4.875895671657431e-05,4.885536011914338e-05,1.63362769392968,0.14932353894487743,1.8673517645113802,0.34748675673781143,2.0388868936213194,0.6024905688552182,False,0.6522617147202062,False,0.6522617147202062,False
normal,N0383,2,1.599999999999909,178.67659602319438,-4.236656438887068e-05,-3.584230525459635e-05,5.549411341827159e-05,-2.439422745674903,-1.4424972545815463e-05,-2.4903955135408534e-05,2.8779972451932107e-05,-2.0957993816785776,0.2157674573868773,2.0951155649380278,0.8766710967481972,0.5148713379500096,0.6759772810492565,False,0.44999237289130267,False,0.6759772810492565,False
normal,N0384,1,1.599999999999909,99.54669542072946,-5.4162782680153863e-05,5.34365357088092e-05,7.608594072636821e-05,2.362943937624863,3.4694726142500958e-06,-2.0822635064960988e-05,2.1109698512048303e-05,-1.4056928140286455,0.09981908759057043,2.7072511183617385,1.1866182483885677,1.2049779055999417,0.8734793825856848,False,0.6090872201548839,False,0.8734793825856848,False
normal,N0384,2,1.7000000000002728,99.85063383983483,-4.3858171682287655e-05,-7.4421238654198e-05,8.638321588212674e-05,-2.1033283398178395,6.589837752356522e-05,2.6754551746694138e-05,7.11224451168888e-05,0.3856655965401103,0.22674898189345313,1.759021159080964,0.02805210907516145,2.9963363161686973,0.5675383068708352,False,0.9585600209491605,False,0.9585600209491605,False
normal,N0385,1,1.599999999999909,83.27206397267042,0.00016609680945500884,-0.00015078373697112056,0.00022432985857016356,-0.7371112951259751,-2.4205585887561176e-05,-1.4594191131240549e-05,2.8264833325800477e-05,-2.599024033923778,1.181073130030025,0.3928041143890995,0.8947324471095698,0.011646685704809201,0.565716421556683,False,0.4592632042633898,False,0.565716421556683,False
normal,N0390,1,1.6000000000003638,142.46665660068044,-7.11311009255337e-05,-1.7462542540210067e-05,7.32432516403191e-05,-2.9008556409667845,5.7978677420025923e-05,3.494198656360589e-05,6.769393961342949e-05,0.5423801327366593,0.06174170353076599,2.556548460229909,0.021354203340333333,3.1301344548143404,0.8248560155525336,False,1.0013634759188346,True,1.0013634759188346,True
normal,N0390,2,1.699999999999818,143.81495790373108,-5.419151713470793e-06,1.7432763340747306e-05,1.82556414017179e-05,1.8721865575990193,-9.478621410460375e-05,-3.5365343225478696e-05,0.00010116883851137017,-2.7844831573976148,1.3275702210569655,2.216493738335895,0.3804399237141689,0.17381243776902755,0.7151392676266615,False,0.19527855389522064,False,0.7151392676266615,False
normal,N0395,1,1.7000000000002728,143.24857175717347,1.4243262648950113e-06,2.2819245512961963e-05,2.286365393128807e-05,1.5084594339404958,6.327746508624635e-05,3.9439800829076955e-05,7.456229259604606e-05,0.5573640363753287,1.1024958971531633,1.8527666146773714,0.07528405589525634,3.1151505511756707,0.597784752100532,False,0.9965699649540346,False,0.9965699649540346,False
normal,N0395,2,1.599999999999909,135.54342947200965,3.057207033221939e-05,-6.0701508760542464e-05,6.79656137337432e-05,-1.104236196679183,-6.915878187746111e-05,-1.5672221729314283e-05,7.091230954289272e-05,-2.918744254157236,0.013042514394453513,0.7599290159423073,0.025093175188072237,0.3080735345286487,0.24518683292886173,False,0.09855601726619972,False,0.24518683292886173,False
normal,N0396,1,1.6000000000003638,82.8090663859077,-3.0806820504053395e-05,0.0003500603010591738,0.00035141325326061394,1.658574510885196,-5.7773012015622e-05,0.00024732381573602894,0.0002539818709033903,1.8002741214482059,1.6299184674856373,2.0028816916220715,1.3009120182539595,1.8722404661027936,0.7807066467016202,False,0.6677538340072082,False,0.7807066467016202,False
normal,N0400,1,1.699999999999818,180.70243780942528,2.6290452714724883e-05,3.959721980279372e-05,4.753028213734844e-05,0.9846789787954052,2.5918563989559622e-05,6.119556897108906e-05,6.645802901814208e-05,1.1701658342962453,0.37067737836618053,1.3289861595322807,0.039780254888245714,2.502348753254754,0.4287899272512433,False,0.8005281184219828,False,0.8005281184219828,False
normal,N0401,1,1.599999999999909,135.05162442968194,-4.3987515999769054e-05,-6.865043341135618e-05,8.15339412232537e-05,-2.1406388290346507,-5.017131727076696e-05,5.011168348133727e-06,5.0420956802675773e-05,3.0420416859705086,0.16897497654634536,1.7963316482977751,0.31594395769609057,0.6304729015804906,0.5795763268624168,False,0.20169502151201363,False,0.5795763268624168,False
normal,N0402,1,1.7000000000002728,86.27849851469634,2.2267642541395696e-05,6.3701863211132486e-06,2.3160897610349078e-05,0.278631892425747,0.0001285960905954527,-2.55870437439319e-05,0.00013111693759384316,-0.19640707078365194,1.0895789739447892,0.6229390731626225,0.639738710279459,2.414263648844935,0.5218920848091588,False,0.7723487518159174,False,0.7723487518159174,False
normal,N0405,1,1.7000000000002728,179.35700442447717,3.3032347978892315e-05,-8.76436521616275e-06,3.4175285084998405e-05,-0.25935100641885633,6.314231231027277e-06,-5.278271411889108e-05,5.3159048390612335e-05,-1.451735243644895,0.7005416722456175,0.08495617431801922,0.2630625241159897,1.1589354759836923,0.33554901715870084,False,0.3707558487820657,False,0.3707558487820657,False
normal,N0405,2,1.699999999999818,180.90704001407929,-0.00010620697824508915,-2.8933095295666444e-05,0.0001100774555998682,-2.8756249589003278,-1.4805106307675666e-05,-3.0301665912215943e-05,3.3725096439256144e-05,-2.0252747508059903,0.46913984290406874,2.5313177781634524,0.7181085844396047,0.5853959688225969,0.8167154775565754,False,0.3686027600364784,False,0.8167154775565754,False
normal,N0406,1,1.599999999999909,131.6940089298036,3.097653277774093e-05,-3.5838089346522136e-05,4.7369971827517074e-05,-0.8580320281100411,-1.7174754142838823e-05,-4.309547661257289e-05,4.6391726464228255e-05,-1.9500330954242966,0.3740558826849972,0.5137248473731655,0.3992297198302448,0.6606376242042906,0.17916719128933492,False,0.21134503876614066,False,0.21134503876614066,False
normal,N0407,1,1.7000000000002728,83.61628760091075,0.00013662023226014848,-9.832748188930595e-07,0.00013662377059716358,-0.0071970148613081575,-5.206560992848095e-06,7.15109851509713e-05,7.170027388116927e-05,1.643475932163846,0.6851865294033628,0.3371101658755674,0.03614370560778565,2.0290386553871538,0.3281941326554938,False,0.6491111580229778,False,0.6491111580229778,False
normal,N0410,1,1.699999999999818,160.9200880163688,6.242565474245322e-06,-2.496681601000606e-05,2.5735413837312482e-05,-1.325785188948303,-6.115075387687376e-05,9.937295515361432e-06,6.195292198007786e-05,2.980496001060662,0.9841763734465714,0.9814780082114274,0.10997608590573374,0.6920185864903375,0.4714058105383145,False,0.2213841440908663,False,0.4714058105383145,False
normal,N0410,2,1.6000000000003638,158.9631998534477,-6.196004722896353e-05,8.276521544997783e-05,0.00010338824082600805,2.2134163731204053,2.9963315284065488e-05,-1.6822533698077633e-05,3.4362740036779226e-05,-0.5115820958818934,0.40644681419415024,2.5577235538572807,0.6993780077619587,2.099088623746694,0.8252351529177951,False,0.6715208917954761,False,0.8252351529177951,False
normal,N0411,1,1.6000000000003638,159.7253235598656,-2.1193536696420682e-05,9.104699617450181e-06,2.3066459477486518e-05,2.7358339680805415,-3.152218797693527e-05,-2.21175226116155e-05,3.850757251929243e-05,-2.5297606023864714,1.0936647909200348,3.080141148817417,0.585495939023753,0.08091011724211583,0.9937902585756018,False,0.3005331279847077,False,0.9937902585756018,False
normal,N0412,1,1.599999999999909,82.26862601405416,2.1812191700671214e-05,7.565790082258882e-05,7.873937810058901e-05,1.2901075074242263,1.325043700649869e-05,-6.0172908022409215e-05,6.161455137170527e-05,-1.3540495147082496,0.1340989740479032,1.634414688161102,0.11545279331883461,1.2566212049203376,0.5273347282123744,False,0.4020065578131786,False,0.5273347282123744,False
normal,N0417,1,1.6000000000003638,135.96013256662036,8.490657553266175e-06,-5.19519219522858e-07,8.506536657552803e-06,-0.06111097185848345,4.0158391783302534e-05,6.197985470726423e-06,4.063387077939482e-05,0.1531302435372041,2.0912094219530095,0.28319620887839214,0.5317488766884985,2.7638009631657914,1.0016581368528816,True,0.8841694755210362,False,1.0016581368528816,True
normal,N0418,1,1.599999999999909,82.0258668143387,8.262404978688783e-05,-2.7977300484035765e-05,8.723223570194762e-05,-0.32649169804021794,8.911762788980396e-05,8.131014325260824e-05,0.00012063702166609236,0.7396190646810002,0.23652952354818355,0.017815482696657614,0.5564353487046709,2.932895522869999,0.11329411553947037,False,0.9382646329363792,False,0.9382646329363792,False
normal,N0422,1,1.7000000000002728,186.43565407388124,1.3443049864429736e-05,-1.3164035260996218e-05,1.8815084746295886e-05,-0.7749120701106456,-3.682895473907903e-05,-5.565700801736697e-06,3.724713321300827e-05,-2.9916046340006734,1.2973854446262794,0.43060488937377,0.6187758677714579,0.3809339143720863,0.6214282862357952,False,0.317615605281361,False,0.6214282862357952,False
normal,N0422,2,1.699999999999818,181.39480432379492,-7.137088230351404e-05,0.00019012108784738485,0.0002030759239423893,1.9299149893147618,-0.00012301572282672938,9.653309298238205e-05,0.00015636977362434187,2.4762374957565383,1.0815354976120222,2.274222170051637,0.8158726767985933,1.1962770917944605,0.7337650221976746,False,0.4187847451245778,False,0.7337650221976746,False
normal,N0423,1,1.7000000000002728,106.15910634858265,3.996418679319127e-05,1.8996391985037114e-05,4.4249283999747e-05,0.44372194224424377,-5.144515262937576e-05,-1.298080875809569e-05,5.305756425877483e-05,-2.894428588468896,0.4422052128727219,0.7880291229811194,0.2649734146683442,0.2837578688403086,0.25425317479141724,False,0.13600997690239466,False,0.25425317479141724,False
normal,N0423,2,1.599999999999909,101.38830610542371,1.7888635929391569e-06,3.0841290560459594e-06,3.5653730503960074e-06,1.0451958554322303,-1.7725953027144483e-05,1.3928575771751407e-05,2.2543616252721146e-05,2.4755870975342837,2.9607754546638465,1.3895030361691059,1.1208988985354527,1.196927490016716,1.4181673028178297,True,0.5753536953529694,False,1.4181673028178297,True
normal,N0424,1,1.7000000000002728,96.69613865120873,-1.2902625438568362e-05,-4.142557209334646e-05,4.338842894677147e-05,-1.8727382112072428,5.123212765337812e-05,0.00011571352499230151,0.00012654782009199534,1.153988091872452,0.4618516115218843,1.5284310304703672,0.6042693933206477,2.518526495678547,0.49313969574715705,False,0.8057035511773051,False,0.8057035511773051,False
normal,N0427,1,1.7000000000002728,179.2591400208635,9.106912418887727e-05,-3.0975547790520546e-05,9.619287885000623e-05,-0.32785706455774194,3.3061063973359326e-05,5.131172948853205e-05,6.104037626157662e-05,0.9984259543390296,0.33431091490098014,0.01645011617913361,0.12481530823820745,2.6740886332119698,0.16012994424851182,False,0.8554695420670069,False,0.8554695420670069,False
normal,N0428,1,1.699999999999818,129.56370213430043,-2.020055453044265e-05,6.469975252654201e-06,2.1211388052349254e-05,2.831629378721789,2.151677894147922e-05,4.404387349676482e-05,4.90187165133432e-05,1.116366284237615,1.1775061691206128,3.1072487477209223,0.34414866051926796,2.5561483033133845,1.0025363732573986,True,0.8177391696491018,False,1.0025363732573986,True
normal,N0428,2,1.599999999999909,122.83593482811538,-4.3901356749384745e-05,-3.56948153944856e-05,5.658134825614493e-05,-2.4589336861992885,2.5282768731429793e-05,-8.513419966790621e-07,2.5297098211499943e-05,-0.03366009701436925,0.19636501353497096,2.114626505462413,1.0056611422704198,2.577010622614218,0.6822723765309121,False,0.8244132486295366,False,0.8244132486295366,False
normal,N0429,1,1.7000000000002728,84.47359248760739,-8.851260595874138e-06,-0.0001430780318305237,0.00014335155390379423,-1.6325807595892732,-4.477338169870303e-05,-4.658519607945703e-05,6.461297240105282e-05,-2.3363651873577402,0.7332556131769822,1.2882735788523976,0.06793565849122109,0.274305532270847,0.4156542415386989,False,0.08775327233500378,False,0.4156542415386989,False
normal,N0438,1,1.599999999999909,133.19239017161036,-5.778100899797119e-05,-4.068096075262316e-05,7.066530668284186e-05,-2.5281509440749876,3.948779334893313e-05,2.662209352728617e-05,4.762375129432392e-05,0.5931898291910748,0.025910328917497605,2.1838437633381123,0.3730192411991936,3.079324758359925,0.7046049363970712,False,0.9851089108238051,False,0.9851089108238051,False
normal,N0438,2,1.7000000000002728,133.2981090358603,6.203745659756407e-05,4.617290962277726e-05,7.733423306743142e-05,0.639826838183896,-7.12878814833735e-05,-2.4195206179088825e-05,7.528193706617892e-05,-2.814390824452691,0.11609230435574394,0.9841340189207715,0.08488936395582491,0.20372010482410374,0.3175253190951394,False,0.06517223947599202,False,0.3175253190951394,False
normal,N0440,1,1.6000000000003638,177.8814011246419,-1.440439375367542e-05,5.383192875655759e-07,1.4414449246027006e-05,3.10423815671296,-3.0158921897329497e-05,2.1153441384346057e-05,3.683786981368745e-05,2.5299282972300423,1.5638132332677352,2.8346399697297513,0.6298244615441216,1.1425862903209565,0.9145806806834269,False,0.36552556950173026,False,0.9145806806834269,False
normal,N0444,1,1.599999999999909,174.82099535077094,1.6328437952252656e-05,2.6370940884679094e-05,3.1016840733765974e-05,1.0163909720054163,2.8293619275548378e-05,1.6036128150598735e-05,3.252208938202015e-05,0.515631328629001,0.7975140873028675,1.3606981527422919,0.7544313132548266,3.126302048257588,0.43902162392015237,False,1.0001374480896144,True,1.0001374480896144,True
normal,N0445,1,1.7000000000002728,144.0223972543708,-2.3597660676359772e-05,2.2812873634241085e-05,3.2821895022202304e-05,2.3731025535597374,-3.0696135299146485e-05,-6.769007760851469e-05,7.432495764512919e-05,-1.996540928616028,0.740948571675866,2.717409734296613,0.07209593671958445,0.6141297910125592,0.8767570030156983,False,0.19646668571945408,False,0.8767570030156983,False
normal,N0446,1,1.699999999999818,84.75476053548948,4.361526676425102e-05,-6.451484244467676e-05,7.787461968175668e-05,-0.9763255915301652,2.0392562713571934e-05,-6.251970555013091e-05,6.576146437011599e-05,-1.2554991888040337,0.12305568023717946,0.6320184107932896,0.050316841650022925,1.3551715308245535,0.20391719390130975,False,0.433533860657501,False,0.433533860657501,False
normal,N0449,1,1.599999999999909,134.28609190730313,-0.00016571988077506263,6.561029399435387e-06,0.00016584970904671864,3.1020222378233884,-5.102548452881302e-05,1.4963859853024732e-05,5.317440336384699e-05,2.8563284795749726,0.8790375911069346,2.836855888619323,0.2627737161670473,0.8161861079760266,0.9152956344793253,False,0.26110666167150837,False,0.9152956344793253,False
normal,N0449,2,1.7000000000002728,140.43769398437823,9.688446354026222e-05,-2.938115801552224e-05,0.0001012415513601875,-0.29444469955255087,0.00014731783949806218,-4.928778023154981e-05,0.00015534423424939323,-0.3228610086149286,0.38546484302794487,0.04986248118432468,0.8092926512452318,2.287809711013659,0.18463191320602976,False,0.731894785202569,False,0.731894785202569,False
normal,N0450,1,1.7000000000002728,172.4692303096872,-7.247424599189208e-05,4.3041974612424195e-05,8.429192079096225e-05,2.605675417359945,-7.899283194328994e-05,-1.626301856198419e-05,8.064957080585296e-05,-2.9385500054541325,0.202241607501585,2.9499825980968204,0.15376261950976627,0.32787928582554526,0.9517953325229079,False,0.10489208884655637,False,0.9517953325229079,False
normal,N0451,1,1.7000000000002728,83.83420146623999,-0.00019036043697587038,8.937521593669676e-05,0.00021029746833800802,2.7026371144077657,7.417768021032996e-05,1.935899129601958e-07,7.417793282668625e-05,0.0026098075983404653,1.1164786230573813,3.046944295144641,0.07011584240581965,2.6132805272269275,0.9830794800101356,False,0.8360163788715509,False,0.9830794800101356,False
normal,N0454,1,1.699999999999818,97.38537056316572,0.00011649332408287593,3.061890038686064e-05,0.00012045003784465346,0.2570247406580005,5.790258486050777e-07,0.00010649781309715565,0.00010649938715978628,1.5653594062948415,0.559190625558606,0.601331921394876,0.43178836439595353,2.1071551812561577,0.26784397309167096,False,0.6741014697811765,False,0.6741014697811765,False
normal,N0454,2,1.6000000000003638,96.96272792186271,-4.2873361587798685e-07,-0.00014298805021224921,0.0001429886929656121,-1.5737947055435386,3.6972497125628475e-05,-5.632864174860707e-05,6.73786422017209e-05,-0.9899552751010171,0.7307211379584041,1.229487524806663,0.026022774496319078,1.62071544452757,0.39668725105737634,False,0.5184841975434338,False,0.5184841975434338,False
normal,N0456,1,1.699999999999818,93.6482166017323,0.0001748756387618112,-3.11047569280539e-05,0.00017762036745797144,-0.17602695367994764,0.00014307378462405276,4.6395719126189944e-05,0.0001504083461776179,0.31357897907615584,0.9476040852470334,0.16828022705692794,0.7770030340683712,2.924249698704743,0.453888229719372,False,0.9354987413546332,False,0.9354987413546332,False
normal,N0461,1,1.699999999999818,91.84646067597399,-6.7054145514623954e-06,5.817966066815064e-05,5.856479744495082e-05,1.6855436229138423,4.962510309033896e-05,-4.0864373586221786e-05,6.428489624570512e-05,-0.6888840610477501,0.1619106190438905,2.0298508036507177,0.07302615164145944,1.921786658580837,0.6549199720293458,False,0.6148000976287433,False,0.6549199720293458,False
normal,N0461,2,1.7000000000002728,90.33521547279376,-3.939527011334629e-05,-4.475444481302123e-05,5.962338163694909e-05,-2.2925941939197148,8.567472049787805e-05,5.187280839778676e-05,0.00010015461039544322,0.5444261782101874,0.1439966027434672,1.9482870131828391,0.3703642301804042,3.1280884093408123,0.6286038727003913,False,1.000708924097871,True,1.000708924097871,True
normal,N0467,1,1.699999999999818,170.6079056991184,-2.9435319970462678e-05,2.5609246286557542e-05,3.901629860877477e-05,2.425591524504495,1.9901211899073884e-05,-1.027832456039667e-05,2.2398709579364015e-05,-0.47673447021495596,0.5680649284941749,2.76989870524137,1.1273474819755838,2.1339362494136314,0.8936922749682791,False,0.6826690197973554,False,0.8936922749682791,False
normal,N0467,2,1.7000000000002728,172.8785635443642,-6.088497555638206e-06,2.4183596188522045e-05,2.4938246271430363e-05,1.8174321490504082,-2.0165487981982767e-06,-1.9637557857565357e-05,1.9740824391720366e-05,-1.6731260167238484,1.0156417660255466,2.1617393297872836,1.2536620294702414,0.9375447029047388,0.6974730649428753,False,0.6435005711236256,False,0.6974730649428753,False
normal,N0468,1,1.699999999999818,133.15130993486557,-1.1626938971693931e-05,-4.717879646823585e-05,4.85903750350079e-05,-1.812425529230277,-3.4923186691640484e-05,-5.5348724694553335e-05,6.54454757337177e-05,-2.133674601344474,0.3486189386722257,1.4681183484934015,0.05513349604722033,0.47699611828411337,0.47368014732993946,False,0.15259615773696927,False,0.47368014732993946,False
normal,N0469,1,1.699999999999818,184.2391906440776,3.315697699591539e-05,8.187619388721396e-05,8.833513598203329e-05,1.1860172851304414,-0.00011978593668398288,2.026043435150736e-05,0.0001214872661120123,2.9740397494196213,0.24909352977587462,1.530324465867317,0.5634585840984797,0.6984748381313779,0.4937506020536597,False,0.2892214266273173,False,0.4937506020536597,False
normal,N0472,1,1.7000000000002728,88.05061426986967,3.90434886697953e-05,3.669957074004322e-05,5.358406946109889e-05,0.7544623895693185,6.519204645092289e-06,3.1851867471815026e-05,3.251217449889597e-05,1.3689119425983283,0.25079259498205597,1.0987695703061942,0.7547362258441115,2.303602644952671,0.3545118365139972,False,0.7369471136096769,False,0.7369471136096769,False
normal,N0472,2,1.699999999999818,88.02772944878734,-1.3764168879285624e-05,4.883056375487456e-05,5.0733384487498606e-05,1.8455438882101884,-0.00011412918465498991,-6.001688413880733e-05,0.00012894765283534172,-2.6574654576609054,0.3054602412334744,2.189851068947064,0.6230556620283271,0.04679473803231815,0.7065431598439919,False,0.31981240951076784,False,0.7065431598439919,False
normal,N0473,1,1.699999999999818,88.5022653039302,-1.4500943553108542e-05,9.41358461414391e-06,1.7288520446182987e-05,2.5658007902300386,-6.6391527156341875e-06,3.8609701068425246e-05,3.917636232953068e-05,1.7410864981550784,1.3820016449288957,2.910107970966914,0.5682772871128684,1.9314280893959206,0.9389300078213922,False,0.6178844944216586,False,0.9389300078213922,False
normal,N0474,1,1.699999999999818,88.31012714996938,6.355252279426871e-05,1.8616022646495274e-05,6.622295261229953e-05,0.2849519460662036,-6.493163388107186e-05,6.668320327578651e-05,9.30739849667211e-05,2.3428869783930413,0.03901729184913394,0.6292591268030792,0.2970438491434234,1.3296276091579584,0.2030269264045856,False,0.4253620870299118,False,0.4253620870299118,False
normal,N0477,1,1.599999999999909,86.12049969486922,5.115590072315826e-06,1.4594480319269181e-06,5.319703971638984e-06,0.2779112085283144,1.3638256985466389e-05,2.706573209261132e-05,3.030768726430034e-05,1.1040384615469039,2.560626580641358,0.62221838926519,0.8249494573335132,2.5684761260040956,1.2265019576785465,True,0.821682971922865,False,1.2265019576785465,True
normal,N0477,2,1.7000000000002728,87.73713892085414,-1.230984427514727e-05,-8.800693200751575e-06,1.5132232713388033e-05,-2.52091580330836,-5.699995760082126e-05,2.8090618645984013e-05,6.354587337042057e-05,2.6837069431919547,1.515217274370057,2.1766086225714845,0.08458879965728451,0.9888076443590441,0.725766485192757,False,0.31633013663281023,False,0.725766485192757,False
normal,N0478,1,1.7000000000002728,87.54226894403679,-2.0365984468789396e-05,-7.472370296433132e-07,2.0379688087933066e-05,-3.1049186595581775,-8.109044239277508e-05,1.9491035655820022e-05,8.340000190882743e-05,2.905705711054303,1.2175056540643057,2.760611478821302,0.18729746848423598,0.7668088764966962,0.890695803475733,False,0.24531035743628857,False,0.890695803475733,False
normal,N0478,2,1.599999999999909,85.51504418265574,-1.7358738298700427e-05,-1.4115100381277637e-05,2.2373239687097468e-05,-2.4588901614441903,3.249537185581409e-05,-4.908036364018125e-05,5.8862817526007536e-05,-0.9859723672148831,1.1241787934383822,2.114582980707315,0.16114124884635558,1.624698352413704,0.682258333512903,False,0.5197583723569116,False,0.682258333512903,False
normal,N0480,1,1.7000000000002728,87.47101688532966,1.489325450935007e-05,4.332178515615126e-05,4.5810327427295296e-05,1.2396715377991006,-4.32361651248155e-05,4.392348643932015e-06,4.345870110012681e-05,3.040350298860571,0.40753484878906965,1.5839787185359762,0.46453976561621707,0.6321642886904277,0.5110618456159034,False,0.2384467244413473,False,0.5110618456159034,False
normal,N0480,2,1.599999999999909,85.66984370102439,3.254792622556234e-06,1.2038380181050933e-05,1.247061636004277e-05,1.3067415401177005,1.0773075239457808e-05,-0.0001080220235131653,0.00010855789567780806,-1.4713946522117547,1.7086691599101107,1.651048720854576,0.4509327648365834,1.1392760674168325,0.8184270543383187,False,0.3644665938055772,False,0.8184270543383187,False
normal,N0481,1,1.699999999999818,88.50437568156447,4.682172431703202e-05,2.3475487740034946e-05,5.2377212532290015e-05,0.4647511974944125,6.067698547128879e-05,3.700913657483405e-05,7.107301003825369e-05,0.5476940744354121,0.2735727855027187,0.8090583782312881,0.02735679740183816,3.1248205131155875,0.26103814599987674,False,0.9996634891588062,False,0.9996634891588062,False
normal,N0483,1,1.699999999999818,88.17174419606646,-2.7599017620791305e-05,5.876373520043526e-05,6.492212526049669e-05,2.009879276574938,1.10448404955365e-05,-6.518926217433559e-05,6.611829099731863e-05,-1.40296283886216,0.058855931878137195,2.354186457311813,0.044905435000801006,1.2077078807664272,0.7595650507916937,False,0.38635866249092815,False,0.7595650507916937,False
normal,N0483,2,1.6000000000003638,86.3419391690846,-5.464237316458148e-05,-1.7398461046541445e-05,5.734540427833249e-05,-2.833336287322515,0.00010311348597831914,3.773111258084565e-05,0.00010979994465931877,0.350784966985944,0.1829517028367983,2.48902910658564,0.46230915841079434,2.9614556866145314,0.8030712749594741,False,0.9474013346509169,False,0.9474013346509169,False
normal,N0484,1,1.699999999999818,88.44223065444896,3.980995788794902e-05,-3.121852075198332e-06,3.993217634213911e-05,-0.07825871846549516,7.670085974846636e-05,9.704811327501446e-06,7.731238742307929e-05,0.1258592662945623,0.544861977430637,0.2660484622713804,0.11150333119937329,2.7365299859231493,0.260980764253372,False,0.8754451983509632,False,0.8754451983509632,False
normal,N0484,2,1.6000000000003638,86.52865151484565,1.503618072718716e-05,3.5593157928544047e-06,1.5451713813486755e-05,0.23243823881849027,-0.00011937360285122931,-1.6779521177029705e-05,0.00012054712517772216,-3.0019444999792757,1.4943244376494254,0.5767454195553658,0.5556898893288025,0.39127378035068855,0.715759127879105,False,0.2852337813101141,False,0.715759127879105,False
normal,N0485,1,1.699999999999818,88.31253262038932,-3.306569733382191e-05,-6.077607487804476e-06,3.361960221281231e-05,-2.9598175541588208,5.724431770763855e-06,-2.4631233407380888e-05,2.5287680365486406e-05,-1.3424445905505462,0.7169351002049044,2.6155103734219454,1.006033501150499,1.268226129078041,0.8438797460006409,False,0.516393666986477,False,0.8438797460006409,False
normal,N0486,1,1.699999999999818,88.40504248692041,-8.84535547443932e-05,-2.424710620706065e-05,9.171670243928227e-05,-2.8740424655926273,7.483335815261746e-05,1.6382072918774473e-05,7.660550767088462e-05,0.2155142452518086,0.28666008977638363,2.529735284855752,0.10231811316581839,2.8261849648803956,0.8162048949704307,False,0.9041267846080568,False,0.9041267846080568,False
normal,N0486,2,1.6000000000003638,86.49555673624535,8.33634575285128e-05,-1.3340323021628762e-05,8.442410952701578e-05,-0.15868064078438404,-2.62078372009483e-05,7.256276585738451e-05,7.71505393346347e-05,1.9173914679837256,0.20380860455914135,0.18562653995249154,0.10940770671552012,1.7551231195672738,0.09762128315519923,False,0.5614826497220352,False,0.5614826497220352,False
normal,N0491,1,1.699999999999818,87.15031422289411,4.1571002119643476e-05,1.357378447516645e-05,4.373094833421375e-05,0.3156065257599366,-3.018509430198296e-05,8.631822664493802e-05,9.144384161411031e-05,1.907199839342631,0.4539883518172616,0.6599137064968121,0.2793741661840223,1.7653147482083684,0.2174536523508486,False,0.5647430606815783,False,0.5647430606815783,False
normal,N0492,1,1.599999999999909,85.98507705078237,7.746122410546186e-05,2.507683713174673e-05,8.141921763594106e-05,0.31308648044721044,-8.842852630165165e-05,7.420509520054168e-05,0.00011543829701448022,2.4434294227015934,0.16756692032132706,0.6573936611840862,0.5123852951341296,1.2290851648494059,0.2121043760559238,False,0.3931974842105867,False,0.3931974842105867,False
normal,N0493,1,1.7000000000002728,87.3263460744447,-5.897380399310713e-05,1.4348927764720418e-05,6.0694326632845864e-05,2.902920120116101,-3.279656373388406e-05,-7.641029333232446e-05,8.315135308509769e-05,-1.9762330158931447,0.1261941815112696,3.0359580063266103,0.18431161459568615,0.6344377037354425,0.9795348155685566,False,0.2029634041085205,False,0.9795348155685566,False
normal,N0497,1,1.699999999999818,88.97856949416091,6.681548019565311e-06,4.6327338868014174e-05,4.6806681259512235e-05,1.4275592924625575,-3.672499985099234e-05,-7.0234584600493315e-06,3.7390568099394085e-05,-2.9526297318117605,0.3860184499443639,1.7718664731994331,0.6149323662542749,0.34195901218317326,0.5716827753943571,False,0.3156427486714604,False,0.5716827753943571,False
normal,N0498,1,1.6000000000003638,86.80202458263508,7.5930752227921015e-06,-3.3494947995545625e-05,3.434481522098037e-05,-1.3478709067866699,2.158241869965354e-05,1.9508216325599652e-05,2.9092461242279717e-05,0.7349622598712807,0.6955933293154682,1.0035637260497943,0.8658717646098971,2.9375523276797186,0.3331788346662686,False,0.9397543945802485,False,0.9397543945802485,False
normal,N0498,2,1.699999999999818,88.18935215160077,1.1799874275191508e-05,2.845033442554098e-05,3.080030132702355e-05,1.1776365126018187,-7.754998371248041e-05,2.8231937600927132e-05,8.252903897725103e-05,2.7924578954475607,0.8045199202545005,1.5219436933386943,0.17679935536903008,0.8800566921034385,0.49104659282295254,False,0.28153954436522804,False,0.49104659282295254,False
normal,N0504,1,1.699999999999818,88.49338600761718,1.1864705514347286e-05,-1.8073321359638645e-05,2.1619809941601093e-05,-0.989881874013432,-3.79320099225591e-05,-6.43102832933382e-07,3.7937461143556364e-05,-3.124640184507058,1.1584343584322747,0.6455746932765565,0.6004118048026957,0.5139694648784707,0.5548727874657162,False,0.30818939252963373,False,0.5548727874657162,False
normal,N0505,1,1.699999999999818,89.11122207454112,-4.7370557077744095e-06,-2.4282787780538935e-05,2.474052301737474e-05,-1.763455461257203,5.616446197263476e-05,-1.044581236482525e-05,5.712759214807388e-05,-0.1838851191260707,1.0236018782811274,1.4191482805203275,0.19106363329740708,2.4267856005025163,0.49029003958897766,False,0.7763546580215878,False,0.7763546580215878,False
normal,N0506,1,1.699999999999818,87.95245361556381,2.2572195124492105e-05,2.153769434907793e-05,3.119897867899602e-05,0.7619496537762193,-2.136533952413097e-05,-3.577193469474459e-05,4.1666641870763535e-05,-2.109202678911943,0.7916590343138938,1.1062568345130948,0.5066499982261381,0.5014680407166443,0.379192875189439,False,0.2600617674893398,False,0.379192875189439,False
normal,N0509,1,1.699999999999818,89.40259934482908,-6.40509038113735e-05,-1.4088808992160914e-05,6.558210745219625e-05,-2.925077938049552,3.477996565893684e-05,3.3672334343426424e-05,4.8409421721110456e-05,0.7692185074704835,0.0487415042569698,2.580770757312677,0.35665639666397436,2.903296080080516,0.8326712037916898,False,0.9287954547445767,False,0.9287954547445767,False
normal,N0510,1,1.699999999999818,88.90289846982913,-5.437255910740417e-05,-1.9437250373241186e-05,5.7742375132654734e-05,-2.7982673279712436,6.611745645761422e-05,-4.921901747059095e-05,8.24259044790826e-05,-0.6399189760716696,0.17605310033011987,2.453960147234368,0.17554889862980474,1.9707517435569177,0.7917564720014804,False,0.6304645517913737,False,0.7917564720014804,False
normal,N0514,1,1.599999999999909,86.55535755627966,3.4651585975718385e-05,2.0985425694491352e-05,4.051074551537679e-05,0.5445359548457077,-6.389765844584781e-06,1.9445239379064494e-05,2.0468181210301584e-05,1.88828364271781,0.5304771410251671,0.8888431355825832,1.2174792826517535,1.7842309448331888,0.28678025027616205,False,0.6249280869172104,False,0.6249280869172104,False
normal,N0516,1,1.699999999999818,88.52893154428226,4.47969380837734e-05,5.961147324923784e-06,4.519182380819426e-05,0.1322932015536223,-9.112389466771822e-05,-4.3329304088799834e-05,0.00010090090570571254,-2.697737406187465,0.4211282225938924,0.4766003822904978,0.37778803774218844,0.08706668655887782,0.2017141403397151,False,0.19391734960139254,False,0.2017141403397151,False
normal,N0519,1,1.699999999999818,88.04025696609904,-8.296477720737767e-05,-4.3792271667963275e-05,9.381320437396066e-05,-2.655920540953901,-5.25092420270187e-05,4.256898225840109e-05,6.759688416464248e-05,2.460364280300905,0.3092612023433685,2.3116133602170255,0.02278897121728816,1.2121503072500943,0.7458290798974906,False,0.38777984221640505,False,0.7458290798974906,False
normal,N0520,1,1.599999999999909,86.70255942229986,-3.3791131625500134e-05,-5.13669436865723e-05,6.148498581142688e-05,-2.1526619020737883,0.00011719775346630565,8.487758064218972e-05,0.00014470493119869956,0.6268002272922586,0.11325139787458066,1.8083547213369127,0.7383458429835965,3.045714360258741,0.5834555039153986,False,0.9743565851472349,False,0.9743565851472349,False
normal,N0521,1,1.7000000000002728,88.71345197492067,-9.205735827362275e-06,2.537424399886758e-07,9.209232180210944e-06,3.1140361155821705,-3.831018135006851e-05,-1.241376233583758e-05,4.0271224098676174e-05,-2.8282356369259625,2.0118378386749938,2.8248420108605403,0.5407136792402611,0.21756491729737526,0.9636403317537293,False,0.2775465422307618,False,0.9636403317537293,False
normal,N0525,1,1.599999999999909,86.82472925291965,-3.599838727144164e-05,-1.4606090456540828e-05,3.884870351207803e-05,-2.756145315747125,8.83021319346348e-05,-4.8172695553613e-05,0.00010058764884966114,-0.499415638106919,0.572369695633095,2.4118381350102496,0.3746786094570135,2.1112550815216684,0.7781660411097002,False,0.6754130717075658,False,0.7781660411097002,False
normal,N0525,2,1.699999999999818,88.54127233944989,1.757926966921616e-05,-7.548916846704721e-06,1.913156730802486e-05,-0.4056097528267419,4.905642110926742e-05,3.694574986852758e-05,6.141270947774234e-05,0.6454998369398349,1.2807046643055726,0.06130257208986634,0.11873405099107404,3.0270147506111647,0.613438441143338,False,0.9683743801060994,False,0.9683743801060994,False
normal,N0526,1,1.7000000000002728,88.75284325670178,-5.877010069790639e-06,-5.084725450226181e-05,5.118576499162833e-05,-1.68586738332109,3.139314262406005e-05,-3.6501609748212684e-05,4.8144541933903486e-05,-0.8604976303545111,0.29658294058023577,1.3415602025842144,0.362143078643274,1.750173089274076,0.4328468716872863,False,0.5598990821111691,False,0.5598990821111691,False
normal,N0526,2,1.699999999999818,88.97411220470093,7.727966978265819e-05,2.1256250443696283e-05,8.014970707770449e-05,0.2684184364243432,5.6142652296002945e-06,4.820568378399834e-05,4.853151474198122e-05,1.4548538623387584,0.15185181085105182,0.6127256171612188,0.35413747973656406,2.2176607252122413,0.19769248229040756,False,0.7094533746918327,False,0.7094533746918327,False
normal,N0536,1,1.699999999999818,89.40737407284574,-1.4308473014472266e-05,-1.1919098647076009e-05,1.8622494799693465e-05,-2.4470453288548097,4.1614919985037104e-05,-5.171771778188826e-05,6.63816533232495e-05,-0.8932234107277851,1.307674124480128,2.1027381481179344,0.0409301477638108,1.7174473089008022,0.6784366647409038,False,0.54942975510308,False,0.6784366647409038,False
normal,N0537,1,1.699999999999818,89.08157434503087,-6.670796822390728e-05,6.501462672795951e-06,6.702404077230484e-05,3.0444379341882235,0.0001186315273375384,-2.0224708135840695e-05,0.00012034316805542831,-0.16885995818101157,0.02699303854983791,2.894440192254488,0.5539965278686969,2.4418107614475755,0.9338748869338623,False,0.7811613676397778,False,0.9338748869338623,False
normal,N0538,1,1.6000000000003638,87.34389483695932,5.680660754718755e-05,-1.4455331800781191e-05,5.861695384861671e-05,-0.24917721615434926,5.5582448798005043e-05,7.146183802551901e-05,9.053288302251491e-05,0.9097442713872644,0.1610204393760821,0.0951299645825263,0.2693622683131679,2.762770316163735,0.07712638992896761,False,0.8838397605265774,False,0.8838397605265774,False
normal,N0543,1,1.699999999999818,88.62563295098742,-6.095984516808927e-05,-3.305891467637402e-05,6.934691458527333e-05,-2.6446754137647366,0.00014566467959899017,2.154353379256497e-05,0.0001472491858413752,0.1468336983842351,0.007077243713938699,2.300368233027861,0.7557754244582977,2.7575044180128225,0.7422009027078427,False,0.8821551434111299,False,0.8821551434111299,False
normal,N0543,2,1.6000000000003638,86.79974088120807,5.8293437237798436e-05,1.2662223792984285e-05,5.965280158031778e-05,0.21389257186016392,-1.772675406849454e-06,8.821502046158087e-05,8.823282956550344e-05,1.5908885610809402,0.1435032948142821,0.5581997525970395,0.24362824662818874,2.081626026470059,0.180100018040807,False,0.6659344202365286,False,0.6659344202365286,False
normal,N0548,1,1.699999999999818,88.54387551635729,-3.743032051054186e-05,1.6411086368820454e-05,4.0869947997603016e-05,2.7283904387835967,-1.7301055114241695e-05,-7.018306872099434e-05,7.228408983422177e-05,-1.812490643354077,0.5216493763406145,3.072697619520472,0.04425318540634408,0.7981800762745102,0.9913886456145965,False,0.2553463396302609,False,0.9913886456145965,False
normal,N0549,1,1.5999999999994543,86.58317914720004,3.6809970321774333e-06,-1.660869748198829e-05,1.701171864330889e-05,-1.3526911498064667,-8.532205406536617e-07,-5.012958182521719e-05,5.0136842334376616e-05,-1.5878149839213132,1.3981419286798846,1.008383969069591,0.32159474204299693,1.022855735707274,0.6696891399951127,False,0.32722248505842694,False,0.6696891399951127,False
normal,N0549,2,1.7000000000007276,88.21973220087916,3.483327822943497e-05,5.078592901717974e-05,6.158382789618756e-05,0.9696068497412346,0.00012762778415912823,4.9239294456290724e-05,0.0001367967814238417,0.36820876099590544,0.11164510784172735,1.31391403047811,0.6821456088597976,2.9788794806244927,0.42392698938367845,False,0.9529753926300153,False,0.9529753926300153,False
normal,N0550,1,1.7000000000007276,86.87892472617423,-7.91730380628285e-07,3.5916498914508556e-05,3.592522416452686e-05,1.5928363975749533,-8.574598153982652e-05,7.030299016219211e-05,0.0001108822969457864,2.4548357781599965,0.6506047264251121,1.937143578311829,0.4721183840876355,1.2176788093910027,0.6250085059665865,False,0.3895484691557143,False,0.6250085059665865,False
normal,N0550,2,1.5999999999994543,86.12448210445068,-3.32151600718451e-05,-1.1647252353935487e-05,3.5198087249089956e-05,-2.804329329865634,-6.421138720838315e-05,-5.549740712059103e-05,8.487086923281473e-05,-2.428859473160245,0.6710526559745564,2.4600221491287586,0.20478005188579243,0.18181124646834235,0.7937123428979894,False,0.10511292297726971,False,0.7937123428979894,False
normal,N0551,1,1.699999999999818,88.30644795775206,-8.971300020216779e-05,5.5916008923708186e-05,0.00010571197878779099,2.584233635824007,-3.549700887302727e-05,-6.34809061012385e-05,7.273144490772911e-05,-2.0806572612450047,0.42867379808849826,2.9285408165608824,0.05042295869610077,0.5300134583835826,0.944877262023086,False,0.16955697163565672,False,0.944877262023086,False
normal,N0555,1,1.7000000000007276,88.30421514613572,-4.2058917097732116e-05,-3.1581337306693907e-06,4.217731992546106e-05,-3.0666449732729784,-2.0595348218296492e-06,5.736268088558344e-06,6.0947891896391034e-06,1.9154994924482054,0.49016176824553637,2.722337792536103,2.428916536774751,1.7570150951027943,0.8783470133546656,False,1.2467548205848191,True,1.2467548205848191,True
normal,N0555,2,1.699999999999818,88.48151222416958,-5.365639478253071e-05,2.4345266438724905e-05,5.892113966168081e-05,2.7156450470741333,-1.982438472776208e-05,-6.434515870008699e-05,6.732982755045276e-05,-1.8696625572466539,0.15584447509227536,3.0599522278110087,0.02674751961100824,0.7410081623819333,0.9872764164956621,False,0.23705643315919886,False,0.9872764164956621,False
normal,N0556,1,1.6000000000003638,86.71708127147076,6.765946023633891e-06,3.860423733211252e-05,3.919266724259523e-05,1.3972941905772496,-0.00011919142675765933,1.846442363214351e-05,0.00012061314668224908,2.9879003127391526,0.5635547313227206,1.7416013713141252,0.5562374215165844,0.6846142748118462,0.5619179100926598,False,0.2855148277702156,False,0.5619179100926598,False
normal,N0557,1,1.699999999999818,88.1865964831847,-3.170173140700461e-05,-3.369377896348195e-05,4.626305777877032e-05,-2.325742372847582,7.40213936165841e-05,5.435245091876049e-05,9.183330351140346e-05,0.6333643572950848,0.3977006499202778,1.9814351921107065,0.2836241503159029,3.0391502302559146,0.6392989466325335,False,0.9722566497831475,False,0.9722566497831475,False
normal,N0557,2,1.699999999999818,88.46580699156773,4.489733783296652e-05,3.613982314091633e-05,5.7635559866667715e-05,0.6777480499623448,-0.00014390732854025124,2.119196666042393e-05,0.00014545933678704963,2.9953823039451235,0.17790467263729423,1.0220552306992203,0.743545706414227,0.6771322836058754,0.3297603852943861,False,0.38165955056983114,False,0.38165955056983114,False
normal,N0558,1,1.699999999999818,87.37877430056382,-2.3040833934807758e-05,1.1952560903204997e-07,2.3041143955598285e-05,3.136405144439144,-5.371767401103547e-05,4.277607807283091e-05,6.866863444432837e-05,2.469103975379815,1.0947628971519379,2.802472982003567,0.007058324528694926,1.203410612171184,0.9042021825869108,False,0.38498392032582046,False,0.9042021825869108,False
normal,N0561,1,1.5999999999994543,88.33204212604974,-0.00012184078548479892,0.00010161807747000081,0.00015865500520390735,2.446447208418518,0.00010840809159961913,-2.114027208867867e-05,0.00011045010379467636,-0.19258944669487577,0.834687646552949,2.7907543891553934,0.46821300290461676,2.4180812729337116,0.9004212443590636,False,0.773570050575595,False,0.9004212443590636,False
normal,N0568,1,1.6000000000003638,83.23439956606269,9.177194585091071e-05,2.691492464930458e-05,9.563735260942887e-05,0.2852807969257769,2.2961823961356236e-05,-4.6197289175122885e-05,5.158909658796362e-05,-1.1095208508848042,0.32851904587679065,0.6295879776626525,0.2930405126501972,1.501149868743783,0.2031330282892001,False,0.48023389159157925,False,0.48023389159157925,False
normal,N0568,2,1.699999999999818,85.06349828563404,-0.00011820698231310957,1.7552239555873863e-05,0.00011950301996601835,2.9941824141028768,-3.786671971330363e-05,2.4102616391928788e-05,4.488679737720628e-05,2.5747579391291895,0.5512972251040854,2.9446957123398345,0.43220714702282476,1.0977566484218093,0.9500895484988504,False,0.3511840877908466,False,0.9500895484988504,False
normal,N0570,1,1.7000000000007276,84.03265701576032,0.00011989556920249268,1.2769812965709179e-05,0.00012057369380411676,0.1061077780065539,-0.00010333783907597635,-7.873744705153204e-05,0.00012991649068953948,-2.490492327080001,0.5602167151344389,0.45041495874342946,0.6305409966691167,0.12017839254858621,0.26833545470130005,False,0.3236546070115049,False,0.3236546070115049,False
normal,N0571,1,1.699999999999818,167.26955898462205,0.00010809806573596528,8.648948926933624e-06,0.00010844351586608474,0.07984013065425885,-8.766847025046617e-05,-3.266399790022856e-05,9.355585195423644e-05,-2.7849405130232947,0.45418502955301154,0.4241473113911343,0.3022077399883212,0.1742697933947075,0.21754785805415294,False,0.15512223287375318,False,0.21754785805415294,False
normal,N0574,1,1.6000000000003638,123.8196911878595,-5.851742660579459e-06,1.3946195096827142e-05,1.5124128068897424e-05,1.9680793228864506,3.860873294085616e-05,-8.588068857395061e-06,3.955236005597783e-05,-0.21887504174144154,1.5157530059609803,2.312386503623326,0.5587254853247154,2.3917956778871456,0.7460785302793208,False,0.7651610077046281,False,0.7651610077046281,False
normal,N0575,1,1.699999999999818,189.3499429908503,1.80148973457541e-05,-0.00012057105386969989,0.000121909456391324,-1.422480394268525,2.5476732908484886e-05,-3.2094073711737636e-05,4.097674324668476e-05,-0.8998385836822712,0.5712341906732961,1.0781732135316493,0.5233461834761078,1.710832135946316,0.3478665375696456,False,0.5473134905530636,False,0.5473134905530636,False
normal,N0575,2,1.699999999999818,188.69444854548757,-3.5057390641782526e-05,2.11759044266667e-05,4.095655706840924e-05,2.5982112408459344,2.6384915320407732e-05,4.1703194607535894e-05,4.934896348393852e-05,1.0066910015983426,0.5195324803308797,2.9425184215828097,0.3374340932006986,2.665823585952657,0.9493870578531706,False,0.8528254650883041,False,0.9493870578531706,False
normal,N0576,1,1.699999999999818,112.43911197475262,3.5062100033213914e-05,-1.4807148752461121e-05,3.8060511201461944e-05,-0.3995917625789849,2.4590998403729364e-05,2.513165096570912e-05,3.516130092522812e-05,0.7962711008457553,0.592867106484076,0.055284581842109326,0.6764047750369505,2.876243486705244,0.2839745053977395,False,0.9201410409083864,False,0.9201410409083864,False
normal,N0578,1,1.699999999999818,110.4194132393587,2.6462584998177424e-05,-8.239533362034421e-06,2.7715669120731023e-05,-0.3018508777735198,1.2920863951532785e-05,-2.2757819627396246e-05,2.6169965216773237e-05,-1.0544239665633202,0.9100464644280106,0.04245630296335573,0.9717384501315521,1.556246753065267,0.4358986892652765,False,0.4987901307872257,False,0.4987901307872257,False
normal,N0583,1,1.6000000000003638,171.08499944073836,-5.62504253288495e-06,1.9849657161697705e-05,2.0631286749345076e-05,1.8469387215909139,-2.610111618188724e-05,-2.2432047671103587e-05,3.4416057715244493e-05,-2.431650162632858,1.2052356796637986,2.1912459023277893,0.6978275971895789,0.17902055699572905,0.7069931950076833,False,0.3581925963946415,False,0.7069931950076833,False
normal,N0587,1,1.7000000000007276,119.95885481943672,3.959372691497293e-05,-2.93442106030176e-06,3.97023177909879e-05,-0.07397803181450667,8.65751935216766e-05,4.945865513222494e-05,9.970668333067806e-05,0.5190339205170871,0.5506348321773854,0.27032914892236887,0.3658818434020242,3.1297046401456745,0.26374587561393104,False,1.0012259736112408,True,1.0012259736112408,True
normal,N0587,2,1.699999999999818,117.67086869684759,-5.8822005454766894e-05,3.1486800475321176e-05,6.671916463725631e-05,2.6501136160863594,6.91159276945438e-06,1.3925270652415494e-05,1.5546166001744557e-05,1.1100853850259482,0.031552173462815795,2.994420796823235,1.4925367625828085,2.5624292025250512,0.9661330679932167,False,0.819748496455117,False,0.9661330679932167,False
normal,N0588,1,1.6000000000003638,84.81722067703843,3.167152589298427e-05,-0.00010991956211250603,0.0001143914143954652,-1.2902613187716898,2.7550026116725816e-05,0.00011283259756821214,0.00011614731599577489,1.3313147909143688,0.5075816098822995,0.9459541380348142,0.5185084837143746,2.3411997966366305,0.3052067947597827,False,0.7489748443791944,False,0.7489748443791944,False
normal,N0593,1,1.699999999999818,86.2050999287432,8.480123789100742e-06,0.00023620832640870246,0.00023636050000852213,1.5349107022997313,-6.142153483041664e-05,0.00015100091775692055,0.0001630149750923404,1.9571189534743285,1.23331376016097,1.8792178830366069,0.8574911986948774,1.7153956340766705,0.6063191054149799,False,0.5487734023926756,False,0.6063191054149799,False
normal,N0593,2,1.6000000000003638,84.41825576000132,-0.0003947234821011609,-0.00017458336340047645,0.00043160859363350064,-2.725166472363485,0.00017395413263863614,-0.000319365132828079,0.0003636676069274754,-1.0720411106396905,1.8354747206107125,2.3808592916266096,1.6598894096546568,1.5386296089888967,0.8791650274655286,False,0.8520157410894801,False,0.8791650274655286,False
normal,N0597,1,1.699999999999818,153.4407786916103,2.2135954081076966e-06,-1.6485409950338296e-05,1.663336243402122e-05,-1.4373186783662462,-3.8427767297891235e-06,-2.976080371111934e-05,3.0007871809356683e-05,-1.6992078995382736,1.4206339022499874,1.0930114976293706,0.8348911015457163,0.9114628200903137,0.6804624600193373,False,0.4285468396117315,False,0.6804624600193373,False
normal,N0597,2,1.6000000000003638,150.10061486265465,3.691322599676828e-05,6.152137930576468e-05,7.174584563005902e-05,1.0303720647629675,4.788824070365335e-06,3.4380173754886863e-06,5.8951505028347265e-06,0.6226552556067853,0.041085540276850796,1.374679245499843,2.4622206418729853,3.0498593319442144,0.4435325450485658,False,1.263849707522195,True,1.263849707522195,True
normal,N0598,1,1.699999999999818,85.07397734719021,-0.00019854050948912364,0.0002593799334482374,0.000326643970989536,2.2241078077630636,-2.7018180395682548e-05,0.00021483468396450074,0.00021652695791984092,1.6959021732745525,1.5568263810833844,2.568414988499939,1.1413641855015901,1.9766124142764465,0.8286846843141569,False,0.6323394430101509,False,0.8286846843141569,False
