source,segment_id,source_row,pos_in_seg,seg_len,t_end,label,split,anomaly_score,alarm
abnormal,A0001,13,9,50,2022-07-17 10:51:17.624,1,train,0.9437549941024626,1
abnormal,A0001,14,10,50,2022-07-17 10:51:17.724,1,train,0.8975791113185516,1
abnormal,A0001,15,11,50,2022-07-17 10:51:17.824,1,train,0.9237055839127474,1
abnormal,A0001,16,12,50,2022-07-17 10:51:17.924,1,train,0.9883309062802507,1
abnormal,A0001,17,13,50,2022-07-17 10:51:18.024,1,train,0.9997814717795961,1
abnormal,A0001,18,14,50,2022-07-17 10:51:18.124,1,train,0.996454470992198,1
abnormal,A0001,19,15,50,2022-07-17 10:51:18.224,1,train,0.9983766960987238,1
abnormal,A0001,20,16,50,2022-07-17 10:51:18.324,1,train,0.9939715734258469,1
abnormal,A0001,21,17,50,2022-07-17 10:51:18.424,1,train,0.999785371424817,1
abnormal,A0001,22,18,50,2022-07-17 10:51:18.524,1,train,0.9925536325038725,1
abnormal,A0001,23,19,50,2022-07-17 10:51:18.624,1,train,0.9889159880085663,1
abnormal,A0001,24,20,50,2022-07-17 10:51:18.724,1,train,0.977327152400662,1
abnormal,A0001,25,21,50,2022-07-17 10:51:18.824,1,train,0.977327152400662,1
abnormal,A0001,26,22,50,2022-07-17 10:51:18.924,1,train,0.9753568873585763,1
abnormal,A0001,27,23,50,2022-07-17 10:51:19.024,1,train,0.9771693368485173,1
abnormal,A0001,28,24,50,2022-07-17 10:51:19.124,1,train,0.9743747973274453,1
abnormal,A0001,29,25,50,2022-07-17 10:51:19.224,1,train,0.9743381026070626,1
abnormal,A0001,30,26,50,2022-07-17 10:51:19.324,1,train,0.9309192485381669,1
abnormal,A0001,31,27,50,2022-07-17 10:51:19.424,1,train,0.9138740869030046,1
abnormal,A0001,32,28,50,2022-07-17 10:51:19.524,1,train,0.954643238691967,1
abnormal,A0001,33,29,50,2022-07-17 10:51:19.624,1,train,0.9652026978651556,1
abnormal,A0001,34,30,50,2022-07-17 10:51:19.724,1,train,0.97907905705779,1
abnormal,A0001,35,31,50,2022-07-17 10:51:19.824,1,train,0.900131628780779,1
abnormal,A0001,36,32,50,2022-07-17 10:51:19.924,1,train,0.9732302802545282,1
abnormal,A0001,37,33,50,2022-07-17 10:51:20.024,1,train,0.6717793214711937,1
abnormal,A0001,38,34,50,2022-07-17 10:51:20.124,1,train,0.7235832537764314,1
abnormal,A0001,39,35,50,2022-07-17 10:51:20.224,1,train,0.6632654980930378,1
abnormal,A0001,40,36,50,2022-07-17 10:51:20.324,1,train,0.6609369895092113,1
abnormal,A0001,41,37,50,2022-07-17 10:51:20.424,1,train,0.6578547136201561,1
abnormal,A0001,42,38,50,2022-07-17 10:51:20.524,1,train,0.6499361709436307,1
abnormal,A0001,43,39,50,2022-07-17 10:51:20.624,1,train,0.5878188373597248,1
abnormal,A0001,44,40,50,2022-07-17 10:51:20.724,1,train,0.7677391976555313,1
abnormal,A0001,45,41,50,2022-07-17 10:51:20.824,1,train,0.7931840368873243,1
abnormal,A0001,46,42,50,2022-07-17 10:51:20.924,1,train,0.6236677551685346,1
abnormal,A0001,47,43,50,2022-07-17 10:51:21.024,1,train,0.6119855907137128,1
abnormal,A0001,48,44,50,2022-07-17 10:51:21.124,1,train,0.49292933830018965,1
abnormal,A0001,49,45,50,2022-07-17 10:51:21.224,1,train,0.600372754278305,1
abnormal,A0001,50,46,50,2022-07-17 10:51:21.324,1,train,0.6050786264449559,1
abnormal,A0001,51,47,50,2022-07-17 10:51:21.424,1,train,0.6574716420207396,1
abnormal,A0001,52,48,50,2022-07-17 10:51:21.524,1,train,0.8963858609042963,1
abnormal,A0001,53,49,50,2022-07-17 10:51:21.624,1,train,0.904927293624269,1
abnormal,A0003,110,9,31,2022-07-17 10:51:32.634,1,train,0.5205805569416265,1
abnormal,A0003,111,10,31,2022-07-17 10:51:32.734,1,train,0.5367097851016591,1
abnormal,A0003,112,11,31,2022-07-17 10:51:32.834,1,train,0.6120081353246644,1
abnormal,A0003,113,12,31,2022-07-17 10:51:32.934,1,train,0.59327462720007,1
abnormal,A0003,114,13,31,2022-07-17 10:51:33.034,1,train,0.5856993054644283,1
abnormal,A0003,115,14,31,2022-07-17 10:51:33.134,1,train,0.592486109844295,1
abnormal,A0003,116,15,31,2022-07-17 10:51:33.234,1,train,0.6354158674019965,1
abnormal,A0003,117,16,31,2022-07-17 10:51:33.334,1,train,0.33248326866677774,1
abnormal,A0003,118,17,31,2022-07-17 10:51:33.434,1,train,0.636731569688042,1
abnormal,A0003,119,18,31,2022-07-17 10:51:33.534,1,train,0.6323568688697735,1
abnormal,A0003,120,19,31,2022-07-17 10:51:33.634,1,train,0.744158370875408,1
abnormal,A0003,121,20,31,2022-07-17 10:51:33.734,1,train,0.7404386355011596,1
abnormal,A0003,122,21,31,2022-07-17 10:51:33.834,1,train,0.7676168935734863,1
abnormal,A0003,123,22,31,2022-07-17 10:51:33.934,1,train,0.7789122844654995,1
abnormal,A0003,124,23,31,2022-07-17 10:51:34.034,1,train,0.7879238147190768,1
abnormal,A0003,125,24,31,2022-07-17 10:51:34.134,1,train,0.8037206707818417,1
abnormal,A0003,126,25,31,2022-07-17 10:51:34.234,1,train,0.815078417491059,1
abnormal,A0003,127,26,31,2022-07-17 10:51:34.334,1,train,0.7475594830813169,1
abnormal,A0003,128,27,31,2022-07-17 10:51:34.434,1,train,0.9294888725118445,1
abnormal,A0003,129,28,31,2022-07-17 10:51:34.534,1,train,0.7107201601292774,1
abnormal,A0003,130,29,31,2022-07-17 10:51:34.634,1,train,0.7305504671318989,1
abnormal,A0003,131,30,31,2022-07-17 10:51:34.734,1,train,0.8804787157032484,1
abnormal,A0004,141,9,18,2022-07-17 10:51:40.899,1,train,0.9887194378492931,1
abnormal,A0004,142,10,18,2022-07-17 10:51:40.999,1,train,0.9651341008693128,1
abnormal,A0004,143,11,18,2022-07-17 10:51:41.099,1,train,0.9670044928623918,1
abnormal,A0004,144,12,18,2022-07-17 10:51:41.199,1,train,0.9758230551192436,1
abnormal,A0004,145,13,18,2022-07-17 10:51:41.299,1,train,0.9817823526463133,1
abnormal,A0004,146,14,18,2022-07-17 10:51:41.399,1,train,0.9910675359751324,1
abnormal,A0004,147,15,18,2022-07-17 10:51:41.499,1,train,0.9852319268671249,1
abnormal,A0004,148,16,18,2022-07-17 10:51:41.599,1,train,0.9650825484609142,1
abnormal,A0004,149,17,18,2022-07-17 10:51:41.699,1,train,0.973751292584272,1
abnormal,A0006,162,9,50,2022-07-17 10:51:57.584,1,train,0.819122122714751,1
abnormal,A0006,163,10,50,2022-07-17 10:51:57.684,1,train,0.8985866143101561,1
abnormal,A0006,164,11,50,2022-07-17 10:51:57.784,1,train,0.8806418345858666,1
abnormal,A0006,165,12,50,2022-07-17 10:51:57.884,1,train,0.8706828127185505,1
abnormal,A0006,166,13,50,2022-07-17 10:51:57.984,1,train,0.9167622096243624,1
abnormal,A0006,167,14,50,2022-07-17 10:51:58.084,1,train,0.8732094603061094,1
abnormal,A0006,168,15,50,2022-07-17 10:51:58.184,1,train,0.9166940537726055,1
abnormal,A0006,169,16,50,2022-07-17 10:51:58.284,1,train,0.9144645242706079,1
abnormal,A0006,170,17,50,2022-07-17 10:51:58.384,1,train,0.9225891072022866,1
abnormal,A0006,171,18,50,2022-07-17 10:51:58.484,1,train,0.91986502486888,1
abnormal,A0006,172,19,50,2022-07-17 10:51:58.584,1,train,0.8845365599064752,1
abnormal,A0006,173,20,50,2022-07-17 10:51:58.684,1,train,0.8952666149870386,1
abnormal,A0006,174,21,50,2022-07-17 10:51:58.784,1,train,0.9253764894266315,1
abnormal,A0006,175,22,50,2022-07-17 10:51:58.884,1,train,0.8942155619565106,1
abnormal,A0006,176,23,50,2022-07-17 10:51:58.984,1,train,0.7687592877131786,1
abnormal,A0006,177,24,50,2022-07-17 10:51:59.084,1,train,0.8000926310533827,1
abnormal,A0006,178,25,50,2022-07-17 10:51:59.184,1,train,0.795782443175634,1
abnormal,A0006,179,26,50,2022-07-17 10:51:59.284,1,train,0.7955210878677024,1
abnormal,A0006,180,27,50,2022-07-17 10:51:59.384,1,train,0.8804365869965217,1
abnormal,A0006,181,28,50,2022-07-17 10:51:59.484,1,train,0.8646630016084678,1
abnormal,A0006,182,29,50,2022-07-17 10:51:59.584,1,train,0.8647573576762478,1
abnormal,A0006,183,30,50,2022-07-17 10:51:59.684,1,train,0.8246481433153037,1
abnormal,A0006,184,31,50,2022-07-17 10:51:59.784,1,train,0.8224551959797303,1
abnormal,A0006,185,32,50,2022-07-17 10:51:59.884,1,train,0.959245347389195,1
abnormal,A0006,186,33,50,2022-07-17 10:51:59.984,1,train,0.945425317923243,1
abnormal,A0006,187,34,50,2022-07-17 10:52:00.084,1,train,0.8626120017813697,1
abnormal,A0006,188,35,50,2022-07-17 10:52:00.184,1,train,0.81713697444581,1
abnormal,A0006,189,36,50,2022-07-17 10:52:00.284,1,train,0.8774488054657186,1
abnormal,A0006,190,37,50,2022-07-17 10:52:00.384,1,train,0.9250241501602062,1
abnormal,A0006,191,38,50,2022-07-17 10:52:00.484,1,train,0.9540059315407713,1
abnormal,A0006,192,39,50,2022-07-17 10:52:00.584,1,train,0.9344809475410488,1
abnormal,A0006,193,40,50,2022-07-17 10:52:00.684,1,train,0.9058455757086746,1
abnormal,A0006,194,41,50,2022-07-17 10:52:00.784,1,train,0.9386256345476072,1
abnormal,A0006,195,42,50,2022-07-17 10:52:00.884,1,train,0.7405461536512128,1
abnormal,A0006,196,43,50,2022-07-17 10:52:00.984,1,train,0.7870353718749927,1
abnormal,A0006,197,44,50,2022-07-17 10:52:01.084,1,train,0.8623760267070373,1
abnormal,A0006,198,45,50,2022-07-17 10:52:01.184,1,train,0.8653600778285958,1
abnormal,A0006,199,46,50,2022-07-17 10:52:01.284,1,train,0.9461248746002895,1
abnormal,A0006,200,47,50,2022-07-17 10:52:01.384,1,train,0.8371204702786469,1
abnormal,A0006,201,48,50,2022-07-17 10:52:01.484,1,train,0.8125889360147294,1
abnormal,A0006,202,49,50,2022-07-17 10:52:01.584,1,train,0.8597267922658864,1
abnormal,A0008,252,9,25,2022-07-17 10:52:13.467,1,train,0.755930621985777,1
abnormal,A0008,253,10,25,2022-07-17 10:52:13.567,1,train,0.7710832851568288,1
abnormal,A0008,254,11,25,2022-07-17 10:52:13.667,1,train,0.7576407799633706,1
abnormal,A0008,255,12,25,2022-07-17 10:52:13.767,1,train,0.7152281567024141,1
abnormal,A0008,256,13,25,2022-07-17 10:52:13.867,1,train,0.6939307988358359,1
abnormal,A0008,257,14,25,2022-07-17 10:52:13.967,1,train,0.7612107669778796,1
abnormal,A0008,258,15,25,2022-07-17 10:52:14.067,1,train,0.7575260816573803,1
abnormal,A0008,259,16,25,2022-07-17 10:52:14.167,1,train,0.7329012644943054,1
abnormal,A0008,260,17,25,2022-07-17 10:52:14.267,1,train,0.9095931472286451,1
abnormal,A0008,261,18,25,2022-07-17 10:52:14.367,1,train,0.957869958878043,1
abnormal,A0008,262,19,25,2022-07-17 10:52:14.467,1,train,0.955080621397178,1
abnormal,A0008,263,20,25,2022-07-17 10:52:14.567,1,train,0.9648630866985415,1
abnormal,A0008,264,21,25,2022-07-17 10:52:14.667,1,train,0.980602423246602,1
abnormal,A0008,265,22,25,2022-07-17 10:52:14.767,1,train,0.9905756007371666,1
abnormal,A0008,266,23,25,2022-07-17 10:52:14.867,1,train,0.9951821189854966,1
abnormal,A0008,267,24,25,2022-07-17 10:52:14.967,1,train,0.996006830381033,1
abnormal,A0011,289,9,50,2022-07-17 10:52:39.072,1,train,0.8784240678583607,1
abnormal,A0011,290,10,50,2022-07-17 10:52:39.172,1,train,0.9136327413021661,1
abnormal,A0011,291,11,50,2022-07-17 10:52:39.272,1,train,0.7276680934198183,1
abnormal,A0011,292,12,50,2022-07-17 10:52:39.372,1,train,0.7253456677944999,1
abnormal,A0011,293,13,50,2022-07-17 10:52:39.472,1,train,0.710595863559219,1
abnormal,A0011,294,14,50,2022-07-17 10:52:39.572,1,train,0.7423383715049539,1
abnormal,A0011,295,15,50,2022-07-17 10:52:39.672,1,train,0.7633112750757818,1
abnormal,A0011,296,16,50,2022-07-17 10:52:39.772,1,train,0.8625015856830917,1
abnormal,A0011,297,17,50,2022-07-17 10:52:39.872,1,train,0.718976429069208,1
abnormal,A0011,298,18,50,2022-07-17 10:52:39.972,1,train,0.7426725211111,1
abnormal,A0011,299,19,50,2022-07-17 10:52:40.072,1,train,0.6765145431698553,1
abnormal,A0011,300,20,50,2022-07-17 10:52:40.172,1,train,0.6779922691036431,1
abnormal,A0011,301,21,50,2022-07-17 10:52:40.272,1,train,0.6971489307453692,1
abnormal,A0011,302,22,50,2022-07-17 10:52:40.372,1,train,0.7395196532351073,1
abnormal,A0011,303,23,50,2022-07-17 10:52:40.472,1,train,0.6762589097735399,1
abnormal,A0011,304,24,50,2022-07-17 10:52:40.572,1,train,0.7258189033596604,1
abnormal,A0011,305,25,50,2022-07-17 10:52:40.672,1,train,0.7128233975788625,1
abnormal,A0011,306,26,50,2022-07-17 10:52:40.772,1,train,0.7602380164823334,1
abnormal,A0011,307,27,50,2022-07-17 10:52:40.872,1,train,0.7619873347315391,1
abnormal,A0011,308,28,50,2022-07-17 10:52:40.972,1,train,0.7530898700157792,1
abnormal,A0011,309,29,50,2022-07-17 10:52:41.072,1,train,0.8964493815190903,1
abnormal,A0011,310,30,50,2022-07-17 10:52:41.172,1,train,0.8830694092702964,1
abnormal,A0011,311,31,50,2022-07-17 10:52:41.272,1,train,0.8602954510578561,1
abnormal,A0011,312,32,50,2022-07-17 10:52:41.372,1,train,0.9294966360231,1
abnormal,A0011,313,33,50,2022-07-17 10:52:41.472,1,train,0.8937166930406079,1
abnormal,A0011,314,34,50,2022-07-17 10:52:41.572,1,train,0.8028327922498594,1
abnormal,A0011,315,35,50,2022-07-17 10:52:41.672,1,train,0.8249443491708971,1
abnormal,A0011,316,36,50,2022-07-17 10:52:41.772,1,train,0.8455179068995985,1
abnormal,A0011,317,37,50,2022-07-17 10:52:41.872,1,train,0.82311628560982,1
abnormal,A0011,318,38,50,2022-07-17 10:52:41.972,1,train,0.814207477624442,1
abnormal,A0011,319,39,50,2022-07-17 10:52:42.072,1,train,0.7198266692704883,1
abnormal,A0011,320,40,50,2022-07-17 10:52:42.172,1,train,0.7356246510694777,1
abnormal,A0011,321,41,50,2022-07-17 10:52:42.272,1,train,0.7076636763022589,1
abnormal,A0011,322,42,50,2022-07-17 10:52:42.372,1,train,0.8429762961598165,1
abnormal,A0011,323,43,50,2022-07-17 10:52:42.472,1,train,0.9181324602712319,1
abnormal,A0011,324,44,50,2022-07-17 10:52:42.572,1,train,0.9174306523039604,1
abnormal,A0011,325,45,50,2022-07-17 10:52:42.672,1,train,0.9682794667176152,1
abnormal,A0011,326,46,50,2022-07-17 10:52:42.772,1,train,0.9878609028051604,1
abnormal,A0011,327,47,50,2022-07-17 10:52:42.872,1,train,0.9890037614352472,1
abnormal,A0011,328,48,50,2022-07-17 10:52:42.972,1,train,0.9888489654496705,1
abnormal,A0011,329,49,50,2022-07-17 10:52:43.072,1,train,0.9675385570773603,1
abnormal,A0013,381,9,28,2022-07-17 10:52:54.669,1,train,0.9952582167403132,1
abnormal,A0013,382,10,28,2022-07-17 10:52:54.769,1,train,0.9925184224600474,1
abnormal,A0013,383,11,28,2022-07-17 10:52:54.869,1,train,0.9960677805077286,1
abnormal,A0013,384,12,28,2022-07-17 10:52:54.969,1,train,0.9923654834413755,1
abnormal,A0013,385,13,28,2022-07-17 10:52:55.069,1,train,0.9244915950960791,1
abnormal,A0013,386,14,28,2022-07-17 10:52:55.169,1,train,0.97761562033872,1
abnormal,A0013,387,15,28,2022-07-17 10:52:55.269,1,train,0.9926430788461031,1
abnormal,A0013,388,16,28,2022-07-17 10:52:55.369,1,train,0.9926564279686891,1
abnormal,A0013,389,17,28,2022-07-17 10:52:55.469,1,train,0.9881711571149738,1
abnormal,A0013,390,18,28,2022-07-17 10:52:55.569,1,train,0.9908021710825896,1
abnormal,A0013,391,19,28,2022-07-17 10:52:55.669,1,train,0.9947926397326783,1
abnormal,A0013,392,20,28,2022-07-17 10:52:55.769,1,train,0.9992238181577231,1
abnormal,A0013,393,21,28,2022-07-17 10:52:55.869,1,train,0.9788628543432751,1
abnormal,A0013,394,22,28,2022-07-17 10:52:55.969,1,train,0.9887000876469515,1
abnormal,A0013,395,23,28,2022-07-17 10:52:56.069,1,train,0.9678605871096717,1
abnormal,A0013,396,24,28,2022-07-17 10:52:56.169,1,train,0.9852274645741246,1
abnormal,A0013,397,25,28,2022-07-17 10:52:56.269,1,train,0.9750400148161404,1
abnormal,A0013,398,26,28,2022-07-17 10:52:56.369,1,train,0.9815793755583606,1
abnormal,A0013,399,27,28,2022-07-17 10:52:56.469,1,train,0.9599003620430155,1
abnormal,A0014,409,9,15,2022-07-17 10:53:02.809,1,train,0.9486469569777047,1
abnormal,A0014,410,10,15,2022-07-17 10:53:02.909,1,train,0.7011219544785138,1
abnormal,A0014,411,11,15,2022-07-17 10:53:03.009,1,train,0.4628841430970554,1
abnormal,A0014,412,12,15,2022-07-17 10:53:03.109,1,train,0.43215901977833177,1
abnormal,A0014,413,13,15,2022-07-17 10:53:03.209,1,train,0.4694178127764555,1
abnormal,A0014,414,14,15,2022-07-17 10:53:03.309,1,train,0.22153009166495138,0
abnormal,A0015,424,9,50,2022-07-17 10:53:12.664,1,train,0.4821437816639714,1
abnormal,A0015,425,10,50,2022-07-17 10:53:12.764,1,train,0.5402060693186793,1
abnormal,A0015,426,11,50,2022-07-17 10:53:12.864,1,train,0.530904755906214,1
abnormal,A0015,427,12,50,2022-07-17 10:53:12.964,1,train,0.5159156099479864,1
abnormal,A0015,428,13,50,2022-07-17 10:53:13.064,1,train,0.4625166216004752,1
abnormal,A0015,429,14,50,2022-07-17 10:53:13.164,1,train,0.538627023449213,1
abnormal,A0015,430,15,50,2022-07-17 10:53:13.264,1,train,0.55765502512788,1
abnormal,A0015,431,16,50,2022-07-17 10:53:13.364,1,train,0.6049162648272146,1
abnormal,A0015,432,17,50,2022-07-17 10:53:13.464,1,train,0.4631795851097967,1
abnormal,A0015,433,18,50,2022-07-17 10:53:13.564,1,train,0.34892073684957287,1
abnormal,A0015,434,19,50,2022-07-17 10:53:13.664,1,train,0.3963336878566193,1
abnormal,A0015,435,20,50,2022-07-17 10:53:13.764,1,train,0.475561944399484,1
abnormal,A0015,436,21,50,2022-07-17 10:53:13.864,1,train,0.4505979909566643,1
abnormal,A0015,437,22,50,2022-07-17 10:53:13.964,1,train,0.520678956549442,1
abnormal,A0015,438,23,50,2022-07-17 10:53:14.064,1,train,0.4836173901099814,1
abnormal,A0015,439,24,50,2022-07-17 10:53:14.164,1,train,0.49451980254661926,1
abnormal,A0015,440,25,50,2022-07-17 10:53:14.264,1,train,0.5350693146162762,1
abnormal,A0015,441,26,50,2022-07-17 10:53:14.364,1,train,0.5462942075503764,1
abnormal,A0015,442,27,50,2022-07-17 10:53:14.464,1,train,0.5659383302554181,1
abnormal,A0015,443,28,50,2022-07-17 10:53:14.564,1,train,0.6358100066810424,1
abnormal,A0015,444,29,50,2022-07-17 10:53:14.664,1,train,0.6543494882170094,1
abnormal,A0015,445,30,50,2022-07-17 10:53:14.764,1,train,0.6360494601144987,1
abnormal,A0015,446,31,50,2022-07-17 10:53:14.864,1,train,0.5183284762626574,1
abnormal,A0015,447,32,50,2022-07-17 10:53:14.964,1,train,0.6253580206719239,1
abnormal,A0015,448,33,50,2022-07-17 10:53:15.064,1,train,0.7726954910994043,1
abnormal,A0015,449,34,50,2022-07-17 10:53:15.164,1,train,0.9189931396484357,1
abnormal,A0015,450,35,50,2022-07-17 10:53:15.264,1,train,0.9304504151293751,1
abnormal,A0015,451,36,50,2022-07-17 10:53:15.364,1,train,0.9670448834662783,1
abnormal,A0015,452,37,50,2022-07-17 10:53:15.464,1,train,0.944995573107885,1
abnormal,A0015,453,38,50,2022-07-17 10:53:15.564,1,train,0.9276753743623658,1
abnormal,A0015,454,39,50,2022-07-17 10:53:15.664,1,train,0.9529156445372206,1
abnormal,A0015,455,40,50,2022-07-17 10:53:15.764,1,train,0.9666448950454805,1
abnormal,A0015,456,41,50,2022-07-17 10:53:15.864,1,train,0.9887845804334635,1
abnormal,A0015,457,42,50,2022-07-17 10:53:15.964,1,train,0.9852304663764532,1
abnormal,A0015,458,43,50,2022-07-17 10:53:16.064,1,train,0.9849973181066144,1
abnormal,A0015,459,44,50,2022-07-17 10:53:16.164,1,train,0.9851936152644353,1
abnormal,A0015,460,45,50,2022-07-17 10:53:16.264,1,train,0.9826161216039196,1
abnormal,A0015,461,46,50,2022-07-17 10:53:16.364,1,train,0.9859597255560205,1
abnormal,A0015,462,47,50,2022-07-17 10:53:16.464,1,train,0.9814811061206086,1
abnormal,A0015,463,48,50,2022-07-17 10:53:16.564,1,train,0.9738118683489493,1
abnormal,A0015,464,49,50,2022-07-17 10:53:16.664,1,train,0.9786951165322796,1
abnormal,A0016,474,9,50,2022-07-17 10:53:19.344,1,train,0.6731790952973242,1
abnormal,A0016,475,10,50,2022-07-17 10:53:19.444,1,train,0.7967279112309368,1
abnormal,A0016,476,11,50,2022-07-17 10:53:19.544,1,train,0.7874507263963116,1
abnormal,A0016,477,12,50,2022-07-17 10:53:19.644,1,train,0.743313618104109,1
abnormal,A0016,478,13,50,2022-07-17 10:53:19.744,1,train,0.5740717012421733,1
abnormal,A0016,479,14,50,2022-07-17 10:53:19.844,1,train,0.5944601042718072,1
abnormal,A0016,480,15,50,2022-07-17 10:53:19.944,1,train,0.5915825743929352,1
abnormal,A0016,481,16,50,2022-07-17 10:53:20.044,1,train,0.5554747158904929,1
abnormal,A0016,482,17,50,2022-07-17 10:53:20.144,1,train,0.5677767025004247,1
abnormal,A0016,483,18,50,2022-07-17 10:53:20.244,1,train,0.5616031001560855,1
abnormal,A0016,484,19,50,2022-07-17 10:53:20.344,1,train,0.5481222521546855,1
abnormal,A0016,485,20,50,2022-07-17 10:53:20.444,1,train,0.5001579884686395,1
abnormal,A0016,486,21,50,2022-07-17 10:53:20.544,1,train,0.5222545507786074,1
abnormal,A0016,487,22,50,2022-07-17 10:53:20.644,1,train,0.5187107952928784,1
abnormal,A0016,488,23,50,2022-07-17 10:53:20.744,1,train,0.49859287022513826,1
abnormal,A0016,489,24,50,2022-07-17 10:53:20.844,1,train,0.6363416962840343,1
abnormal,A0016,490,25,50,2022-07-17 10:53:20.944,1,train,0.6959937018162845,1
abnormal,A0016,491,26,50,2022-07-17 10:53:21.044,1,train,0.6643067034540912,1
abnormal,A0016,492,27,50,2022-07-17 10:53:21.144,1,train,0.6829200427374476,1
abnormal,A0016,493,28,50,2022-07-17 10:53:21.244,1,train,0.686891490446585,1
abnormal,A0016,494,29,50,2022-07-17 10:53:21.344,1,train,0.6735273195069107,1
abnormal,A0016,495,30,50,2022-07-17 10:53:21.444,1,train,0.7495237494370582,1
abnormal,A0016,496,31,50,2022-07-17 10:53:21.544,1,train,0.7361424392275545,1
abnormal,A0016,497,32,50,2022-07-17 10:53:21.644,1,train,0.6882589228486882,1
abnormal,A0016,498,33,50,2022-07-17 10:53:21.744,1,train,0.6748804878464457,1
abnormal,A0016,499,34,50,2022-07-17 10:53:21.844,1,train,0.6473812846969117,1
abnormal,A0016,500,35,50,2022-07-17 10:53:21.944,1,train,0.5632327039000014,1
abnormal,A0016,501,36,50,2022-07-17 10:53:22.044,1,train,0.5386511113518044,1
abnormal,A0016,502,37,50,2022-07-17 10:53:22.144,1,train,0.5320839623816207,1
abnormal,A0016,503,38,50,2022-07-17 10:53:22.244,1,train,0.5449538524386938,1
abnormal,A0016,504,39,50,2022-07-17 10:53:22.344,1,train,0.5155778752070662,1
abnormal,A0016,505,40,50,2022-07-17 10:53:22.444,1,train,0.5000893776071008,1
abnormal,A0016,506,41,50,2022-07-17 10:53:22.544,1,train,0.5057796617276684,1
abnormal,A0016,507,42,50,2022-07-17 10:53:22.644,1,train,0.4423291249667732,1
abnormal,A0016,508,43,50,2022-07-17 10:53:22.744,1,train,0.7022920185510144,1
abnormal,A0016,509,44,50,2022-07-17 10:53:22.844,1,train,0.4444612749215153,1
abnormal,A0016,510,45,50,2022-07-17 10:53:22.944,1,train,0.546983025578657,1
abnormal,A0016,511,46,50,2022-07-17 10:53:23.044,1,train,0.628211427838775,1
abnormal,A0016,512,47,50,2022-07-17 10:53:23.144,1,train,0.7277173432295366,1
abnormal,A0016,513,48,50,2022-07-17 10:53:23.244,1,train,0.826604468374482,1
abnormal,A0016,514,49,50,2022-07-17 10:53:23.344,1,train,0.8680631193526451,1
abnormal,A0018,560,9,24,2022-07-17 10:53:35.539,1,train,0.8097000434651938,1
abnormal,A0018,561,10,24,2022-07-17 10:53:35.639,1,train,0.8969996035560429,1
abnormal,A0018,562,11,24,2022-07-17 10:53:35.739,1,train,0.9051326924416103,1
abnormal,A0018,563,12,24,2022-07-17 10:53:35.839,1,train,0.9351641570360205,1
abnormal,A0018,564,13,24,2022-07-17 10:53:35.939,1,train,0.9494916481509362,1
abnormal,A0018,565,14,24,2022-07-17 10:53:36.039,1,train,0.9474572839581621,1
abnormal,A0018,566,15,24,2022-07-17 10:53:36.139,1,train,0.9222676797451183,1
abnormal,A0018,567,16,24,2022-07-17 10:53:36.239,1,train,0.9294184911217277,1
abnormal,A0018,568,17,24,2022-07-17 10:53:36.339,1,train,0.9354783171534016,1
abnormal,A0018,569,18,24,2022-07-17 10:53:36.439,1,train,0.9742548827306352,1
abnormal,A0018,570,19,24,2022-07-17 10:53:36.539,1,train,0.9601742733725382,1
abnormal,A0018,571,20,24,2022-07-17 10:53:36.639,1,train,0.9704179872787544,1
abnormal,A0018,572,21,24,2022-07-17 10:53:36.739,1,train,0.9427866879381542,1
abnormal,A0018,573,22,24,2022-07-17 10:53:36.839,1,train,0.898371350456229,1
abnormal,A0018,574,23,24,2022-07-17 10:53:36.939,1,train,0.8705154318213668,1
abnormal,A0019,584,9,10,2022-07-17 10:53:43.568,1,train,0.7954289778173499,1
abnormal,A0020,594,9,15,2022-07-17 10:53:53.040,1,train,0.6735061352177674,1
abnormal,A0020,595,10,15,2022-07-17 10:53:53.140,1,train,0.6472469975344922,1
abnormal,A0020,596,11,15,2022-07-17 10:53:53.240,1,train,0.6647104648385763,1
abnormal,A0020,597,12,15,2022-07-17 10:53:53.340,1,train,0.6650720584922322,1
abnormal,A0020,598,13,15,2022-07-17 10:53:53.440,1,train,0.6425384118283027,1
abnormal,A0020,599,14,15,2022-07-17 10:53:53.540,1,train,0.6409348526287405,1
normal,N0000,9,9,41,2022-07-12 00:00:00.919,0,train,0.0,0
normal,N0000,10,10,41,2022-07-12 00:00:01.019,0,train,0.0,0
normal,N0000,11,11,41,2022-07-12 00:00:01.119,0,train,0.0,0
normal,N0000,12,12,41,2022-07-12 00:00:01.219,0,train,0.0,0
normal,N0000,13,13,41,2022-07-12 00:00:01.319,0,train,0.0,0
normal,N0000,14,14,41,2022-07-12 00:00:01.419,0,train,0.0,0
normal,N0000,15,15,41,2022-07-12 00:00:01.519,0,train,0.0,0
normal,N0000,16,16,41,2022-07-12 00:00:01.619,0,train,0.0,0
normal,N0000,17,17,41,2022-07-12 00:00:01.719,0,train,0.0,0
normal,N0000,18,18,41,2022-07-12 00:00:01.819,0,train,0.0,0
normal,N0000,19,19,41,2022-07-12 00:00:01.919,0,train,0.0,0
normal,N0000,20,20,41,2022-07-12 00:00:02.019,0,train,0.0,0
normal,N0000,21,21,41,2022-07-12 00:00:02.119,0,train,0.0032656308094039933,0
normal,N0000,22,22,41,2022-07-12 00:00:02.219,0,train,0.012004660156590756,0
normal,N0000,23,23,41,2022-07-12 00:00:02.319,0,train,0.009031261973553488,0
normal,N0000,24,24,41,2022-07-12 00:00:02.419,0,train,0.0,0
normal,N0000,25,25,41,2022-07-12 00:00:02.519,0,train,0.0,0
normal,N0000,26,26,41,2022-07-12 00:00:02.619,0,train,0.006012021991550401,0
normal,N0000,27,27,41,2022-07-12 00:00:02.719,0,train,0.0,0
normal,N0000,28,28,41,2022-07-12 00:00:02.819,0,train,0.0,0
normal,N0000,29,29,41,2022-07-12 00:00:02.919,0,train,0.0,0
normal,N0000,30,30,41,2022-07-12 00:00:03.019,0,train,0.0,0
normal,N0000,31,31,41,2022-07-12 00:00:03.119,0,train,0.0,0
normal,N0000,32,32,41,2022-07-12 00:00:03.219,0,train,0.0,0
normal,N0000,33,33,41,2022-07-12 00:00:03.319,0,train,0.0,0
normal,N0000,34,34,41,2022-07-12 00:00:03.419,0,train,0.0,0
normal,N0000,35,35,41,2022-07-12 00:00:03.519,0,train,0.0,0
normal,N0000,36,36,41,2022-07-12 00:00:03.619,0,train,0.0,0
normal,N0000,37,37,41,2022-07-12 00:00:03.719,0,train,0.0,0
normal,N0000,38,38,41,2022-07-12 00:00:03.819,0,train,0.0,0
normal,N0000,39,39,41,2022-07-12 00:00:03.919,0,train,0.01517598243006752,0
normal,N0000,40,40,41,2022-07-12 00:00:04.019,0,train,0.0,0
normal,N0001,50,9,37,2022-07-12 00:00:08.124,0,train,0.0,0
normal,N0001,51,10,37,2022-07-12 00:00:08.224,0,train,0.0,0
normal,N0001,52,11,37,2022-07-12 00:00:08.324,0,train,0.0,0
normal,N0001,53,12,37,2022-07-12 00:00:08.424,0,train,0.0,0
normal,N0001,54,13,37,2022-07-12 00:00:08.524,0,train,0.0,0
normal,N0001,55,14,37,2022-07-12 00:00:08.624,0,train,0.0,0
normal,N0001,56,15,37,2022-07-12 00:00:08.724,0,train,0.0,0
normal,N0001,57,16,37,2022-07-12 00:00:08.824,0,train,0.0,0
normal,N0001,58,17,37,2022-07-12 00:00:08.924,0,train,0.0,0
normal,N0001,59,18,37,2022-07-12 00:00:09.024,0,train,0.0,0
normal,N0001,60,19,37,2022-07-12 00:00:09.124,0,train,0.0,0
normal,N0001,61,20,37,2022-07-12 00:00:09.224,0,train,0.0,0
normal,N0001,62,21,37,2022-07-12 00:00:09.324,0,train,0.0,0
normal,N0001,63,22,37,2022-07-12 00:00:09.424,0,train,0.0,0
normal,N0001,64,23,37,2022-07-12 00:00:09.524,0,train,0.0,0
normal,N0001,65,24,37,2022-07-12 00:00:09.624,0,train,0.0,0
normal,N0001,66,25,37,2022-07-12 00:00:09.724,0,train,0.0,0
normal,N0001,67,26,37,2022-07-12 00:00:09.824,0,train,0.0,0
normal,N0001,68,27,37,2022-07-12 00:00:09.924,0,train,0.0,0
normal,N0001,69,28,37,2022-07-12 00:00:10.024,0,train,0.0,0
normal,N0001,70,29,37,2022-07-12 00:00:10.124,0,train,0.0,0
normal,N0001,71,30,37,2022-07-12 00:00:10.224,0,train,0.0,0
normal,N0001,72,31,37,2022-07-12 00:00:10.324,0,train,0.0,0
normal,N0001,73,32,37,2022-07-12 00:00:10.424,0,train,0.0,0
normal,N0001,74,33,37,2022-07-12 00:00:10.524,0,train,0.0,0
normal,N0001,75,34,37,2022-07-12 00:00:10.624,0,train,0.009289334208458178,0
normal,N0001,76,35,37,2022-07-12 00:00:10.724,0,train,0.0,0
normal,N0001,77,36,37,2022-07-12 00:00:10.824,0,train,0.0,0
normal,N0003,111,9,10,2022-07-12 00:00:24.224,0,train,0.0,0
normal,N0004,121,9,50,2022-07-12 00:00:33.652,0,train,0.0,0
normal,N0004,122,10,50,2022-07-12 00:00:33.752,0,train,0.0,0
normal,N0004,123,11,50,2022-07-12 00:00:33.852,0,train,0.0,0
normal,N0004,124,12,50,2022-07-12 00:00:33.952,0,train,0.0,0
normal,N0004,125,13,50,2022-07-12 00:00:34.052,0,train,0.0,0
normal,N0004,126,14,50,2022-07-12 00:00:34.152,0,train,0.0,0
normal,N0004,127,15,50,2022-07-12 00:00:34.252,0,train,0.0,0
normal,N0004,128,16,50,2022-07-12 00:00:34.352,0,train,0.009476257235473084,0
normal,N0004,129,17,50,2022-07-12 00:00:34.452,0,train,0.0,0
normal,N0004,130,18,50,2022-07-12 00:00:34.552,0,train,0.009563941291899813,0
normal,N0004,131,19,50,2022-07-12 00:00:34.652,0,train,0.0,0
normal,N0004,132,20,50,2022-07-12 00:00:34.752,0,train,0.0,0
normal,N0004,133,21,50,2022-07-12 00:00:34.852,0,train,0.0,0
normal,N0004,134,22,50,2022-07-12 00:00:34.952,0,train,0.0,0
normal,N0004,135,23,50,2022-07-12 00:00:35.052,0,train,0.0,0
normal,N0004,136,24,50,2022-07-12 00:00:35.152,0,train,0.0,0
normal,N0004,137,25,50,2022-07-12 00:00:35.252,0,train,0.0,0
normal,N0004,138,26,50,2022-07-12 00:00:35.352,0,train,0.0,0
normal,N0004,139,27,50,2022-07-12 00:00:35.452,0,train,0.0,0
normal,N0004,140,28,50,2022-07-12 00:00:35.552,0,train,0.003260118800939356,0
normal,N0004,141,29,50,2022-07-12 00:00:35.652,0,train,0.0032326232418407757,0
normal,N0004,142,30,50,2022-07-12 00:00:35.752,0,train,0.005887115653970147,0
normal,N0004,143,31,50,2022-07-12 00:00:35.852,0,train,0.0,0
normal,N0004,144,32,50,2022-07-12 00:00:35.952,0,train,0.0,0
normal,N0004,145,33,50,2022-07-12 00:00:36.052,0,train,0.008888398825288723,0
normal,N0004,146,34,50,2022-07-12 00:00:36.152,0,train,0.0,0
normal,N0004,147,35,50,2022-07-12 00:00:36.252,0,train,0.02946855828698198,0
normal,N0004,148,36,50,2022-07-12 00:00:36.352,0,train,0.009316741923984552,0
normal,N0004,149,37,50,2022-07-12 00:00:36.452,0,train,0.0,0
normal,N0004,150,38,50,2022-07-12 00:00:36.552,0,train,0.0,0
normal,N0004,151,39,50,2022-07-12 00:00:36.652,0,train,0.0,0
normal,N0004,152,40,50,2022-07-12 00:00:36.752,0,train,0.0,0
normal,N0004,153,41,50,2022-07-12 00:00:36.852,0,train,0.0,0
normal,N0004,154,42,50,2022-07-12 00:00:36.952,0,train,0.0,0
normal,N0004,155,43,50,2022-07-12 00:00:37.052,0,train,0.009886679489238246,0
normal,N0004,156,44,50,2022-07-12 00:00:37.152,0,train,0.014995634305826375,0
normal,N0004,157,45,50,2022-07-12 00:00:37.252,0,train,0.0,0
normal,N0004,158,46,50,2022-07-12 00:00:37.352,0,train,0.0,0
normal,N0004,159,47,50,2022-07-12 00:00:37.452,0,train,0.0,0
normal,N0004,160,48,50,2022-07-12 00:00:37.552,0,train,0.0,0
normal,N0004,161,49,50,2022-07-12 00:00:37.652,0,train,0.0,0
normal,N0005,171,9,50,2022-07-12 00:00:40.656,0,train,0.0,0
normal,N0005,172,10,50,2022-07-12 00:00:40.756,0,train,0.0,0
normal,N0005,173,11,50,2022-07-12 00:00:40.856,0,train,0.0,0
normal,N0005,174,12,50,2022-07-12 00:00:40.956,0,train,0.002812592989347141,0
normal,N0005,175,13,50,2022-07-12 00:00:41.056,0,train,0.003260291935539529,0
normal,N0005,176,14,50,2022-07-12 00:00:41.156,0,train,0.003260291935539529,0
normal,N0005,177,15,50,2022-07-12 00:00:41.256,0,train,0.003260291935539529,0
normal,N0005,178,16,50,2022-07-12 00:00:41.356,0,train,0.009208485869511928,0
normal,N0005,179,17,50,2022-07-12 00:00:41.456,0,train,0.006313317834913035,0
normal,N0005,180,18,50,2022-07-12 00:00:41.556,0,train,0.0,0
normal,N0005,181,19,50,2022-07-12 00:00:41.656,0,train,0.0,0
normal,N0005,182,20,50,2022-07-12 00:00:41.756,0,train,0.0,0
normal,N0005,183,21,50,2022-07-12 00:00:41.856,0,train,0.0029738058551617877,0
normal,N0005,184,22,50,2022-07-12 00:00:41.956,0,train,0.0,0
normal,N0005,185,23,50,2022-07-12 00:00:42.056,0,train,0.0,0
normal,N0005,186,24,50,2022-07-12 00:00:42.156,0,train,0.0,0
normal,N0005,187,25,50,2022-07-12 00:00:42.256,0,train,0.0,0
normal,N0005,188,26,50,2022-07-12 00:00:42.356,0,train,0.0,0
normal,N0005,189,27,50,2022-07-12 00:00:42.456,0,train,0.0,0
normal,N0005,190,28,50,2022-07-12 00:00:42.556,0,train,0.0,0
normal,N0005,191,29,50,2022-07-12 00:00:42.656,0,train,0.0,0
normal,N0005,192,30,50,2022-07-12 00:00:42.756,0,train,0.0,0
normal,N0005,193,31,50,2022-07-12 00:00:42.856,0,train,0.0,0
normal,N0005,194,32,50,2022-07-12 00:00:42.956,0,train,0.0,0
normal,N0005,195,33,50,2022-07-12 00:00:43.056,0,train,0.0,0
normal,N0005,196,34,50,2022-07-12 00:00:43.156,0,train,0.0,0
normal,N0005,197,35,50,2022-07-12 00:00:43.256,0,train,0.0,0
normal,N0005,198,36,50,2022-07-12 00:00:43.356,0,train,0.0,0
normal,N0005,199,37,50,2022-07-12 00:00:43.456,0,train,0.0029468237641044827,0
normal,N0005,200,38,50,2022-07-12 00:00:43.556,0,train,0.0,0
normal,N0005,201,39,50,2022-07-12 00:00:43.656,0,train,0.0,0
normal,N0005,202,40,50,2022-07-12 00:00:43.756,0,train,0.00652084882951096,0
normal,N0005,203,41,50,2022-07-12 00:00:43.856,0,train,0.0,0
normal,N0005,204,42,50,2022-07-12 00:00:43.956,0,train,0.0,0
normal,N0005,205,43,50,2022-07-12 00:00:44.056,0,train,0.0,0
normal,N0005,206,44,50,2022-07-12 00:00:44.156,0,train,0.0,0
normal,N0005,207,45,50,2022-07-12 00:00:44.256,0,train,0.0,0
normal,N0005,208,46,50,2022-07-12 00:00:44.356,0,train,0.0,0
normal,N0005,209,47,50,2022-07-12 00:00:44.456,0,train,0.0,0
normal,N0005,210,48,50,2022-07-12 00:00:44.556,0,train,0.0,0
normal,N0005,211,49,50,2022-07-12 00:00:44.656,0,train,0.0,0
normal,N0006,221,9,50,2022-07-12 00:00:48.576,0,train,0.0,0
normal,N0006,222,10,50,2022-07-12 00:00:48.676,0,train,0.0,0
normal,N0006,223,11,50,2022-07-12 00:00:48.776,0,train,0.0,0
normal,N0006,224,12,50,2022-07-12 00:00:48.876,0,train,0.005970107560583115,0
normal,N0006,225,13,50,2022-07-12 00:00:48.976,0,train,0.009141280542792382,0
normal,N0006,226,14,50,2022-07-12 00:00:49.076,0,train,0.01878559452455603,0
normal,N0006,227,15,50,2022-07-12 00:00:49.176,0,train,0.024446573590017888,0
normal,N0006,228,16,50,2022-07-12 00:00:49.276,0,train,0.009058595417966794,0
normal,N0006,229,17,50,2022-07-12 00:00:49.376,0,train,0.006094554482843332,0
normal,N0006,230,18,50,2022-07-12 00:00:49.476,0,train,0.011467965521236969,0
normal,N0006,231,19,50,2022-07-12 00:00:49.576,0,train,0.014911332348149037,0
normal,N0006,232,20,50,2022-07-12 00:00:49.676,0,train,0.014976657939190098,0
normal,N0006,233,21,50,2022-07-12 00:00:49.776,0,train,0.003023628610817223,0
normal,N0006,234,22,50,2022-07-12 00:00:49.876,0,train,0.01249402363323816,0
normal,N0006,235,23,50,2022-07-12 00:00:49.976,0,train,0.040093833050360496,0
normal,N0006,236,24,50,2022-07-12 00:00:50.076,0,train,0.00955155325224155,0
normal,N0006,237,25,50,2022-07-12 00:00:50.176,0,train,0.0,0
normal,N0006,238,26,50,2022-07-12 00:00:50.276,0,train,0.002971184899507729,0
normal,N0006,239,27,50,2022-07-12 00:00:50.376,0,train,0.002971184899507729,0
normal,N0006,240,28,50,2022-07-12 00:00:50.476,0,train,0.002971184899507729,0
normal,N0006,241,29,50,2022-07-12 00:00:50.576,0,train,0.002971184899507729,0
normal,N0006,242,30,50,2022-07-12 00:00:50.676,0,train,0.015366815359384842,0
normal,N0006,243,31,50,2022-07-12 00:00:50.776,0,train,0.04899440496486685,0
normal,N0006,244,32,50,2022-07-12 00:00:50.876,0,train,0.002971184899507729,0
normal,N0006,245,33,50,2022-07-12 00:00:50.976,0,train,0.002971184899507729,0
normal,N0006,246,34,50,2022-07-12 00:00:51.076,0,train,0.002971184899507729,0
normal,N0006,247,35,50,2022-07-12 00:00:51.176,0,train,0.0029526662298355647,0
normal,N0006,248,36,50,2022-07-12 00:00:51.276,0,train,0.0,0
normal,N0006,249,37,50,2022-07-12 00:00:51.376,0,train,0.025111930837852712,0
normal,N0006,250,38,50,2022-07-12 00:00:51.476,0,train,0.002971184899507729,0
normal,N0006,251,39,50,2022-07-12 00:00:51.576,0,train,0.07541094343989198,0
normal,N0006,252,40,50,2022-07-12 00:00:51.676,0,train,0.021376778425749823,0
normal,N0006,253,41,50,2022-07-12 00:00:51.776,0,train,0.002755396312155904,0
normal,N0006,254,42,50,2022-07-12 00:00:51.876,0,train,0.0,0
normal,N0006,255,43,50,2022-07-12 00:00:51.976,0,train,0.003052794131840555,0
normal,N0006,256,44,50,2022-07-12 00:00:52.076,0,train,0.0,0
normal,N0006,257,45,50,2022-07-12 00:00:52.176,0,train,0.0,0
normal,N0006,258,46,50,2022-07-12 00:00:52.276,0,train,0.008989869922324374,0
normal,N0006,259,47,50,2022-07-12 00:00:52.376,0,train,0.006085352565157909,0
normal,N0006,260,48,50,2022-07-12 00:00:52.476,0,train,0.07516923869286113,0
normal,N0006,261,49,50,2022-07-12 00:00:52.576,0,train,0.08251822978175762,0
normal,N0008,312,9,26,2022-07-12 00:01:04.476,0,train,0.0,0
normal,N0008,313,10,26,2022-07-12 00:01:04.576,0,train,0.0,0
normal,N0008,314,11,26,2022-07-12 00:01:04.676,0,train,0.0,0
normal,N0008,315,12,26,2022-07-12 00:01:04.776,0,train,0.0,0
normal,N0008,316,13,26,2022-07-12 00:01:04.876,0,train,0.0,0
normal,N0008,317,14,26,2022-07-12 00:01:04.976,0,train,0.0,0
normal,N0008,318,15,26,2022-07-12 00:01:05.076,0,train,0.0,0
normal,N0008,319,16,26,2022-07-12 00:01:05.176,0,train,0.0,0
normal,N0008,320,17,26,2022-07-12 00:01:05.276,0,train,0.0,0
normal,N0008,321,18,26,2022-07-12 00:01:05.376,0,train,0.0,0
normal,N0008,322,19,26,2022-07-12 00:01:05.476,0,train,0.0,0
normal,N0008,323,20,26,2022-07-12 00:01:05.576,0,train,0.0,0
normal,N0008,324,21,26,2022-07-12 00:01:05.676,0,train,0.003008658008658009,0
normal,N0008,325,22,26,2022-07-12 00:01:05.776,0,train,0.0,0
normal,N0008,326,23,26,2022-07-12 00:01:05.876,0,train,0.009261439603590004,0
normal,N0008,327,24,26,2022-07-12 00:01:05.976,0,train,0.003288219926127662,0
normal,N0008,328,25,26,2022-07-12 00:01:06.076,0,train,0.0,0
normal,N0009,338,9,13,2022-07-12 00:01:12.521,0,train,0.00315675061034748,0
normal,N0009,339,10,13,2022-07-12 00:01:12.621,0,train,0.0,0
normal,N0009,340,11,13,2022-07-12 00:01:12.721,0,train,0.0,0
normal,N0009,341,12,13,2022-07-12 00:01:12.821,0,train,0.0,0
normal,N0010,351,9,50,2022-07-12 00:01:22.122,0,train,0.011454773736607743,0
normal,N0010,352,10,50,2022-07-12 00:01:22.222,0,train,0.0,0
normal,N0010,353,11,50,2022-07-12 00:01:22.322,0,train,0.0,0
normal,N0010,354,12,50,2022-07-12 00:01:22.422,0,train,0.0,0
normal,N0010,355,13,50,2022-07-12 00:01:22.522,0,train,0.0031226765799256505,0
normal,N0010,356,14,50,2022-07-12 00:01:22.622,0,train,0.0,0
normal,N0010,357,15,50,2022-07-12 00:01:22.722,0,train,0.0,0
normal,N0010,358,16,50,2022-07-12 00:01:22.822,0,train,0.0,0
normal,N0010,359,17,50,2022-07-12 00:01:22.922,0,train,0.021400934906124044,0
normal,N0010,360,18,50,2022-07-12 00:01:23.022,0,train,0.0,0
normal,N0010,361,19,50,2022-07-12 00:01:23.122,0,train,0.0,0
normal,N0010,362,20,50,2022-07-12 00:01:23.222,0,train,0.0,0
normal,N0010,363,21,50,2022-07-12 00:01:23.322,0,train,0.0,0
normal,N0010,364,22,50,2022-07-12 00:01:23.422,0,train,0.0,0
normal,N0010,365,23,50,2022-07-12 00:01:23.522,0,train,0.0,0
normal,N0010,366,24,50,2022-07-12 00:01:23.622,0,train,0.0,0
normal,N0010,367,25,50,2022-07-12 00:01:23.722,0,train,0.0,0
normal,N0010,368,26,50,2022-07-12 00:01:23.822,0,train,0.0,0
normal,N0010,369,27,50,2022-07-12 00:01:23.922,0,train,0.0,0
normal,N0010,370,28,50,2022-07-12 00:01:24.022,0,train,0.0,0
normal,N0010,371,29,50,2022-07-12 00:01:24.122,0,train,0.00963811852585954,0
normal,N0010,372,30,50,2022-07-12 00:01:24.222,0,train,0.0,0
normal,N0010,373,31,50,2022-07-12 00:01:24.322,0,train,0.0,0
normal,N0010,374,32,50,2022-07-12 00:01:24.422,0,train,0.0,0
normal,N0010,375,33,50,2022-07-12 00:01:24.522,0,train,0.0,0
normal,N0010,376,34,50,2022-07-12 00:01:24.622,0,train,0.0,0
normal,N0010,377,35,50,2022-07-12 00:01:24.722,0,train,0.0,0
normal,N0010,378,36,50,2022-07-12 00:01:24.822,0,train,0.0,0
normal,N0010,379,37,50,2022-07-12 00:01:24.922,0,train,0.0,0
normal,N0010,380,38,50,2022-07-12 00:01:25.022,0,train,0.003237955155723546,0
normal,N0010,381,39,50,2022-07-12 00:01:25.122,0,train,0.0,0
normal,N0010,382,40,50,2022-07-12 00:01:25.222,0,train,0.0,0
normal,N0010,383,41,50,2022-07-12 00:01:25.322,0,train,0.0,0
normal,N0010,384,42,50,2022-07-12 00:01:25.422,0,train,0.0,0
normal,N0010,385,43,50,2022-07-12 00:01:25.522,0,train,0.0,0
normal,N0010,386,44,50,2022-07-12 00:01:25.622,0,train,0.0,0
normal,N0010,387,45,50,2022-07-12 00:01:25.722,0,train,0.0,0
normal,N0010,388,46,50,2022-07-12 00:01:25.822,0,train,0.0,0
normal,N0010,389,47,50,2022-07-12 00:01:25.922,0,train,0.0,0
normal,N0010,390,48,50,2022-07-12 00:01:26.022,0,train,0.0,0
normal,N0010,391,49,50,2022-07-12 00:01:26.122,0,train,0.0,0
normal,N0011,401,9,50,2022-07-12 00:01:28.757,0,train,0.0,0
normal,N0011,402,10,50,2022-07-12 00:01:28.857,0,train,0.015196903087860456,0
normal,N0011,403,11,50,2022-07-12 00:01:28.957,0,train,0.02367743863009199,0
normal,N0011,404,12,50,2022-07-12 00:01:29.057,0,train,0.012236283613546305,0
normal,N0011,405,13,50,2022-07-12 00:01:29.157,0,train,0.025421918449138006,0
normal,N0011,406,14,50,2022-07-12 00:01:29.257,0,train,0.0,0
normal,N0011,407,15,50,2022-07-12 00:01:29.357,0,train,0.0,0
normal,N0011,408,16,50,2022-07-12 00:01:29.457,0,train,0.005972255229999931,0
normal,N0011,409,17,50,2022-07-12 00:01:29.557,0,train,0.0,0
normal,N0011,410,18,50,2022-07-12 00:01:29.657,0,train,0.0,0
normal,N0011,411,19,50,2022-07-12 00:01:29.757,0,train,0.0,0
normal,N0011,412,20,50,2022-07-12 00:01:29.857,0,train,0.0,0
normal,N0011,413,21,50,2022-07-12 00:01:29.957,0,train,0.0027312051215503076,0
normal,N0011,414,22,50,2022-07-12 00:01:30.057,0,train,0.0,0
normal,N0011,415,23,50,2022-07-12 00:01:30.157,0,train,0.0,0
normal,N0011,416,24,50,2022-07-12 00:01:30.257,0,train,0.0,0
normal,N0011,417,25,50,2022-07-12 00:01:30.357,0,train,0.0,0
normal,N0011,418,26,50,2022-07-12 00:01:30.457,0,train,0.018598654790675954,0
normal,N0011,419,27,50,2022-07-12 00:01:30.557,0,train,0.017870924564658518,0
normal,N0011,420,28,50,2022-07-12 00:01:30.657,0,train,0.012795129700325772,0
normal,N0011,421,29,50,2022-07-12 00:01:30.757,0,train,0.0,0
normal,N0011,422,30,50,2022-07-12 00:01:30.857,0,train,0.0,0
normal,N0011,423,31,50,2022-07-12 00:01:30.957,0,train,0.0,0
normal,N0011,424,32,50,2022-07-12 00:01:31.057,0,train,0.0,0
normal,N0011,425,33,50,2022-07-12 00:01:31.157,0,train,0.0,0
normal,N0011,426,34,50,2022-07-12 00:01:31.257,0,train,0.0,0
normal,N0011,427,35,50,2022-07-12 00:01:31.357,0,train,0.0030120789113044586,0
normal,N0011,428,36,50,2022-07-12 00:01:31.457,0,train,0.0030120789113044586,0
normal,N0011,429,37,50,2022-07-12 00:01:31.557,0,train,0.0030120789113044586,0
normal,N0011,430,38,50,2022-07-12 00:01:31.657,0,train,0.002929969902882497,0
normal,N0011,431,39,50,2022-07-12 00:01:31.757,0,train,0.006352439953423972,0
normal,N0011,432,40,50,2022-07-12 00:01:31.857,0,train,0.0,0
normal,N0011,433,41,50,2022-07-12 00:01:31.957,0,train,0.0,0
normal,N0011,434,42,50,2022-07-12 00:01:32.057,0,train,0.0,0
normal,N0011,435,43,50,2022-07-12 00:01:32.157,0,train,0.0,0
normal,N0011,436,44,50,2022-07-12 00:01:32.257,0,train,0.01857762230565494,0
normal,N0011,437,45,50,2022-07-12 00:01:32.357,0,train,0.015784289692872114,0
normal,N0011,438,46,50,2022-07-12 00:01:32.457,0,train,0.006601626145236423,0
normal,N0011,439,47,50,2022-07-12 00:01:32.557,0,train,0.0,0
normal,N0011,440,48,50,2022-07-12 00:01:32.657,0,train,0.003125816426079336,0
normal,N0011,441,49,50,2022-07-12 00:01:32.757,0,train,0.009473972287384058,0
normal,N0013,491,9,25,2022-07-12 00:01:44.657,0,train,0.0,0
normal,N0013,492,10,25,2022-07-12 00:01:44.757,0,train,0.0,0
normal,N0013,493,11,25,2022-07-12 00:01:44.857,0,train,0.006180121154776712,0
normal,N0013,494,12,25,2022-07-12 00:01:44.957,0,train,0.01251747230136435,0
normal,N0013,495,13,25,2022-07-12 00:01:45.057,0,train,0.021107429321695848,0
normal,N0013,496,14,25,2022-07-12 00:01:45.157,0,train,0.008569047640491032,0
normal,N0013,497,15,25,2022-07-12 00:01:45.257,0,train,0.006181046082815346,0
normal,N0013,498,16,25,2022-07-12 00:01:45.357,0,train,0.002722422990879367,0
normal,N0013,499,17,25,2022-07-12 00:01:45.457,0,train,0.0,0
normal,N0013,500,18,25,2022-07-12 00:01:45.557,0,train,0.0,0
normal,N0013,501,19,25,2022-07-12 00:01:45.657,0,train,0.0,0
normal,N0013,502,20,25,2022-07-12 00:01:45.757,0,train,0.0,0
normal,N0013,503,21,25,2022-07-12 00:01:45.857,0,train,0.0,0
normal,N0013,504,22,25,2022-07-12 00:01:45.957,0,train,0.0,0
normal,N0013,505,23,25,2022-07-12 00:01:46.057,0,train,0.0,0
normal,N0013,506,24,25,2022-07-12 00:01:46.157,0,train,0.0,0
normal,N0014,516,9,14,2022-07-12 00:01:52.555,0,train,0.0,0
normal,N0014,517,10,14,2022-07-12 00:01:52.655,0,train,0.0,0
normal,N0014,518,11,14,2022-07-12 00:01:52.755,0,train,0.0,0
normal,N0014,519,12,14,2022-07-12 00:01:52.855,0,train,0.0,0
normal,N0014,520,13,14,2022-07-12 00:01:52.955,0,train,0.0,0
normal,N0015,530,9,50,2022-07-12 00:02:02.194,0,train,0.0,0
normal,N0015,531,10,50,2022-07-12 00:02:02.294,0,train,0.0,0
normal,N0015,532,11,50,2022-07-12 00:02:02.394,0,train,0.0,0
normal,N0015,533,12,50,2022-07-12 00:02:02.494,0,train,0.0,0
normal,N0015,534,13,50,2022-07-12 00:02:02.594,0,train,0.0,0
normal,N0015,535,14,50,2022-07-12 00:02:02.694,0,train,0.0,0
normal,N0015,536,15,50,2022-07-12 00:02:02.794,0,train,0.0,0
normal,N0015,537,16,50,2022-07-12 00:02:02.894,0,train,0.0,0
normal,N0015,538,17,50,2022-07-12 00:02:02.994,0,train,0.0,0
normal,N0015,539,18,50,2022-07-12 00:02:03.094,0,train,0.0,0
normal,N0015,540,19,50,2022-07-12 00:02:03.194,0,train,0.0,0
normal,N0015,541,20,50,2022-07-12 00:02:03.294,0,train,0.0,0
normal,N0015,542,21,50,2022-07-12 00:02:03.394,0,train,0.0029726169191681574,0
normal,N0015,543,22,50,2022-07-12 00:02:03.494,0,train,0.0,0
normal,N0015,544,23,50,2022-07-12 00:02:03.594,0,train,0.0028689370485036124,0
normal,N0015,545,24,50,2022-07-12 00:02:03.694,0,train,0.0,0
normal,N0015,546,25,50,2022-07-12 00:02:03.794,0,train,0.0,0
normal,N0015,547,26,50,2022-07-12 00:02:03.894,0,train,0.0,0
normal,N0015,548,27,50,2022-07-12 00:02:03.994,0,train,0.0,0
normal,N0015,549,28,50,2022-07-12 00:02:04.094,0,train,0.0,0
normal,N0015,550,29,50,2022-07-12 00:02:04.194,0,train,0.0,0
normal,N0015,551,30,50,2022-07-12 00:02:04.294,0,train,0.0,0
normal,N0015,552,31,50,2022-07-12 00:02:04.394,0,train,0.0,0
normal,N0015,553,32,50,2022-07-12 00:02:04.494,0,train,0.0,0
normal,N0015,554,33,50,2022-07-12 00:02:04.594,0,train,0.0,0
normal,N0015,555,34,50,2022-07-12 00:02:04.694,0,train,0.0,0
normal,N0015,556,35,50,2022-07-12 00:02:04.794,0,train,0.0,0
normal,N0015,557,36,50,2022-07-12 00:02:04.894,0,train,0.00616254761753715,0
normal,N0015,558,37,50,2022-07-12 00:02:04.994,0,train,0.0030086580086580083,0
normal,N0015,559,38,50,2022-07-12 00:02:05.094,0,train,0.0030086580086580083,0
normal,N0015,560,39,50,2022-07-12 00:02:05.194,0,train,0.0030086580086580083,0
normal,N0015,561,40,50,2022-07-12 00:02:05.294,0,train,0.0,0
normal,N0015,562,41,50,2022-07-12 00:02:05.394,0,train,0.003300719865643663,0
normal,N0015,563,42,50,2022-07-12 00:02:05.494,0,train,0.0032912580847068644,0
normal,N0015,564,43,50,2022-07-12 00:02:05.594,0,train,0.0032912580847068644,0
normal,N0015,565,44,50,2022-07-12 00:02:05.694,0,train,0.0,0
normal,N0015,566,45,50,2022-07-12 00:02:05.794,0,train,0.0,0
normal,N0015,567,46,50,2022-07-12 00:02:05.894,0,train,0.0,0
normal,N0015,568,47,50,2022-07-12 00:02:05.994,0,train,0.0,0
normal,N0015,569,48,50,2022-07-12 00:02:06.094,0,train,0.0,0
normal,N0015,570,49,50,2022-07-12 00:02:06.194,0,train,0.0,0
normal,N0016,580,9,50,2022-07-12 00:02:08.824,0,train,0.0,0
normal,N0016,581,10,50,2022-07-12 00:02:08.924,0,train,0.0,0
normal,N0016,582,11,50,2022-07-12 00:02:09.024,0,train,0.0,0
normal,N0016,583,12,50,2022-07-12 00:02:09.124,0,train,0.016282880809903175,0
normal,N0016,584,13,50,2022-07-12 00:02:09.224,0,train,0.005939939096765555,0
normal,N0016,585,14,50,2022-07-12 00:02:09.324,0,train,0.0,0
normal,N0016,586,15,50,2022-07-12 00:02:09.424,0,train,0.0,0
normal,N0016,587,16,50,2022-07-12 00:02:09.524,0,train,0.0,0
normal,N0016,588,17,50,2022-07-12 00:02:09.624,0,train,0.0,0
normal,N0016,589,18,50,2022-07-12 00:02:09.724,0,train,0.013014754870479667,0
normal,N0016,590,19,50,2022-07-12 00:02:09.824,0,train,0.00981011577388269,0
normal,N0016,591,20,50,2022-07-12 00:02:09.924,0,train,0.034805056438677776,0
normal,N0016,592,21,50,2022-07-12 00:02:10.024,0,train,0.07246205415098778,0
normal,N0016,593,22,50,2022-07-12 00:02:10.124,0,train,0.04711888665191977,0
normal,N0016,594,23,50,2022-07-12 00:02:10.224,0,train,0.012498637014963123,0
normal,N0016,595,24,50,2022-07-12 00:02:10.324,0,train,0.006645040406958928,0
normal,N0016,596,25,50,2022-07-12 00:02:10.424,0,train,0.006645040406958928,0
normal,N0016,597,26,50,2022-07-12 00:02:10.524,0,train,0.0,0
normal,N0016,598,27,50,2022-07-12 00:02:10.624,0,train,0.0,0
normal,N0016,599,28,50,2022-07-12 00:02:10.724,0,train,0.003004995068562884,0
normal,N0016,600,29,50,2022-07-12 00:02:10.824,0,train,0.012745062130316169,0
normal,N0016,601,30,50,2022-07-12 00:02:10.924,0,train,0.00290126861555433,0
normal,N0016,602,31,50,2022-07-12 00:02:11.024,0,train,0.0,0
normal,N0016,603,32,50,2022-07-12 00:02:11.124,0,train,0.0,0
normal,N0016,604,33,50,2022-07-12 00:02:11.224,0,train,0.0,0
normal,N0016,605,34,50,2022-07-12 00:02:11.324,0,train,0.0,0
normal,N0016,606,35,50,2022-07-12 00:02:11.424,0,train,0.008977864158761664,0
normal,N0016,607,36,50,2022-07-12 00:02:11.524,0,train,0.005317382602403132,0
normal,N0016,608,37,50,2022-07-12 00:02:11.624,0,train,0.0,0
normal,N0016,609,38,50,2022-07-12 00:02:11.724,0,train,0.0,0
normal,N0016,610,39,50,2022-07-12 00:02:11.824,0,train,0.0,0
normal,N0016,611,40,50,2022-07-12 00:02:11.924,0,train,0.0,0
normal,N0016,612,41,50,2022-07-12 00:02:12.024,0,train,0.0,0
normal,N0016,613,42,50,2022-07-12 00:02:12.124,0,train,0.0033333333333333335,0
normal,N0016,614,43,50,2022-07-12 00:02:12.224,0,train,0.0,0
normal,N0016,615,44,50,2022-07-12 00:02:12.324,0,train,0.0033333333333333335,0
normal,N0016,616,45,50,2022-07-12 00:02:12.424,0,train,0.0031060829644203964,0
normal,N0016,617,46,50,2022-07-12 00:02:12.524,0,train,0.04880844277761409,0
normal,N0016,618,47,50,2022-07-12 00:02:12.624,0,train,0.006007351579974726,0
normal,N0016,619,48,50,2022-07-12 00:02:12.724,0,train,0.0,0
normal,N0016,620,49,50,2022-07-12 00:02:12.824,0,train,0.006260502898955136,0
normal,N0018,666,9,36,2022-07-12 00:02:24.776,0,train,0.0,0
normal,N0018,667,10,36,2022-07-12 00:02:24.876,0,train,0.0,0
normal,N0018,668,11,36,2022-07-12 00:02:24.976,0,train,0.00617456013382308,0
normal,N0018,669,12,36,2022-07-12 00:02:25.076,0,train,0.006619435023546465,0
normal,N0018,670,13,36,2022-07-12 00:02:25.176,0,train,0.0,0
normal,N0018,671,14,36,2022-07-12 00:02:25.276,0,train,0.0,0
normal,N0018,672,15,36,2022-07-12 00:02:25.376,0,train,0.0,0
normal,N0018,673,16,36,2022-07-12 00:02:25.476,0,train,0.0,0
normal,N0018,674,17,36,2022-07-12 00:02:25.576,0,train,0.0,0
normal,N0018,675,18,36,2022-07-12 00:02:25.676,0,train,0.0,0
normal,N0018,676,19,36,2022-07-12 00:02:25.776,0,train,0.009892427987646907,0
normal,N0018,677,20,36,2022-07-12 00:02:25.876,0,train,0.019378354786753413,0
normal,N0018,678,21,36,2022-07-12 00:02:25.976,0,train,0.0,0
normal,N0018,679,22,36,2022-07-12 00:02:26.076,0,train,0.0,0
normal,N0018,680,23,36,2022-07-12 00:02:26.176,0,train,0.003164573915955132,0
normal,N0018,681,24,36,2022-07-12 00:02:26.276,0,train,0.003164573915955132,0
normal,N0018,682,25,36,2022-07-12 00:02:26.376,0,train,0.0,0
normal,N0018,683,26,36,2022-07-12 00:02:26.476,0,train,0.0,0
normal,N0018,684,27,36,2022-07-12 00:02:26.576,0,train,0.0029271695656218023,0
normal,N0018,685,28,36,2022-07-12 00:02:26.676,0,train,0.0029271695656218023,0
normal,N0018,686,29,36,2022-07-12 00:02:26.776,0,train,0.0029271695656218023,0
normal,N0018,687,30,36,2022-07-12 00:02:26.876,0,train,0.0,0
normal,N0018,688,31,36,2022-07-12 00:02:26.976,0,train,0.0,0
normal,N0018,689,32,36,2022-07-12 00:02:27.076,0,train,0.0029271695656218023,0
normal,N0018,690,33,36,2022-07-12 00:02:27.176,0,train,0.0061813503618578115,0
normal,N0018,691,34,36,2022-07-12 00:02:27.276,0,train,0.003010896578092143,0
normal,N0018,692,35,36,2022-07-12 00:02:27.376,0,train,0.006537972429930311,0
normal,N0019,702,9,23,2022-07-12 00:02:32.836,0,train,0.0,0
normal,N0019,703,10,23,2022-07-12 00:02:32.936,0,train,0.0,0
normal,N0019,704,11,23,2022-07-12 00:02:33.036,0,train,0.0,0
normal,N0019,705,12,23,2022-07-12 00:02:33.136,0,train,0.003196541358462526,0
normal,N0019,706,13,23,2022-07-12 00:02:33.236,0,train,0.003196541358462526,0
normal,N0019,707,14,23,2022-07-12 00:02:33.336,0,train,0.003196541358462526,0
normal,N0019,708,15,23,2022-07-12 00:02:33.436,0,train,0.021996351172085336,0
normal,N0019,709,16,23,2022-07-12 00:02:33.536,0,train,0.028080789116845358,0
normal,N0019,710,17,23,2022-07-12 00:02:33.636,0,train,0.037089234228018936,0
normal,N0019,711,18,23,2022-07-12 00:02:33.736,0,train,0.03744845977257844,0
normal,N0019,712,19,23,2022-07-12 00:02:33.836,0,train,0.02798622948699976,0
normal,N0019,713,20,23,2022-07-12 00:02:33.936,0,train,0.037844559061526534,0
normal,N0019,714,21,23,2022-07-12 00:02:34.036,0,train,0.02538233226214759,0
normal,N0019,715,22,23,2022-07-12 00:02:34.136,0,train,0.009375780249673315,0
normal,N0020,725,9,22,2022-07-12 00:02:40.900,0,train,0.002832555076628353,0
normal,N0020,726,10,22,2022-07-12 00:02:41.000,0,train,0.0,0
normal,N0020,727,11,22,2022-07-12 00:02:41.100,0,train,0.0,0
normal,N0020,728,12,22,2022-07-12 00:02:41.200,0,train,0.0,0
normal,N0020,729,13,22,2022-07-12 00:02:41.300,0,train,0.0,0
normal,N0020,730,14,22,2022-07-12 00:02:41.400,0,train,0.0,0
normal,N0020,731,15,22,2022-07-12 00:02:41.500,0,train,0.0,0
normal,N0020,732,16,22,2022-07-12 00:02:41.600,0,train,0.0,0
normal,N0020,733,17,22,2022-07-12 00:02:41.700,0,train,0.0,0
normal,N0020,734,18,22,2022-07-12 00:02:41.800,0,train,0.0,0
normal,N0020,735,19,22,2022-07-12 00:02:41.900,0,train,0.0,0
normal,N0020,736,20,22,2022-07-12 00:02:42.000,0,train,0.0,0
normal,N0020,737,21,22,2022-07-12 00:02:42.100,0,train,0.0,0
normal,N0021,747,9,11,2022-07-12 00:02:48.768,0,train,0.006113203851760636,0
normal,N0021,748,10,11,2022-07-12 00:02:48.868,0,train,0.006144263074956144,0
normal,N0023,808,9,50,2022-07-12 00:03:04.900,0,train,0.0,0
normal,N0023,809,10,50,2022-07-12 00:03:05.000,0,train,0.0,0
normal,N0023,810,11,50,2022-07-12 00:03:05.100,0,train,0.0031338663488437537,0
normal,N0023,811,12,50,2022-07-12 00:03:05.200,0,train,0.02248768675879744,0
normal,N0023,812,13,50,2022-07-12 00:03:05.300,0,train,0.019213764512821533,0
normal,N0023,813,14,50,2022-07-12 00:03:05.400,0,train,0.01215981560029057,0
normal,N0023,814,15,50,2022-07-12 00:03:05.500,0,train,0.006022872045375411,0
normal,N0023,815,16,50,2022-07-12 00:03:05.600,0,train,0.009240475410212922,0
normal,N0023,816,17,50,2022-07-12 00:03:05.700,0,train,0.05117438810238649,0
normal,N0023,817,18,50,2022-07-12 00:03:05.800,0,train,0.05407083707034064,0
normal,N0023,818,19,50,2022-07-12 00:03:05.900,0,train,0.0578483808183252,0
normal,N0023,819,20,50,2022-07-12 00:03:06.000,0,train,0.07336971367793521,0
normal,N0023,820,21,50,2022-07-12 00:03:06.100,0,train,0.0921358903670297,0
normal,N0023,821,22,50,2022-07-12 00:03:06.200,0,train,0.07292224121678237,0
normal,N0023,822,23,50,2022-07-12 00:03:06.300,0,train,0.008838466081447728,0
normal,N0023,823,24,50,2022-07-12 00:03:06.400,0,train,0.0030588311102519496,0
normal,N0023,824,25,50,2022-07-12 00:03:06.500,0,train,0.0026016327203760197,0
normal,N0023,825,26,50,2022-07-12 00:03:06.600,0,train,0.005823726297982776,0
normal,N0023,826,27,50,2022-07-12 00:03:06.700,0,train,0.0,0
normal,N0023,827,28,50,2022-07-12 00:03:06.800,0,train,0.0,0
normal,N0023,828,29,50,2022-07-12 00:03:06.900,0,train,0.0,0
normal,N0023,829,30,50,2022-07-12 00:03:07.000,0,train,0.0,0
normal,N0023,830,31,50,2022-07-12 00:03:07.100,0,train,0.002891617790811339,0
normal,N0023,831,32,50,2022-07-12 00:03:07.200,0,train,0.0,0
normal,N0023,832,33,50,2022-07-12 00:03:07.300,0,train,0.0,0
normal,N0023,833,34,50,2022-07-12 00:03:07.400,0,train,0.0,0
normal,N0023,834,35,50,2022-07-12 00:03:07.500,0,train,0.0,0
normal,N0023,835,36,50,2022-07-12 00:03:07.600,0,train,0.0,0
normal,N0023,836,37,50,2022-07-12 00:03:07.700,0,train,0.0,0
normal,N0023,837,38,50,2022-07-12 00:03:07.800,0,train,0.002910611249961431,0
normal,N0023,838,39,50,2022-07-12 00:03:07.900,0,train,0.0,0
normal,N0023,839,40,50,2022-07-12 00:03:08.000,0,train,0.0,0
normal,N0023,840,41,50,2022-07-12 00:03:08.100,0,train,0.0,0
normal,N0023,841,42,50,2022-07-12 00:03:08.200,0,train,0.0,0
normal,N0023,842,43,50,2022-07-12 00:03:08.300,0,train,0.0,0
normal,N0023,843,44,50,2022-07-12 00:03:08.400,0,train,0.0,0
normal,N0023,844,45,50,2022-07-12 00:03:08.500,0,train,0.008895121180667277,0
normal,N0023,845,46,50,2022-07-12 00:03:08.600,0,train,0.05475953698091722,0
normal,N0023,846,47,50,2022-07-12 00:03:08.700,0,train,0.048621920226613304,0
normal,N0023,847,48,50,2022-07-12 00:03:08.800,0,train,0.0491611032200251,0
normal,N0023,848,49,50,2022-07-12 00:03:08.900,0,train,0.07330068589604594,0
normal,N0024,858,9,36,2022-07-12 00:03:13.029,0,train,0.0,0
normal,N0024,859,10,36,2022-07-12 00:03:13.129,0,train,0.0,0
normal,N0024,860,11,36,2022-07-12 00:03:13.229,0,train,0.0,0
normal,N0024,861,12,36,2022-07-12 00:03:13.329,0,train,0.0,0
normal,N0024,862,13,36,2022-07-12 00:03:13.429,0,train,0.0,0
normal,N0024,863,14,36,2022-07-12 00:03:13.529,0,train,0.0,0
normal,N0024,864,15,36,2022-07-12 00:03:13.629,0,train,0.0,0
normal,N0024,865,16,36,2022-07-12 00:03:13.729,0,train,0.0,0
normal,N0024,866,17,36,2022-07-12 00:03:13.829,0,train,0.0,0
normal,N0024,867,18,36,2022-07-12 00:03:13.929,0,train,0.0,0
normal,N0024,868,19,36,2022-07-12 00:03:14.029,0,train,0.0,0
normal,N0024,869,20,36,2022-07-12 00:03:14.129,0,train,0.0,0
normal,N0024,870,21,36,2022-07-12 00:03:14.229,0,train,0.0,0
normal,N0024,871,22,36,2022-07-12 00:03:14.329,0,train,0.0,0
normal,N0024,872,23,36,2022-07-12 00:03:14.429,0,train,0.0,0
normal,N0024,873,24,36,2022-07-12 00:03:14.529,0,train,0.0,0
normal,N0024,874,25,36,2022-07-12 00:03:14.629,0,train,0.0,0
normal,N0024,875,26,36,2022-07-12 00:03:14.729,0,train,0.0,0
normal,N0024,876,27,36,2022-07-12 00:03:14.829,0,train,0.0,0
normal,N0024,877,28,36,2022-07-12 00:03:14.929,0,train,0.0,0
normal,N0024,878,29,36,2022-07-12 00:03:15.029,0,train,0.0,0
normal,N0024,879,30,36,2022-07-12 00:03:15.129,0,train,0.0,0
normal,N0024,880,31,36,2022-07-12 00:03:15.229,0,train,0.0,0
normal,N0024,881,32,36,2022-07-12 00:03:15.329,0,train,0.0,0
normal,N0024,882,33,36,2022-07-12 00:03:15.429,0,train,0.0,0
normal,N0024,883,34,36,2022-07-12 00:03:15.529,0,train,0.0029468237641044827,0
normal,N0024,884,35,36,2022-07-12 00:03:15.629,0,train,0.0,0
normal,N0025,894,9,26,2022-07-12 00:03:21.115,0,train,0.009765141032653434,0
normal,N0025,895,10,26,2022-07-12 00:03:21.215,0,train,0.0,0
normal,N0025,896,11,26,2022-07-12 00:03:21.315,0,train,0.0,0
normal,N0025,897,12,26,2022-07-12 00:03:21.415,0,train,0.0,0
normal,N0025,898,13,26,2022-07-12 00:03:21.515,0,train,0.0,0
normal,N0025,899,14,26,2022-07-12 00:03:21.615,0,train,0.0,0
normal,N0025,900,15,26,2022-07-12 00:03:21.715,0,train,0.012441561532887986,0
normal,N0025,901,16,26,2022-07-12 00:03:21.815,0,train,0.0,0
normal,N0025,902,17,26,2022-07-12 00:03:21.915,0,train,0.0,0
normal,N0025,903,18,26,2022-07-12 00:03:22.015,0,train,0.0,0
normal,N0025,904,19,26,2022-07-12 00:03:22.115,0,train,0.0,0
normal,N0025,905,20,26,2022-07-12 00:03:22.215,0,train,0.0,0
normal,N0025,906,21,26,2022-07-12 00:03:22.315,0,train,0.0,0
normal,N0025,907,22,26,2022-07-12 00:03:22.415,0,train,0.0,0
normal,N0025,908,23,26,2022-07-12 00:03:22.515,0,train,0.0,0
normal,N0025,909,24,26,2022-07-12 00:03:22.615,0,train,0.0,0
normal,N0025,910,25,26,2022-07-12 00:03:22.715,0,train,0.0,0
normal,N0026,920,9,12,2022-07-12 00:03:29.082,0,train,0.0,0
normal,N0026,921,10,12,2022-07-12 00:03:29.182,0,train,0.0,0
normal,N0026,922,11,12,2022-07-12 00:03:29.282,0,train,0.0,0
normal,N0028,982,9,50,2022-07-12 00:03:53.444,0,train,0.0,0
normal,N0028,983,10,50,2022-07-12 00:03:53.544,0,train,0.0,0
normal,N0028,984,11,50,2022-07-12 00:03:53.644,0,train,0.0,0
normal,N0028,985,12,50,2022-07-12 00:03:53.744,0,train,0.0,0
normal,N0028,986,13,50,2022-07-12 00:03:53.844,0,train,0.0,0
normal,N0028,987,14,50,2022-07-12 00:03:53.944,0,train,0.0,0
normal,N0028,988,15,50,2022-07-12 00:03:54.044,0,train,0.0,0
normal,N0028,989,16,50,2022-07-12 00:03:54.144,0,train,0.0030108657553452505,0
normal,N0028,990,17,50,2022-07-12 00:03:54.244,0,train,0.0,0
normal,N0028,991,18,50,2022-07-12 00:03:54.344,0,train,0.0,0
normal,N0028,992,19,50,2022-07-12 00:03:54.444,0,train,0.0,0
normal,N0028,993,20,50,2022-07-12 00:03:54.544,0,train,0.0,0
normal,N0028,994,21,50,2022-07-12 00:03:54.644,0,train,0.0,0
normal,N0028,995,22,50,2022-07-12 00:03:54.744,0,train,0.0,0
normal,N0028,996,23,50,2022-07-12 00:03:54.844,0,train,0.0,0
normal,N0028,997,24,50,2022-07-12 00:03:54.944,0,train,0.0,0
normal,N0028,998,25,50,2022-07-12 00:03:55.044,0,train,0.0,0
normal,N0028,999,26,50,2022-07-12 00:03:55.144,0,train,0.0,0
normal,N0028,1000,27,50,2022-07-12 00:03:55.244,0,train,0.0,0
normal,N0028,1001,28,50,2022-07-12 00:03:55.344,0,train,0.0,0
normal,N0028,1002,29,50,2022-07-12 00:03:55.444,0,train,0.0,0
normal,N0028,1003,30,50,2022-07-12 00:03:55.544,0,train,0.0,0
normal,N0028,1004,31,50,2022-07-12 00:03:55.644,0,train,0.003171745616681753,0
normal,N0028,1005,32,50,2022-07-12 00:03:55.744,0,train,0.0,0
normal,N0028,1006,33,50,2022-07-12 00:03:55.844,0,train,0.0,0
normal,N0028,1007,34,50,2022-07-12 00:03:55.944,0,train,0.0,0
normal,N0028,1008,35,50,2022-07-12 00:03:56.044,0,train,0.0,0
normal,N0028,1009,36,50,2022-07-12 00:03:56.144,0,train,0.006552308470024159,0
normal,N0028,1010,37,50,2022-07-12 00:03:56.244,0,train,0.0,0
normal,N0028,1011,38,50,2022-07-12 00:03:56.344,0,train,0.0,0
normal,N0028,1012,39,50,2022-07-12 00:03:56.444,0,train,0.0,0
normal,N0028,1013,40,50,2022-07-12 00:03:56.544,0,train,0.0,0
normal,N0028,1014,41,50,2022-07-12 00:03:56.644,0,train,0.0,0
normal,N0028,1015,42,50,2022-07-12 00:03:56.744,0,train,0.0,0
normal,N0028,1016,43,50,2022-07-12 00:03:56.844,0,train,0.0,0
normal,N0028,1017,44,50,2022-07-12 00:03:56.944,0,train,0.0,0
normal,N0028,1018,45,50,2022-07-12 00:03:57.044,0,train,0.003098559266535691,0
normal,N0028,1019,46,50,2022-07-12 00:03:57.144,0,train,0.0,0
normal,N0028,1020,47,50,2022-07-12 00:03:57.244,0,train,0.0,0
normal,N0028,1021,48,50,2022-07-12 00:03:57.344,0,train,0.0,0
normal,N0028,1022,49,50,2022-07-12 00:03:57.444,0,train,0.0,0
normal,N0029,1032,9,42,2022-07-12 00:04:01.040,0,train,0.0032369291633982476,0
normal,N0029,1033,10,42,2022-07-12 00:04:01.140,0,train,0.0,0
normal,N0029,1034,11,42,2022-07-12 00:04:01.240,0,train,0.0,0
normal,N0029,1035,12,42,2022-07-12 00:04:01.340,0,train,0.0,0
normal,N0029,1036,13,42,2022-07-12 00:04:01.440,0,train,0.0032577553334020405,0
normal,N0029,1037,14,42,2022-07-12 00:04:01.540,0,train,0.00594503125859247,0
normal,N0029,1038,15,42,2022-07-12 00:04:01.640,0,train,0.0,0
normal,N0029,1039,16,42,2022-07-12 00:04:01.740,0,train,0.0,0
normal,N0029,1040,17,42,2022-07-12 00:04:01.840,0,train,0.0,0
normal,N0029,1041,18,42,2022-07-12 00:04:01.940,0,train,0.0,0
normal,N0029,1042,19,42,2022-07-12 00:04:02.040,0,train,0.0,0
normal,N0029,1043,20,42,2022-07-12 00:04:02.140,0,train,0.0,0
normal,N0029,1044,21,42,2022-07-12 00:04:02.240,0,train,0.0,0
normal,N0029,1045,22,42,2022-07-12 00:04:02.340,0,train,0.0,0
normal,N0029,1046,23,42,2022-07-12 00:04:02.440,0,train,0.0,0
normal,N0029,1047,24,42,2022-07-12 00:04:02.540,0,train,0.0,0
normal,N0029,1048,25,42,2022-07-12 00:04:02.640,0,train,0.0,0
normal,N0029,1049,26,42,2022-07-12 00:04:02.740,0,train,0.006080516828173193,0
normal,N0029,1050,27,42,2022-07-12 00:04:02.840,0,train,0.0033333333333333335,0
normal,N0029,1051,28,42,2022-07-12 00:04:02.940,0,train,0.006503787117099001,0
normal,N0029,1052,29,42,2022-07-12 00:04:03.040,0,train,0.0029412130831232694,0
normal,N0029,1053,30,42,2022-07-12 00:04:03.140,0,train,0.02577870454963409,0
normal,N0029,1054,31,42,2022-07-12 00:04:03.240,0,train,0.0029412130831232694,0
normal,N0029,1055,32,42,2022-07-12 00:04:03.340,0,train,0.0,0
normal,N0029,1056,33,42,2022-07-12 00:04:03.440,0,train,0.0,0
normal,N0029,1057,34,42,2022-07-12 00:04:03.540,0,train,0.006178142246521516,0
normal,N0029,1058,35,42,2022-07-12 00:04:03.640,0,train,0.0032369291633982476,0
normal,N0029,1059,36,42,2022-07-12 00:04:03.740,0,train,0.0,0
normal,N0029,1060,37,42,2022-07-12 00:04:03.840,0,train,0.009529473569101507,0
normal,N0029,1061,38,42,2022-07-12 00:04:03.940,0,train,0.0,0
normal,N0029,1062,39,42,2022-07-12 00:04:04.040,0,train,0.003303967837790596,0
normal,N0029,1063,40,42,2022-07-12 00:04:04.140,0,train,0.0029511061187556557,0
normal,N0029,1064,41,42,2022-07-12 00:04:04.240,0,train,0.0,0
normal,N0030,1074,9,27,2022-07-12 00:04:09.113,0,train,0.0,0
normal,N0030,1075,10,27,2022-07-12 00:04:09.213,0,train,0.0,0
normal,N0030,1076,11,27,2022-07-12 00:04:09.313,0,train,0.0,0
normal,N0030,1077,12,27,2022-07-12 00:04:09.413,0,train,0.0,0
normal,N0030,1078,13,27,2022-07-12 00:04:09.513,0,train,0.0,0
normal,N0030,1079,14,27,2022-07-12 00:04:09.613,0,train,0.0,0
normal,N0030,1080,15,27,2022-07-12 00:04:09.713,0,train,0.0,0
normal,N0030,1081,16,27,2022-07-12 00:04:09.813,0,train,0.0,0
normal,N0030,1082,17,27,2022-07-12 00:04:09.913,0,train,0.0,0
normal,N0030,1083,18,27,2022-07-12 00:04:10.013,0,train,0.0,0
normal,N0030,1084,19,27,2022-07-12 00:04:10.113,0,train,0.0,0
normal,N0030,1085,20,27,2022-07-12 00:04:10.213,0,train,0.0,0
normal,N0030,1086,21,27,2022-07-12 00:04:10.313,0,train,0.0,0
normal,N0030,1087,22,27,2022-07-12 00:04:10.413,0,train,0.0,0
normal,N0030,1088,23,27,2022-07-12 00:04:10.513,0,train,0.0,0
normal,N0030,1089,24,27,2022-07-12 00:04:10.613,0,train,0.0,0
normal,N0030,1090,25,27,2022-07-12 00:04:10.713,0,train,0.0,0
normal,N0030,1091,26,27,2022-07-12 00:04:10.813,0,train,0.0062273625704174105,0
normal,N0031,1101,9,13,2022-07-12 00:04:17.124,0,train,0.0030443716689141464,0
normal,N0031,1102,10,13,2022-07-12 00:04:17.224,0,train,0.0,0
normal,N0031,1103,11,13,2022-07-12 00:04:17.324,0,train,0.0,0
normal,N0031,1104,12,13,2022-07-12 00:04:17.424,0,train,0.0,0
normal,N0033,1116,9,50,2022-07-12 00:04:26.727,0,train,0.0,0
normal,N0033,1117,10,50,2022-07-12 00:04:26.827,0,train,0.0,0
normal,N0033,1118,11,50,2022-07-12 00:04:26.927,0,train,0.0,0
normal,N0033,1119,12,50,2022-07-12 00:04:27.027,0,train,0.0,0
normal,N0033,1120,13,50,2022-07-12 00:04:27.127,0,train,0.0028751787289708255,0
normal,N0033,1121,14,50,2022-07-12 00:04:27.227,0,train,0.009168915159854846,0
normal,N0033,1122,15,50,2022-07-12 00:04:27.327,0,train,0.0,0
normal,N0033,1123,16,50,2022-07-12 00:04:27.427,0,train,0.0,0
normal,N0033,1124,17,50,2022-07-12 00:04:27.527,0,train,0.0,0
normal,N0033,1125,18,50,2022-07-12 00:04:27.627,0,train,0.0,0
normal,N0033,1126,19,50,2022-07-12 00:04:27.727,0,train,0.0,0
normal,N0033,1127,20,50,2022-07-12 00:04:27.827,0,train,0.0,0
normal,N0033,1128,21,50,2022-07-12 00:04:27.927,0,train,0.0,0
normal,N0033,1129,22,50,2022-07-12 00:04:28.027,0,train,0.0,0
normal,N0033,1130,23,50,2022-07-12 00:04:28.127,0,train,0.0,0
normal,N0033,1131,24,50,2022-07-12 00:04:28.227,0,train,0.1231299154051073,0
normal,N0033,1132,25,50,2022-07-12 00:04:28.327,0,train,0.0031328992469660272,0
normal,N0033,1133,26,50,2022-07-12 00:04:28.427,0,train,0.026086691659086704,0
normal,N0033,1134,27,50,2022-07-12 00:04:28.527,0,train,0.0,0
normal,N0033,1135,28,50,2022-07-12 00:04:28.627,0,train,0.003249158249158249,0
normal,N0033,1136,29,50,2022-07-12 00:04:28.727,0,train,0.012676561470721956,0
normal,N0033,1137,30,50,2022-07-12 00:04:28.827,0,train,0.006213025742426457,0
normal,N0033,1138,31,50,2022-07-12 00:04:28.927,0,train,0.003249158249158249,0
normal,N0033,1139,32,50,2022-07-12 00:04:29.027,0,train,0.031518077665516536,0
normal,N0033,1140,33,50,2022-07-12 00:04:29.127,0,train,0.03474826401768995,0
normal,N0033,1141,34,50,2022-07-12 00:04:29.227,0,train,0.04510814801369161,0
normal,N0033,1142,35,50,2022-07-12 00:04:29.327,0,train,0.015907304366057032,0
normal,N0033,1143,36,50,2022-07-12 00:04:29.427,0,train,0.022307021476241255,0
normal,N0033,1144,37,50,2022-07-12 00:04:29.527,0,train,0.00631242192791909,0
normal,N0033,1145,38,50,2022-07-12 00:04:29.627,0,train,0.0,0
normal,N0033,1146,39,50,2022-07-12 00:04:29.727,0,train,0.0,0
normal,N0033,1147,40,50,2022-07-12 00:04:29.827,0,train,0.0,0
normal,N0033,1148,41,50,2022-07-12 00:04:29.927,0,train,0.012612104029435502,0
normal,N0033,1149,42,50,2022-07-12 00:04:30.027,0,train,0.0,0
normal,N0033,1150,43,50,2022-07-12 00:04:30.127,0,train,0.0,0
normal,N0033,1151,44,50,2022-07-12 00:04:30.227,0,train,0.0,0
normal,N0033,1152,45,50,2022-07-12 00:04:30.327,0,train,0.003002783576896312,0
normal,N0033,1153,46,50,2022-07-12 00:04:30.427,0,train,0.0,0
normal,N0033,1154,47,50,2022-07-12 00:04:30.527,0,train,0.0,0
normal,N0033,1155,48,50,2022-07-12 00:04:30.627,0,train,0.0,0
normal,N0033,1156,49,50,2022-07-12 00:04:30.727,0,train,0.0,0
normal,N0034,1166,9,50,2022-07-12 00:04:33.437,0,train,0.0,0
normal,N0034,1167,10,50,2022-07-12 00:04:33.537,0,train,0.0,0
normal,N0034,1168,11,50,2022-07-12 00:04:33.637,0,train,0.0,0
normal,N0034,1169,12,50,2022-07-12 00:04:33.737,0,train,0.0,0
normal,N0034,1170,13,50,2022-07-12 00:04:33.837,0,train,0.0,0
normal,N0034,1171,14,50,2022-07-12 00:04:33.937,0,train,0.0,0
normal,N0034,1172,15,50,2022-07-12 00:04:34.037,0,train,0.018726781027747313,0
normal,N0034,1173,16,50,2022-07-12 00:04:34.137,0,train,0.006420164956783923,0
normal,N0034,1174,17,50,2022-07-12 00:04:34.237,0,train,0.0,0
normal,N0034,1175,18,50,2022-07-12 00:04:34.337,0,train,0.013216780077171982,0
normal,N0034,1176,19,50,2022-07-12 00:04:34.437,0,train,0.00628091658455042,0
normal,N0034,1177,20,50,2022-07-12 00:04:34.537,0,train,0.009758948889251107,0
normal,N0034,1178,21,50,2022-07-12 00:04:34.637,0,train,0.003026437773728461,0
normal,N0034,1179,22,50,2022-07-12 00:04:34.737,0,train,0.0,0
normal,N0034,1180,23,50,2022-07-12 00:04:34.837,0,train,0.0,0
normal,N0034,1181,24,50,2022-07-12 00:04:34.937,0,train,0.0031783725766418463,0
normal,N0034,1182,25,50,2022-07-12 00:04:35.037,0,train,0.0,0
normal,N0034,1183,26,50,2022-07-12 00:04:35.137,0,train,0.0,0
normal,N0034,1184,27,50,2022-07-12 00:04:35.237,0,train,0.0,0
normal,N0034,1185,28,50,2022-07-12 00:04:35.337,0,train,0.0,0
normal,N0034,1186,29,50,2022-07-12 00:04:35.437,0,train,0.0,0
normal,N0034,1187,30,50,2022-07-12 00:04:35.537,0,train,0.0,0
normal,N0034,1188,31,50,2022-07-12 00:04:35.637,0,train,0.0,0
normal,N0034,1189,32,50,2022-07-12 00:04:35.737,0,train,0.0,0
normal,N0034,1190,33,50,2022-07-12 00:04:35.837,0,train,0.0,0
normal,N0034,1191,34,50,2022-07-12 00:04:35.937,0,train,0.0,0
normal,N0034,1192,35,50,2022-07-12 00:04:36.037,0,train,0.0,0
normal,N0034,1193,36,50,2022-07-12 00:04:36.137,0,train,0.005815714323141816,0
normal,N0034,1194,37,50,2022-07-12 00:04:36.237,0,train,0.0,0
normal,N0034,1195,38,50,2022-07-12 00:04:36.337,0,train,0.0,0
normal,N0034,1196,39,50,2022-07-12 00:04:36.437,0,train,0.0,0
normal,N0034,1197,40,50,2022-07-12 00:04:36.537,0,train,0.009904957765972852,0
normal,N0034,1198,41,50,2022-07-12 00:04:36.637,0,train,0.0033333333333333335,0
normal,N0034,1199,42,50,2022-07-12 00:04:36.737,0,train,0.0,0
normal,N0034,1200,43,50,2022-07-12 00:04:36.837,0,train,0.002999237804878049,0
normal,N0034,1201,44,50,2022-07-12 00:04:36.937,0,train,0.0,0
normal,N0034,1202,45,50,2022-07-12 00:04:37.037,0,train,0.002757374373324006,0
normal,N0034,1203,46,50,2022-07-12 00:04:37.137,0,train,0.0,0
normal,N0034,1204,47,50,2022-07-12 00:04:37.237,0,train,0.0,0
normal,N0034,1205,48,50,2022-07-12 00:04:37.337,0,train,0.0,0
normal,N0034,1206,49,50,2022-07-12 00:04:37.437,0,train,0.0,0
normal,N0035,1216,9,38,2022-07-12 00:04:41.316,0,train,0.003271907316693881,0
normal,N0035,1217,10,38,2022-07-12 00:04:41.416,0,train,0.006524526241646655,0
normal,N0035,1218,11,38,2022-07-12 00:04:41.516,0,train,0.006524526241646655,0
normal,N0035,1219,12,38,2022-07-12 00:04:41.616,0,train,0.0273041955244425,0
normal,N0035,1220,13,38,2022-07-12 00:04:41.716,0,train,0.006524526241646655,0
normal,N0035,1221,14,38,2022-07-12 00:04:41.816,0,train,0.009578695935680722,0
normal,N0035,1222,15,38,2022-07-12 00:04:41.916,0,train,0.0,0
normal,N0035,1223,16,38,2022-07-12 00:04:42.016,0,train,0.014568491119144383,0
normal,N0035,1224,17,38,2022-07-12 00:04:42.116,0,train,0.0,0
normal,N0035,1225,18,38,2022-07-12 00:04:42.216,0,train,0.006458748416451521,0
normal,N0035,1226,19,38,2022-07-12 00:04:42.316,0,train,0.0,0
normal,N0035,1227,20,38,2022-07-12 00:04:42.416,0,train,0.0030455173299926116,0
normal,N0035,1228,21,38,2022-07-12 00:04:42.516,0,train,0.0,0
normal,N0035,1229,22,38,2022-07-12 00:04:42.616,0,train,0.0,0
normal,N0035,1230,23,38,2022-07-12 00:04:42.716,0,train,0.0,0
normal,N0035,1231,24,38,2022-07-12 00:04:42.816,0,train,0.00601028604093054,0
normal,N0035,1232,25,38,2022-07-12 00:04:42.916,0,train,0.0030675898663733133,0
normal,N0035,1233,26,38,2022-07-12 00:04:43.016,0,train,0.0,0
normal,N0035,1234,27,38,2022-07-12 00:04:43.116,0,train,0.0,0
normal,N0035,1235,28,38,2022-07-12 00:04:43.216,0,train,0.028714116212499276,0
normal,N0035,1236,29,38,2022-07-12 00:04:43.316,0,train,0.0404134481288393,0
normal,N0035,1237,30,38,2022-07-12 00:04:43.416,0,train,0.03207023559782031,0
normal,N0035,1238,31,38,2022-07-12 00:04:43.516,0,train,0.009543480099661867,0
normal,N0035,1239,32,38,2022-07-12 00:04:43.616,0,train,0.01245821998055496,0
normal,N0035,1240,33,38,2022-07-12 00:04:43.716,0,train,0.009488534410474394,0
normal,N0035,1241,34,38,2022-07-12 00:04:43.816,0,train,0.009488534410474394,0
normal,N0035,1242,35,38,2022-07-12 00:04:43.916,0,train,0.0032752962310429404,0
normal,N0035,1243,36,38,2022-07-12 00:04:44.016,0,train,0.0066086295643762736,0
normal,N0035,1244,37,38,2022-07-12 00:04:44.116,0,train,0.01637771167120379,0
normal,N0036,1254,9,37,2022-07-12 00:04:49.355,0,train,0.0,0
normal,N0036,1255,10,37,2022-07-12 00:04:49.455,0,train,0.0,0
normal,N0036,1256,11,37,2022-07-12 00:04:49.555,0,train,0.0,0
normal,N0036,1257,12,37,2022-07-12 00:04:49.655,0,train,0.0,0
normal,N0036,1258,13,37,2022-07-12 00:04:49.755,0,train,0.0,0
normal,N0036,1259,14,37,2022-07-12 00:04:49.855,0,train,0.0,0
normal,N0036,1260,15,37,2022-07-12 00:04:49.955,0,train,0.0,0
normal,N0036,1261,16,37,2022-07-12 00:04:50.055,0,train,0.0,0
normal,N0036,1262,17,37,2022-07-12 00:04:50.155,0,train,0.0,0
normal,N0036,1263,18,37,2022-07-12 00:04:50.255,0,train,0.005998241793145653,0
normal,N0036,1264,19,37,2022-07-12 00:04:50.355,0,train,0.0,0
normal,N0036,1265,20,37,2022-07-12 00:04:50.455,0,train,0.0,0
normal,N0036,1266,21,37,2022-07-12 00:04:50.555,0,train,0.0,0
normal,N0036,1267,22,37,2022-07-12 00:04:50.655,0,train,0.0,0
normal,N0036,1268,23,37,2022-07-12 00:04:50.755,0,train,0.0,0
normal,N0036,1269,24,37,2022-07-12 00:04:50.855,0,train,0.0,0
normal,N0036,1270,25,37,2022-07-12 00:04:50.955,0,train,0.0029710350033021987,0
normal,N0036,1271,26,37,2022-07-12 00:04:51.055,0,train,0.011873131824739305,0
normal,N0036,1272,27,37,2022-07-12 00:04:51.155,0,train,0.0062349300480677335,0
normal,N0036,1273,28,37,2022-07-12 00:04:51.255,0,train,0.0028529629126887173,0
normal,N0036,1274,29,37,2022-07-12 00:04:51.355,0,train,0.009439302553994802,0
normal,N0036,1275,30,37,2022-07-12 00:04:51.455,0,train,0.02280649050623119,0
normal,N0036,1276,31,37,2022-07-12 00:04:51.555,0,train,0.0,0
normal,N0036,1277,32,37,2022-07-12 00:04:51.655,0,train,0.012336690805632029,0
normal,N0036,1278,33,37,2022-07-12 00:04:51.755,0,train,0.0,0
normal,N0036,1279,34,37,2022-07-12 00:04:51.855,0,train,0.0,0
normal,N0036,1280,35,37,2022-07-12 00:04:51.955,0,train,0.0,0
normal,N0036,1281,36,37,2022-07-12 00:04:52.055,0,train,0.0,0
normal,N0038,1315,9,12,2022-07-12 00:05:05.536,0,train,0.0033333333333333335,0
normal,N0038,1316,10,12,2022-07-12 00:05:05.636,0,train,0.0,0
normal,N0038,1317,11,12,2022-07-12 00:05:05.736,0,train,0.0,0
normal,N0039,1327,9,12,2022-07-12 00:05:13.466,0,train,0.006610102969016946,0
normal,N0039,1328,10,12,2022-07-12 00:05:13.566,0,train,0.009411551584339898,0
normal,N0039,1329,11,12,2022-07-12 00:05:13.666,0,train,0.04621727699383323,0
normal,N0041,1340,9,50,2022-07-12 00:05:23.396,0,train,0.0,0
normal,N0041,1341,10,50,2022-07-12 00:05:23.496,0,train,0.009460064839375185,0
normal,N0041,1342,11,50,2022-07-12 00:05:23.596,0,train,0.0030133843212237096,0
normal,N0041,1343,12,50,2022-07-12 00:05:23.696,0,train,0.0028002489110143126,0
normal,N0041,1344,13,50,2022-07-12 00:05:23.796,0,train,0.0,0
normal,N0041,1345,14,50,2022-07-12 00:05:23.896,0,train,0.0,0
normal,N0041,1346,15,50,2022-07-12 00:05:23.996,0,train,0.0,0
normal,N0041,1347,16,50,2022-07-12 00:05:24.096,0,train,0.0031692122186495176,0
normal,N0041,1348,17,50,2022-07-12 00:05:24.196,0,train,0.0,0
normal,N0041,1349,18,50,2022-07-12 00:05:24.296,0,train,0.0,0
normal,N0041,1350,19,50,2022-07-12 00:05:24.396,0,train,0.0,0
normal,N0041,1351,20,50,2022-07-12 00:05:24.496,0,train,0.0,0
normal,N0041,1352,21,50,2022-07-12 00:05:24.596,0,train,0.0,0
normal,N0041,1353,22,50,2022-07-12 00:05:24.696,0,train,0.0,0
normal,N0041,1354,23,50,2022-07-12 00:05:24.796,0,train,0.0,0
normal,N0041,1355,24,50,2022-07-12 00:05:24.896,0,train,0.0032889677610174503,0
normal,N0041,1356,25,50,2022-07-12 00:05:24.996,0,train,0.0,0
normal,N0041,1357,26,50,2022-07-12 00:05:25.096,0,train,0.006611266922890482,0
normal,N0041,1358,27,50,2022-07-12 00:05:25.196,0,train,0.01887780008705153,0
normal,N0041,1359,28,50,2022-07-12 00:05:25.296,0,train,0.006666666666666667,0
normal,N0041,1360,29,50,2022-07-12 00:05:25.396,0,train,0.0,0
normal,N0041,1361,30,50,2022-07-12 00:05:25.496,0,train,0.0,0
normal,N0041,1362,31,50,2022-07-12 00:05:25.596,0,train,0.0,0
normal,N0041,1363,32,50,2022-07-12 00:05:25.696,0,train,0.0024704037632301058,0
normal,N0041,1364,33,50,2022-07-12 00:05:25.796,0,train,0.0024704037632301058,0
normal,N0041,1365,34,50,2022-07-12 00:05:25.896,0,train,0.0,0
normal,N0041,1366,35,50,2022-07-12 00:05:25.996,0,train,0.008493477825131802,0
normal,N0041,1367,36,50,2022-07-12 00:05:26.096,0,train,0.0054188220272163926,0
normal,N0041,1368,37,50,2022-07-12 00:05:26.196,0,train,0.0054188220272163926,0
normal,N0041,1369,38,50,2022-07-12 00:05:26.296,0,train,0.0024704037632301058,0
normal,N0041,1370,39,50,2022-07-12 00:05:26.396,0,train,0.0,0
normal,N0041,1371,40,50,2022-07-12 00:05:26.496,0,train,0.0,0
normal,N0041,1372,41,50,2022-07-12 00:05:26.596,0,train,0.0,0
normal,N0041,1373,42,50,2022-07-12 00:05:26.696,0,train,0.0,0
normal,N0041,1374,43,50,2022-07-12 00:05:26.796,0,train,0.0,0
normal,N0041,1375,44,50,2022-07-12 00:05:26.896,0,train,0.0,0
normal,N0041,1376,45,50,2022-07-12 00:05:26.996,0,train,0.022154773147456803,0
normal,N0041,1377,46,50,2022-07-12 00:05:27.096,0,train,0.0,0
normal,N0041,1378,47,50,2022-07-12 00:05:27.196,0,train,0.003290025219584312,0
normal,N0041,1379,48,50,2022-07-12 00:05:27.296,0,train,0.005760428982814417,0
normal,N0041,1380,49,50,2022-07-12 00:05:27.396,0,train,0.0,0
normal,N0043,1440,9,43,2022-07-12 00:05:37.399,0,train,0.0032522754593851963,0
normal,N0043,1441,10,43,2022-07-12 00:05:37.499,0,train,0.0,0
normal,N0043,1442,11,43,2022-07-12 00:05:37.599,0,train,0.0,0
normal,N0043,1443,12,43,2022-07-12 00:05:37.699,0,train,0.0,0
normal,N0043,1444,13,43,2022-07-12 00:05:37.799,0,train,0.0,0
normal,N0043,1445,14,43,2022-07-12 00:05:37.899,0,train,0.0,0
normal,N0043,1446,15,43,2022-07-12 00:05:37.999,0,train,0.0,0
normal,N0043,1447,16,43,2022-07-12 00:05:38.099,0,train,0.0,0
normal,N0043,1448,17,43,2022-07-12 00:05:38.199,0,train,0.0,0
normal,N0043,1449,18,43,2022-07-12 00:05:38.299,0,train,0.0,0
normal,N0043,1450,19,43,2022-07-12 00:05:38.399,0,train,0.0,0
normal,N0043,1451,20,43,2022-07-12 00:05:38.499,0,train,0.0,0
normal,N0043,1452,21,43,2022-07-12 00:05:38.599,0,train,0.0,0
normal,N0043,1453,22,43,2022-07-12 00:05:38.699,0,train,0.0,0
normal,N0043,1454,23,43,2022-07-12 00:05:38.799,0,train,0.0,0
normal,N0043,1455,24,43,2022-07-12 00:05:38.899,0,train,0.0,0
normal,N0043,1456,25,43,2022-07-12 00:05:38.999,0,train,0.0,0
normal,N0043,1457,26,43,2022-07-12 00:05:39.099,0,train,0.0,0
normal,N0043,1458,27,43,2022-07-12 00:05:39.199,0,train,0.0,0
normal,N0043,1459,28,43,2022-07-12 00:05:39.299,0,train,0.0,0
normal,N0043,1460,29,43,2022-07-12 00:05:39.399,0,train,0.0,0
normal,N0043,1461,30,43,2022-07-12 00:05:39.499,0,train,0.0,0
normal,N0043,1462,31,43,2022-07-12 00:05:39.599,0,train,0.0,0
normal,N0043,1463,32,43,2022-07-12 00:05:39.699,0,train,0.0,0
normal,N0043,1464,33,43,2022-07-12 00:05:39.799,0,train,0.0033333333333333335,0
normal,N0043,1465,34,43,2022-07-12 00:05:39.899,0,train,0.0,0
normal,N0043,1466,35,43,2022-07-12 00:05:39.999,0,train,0.0,0
normal,N0043,1467,36,43,2022-07-12 00:05:40.099,0,train,0.0,0
normal,N0043,1468,37,43,2022-07-12 00:05:40.199,0,train,0.0,0
normal,N0043,1469,38,43,2022-07-12 00:05:40.299,0,train,0.0,0
normal,N0043,1470,39,43,2022-07-12 00:05:40.399,0,train,0.0,0
normal,N0043,1471,40,43,2022-07-12 00:05:40.499,0,train,0.0,0
normal,N0043,1472,41,43,2022-07-12 00:05:40.599,0,train,0.0,0
normal,N0043,1473,42,43,2022-07-12 00:05:40.699,0,train,0.0,0
normal,N0044,1483,9,29,2022-07-12 00:05:45.504,0,train,0.0,0
normal,N0044,1484,10,29,2022-07-12 00:05:45.604,0,train,0.0,0
normal,N0044,1485,11,29,2022-07-12 00:05:45.704,0,train,0.0,0
normal,N0044,1486,12,29,2022-07-12 00:05:45.804,0,train,0.0,0
normal,N0044,1487,13,29,2022-07-12 00:05:45.904,0,train,0.0,0
normal,N0044,1488,14,29,2022-07-12 00:05:46.004,0,train,0.0,0
normal,N0044,1489,15,29,2022-07-12 00:05:46.104,0,train,0.0,0
normal,N0044,1490,16,29,2022-07-12 00:05:46.204,0,train,0.0,0
normal,N0044,1491,17,29,2022-07-12 00:05:46.304,0,train,0.0,0
normal,N0044,1492,18,29,2022-07-12 00:05:46.404,0,train,0.0,0
normal,N0044,1493,19,29,2022-07-12 00:05:46.504,0,train,0.0,0
normal,N0044,1494,20,29,2022-07-12 00:05:46.604,0,train,0.0,0
normal,N0044,1495,21,29,2022-07-12 00:05:46.704,0,train,0.0,0
normal,N0044,1496,22,29,2022-07-12 00:05:46.804,0,train,0.0,0
normal,N0044,1497,23,29,2022-07-12 00:05:46.904,0,train,0.0033333333333333335,0
normal,N0044,1498,24,29,2022-07-12 00:05:47.004,0,train,0.006008267935645343,0
normal,N0044,1499,25,29,2022-07-12 00:05:47.104,0,train,0.0,0
normal,N0044,1500,26,29,2022-07-12 00:05:47.204,0,train,0.0,0
normal,N0044,1501,27,29,2022-07-12 00:05:47.304,0,train,0.0,0
normal,N0044,1502,28,29,2022-07-12 00:05:47.404,0,train,0.0,0
normal,N0045,1512,9,17,2022-07-12 00:05:53.392,0,train,0.0,0
normal,N0045,1513,10,17,2022-07-12 00:05:53.492,0,train,0.0029854880851197777,0
normal,N0045,1514,11,17,2022-07-12 00:05:53.592,0,train,0.0029854880851197777,0
normal,N0045,1515,12,17,2022-07-12 00:05:53.692,0,train,0.015510140649111624,0
normal,N0045,1516,13,17,2022-07-12 00:05:53.792,0,train,0.006537048095457529,0
normal,N0045,1517,14,17,2022-07-12 00:05:53.892,0,train,0.0,0
normal,N0045,1518,15,17,2022-07-12 00:05:53.992,0,train,0.0029596973392114556,0
normal,N0045,1519,16,17,2022-07-12 00:05:54.092,0,train,0.003271907316693881,0
normal,N0048,1584,9,50,2022-07-12 00:06:10.077,0,train,0.006171270862635361,0
normal,N0048,1585,10,50,2022-07-12 00:06:10.177,0,train,0.008759212106793963,0
normal,N0048,1586,11,50,2022-07-12 00:06:10.277,0,train,0.00581944482411087,0
normal,N0048,1587,12,50,2022-07-12 00:06:10.377,0,train,0.0,0
normal,N0048,1588,13,50,2022-07-12 00:06:10.477,0,train,0.0,0
normal,N0048,1589,14,50,2022-07-12 00:06:10.577,0,train,0.009365632132524249,0
normal,N0048,1590,15,50,2022-07-12 00:06:10.677,0,train,0.003164556962025317,0
normal,N0048,1591,16,50,2022-07-12 00:06:10.777,0,train,0.02825276557925059,0
normal,N0048,1592,17,50,2022-07-12 00:06:10.877,0,train,0.0,0
normal,N0048,1593,18,50,2022-07-12 00:06:10.977,0,train,0.0,0
normal,N0048,1594,19,50,2022-07-12 00:06:11.077,0,train,0.0,0
normal,N0048,1595,20,50,2022-07-12 00:06:11.177,0,train,0.0,0
normal,N0048,1596,21,50,2022-07-12 00:06:11.277,0,train,0.0,0
normal,N0048,1597,22,50,2022-07-12 00:06:11.377,0,train,0.0,0
normal,N0048,1598,23,50,2022-07-12 00:06:11.477,0,train,0.0,0
normal,N0048,1599,24,50,2022-07-12 00:06:11.577,0,train,0.0,0
normal,N0048,1600,25,50,2022-07-12 00:06:11.677,0,train,0.0,0
normal,N0048,1601,26,50,2022-07-12 00:06:11.777,0,train,0.0,0
normal,N0048,1602,27,50,2022-07-12 00:06:11.877,0,train,0.0,0
normal,N0048,1603,28,50,2022-07-12 00:06:11.977,0,train,0.0,0
normal,N0048,1604,29,50,2022-07-12 00:06:12.077,0,train,0.0,0
normal,N0048,1605,30,50,2022-07-12 00:06:12.177,0,train,0.006060035459126357,0
normal,N0048,1606,31,50,2022-07-12 00:06:12.277,0,train,0.01520416645631722,0
normal,N0048,1607,32,50,2022-07-12 00:06:12.377,0,train,0.003164556962025317,0
normal,N0048,1608,33,50,2022-07-12 00:06:12.477,0,train,0.041283734231335,0
normal,N0048,1609,34,50,2022-07-12 00:06:12.577,0,train,0.022114144225214523,0
normal,N0048,1610,35,50,2022-07-12 00:06:12.677,0,train,0.0033333333333333335,0
normal,N0048,1611,36,50,2022-07-12 00:06:12.777,0,train,0.0,0
normal,N0048,1612,37,50,2022-07-12 00:06:12.877,0,train,0.0,0
normal,N0048,1613,38,50,2022-07-12 00:06:12.977,0,train,0.0031107609480664432,0
normal,N0048,1614,39,50,2022-07-12 00:06:13.077,0,train,0.0,0
normal,N0048,1615,40,50,2022-07-12 00:06:13.177,0,train,0.0,0
normal,N0048,1616,41,50,2022-07-12 00:06:13.277,0,train,0.03670148922864275,0
normal,N0048,1617,42,50,2022-07-12 00:06:13.377,0,train,0.0,0
normal,N0048,1618,43,50,2022-07-12 00:06:13.477,0,train,0.003164556962025317,0
normal,N0048,1619,44,50,2022-07-12 00:06:13.577,0,train,0.0,0
normal,N0048,1620,45,50,2022-07-12 00:06:13.677,0,train,0.0,0
normal,N0048,1621,46,50,2022-07-12 00:06:13.777,0,train,0.003060475196920439,0
normal,N0048,1622,47,50,2022-07-12 00:06:13.877,0,train,0.003060475196920439,0
normal,N0048,1623,48,50,2022-07-12 00:06:13.977,0,train,0.005913230391139049,0
normal,N0048,1624,49,50,2022-07-12 00:06:14.077,0,train,0.0028527551942186093,0
normal,N0049,1634,9,40,2022-07-12 00:06:17.834,0,train,0.0492879222911486,0
normal,N0049,1635,10,40,2022-07-12 00:06:17.934,0,train,0.028353937237015507,0
normal,N0049,1636,11,40,2022-07-12 00:06:18.034,0,train,0.018976394672070997,0
normal,N0049,1637,12,40,2022-07-12 00:06:18.134,0,train,0.022140111578636525,0
normal,N0049,1638,13,40,2022-07-12 00:06:18.234,0,train,0.04592209934441463,0
normal,N0049,1639,14,40,2022-07-12 00:06:18.334,0,train,0.06911690090438646,0
normal,N0049,1640,15,40,2022-07-12 00:06:18.434,0,train,0.029058564500174282,0
normal,N0049,1641,16,40,2022-07-12 00:06:18.534,0,train,0.0368684704797908,0
normal,N0049,1642,17,40,2022-07-12 00:06:18.634,0,train,0.006641882404673033,0
normal,N0049,1643,18,40,2022-07-12 00:06:18.734,0,train,0.0033260963196709062,0
normal,N0049,1644,19,40,2022-07-12 00:06:18.834,0,train,0.0,0
normal,N0049,1645,20,40,2022-07-12 00:06:18.934,0,train,0.0,0
normal,N0049,1646,21,40,2022-07-12 00:06:19.034,0,train,0.0,0
normal,N0049,1647,22,40,2022-07-12 00:06:19.134,0,train,0.0,0
normal,N0049,1648,23,40,2022-07-12 00:06:19.234,0,train,0.0,0
normal,N0049,1649,24,40,2022-07-12 00:06:19.334,0,train,0.0,0
normal,N0049,1650,25,40,2022-07-12 00:06:19.434,0,train,0.0,0
normal,N0049,1651,26,40,2022-07-12 00:06:19.534,0,train,0.0,0
normal,N0049,1652,27,40,2022-07-12 00:06:19.634,0,train,0.0,0
normal,N0049,1653,28,40,2022-07-12 00:06:19.734,0,train,0.0,0
normal,N0049,1654,29,40,2022-07-12 00:06:19.834,0,train,0.0,0
normal,N0049,1655,30,40,2022-07-12 00:06:19.934,0,train,0.01876968008690622,0
normal,N0049,1656,31,40,2022-07-12 00:06:20.034,0,train,0.061439461077460324,0
normal,N0049,1657,32,40,2022-07-12 00:06:20.134,0,train,0.03254670184602154,0
normal,N0049,1658,33,40,2022-07-12 00:06:20.234,0,train,0.006593523574053089,0
normal,N0049,1659,34,40,2022-07-12 00:06:20.334,0,train,0.009589796524243037,0
normal,N0049,1660,35,40,2022-07-12 00:06:20.434,0,train,0.0062257307998605845,0
normal,N0049,1661,36,40,2022-07-12 00:06:20.534,0,train,0.04469784204703144,0
normal,N0049,1662,37,40,2022-07-12 00:06:20.634,0,train,0.054534421020750304,0
normal,N0049,1663,38,40,2022-07-12 00:06:20.734,0,train,0.025694067364926975,0
normal,N0049,1664,39,40,2022-07-12 00:06:20.834,0,train,0.01930263011887263,0
normal,N0050,1674,9,22,2022-07-12 00:06:26.447,0,train,0.0,0
normal,N0050,1675,10,22,2022-07-12 00:06:26.547,0,train,0.0,0
normal,N0050,1676,11,22,2022-07-12 00:06:26.647,0,train,0.0,0
normal,N0050,1677,12,22,2022-07-12 00:06:26.747,0,train,0.0,0
normal,N0050,1678,13,22,2022-07-12 00:06:26.847,0,train,0.0,0
normal,N0050,1679,14,22,2022-07-12 00:06:26.947,0,train,0.0,0
normal,N0050,1680,15,22,2022-07-12 00:06:27.047,0,train,0.0028657357030588805,0
normal,N0050,1681,16,22,2022-07-12 00:06:27.147,0,train,0.0,0
normal,N0050,1682,17,22,2022-07-12 00:06:27.247,0,train,0.0,0
normal,N0050,1683,18,22,2022-07-12 00:06:27.347,0,train,0.0,0
normal,N0050,1684,19,22,2022-07-12 00:06:27.447,0,train,0.0,0
normal,N0050,1685,20,22,2022-07-12 00:06:27.547,0,train,0.0,0
normal,N0050,1686,21,22,2022-07-12 00:06:27.647,0,train,0.006215548627933211,0
normal,N0051,1696,9,50,2022-07-12 00:06:30.284,0,train,0.0,0
normal,N0051,1697,10,50,2022-07-12 00:06:30.384,0,train,0.0,0
normal,N0051,1698,11,50,2022-07-12 00:06:30.484,0,train,0.0,0
normal,N0051,1699,12,50,2022-07-12 00:06:30.584,0,train,0.0,0
normal,N0051,1700,13,50,2022-07-12 00:06:30.684,0,train,0.0,0
normal,N0051,1701,14,50,2022-07-12 00:06:30.784,0,train,0.0027851302864537377,0
normal,N0051,1702,15,50,2022-07-12 00:06:30.884,0,train,0.0,0
normal,N0051,1703,16,50,2022-07-12 00:06:30.984,0,train,0.0,0
normal,N0051,1704,17,50,2022-07-12 00:06:31.084,0,train,0.01585048114369706,0
normal,N0051,1705,18,50,2022-07-12 00:06:31.184,0,train,0.0030160145181317454,0
normal,N0051,1706,19,50,2022-07-12 00:06:31.284,0,train,0.0,0
normal,N0051,1707,20,50,2022-07-12 00:06:31.384,0,train,0.0,0
normal,N0051,1708,21,50,2022-07-12 00:06:31.484,0,train,0.0,0
normal,N0051,1709,22,50,2022-07-12 00:06:31.584,0,train,0.0,0
normal,N0051,1710,23,50,2022-07-12 00:06:31.684,0,train,0.0,0
normal,N0051,1711,24,50,2022-07-12 00:06:31.784,0,train,0.00295536188423453,0
normal,N0051,1712,25,50,2022-07-12 00:06:31.884,0,train,0.0,0
normal,N0051,1713,26,50,2022-07-12 00:06:31.984,0,train,0.0,0
normal,N0051,1714,27,50,2022-07-12 00:06:32.084,0,train,0.0,0
normal,N0051,1715,28,50,2022-07-12 00:06:32.184,0,train,0.0,0
normal,N0051,1716,29,50,2022-07-12 00:06:32.284,0,train,0.0,0
normal,N0051,1717,30,50,2022-07-12 00:06:32.384,0,train,0.015061643389742916,0
normal,N0051,1718,31,50,2022-07-12 00:06:32.484,0,train,0.02138835621244042,0
normal,N0051,1719,32,50,2022-07-12 00:06:32.584,0,train,0.0,0
normal,N0051,1720,33,50,2022-07-12 00:06:32.684,0,train,0.003136981988699441,0
normal,N0051,1721,34,50,2022-07-12 00:06:32.784,0,train,0.0,0
normal,N0051,1722,35,50,2022-07-12 00:06:32.884,0,train,0.0,0
normal,N0051,1723,36,50,2022-07-12 00:06:32.984,0,train,0.0027219242083405433,0
normal,N0051,1724,37,50,2022-07-12 00:06:33.084,0,train,0.0,0
normal,N0051,1725,38,50,2022-07-12 00:06:33.184,0,train,0.006580889169675574,0
normal,N0051,1726,39,50,2022-07-12 00:06:33.284,0,train,0.034440724235385065,0
normal,N0051,1727,40,50,2022-07-12 00:06:33.384,0,train,0.0,0
normal,N0051,1728,41,50,2022-07-12 00:06:33.484,0,train,0.0,0
normal,N0051,1729,42,50,2022-07-12 00:06:33.584,0,train,0.0,0
normal,N0051,1730,43,50,2022-07-12 00:06:33.684,0,train,0.0,0
normal,N0051,1731,44,50,2022-07-12 00:06:33.784,0,train,0.0027219242083405433,0
normal,N0051,1732,45,50,2022-07-12 00:06:33.884,0,train,0.0,0
normal,N0051,1733,46,50,2022-07-12 00:06:33.984,0,train,0.0,0
normal,N0051,1734,47,50,2022-07-12 00:06:34.084,0,train,0.012531055053790853,0
normal,N0051,1735,48,50,2022-07-12 00:06:34.184,0,train,0.0032041369955917256,0
normal,N0051,1736,49,50,2022-07-12 00:06:34.284,0,train,0.006062958842547375,0
normal,N0053,1796,9,50,2022-07-12 00:06:43.940,0,train,0.0,0
normal,N0053,1797,10,50,2022-07-12 00:06:44.040,0,train,0.006303884717635672,0
normal,N0053,1798,11,50,2022-07-12 00:06:44.140,0,train,0.0030204941582072393,0
normal,N0053,1799,12,50,2022-07-12 00:06:44.240,0,train,0.0,0
normal,N0053,1800,13,50,2022-07-12 00:06:44.340,0,train,0.0,0
normal,N0053,1801,14,50,2022-07-12 00:06:44.440,0,train,0.0,0
normal,N0053,1802,15,50,2022-07-12 00:06:44.540,0,train,0.0,0
normal,N0053,1803,16,50,2022-07-12 00:06:44.640,0,train,0.0,0
normal,N0053,1804,17,50,2022-07-12 00:06:44.740,0,train,0.0,0
normal,N0053,1805,18,50,2022-07-12 00:06:44.840,0,train,0.0,0
normal,N0053,1806,19,50,2022-07-12 00:06:44.940,0,train,0.0,0
normal,N0053,1807,20,50,2022-07-12 00:06:45.040,0,train,0.016081280398696447,0
normal,N0053,1808,21,50,2022-07-12 00:06:45.140,0,train,0.0,0
normal,N0053,1809,22,50,2022-07-12 00:06:45.240,0,train,0.0,0
normal,N0053,1810,23,50,2022-07-12 00:06:45.340,0,train,0.0,0
normal,N0053,1811,24,50,2022-07-12 00:06:45.440,0,train,0.0,0
normal,N0053,1812,25,50,2022-07-12 00:06:45.540,0,train,0.0,0
normal,N0053,1813,26,50,2022-07-12 00:06:45.640,0,train,0.0,0
normal,N0053,1814,27,50,2022-07-12 00:06:45.740,0,train,0.0,0
normal,N0053,1815,28,50,2022-07-12 00:06:45.840,0,train,0.0,0
normal,N0053,1816,29,50,2022-07-12 00:06:45.940,0,train,0.002809222450010399,0
normal,N0053,1817,30,50,2022-07-12 00:06:46.040,0,train,0.0,0
normal,N0053,1818,31,50,2022-07-12 00:06:46.140,0,train,0.0031336848738102345,0
normal,N0053,1819,32,50,2022-07-12 00:06:46.240,0,train,0.003140908940452153,0
normal,N0053,1820,33,50,2022-07-12 00:06:46.340,0,train,0.0,0
normal,N0053,1821,34,50,2022-07-12 00:06:46.440,0,train,0.0,0
normal,N0053,1822,35,50,2022-07-12 00:06:46.540,0,train,0.0064935956869613,0
normal,N0053,1823,36,50,2022-07-12 00:06:46.640,0,train,0.0,0
normal,N0053,1824,37,50,2022-07-12 00:06:46.740,0,train,0.0,0
normal,N0053,1825,38,50,2022-07-12 00:06:46.840,0,train,0.0,0
normal,N0053,1826,39,50,2022-07-12 00:06:46.940,0,train,0.0,0
normal,N0053,1827,40,50,2022-07-12 00:06:47.040,0,train,0.0,0
normal,N0053,1828,41,50,2022-07-12 00:06:47.140,0,train,0.0032912580847068644,0
normal,N0053,1829,42,50,2022-07-12 00:06:47.240,0,train,0.0,0
normal,N0053,1830,43,50,2022-07-12 00:06:47.340,0,train,0.003115576231482398,0
normal,N0053,1831,44,50,2022-07-12 00:06:47.440,0,train,0.0033147415922560597,0
normal,N0053,1832,45,50,2022-07-12 00:06:47.540,0,train,0.015100088347022152,0
normal,N0053,1833,46,50,2022-07-12 00:06:47.640,0,train,0.0,0
normal,N0053,1834,47,50,2022-07-12 00:06:47.740,0,train,0.0,0
normal,N0053,1835,48,50,2022-07-12 00:06:47.840,0,train,0.0,0
normal,N0053,1836,49,50,2022-07-12 00:06:47.940,0,train,0.0,0
normal,N0054,1846,9,50,2022-07-12 00:06:50.546,0,train,0.0,0
normal,N0054,1847,10,50,2022-07-12 00:06:50.646,0,train,0.07487566342640728,0
normal,N0054,1848,11,50,2022-07-12 00:06:50.746,0,train,0.0,0
normal,N0054,1849,12,50,2022-07-12 00:06:50.846,0,train,0.0,0
normal,N0054,1850,13,50,2022-07-12 00:06:50.946,0,train,0.0,0
normal,N0054,1851,14,50,2022-07-12 00:06:51.046,0,train,0.0,0
normal,N0054,1852,15,50,2022-07-12 00:06:51.146,0,train,0.0,0
normal,N0054,1853,16,50,2022-07-12 00:06:51.246,0,train,0.0,0
normal,N0054,1854,17,50,2022-07-12 00:06:51.346,0,train,0.0,0
normal,N0054,1855,18,50,2022-07-12 00:06:51.446,0,train,0.0,0
normal,N0054,1856,19,50,2022-07-12 00:06:51.546,0,train,0.0,0
normal,N0054,1857,20,50,2022-07-12 00:06:51.646,0,train,0.0,0
normal,N0054,1858,21,50,2022-07-12 00:06:51.746,0,train,0.0,0
normal,N0054,1859,22,50,2022-07-12 00:06:51.846,0,train,0.0,0
normal,N0054,1860,23,50,2022-07-12 00:06:51.946,0,train,0.006424464823522181,0
normal,N0054,1861,24,50,2022-07-12 00:06:52.046,0,train,0.0,0
normal,N0054,1862,25,50,2022-07-12 00:06:52.146,0,train,0.0029596973392114565,0
normal,N0054,1863,26,50,2022-07-12 00:06:52.246,0,train,0.005959665740639711,0
normal,N0054,1864,27,50,2022-07-12 00:06:52.346,0,train,0.015705404292690017,0
normal,N0054,1865,28,50,2022-07-12 00:06:52.446,0,train,0.13208808463557575,0
normal,N0054,1866,29,50,2022-07-12 00:06:52.546,0,train,0.006424464823522181,0
normal,N0054,1867,30,50,2022-07-12 00:06:52.646,0,train,0.006101429310863788,0
normal,N0054,1868,31,50,2022-07-12 00:06:52.746,0,train,0.006101429310863788,0
normal,N0054,1869,32,50,2022-07-12 00:06:52.846,0,train,0.002875304136253042,0
normal,N0054,1870,33,50,2022-07-12 00:06:52.946,0,train,0.005473491218044696,0
normal,N0054,1871,34,50,2022-07-12 00:06:53.046,0,train,0.0,0
normal,N0054,1872,35,50,2022-07-12 00:06:53.146,0,train,0.061047811268157566,0
normal,N0054,1873,36,50,2022-07-12 00:06:53.246,0,train,0.0,0
normal,N0054,1874,37,50,2022-07-12 00:06:53.346,0,train,0.0032692798818324256,0
normal,N0054,1875,38,50,2022-07-12 00:06:53.446,0,train,0.0,0
normal,N0054,1876,39,50,2022-07-12 00:06:53.546,0,train,0.009659814879739574,0
normal,N0054,1877,40,50,2022-07-12 00:06:53.646,0,train,0.0,0
normal,N0054,1878,41,50,2022-07-12 00:06:53.746,0,train,0.0,0
normal,N0054,1879,42,50,2022-07-12 00:06:53.846,0,train,0.0,0
normal,N0054,1880,43,50,2022-07-12 00:06:53.946,0,train,0.012004835366067806,0
normal,N0054,1881,44,50,2022-07-12 00:06:54.046,0,train,0.0,0
normal,N0054,1882,45,50,2022-07-12 00:06:54.146,0,train,0.0,0
normal,N0054,1883,46,50,2022-07-12 00:06:54.246,0,train,0.0,0
normal,N0054,1884,47,50,2022-07-12 00:06:54.346,0,train,0.0,0
normal,N0054,1885,48,50,2022-07-12 00:06:54.446,0,train,0.0,0
normal,N0054,1886,49,50,2022-07-12 00:06:54.546,0,train,0.002985121874010764,0
normal,N0055,1896,9,50,2022-07-12 00:06:58.698,0,train,0.0,0
normal,N0055,1897,10,50,2022-07-12 00:06:58.798,0,train,0.0,0
normal,N0055,1898,11,50,2022-07-12 00:06:58.898,0,train,0.0,0
normal,N0055,1899,12,50,2022-07-12 00:06:58.998,0,train,0.0,0
normal,N0055,1900,13,50,2022-07-12 00:06:59.098,0,train,0.0,0
normal,N0055,1901,14,50,2022-07-12 00:06:59.198,0,train,0.0059297462353535375,0
normal,N0055,1902,15,50,2022-07-12 00:06:59.298,0,train,0.00317501844770913,0
normal,N0055,1903,16,50,2022-07-12 00:06:59.398,0,train,0.0,0
normal,N0055,1904,17,50,2022-07-12 00:06:59.498,0,train,0.0,0
normal,N0055,1905,18,50,2022-07-12 00:06:59.598,0,train,0.0,0
normal,N0055,1906,19,50,2022-07-12 00:06:59.698,0,train,0.0,0
normal,N0055,1907,20,50,2022-07-12 00:06:59.798,0,train,0.0,0
normal,N0055,1908,21,50,2022-07-12 00:06:59.898,0,train,0.0,0
normal,N0055,1909,22,50,2022-07-12 00:06:59.998,0,train,0.0,0
normal,N0055,1910,23,50,2022-07-12 00:07:00.098,0,train,0.006454421735404887,0
normal,N0055,1911,24,50,2022-07-12 00:07:00.198,0,train,0.00319647201946472,0
normal,N0055,1912,25,50,2022-07-12 00:07:00.298,0,train,0.0,0
normal,N0055,1913,26,50,2022-07-12 00:07:00.398,0,train,0.0,0
normal,N0055,1914,27,50,2022-07-12 00:07:00.498,0,train,0.0,0
normal,N0055,1915,28,50,2022-07-12 00:07:00.598,0,train,0.0,0
normal,N0055,1916,29,50,2022-07-12 00:07:00.698,0,train,0.0,0
normal,N0055,1917,30,50,2022-07-12 00:07:00.798,0,train,0.0,0
normal,N0055,1918,31,50,2022-07-12 00:07:00.898,0,train,0.015325120766257203,0
normal,N0055,1919,32,50,2022-07-12 00:07:00.998,0,train,0.005842570730003969,0
normal,N0055,1920,33,50,2022-07-12 00:07:01.098,0,train,0.0,0
normal,N0055,1921,34,50,2022-07-12 00:07:01.198,0,train,0.0,0
normal,N0055,1922,35,50,2022-07-12 00:07:01.298,0,train,0.0,0
normal,N0055,1923,36,50,2022-07-12 00:07:01.398,0,train,0.0,0
normal,N0055,1924,37,50,2022-07-12 00:07:01.498,0,train,0.0,0
normal,N0055,1925,38,50,2022-07-12 00:07:01.598,0,train,0.0,0
normal,N0055,1926,39,50,2022-07-12 00:07:01.698,0,train,0.0059297462353535375,0
normal,N0055,1927,40,50,2022-07-12 00:07:01.798,0,train,0.023980281523315463,0
normal,N0055,1928,41,50,2022-07-12 00:07:01.898,0,train,0.0,0
normal,N0055,1929,42,50,2022-07-12 00:07:01.998,0,train,0.0,0
normal,N0055,1930,43,50,2022-07-12 00:07:02.098,0,train,0.0,0
normal,N0055,1931,44,50,2022-07-12 00:07:02.198,0,train,0.0,0
normal,N0055,1932,45,50,2022-07-12 00:07:02.298,0,train,0.0,0
normal,N0055,1933,46,50,2022-07-12 00:07:02.398,0,train,0.009385091271120029,0
normal,N0055,1934,47,50,2022-07-12 00:07:02.498,0,train,0.0,0
normal,N0055,1935,48,50,2022-07-12 00:07:02.598,0,train,0.0,0
normal,N0055,1936,49,50,2022-07-12 00:07:02.698,0,train,0.0,0
normal,N0056,1946,9,50,2022-07-12 00:07:05.744,0,train,0.0,0
normal,N0056,1947,10,50,2022-07-12 00:07:05.844,0,train,0.0,0
normal,N0056,1948,11,50,2022-07-12 00:07:05.944,0,train,0.0,0
normal,N0056,1949,12,50,2022-07-12 00:07:06.044,0,train,0.0,0
normal,N0056,1950,13,50,2022-07-12 00:07:06.144,0,train,0.0,0
normal,N0056,1951,14,50,2022-07-12 00:07:06.244,0,train,0.0,0
normal,N0056,1952,15,50,2022-07-12 00:07:06.344,0,train,0.0,0
normal,N0056,1953,16,50,2022-07-12 00:07:06.444,0,train,0.0,0
normal,N0056,1954,17,50,2022-07-12 00:07:06.544,0,train,0.0,0
normal,N0056,1955,18,50,2022-07-12 00:07:06.644,0,train,0.0,0
normal,N0056,1956,19,50,2022-07-12 00:07:06.744,0,train,0.0,0
normal,N0056,1957,20,50,2022-07-12 00:07:06.844,0,train,0.0,0
normal,N0056,1958,21,50,2022-07-12 00:07:06.944,0,train,0.0,0
normal,N0056,1959,22,50,2022-07-12 00:07:07.044,0,train,0.01540680369000731,0
normal,N0056,1960,23,50,2022-07-12 00:07:07.144,0,train,0.0,0
normal,N0056,1961,24,50,2022-07-12 00:07:07.244,0,train,0.0,0
normal,N0056,1962,25,50,2022-07-12 00:07:07.344,0,train,0.0,0
normal,N0056,1963,26,50,2022-07-12 00:07:07.444,0,train,0.0031730543540220636,0
normal,N0056,1964,27,50,2022-07-12 00:07:07.544,0,train,0.0,0
normal,N0056,1965,28,50,2022-07-12 00:07:07.644,0,train,0.0,0
normal,N0056,1966,29,50,2022-07-12 00:07:07.744,0,train,0.0,0
normal,N0056,1967,30,50,2022-07-12 00:07:07.844,0,train,0.028776994638551264,0
normal,N0056,1968,31,50,2022-07-12 00:07:07.944,0,train,0.009608118538504979,0
normal,N0056,1969,32,50,2022-07-12 00:07:08.044,0,train,0.003224289511347373,0
normal,N0056,1970,33,50,2022-07-12 00:07:08.144,0,train,0.0,0
normal,N0056,1971,34,50,2022-07-12 00:07:08.244,0,train,0.0,0
normal,N0056,1972,35,50,2022-07-12 00:07:08.344,0,train,0.0,0
normal,N0056,1973,36,50,2022-07-12 00:07:08.444,0,train,0.0,0
normal,N0056,1974,37,50,2022-07-12 00:07:08.544,0,train,0.0,0
normal,N0056,1975,38,50,2022-07-12 00:07:08.644,0,train,0.005909744305775353,0
normal,N0056,1976,39,50,2022-07-12 00:07:08.744,0,train,0.002917705735660848,0
normal,N0056,1977,40,50,2022-07-12 00:07:08.844,0,train,0.0,0
normal,N0056,1978,41,50,2022-07-12 00:07:08.944,0,train,0.0,0
normal,N0056,1979,42,50,2022-07-12 00:07:09.044,0,train,0.0,0
normal,N0056,1980,43,50,2022-07-12 00:07:09.144,0,train,0.0,0
normal,N0056,1981,44,50,2022-07-12 00:07:09.244,0,train,0.0,0
normal,N0056,1982,45,50,2022-07-12 00:07:09.344,0,train,0.002961016206745511,0
normal,N0056,1983,46,50,2022-07-12 00:07:09.444,0,train,0.009422875902199954,0
normal,N0056,1984,47,50,2022-07-12 00:07:09.544,0,train,0.02525357055872003,0
normal,N0056,1985,48,50,2022-07-12 00:07:09.644,0,train,0.0504563364886513,0
normal,N0056,1986,49,50,2022-07-12 00:07:09.744,0,train,0.018675190623772705,0
normal,N0058,2046,9,50,2022-07-12 00:07:20.248,0,train,0.003275127325641825,0
normal,N0058,2047,10,50,2022-07-12 00:07:20.348,0,train,0.003275127325641825,0
normal,N0058,2048,11,50,2022-07-12 00:07:20.448,0,train,0.018622993802269765,0
normal,N0058,2049,12,50,2022-07-12 00:07:20.548,0,train,0.0,0
normal,N0058,2050,13,50,2022-07-12 00:07:20.648,0,train,0.0,0
normal,N0058,2051,14,50,2022-07-12 00:07:20.748,0,train,0.0,0
normal,N0058,2052,15,50,2022-07-12 00:07:20.848,0,train,0.0,0
normal,N0058,2053,16,50,2022-07-12 00:07:20.948,0,train,0.0,0
normal,N0058,2054,17,50,2022-07-12 00:07:21.048,0,train,0.0,0
normal,N0058,2055,18,50,2022-07-12 00:07:21.148,0,train,0.0,0
normal,N0058,2056,19,50,2022-07-12 00:07:21.248,0,train,0.0,0
normal,N0058,2057,20,50,2022-07-12 00:07:21.348,0,train,0.0,0
normal,N0058,2058,21,50,2022-07-12 00:07:21.448,0,train,0.0033333333333333335,0
normal,N0058,2059,22,50,2022-07-12 00:07:21.548,0,train,0.0,0
normal,N0058,2060,23,50,2022-07-12 00:07:21.648,0,train,0.0033000742001658588,0
normal,N0058,2061,24,50,2022-07-12 00:07:21.748,0,train,0.003275593279057682,0
normal,N0058,2062,25,50,2022-07-12 00:07:21.848,0,train,0.009120143745081926,0
normal,N0058,2063,26,50,2022-07-12 00:07:21.948,0,train,0.04789579924434756,0
normal,N0058,2064,27,50,2022-07-12 00:07:22.048,0,train,0.024636870936119038,0
normal,N0058,2065,28,50,2022-07-12 00:07:22.148,0,train,0.043499631665324404,0
normal,N0058,2066,29,50,2022-07-12 00:07:22.248,0,train,0.019066465473003384,0
normal,N0058,2067,30,50,2022-07-12 00:07:22.348,0,train,0.005353592079877968,0
normal,N0058,2068,31,50,2022-07-12 00:07:22.448,0,train,0.0,0
normal,N0058,2069,32,50,2022-07-12 00:07:22.548,0,train,0.0,0
normal,N0058,2070,33,50,2022-07-12 00:07:22.648,0,train,0.0,0
normal,N0058,2071,34,50,2022-07-12 00:07:22.748,0,train,0.0,0
normal,N0058,2072,35,50,2022-07-12 00:07:22.848,0,train,0.0,0
normal,N0058,2073,36,50,2022-07-12 00:07:22.948,0,train,0.0,0
normal,N0058,2074,37,50,2022-07-12 00:07:23.048,0,train,0.0,0
normal,N0058,2075,38,50,2022-07-12 00:07:23.148,0,train,0.0,0
normal,N0058,2076,39,50,2022-07-12 00:07:23.248,0,train,0.0,0
normal,N0058,2077,40,50,2022-07-12 00:07:23.348,0,train,0.0,0
normal,N0058,2078,41,50,2022-07-12 00:07:23.448,0,train,0.0,0
normal,N0058,2079,42,50,2022-07-12 00:07:23.548,0,train,0.0,0
normal,N0058,2080,43,50,2022-07-12 00:07:23.648,0,train,0.0,0
normal,N0058,2081,44,50,2022-07-12 00:07:23.748,0,train,0.019126135428727577,0
normal,N0058,2082,45,50,2022-07-12 00:07:23.848,0,train,0.006579035073379517,0
normal,N0058,2083,46,50,2022-07-12 00:07:23.948,0,train,0.0,0
normal,N0058,2084,47,50,2022-07-12 00:07:24.048,0,train,0.006065929815190209,0
normal,N0058,2085,48,50,2022-07-12 00:07:24.148,0,train,0.003282715497990174,0
normal,N0058,2086,49,50,2022-07-12 00:07:24.248,0,train,0.0,0
normal,N0059,2096,9,50,2022-07-12 00:07:26.871,0,train,0.0,0
normal,N0059,2097,10,50,2022-07-12 00:07:26.971,0,train,0.0,0
normal,N0059,2098,11,50,2022-07-12 00:07:27.071,0,train,0.0,0
normal,N0059,2099,12,50,2022-07-12 00:07:27.171,0,train,0.0,0
normal,N0059,2100,13,50,2022-07-12 00:07:27.271,0,train,0.0,0
normal,N0059,2101,14,50,2022-07-12 00:07:27.371,0,train,0.0,0
normal,N0059,2102,15,50,2022-07-12 00:07:27.471,0,train,0.0,0
normal,N0059,2103,16,50,2022-07-12 00:07:27.571,0,train,0.0,0
normal,N0059,2104,17,50,2022-07-12 00:07:27.671,0,train,0.0,0
normal,N0059,2105,18,50,2022-07-12 00:07:27.771,0,train,0.0,0
normal,N0059,2106,19,50,2022-07-12 00:07:27.871,0,train,0.0,0
normal,N0059,2107,20,50,2022-07-12 00:07:27.971,0,train,0.0,0
normal,N0059,2108,21,50,2022-07-12 00:07:28.071,0,train,0.0,0
normal,N0059,2109,22,50,2022-07-12 00:07:28.171,0,train,0.0,0
normal,N0059,2110,23,50,2022-07-12 00:07:28.271,0,train,0.0,0
normal,N0059,2111,24,50,2022-07-12 00:07:28.371,0,train,0.0,0
normal,N0059,2112,25,50,2022-07-12 00:07:28.471,0,train,0.0,0
normal,N0059,2113,26,50,2022-07-12 00:07:28.571,0,train,0.0,0
normal,N0059,2114,27,50,2022-07-12 00:07:28.671,0,train,0.0,0
normal,N0059,2115,28,50,2022-07-12 00:07:28.771,0,train,0.0,0
normal,N0059,2116,29,50,2022-07-12 00:07:28.871,0,train,0.0,0
normal,N0059,2117,30,50,2022-07-12 00:07:28.971,0,train,0.0,0
normal,N0059,2118,31,50,2022-07-12 00:07:29.071,0,train,0.0,0
normal,N0059,2119,32,50,2022-07-12 00:07:29.171,0,train,0.0,0
normal,N0059,2120,33,50,2022-07-12 00:07:29.271,0,train,0.0,0
normal,N0059,2121,34,50,2022-07-12 00:07:29.371,0,train,0.0,0
normal,N0059,2122,35,50,2022-07-12 00:07:29.471,0,train,0.0,0
normal,N0059,2123,36,50,2022-07-12 00:07:29.571,0,train,0.0,0
normal,N0059,2124,37,50,2022-07-12 00:07:29.671,0,train,0.0,0
normal,N0059,2125,38,50,2022-07-12 00:07:29.771,0,train,0.0,0
normal,N0059,2126,39,50,2022-07-12 00:07:29.871,0,train,0.0,0
normal,N0059,2127,40,50,2022-07-12 00:07:29.971,0,train,0.0,0
normal,N0059,2128,41,50,2022-07-12 00:07:30.071,0,train,0.0,0
normal,N0059,2129,42,50,2022-07-12 00:07:30.171,0,train,0.0,0
normal,N0059,2130,43,50,2022-07-12 00:07:30.271,0,train,0.0,0
normal,N0059,2131,44,50,2022-07-12 00:07:30.371,0,train,0.0,0
normal,N0059,2132,45,50,2022-07-12 00:07:30.471,0,train,0.0,0
normal,N0059,2133,46,50,2022-07-12 00:07:30.571,0,train,0.0,0
normal,N0059,2134,47,50,2022-07-12 00:07:30.671,0,train,0.0,0
normal,N0059,2135,48,50,2022-07-12 00:07:30.771,0,train,0.0,0
normal,N0059,2136,49,50,2022-07-12 00:07:30.871,0,train,0.0,0
normal,N0060,2146,9,50,2022-07-12 00:07:33.747,0,train,0.0,0
normal,N0060,2147,10,50,2022-07-12 00:07:33.847,0,train,0.0,0
normal,N0060,2148,11,50,2022-07-12 00:07:33.947,0,train,0.0,0
normal,N0060,2149,12,50,2022-07-12 00:07:34.047,0,train,0.0,0
normal,N0060,2150,13,50,2022-07-12 00:07:34.147,0,train,0.0,0
normal,N0060,2151,14,50,2022-07-12 00:07:34.247,0,train,0.0,0
normal,N0060,2152,15,50,2022-07-12 00:07:34.347,0,train,0.0033165177789455246,0
normal,N0060,2153,16,50,2022-07-12 00:07:34.447,0,train,0.0,0
normal,N0060,2154,17,50,2022-07-12 00:07:34.547,0,train,0.0,0
normal,N0060,2155,18,50,2022-07-12 00:07:34.647,0,train,0.0,0
normal,N0060,2156,19,50,2022-07-12 00:07:34.747,0,train,0.0,0
normal,N0060,2157,20,50,2022-07-12 00:07:34.847,0,train,0.0,0
normal,N0060,2158,21,50,2022-07-12 00:07:34.947,0,train,0.0,0
normal,N0060,2159,22,50,2022-07-12 00:07:35.047,0,train,0.0,0
normal,N0060,2160,23,50,2022-07-12 00:07:35.147,0,train,0.003185588126657937,0
normal,N0060,2161,24,50,2022-07-12 00:07:35.247,0,train,0.0,0
normal,N0060,2162,25,50,2022-07-12 00:07:35.347,0,train,0.0,0
normal,N0060,2163,26,50,2022-07-12 00:07:35.447,0,train,0.0,0
normal,N0060,2164,27,50,2022-07-12 00:07:35.547,0,train,0.0,0
normal,N0060,2165,28,50,2022-07-12 00:07:35.647,0,train,0.0,0
normal,N0060,2166,29,50,2022-07-12 00:07:35.747,0,train,0.0,0
normal,N0060,2167,30,50,2022-07-12 00:07:35.847,0,train,0.0,0
normal,N0060,2168,31,50,2022-07-12 00:07:35.947,0,train,0.0029278528667530707,0
normal,N0060,2169,32,50,2022-07-12 00:07:36.047,0,train,0.015376388824279916,0
normal,N0060,2170,33,50,2022-07-12 00:07:36.147,0,train,0.0,0
normal,N0060,2171,34,50,2022-07-12 00:07:36.247,0,train,0.0,0
normal,N0060,2172,35,50,2022-07-12 00:07:36.347,0,train,0.0,0
normal,N0060,2173,36,50,2022-07-12 00:07:36.447,0,train,0.0,0
normal,N0060,2174,37,50,2022-07-12 00:07:36.547,0,train,0.0,0
normal,N0060,2175,38,50,2022-07-12 00:07:36.647,0,train,0.0,0
normal,N0060,2176,39,50,2022-07-12 00:07:36.747,0,train,0.0,0
normal,N0060,2177,40,50,2022-07-12 00:07:36.847,0,train,0.0,0
normal,N0060,2178,41,50,2022-07-12 00:07:36.947,0,train,0.0,0
normal,N0060,2179,42,50,2022-07-12 00:07:37.047,0,train,0.0,0
normal,N0060,2180,43,50,2022-07-12 00:07:37.147,0,train,0.0,0
normal,N0060,2181,44,50,2022-07-12 00:07:37.247,0,train,0.0,0
normal,N0060,2182,45,50,2022-07-12 00:07:37.347,0,train,0.0,0
normal,N0060,2183,46,50,2022-07-12 00:07:37.447,0,train,0.0,0
normal,N0060,2184,47,50,2022-07-12 00:07:37.547,0,train,0.0,0
normal,N0060,2185,48,50,2022-07-12 00:07:37.647,0,train,0.0,0
normal,N0060,2186,49,50,2022-07-12 00:07:37.747,0,train,0.002917897587395372,0
normal,N0061,2196,9,50,2022-07-12 00:07:40.460,0,train,0.0,0
normal,N0061,2197,10,50,2022-07-12 00:07:40.560,0,train,0.0,0
normal,N0061,2198,11,50,2022-07-12 00:07:40.660,0,train,0.003185513673318552,0
normal,N0061,2199,12,50,2022-07-12 00:07:40.760,0,train,0.011668828605445804,0
normal,N0061,2200,13,50,2022-07-12 00:07:40.860,0,train,0.0062598906203590494,0
normal,N0061,2201,14,50,2022-07-12 00:07:40.960,0,train,0.006145105841955569,0
normal,N0061,2202,15,50,2022-07-12 00:07:41.060,0,train,0.0029595921686370176,0
normal,N0061,2203,16,50,2022-07-12 00:07:41.160,0,train,0.003238546603475513,0
normal,N0061,2204,17,50,2022-07-12 00:07:41.260,0,train,0.003238546603475513,0
normal,N0061,2205,18,50,2022-07-12 00:07:41.360,0,train,0.0,0
normal,N0061,2206,19,50,2022-07-12 00:07:41.460,0,train,0.0028368090036411785,0
normal,N0061,2207,20,50,2022-07-12 00:07:41.560,0,train,0.0,0
normal,N0061,2208,21,50,2022-07-12 00:07:41.660,0,train,0.006094209136159694,0
normal,N0061,2209,22,50,2022-07-12 00:07:41.760,0,train,0.0,0
normal,N0061,2210,23,50,2022-07-12 00:07:41.860,0,train,0.0,0
normal,N0061,2211,24,50,2022-07-12 00:07:41.960,0,train,0.0,0
normal,N0061,2212,25,50,2022-07-12 00:07:42.060,0,train,0.0,0
normal,N0061,2213,26,50,2022-07-12 00:07:42.160,0,train,0.0,0
normal,N0061,2214,27,50,2022-07-12 00:07:42.260,0,train,0.002976751492302859,0
normal,N0061,2215,28,50,2022-07-12 00:07:42.360,0,train,0.002976751492302859,0
normal,N0061,2216,29,50,2022-07-12 00:07:42.460,0,train,0.009378215823391989,0
normal,N0061,2217,30,50,2022-07-12 00:07:42.560,0,train,0.011856757600678041,0
normal,N0061,2218,31,50,2022-07-12 00:07:42.660,0,train,0.009020547604273869,0
normal,N0061,2219,32,50,2022-07-12 00:07:42.760,0,train,0.017958187453497157,0
normal,N0061,2220,33,50,2022-07-12 00:07:42.860,0,train,0.0,0
normal,N0061,2221,34,50,2022-07-12 00:07:42.960,0,train,0.010896244748774526,0
normal,N0061,2222,35,50,2022-07-12 00:07:43.060,0,train,0.0087909471798601,0
normal,N0061,2223,36,50,2022-07-12 00:07:43.160,0,train,0.009217608696937808,0
normal,N0061,2224,37,50,2022-07-12 00:07:43.260,0,train,0.012651790837401871,0
normal,N0061,2225,38,50,2022-07-12 00:07:43.360,0,train,0.0,0
normal,N0061,2226,39,50,2022-07-12 00:07:43.460,0,train,0.0029524879815196357,0
normal,N0061,2227,40,50,2022-07-12 00:07:43.560,0,train,0.0,0
normal,N0061,2228,41,50,2022-07-12 00:07:43.660,0,train,0.0,0
normal,N0061,2229,42,50,2022-07-12 00:07:43.760,0,train,0.0,0
normal,N0061,2230,43,50,2022-07-12 00:07:43.860,0,train,0.0,0
normal,N0061,2231,44,50,2022-07-12 00:07:43.960,0,train,0.0,0
normal,N0061,2232,45,50,2022-07-12 00:07:44.060,0,train,0.0,0
normal,N0061,2233,46,50,2022-07-12 00:07:44.160,0,train,0.0,0
normal,N0061,2234,47,50,2022-07-12 00:07:44.260,0,train,0.003185513673318552,0
normal,N0061,2235,48,50,2022-07-12 00:07:44.360,0,train,0.0,0
normal,N0061,2236,49,50,2022-07-12 00:07:44.460,0,train,0.024202820396024484,0
normal,N0063,2296,9,50,2022-07-12 00:07:53.779,0,train,0.003212226066897348,0
normal,N0063,2297,10,50,2022-07-12 00:07:53.879,0,train,0.003212226066897348,0
normal,N0063,2298,11,50,2022-07-12 00:07:53.979,0,train,0.0,0
normal,N0063,2299,12,50,2022-07-12 00:07:54.079,0,train,0.0,0
normal,N0063,2300,13,50,2022-07-12 00:07:54.179,0,train,0.0029913317572892043,0
normal,N0063,2301,14,50,2022-07-12 00:07:54.279,0,train,0.0,0
normal,N0063,2302,15,50,2022-07-12 00:07:54.379,0,train,0.003129082940544116,0
normal,N0063,2303,16,50,2022-07-12 00:07:54.479,0,train,0.0033333333333333335,0
normal,N0063,2304,17,50,2022-07-12 00:07:54.579,0,train,0.00331930857964307,0
normal,N0063,2305,18,50,2022-07-12 00:07:54.679,0,train,0.006501239032884603,0
normal,N0063,2306,19,50,2022-07-12 00:07:54.779,0,train,0.0,0
normal,N0063,2307,20,50,2022-07-12 00:07:54.879,0,train,0.003026437773728461,0
normal,N0063,2308,21,50,2022-07-12 00:07:54.979,0,train,0.0,0
normal,N0063,2309,22,50,2022-07-12 00:07:55.079,0,train,0.0,0
normal,N0063,2310,23,50,2022-07-12 00:07:55.179,0,train,0.0,0
normal,N0063,2311,24,50,2022-07-12 00:07:55.279,0,train,0.0,0
normal,N0063,2312,25,50,2022-07-12 00:07:55.379,0,train,0.0,0
normal,N0063,2313,26,50,2022-07-12 00:07:55.479,0,train,0.0,0
normal,N0063,2314,27,50,2022-07-12 00:07:55.579,0,train,0.008907595963545109,0
normal,N0063,2315,28,50,2022-07-12 00:07:55.679,0,train,0.0031568214488683854,0
normal,N0063,2316,29,50,2022-07-12 00:07:55.779,0,train,0.0,0
normal,N0063,2317,30,50,2022-07-12 00:07:55.879,0,train,0.0,0
normal,N0063,2318,31,50,2022-07-12 00:07:55.979,0,train,0.0,0
normal,N0063,2319,32,50,2022-07-12 00:07:56.079,0,train,0.0,0
normal,N0063,2320,33,50,2022-07-12 00:07:56.179,0,train,0.0,0
normal,N0063,2321,34,50,2022-07-12 00:07:56.279,0,train,0.003323291171885074,0
normal,N0063,2322,35,50,2022-07-12 00:07:56.379,0,train,0.030724638984644736,0
normal,N0063,2323,36,50,2022-07-12 00:07:56.479,0,train,0.0,0
normal,N0063,2324,37,50,2022-07-12 00:07:56.579,0,train,0.0033333333333333335,0
normal,N0063,2325,38,50,2022-07-12 00:07:56.679,0,train,0.0,0
normal,N0063,2326,39,50,2022-07-12 00:07:56.779,0,train,0.0,0
normal,N0063,2327,40,50,2022-07-12 00:07:56.879,0,train,0.0,0
normal,N0063,2328,41,50,2022-07-12 00:07:56.979,0,train,0.0,0
normal,N0063,2329,42,50,2022-07-12 00:07:57.079,0,train,0.0,0
normal,N0063,2330,43,50,2022-07-12 00:07:57.179,0,train,0.002757374373324006,0
normal,N0063,2331,44,50,2022-07-12 00:07:57.279,0,train,0.0033333333333333335,0
normal,N0063,2332,45,50,2022-07-12 00:07:57.379,0,train,0.0,0
normal,N0063,2333,46,50,2022-07-12 00:07:57.479,0,train,0.0,0
normal,N0063,2334,47,50,2022-07-12 00:07:57.579,0,train,0.0,0
normal,N0063,2335,48,50,2022-07-12 00:07:57.679,0,train,0.0,0
normal,N0063,2336,49,50,2022-07-12 00:07:57.779,0,train,0.0,0
normal,N0064,2346,9,50,2022-07-12 00:08:00.667,0,train,0.01539961504449549,0
normal,N0064,2347,10,50,2022-07-12 00:08:00.767,0,train,0.07883019246065001,0
normal,N0064,2348,11,50,2022-07-12 00:08:00.867,0,train,0.09063064710649936,0
normal,N0064,2349,12,50,2022-07-12 00:08:00.967,0,train,0.011613287762303703,0
normal,N0064,2350,13,50,2022-07-12 00:08:01.067,0,train,0.014497459475648315,0
normal,N0064,2351,14,50,2022-07-12 00:08:01.167,0,train,0.01231858859096016,0
normal,N0064,2352,15,50,2022-07-12 00:08:01.267,0,train,0.008969235276866902,0
normal,N0064,2353,16,50,2022-07-12 00:08:01.367,0,train,0.024194521726451035,0
normal,N0064,2354,17,50,2022-07-12 00:08:01.467,0,train,0.0626305849681477,0
normal,N0064,2355,18,50,2022-07-12 00:08:01.567,0,train,0.03591068322056555,0
normal,N0064,2356,19,50,2022-07-12 00:08:01.667,0,train,0.1327773240845777,0
normal,N0064,2357,20,50,2022-07-12 00:08:01.767,0,train,0.08483417399677372,0
normal,N0064,2358,21,50,2022-07-12 00:08:01.867,0,train,0.03198454370465951,0
normal,N0064,2359,22,50,2022-07-12 00:08:01.967,0,train,0.015433952169880723,0
normal,N0064,2360,23,50,2022-07-12 00:08:02.067,0,train,0.08989784431000304,0
normal,N0064,2361,24,50,2022-07-12 00:08:02.167,0,train,0.04628834385296076,0
normal,N0064,2362,25,50,2022-07-12 00:08:02.267,0,train,0.037123525836185584,0
normal,N0064,2363,26,50,2022-07-12 00:08:02.367,0,train,0.021996431718457544,0
normal,N0064,2364,27,50,2022-07-12 00:08:02.467,0,train,0.012518787466518133,0
normal,N0064,2365,28,50,2022-07-12 00:08:02.567,0,train,0.017943721161515606,0
normal,N0064,2366,29,50,2022-07-12 00:08:02.667,0,train,0.015009395815841127,0
normal,N0064,2367,30,50,2022-07-12 00:08:02.767,0,train,0.01182539963839295,0
normal,N0064,2368,31,50,2022-07-12 00:08:02.867,0,train,0.009077872853173836,0
normal,N0064,2369,32,50,2022-07-12 00:08:02.967,0,train,0.0,0
normal,N0064,2370,33,50,2022-07-12 00:08:03.067,0,train,0.0,0
normal,N0064,2371,34,50,2022-07-12 00:08:03.167,0,train,0.0,0
normal,N0064,2372,35,50,2022-07-12 00:08:03.267,0,train,0.0,0
normal,N0064,2373,36,50,2022-07-12 00:08:03.367,0,train,0.0,0
normal,N0064,2374,37,50,2022-07-12 00:08:03.467,0,train,0.0032437072902716255,0
normal,N0064,2375,38,50,2022-07-12 00:08:03.567,0,train,0.0,0
normal,N0064,2376,39,50,2022-07-12 00:08:03.667,0,train,0.0,0
normal,N0064,2377,40,50,2022-07-12 00:08:03.767,0,train,0.0033174459865202514,0
normal,N0064,2378,41,50,2022-07-12 00:08:03.867,0,train,0.003151618398637138,0
normal,N0064,2379,42,50,2022-07-12 00:08:03.967,0,train,0.01864783904210206,0
normal,N0064,2380,43,50,2022-07-12 00:08:04.067,0,train,0.04756218160618501,0
normal,N0064,2381,44,50,2022-07-12 00:08:04.167,0,train,0.025286090734839572,0
normal,N0064,2382,45,50,2022-07-12 00:08:04.267,0,train,0.04149735262804284,0
normal,N0064,2383,46,50,2022-07-12 00:08:04.367,0,train,0.03165553762588364,0
normal,N0064,2384,47,50,2022-07-12 00:08:04.467,0,train,0.025463199520231492,0
normal,N0064,2385,48,50,2022-07-12 00:08:04.567,0,train,0.03785192574526255,0
normal,N0064,2386,49,50,2022-07-12 00:08:04.667,0,train,0.0217394385185519,0
normal,N0065,2396,9,50,2022-07-12 00:08:07.237,0,train,0.0,0
normal,N0065,2397,10,50,2022-07-12 00:08:07.337,0,train,0.0,0
normal,N0065,2398,11,50,2022-07-12 00:08:07.437,0,train,0.0,0
normal,N0065,2399,12,50,2022-07-12 00:08:07.537,0,train,0.0,0
normal,N0065,2400,13,50,2022-07-12 00:08:07.637,0,train,0.0,0
normal,N0065,2401,14,50,2022-07-12 00:08:07.737,0,train,0.0,0
normal,N0065,2402,15,50,2022-07-12 00:08:07.837,0,train,0.0,0
normal,N0065,2403,16,50,2022-07-12 00:08:07.937,0,train,0.0,0
normal,N0065,2404,17,50,2022-07-12 00:08:08.037,0,train,0.0,0
normal,N0065,2405,18,50,2022-07-12 00:08:08.137,0,train,0.0,0
normal,N0065,2406,19,50,2022-07-12 00:08:08.237,0,train,0.0,0
normal,N0065,2407,20,50,2022-07-12 00:08:08.337,0,train,0.0,0
normal,N0065,2408,21,50,2022-07-12 00:08:08.437,0,train,0.0,0
normal,N0065,2409,22,50,2022-07-12 00:08:08.537,0,train,0.0,0
normal,N0065,2410,23,50,2022-07-12 00:08:08.637,0,train,0.0,0
normal,N0065,2411,24,50,2022-07-12 00:08:08.737,0,train,0.0,0
normal,N0065,2412,25,50,2022-07-12 00:08:08.837,0,train,0.0,0
normal,N0065,2413,26,50,2022-07-12 00:08:08.937,0,train,0.0,0
normal,N0065,2414,27,50,2022-07-12 00:08:09.037,0,train,0.0,0
normal,N0065,2415,28,50,2022-07-12 00:08:09.137,0,train,0.006078806108586797,0
normal,N0065,2416,29,50,2022-07-12 00:08:09.237,0,train,0.0,0
normal,N0065,2417,30,50,2022-07-12 00:08:09.337,0,train,0.0,0
normal,N0065,2418,31,50,2022-07-12 00:08:09.437,0,train,0.0,0
normal,N0065,2419,32,50,2022-07-12 00:08:09.537,0,train,0.0,0
normal,N0065,2420,33,50,2022-07-12 00:08:09.637,0,train,0.0,0
normal,N0065,2421,34,50,2022-07-12 00:08:09.737,0,train,0.0,0
normal,N0065,2422,35,50,2022-07-12 00:08:09.837,0,train,0.0,0
normal,N0065,2423,36,50,2022-07-12 00:08:09.937,0,train,0.0,0
normal,N0065,2424,37,50,2022-07-12 00:08:10.037,0,train,0.0,0
normal,N0065,2425,38,50,2022-07-12 00:08:10.137,0,train,0.0,0
normal,N0065,2426,39,50,2022-07-12 00:08:10.237,0,train,0.0,0
normal,N0065,2427,40,50,2022-07-12 00:08:10.337,0,train,0.0,0
normal,N0065,2428,41,50,2022-07-12 00:08:10.437,0,train,0.0,0
normal,N0065,2429,42,50,2022-07-12 00:08:10.537,0,train,0.0,0
normal,N0065,2430,43,50,2022-07-12 00:08:10.637,0,train,0.003300989146573538,0
normal,N0065,2431,44,50,2022-07-12 00:08:10.737,0,train,0.0,0
normal,N0065,2432,45,50,2022-07-12 00:08:10.837,0,train,0.006666666666666667,0
normal,N0065,2433,46,50,2022-07-12 00:08:10.937,0,train,0.0,0
normal,N0065,2434,47,50,2022-07-12 00:08:11.037,0,train,0.0,0
normal,N0065,2435,48,50,2022-07-12 00:08:11.137,0,train,0.0033333333333333335,0
normal,N0065,2436,49,50,2022-07-12 00:08:11.237,0,train,0.025819569693190363,0
normal,N0066,2446,9,50,2022-07-12 00:08:13.992,0,train,0.052791734843057485,0
normal,N0066,2447,10,50,2022-07-12 00:08:14.092,0,train,0.00303228285933897,0
normal,N0066,2448,11,50,2022-07-12 00:08:14.192,0,train,0.0,0
normal,N0066,2449,12,50,2022-07-12 00:08:14.292,0,train,0.04824027749474612,0
normal,N0066,2450,13,50,2022-07-12 00:08:14.392,0,train,0.01283090561586615,0
normal,N0066,2451,14,50,2022-07-12 00:08:14.492,0,train,0.009439302553994802,0
normal,N0066,2452,15,50,2022-07-12 00:08:14.592,0,train,0.0033262605651168905,0
normal,N0066,2453,16,50,2022-07-12 00:08:14.692,0,train,0.0,0
normal,N0066,2454,17,50,2022-07-12 00:08:14.792,0,train,0.0,0
normal,N0066,2455,18,50,2022-07-12 00:08:14.892,0,train,0.0,0
normal,N0066,2456,19,50,2022-07-12 00:08:14.992,0,train,0.0,0
normal,N0066,2457,20,50,2022-07-12 00:08:15.092,0,train,0.009577499146981113,0
normal,N0066,2458,21,50,2022-07-12 00:08:15.192,0,train,0.0,0
normal,N0066,2459,22,50,2022-07-12 00:08:15.292,0,train,0.0029511061187556553,0
normal,N0066,2460,23,50,2022-07-12 00:08:15.392,0,train,0.0,0
normal,N0066,2461,24,50,2022-07-12 00:08:15.492,0,train,0.0,0
normal,N0066,2462,25,50,2022-07-12 00:08:15.592,0,train,0.005998241793145653,0
normal,N0066,2463,26,50,2022-07-12 00:08:15.692,0,train,0.0,0
normal,N0066,2464,27,50,2022-07-12 00:08:15.792,0,train,0.0,0
normal,N0066,2465,28,50,2022-07-12 00:08:15.892,0,train,0.0,0
normal,N0066,2466,29,50,2022-07-12 00:08:15.992,0,train,0.009456711996183885,0
normal,N0066,2467,30,50,2022-07-12 00:08:16.092,0,train,0.0,0
normal,N0066,2468,31,50,2022-07-12 00:08:16.192,0,train,0.0,0
normal,N0066,2469,32,50,2022-07-12 00:08:16.292,0,train,0.0,0
normal,N0066,2470,33,50,2022-07-12 00:08:16.392,0,train,0.0,0
normal,N0066,2471,34,50,2022-07-12 00:08:16.492,0,train,0.053870389665666873,0
normal,N0066,2472,35,50,2022-07-12 00:08:16.592,0,train,0.00303228285933897,0
normal,N0066,2473,36,50,2022-07-12 00:08:16.692,0,train,0.0,0
normal,N0066,2474,37,50,2022-07-12 00:08:16.792,0,train,0.0,0
normal,N0066,2475,38,50,2022-07-12 00:08:16.892,0,train,0.0,0
normal,N0066,2476,39,50,2022-07-12 00:08:16.992,0,train,0.0,0
normal,N0066,2477,40,50,2022-07-12 00:08:17.092,0,train,0.012970654711053317,0
normal,N0066,2478,41,50,2022-07-12 00:08:17.192,0,train,0.0031658796342811215,0
normal,N0066,2479,42,50,2022-07-12 00:08:17.292,0,train,0.028411796103457673,0
normal,N0066,2480,43,50,2022-07-12 00:08:17.392,0,train,0.012713069253145774,0
normal,N0066,2481,44,50,2022-07-12 00:08:17.492,0,train,0.008744157669089982,0
normal,N0066,2482,45,50,2022-07-12 00:08:17.592,0,train,0.04214002498118089,0
normal,N0066,2483,46,50,2022-07-12 00:08:17.692,0,train,0.055284923080154265,0
normal,N0066,2484,47,50,2022-07-12 00:08:17.792,0,train,0.029234664680994824,0
normal,N0066,2485,48,50,2022-07-12 00:08:17.892,0,train,0.0,0
normal,N0066,2486,49,50,2022-07-12 00:08:17.992,0,train,0.0,0
normal,N0068,2546,9,50,2022-07-12 00:08:34.106,0,train,0.0,0
normal,N0068,2547,10,50,2022-07-12 00:08:34.206,0,train,0.003214691854642973,0
normal,N0068,2548,11,50,2022-07-12 00:08:34.306,0,train,0.0,0
normal,N0068,2549,12,50,2022-07-12 00:08:34.406,0,train,0.0,0
normal,N0068,2550,13,50,2022-07-12 00:08:34.506,0,train,0.0,0
normal,N0068,2551,14,50,2022-07-12 00:08:34.606,0,train,0.0,0
normal,N0068,2552,15,50,2022-07-12 00:08:34.706,0,train,0.0,0
normal,N0068,2553,16,50,2022-07-12 00:08:34.806,0,train,0.002909487392118922,0
normal,N0068,2554,17,50,2022-07-12 00:08:34.906,0,train,0.0,0
normal,N0068,2555,18,50,2022-07-12 00:08:35.006,0,train,0.0,0
normal,N0068,2556,19,50,2022-07-12 00:08:35.106,0,train,0.0,0
normal,N0068,2557,20,50,2022-07-12 00:08:35.206,0,train,0.0,0
normal,N0068,2558,21,50,2022-07-12 00:08:35.306,0,train,0.0,0
normal,N0068,2559,22,50,2022-07-12 00:08:35.406,0,train,0.0,0
normal,N0068,2560,23,50,2022-07-12 00:08:35.506,0,train,0.0,0
normal,N0068,2561,24,50,2022-07-12 00:08:35.606,0,train,0.006582843794015596,0
normal,N0068,2562,25,50,2022-07-12 00:08:35.706,0,train,0.0,0
normal,N0068,2563,26,50,2022-07-12 00:08:35.806,0,train,0.0,0
normal,N0068,2564,27,50,2022-07-12 00:08:35.906,0,train,0.0032947595218237417,0
normal,N0068,2565,28,50,2022-07-12 00:08:36.006,0,train,0.0,0
normal,N0068,2566,29,50,2022-07-12 00:08:36.106,0,train,0.0,0
normal,N0068,2567,30,50,2022-07-12 00:08:36.206,0,train,0.0,0
normal,N0068,2568,31,50,2022-07-12 00:08:36.306,0,train,0.0,0
normal,N0068,2569,32,50,2022-07-12 00:08:36.406,0,train,0.005901430888900706,0
normal,N0068,2570,33,50,2022-07-12 00:08:36.506,0,train,0.0,0
normal,N0068,2571,34,50,2022-07-12 00:08:36.606,0,train,0.0,0
normal,N0068,2572,35,50,2022-07-12 00:08:36.706,0,train,0.0,0
normal,N0068,2573,36,50,2022-07-12 00:08:36.806,0,train,0.0027665495020503805,0
normal,N0068,2574,37,50,2022-07-12 00:08:36.906,0,train,0.0,0
normal,N0068,2575,38,50,2022-07-12 00:08:37.006,0,train,0.0027665495020503805,0
normal,N0068,2576,39,50,2022-07-12 00:08:37.106,0,train,0.0,0
normal,N0068,2577,40,50,2022-07-12 00:08:37.206,0,train,0.009783759535840599,0
normal,N0068,2578,41,50,2022-07-12 00:08:37.306,0,train,0.0031247111639268505,0
normal,N0068,2579,42,50,2022-07-12 00:08:37.406,0,train,0.0033333333333333335,0
normal,N0068,2580,43,50,2022-07-12 00:08:37.506,0,train,0.0033333333333333335,0
normal,N0068,2581,44,50,2022-07-12 00:08:37.606,0,train,0.032529134636089675,0
normal,N0068,2582,45,50,2022-07-12 00:08:37.706,0,train,0.0,0
normal,N0068,2583,46,50,2022-07-12 00:08:37.806,0,train,0.0,0
normal,N0068,2584,47,50,2022-07-12 00:08:37.906,0,train,0.00315675061034748,0
normal,N0068,2585,48,50,2022-07-12 00:08:38.006,0,train,0.003206145706145706,0
normal,N0068,2586,49,50,2022-07-12 00:08:38.106,0,train,0.009117078469433413,0
normal,N0069,2596,9,50,2022-07-12 00:08:40.856,0,train,0.009092562342289858,0
normal,N0069,2597,10,50,2022-07-12 00:08:40.956,0,train,0.0029227164832454767,0
normal,N0069,2598,11,50,2022-07-12 00:08:41.056,0,train,0.0029227164832454767,0
normal,N0069,2599,12,50,2022-07-12 00:08:41.156,0,train,0.006125299920840581,0
normal,N0069,2600,13,50,2022-07-12 00:08:41.256,0,train,0.021619925404585134,0
normal,N0069,2601,14,50,2022-07-12 00:08:41.356,0,train,0.031211312471295313,0
normal,N0069,2602,15,50,2022-07-12 00:08:41.456,0,train,0.06329633493104753,0
normal,N0069,2603,16,50,2022-07-12 00:08:41.556,0,train,0.07390291694685103,0
normal,N0069,2604,17,50,2022-07-12 00:08:41.656,0,train,0.0,0
normal,N0069,2605,18,50,2022-07-12 00:08:41.756,0,train,0.0,0
normal,N0069,2606,19,50,2022-07-12 00:08:41.856,0,train,0.0,0
normal,N0069,2607,20,50,2022-07-12 00:08:41.956,0,train,0.0,0
normal,N0069,2608,21,50,2022-07-12 00:08:42.056,0,train,0.0,0
normal,N0069,2609,22,50,2022-07-12 00:08:42.156,0,train,0.0,0
normal,N0069,2610,23,50,2022-07-12 00:08:42.256,0,train,0.0,0
normal,N0069,2611,24,50,2022-07-12 00:08:42.356,0,train,0.0,0
normal,N0069,2612,25,50,2022-07-12 00:08:42.456,0,train,0.0,0
normal,N0069,2613,26,50,2022-07-12 00:08:42.556,0,train,0.0032101655808903368,0
normal,N0069,2614,27,50,2022-07-12 00:08:42.656,0,train,0.0,0
normal,N0069,2615,28,50,2022-07-12 00:08:42.756,0,train,0.0,0
normal,N0069,2616,29,50,2022-07-12 00:08:42.856,0,train,0.0,0
normal,N0069,2617,30,50,2022-07-12 00:08:42.956,0,train,0.0,0
normal,N0069,2618,31,50,2022-07-12 00:08:43.056,0,train,0.0,0
normal,N0069,2619,32,50,2022-07-12 00:08:43.156,0,train,0.003227513227513228,0
normal,N0069,2620,33,50,2022-07-12 00:08:43.256,0,train,0.008964691434674205,0
normal,N0069,2621,34,50,2022-07-12 00:08:43.356,0,train,0.0,0
normal,N0069,2622,35,50,2022-07-12 00:08:43.456,0,train,0.0,0
normal,N0069,2623,36,50,2022-07-12 00:08:43.556,0,train,0.0,0
normal,N0069,2624,37,50,2022-07-12 00:08:43.656,0,train,0.0064858975911493135,0
normal,N0069,2625,38,50,2022-07-12 00:08:43.756,0,train,0.009672969278664754,0
normal,N0069,2626,39,50,2022-07-12 00:08:43.856,0,train,0.003109842144990318,0
normal,N0069,2627,40,50,2022-07-12 00:08:43.956,0,train,0.006297999553331213,0
normal,N0069,2628,41,50,2022-07-12 00:08:44.056,0,train,0.01306688170734256,0
normal,N0069,2629,42,50,2022-07-12 00:08:44.156,0,train,0.0031665326902465167,0
normal,N0069,2630,43,50,2022-07-12 00:08:44.256,0,train,0.0,0
normal,N0069,2631,44,50,2022-07-12 00:08:44.356,0,train,0.0,0
normal,N0069,2632,45,50,2022-07-12 00:08:44.456,0,train,0.0,0
normal,N0069,2633,46,50,2022-07-12 00:08:44.556,0,train,0.0,0
normal,N0069,2634,47,50,2022-07-12 00:08:44.656,0,train,0.0,0
normal,N0069,2635,48,50,2022-07-12 00:08:44.756,0,train,0.0,0
normal,N0069,2636,49,50,2022-07-12 00:08:44.856,0,train,0.0032081345379487694,0
normal,N0070,2646,9,50,2022-07-12 00:08:47.562,0,train,0.0,0
normal,N0070,2647,10,50,2022-07-12 00:08:47.662,0,train,0.0,0
normal,N0070,2648,11,50,2022-07-12 00:08:47.762,0,train,0.0,0
normal,N0070,2649,12,50,2022-07-12 00:08:47.862,0,train,0.0,0
normal,N0070,2650,13,50,2022-07-12 00:08:47.962,0,train,0.0,0
normal,N0070,2651,14,50,2022-07-12 00:08:48.062,0,train,0.0,0
normal,N0070,2652,15,50,2022-07-12 00:08:48.162,0,train,0.0,0
normal,N0070,2653,16,50,2022-07-12 00:08:48.262,0,train,0.0,0
normal,N0070,2654,17,50,2022-07-12 00:08:48.362,0,train,0.0,0
normal,N0070,2655,18,50,2022-07-12 00:08:48.462,0,train,0.0,0
normal,N0070,2656,19,50,2022-07-12 00:08:48.562,0,train,0.0,0
normal,N0070,2657,20,50,2022-07-12 00:08:48.662,0,train,0.0,0
normal,N0070,2658,21,50,2022-07-12 00:08:48.762,0,train,0.003240568954854669,0
normal,N0070,2659,22,50,2022-07-12 00:08:48.862,0,train,0.0,0
normal,N0070,2660,23,50,2022-07-12 00:08:48.962,0,train,0.0,0
normal,N0070,2661,24,50,2022-07-12 00:08:49.062,0,train,0.0,0
normal,N0070,2662,25,50,2022-07-12 00:08:49.162,0,train,0.0,0
normal,N0070,2663,26,50,2022-07-12 00:08:49.262,0,train,0.0,0
normal,N0070,2664,27,50,2022-07-12 00:08:49.362,0,train,0.0,0
normal,N0070,2665,28,50,2022-07-12 00:08:49.462,0,train,0.0,0
normal,N0070,2666,29,50,2022-07-12 00:08:49.562,0,train,0.0,0
normal,N0070,2667,30,50,2022-07-12 00:08:49.662,0,train,0.0,0
normal,N0070,2668,31,50,2022-07-12 00:08:49.762,0,train,0.0,0
normal,N0070,2669,32,50,2022-07-12 00:08:49.862,0,train,0.0,0
normal,N0070,2670,33,50,2022-07-12 00:08:49.962,0,train,0.0,0
normal,N0070,2671,34,50,2022-07-12 00:08:50.062,0,train,0.0,0
normal,N0070,2672,35,50,2022-07-12 00:08:50.162,0,train,0.0,0
normal,N0070,2673,36,50,2022-07-12 00:08:50.262,0,train,0.0,0
normal,N0070,2674,37,50,2022-07-12 00:08:50.362,0,train,0.0030650929899856943,0
normal,N0070,2675,38,50,2022-07-12 00:08:50.462,0,train,0.03250611677038527,0
normal,N0070,2676,39,50,2022-07-12 00:08:50.562,0,train,0.003184856730155531,0
normal,N0070,2677,40,50,2022-07-12 00:08:50.662,0,train,0.0,0
normal,N0070,2678,41,50,2022-07-12 00:08:50.762,0,train,0.0,0
normal,N0070,2679,42,50,2022-07-12 00:08:50.862,0,train,0.0,0
normal,N0070,2680,43,50,2022-07-12 00:08:50.962,0,train,0.0,0
normal,N0070,2681,44,50,2022-07-12 00:08:51.062,0,train,0.0,0
normal,N0070,2682,45,50,2022-07-12 00:08:51.162,0,train,0.0,0
normal,N0070,2683,46,50,2022-07-12 00:08:51.262,0,train,0.003184856730155531,0
normal,N0070,2684,47,50,2022-07-12 00:08:51.362,0,train,0.00653479407587746,0
normal,N0070,2685,48,50,2022-07-12 00:08:51.462,0,train,0.0,0
normal,N0070,2686,49,50,2022-07-12 00:08:51.562,0,train,0.0,0
normal,N0071,2696,9,50,2022-07-12 00:08:54.380,0,train,0.0,0
normal,N0071,2697,10,50,2022-07-12 00:08:54.480,0,train,0.0,0
normal,N0071,2698,11,50,2022-07-12 00:08:54.580,0,train,0.009748503865833565,0
normal,N0071,2699,12,50,2022-07-12 00:08:54.680,0,train,0.0,0
normal,N0071,2700,13,50,2022-07-12 00:08:54.780,0,train,0.0,0
normal,N0071,2701,14,50,2022-07-12 00:08:54.880,0,train,0.0033333333333333335,0
normal,N0071,2702,15,50,2022-07-12 00:08:54.980,0,train,0.0,0
normal,N0071,2703,16,50,2022-07-12 00:08:55.080,0,train,0.0,0
normal,N0071,2704,17,50,2022-07-12 00:08:55.180,0,train,0.0,0
normal,N0071,2705,18,50,2022-07-12 00:08:55.280,0,train,0.0063173671589044555,0
normal,N0071,2706,19,50,2022-07-12 00:08:55.380,0,train,0.0,0
normal,N0071,2707,20,50,2022-07-12 00:08:55.480,0,train,0.0,0
normal,N0071,2708,21,50,2022-07-12 00:08:55.580,0,train,0.0,0
normal,N0071,2709,22,50,2022-07-12 00:08:55.680,0,train,0.0,0
normal,N0071,2710,23,50,2022-07-12 00:08:55.780,0,train,0.0,0
normal,N0071,2711,24,50,2022-07-12 00:08:55.880,0,train,0.0,0
normal,N0071,2712,25,50,2022-07-12 00:08:55.980,0,train,0.0,0
normal,N0071,2713,26,50,2022-07-12 00:08:56.080,0,train,0.05354118238325751,0
normal,N0071,2714,27,50,2022-07-12 00:08:56.180,0,train,0.015327446259507467,0
normal,N0071,2715,28,50,2022-07-12 00:08:56.280,0,train,0.0032638950447655348,0
normal,N0071,2716,29,50,2022-07-12 00:08:56.380,0,train,0.0,0
normal,N0071,2717,30,50,2022-07-12 00:08:56.480,0,train,0.0,0
normal,N0071,2718,31,50,2022-07-12 00:08:56.580,0,train,0.04228600985283226,0
normal,N0071,2719,32,50,2022-07-12 00:08:56.680,0,train,0.0,0
normal,N0071,2720,33,50,2022-07-12 00:08:56.780,0,train,0.0,0
normal,N0071,2721,34,50,2022-07-12 00:08:56.880,0,train,0.0,0
normal,N0071,2722,35,50,2022-07-12 00:08:56.980,0,train,0.0033333333333333335,0
normal,N0071,2723,36,50,2022-07-12 00:08:57.080,0,train,0.009986267669418977,0
normal,N0071,2724,37,50,2022-07-12 00:08:57.180,0,train,0.0,0
normal,N0071,2725,38,50,2022-07-12 00:08:57.280,0,train,0.0,0
normal,N0071,2726,39,50,2022-07-12 00:08:57.380,0,train,0.05175137175260517,0
normal,N0071,2727,40,50,2022-07-12 00:08:57.480,0,train,0.01581840900346358,0
normal,N0071,2728,41,50,2022-07-12 00:08:57.580,0,train,0.005943562039369466,0
normal,N0071,2729,42,50,2022-07-12 00:08:57.680,0,train,0.0,0
normal,N0071,2730,43,50,2022-07-12 00:08:57.780,0,train,0.0,0
normal,N0071,2731,44,50,2022-07-12 00:08:57.880,0,train,0.0,0
normal,N0071,2732,45,50,2022-07-12 00:08:57.980,0,train,0.0,0
normal,N0071,2733,46,50,2022-07-12 00:08:58.080,0,train,0.0,0
normal,N0071,2734,47,50,2022-07-12 00:08:58.180,0,train,0.003176999463231347,0
normal,N0071,2735,48,50,2022-07-12 00:08:58.280,0,train,0.0032515716788622073,0
normal,N0071,2736,49,50,2022-07-12 00:08:58.380,0,train,0.0,0
normal,N0073,2796,9,50,2022-07-12 00:09:07.733,0,train,0.012813296731457239,0
normal,N0073,2797,10,50,2022-07-12 00:09:07.833,0,train,0.1162569553970488,0
normal,N0073,2798,11,50,2022-07-12 00:09:07.933,0,train,0.01458217710309309,0
normal,N0073,2799,12,50,2022-07-12 00:09:08.033,0,train,0.0,0
normal,N0073,2800,13,50,2022-07-12 00:09:08.133,0,train,0.0,0
normal,N0073,2801,14,50,2022-07-12 00:09:08.233,0,train,0.0,0
normal,N0073,2802,15,50,2022-07-12 00:09:08.333,0,train,0.0,0
normal,N0073,2803,16,50,2022-07-12 00:09:08.433,0,train,0.0,0
normal,N0073,2804,17,50,2022-07-12 00:09:08.533,0,train,0.0,0
normal,N0073,2805,18,50,2022-07-12 00:09:08.633,0,train,0.02206432661389497,0
normal,N0073,2806,19,50,2022-07-12 00:09:08.733,0,train,0.0,0
normal,N0073,2807,20,50,2022-07-12 00:09:08.833,0,train,0.027081496150137472,0
normal,N0073,2808,21,50,2022-07-12 00:09:08.933,0,train,0.0,0
normal,N0073,2809,22,50,2022-07-12 00:09:09.033,0,train,0.0,0
normal,N0073,2810,23,50,2022-07-12 00:09:09.133,0,train,0.0,0
normal,N0073,2811,24,50,2022-07-12 00:09:09.233,0,train,0.0,0
normal,N0073,2812,25,50,2022-07-12 00:09:09.333,0,train,0.003252635555097695,0
normal,N0073,2813,26,50,2022-07-12 00:09:09.433,0,train,0.00897278059322701,0
normal,N0073,2814,27,50,2022-07-12 00:09:09.533,0,train,0.0,0
normal,N0073,2815,28,50,2022-07-12 00:09:09.633,0,train,0.0,0
normal,N0073,2816,29,50,2022-07-12 00:09:09.733,0,train,0.0,0
normal,N0073,2817,30,50,2022-07-12 00:09:09.833,0,train,0.0,0
normal,N0073,2818,31,50,2022-07-12 00:09:09.933,0,train,0.0,0
normal,N0073,2819,32,50,2022-07-12 00:09:10.033,0,train,0.0,0
normal,N0073,2820,33,50,2022-07-12 00:09:10.133,0,train,0.0,0
normal,N0073,2821,34,50,2022-07-12 00:09:10.233,0,train,0.0,0
normal,N0073,2822,35,50,2022-07-12 00:09:10.333,0,train,0.0033333333333333335,0
normal,N0073,2823,36,50,2022-07-12 00:09:10.433,0,train,0.002916164519019808,0
normal,N0073,2824,37,50,2022-07-12 00:09:10.533,0,train,0.009434097638297263,0
normal,N0073,2825,38,50,2022-07-12 00:09:10.633,0,train,0.0,0
normal,N0073,2826,39,50,2022-07-12 00:09:10.733,0,train,0.0,0
normal,N0073,2827,40,50,2022-07-12 00:09:10.833,0,train,0.06083445479790227,0
normal,N0073,2828,41,50,2022-07-12 00:09:10.933,0,train,0.08157384403055393,0
normal,N0073,2829,42,50,2022-07-12 00:09:11.033,0,train,0.19719021794037533,0
normal,N0073,2830,43,50,2022-07-12 00:09:11.133,0,train,0.42018761966471835,1
normal,N0073,2831,44,50,2022-07-12 00:09:11.233,0,train,0.05821594198104535,0
normal,N0073,2832,45,50,2022-07-12 00:09:11.333,0,train,0.13575270227190306,0
normal,N0073,2833,46,50,2022-07-12 00:09:11.433,0,train,0.08330354516375377,0
normal,N0073,2834,47,50,2022-07-12 00:09:11.533,0,train,0.031593709784192445,0
normal,N0073,2835,48,50,2022-07-12 00:09:11.633,0,train,0.03512864707876532,0
normal,N0073,2836,49,50,2022-07-12 00:09:11.733,0,train,0.03200971627839024,0
normal,N0074,2846,9,50,2022-07-12 00:09:14.336,0,train,0.0,0
normal,N0074,2847,10,50,2022-07-12 00:09:14.436,0,train,0.0,0
normal,N0074,2848,11,50,2022-07-12 00:09:14.536,0,train,0.0,0
normal,N0074,2849,12,50,2022-07-12 00:09:14.636,0,train,0.0,0
normal,N0074,2850,13,50,2022-07-12 00:09:14.736,0,train,0.0,0
normal,N0074,2851,14,50,2022-07-12 00:09:14.836,0,train,0.0,0
normal,N0074,2852,15,50,2022-07-12 00:09:14.936,0,train,0.0,0
normal,N0074,2853,16,50,2022-07-12 00:09:15.036,0,train,0.0,0
normal,N0074,2854,17,50,2022-07-12 00:09:15.136,0,train,0.02204250357855713,0
normal,N0074,2855,18,50,2022-07-12 00:09:15.236,0,train,0.0063250688161682654,0
normal,N0074,2856,19,50,2022-07-12 00:09:15.336,0,train,0.006365731847867845,0
normal,N0074,2857,20,50,2022-07-12 00:09:15.436,0,train,0.0033333333333333335,0
normal,N0074,2858,21,50,2022-07-12 00:09:15.536,0,train,0.006666666666666667,0
normal,N0074,2859,22,50,2022-07-12 00:09:15.636,0,train,0.0033333333333333335,0
normal,N0074,2860,23,50,2022-07-12 00:09:15.736,0,train,0.0,0
normal,N0074,2861,24,50,2022-07-12 00:09:15.836,0,train,0.0,0
normal,N0074,2862,25,50,2022-07-12 00:09:15.936,0,train,0.0,0
normal,N0074,2863,26,50,2022-07-12 00:09:16.036,0,train,0.0,0
normal,N0074,2864,27,50,2022-07-12 00:09:16.136,0,train,0.0,0
normal,N0074,2865,28,50,2022-07-12 00:09:16.236,0,train,0.0,0
normal,N0074,2866,29,50,2022-07-12 00:09:16.336,0,train,0.0,0
normal,N0074,2867,30,50,2022-07-12 00:09:16.436,0,train,0.0,0
normal,N0074,2868,31,50,2022-07-12 00:09:16.536,0,train,0.0,0
normal,N0074,2869,32,50,2022-07-12 00:09:16.636,0,train,0.0,0
normal,N0074,2870,33,50,2022-07-12 00:09:16.736,0,train,0.0,0
normal,N0074,2871,34,50,2022-07-12 00:09:16.836,0,train,0.0,0
normal,N0074,2872,35,50,2022-07-12 00:09:16.936,0,train,0.0,0
normal,N0074,2873,36,50,2022-07-12 00:09:17.036,0,train,0.0,0
normal,N0074,2874,37,50,2022-07-12 00:09:17.136,0,train,0.0,0
normal,N0074,2875,38,50,2022-07-12 00:09:17.236,0,train,0.0,0
normal,N0074,2876,39,50,2022-07-12 00:09:17.336,0,train,0.0,0
normal,N0074,2877,40,50,2022-07-12 00:09:17.436,0,train,0.0,0
normal,N0074,2878,41,50,2022-07-12 00:09:17.536,0,train,0.003156302465134062,0
normal,N0074,2879,42,50,2022-07-12 00:09:17.636,0,train,0.006560663201168756,0
normal,N0074,2880,43,50,2022-07-12 00:09:17.736,0,train,0.0,0
normal,N0074,2881,44,50,2022-07-12 00:09:17.836,0,train,0.0,0
normal,N0074,2882,45,50,2022-07-12 00:09:17.936,0,train,0.0,0
normal,N0074,2883,46,50,2022-07-12 00:09:18.036,0,train,0.0,0
normal,N0074,2884,47,50,2022-07-12 00:09:18.136,0,train,0.0,0
normal,N0074,2885,48,50,2022-07-12 00:09:18.236,0,train,0.0,0
normal,N0074,2886,49,50,2022-07-12 00:09:18.336,0,train,0.0,0
normal,N0075,2896,9,50,2022-07-12 00:09:20.984,0,train,0.0,0
normal,N0075,2897,10,50,2022-07-12 00:09:21.084,0,train,0.0,0
normal,N0075,2898,11,50,2022-07-12 00:09:21.184,0,train,0.015602155138405287,0
normal,N0075,2899,12,50,2022-07-12 00:09:21.284,0,train,0.0,0
normal,N0075,2900,13,50,2022-07-12 00:09:21.384,0,train,0.0,0
normal,N0075,2901,14,50,2022-07-12 00:09:21.484,0,train,0.0,0
normal,N0075,2902,15,50,2022-07-12 00:09:21.584,0,train,0.0,0
normal,N0075,2903,16,50,2022-07-12 00:09:21.684,0,train,0.0,0
normal,N0075,2904,17,50,2022-07-12 00:09:21.784,0,train,0.0,0
normal,N0075,2905,18,50,2022-07-12 00:09:21.884,0,train,0.0,0
normal,N0075,2906,19,50,2022-07-12 00:09:21.984,0,train,0.02137091107739153,0
normal,N0075,2907,20,50,2022-07-12 00:09:22.084,0,train,0.0,0
normal,N0075,2908,21,50,2022-07-12 00:09:22.184,0,train,0.0033333333333333335,0
normal,N0075,2909,22,50,2022-07-12 00:09:22.284,0,train,0.0,0
normal,N0075,2910,23,50,2022-07-12 00:09:22.384,0,train,0.0,0
normal,N0075,2911,24,50,2022-07-12 00:09:22.484,0,train,0.0,0
normal,N0075,2912,25,50,2022-07-12 00:09:22.584,0,train,0.0,0
normal,N0075,2913,26,50,2022-07-12 00:09:22.684,0,train,0.0,0
normal,N0075,2914,27,50,2022-07-12 00:09:22.784,0,train,0.006428612893363859,0
normal,N0075,2915,28,50,2022-07-12 00:09:22.884,0,train,0.0157139833598121,0
normal,N0075,2916,29,50,2022-07-12 00:09:22.984,0,train,0.0031060829644203964,0
normal,N0075,2917,30,50,2022-07-12 00:09:23.084,0,train,0.0,0
normal,N0075,2918,31,50,2022-07-12 00:09:23.184,0,train,0.0,0
normal,N0075,2919,32,50,2022-07-12 00:09:23.284,0,train,0.0,0
normal,N0075,2920,33,50,2022-07-12 00:09:23.384,0,train,0.0,0
normal,N0075,2921,34,50,2022-07-12 00:09:23.484,0,train,0.0,0
normal,N0075,2922,35,50,2022-07-12 00:09:23.584,0,train,0.0028271328253399075,0
normal,N0075,2923,36,50,2022-07-12 00:09:23.684,0,train,0.03381824739702013,0
normal,N0075,2924,37,50,2022-07-12 00:09:23.784,0,train,0.0,0
normal,N0075,2925,38,50,2022-07-12 00:09:23.884,0,train,0.006584561475832217,0
normal,N0075,2926,39,50,2022-07-12 00:09:23.984,0,train,0.0033333333333333335,0
normal,N0075,2927,40,50,2022-07-12 00:09:24.084,0,train,0.0,0
normal,N0075,2928,41,50,2022-07-12 00:09:24.184,0,train,0.0,0
normal,N0075,2929,42,50,2022-07-12 00:09:24.284,0,train,0.0,0
normal,N0075,2930,43,50,2022-07-12 00:09:24.384,0,train,0.0,0
normal,N0075,2931,44,50,2022-07-12 00:09:24.484,0,train,0.012778239509397077,0
normal,N0075,2932,45,50,2022-07-12 00:09:24.584,0,train,0.0,0
normal,N0075,2933,46,50,2022-07-12 00:09:24.684,0,train,0.0,0
normal,N0075,2934,47,50,2022-07-12 00:09:24.784,0,train,0.0,0
normal,N0075,2935,48,50,2022-07-12 00:09:24.884,0,train,0.0,0
normal,N0075,2936,49,50,2022-07-12 00:09:24.984,0,train,0.0,0
normal,N0076,2946,9,50,2022-07-12 00:09:29.052,0,train,0.0030323985145345113,0
normal,N0076,2947,10,50,2022-07-12 00:09:29.152,0,train,0.0,0
normal,N0076,2948,11,50,2022-07-12 00:09:29.252,0,train,0.0,0
normal,N0076,2949,12,50,2022-07-12 00:09:29.352,0,train,0.0,0
normal,N0076,2950,13,50,2022-07-12 00:09:29.452,0,train,0.016244002949522215,0
normal,N0076,2951,14,50,2022-07-12 00:09:29.552,0,train,0.0029640409351234624,0
normal,N0076,2952,15,50,2022-07-12 00:09:29.652,0,train,0.0029640409351234624,0
normal,N0076,2953,16,50,2022-07-12 00:09:29.752,0,train,0.0,0
normal,N0076,2954,17,50,2022-07-12 00:09:29.852,0,train,0.0,0
normal,N0076,2955,18,50,2022-07-12 00:09:29.952,0,train,0.0,0
normal,N0076,2956,19,50,2022-07-12 00:09:30.052,0,train,0.0,0
normal,N0076,2957,20,50,2022-07-12 00:09:30.152,0,train,0.0,0
normal,N0076,2958,21,50,2022-07-12 00:09:30.252,0,train,0.0,0
normal,N0076,2959,22,50,2022-07-12 00:09:30.352,0,train,0.0,0
normal,N0076,2960,23,50,2022-07-12 00:09:30.452,0,train,0.0029259224835021845,0
normal,N0076,2961,24,50,2022-07-12 00:09:30.552,0,train,0.0,0
normal,N0076,2962,25,50,2022-07-12 00:09:30.652,0,train,0.0,0
normal,N0076,2963,26,50,2022-07-12 00:09:30.752,0,train,0.0,0
normal,N0076,2964,27,50,2022-07-12 00:09:30.852,0,train,0.0,0
normal,N0076,2965,28,50,2022-07-12 00:09:30.952,0,train,0.003140257544871476,0
normal,N0076,2966,29,50,2022-07-12 00:09:31.052,0,train,0.0,0
normal,N0076,2967,30,50,2022-07-12 00:09:31.152,0,train,0.0,0
normal,N0076,2968,31,50,2022-07-12 00:09:31.252,0,train,0.0,0
normal,N0076,2969,32,50,2022-07-12 00:09:31.352,0,train,0.0,0
normal,N0076,2970,33,50,2022-07-12 00:09:31.452,0,train,0.0,0
normal,N0076,2971,34,50,2022-07-12 00:09:31.552,0,train,0.0,0
normal,N0076,2972,35,50,2022-07-12 00:09:31.652,0,train,0.0,0
normal,N0076,2973,36,50,2022-07-12 00:09:31.752,0,train,0.0,0
normal,N0076,2974,37,50,2022-07-12 00:09:31.852,0,train,0.0,0
normal,N0076,2975,38,50,2022-07-12 00:09:31.952,0,train,0.0,0
normal,N0076,2976,39,50,2022-07-12 00:09:32.052,0,train,0.0,0
normal,N0076,2977,40,50,2022-07-12 00:09:32.152,0,train,0.002838614546658241,0
normal,N0076,2978,41,50,2022-07-12 00:09:32.252,0,train,0.0,0
normal,N0076,2979,42,50,2022-07-12 00:09:32.352,0,train,0.0,0
normal,N0076,2980,43,50,2022-07-12 00:09:32.452,0,train,0.0,0
normal,N0076,2981,44,50,2022-07-12 00:09:32.552,0,train,0.0,0
normal,N0076,2982,45,50,2022-07-12 00:09:32.652,0,train,0.0032833905594284326,0
normal,N0076,2983,46,50,2022-07-12 00:09:32.752,0,train,0.0,0
normal,N0076,2984,47,50,2022-07-12 00:09:32.852,0,train,0.0,0
normal,N0076,2985,48,50,2022-07-12 00:09:32.952,0,train,0.003041971505583365,0
normal,N0076,2986,49,50,2022-07-12 00:09:33.052,0,train,0.0,0
normal,N0078,3008,9,50,2022-07-12 00:09:42.591,0,train,0.0,0
normal,N0078,3009,10,50,2022-07-12 00:09:42.691,0,train,0.0,0
normal,N0078,3010,11,50,2022-07-12 00:09:42.791,0,train,0.0,0
normal,N0078,3011,12,50,2022-07-12 00:09:42.891,0,train,0.01221187566802538,0
normal,N0078,3012,13,50,2022-07-12 00:09:42.991,0,train,0.0026797719343034637,0
normal,N0078,3013,14,50,2022-07-12 00:09:43.091,0,train,0.0,0
normal,N0078,3014,15,50,2022-07-12 00:09:43.191,0,train,0.0,0
normal,N0078,3015,16,50,2022-07-12 00:09:43.291,0,train,0.0,0
normal,N0078,3016,17,50,2022-07-12 00:09:43.391,0,train,0.009121678995305466,0
normal,N0078,3017,18,50,2022-07-12 00:09:43.491,0,train,0.029000432941513297,0
normal,N0078,3018,19,50,2022-07-12 00:09:43.591,0,train,0.01645844105482429,0
normal,N0078,3019,20,50,2022-07-12 00:09:43.691,0,train,0.0,0
normal,N0078,3020,21,50,2022-07-12 00:09:43.791,0,train,0.0,0
normal,N0078,3021,22,50,2022-07-12 00:09:43.891,0,train,0.002975349348406343,0
normal,N0078,3022,23,50,2022-07-12 00:09:43.991,0,train,0.0030575016950246986,0
normal,N0078,3023,24,50,2022-07-12 00:09:44.091,0,train,0.0,0
normal,N0078,3024,25,50,2022-07-12 00:09:44.191,0,train,0.04274496633580677,0
normal,N0078,3025,26,50,2022-07-12 00:09:44.291,0,train,0.0,0
normal,N0078,3026,27,50,2022-07-12 00:09:44.391,0,train,0.0,0
normal,N0078,3027,28,50,2022-07-12 00:09:44.491,0,train,0.0,0
normal,N0078,3028,29,50,2022-07-12 00:09:44.591,0,train,0.0,0
normal,N0078,3029,30,50,2022-07-12 00:09:44.691,0,train,0.0031717618664521313,0
normal,N0078,3030,31,50,2022-07-12 00:09:44.791,0,train,0.0,0
normal,N0078,3031,32,50,2022-07-12 00:09:44.891,0,train,0.0,0
normal,N0078,3032,33,50,2022-07-12 00:09:44.991,0,train,0.002998451963478975,0
normal,N0078,3033,34,50,2022-07-12 00:09:45.091,0,train,0.005712647256648893,0
normal,N0078,3034,35,50,2022-07-12 00:09:45.191,0,train,0.002998451963478975,0
normal,N0078,3035,36,50,2022-07-12 00:09:45.291,0,train,0.0031717618664521313,0
normal,N0078,3036,37,50,2022-07-12 00:09:45.391,0,train,0.0031717618664521313,0
normal,N0078,3037,38,50,2022-07-12 00:09:45.491,0,train,0.006505095199785465,0
normal,N0078,3038,39,50,2022-07-12 00:09:45.591,0,train,0.0031717618664521313,0
normal,N0078,3039,40,50,2022-07-12 00:09:45.691,0,train,0.0031717618664521313,0
normal,N0078,3040,41,50,2022-07-12 00:09:45.791,0,train,0.00954968090100097,0
normal,N0078,3041,42,50,2022-07-12 00:09:45.891,0,train,0.025837535240307758,0
normal,N0078,3042,43,50,2022-07-12 00:09:45.991,0,train,0.0,0
normal,N0078,3043,44,50,2022-07-12 00:09:46.091,0,train,0.0,0
normal,N0078,3044,45,50,2022-07-12 00:09:46.191,0,train,0.0,0
normal,N0078,3045,46,50,2022-07-12 00:09:46.291,0,train,0.0,0
normal,N0078,3046,47,50,2022-07-12 00:09:46.391,0,train,0.0,0
normal,N0078,3047,48,50,2022-07-12 00:09:46.491,0,train,0.0,0
normal,N0078,3048,49,50,2022-07-12 00:09:46.591,0,train,0.0,0
normal,N0079,3058,9,50,2022-07-12 00:09:49.266,0,train,0.0,0
normal,N0079,3059,10,50,2022-07-12 00:09:49.366,0,train,0.0,0
normal,N0079,3060,11,50,2022-07-12 00:09:49.466,0,train,0.0,0
normal,N0079,3061,12,50,2022-07-12 00:09:49.566,0,train,0.0,0
normal,N0079,3062,13,50,2022-07-12 00:09:49.666,0,train,0.0,0
normal,N0079,3063,14,50,2022-07-12 00:09:49.766,0,train,0.0029470043929339194,0
normal,N0079,3064,15,50,2022-07-12 00:09:49.866,0,train,0.0032814230343300114,0
normal,N0079,3065,16,50,2022-07-12 00:09:49.966,0,train,0.0,0
normal,N0079,3066,17,50,2022-07-12 00:09:50.066,0,train,0.0,0
normal,N0079,3067,18,50,2022-07-12 00:09:50.166,0,train,0.0,0
normal,N0079,3068,19,50,2022-07-12 00:09:50.266,0,train,0.006398068354188975,0
normal,N0079,3069,20,50,2022-07-12 00:09:50.366,0,train,0.0,0
normal,N0079,3070,21,50,2022-07-12 00:09:50.466,0,train,0.0,0
normal,N0079,3071,22,50,2022-07-12 00:09:50.566,0,train,0.0,0
normal,N0079,3072,23,50,2022-07-12 00:09:50.666,0,train,0.0,0
normal,N0079,3073,24,50,2022-07-12 00:09:50.766,0,train,0.0,0
normal,N0079,3074,25,50,2022-07-12 00:09:50.866,0,train,0.0,0
normal,N0079,3075,26,50,2022-07-12 00:09:50.966,0,train,0.0,0
normal,N0079,3076,27,50,2022-07-12 00:09:51.066,0,train,0.006388619776529095,0
normal,N0079,3077,28,50,2022-07-12 00:09:51.166,0,train,0.0,0
normal,N0079,3078,29,50,2022-07-12 00:09:51.266,0,train,0.0,0
normal,N0079,3079,30,50,2022-07-12 00:09:51.366,0,train,0.0,0
normal,N0079,3080,31,50,2022-07-12 00:09:51.466,0,train,0.0,0
normal,N0079,3081,32,50,2022-07-12 00:09:51.566,0,train,0.0,0
normal,N0079,3082,33,50,2022-07-12 00:09:51.666,0,train,0.0,0
normal,N0079,3083,34,50,2022-07-12 00:09:51.766,0,train,0.0,0
normal,N0079,3084,35,50,2022-07-12 00:09:51.866,0,train,0.0,0
normal,N0079,3085,36,50,2022-07-12 00:09:51.966,0,train,0.0,0
normal,N0079,3086,37,50,2022-07-12 00:09:52.066,0,train,0.0,0
normal,N0079,3087,38,50,2022-07-12 00:09:52.166,0,train,0.0,0
normal,N0079,3088,39,50,2022-07-12 00:09:52.266,0,train,0.0066147563676633445,0
normal,N0079,3089,40,50,2022-07-12 00:09:52.366,0,train,0.0,0
normal,N0079,3090,41,50,2022-07-12 00:09:52.466,0,train,0.0,0
normal,N0079,3091,42,50,2022-07-12 00:09:52.566,0,train,0.0,0
normal,N0079,3092,43,50,2022-07-12 00:09:52.666,0,train,0.0,0
normal,N0079,3093,44,50,2022-07-12 00:09:52.766,0,train,0.0,0
normal,N0079,3094,45,50,2022-07-12 00:09:52.866,0,train,0.0,0
normal,N0079,3095,46,50,2022-07-12 00:09:52.966,0,train,0.0,0
normal,N0079,3096,47,50,2022-07-12 00:09:53.066,0,train,0.0,0
normal,N0079,3097,48,50,2022-07-12 00:09:53.166,0,train,0.0,0
normal,N0079,3098,49,50,2022-07-12 00:09:53.266,0,train,0.0,0
normal,N0080,3108,9,42,2022-07-12 00:09:56.727,0,train,0.0,0
normal,N0080,3109,10,42,2022-07-12 00:09:56.827,0,train,0.0,0
normal,N0080,3110,11,42,2022-07-12 00:09:56.927,0,train,0.0,0
normal,N0080,3111,12,42,2022-07-12 00:09:57.027,0,train,0.0,0
normal,N0080,3112,13,42,2022-07-12 00:09:57.127,0,train,0.0,0
normal,N0080,3113,14,42,2022-07-12 00:09:57.227,0,train,0.0,0
normal,N0080,3114,15,42,2022-07-12 00:09:57.327,0,train,0.006454443333248007,0
normal,N0080,3115,16,42,2022-07-12 00:09:57.427,0,train,0.0,0
normal,N0080,3116,17,42,2022-07-12 00:09:57.527,0,train,0.0032042741690055123,0
normal,N0080,3117,18,42,2022-07-12 00:09:57.627,0,train,0.003214346421893591,0
normal,N0080,3118,19,42,2022-07-12 00:09:57.727,0,train,0.0,0
normal,N0080,3119,20,42,2022-07-12 00:09:57.827,0,train,0.0,0
normal,N0080,3120,21,42,2022-07-12 00:09:57.927,0,train,0.0,0
normal,N0080,3121,22,42,2022-07-12 00:09:58.027,0,train,0.0,0
normal,N0080,3122,23,42,2022-07-12 00:09:58.127,0,train,0.0,0
normal,N0080,3123,24,42,2022-07-12 00:09:58.227,0,train,0.019149835848442483,0
normal,N0080,3124,25,42,2022-07-12 00:09:58.327,0,train,0.0,0
normal,N0080,3125,26,42,2022-07-12 00:09:58.427,0,train,0.0,0
normal,N0080,3126,27,42,2022-07-12 00:09:58.527,0,train,0.0,0
normal,N0080,3127,28,42,2022-07-12 00:09:58.627,0,train,0.0,0
normal,N0080,3128,29,42,2022-07-12 00:09:58.727,0,train,0.0,0
normal,N0080,3129,30,42,2022-07-12 00:09:58.827,0,train,0.0,0
normal,N0080,3130,31,42,2022-07-12 00:09:58.927,0,train,0.0,0
normal,N0080,3131,32,42,2022-07-12 00:09:59.027,0,train,0.0027513458460643094,0
normal,N0080,3132,33,42,2022-07-12 00:09:59.127,0,train,0.0,0
normal,N0080,3133,34,42,2022-07-12 00:09:59.227,0,train,0.0,0
normal,N0080,3134,35,42,2022-07-12 00:09:59.327,0,train,0.0,0
normal,N0080,3135,36,42,2022-07-12 00:09:59.427,0,train,0.0031076182944510342,0
normal,N0080,3136,37,42,2022-07-12 00:09:59.527,0,train,0.0,0
normal,N0080,3137,38,42,2022-07-12 00:09:59.627,0,train,0.0,0
normal,N0080,3138,39,42,2022-07-12 00:09:59.727,0,train,0.0,0
normal,N0080,3139,40,42,2022-07-12 00:09:59.827,0,train,0.0,0
normal,N0080,3140,41,42,2022-07-12 00:09:59.927,0,train,0.0,0
normal,N0081,3150,9,31,2022-07-12 00:10:04.767,0,train,0.0031849303517825223,0
normal,N0081,3151,10,31,2022-07-12 00:10:04.867,0,train,0.01306034888086918,0
normal,N0081,3152,11,31,2022-07-12 00:10:04.967,0,train,0.0,0
normal,N0081,3153,12,31,2022-07-12 00:10:05.067,0,train,0.0,0
normal,N0081,3154,13,31,2022-07-12 00:10:05.167,0,train,0.0,0
normal,N0081,3155,14,31,2022-07-12 00:10:05.267,0,train,0.0,0
normal,N0081,3156,15,31,2022-07-12 00:10:05.367,0,train,0.0,0
normal,N0081,3157,16,31,2022-07-12 00:10:05.467,0,train,0.0,0
normal,N0081,3158,17,31,2022-07-12 00:10:05.567,0,train,0.0,0
normal,N0081,3159,18,31,2022-07-12 00:10:05.667,0,train,0.015154598193642762,0
normal,N0081,3160,19,31,2022-07-12 00:10:05.767,0,train,0.0,0
normal,N0081,3161,20,31,2022-07-12 00:10:05.867,0,train,0.0,0
normal,N0081,3162,21,31,2022-07-12 00:10:05.967,0,train,0.0031203355128459147,0
normal,N0081,3163,22,31,2022-07-12 00:10:06.067,0,train,0.002864114455457549,0
normal,N0081,3164,23,31,2022-07-12 00:10:06.167,0,train,0.0,0
normal,N0081,3165,24,31,2022-07-12 00:10:06.267,0,train,0.0,0
normal,N0081,3166,25,31,2022-07-12 00:10:06.367,0,train,0.0,0
normal,N0081,3167,26,31,2022-07-12 00:10:06.467,0,train,0.0,0
normal,N0081,3168,27,31,2022-07-12 00:10:06.567,0,train,0.006480566397294291,0
normal,N0081,3169,28,31,2022-07-12 00:10:06.667,0,train,0.006480566397294291,0
normal,N0081,3170,29,31,2022-07-12 00:10:06.767,0,train,0.006480566397294291,0
normal,N0081,3171,30,31,2022-07-12 00:10:06.867,0,train,0.006480566397294291,0
normal,N0084,3202,9,50,2022-07-12 00:10:29.556,0,train,0.0,0
normal,N0084,3203,10,50,2022-07-12 00:10:29.656,0,train,0.0,0
normal,N0084,3204,11,50,2022-07-12 00:10:29.756,0,train,0.0,0
normal,N0084,3205,12,50,2022-07-12 00:10:29.856,0,train,0.0,0
normal,N0084,3206,13,50,2022-07-12 00:10:29.956,0,train,0.0,0
normal,N0084,3207,14,50,2022-07-12 00:10:30.056,0,train,0.0,0
normal,N0084,3208,15,50,2022-07-12 00:10:30.156,0,train,0.0,0
normal,N0084,3209,16,50,2022-07-12 00:10:30.256,0,train,0.0,0
normal,N0084,3210,17,50,2022-07-12 00:10:30.356,0,train,0.0,0
normal,N0084,3211,18,50,2022-07-12 00:10:30.456,0,train,0.0,0
normal,N0084,3212,19,50,2022-07-12 00:10:30.556,0,train,0.0,0
normal,N0084,3213,20,50,2022-07-12 00:10:30.656,0,train,0.0,0
normal,N0084,3214,21,50,2022-07-12 00:10:30.756,0,train,0.0,0
normal,N0084,3215,22,50,2022-07-12 00:10:30.856,0,train,0.0,0
normal,N0084,3216,23,50,2022-07-12 00:10:30.956,0,train,0.0,0
normal,N0084,3217,24,50,2022-07-12 00:10:31.056,0,train,0.0,0
normal,N0084,3218,25,50,2022-07-12 00:10:31.156,0,train,0.0,0
normal,N0084,3219,26,50,2022-07-12 00:10:31.256,0,train,0.0,0
normal,N0084,3220,27,50,2022-07-12 00:10:31.356,0,train,0.0,0
normal,N0084,3221,28,50,2022-07-12 00:10:31.456,0,train,0.0,0
normal,N0084,3222,29,50,2022-07-12 00:10:31.556,0,train,0.0,0
normal,N0084,3223,30,50,2022-07-12 00:10:31.656,0,train,0.0,0
normal,N0084,3224,31,50,2022-07-12 00:10:31.756,0,train,0.0,0
normal,N0084,3225,32,50,2022-07-12 00:10:31.856,0,train,0.0,0
normal,N0084,3226,33,50,2022-07-12 00:10:31.956,0,train,0.0,0
normal,N0084,3227,34,50,2022-07-12 00:10:32.056,0,train,0.0,0
normal,N0084,3228,35,50,2022-07-12 00:10:32.156,0,train,0.0,0
normal,N0084,3229,36,50,2022-07-12 00:10:32.256,0,train,0.0,0
normal,N0084,3230,37,50,2022-07-12 00:10:32.356,0,train,0.0,0
normal,N0084,3231,38,50,2022-07-12 00:10:32.456,0,train,0.0,0
normal,N0084,3232,39,50,2022-07-12 00:10:32.556,0,train,0.0028327798222780713,0
normal,N0084,3233,40,50,2022-07-12 00:10:32.656,0,train,0.0,0
normal,N0084,3234,41,50,2022-07-12 00:10:32.756,0,train,0.0,0
normal,N0084,3235,42,50,2022-07-12 00:10:32.856,0,train,0.0,0
normal,N0084,3236,43,50,2022-07-12 00:10:32.956,0,train,0.0,0
normal,N0084,3237,44,50,2022-07-12 00:10:33.056,0,train,0.0,0
normal,N0084,3238,45,50,2022-07-12 00:10:33.156,0,train,0.0,0
normal,N0084,3239,46,50,2022-07-12 00:10:33.256,0,train,0.0,0
normal,N0084,3240,47,50,2022-07-12 00:10:33.356,0,train,0.0,0
normal,N0084,3241,48,50,2022-07-12 00:10:33.456,0,train,0.0,0
normal,N0084,3242,49,50,2022-07-12 00:10:33.556,0,train,0.0,0
normal,N0085,3252,9,46,2022-07-12 00:10:36.772,0,train,0.0,0
normal,N0085,3253,10,46,2022-07-12 00:10:36.872,0,train,0.0032999373825923608,0
normal,N0085,3254,11,46,2022-07-12 00:10:36.972,0,train,0.0,0
normal,N0085,3255,12,46,2022-07-12 00:10:37.072,0,train,0.0,0
normal,N0085,3256,13,46,2022-07-12 00:10:37.172,0,train,0.0,0
normal,N0085,3257,14,46,2022-07-12 00:10:37.272,0,train,0.0,0
normal,N0085,3258,15,46,2022-07-12 00:10:37.372,0,train,0.0,0
normal,N0085,3259,16,46,2022-07-12 00:10:37.472,0,train,0.01600425455364138,0
normal,N0085,3260,17,46,2022-07-12 00:10:37.572,0,train,0.0,0
normal,N0085,3261,18,46,2022-07-12 00:10:37.672,0,train,0.01858456915469781,0
normal,N0085,3262,19,46,2022-07-12 00:10:37.772,0,train,0.0,0
normal,N0085,3263,20,46,2022-07-12 00:10:37.872,0,train,0.0,0
normal,N0085,3264,21,46,2022-07-12 00:10:37.972,0,train,0.0,0
normal,N0085,3265,22,46,2022-07-12 00:10:38.072,0,train,0.0,0
normal,N0085,3266,23,46,2022-07-12 00:10:38.172,0,train,0.0,0
normal,N0085,3267,24,46,2022-07-12 00:10:38.272,0,train,0.0,0
normal,N0085,3268,25,46,2022-07-12 00:10:38.372,0,train,0.0,0
normal,N0085,3269,26,46,2022-07-12 00:10:38.472,0,train,0.0,0
normal,N0085,3270,27,46,2022-07-12 00:10:38.572,0,train,0.0,0
normal,N0085,3271,28,46,2022-07-12 00:10:38.672,0,train,0.0,0
normal,N0085,3272,29,46,2022-07-12 00:10:38.772,0,train,0.0,0
normal,N0085,3273,30,46,2022-07-12 00:10:38.872,0,train,0.0,0
normal,N0085,3274,31,46,2022-07-12 00:10:38.972,0,train,0.0,0
normal,N0085,3275,32,46,2022-07-12 00:10:39.072,0,train,0.0,0
normal,N0085,3276,33,46,2022-07-12 00:10:39.172,0,train,0.006280570566996337,0
normal,N0085,3277,34,46,2022-07-12 00:10:39.272,0,train,0.0,0
normal,N0085,3278,35,46,2022-07-12 00:10:39.372,0,train,0.0,0
normal,N0085,3279,36,46,2022-07-12 00:10:39.472,0,train,0.0,0
normal,N0085,3280,37,46,2022-07-12 00:10:39.572,0,train,0.0,0
normal,N0085,3281,38,46,2022-07-12 00:10:39.672,0,train,0.0,0
normal,N0085,3282,39,46,2022-07-12 00:10:39.772,0,train,0.0,0
normal,N0085,3283,40,46,2022-07-12 00:10:39.872,0,train,0.0,0
normal,N0085,3284,41,46,2022-07-12 00:10:39.972,0,train,0.0,0
normal,N0085,3285,42,46,2022-07-12 00:10:40.072,0,train,0.0,0
normal,N0085,3286,43,46,2022-07-12 00:10:40.172,0,train,0.0,0
normal,N0085,3287,44,46,2022-07-12 00:10:40.272,0,train,0.0,0
normal,N0085,3288,45,46,2022-07-12 00:10:40.372,0,train,0.0,0
normal,N0086,3298,9,33,2022-07-12 00:10:44.751,0,train,0.037481733748915336,0
normal,N0086,3299,10,33,2022-07-12 00:10:44.851,0,train,0.00584974648248619,0
normal,N0086,3300,11,33,2022-07-12 00:10:44.951,0,train,0.0,0
normal,N0086,3301,12,33,2022-07-12 00:10:45.051,0,train,0.0,0
normal,N0086,3302,13,33,2022-07-12 00:10:45.151,0,train,0.0,0
normal,N0086,3303,14,33,2022-07-12 00:10:45.251,0,train,0.0,0
normal,N0086,3304,15,33,2022-07-12 00:10:45.351,0,train,0.0,0
normal,N0086,3305,16,33,2022-07-12 00:10:45.451,0,train,0.0,0
normal,N0086,3306,17,33,2022-07-12 00:10:45.551,0,train,0.003172399919533293,0
normal,N0086,3307,18,33,2022-07-12 00:10:45.651,0,train,0.0,0
normal,N0086,3308,19,33,2022-07-12 00:10:45.751,0,train,0.0,0
normal,N0086,3309,20,33,2022-07-12 00:10:45.851,0,train,0.0,0
normal,N0086,3310,21,33,2022-07-12 00:10:45.951,0,train,0.0,0
normal,N0086,3311,22,33,2022-07-12 00:10:46.051,0,train,0.0,0
normal,N0086,3312,23,33,2022-07-12 00:10:46.151,0,train,0.0,0
normal,N0086,3313,24,33,2022-07-12 00:10:46.251,0,train,0.0,0
normal,N0086,3314,25,33,2022-07-12 00:10:46.351,0,train,0.0,0
normal,N0086,3315,26,33,2022-07-12 00:10:46.451,0,train,0.0,0
normal,N0086,3316,27,33,2022-07-12 00:10:46.551,0,train,0.0,0
normal,N0086,3317,28,33,2022-07-12 00:10:46.651,0,train,0.0,0
normal,N0086,3318,29,33,2022-07-12 00:10:46.751,0,train,0.0,0
normal,N0086,3319,30,33,2022-07-12 00:10:46.851,0,train,0.0,0
normal,N0086,3320,31,33,2022-07-12 00:10:46.951,0,train,0.0,0
normal,N0086,3321,32,33,2022-07-12 00:10:47.051,0,train,0.0,0
normal,N0088,3354,9,12,2022-07-12 00:11:00.656,0,train,0.0,0
normal,N0088,3355,10,12,2022-07-12 00:11:00.756,0,train,0.0,0
normal,N0088,3356,11,12,2022-07-12 00:11:00.856,0,train,0.0,0
normal,N0089,3366,9,50,2022-07-12 00:11:10.194,0,train,0.0,0
normal,N0089,3367,10,50,2022-07-12 00:11:10.294,0,train,0.0,0
normal,N0089,3368,11,50,2022-07-12 00:11:10.394,0,train,0.0,0
normal,N0089,3369,12,50,2022-07-12 00:11:10.494,0,train,0.0,0
normal,N0089,3370,13,50,2022-07-12 00:11:10.594,0,train,0.0,0
normal,N0089,3371,14,50,2022-07-12 00:11:10.694,0,train,0.025480163099338815,0
normal,N0089,3372,15,50,2022-07-12 00:11:10.794,0,train,0.0,0
normal,N0089,3373,16,50,2022-07-12 00:11:10.894,0,train,0.0,0
normal,N0089,3374,17,50,2022-07-12 00:11:10.994,0,train,0.0,0
normal,N0089,3375,18,50,2022-07-12 00:11:11.094,0,train,0.0,0
normal,N0089,3376,19,50,2022-07-12 00:11:11.194,0,train,0.0,0
normal,N0089,3377,20,50,2022-07-12 00:11:11.294,0,train,0.0,0
normal,N0089,3378,21,50,2022-07-12 00:11:11.394,0,train,0.0,0
normal,N0089,3379,22,50,2022-07-12 00:11:11.494,0,train,0.0,0
normal,N0089,3380,23,50,2022-07-12 00:11:11.594,0,train,0.0,0
normal,N0089,3381,24,50,2022-07-12 00:11:11.694,0,train,0.0,0
normal,N0089,3382,25,50,2022-07-12 00:11:11.794,0,train,0.0,0
normal,N0089,3383,26,50,2022-07-12 00:11:11.894,0,train,0.0,0
normal,N0089,3384,27,50,2022-07-12 00:11:11.994,0,train,0.0,0
normal,N0089,3385,28,50,2022-07-12 00:11:12.094,0,train,0.0,0
normal,N0089,3386,29,50,2022-07-12 00:11:12.194,0,train,0.0,0
normal,N0089,3387,30,50,2022-07-12 00:11:12.294,0,train,0.0032902013983095064,0
normal,N0089,3388,31,50,2022-07-12 00:11:12.394,0,train,0.0,0
normal,N0089,3389,32,50,2022-07-12 00:11:12.494,0,train,0.0,0
normal,N0089,3390,33,50,2022-07-12 00:11:12.594,0,train,0.0,0
normal,N0089,3391,34,50,2022-07-12 00:11:12.694,0,train,0.0,0
normal,N0089,3392,35,50,2022-07-12 00:11:12.794,0,train,0.0,0
normal,N0089,3393,36,50,2022-07-12 00:11:12.894,0,train,0.0,0
normal,N0089,3394,37,50,2022-07-12 00:11:12.994,0,train,0.0,0
normal,N0089,3395,38,50,2022-07-12 00:11:13.094,0,train,0.0,0
normal,N0089,3396,39,50,2022-07-12 00:11:13.194,0,train,0.0,0
normal,N0089,3397,40,50,2022-07-12 00:11:13.294,0,train,0.0,0
normal,N0089,3398,41,50,2022-07-12 00:11:13.394,0,train,0.0,0
normal,N0089,3399,42,50,2022-07-12 00:11:13.494,0,train,0.0032409601318636036,0
normal,N0089,3400,43,50,2022-07-12 00:11:13.594,0,train,0.0032409601318636036,0
normal,N0089,3401,44,50,2022-07-12 00:11:13.694,0,train,0.0,0
normal,N0089,3402,45,50,2022-07-12 00:11:13.794,0,train,0.0,0
normal,N0089,3403,46,50,2022-07-12 00:11:13.894,0,train,0.0,0
normal,N0089,3404,47,50,2022-07-12 00:11:13.994,0,train,0.0,0
normal,N0089,3405,48,50,2022-07-12 00:11:14.094,0,train,0.0,0
normal,N0089,3406,49,50,2022-07-12 00:11:14.194,0,train,0.0,0
normal,N0090,3416,9,49,2022-07-12 00:11:16.940,0,train,0.0,0
normal,N0090,3417,10,49,2022-07-12 00:11:17.040,0,train,0.0,0
normal,N0090,3418,11,49,2022-07-12 00:11:17.140,0,train,0.0,0
normal,N0090,3419,12,49,2022-07-12 00:11:17.240,0,train,0.0,0
normal,N0090,3420,13,49,2022-07-12 00:11:17.340,0,train,0.0,0
normal,N0090,3421,14,49,2022-07-12 00:11:17.440,0,train,0.0,0
normal,N0090,3422,15,49,2022-07-12 00:11:17.540,0,train,0.0,0
normal,N0090,3423,16,49,2022-07-12 00:11:17.640,0,train,0.0,0
normal,N0090,3424,17,49,2022-07-12 00:11:17.740,0,train,0.0,0
normal,N0090,3425,18,49,2022-07-12 00:11:17.840,0,train,0.0,0
normal,N0090,3426,19,49,2022-07-12 00:11:17.940,0,train,0.0,0
normal,N0090,3427,20,49,2022-07-12 00:11:18.040,0,train,0.0,0
normal,N0090,3428,21,49,2022-07-12 00:11:18.140,0,train,0.0,0
normal,N0090,3429,22,49,2022-07-12 00:11:18.240,0,train,0.0,0
normal,N0090,3430,23,49,2022-07-12 00:11:18.340,0,train,0.0,0
normal,N0090,3431,24,49,2022-07-12 00:11:18.440,0,train,0.0,0
normal,N0090,3432,25,49,2022-07-12 00:11:18.540,0,train,0.0,0
normal,N0090,3433,26,49,2022-07-12 00:11:18.640,0,train,0.0,0
normal,N0090,3434,27,49,2022-07-12 00:11:18.740,0,train,0.0,0
normal,N0090,3435,28,49,2022-07-12 00:11:18.840,0,train,0.0030394002284537544,0
normal,N0090,3436,29,49,2022-07-12 00:11:18.940,0,train,0.0,0
normal,N0090,3437,30,49,2022-07-12 00:11:19.040,0,train,0.0,0
normal,N0090,3438,31,49,2022-07-12 00:11:19.140,0,train,0.0,0
normal,N0090,3439,32,49,2022-07-12 00:11:19.240,0,train,0.0,0
normal,N0090,3440,33,49,2022-07-12 00:11:19.340,0,train,0.0,0
normal,N0090,3441,34,49,2022-07-12 00:11:19.440,0,train,0.0,0
normal,N0090,3442,35,49,2022-07-12 00:11:19.540,0,train,0.0,0
normal,N0090,3443,36,49,2022-07-12 00:11:19.640,0,train,0.006586039119071826,0
normal,N0090,3444,37,49,2022-07-12 00:11:19.740,0,train,0.0,0
normal,N0090,3445,38,49,2022-07-12 00:11:19.840,0,train,0.0,0
normal,N0090,3446,39,49,2022-07-12 00:11:19.940,0,train,0.0,0
normal,N0090,3447,40,49,2022-07-12 00:11:20.040,0,train,0.0,0
normal,N0090,3448,41,49,2022-07-12 00:11:20.140,0,train,0.0,0
normal,N0090,3449,42,49,2022-07-12 00:11:20.240,0,train,0.0,0
normal,N0090,3450,43,49,2022-07-12 00:11:20.340,0,train,0.0,0
normal,N0090,3451,44,49,2022-07-12 00:11:20.440,0,train,0.0,0
normal,N0090,3452,45,49,2022-07-12 00:11:20.540,0,train,0.0,0
normal,N0090,3453,46,49,2022-07-12 00:11:20.640,0,train,0.0,0
normal,N0090,3454,47,49,2022-07-12 00:11:20.740,0,train,0.0,0
normal,N0090,3455,48,49,2022-07-12 00:11:20.840,0,train,0.0,0
normal,N0091,3465,9,36,2022-07-12 00:11:24.956,0,train,0.02730488425573502,0
normal,N0091,3466,10,36,2022-07-12 00:11:25.056,0,train,0.018081255048256854,0
normal,N0091,3467,11,36,2022-07-12 00:11:25.156,0,train,0.05872124054755555,0
normal,N0091,3468,12,36,2022-07-12 00:11:25.256,0,train,0.10423905241317709,0
normal,N0091,3469,13,36,2022-07-12 00:11:25.356,0,train,0.015660436158856362,0
normal,N0091,3470,14,36,2022-07-12 00:11:25.456,0,train,0.0,0
normal,N0091,3471,15,36,2022-07-12 00:11:25.556,0,train,0.006297630808781694,0
normal,N0091,3472,16,36,2022-07-12 00:11:25.656,0,train,0.003020374273487897,0
normal,N0091,3473,17,36,2022-07-12 00:11:25.756,0,train,0.0,0
normal,N0091,3474,18,36,2022-07-12 00:11:25.856,0,train,0.0032229490324339055,0
normal,N0091,3475,19,36,2022-07-12 00:11:25.956,0,train,0.0,0
normal,N0091,3476,20,36,2022-07-12 00:11:26.056,0,train,0.0,0
normal,N0091,3477,21,36,2022-07-12 00:11:26.156,0,train,0.0,0
normal,N0091,3478,22,36,2022-07-12 00:11:26.256,0,train,0.0,0
normal,N0091,3479,23,36,2022-07-12 00:11:26.356,0,train,0.0,0
normal,N0091,3480,24,36,2022-07-12 00:11:26.456,0,train,0.0,0
normal,N0091,3481,25,36,2022-07-12 00:11:26.556,0,train,0.0,0
normal,N0091,3482,26,36,2022-07-12 00:11:26.656,0,train,0.0,0
normal,N0091,3483,27,36,2022-07-12 00:11:26.756,0,train,0.0,0
normal,N0091,3484,28,36,2022-07-12 00:11:26.856,0,train,0.0065279144110603395,0
normal,N0091,3485,29,36,2022-07-12 00:11:26.956,0,train,0.006453651565193163,0
normal,N0091,3486,30,36,2022-07-12 00:11:27.056,0,train,0.008807805854016876,0
normal,N0091,3487,31,36,2022-07-12 00:11:27.156,0,train,0.0062719947918500624,0
normal,N0091,3488,32,36,2022-07-12 00:11:27.256,0,train,0.0124177841913615,0
normal,N0091,3489,33,36,2022-07-12 00:11:27.356,0,train,0.0,0
normal,N0091,3490,34,36,2022-07-12 00:11:27.456,0,train,0.027759155112003928,0
normal,N0091,3491,35,36,2022-07-12 00:11:27.556,0,train,0.009098516809843128,0
normal,N0094,3532,9,50,2022-07-12 00:11:50.426,0,train,0.0029529137529137528,0
normal,N0094,3533,10,50,2022-07-12 00:11:50.526,0,train,0.0,0
normal,N0094,3534,11,50,2022-07-12 00:11:50.626,0,train,0.0,0
normal,N0094,3535,12,50,2022-07-12 00:11:50.726,0,train,0.0,0
normal,N0094,3536,13,50,2022-07-12 00:11:50.826,0,train,0.0,0
normal,N0094,3537,14,50,2022-07-12 00:11:50.926,0,train,0.0,0
normal,N0094,3538,15,50,2022-07-12 00:11:51.026,0,train,0.0,0
normal,N0094,3539,16,50,2022-07-12 00:11:51.126,0,train,0.0,0
normal,N0094,3540,17,50,2022-07-12 00:11:51.226,0,train,0.0,0
normal,N0094,3541,18,50,2022-07-12 00:11:51.326,0,train,0.0,0
normal,N0094,3542,19,50,2022-07-12 00:11:51.426,0,train,0.0,0
normal,N0094,3543,20,50,2022-07-12 00:11:51.526,0,train,0.0,0
normal,N0094,3544,21,50,2022-07-12 00:11:51.626,0,train,0.0,0
normal,N0094,3545,22,50,2022-07-12 00:11:51.726,0,train,0.0,0
normal,N0094,3546,23,50,2022-07-12 00:11:51.826,0,train,0.0033333333333333335,0
normal,N0094,3547,24,50,2022-07-12 00:11:51.926,0,train,0.03203715958533706,0
normal,N0094,3548,25,50,2022-07-12 00:11:52.026,0,train,0.0,0
normal,N0094,3549,26,50,2022-07-12 00:11:52.126,0,train,0.0030133231338050613,0
normal,N0094,3550,27,50,2022-07-12 00:11:52.226,0,train,0.00651298570565734,0
normal,N0094,3551,28,50,2022-07-12 00:11:52.326,0,train,0.0064179219898785,0
normal,N0094,3552,29,50,2022-07-12 00:11:52.426,0,train,0.0,0
normal,N0094,3553,30,50,2022-07-12 00:11:52.526,0,train,0.0033333333333333335,0
normal,N0094,3554,31,50,2022-07-12 00:11:52.626,0,train,0.019542007869136735,0
normal,N0094,3555,32,50,2022-07-12 00:11:52.726,0,train,0.02561523472733499,0
normal,N0094,3556,33,50,2022-07-12 00:11:52.826,0,train,0.03902459687695647,0
normal,N0094,3557,34,50,2022-07-12 00:11:52.926,0,train,0.009178707785806844,0
normal,N0094,3558,35,50,2022-07-12 00:11:53.026,0,train,0.014880922673209266,0
normal,N0094,3559,36,50,2022-07-12 00:11:53.126,0,train,0.04059751561998669,0
normal,N0094,3560,37,50,2022-07-12 00:11:53.226,0,train,0.025257164219657197,0
normal,N0094,3561,38,50,2022-07-12 00:11:53.326,0,train,0.01859447551540852,0
normal,N0094,3562,39,50,2022-07-12 00:11:53.426,0,train,0.02779305693658896,0
normal,N0094,3563,40,50,2022-07-12 00:11:53.526,0,train,0.02728577028164974,0
normal,N0094,3564,41,50,2022-07-12 00:11:53.626,0,train,0.0822618285140667,0
normal,N0094,3565,42,50,2022-07-12 00:11:53.726,0,train,0.006387503027367402,0
normal,N0094,3566,43,50,2022-07-12 00:11:53.826,0,train,0.00589586272009221,0
normal,N0094,3567,44,50,2022-07-12 00:11:53.926,0,train,0.009840429118481804,0
normal,N0094,3568,45,50,2022-07-12 00:11:54.026,0,train,0.0,0
normal,N0094,3569,46,50,2022-07-12 00:11:54.126,0,train,0.0032433453546281982,0
normal,N0094,3570,47,50,2022-07-12 00:11:54.226,0,train,0.0032433453546281982,0
normal,N0094,3571,48,50,2022-07-12 00:11:54.326,0,train,0.0032664280898293658,0
normal,N0094,3572,49,50,2022-07-12 00:11:54.426,0,train,0.0029223025137422023,0
normal,N0095,3582,9,50,2022-07-12 00:11:57.144,0,train,0.0,0
normal,N0095,3583,10,50,2022-07-12 00:11:57.244,0,train,0.0,0
normal,N0095,3584,11,50,2022-07-12 00:11:57.344,0,train,0.0,0
normal,N0095,3585,12,50,2022-07-12 00:11:57.444,0,train,0.0,0
normal,N0095,3586,13,50,2022-07-12 00:11:57.544,0,train,0.0,0
normal,N0095,3587,14,50,2022-07-12 00:11:57.644,0,train,0.0,0
normal,N0095,3588,15,50,2022-07-12 00:11:57.744,0,train,0.0033100693924417155,0
normal,N0095,3589,16,50,2022-07-12 00:11:57.844,0,train,0.0,0
normal,N0095,3590,17,50,2022-07-12 00:11:57.944,0,train,0.0,0
normal,N0095,3591,18,50,2022-07-12 00:11:58.044,0,train,0.0,0
normal,N0095,3592,19,50,2022-07-12 00:11:58.144,0,train,0.0,0
normal,N0095,3593,20,50,2022-07-12 00:11:58.244,0,train,0.0,0
normal,N0095,3594,21,50,2022-07-12 00:11:58.344,0,train,0.0,0
normal,N0095,3595,22,50,2022-07-12 00:11:58.444,0,train,0.0,0
normal,N0095,3596,23,50,2022-07-12 00:11:58.544,0,train,0.0,0
normal,N0095,3597,24,50,2022-07-12 00:11:58.644,0,train,0.0,0
normal,N0095,3598,25,50,2022-07-12 00:11:58.744,0,train,0.0,0
normal,N0095,3599,26,50,2022-07-12 00:11:58.844,0,train,0.0,0
normal,N0095,3600,27,50,2022-07-12 00:11:58.944,0,train,0.0,0
normal,N0095,3601,28,50,2022-07-12 00:11:59.044,0,train,0.0,0
normal,N0095,3602,29,50,2022-07-12 00:11:59.144,0,train,0.0,0
normal,N0095,3603,30,50,2022-07-12 00:11:59.244,0,train,0.0,0
normal,N0095,3604,31,50,2022-07-12 00:11:59.344,0,train,0.015696109139149338,0
normal,N0095,3605,32,50,2022-07-12 00:11:59.444,0,train,0.13501322151803163,0
normal,N0095,3606,33,50,2022-07-12 00:11:59.544,0,train,0.0,0
normal,N0095,3607,34,50,2022-07-12 00:11:59.644,0,train,0.0,0
normal,N0095,3608,35,50,2022-07-12 00:11:59.744,0,train,0.01147687703538411,0
normal,N0095,3609,36,50,2022-07-12 00:11:59.844,0,train,0.008531357925020593,0
normal,N0095,3610,37,50,2022-07-12 00:11:59.944,0,train,0.008567311550968326,0
normal,N0095,3611,38,50,2022-07-12 00:12:00.044,0,train,0.011505781221086163,0
normal,N0095,3612,39,50,2022-07-12 00:12:00.144,0,train,0.015400118425861283,0
normal,N0095,3613,40,50,2022-07-12 00:12:00.244,0,train,0.025120752219347637,0
normal,N0095,3614,41,50,2022-07-12 00:12:00.344,0,train,0.003062585596317635,0
normal,N0095,3615,42,50,2022-07-12 00:12:00.444,0,train,0.0,0
normal,N0095,3616,43,50,2022-07-12 00:12:00.544,0,train,0.0,0
normal,N0095,3617,44,50,2022-07-12 00:12:00.644,0,train,0.0,0
normal,N0095,3618,45,50,2022-07-12 00:12:00.744,0,train,0.0,0
normal,N0095,3619,46,50,2022-07-12 00:12:00.844,0,train,0.0,0
normal,N0095,3620,47,50,2022-07-12 00:12:00.944,0,train,0.0,0
normal,N0095,3621,48,50,2022-07-12 00:12:01.044,0,train,0.00551335193960972,0
normal,N0095,3622,49,50,2022-07-12 00:12:01.144,0,train,0.0,0
normal,N0096,3632,9,38,2022-07-12 00:12:05.043,0,train,0.0,0
normal,N0096,3633,10,38,2022-07-12 00:12:05.143,0,train,0.0,0
normal,N0096,3634,11,38,2022-07-12 00:12:05.243,0,train,0.0,0
normal,N0096,3635,12,38,2022-07-12 00:12:05.343,0,train,0.0,0
normal,N0096,3636,13,38,2022-07-12 00:12:05.443,0,train,0.0,0
normal,N0096,3637,14,38,2022-07-12 00:12:05.543,0,train,0.0,0
normal,N0096,3638,15,38,2022-07-12 00:12:05.643,0,train,0.0,0
normal,N0096,3639,16,38,2022-07-12 00:12:05.743,0,train,0.005135030102919885,0
normal,N0096,3640,17,38,2022-07-12 00:12:05.843,0,train,0.015082218713114246,0
normal,N0096,3641,18,38,2022-07-12 00:12:05.943,0,train,0.0,0
normal,N0096,3642,19,38,2022-07-12 00:12:06.043,0,train,0.0,0
normal,N0096,3643,20,38,2022-07-12 00:12:06.143,0,train,0.0,0
normal,N0096,3644,21,38,2022-07-12 00:12:06.243,0,train,0.0,0
normal,N0096,3645,22,38,2022-07-12 00:12:06.343,0,train,0.0,0
normal,N0096,3646,23,38,2022-07-12 00:12:06.443,0,train,0.0,0
normal,N0096,3647,24,38,2022-07-12 00:12:06.543,0,train,0.009492912664232286,0
normal,N0096,3648,25,38,2022-07-12 00:12:06.643,0,train,0.0062887231177608605,0
normal,N0096,3649,26,38,2022-07-12 00:12:06.743,0,train,0.0,0
normal,N0096,3650,27,38,2022-07-12 00:12:06.843,0,train,0.0,0
normal,N0096,3651,28,38,2022-07-12 00:12:06.943,0,train,0.0,0
normal,N0096,3652,29,38,2022-07-12 00:12:07.043,0,train,0.0,0
normal,N0096,3653,30,38,2022-07-12 00:12:07.143,0,train,0.0,0
normal,N0096,3654,31,38,2022-07-12 00:12:07.243,0,train,0.0,0
normal,N0096,3655,32,38,2022-07-12 00:12:07.343,0,train,0.0,0
normal,N0096,3656,33,38,2022-07-12 00:12:07.443,0,train,0.0,0
normal,N0096,3657,34,38,2022-07-12 00:12:07.543,0,train,0.0,0
normal,N0096,3658,35,38,2022-07-12 00:12:07.643,0,train,0.0,0
normal,N0096,3659,36,38,2022-07-12 00:12:07.743,0,train,0.0,0
normal,N0096,3660,37,38,2022-07-12 00:12:07.843,0,train,0.0,0
normal,N0098,3695,9,24,2022-07-12 00:12:21.077,0,train,0.0031306764603702417,0
normal,N0098,3696,10,24,2022-07-12 00:12:21.177,0,train,0.0029498331930284043,0
normal,N0098,3697,11,24,2022-07-12 00:12:21.277,0,train,0.015132582498287875,0
normal,N0098,3698,12,24,2022-07-12 00:12:21.377,0,train,0.003131473576226877,0
normal,N0098,3699,13,24,2022-07-12 00:12:21.477,0,train,0.0,0
normal,N0098,3700,14,24,2022-07-12 00:12:21.577,0,train,0.0,0
normal,N0098,3701,15,24,2022-07-12 00:12:21.677,0,train,0.0,0
normal,N0098,3702,16,24,2022-07-12 00:12:21.777,0,train,0.0,0
normal,N0098,3703,17,24,2022-07-12 00:12:21.877,0,train,0.002840197495183044,0
normal,N0098,3704,18,24,2022-07-12 00:12:21.977,0,train,0.012173237636586126,0
normal,N0098,3705,19,24,2022-07-12 00:12:22.077,0,train,0.10804247456483336,0
normal,N0098,3706,20,24,2022-07-12 00:12:22.177,0,train,0.0,0
normal,N0098,3707,21,24,2022-07-12 00:12:22.277,0,train,0.009112999247493142,0
normal,N0098,3708,22,24,2022-07-12 00:12:22.377,0,train,0.03490466956515953,0
normal,N0098,3709,23,24,2022-07-12 00:12:22.477,0,train,0.0,0
normal,N0099,3719,9,12,2022-07-12 00:12:29.075,0,train,0.0,0
normal,N0099,3720,10,12,2022-07-12 00:12:29.175,0,train,0.0,0
normal,N0099,3721,11,12,2022-07-12 00:12:29.275,0,train,0.0,0
normal,N0100,3731,9,50,2022-07-12 00:12:39.092,0,train,0.0,0
normal,N0100,3732,10,50,2022-07-12 00:12:39.192,0,train,0.028838798002561953,0
normal,N0100,3733,11,50,2022-07-12 00:12:39.292,0,train,0.016109252940081545,0
normal,N0100,3734,12,50,2022-07-12 00:12:39.392,0,train,0.0,0
normal,N0100,3735,13,50,2022-07-12 00:12:39.492,0,train,0.04527189923312917,0
normal,N0100,3736,14,50,2022-07-12 00:12:39.592,0,train,0.05190285271929091,0
normal,N0100,3737,15,50,2022-07-12 00:12:39.692,0,train,0.0,0
normal,N0100,3738,16,50,2022-07-12 00:12:39.792,0,train,0.07545382360106286,0
normal,N0100,3739,17,50,2022-07-12 00:12:39.892,0,train,0.009400052915547477,0
normal,N0100,3740,18,50,2022-07-12 00:12:39.992,0,train,0.0,0
normal,N0100,3741,19,50,2022-07-12 00:12:40.092,0,train,0.0,0
normal,N0100,3742,20,50,2022-07-12 00:12:40.192,0,train,0.011742025155304325,0
normal,N0100,3743,21,50,2022-07-12 00:12:40.292,0,train,0.0,0
normal,N0100,3744,22,50,2022-07-12 00:12:40.392,0,train,0.0033333333333333335,0
normal,N0100,3745,23,50,2022-07-12 00:12:40.492,0,train,0.0029454466149484372,0
normal,N0100,3746,24,50,2022-07-12 00:12:40.592,0,train,0.0033333333333333335,0
normal,N0100,3747,25,50,2022-07-12 00:12:40.692,0,train,0.0033333333333333335,0
normal,N0100,3748,26,50,2022-07-12 00:12:40.792,0,train,0.012645870490781332,0
normal,N0100,3749,27,50,2022-07-12 00:12:40.892,0,train,0.057362536377798784,0
normal,N0100,3750,28,50,2022-07-12 00:12:40.992,0,train,0.006102124107661949,0
normal,N0100,3751,29,50,2022-07-12 00:12:41.092,0,train,0.04751698372771265,0
normal,N0100,3752,30,50,2022-07-12 00:12:41.192,0,train,0.031230358761971402,0
normal,N0100,3753,31,50,2022-07-12 00:12:41.292,0,train,0.040108747614866797,0
normal,N0100,3754,32,50,2022-07-12 00:12:41.392,0,train,0.052135875531649965,0
normal,N0100,3755,33,50,2022-07-12 00:12:41.492,0,train,0.03219741994715674,0
normal,N0100,3756,34,50,2022-07-12 00:12:41.592,0,train,0.0,0
normal,N0100,3757,35,50,2022-07-12 00:12:41.692,0,train,0.0,0
normal,N0100,3758,36,50,2022-07-12 00:12:41.792,0,train,0.003120251073670301,0
normal,N0100,3759,37,50,2022-07-12 00:12:41.892,0,train,0.0,0
normal,N0100,3760,38,50,2022-07-12 00:12:41.992,0,train,0.0033135784339434625,0
normal,N0100,3761,39,50,2022-07-12 00:12:42.092,0,train,0.01946283700698737,0
normal,N0100,3762,40,50,2022-07-12 00:12:42.192,0,train,0.0,0
normal,N0100,3763,41,50,2022-07-12 00:12:42.292,0,train,0.0,0
normal,N0100,3764,42,50,2022-07-12 00:12:42.392,0,train,0.0,0
normal,N0100,3765,43,50,2022-07-12 00:12:42.492,0,train,0.006666666666666667,0
normal,N0100,3766,44,50,2022-07-12 00:12:42.592,0,train,0.006589027448555429,0
normal,N0100,3767,45,50,2022-07-12 00:12:42.692,0,train,0.0032933505352348413,0
normal,N0100,3768,46,50,2022-07-12 00:12:42.792,0,train,0.01927800497043715,0
normal,N0100,3769,47,50,2022-07-12 00:12:42.892,0,train,0.0032933505352348413,0
normal,N0100,3770,48,50,2022-07-12 00:12:42.992,0,train,0.003255677503969075,0
normal,N0100,3771,49,50,2022-07-12 00:12:43.092,0,train,0.0,0
normal,N0101,3781,9,50,2022-07-12 00:12:45.647,0,train,0.0,0
normal,N0101,3782,10,50,2022-07-12 00:12:45.747,0,train,0.0,0
normal,N0101,3783,11,50,2022-07-12 00:12:45.847,0,train,0.0,0
normal,N0101,3784,12,50,2022-07-12 00:12:45.947,0,train,0.0,0
normal,N0101,3785,13,50,2022-07-12 00:12:46.047,0,train,0.0,0
normal,N0101,3786,14,50,2022-07-12 00:12:46.147,0,train,0.0,0
normal,N0101,3787,15,50,2022-07-12 00:12:46.247,0,train,0.0,0
normal,N0101,3788,16,50,2022-07-12 00:12:46.347,0,train,0.0,0
normal,N0101,3789,17,50,2022-07-12 00:12:46.447,0,train,0.0,0
normal,N0101,3790,18,50,2022-07-12 00:12:46.547,0,train,0.0,0
normal,N0101,3791,19,50,2022-07-12 00:12:46.647,0,train,0.0,0
normal,N0101,3792,20,50,2022-07-12 00:12:46.747,0,train,0.0,0
normal,N0101,3793,21,50,2022-07-12 00:12:46.847,0,train,0.0,0
normal,N0101,3794,22,50,2022-07-12 00:12:46.947,0,train,0.0,0
normal,N0101,3795,23,50,2022-07-12 00:12:47.047,0,train,0.0,0
normal,N0101,3796,24,50,2022-07-12 00:12:47.147,0,train,0.0,0
normal,N0101,3797,25,50,2022-07-12 00:12:47.247,0,train,0.0,0
normal,N0101,3798,26,50,2022-07-12 00:12:47.347,0,train,0.01587479841381871,0
normal,N0101,3799,27,50,2022-07-12 00:12:47.447,0,train,0.0,0
normal,N0101,3800,28,50,2022-07-12 00:12:47.547,0,train,0.0,0
normal,N0101,3801,29,50,2022-07-12 00:12:47.647,0,train,0.0,0
normal,N0101,3802,30,50,2022-07-12 00:12:47.747,0,train,0.0,0
normal,N0101,3803,31,50,2022-07-12 00:12:47.847,0,train,0.0,0
normal,N0101,3804,32,50,2022-07-12 00:12:47.947,0,train,0.0,0
normal,N0101,3805,33,50,2022-07-12 00:12:48.047,0,train,0.0,0
normal,N0101,3806,34,50,2022-07-12 00:12:48.147,0,train,0.0,0
normal,N0101,3807,35,50,2022-07-12 00:12:48.247,0,train,0.0,0
normal,N0101,3808,36,50,2022-07-12 00:12:48.347,0,train,0.0,0
normal,N0101,3809,37,50,2022-07-12 00:12:48.447,0,train,0.0,0
normal,N0101,3810,38,50,2022-07-12 00:12:48.547,0,train,0.0,0
normal,N0101,3811,39,50,2022-07-12 00:12:48.647,0,train,0.0,0
normal,N0101,3812,40,50,2022-07-12 00:12:48.747,0,train,0.0,0
normal,N0101,3813,41,50,2022-07-12 00:12:48.847,0,train,0.0,0
normal,N0101,3814,42,50,2022-07-12 00:12:48.947,0,train,0.0,0
normal,N0101,3815,43,50,2022-07-12 00:12:49.047,0,train,0.0,0
normal,N0101,3816,44,50,2022-07-12 00:12:49.147,0,train,0.0,0
normal,N0101,3817,45,50,2022-07-12 00:12:49.247,0,train,0.0,0
normal,N0101,3818,46,50,2022-07-12 00:12:49.347,0,train,0.0,0
normal,N0101,3819,47,50,2022-07-12 00:12:49.447,0,train,0.0,0
normal,N0101,3820,48,50,2022-07-12 00:12:49.547,0,train,0.0,0
normal,N0101,3821,49,50,2022-07-12 00:12:49.647,0,train,0.0,0
normal,N0103,3876,9,34,2022-07-12 00:13:00.989,0,train,0.0,0
normal,N0103,3877,10,34,2022-07-12 00:13:01.089,0,train,0.012929409036259715,0
normal,N0103,3878,11,34,2022-07-12 00:13:01.189,0,train,0.003128286536362735,0
normal,N0103,3879,12,34,2022-07-12 00:13:01.289,0,train,0.06338675425981664,0
normal,N0103,3880,13,34,2022-07-12 00:13:01.389,0,train,0.0,0
normal,N0103,3881,14,34,2022-07-12 00:13:01.489,0,train,0.0,0
normal,N0103,3882,15,34,2022-07-12 00:13:01.589,0,train,0.0,0
normal,N0103,3883,16,34,2022-07-12 00:13:01.689,0,train,0.009374464472225714,0
normal,N0103,3884,17,34,2022-07-12 00:13:01.789,0,train,0.003309660336331913,0
normal,N0103,3885,18,34,2022-07-12 00:13:01.889,0,train,0.0,0
normal,N0103,3886,19,34,2022-07-12 00:13:01.989,0,train,0.02118460937595481,0
normal,N0103,3887,20,34,2022-07-12 00:13:02.089,0,train,0.009274334443391504,0
normal,N0103,3888,21,34,2022-07-12 00:13:02.189,0,train,0.009411553627603975,0
normal,N0103,3889,22,34,2022-07-12 00:13:02.289,0,train,0.0033333333333333335,0
normal,N0103,3890,23,34,2022-07-12 00:13:02.389,0,train,0.05939786572725026,0
normal,N0103,3891,24,34,2022-07-12 00:13:02.489,0,train,0.04716628776209545,0
normal,N0103,3892,25,34,2022-07-12 00:13:02.589,0,train,0.03539267177016763,0
normal,N0103,3893,26,34,2022-07-12 00:13:02.689,0,train,0.14903941029832776,0
normal,N0103,3894,27,34,2022-07-12 00:13:02.789,0,train,0.003129879581844647,0
normal,N0103,3895,28,34,2022-07-12 00:13:02.889,0,train,0.0,0
normal,N0103,3896,29,34,2022-07-12 00:13:02.989,0,train,0.0032498883966896744,0
normal,N0103,3897,30,34,2022-07-12 00:13:03.089,0,train,0.0028260998987914513,0
normal,N0103,3898,31,34,2022-07-12 00:13:03.189,0,train,0.0028260998987914513,0
normal,N0103,3899,32,34,2022-07-12 00:13:03.289,0,train,0.0,0
normal,N0103,3900,33,34,2022-07-12 00:13:03.389,0,train,0.0,0
normal,N0104,3910,9,34,2022-07-12 00:13:08.871,0,train,0.0,0
normal,N0104,3911,10,34,2022-07-12 00:13:08.971,0,train,0.0064345206798598065,0
normal,N0104,3912,11,34,2022-07-12 00:13:09.071,0,train,0.0,0
normal,N0104,3913,12,34,2022-07-12 00:13:09.171,0,train,0.03469395102102435,0
normal,N0104,3914,13,34,2022-07-12 00:13:09.271,0,train,0.003285481466070252,0
normal,N0104,3915,14,34,2022-07-12 00:13:09.371,0,train,0.0,0
normal,N0104,3916,15,34,2022-07-12 00:13:09.471,0,train,0.0,0
normal,N0104,3917,16,34,2022-07-12 00:13:09.571,0,train,0.0,0
normal,N0104,3918,17,34,2022-07-12 00:13:09.671,0,train,0.0,0
normal,N0104,3919,18,34,2022-07-12 00:13:09.771,0,train,0.0,0
normal,N0104,3920,19,34,2022-07-12 00:13:09.871,0,train,0.0,0
normal,N0104,3921,20,34,2022-07-12 00:13:09.971,0,train,0.0,0
normal,N0104,3922,21,34,2022-07-12 00:13:10.071,0,train,0.0,0
normal,N0104,3923,22,34,2022-07-12 00:13:10.171,0,train,0.0,0
normal,N0104,3924,23,34,2022-07-12 00:13:10.271,0,train,0.0,0
normal,N0104,3925,24,34,2022-07-12 00:13:10.371,0,train,0.0,0
normal,N0104,3926,25,34,2022-07-12 00:13:10.471,0,train,0.0,0
normal,N0104,3927,26,34,2022-07-12 00:13:10.571,0,train,0.0,0
normal,N0104,3928,27,34,2022-07-12 00:13:10.671,0,train,0.0,0
normal,N0104,3929,28,34,2022-07-12 00:13:10.771,0,train,0.0,0
normal,N0104,3930,29,34,2022-07-12 00:13:10.871,0,train,0.0030311469637312335,0
normal,N0104,3931,30,34,2022-07-12 00:13:10.971,0,train,0.003260118800939356,0
normal,N0104,3932,31,34,2022-07-12 00:13:11.071,0,train,0.0,0
normal,N0104,3933,32,34,2022-07-12 00:13:11.171,0,train,0.0,0
normal,N0104,3934,33,34,2022-07-12 00:13:11.271,0,train,0.0,0
normal,N0105,3944,9,22,2022-07-12 00:13:16.773,0,train,0.042264949097920744,0
normal,N0105,3945,10,22,2022-07-12 00:13:16.873,0,train,0.013207284607846797,0
normal,N0105,3946,11,22,2022-07-12 00:13:16.973,0,train,0.0,0
normal,N0105,3947,12,22,2022-07-12 00:13:17.073,0,train,0.0,0
normal,N0105,3948,13,22,2022-07-12 00:13:17.173,0,train,0.0,0
normal,N0105,3949,14,22,2022-07-12 00:13:17.273,0,train,0.0,0
normal,N0105,3950,15,22,2022-07-12 00:13:17.373,0,train,0.0,0
normal,N0105,3951,16,22,2022-07-12 00:13:17.473,0,train,0.0,0
normal,N0105,3952,17,22,2022-07-12 00:13:17.573,0,train,0.032211479354380866,0
normal,N0105,3953,18,22,2022-07-12 00:13:17.673,0,train,0.026128327319282788,0
normal,N0105,3954,19,22,2022-07-12 00:13:17.773,0,train,0.02638099959635944,0
normal,N0105,3955,20,22,2022-07-12 00:13:17.873,0,train,0.0,0
normal,N0105,3956,21,22,2022-07-12 00:13:17.973,0,train,0.0,0
normal,N0108,4025,9,50,2022-07-12 00:13:40.786,0,train,0.0,0
normal,N0108,4026,10,50,2022-07-12 00:13:40.886,0,train,0.0,0
normal,N0108,4027,11,50,2022-07-12 00:13:40.986,0,train,0.0,0
normal,N0108,4028,12,50,2022-07-12 00:13:41.086,0,train,0.0,0
normal,N0108,4029,13,50,2022-07-12 00:13:41.186,0,train,0.006501747118155834,0
normal,N0108,4030,14,50,2022-07-12 00:13:41.286,0,train,0.0,0
normal,N0108,4031,15,50,2022-07-12 00:13:41.386,0,train,0.0,0
normal,N0108,4032,16,50,2022-07-12 00:13:41.486,0,train,0.0,0
normal,N0108,4033,17,50,2022-07-12 00:13:41.586,0,train,0.0,0
normal,N0108,4034,18,50,2022-07-12 00:13:41.686,0,train,0.0,0
normal,N0108,4035,19,50,2022-07-12 00:13:41.786,0,train,0.0,0
normal,N0108,4036,20,50,2022-07-12 00:13:41.886,0,train,0.0,0
normal,N0108,4037,21,50,2022-07-12 00:13:41.986,0,train,0.0,0
normal,N0108,4038,22,50,2022-07-12 00:13:42.086,0,train,0.0,0
normal,N0108,4039,23,50,2022-07-12 00:13:42.186,0,train,0.0,0
normal,N0108,4040,24,50,2022-07-12 00:13:42.286,0,train,0.0,0
normal,N0108,4041,25,50,2022-07-12 00:13:42.386,0,train,0.0,0
normal,N0108,4042,26,50,2022-07-12 00:13:42.486,0,train,0.0,0
normal,N0108,4043,27,50,2022-07-12 00:13:42.586,0,train,0.0,0
normal,N0108,4044,28,50,2022-07-12 00:13:42.686,0,train,0.0,0
normal,N0108,4045,29,50,2022-07-12 00:13:42.786,0,train,0.0,0
normal,N0108,4046,30,50,2022-07-12 00:13:42.886,0,train,0.0,0
normal,N0108,4047,31,50,2022-07-12 00:13:42.986,0,train,0.0,0
normal,N0108,4048,32,50,2022-07-12 00:13:43.086,0,train,0.0,0
normal,N0108,4049,33,50,2022-07-12 00:13:43.186,0,train,0.0028963554576333424,0
normal,N0108,4050,34,50,2022-07-12 00:13:43.286,0,train,0.0,0
normal,N0108,4051,35,50,2022-07-12 00:13:43.386,0,train,0.0,0
normal,N0108,4052,36,50,2022-07-12 00:13:43.486,0,train,0.0,0
normal,N0108,4053,37,50,2022-07-12 00:13:43.586,0,train,0.0,0
normal,N0108,4054,38,50,2022-07-12 00:13:43.686,0,train,0.0,0
normal,N0108,4055,39,50,2022-07-12 00:13:43.786,0,train,0.0,0
normal,N0108,4056,40,50,2022-07-12 00:13:43.886,0,train,0.0,0
normal,N0108,4057,41,50,2022-07-12 00:13:43.986,0,train,0.0,0
normal,N0108,4058,42,50,2022-07-12 00:13:44.086,0,train,0.009275189275508853,0
normal,N0108,4059,43,50,2022-07-12 00:13:44.186,0,train,0.009152369076734909,0
normal,N0108,4060,44,50,2022-07-12 00:13:44.286,0,train,0.0030734408076860445,0
normal,N0108,4061,45,50,2022-07-12 00:13:44.386,0,train,0.0,0
normal,N0108,4062,46,50,2022-07-12 00:13:44.486,0,train,0.0,0
normal,N0108,4063,47,50,2022-07-12 00:13:44.586,0,train,0.0,0
normal,N0108,4064,48,50,2022-07-12 00:13:44.686,0,train,0.0,0
normal,N0108,4065,49,50,2022-07-12 00:13:44.786,0,train,0.0,0
normal,N0109,4075,9,37,2022-07-12 00:13:48.857,0,train,0.0,0
normal,N0109,4076,10,37,2022-07-12 00:13:48.957,0,train,0.0,0
normal,N0109,4077,11,37,2022-07-12 00:13:49.057,0,train,0.0,0
normal,N0109,4078,12,37,2022-07-12 00:13:49.157,0,train,0.009512554476634674,0
normal,N0109,4079,13,37,2022-07-12 00:13:49.257,0,train,0.0,0
normal,N0109,4080,14,37,2022-07-12 00:13:49.357,0,train,0.0,0
normal,N0109,4081,15,37,2022-07-12 00:13:49.457,0,train,0.0,0
normal,N0109,4082,16,37,2022-07-12 00:13:49.557,0,train,0.0024405452062559586,0
normal,N0109,4083,17,37,2022-07-12 00:13:49.657,0,train,0.0,0
normal,N0109,4084,18,37,2022-07-12 00:13:49.757,0,train,0.0,0
normal,N0109,4085,19,37,2022-07-12 00:13:49.857,0,train,0.0,0
normal,N0109,4086,20,37,2022-07-12 00:13:49.957,0,train,0.0,0
normal,N0109,4087,21,37,2022-07-12 00:13:50.057,0,train,0.0,0
normal,N0109,4088,22,37,2022-07-12 00:13:50.157,0,train,0.0,0
normal,N0109,4089,23,37,2022-07-12 00:13:50.257,0,train,0.0,0
normal,N0109,4090,24,37,2022-07-12 00:13:50.357,0,train,0.0,0
normal,N0109,4091,25,37,2022-07-12 00:13:50.457,0,train,0.0,0
normal,N0109,4092,26,37,2022-07-12 00:13:50.557,0,train,0.0,0
normal,N0109,4093,27,37,2022-07-12 00:13:50.657,0,train,0.005958770268139139,0
normal,N0109,4094,28,37,2022-07-12 00:13:50.757,0,train,0.0,0
normal,N0109,4095,29,37,2022-07-12 00:13:50.857,0,train,0.021614358850735586,0
normal,N0109,4096,30,37,2022-07-12 00:13:50.957,0,train,0.0,0
normal,N0109,4097,31,37,2022-07-12 00:13:51.057,0,train,0.003004995068562884,0
normal,N0109,4098,32,37,2022-07-12 00:13:51.157,0,train,0.0,0
normal,N0109,4099,33,37,2022-07-12 00:13:51.257,0,train,0.0,0
normal,N0109,4100,34,37,2022-07-12 00:13:51.357,0,train,0.0,0
normal,N0109,4101,35,37,2022-07-12 00:13:51.457,0,train,0.0,0
normal,N0109,4102,36,37,2022-07-12 00:13:51.557,0,train,0.0028271328253399075,0
normal,N0110,4112,9,23,2022-07-12 00:13:56.876,0,train,0.0123178440228743,0
normal,N0110,4113,10,23,2022-07-12 00:13:56.976,0,train,0.0,0
normal,N0110,4114,11,23,2022-07-12 00:13:57.076,0,train,0.0,0
normal,N0110,4115,12,23,2022-07-12 00:13:57.176,0,train,0.0,0
normal,N0110,4116,13,23,2022-07-12 00:13:57.276,0,train,0.0,0
normal,N0110,4117,14,23,2022-07-12 00:13:57.376,0,train,0.0032433453546281982,0
normal,N0110,4118,15,23,2022-07-12 00:13:57.476,0,train,0.009692823351485384,0
normal,N0110,4119,16,23,2022-07-12 00:13:57.576,0,train,0.00332043560028464,0
normal,N0110,4120,17,23,2022-07-12 00:13:57.676,0,train,0.00332043560028464,0
normal,N0110,4121,18,23,2022-07-12 00:13:57.776,0,train,0.00332043560028464,0
normal,N0110,4122,19,23,2022-07-12 00:13:57.876,0,train,0.0,0
normal,N0110,4123,20,23,2022-07-12 00:13:57.976,0,train,0.0,0
normal,N0110,4124,21,23,2022-07-12 00:13:58.076,0,train,0.0,0
normal,N0110,4125,22,23,2022-07-12 00:13:58.176,0,train,0.0,0
normal,N0111,4135,9,10,2022-07-12 00:14:04.804,0,train,0.0,0
normal,N0113,4195,9,50,2022-07-12 00:14:21.210,0,train,0.0,0
normal,N0113,4196,10,50,2022-07-12 00:14:21.310,0,train,0.0,0
normal,N0113,4197,11,50,2022-07-12 00:14:21.410,0,train,0.0,0
normal,N0113,4198,12,50,2022-07-12 00:14:21.510,0,train,0.0,0
normal,N0113,4199,13,50,2022-07-12 00:14:21.610,0,train,0.0,0
normal,N0113,4200,14,50,2022-07-12 00:14:21.710,0,train,0.0,0
normal,N0113,4201,15,50,2022-07-12 00:14:21.810,0,train,0.0,0
normal,N0113,4202,16,50,2022-07-12 00:14:21.910,0,train,0.0,0
normal,N0113,4203,17,50,2022-07-12 00:14:22.010,0,train,0.0,0
normal,N0113,4204,18,50,2022-07-12 00:14:22.110,0,train,0.0,0
normal,N0113,4205,19,50,2022-07-12 00:14:22.210,0,train,0.0,0
normal,N0113,4206,20,50,2022-07-12 00:14:22.310,0,train,0.0,0
normal,N0113,4207,21,50,2022-07-12 00:14:22.410,0,train,0.0,0
normal,N0113,4208,22,50,2022-07-12 00:14:22.510,0,train,0.0,0
normal,N0113,4209,23,50,2022-07-12 00:14:22.610,0,train,0.0,0
normal,N0113,4210,24,50,2022-07-12 00:14:22.710,0,train,0.0,0
normal,N0113,4211,25,50,2022-07-12 00:14:22.810,0,train,0.0,0
normal,N0113,4212,26,50,2022-07-12 00:14:22.910,0,train,0.0,0
normal,N0113,4213,27,50,2022-07-12 00:14:23.010,0,train,0.0,0
normal,N0113,4214,28,50,2022-07-12 00:14:23.110,0,train,0.0,0
normal,N0113,4215,29,50,2022-07-12 00:14:23.210,0,train,0.0,0
normal,N0113,4216,30,50,2022-07-12 00:14:23.310,0,train,0.0,0
normal,N0113,4217,31,50,2022-07-12 00:14:23.410,0,train,0.0,0
normal,N0113,4218,32,50,2022-07-12 00:14:23.510,0,train,0.0,0
normal,N0113,4219,33,50,2022-07-12 00:14:23.610,0,train,0.0,0
normal,N0113,4220,34,50,2022-07-12 00:14:23.710,0,train,0.0,0
normal,N0113,4221,35,50,2022-07-12 00:14:23.810,0,train,0.0,0
normal,N0113,4222,36,50,2022-07-12 00:14:23.910,0,train,0.0,0
normal,N0113,4223,37,50,2022-07-12 00:14:24.010,0,train,0.0,0
normal,N0113,4224,38,50,2022-07-12 00:14:24.110,0,train,0.0,0
normal,N0113,4225,39,50,2022-07-12 00:14:24.210,0,train,0.0,0
normal,N0113,4226,40,50,2022-07-12 00:14:24.310,0,train,0.0,0
normal,N0113,4227,41,50,2022-07-12 00:14:24.410,0,train,0.0,0
normal,N0113,4228,42,50,2022-07-12 00:14:24.510,0,train,0.0,0
normal,N0113,4229,43,50,2022-07-12 00:14:24.610,0,train,0.0,0
normal,N0113,4230,44,50,2022-07-12 00:14:24.710,0,train,0.0,0
normal,N0113,4231,45,50,2022-07-12 00:14:24.810,0,train,0.0,0
normal,N0113,4232,46,50,2022-07-12 00:14:24.910,0,train,0.0,0
normal,N0113,4233,47,50,2022-07-12 00:14:25.010,0,train,0.0,0
normal,N0113,4234,48,50,2022-07-12 00:14:25.110,0,train,0.0,0
normal,N0113,4235,49,50,2022-07-12 00:14:25.210,0,train,0.0,0
normal,N0114,4245,9,40,2022-07-12 00:14:28.808,0,train,0.0,0
normal,N0114,4246,10,40,2022-07-12 00:14:28.908,0,train,0.0,0
normal,N0114,4247,11,40,2022-07-12 00:14:29.008,0,train,0.0,0
normal,N0114,4248,12,40,2022-07-12 00:14:29.108,0,train,0.0,0
normal,N0114,4249,13,40,2022-07-12 00:14:29.208,0,train,0.0033333333333333335,0
normal,N0114,4250,14,40,2022-07-12 00:14:29.308,0,train,0.0,0
normal,N0114,4251,15,40,2022-07-12 00:14:29.408,0,train,0.0,0
normal,N0114,4252,16,40,2022-07-12 00:14:29.508,0,train,0.0,0
normal,N0114,4253,17,40,2022-07-12 00:14:29.608,0,train,0.0,0
normal,N0114,4254,18,40,2022-07-12 00:14:29.708,0,train,0.0,0
normal,N0114,4255,19,40,2022-07-12 00:14:29.808,0,train,0.0,0
normal,N0114,4256,20,40,2022-07-12 00:14:29.908,0,train,0.0,0
normal,N0114,4257,21,40,2022-07-12 00:14:30.008,0,train,0.0,0
normal,N0114,4258,22,40,2022-07-12 00:14:30.108,0,train,0.0,0
normal,N0114,4259,23,40,2022-07-12 00:14:30.208,0,train,0.0,0
normal,N0114,4260,24,40,2022-07-12 00:14:30.308,0,train,0.0,0
normal,N0114,4261,25,40,2022-07-12 00:14:30.408,0,train,0.0,0
normal,N0114,4262,26,40,2022-07-12 00:14:30.508,0,train,0.0,0
normal,N0114,4263,27,40,2022-07-12 00:14:30.608,0,train,0.0,0
normal,N0114,4264,28,40,2022-07-12 00:14:30.708,0,train,0.01926423703903426,0
normal,N0114,4265,29,40,2022-07-12 00:14:30.808,0,train,0.056140351262851974,0
normal,N0114,4266,30,40,2022-07-12 00:14:30.908,0,train,0.0,0
normal,N0114,4267,31,40,2022-07-12 00:14:31.008,0,train,0.0,0
normal,N0114,4268,32,40,2022-07-12 00:14:31.108,0,train,0.0,0
normal,N0114,4269,33,40,2022-07-12 00:14:31.208,0,train,0.0,0
normal,N0114,4270,34,40,2022-07-12 00:14:31.308,0,train,0.0,0
normal,N0114,4271,35,40,2022-07-12 00:14:31.408,0,train,0.0,0
normal,N0114,4272,36,40,2022-07-12 00:14:31.508,0,train,0.0,0
normal,N0114,4273,37,40,2022-07-12 00:14:31.608,0,train,0.021692352636889466,0
normal,N0114,4274,38,40,2022-07-12 00:14:31.708,0,train,0.012929959080074856,0
normal,N0114,4275,39,40,2022-07-12 00:14:31.808,0,train,0.0,0
normal,N0115,4285,9,27,2022-07-12 00:14:36.836,0,train,0.0,0
normal,N0115,4286,10,27,2022-07-12 00:14:36.936,0,train,0.0,0
normal,N0115,4287,11,27,2022-07-12 00:14:37.036,0,train,0.008430345037835251,0
normal,N0115,4288,12,27,2022-07-12 00:14:37.136,0,train,0.0,0
normal,N0115,4289,13,27,2022-07-12 00:14:37.236,0,train,0.0,0
normal,N0115,4290,14,27,2022-07-12 00:14:37.336,0,train,0.0,0
normal,N0115,4291,15,27,2022-07-12 00:14:37.436,0,train,0.0,0
normal,N0115,4292,16,27,2022-07-12 00:14:37.536,0,train,0.0,0
normal,N0115,4293,17,27,2022-07-12 00:14:37.636,0,train,0.0,0
normal,N0115,4294,18,27,2022-07-12 00:14:37.736,0,train,0.0,0
normal,N0115,4295,19,27,2022-07-12 00:14:37.836,0,train,0.0,0
normal,N0115,4296,20,27,2022-07-12 00:14:37.936,0,train,0.0,0
normal,N0115,4297,21,27,2022-07-12 00:14:38.036,0,train,0.0,0
normal,N0115,4298,22,27,2022-07-12 00:14:38.136,0,train,0.0,0
normal,N0115,4299,23,27,2022-07-12 00:14:38.236,0,train,0.0,0
normal,N0115,4300,24,27,2022-07-12 00:14:38.336,0,train,0.0,0
normal,N0115,4301,25,27,2022-07-12 00:14:38.436,0,train,0.0,0
normal,N0115,4302,26,27,2022-07-12 00:14:38.536,0,train,0.0032692798818324256,0
normal,N0116,4312,9,27,2022-07-12 00:14:44.737,0,train,0.0,0
normal,N0116,4313,10,27,2022-07-12 00:14:44.837,0,train,0.0,0
normal,N0116,4314,11,27,2022-07-12 00:14:44.937,0,train,0.051072397466165806,0
normal,N0116,4315,12,27,2022-07-12 00:14:45.037,0,train,0.0,0
normal,N0116,4316,13,27,2022-07-12 00:14:45.137,0,train,0.0,0
normal,N0116,4317,14,27,2022-07-12 00:14:45.237,0,train,0.0,0
normal,N0116,4318,15,27,2022-07-12 00:14:45.337,0,train,0.0,0
normal,N0116,4319,16,27,2022-07-12 00:14:45.437,0,train,0.0,0
normal,N0116,4320,17,27,2022-07-12 00:14:45.537,0,train,0.022043731456717622,0
normal,N0116,4321,18,27,2022-07-12 00:14:45.637,0,train,0.019739554981050896,0
normal,N0116,4322,19,27,2022-07-12 00:14:45.737,0,train,0.0,0
normal,N0116,4323,20,27,2022-07-12 00:14:45.837,0,train,0.0,0
normal,N0116,4324,21,27,2022-07-12 00:14:45.937,0,train,0.0,0
normal,N0116,4325,22,27,2022-07-12 00:14:46.037,0,train,0.0,0
normal,N0116,4326,23,27,2022-07-12 00:14:46.137,0,train,0.0,0
normal,N0116,4327,24,27,2022-07-12 00:14:46.237,0,train,0.0,0
normal,N0116,4328,25,27,2022-07-12 00:14:46.337,0,train,0.0,0
normal,N0116,4329,26,27,2022-07-12 00:14:46.437,0,train,0.022096340009519534,0
normal,N0119,4358,9,50,2022-07-12 00:15:02.477,0,train,0.0,0
normal,N0119,4359,10,50,2022-07-12 00:15:02.577,0,train,0.0,0
normal,N0119,4360,11,50,2022-07-12 00:15:02.677,0,train,0.0,0
normal,N0119,4361,12,50,2022-07-12 00:15:02.777,0,train,0.0,0
normal,N0119,4362,13,50,2022-07-12 00:15:02.877,0,train,0.0,0
normal,N0119,4363,14,50,2022-07-12 00:15:02.977,0,train,0.0,0
normal,N0119,4364,15,50,2022-07-12 00:15:03.077,0,train,0.0,0
normal,N0119,4365,16,50,2022-07-12 00:15:03.177,0,train,0.0,0
normal,N0119,4366,17,50,2022-07-12 00:15:03.277,0,train,0.0,0
normal,N0119,4367,18,50,2022-07-12 00:15:03.377,0,train,0.0,0
normal,N0119,4368,19,50,2022-07-12 00:15:03.477,0,train,0.0,0
normal,N0119,4369,20,50,2022-07-12 00:15:03.577,0,train,0.0,0
normal,N0119,4370,21,50,2022-07-12 00:15:03.677,0,train,0.0,0
normal,N0119,4371,22,50,2022-07-12 00:15:03.777,0,train,0.0,0
normal,N0119,4372,23,50,2022-07-12 00:15:03.877,0,train,0.0,0
normal,N0119,4373,24,50,2022-07-12 00:15:03.977,0,train,0.0,0
normal,N0119,4374,25,50,2022-07-12 00:15:04.077,0,train,0.0,0
normal,N0119,4375,26,50,2022-07-12 00:15:04.177,0,train,0.0,0
normal,N0119,4376,27,50,2022-07-12 00:15:04.277,0,train,0.009096173320683154,0
normal,N0119,4377,28,50,2022-07-12 00:15:04.377,0,train,0.0,0
normal,N0119,4378,29,50,2022-07-12 00:15:04.477,0,train,0.0,0
normal,N0119,4379,30,50,2022-07-12 00:15:04.577,0,train,0.0,0
normal,N0119,4380,31,50,2022-07-12 00:15:04.677,0,train,0.0,0
normal,N0119,4381,32,50,2022-07-12 00:15:04.777,0,train,0.0,0
normal,N0119,4382,33,50,2022-07-12 00:15:04.877,0,train,0.0,0
normal,N0119,4383,34,50,2022-07-12 00:15:04.977,0,train,0.0,0
normal,N0119,4384,35,50,2022-07-12 00:15:05.077,0,train,0.0,0
normal,N0119,4385,36,50,2022-07-12 00:15:05.177,0,train,0.0,0
normal,N0119,4386,37,50,2022-07-12 00:15:05.277,0,train,0.0,0
normal,N0119,4387,38,50,2022-07-12 00:15:05.377,0,train,0.0,0
normal,N0119,4388,39,50,2022-07-12 00:15:05.477,0,train,0.0,0
normal,N0119,4389,40,50,2022-07-12 00:15:05.577,0,train,0.0,0
normal,N0119,4390,41,50,2022-07-12 00:15:05.677,0,train,0.0,0
normal,N0119,4391,42,50,2022-07-12 00:15:05.777,0,train,0.0,0
normal,N0119,4392,43,50,2022-07-12 00:15:05.877,0,train,0.0,0
normal,N0119,4393,44,50,2022-07-12 00:15:05.977,0,train,0.0,0
normal,N0119,4394,45,50,2022-07-12 00:15:06.077,0,train,0.0,0
normal,N0119,4395,46,50,2022-07-12 00:15:06.177,0,train,0.0,0
normal,N0119,4396,47,50,2022-07-12 00:15:06.277,0,train,0.0,0
normal,N0119,4397,48,50,2022-07-12 00:15:06.377,0,train,0.0,0
normal,N0119,4398,49,50,2022-07-12 00:15:06.477,0,train,0.0,0
normal,N0120,4408,9,50,2022-07-12 00:15:09.284,0,train,0.0,0
normal,N0120,4409,10,50,2022-07-12 00:15:09.384,0,train,0.0,0
normal,N0120,4410,11,50,2022-07-12 00:15:09.484,0,train,0.0,0
normal,N0120,4411,12,50,2022-07-12 00:15:09.584,0,train,0.0,0
normal,N0120,4412,13,50,2022-07-12 00:15:09.684,0,train,0.003249871200412158,0
normal,N0120,4413,14,50,2022-07-12 00:15:09.784,0,train,0.0,0
normal,N0120,4414,15,50,2022-07-12 00:15:09.884,0,train,0.002918870433948842,0
normal,N0120,4415,16,50,2022-07-12 00:15:09.984,0,train,0.0062305820510256205,0
normal,N0120,4416,17,50,2022-07-12 00:15:10.084,0,train,0.0029398774532673946,0
normal,N0120,4417,18,50,2022-07-12 00:15:10.184,0,train,0.0,0
normal,N0120,4418,19,50,2022-07-12 00:15:10.284,0,train,0.0,0
normal,N0120,4419,20,50,2022-07-12 00:15:10.384,0,train,0.0,0
normal,N0120,4420,21,50,2022-07-12 00:15:10.484,0,train,0.0,0
normal,N0120,4421,22,50,2022-07-12 00:15:10.584,0,train,0.0033091544898214056,0
normal,N0120,4422,23,50,2022-07-12 00:15:10.684,0,train,0.0,0
normal,N0120,4423,24,50,2022-07-12 00:15:10.784,0,train,0.061078273405468585,0
normal,N0120,4424,25,50,2022-07-12 00:15:10.884,0,train,0.0,0
normal,N0120,4425,26,50,2022-07-12 00:15:10.984,0,train,0.0,0
normal,N0120,4426,27,50,2022-07-12 00:15:11.084,0,train,0.0,0
normal,N0120,4427,28,50,2022-07-12 00:15:11.184,0,train,0.0,0
normal,N0120,4428,29,50,2022-07-12 00:15:11.284,0,train,0.0,0
normal,N0120,4429,30,50,2022-07-12 00:15:11.384,0,train,0.0,0
normal,N0120,4430,31,50,2022-07-12 00:15:11.484,0,train,0.0,0
normal,N0120,4431,32,50,2022-07-12 00:15:11.584,0,train,0.05672732833028179,0
normal,N0120,4432,33,50,2022-07-12 00:15:11.684,0,train,0.0032515885282500432,0
normal,N0120,4433,34,50,2022-07-12 00:15:11.784,0,train,0.002985121874010764,0
normal,N0120,4434,35,50,2022-07-12 00:15:11.884,0,train,0.0061381717385904635,0
normal,N0120,4435,36,50,2022-07-12 00:15:11.984,0,train,0.003261205564142195,0
normal,N0120,4436,37,50,2022-07-12 00:15:12.084,0,train,0.032401460444182725,0
normal,N0120,4437,38,50,2022-07-12 00:15:12.184,0,train,0.01235603088321397,0
normal,N0120,4438,39,50,2022-07-12 00:15:12.284,0,train,0.002999968401428255,0
normal,N0120,4439,40,50,2022-07-12 00:15:12.384,0,train,0.01224419821401892,0
normal,N0120,4440,41,50,2022-07-12 00:15:12.484,0,train,0.008913307910876033,0
normal,N0120,4441,42,50,2022-07-12 00:15:12.584,0,train,0.006654020444725472,0
normal,N0120,4442,43,50,2022-07-12 00:15:12.684,0,train,0.0,0
normal,N0120,4443,44,50,2022-07-12 00:15:12.784,0,train,0.0,0
normal,N0120,4444,45,50,2022-07-12 00:15:12.884,0,train,0.0,0
normal,N0120,4445,46,50,2022-07-12 00:15:12.984,0,train,0.0032405607285378086,0
normal,N0120,4446,47,50,2022-07-12 00:15:13.084,0,train,0.006573894061871142,0
normal,N0120,4447,48,50,2022-07-12 00:15:13.184,0,train,0.0032405607285378086,0
normal,N0120,4448,49,50,2022-07-12 00:15:13.284,0,train,0.02587670562722991,0
normal,N0121,4458,9,42,2022-07-12 00:15:16.640,0,train,0.0,0
normal,N0121,4459,10,42,2022-07-12 00:15:16.740,0,train,0.0,0
normal,N0121,4460,11,42,2022-07-12 00:15:16.840,0,train,0.0,0
normal,N0121,4461,12,42,2022-07-12 00:15:16.940,0,train,0.0,0
normal,N0121,4462,13,42,2022-07-12 00:15:17.040,0,train,0.0,0
normal,N0121,4463,14,42,2022-07-12 00:15:17.140,0,train,0.0,0
normal,N0121,4464,15,42,2022-07-12 00:15:17.240,0,train,0.012691467672623837,0
normal,N0121,4465,16,42,2022-07-12 00:15:17.340,0,train,0.0029050744061373517,0
normal,N0121,4466,17,42,2022-07-12 00:15:17.440,0,train,0.0032995879436926103,0
normal,N0121,4467,18,42,2022-07-12 00:15:17.540,0,train,0.022846274750095024,0
normal,N0121,4468,19,42,2022-07-12 00:15:17.640,0,train,0.016179608083428356,0
normal,N0121,4469,20,42,2022-07-12 00:15:17.740,0,train,0.006666666666666667,0
normal,N0121,4470,21,42,2022-07-12 00:15:17.840,0,train,0.006622301094350784,0
normal,N0121,4471,22,42,2022-07-12 00:15:17.940,0,train,0.01328896776101745,0
normal,N0121,4472,23,42,2022-07-12 00:15:18.040,0,train,0.01320895678234952,0
normal,N0121,4473,24,42,2022-07-12 00:15:18.140,0,train,0.009966151991468447,0
normal,N0121,4474,25,42,2022-07-12 00:15:18.240,0,train,0.0,0
normal,N0121,4475,26,42,2022-07-12 00:15:18.340,0,train,0.0,0
normal,N0121,4476,27,42,2022-07-12 00:15:18.440,0,train,0.0,0
normal,N0121,4477,28,42,2022-07-12 00:15:18.540,0,train,0.0,0
normal,N0121,4478,29,42,2022-07-12 00:15:18.640,0,train,0.0,0
normal,N0121,4479,30,42,2022-07-12 00:15:18.740,0,train,0.0,0
normal,N0121,4480,31,42,2022-07-12 00:15:18.840,0,train,0.0030362367769525105,0
normal,N0121,4481,32,42,2022-07-12 00:15:18.940,0,train,0.006645673699310731,0
normal,N0121,4482,33,42,2022-07-12 00:15:19.040,0,train,0.0,0
normal,N0121,4483,34,42,2022-07-12 00:15:19.140,0,train,0.0,0
normal,N0121,4484,35,42,2022-07-12 00:15:19.240,0,train,0.003047858536034947,0
normal,N0121,4485,36,42,2022-07-12 00:15:19.340,0,train,0.0,0
normal,N0121,4486,37,42,2022-07-12 00:15:19.440,0,train,0.0,0
normal,N0121,4487,38,42,2022-07-12 00:15:19.540,0,train,0.0,0
normal,N0121,4488,39,42,2022-07-12 00:15:19.640,0,train,0.00658336291148258,0
normal,N0121,4489,40,42,2022-07-12 00:15:19.740,0,train,0.04092500745542676,0
normal,N0121,4490,41,42,2022-07-12 00:15:19.840,0,train,0.00988083536441596,0
normal,N0123,4529,9,18,2022-07-12 00:15:32.642,0,train,0.0059793320229477006,0
normal,N0123,4530,10,18,2022-07-12 00:15:32.742,0,train,0.0,0
normal,N0123,4531,11,18,2022-07-12 00:15:32.842,0,train,0.0,0
normal,N0123,4532,12,18,2022-07-12 00:15:32.942,0,train,0.0,0
normal,N0123,4533,13,18,2022-07-12 00:15:33.042,0,train,0.006325944968338926,0
normal,N0123,4534,14,18,2022-07-12 00:15:33.142,0,train,0.006325944968338926,0
normal,N0123,4535,15,18,2022-07-12 00:15:33.242,0,train,0.0,0
normal,N0123,4536,16,18,2022-07-12 00:15:33.342,0,train,0.0,0
normal,N0123,4537,17,18,2022-07-12 00:15:33.442,0,train,0.0,0
normal,N0125,4554,9,50,2022-07-12 00:15:42.848,0,train,0.0,0
normal,N0125,4555,10,50,2022-07-12 00:15:42.948,0,train,0.0,0
normal,N0125,4556,11,50,2022-07-12 00:15:43.048,0,train,0.0029653984656333177,0
normal,N0125,4557,12,50,2022-07-12 00:15:43.148,0,train,0.0,0
normal,N0125,4558,13,50,2022-07-12 00:15:43.248,0,train,0.0,0
normal,N0125,4559,14,50,2022-07-12 00:15:43.348,0,train,0.0,0
normal,N0125,4560,15,50,2022-07-12 00:15:43.448,0,train,0.0,0
normal,N0125,4561,16,50,2022-07-12 00:15:43.548,0,train,0.0,0
normal,N0125,4562,17,50,2022-07-12 00:15:43.648,0,train,0.0,0
normal,N0125,4563,18,50,2022-07-12 00:15:43.748,0,train,0.00879361533723047,0
normal,N0125,4564,19,50,2022-07-12 00:15:43.848,0,train,0.0030709068579923733,0
normal,N0125,4565,20,50,2022-07-12 00:15:43.948,0,train,0.00893939299049162,0
normal,N0125,4566,21,50,2022-07-12 00:15:44.048,0,train,0.003137021022811988,0
normal,N0125,4567,22,50,2022-07-12 00:15:44.148,0,train,0.0032132070989853746,0
normal,N0125,4568,23,50,2022-07-12 00:15:44.248,0,train,0.0,0
normal,N0125,4569,24,50,2022-07-12 00:15:44.348,0,train,0.0,0
normal,N0125,4570,25,50,2022-07-12 00:15:44.448,0,train,0.0,0
normal,N0125,4571,26,50,2022-07-12 00:15:44.548,0,train,0.0,0
normal,N0125,4572,27,50,2022-07-12 00:15:44.648,0,train,0.0,0
normal,N0125,4573,28,50,2022-07-12 00:15:44.748,0,train,0.0,0
normal,N0125,4574,29,50,2022-07-12 00:15:44.848,0,train,0.0,0
normal,N0125,4575,30,50,2022-07-12 00:15:44.948,0,train,0.0,0
normal,N0125,4576,31,50,2022-07-12 00:15:45.048,0,train,0.0,0
normal,N0125,4577,32,50,2022-07-12 00:15:45.148,0,train,0.0,0
normal,N0125,4578,33,50,2022-07-12 00:15:45.248,0,train,0.0,0
normal,N0125,4579,34,50,2022-07-12 00:15:45.348,0,train,0.0,0
normal,N0125,4580,35,50,2022-07-12 00:15:45.448,0,train,0.0,0
normal,N0125,4581,36,50,2022-07-12 00:15:45.548,0,train,0.003319901892081289,0
normal,N0125,4582,37,50,2022-07-12 00:15:45.648,0,train,0.0,0
normal,N0125,4583,38,50,2022-07-12 00:15:45.748,0,train,0.0,0
normal,N0125,4584,39,50,2022-07-12 00:15:45.848,0,train,0.0,0
normal,N0125,4585,40,50,2022-07-12 00:15:45.948,0,train,0.0,0
normal,N0125,4586,41,50,2022-07-12 00:15:46.048,0,train,0.0,0
normal,N0125,4587,42,50,2022-07-12 00:15:46.148,0,train,0.0,0
normal,N0125,4588,43,50,2022-07-12 00:15:46.248,0,train,0.0029461765162090894,0
normal,N0125,4589,44,50,2022-07-12 00:15:46.348,0,train,0.0,0
normal,N0125,4590,45,50,2022-07-12 00:15:46.448,0,train,0.0029412862876878557,0
normal,N0125,4591,46,50,2022-07-12 00:15:46.548,0,train,0.006274619621021189,0
normal,N0125,4592,47,50,2022-07-12 00:15:46.648,0,train,0.0029412862876878557,0
normal,N0125,4593,48,50,2022-07-12 00:15:46.748,0,train,0.0,0
normal,N0125,4594,49,50,2022-07-12 00:15:46.848,0,train,0.0,0
normal,N0126,4604,9,50,2022-07-12 00:15:49.626,0,train,0.0,0
normal,N0126,4605,10,50,2022-07-12 00:15:49.726,0,train,0.0,0
normal,N0126,4606,11,50,2022-07-12 00:15:49.826,0,train,0.0,0
normal,N0126,4607,12,50,2022-07-12 00:15:49.926,0,train,0.0032102157102157094,0
normal,N0126,4608,13,50,2022-07-12 00:15:50.026,0,train,0.0,0
normal,N0126,4609,14,50,2022-07-12 00:15:50.126,0,train,0.0029050744061373517,0
normal,N0126,4610,15,50,2022-07-12 00:15:50.226,0,train,0.0,0
normal,N0126,4611,16,50,2022-07-12 00:15:50.326,0,train,0.0033026067476453844,0
normal,N0126,4612,17,50,2022-07-12 00:15:50.426,0,train,0.0,0
normal,N0126,4613,18,50,2022-07-12 00:15:50.526,0,train,0.0,0
normal,N0126,4614,19,50,2022-07-12 00:15:50.626,0,train,0.0,0
normal,N0126,4615,20,50,2022-07-12 00:15:50.726,0,train,0.0,0
normal,N0126,4616,21,50,2022-07-12 00:15:50.826,0,train,0.0,0
normal,N0126,4617,22,50,2022-07-12 00:15:50.926,0,train,0.0,0
normal,N0126,4618,23,50,2022-07-12 00:15:51.026,0,train,0.0,0
normal,N0126,4619,24,50,2022-07-12 00:15:51.126,0,train,0.0,0
normal,N0126,4620,25,50,2022-07-12 00:15:51.226,0,train,0.0,0
normal,N0126,4621,26,50,2022-07-12 00:15:51.326,0,train,0.0,0
normal,N0126,4622,27,50,2022-07-12 00:15:51.426,0,train,0.0031932205678787268,0
normal,N0126,4623,28,50,2022-07-12 00:15:51.526,0,train,0.0,0
normal,N0126,4624,29,50,2022-07-12 00:15:51.626,0,train,0.0,0
normal,N0126,4625,30,50,2022-07-12 00:15:51.726,0,train,0.0,0
normal,N0126,4626,31,50,2022-07-12 00:15:51.826,0,train,0.0,0
normal,N0126,4627,32,50,2022-07-12 00:15:51.926,0,train,0.003153889608879141,0
normal,N0126,4628,33,50,2022-07-12 00:15:52.026,0,train,0.0,0
normal,N0126,4629,34,50,2022-07-12 00:15:52.126,0,train,0.0,0
normal,N0126,4630,35,50,2022-07-12 00:15:52.226,0,train,0.0,0
normal,N0126,4631,36,50,2022-07-12 00:15:52.326,0,train,0.0031932205678787268,0
normal,N0126,4632,37,50,2022-07-12 00:15:52.426,0,train,0.0,0
normal,N0126,4633,38,50,2022-07-12 00:15:52.526,0,train,0.0,0
normal,N0126,4634,39,50,2022-07-12 00:15:52.626,0,train,0.0,0
normal,N0126,4635,40,50,2022-07-12 00:15:52.726,0,train,0.0032296758891931783,0
normal,N0126,4636,41,50,2022-07-12 00:15:52.826,0,train,0.0,0
normal,N0126,4637,42,50,2022-07-12 00:15:52.926,0,train,0.0,0
normal,N0126,4638,43,50,2022-07-12 00:15:53.026,0,train,0.0,0
normal,N0126,4639,44,50,2022-07-12 00:15:53.126,0,train,0.0,0
normal,N0126,4640,45,50,2022-07-12 00:15:53.226,0,train,0.0,0
normal,N0126,4641,46,50,2022-07-12 00:15:53.326,0,train,0.0,0
normal,N0126,4642,47,50,2022-07-12 00:15:53.426,0,train,0.0,0
normal,N0126,4643,48,50,2022-07-12 00:15:53.526,0,train,0.0,0
normal,N0126,4644,49,50,2022-07-12 00:15:53.626,0,train,0.0032167523630131176,0
normal,N0128,4702,9,36,2022-07-12 00:16:04.704,0,train,0.015478140353963497,0
normal,N0128,4703,10,36,2022-07-12 00:16:04.804,0,train,0.006342134925326048,0
normal,N0128,4704,11,36,2022-07-12 00:16:04.904,0,train,0.0,0
normal,N0128,4705,12,36,2022-07-12 00:16:05.004,0,train,0.0,0
normal,N0128,4706,13,36,2022-07-12 00:16:05.104,0,train,0.0,0
normal,N0128,4707,14,36,2022-07-12 00:16:05.204,0,train,0.0,0
normal,N0128,4708,15,36,2022-07-12 00:16:05.304,0,train,0.0,0
normal,N0128,4709,16,36,2022-07-12 00:16:05.404,0,train,0.0,0
normal,N0128,4710,17,36,2022-07-12 00:16:05.504,0,train,0.0,0
normal,N0128,4711,18,36,2022-07-12 00:16:05.604,0,train,0.0,0
normal,N0128,4712,19,36,2022-07-12 00:16:05.704,0,train,0.0,0
normal,N0128,4713,20,36,2022-07-12 00:16:05.804,0,train,0.0,0
normal,N0128,4714,21,36,2022-07-12 00:16:05.904,0,train,0.0,0
normal,N0128,4715,22,36,2022-07-12 00:16:06.004,0,train,0.0029468237641044827,0
normal,N0128,4716,23,36,2022-07-12 00:16:06.104,0,train,0.0,0
normal,N0128,4717,24,36,2022-07-12 00:16:06.204,0,train,0.0,0
normal,N0128,4718,25,36,2022-07-12 00:16:06.304,0,train,0.0032645407264665044,0
normal,N0128,4719,26,36,2022-07-12 00:16:06.404,0,train,0.018224190188447686,0
normal,N0128,4720,27,36,2022-07-12 00:16:06.504,0,train,0.0030239099859353026,0
normal,N0128,4721,28,36,2022-07-12 00:16:06.604,0,train,0.0,0
normal,N0128,4722,29,36,2022-07-12 00:16:06.704,0,train,0.0,0
normal,N0128,4723,30,36,2022-07-12 00:16:06.804,0,train,0.0,0
normal,N0128,4724,31,36,2022-07-12 00:16:06.904,0,train,0.0,0
normal,N0128,4725,32,36,2022-07-12 00:16:07.004,0,train,0.0,0
normal,N0128,4726,33,36,2022-07-12 00:16:07.104,0,train,0.0,0
normal,N0128,4727,34,36,2022-07-12 00:16:07.204,0,train,0.0,0
normal,N0128,4728,35,36,2022-07-12 00:16:07.304,0,train,0.009931031708082547,0
normal,N0129,4738,9,20,2022-07-12 00:16:12.855,0,train,0.0,0
normal,N0129,4739,10,20,2022-07-12 00:16:12.955,0,train,0.0032509185810926824,0
normal,N0129,4740,11,20,2022-07-12 00:16:13.055,0,train,0.0,0
normal,N0129,4741,12,20,2022-07-12 00:16:13.155,0,train,0.0,0
normal,N0129,4742,13,20,2022-07-12 00:16:13.255,0,train,0.0,0
normal,N0129,4743,14,20,2022-07-12 00:16:13.355,0,train,0.009242315322544664,0
normal,N0129,4744,15,20,2022-07-12 00:16:13.455,0,train,0.0,0
normal,N0129,4745,16,20,2022-07-12 00:16:13.555,0,train,0.0,0
normal,N0129,4746,17,20,2022-07-12 00:16:13.655,0,train,0.0,0
normal,N0129,4747,18,20,2022-07-12 00:16:13.755,0,train,0.0,0
normal,N0129,4748,19,20,2022-07-12 00:16:13.855,0,train,0.0,0
normal,N0131,4765,9,50,2022-07-12 00:16:30.264,0,train,0.011960183468564605,0
normal,N0131,4766,10,50,2022-07-12 00:16:30.364,0,train,0.043089676238813476,0
normal,N0131,4767,11,50,2022-07-12 00:16:30.464,0,train,0.0032752962310429404,0
normal,N0131,4768,12,50,2022-07-12 00:16:30.564,0,train,0.0,0
normal,N0131,4769,13,50,2022-07-12 00:16:30.664,0,train,0.0,0
normal,N0131,4770,14,50,2022-07-12 00:16:30.764,0,train,0.0,0
normal,N0131,4771,15,50,2022-07-12 00:16:30.864,0,train,0.0062003184728446166,0
normal,N0131,4772,16,50,2022-07-12 00:16:30.964,0,train,0.016019021668867386,0
normal,N0131,4773,17,50,2022-07-12 00:16:31.064,0,train,0.006453767827523184,0
normal,N0131,4774,18,50,2022-07-12 00:16:31.164,0,train,0.12292721666836681,0
normal,N0131,4775,19,50,2022-07-12 00:16:31.264,0,train,0.0,0
normal,N0131,4776,20,50,2022-07-12 00:16:31.364,0,train,0.0,0
normal,N0131,4777,21,50,2022-07-12 00:16:31.464,0,train,0.0,0
normal,N0131,4778,22,50,2022-07-12 00:16:31.564,0,train,0.0,0
normal,N0131,4779,23,50,2022-07-12 00:16:31.664,0,train,0.0,0
normal,N0131,4780,24,50,2022-07-12 00:16:31.764,0,train,0.0,0
normal,N0131,4781,25,50,2022-07-12 00:16:31.864,0,train,0.0029596973392114565,0
normal,N0131,4782,26,50,2022-07-12 00:16:31.964,0,train,0.024746837642039846,0
normal,N0131,4783,27,50,2022-07-12 00:16:32.064,0,train,0.006268674746242883,0
normal,N0131,4784,28,50,2022-07-12 00:16:32.164,0,train,0.0,0
normal,N0131,4785,29,50,2022-07-12 00:16:32.264,0,train,0.0,0
normal,N0131,4786,30,50,2022-07-12 00:16:32.364,0,train,0.0,0
normal,N0131,4787,31,50,2022-07-12 00:16:32.464,0,train,0.0,0
normal,N0131,4788,32,50,2022-07-12 00:16:32.564,0,train,0.0,0
normal,N0131,4789,33,50,2022-07-12 00:16:32.664,0,train,0.0,0
normal,N0131,4790,34,50,2022-07-12 00:16:32.764,0,train,0.0,0
normal,N0131,4791,35,50,2022-07-12 00:16:32.864,0,train,0.006188515692191913,0
normal,N0131,4792,36,50,2022-07-12 00:16:32.964,0,train,0.0,0
normal,N0131,4793,37,50,2022-07-12 00:16:33.064,0,train,0.002875304136253042,0
normal,N0131,4794,38,50,2022-07-12 00:16:33.164,0,train,0.0,0
normal,N0131,4795,39,50,2022-07-12 00:16:33.264,0,train,0.0,0
normal,N0131,4796,40,50,2022-07-12 00:16:33.364,0,train,0.0,0
normal,N0131,4797,41,50,2022-07-12 00:16:33.464,0,train,0.00980559295273648,0
normal,N0131,4798,42,50,2022-07-12 00:16:33.564,0,train,0.006533685636042599,0
normal,N0131,4799,43,50,2022-07-12 00:16:33.664,0,train,0.015102520042976304,0
normal,N0131,4800,44,50,2022-07-12 00:16:33.764,0,train,0.0032526189249527738,0
normal,N0131,4801,45,50,2022-07-12 00:16:33.864,0,train,0.0032526189249527738,0
normal,N0131,4802,46,50,2022-07-12 00:16:33.964,0,train,0.0032898399443284623,0
normal,N0131,4803,47,50,2022-07-12 00:16:34.064,0,train,0.0032898399443284623,0
normal,N0131,4804,48,50,2022-07-12 00:16:34.164,0,train,0.0030156907768848066,0
normal,N0131,4805,49,50,2022-07-12 00:16:34.264,0,train,0.003153049864579699,0
normal,N0133,4864,9,35,2022-07-12 00:16:45.225,0,train,0.0,0
normal,N0133,4865,10,35,2022-07-12 00:16:45.325,0,train,0.0,0
normal,N0133,4866,11,35,2022-07-12 00:16:45.425,0,train,0.0030977389483328424,0
normal,N0133,4867,12,35,2022-07-12 00:16:45.525,0,train,0.0,0
normal,N0133,4868,13,35,2022-07-12 00:16:45.625,0,train,0.0,0
normal,N0133,4869,14,35,2022-07-12 00:16:45.725,0,train,0.0,0
normal,N0133,4870,15,35,2022-07-12 00:16:45.825,0,train,0.0028673280543672825,0
normal,N0133,4871,16,35,2022-07-12 00:16:45.925,0,train,0.003153889608879141,0
normal,N0133,4872,17,35,2022-07-12 00:16:46.025,0,train,0.0,0
normal,N0133,4873,18,35,2022-07-12 00:16:46.125,0,train,0.0,0
normal,N0133,4874,19,35,2022-07-12 00:16:46.225,0,train,0.009249096578114437,0
normal,N0133,4875,20,35,2022-07-12 00:16:46.325,0,train,0.0,0
normal,N0133,4876,21,35,2022-07-12 00:16:46.425,0,train,0.0,0
normal,N0133,4877,22,35,2022-07-12 00:16:46.525,0,train,0.0,0
normal,N0133,4878,23,35,2022-07-12 00:16:46.625,0,train,0.0,0
normal,N0133,4879,24,35,2022-07-12 00:16:46.725,0,train,0.0,0
normal,N0133,4880,25,35,2022-07-12 00:16:46.825,0,train,0.0,0
normal,N0133,4881,26,35,2022-07-12 00:16:46.925,0,train,0.0,0
normal,N0133,4882,27,35,2022-07-12 00:16:47.025,0,train,0.009287501401738917,0
normal,N0133,4883,28,35,2022-07-12 00:16:47.125,0,train,0.006270565223382777,0
normal,N0133,4884,29,35,2022-07-12 00:16:47.225,0,train,0.0,0
normal,N0133,4885,30,35,2022-07-12 00:16:47.325,0,train,0.0,0
normal,N0133,4886,31,35,2022-07-12 00:16:47.425,0,train,0.003190455297175065,0
normal,N0133,4887,32,35,2022-07-12 00:16:47.525,0,train,0.003190455297175065,0
normal,N0133,4888,33,35,2022-07-12 00:16:47.625,0,train,0.00639931387315578,0
normal,N0133,4889,34,35,2022-07-12 00:16:47.725,0,train,0.0,0
normal,N0134,4899,9,22,2022-07-12 00:16:53.251,0,train,0.0,0
normal,N0134,4900,10,22,2022-07-12 00:16:53.351,0,train,0.0,0
normal,N0134,4901,11,22,2022-07-12 00:16:53.451,0,train,0.0,0
normal,N0134,4902,12,22,2022-07-12 00:16:53.551,0,train,0.0,0
normal,N0134,4903,13,22,2022-07-12 00:16:53.651,0,train,0.0,0
normal,N0134,4904,14,22,2022-07-12 00:16:53.751,0,train,0.0,0
normal,N0134,4905,15,22,2022-07-12 00:16:53.851,0,train,0.0,0
normal,N0134,4906,16,22,2022-07-12 00:16:53.951,0,train,0.0,0
normal,N0134,4907,17,22,2022-07-12 00:16:54.051,0,train,0.0,0
normal,N0134,4908,18,22,2022-07-12 00:16:54.151,0,train,0.0032180425531914887,0
normal,N0134,4909,19,22,2022-07-12 00:16:54.251,0,train,0.0,0
normal,N0134,4910,20,22,2022-07-12 00:16:54.351,0,train,0.0,0
normal,N0134,4911,21,22,2022-07-12 00:16:54.451,0,train,0.0,0
normal,N0136,4930,9,50,2022-07-12 00:17:10.440,0,train,0.0,0
normal,N0136,4931,10,50,2022-07-12 00:17:10.540,0,train,0.0,0
normal,N0136,4932,11,50,2022-07-12 00:17:10.640,0,train,0.0,0
normal,N0136,4933,12,50,2022-07-12 00:17:10.740,0,train,0.0,0
normal,N0136,4934,13,50,2022-07-12 00:17:10.840,0,train,0.0,0
normal,N0136,4935,14,50,2022-07-12 00:17:10.940,0,train,0.0,0
normal,N0136,4936,15,50,2022-07-12 00:17:11.040,0,train,0.0,0
normal,N0136,4937,16,50,2022-07-12 00:17:11.140,0,train,0.0,0
normal,N0136,4938,17,50,2022-07-12 00:17:11.240,0,train,0.0,0
normal,N0136,4939,18,50,2022-07-12 00:17:11.340,0,train,0.0,0
normal,N0136,4940,19,50,2022-07-12 00:17:11.440,0,train,0.0,0
normal,N0136,4941,20,50,2022-07-12 00:17:11.540,0,train,0.0,0
normal,N0136,4942,21,50,2022-07-12 00:17:11.640,0,train,0.0,0
normal,N0136,4943,22,50,2022-07-12 00:17:11.740,0,train,0.009679046726970442,0
normal,N0136,4944,23,50,2022-07-12 00:17:11.840,0,train,0.028656401204828985,0
normal,N0136,4945,24,50,2022-07-12 00:17:11.940,0,train,0.006305522560599411,0
normal,N0136,4946,25,50,2022-07-12 00:17:12.040,0,train,0.0,0
normal,N0136,4947,26,50,2022-07-12 00:17:12.140,0,train,0.0,0
normal,N0136,4948,27,50,2022-07-12 00:17:12.240,0,train,0.0,0
normal,N0136,4949,28,50,2022-07-12 00:17:12.340,0,train,0.0,0
normal,N0136,4950,29,50,2022-07-12 00:17:12.440,0,train,0.0,0
normal,N0136,4951,30,50,2022-07-12 00:17:12.540,0,train,0.0032256745707277185,0
normal,N0136,4952,31,50,2022-07-12 00:17:12.640,0,train,0.025859883193491962,0
normal,N0136,4953,32,50,2022-07-12 00:17:12.740,0,train,0.0,0
normal,N0136,4954,33,50,2022-07-12 00:17:12.840,0,train,0.0,0
normal,N0136,4955,34,50,2022-07-12 00:17:12.940,0,train,0.0,0
normal,N0136,4956,35,50,2022-07-12 00:17:13.040,0,train,0.0,0
normal,N0136,4957,36,50,2022-07-12 00:17:13.140,0,train,0.0,0
normal,N0136,4958,37,50,2022-07-12 00:17:13.240,0,train,0.0,0
normal,N0136,4959,38,50,2022-07-12 00:17:13.340,0,train,0.0031354233947765023,0
normal,N0136,4960,39,50,2022-07-12 00:17:13.440,0,train,0.0,0
normal,N0136,4961,40,50,2022-07-12 00:17:13.540,0,train,0.0,0
normal,N0136,4962,41,50,2022-07-12 00:17:13.640,0,train,0.0,0
normal,N0136,4963,42,50,2022-07-12 00:17:13.740,0,train,0.0,0
normal,N0136,4964,43,50,2022-07-12 00:17:13.840,0,train,0.0,0
normal,N0136,4965,44,50,2022-07-12 00:17:13.940,0,train,0.0,0
normal,N0136,4966,45,50,2022-07-12 00:17:14.040,0,train,0.0,0
normal,N0136,4967,46,50,2022-07-12 00:17:14.140,0,train,0.0,0
normal,N0136,4968,47,50,2022-07-12 00:17:14.240,0,train,0.006326175602263233,0
normal,N0136,4969,48,50,2022-07-12 00:17:14.340,0,train,0.0,0
normal,N0136,4970,49,50,2022-07-12 00:17:14.440,0,train,0.0033187959099518446,0
normal,N0138,5028,9,48,2022-07-12 00:17:25.427,0,train,0.0,0
normal,N0138,5029,10,48,2022-07-12 00:17:25.527,0,train,0.0,0
normal,N0138,5030,11,48,2022-07-12 00:17:25.627,0,train,0.0,0
normal,N0138,5031,12,48,2022-07-12 00:17:25.727,0,train,0.002999174131249603,0
normal,N0138,5032,13,48,2022-07-12 00:17:25.827,0,train,0.0,0
normal,N0138,5033,14,48,2022-07-12 00:17:25.927,0,train,0.0,0
normal,N0138,5034,15,48,2022-07-12 00:17:26.027,0,train,0.0,0
normal,N0138,5035,16,48,2022-07-12 00:17:26.127,0,train,0.0,0
normal,N0138,5036,17,48,2022-07-12 00:17:26.227,0,train,0.0,0
normal,N0138,5037,18,48,2022-07-12 00:17:26.327,0,train,0.0,0
normal,N0138,5038,19,48,2022-07-12 00:17:26.427,0,train,0.0,0
normal,N0138,5039,20,48,2022-07-12 00:17:26.527,0,train,0.0027513458460643094,0
normal,N0138,5040,21,48,2022-07-12 00:17:26.627,0,train,0.0,0
normal,N0138,5041,22,48,2022-07-12 00:17:26.727,0,train,0.003026273834576877,0
normal,N0138,5042,23,48,2022-07-12 00:17:26.827,0,train,0.0,0
normal,N0138,5043,24,48,2022-07-12 00:17:26.927,0,train,0.0,0
normal,N0138,5044,25,48,2022-07-12 00:17:27.027,0,train,0.0,0
normal,N0138,5045,26,48,2022-07-12 00:17:27.127,0,train,0.0,0
normal,N0138,5046,27,48,2022-07-12 00:17:27.227,0,train,0.0,0
normal,N0138,5047,28,48,2022-07-12 00:17:27.327,0,train,0.0,0
normal,N0138,5048,29,48,2022-07-12 00:17:27.427,0,train,0.05365708008003852,0
normal,N0138,5049,30,48,2022-07-12 00:17:27.527,0,train,0.015911954379529324,0
normal,N0138,5050,31,48,2022-07-12 00:17:27.627,0,train,0.0032665051191240533,0
normal,N0138,5051,32,48,2022-07-12 00:17:27.727,0,train,0.0,0
normal,N0138,5052,33,48,2022-07-12 00:17:27.827,0,train,0.0,0
normal,N0138,5053,34,48,2022-07-12 00:17:27.927,0,train,0.0,0
normal,N0138,5054,35,48,2022-07-12 00:17:28.027,0,train,0.0,0
normal,N0138,5055,36,48,2022-07-12 00:17:28.127,0,train,0.0,0
normal,N0138,5056,37,48,2022-07-12 00:17:28.227,0,train,0.0,0
normal,N0138,5057,38,48,2022-07-12 00:17:28.327,0,train,0.0,0
normal,N0138,5058,39,48,2022-07-12 00:17:28.427,0,train,0.0,0
normal,N0138,5059,40,48,2022-07-12 00:17:28.527,0,train,0.0,0
normal,N0138,5060,41,48,2022-07-12 00:17:28.627,0,train,0.0,0
normal,N0138,5061,42,48,2022-07-12 00:17:28.727,0,train,0.0062800667610171486,0
normal,N0138,5062,43,48,2022-07-12 00:17:28.827,0,train,0.0,0
normal,N0138,5063,44,48,2022-07-12 00:17:28.927,0,train,0.0,0
normal,N0138,5064,45,48,2022-07-12 00:17:29.027,0,train,0.0,0
normal,N0138,5065,46,48,2022-07-12 00:17:29.127,0,train,0.0,0
normal,N0138,5066,47,48,2022-07-12 00:17:29.227,0,train,0.0,0
normal,N0139,5076,9,35,2022-07-12 00:17:33.380,0,train,0.01288684473265672,0
normal,N0139,5077,10,35,2022-07-12 00:17:33.480,0,train,0.019507652099628865,0
normal,N0139,5078,11,35,2022-07-12 00:17:33.580,0,train,0.0,0
normal,N0139,5079,12,35,2022-07-12 00:17:33.680,0,train,0.0,0
normal,N0139,5080,13,35,2022-07-12 00:17:33.780,0,train,0.0,0
normal,N0139,5081,14,35,2022-07-12 00:17:33.880,0,train,0.0,0
normal,N0139,5082,15,35,2022-07-12 00:17:33.980,0,train,0.0,0
normal,N0139,5083,16,35,2022-07-12 00:17:34.080,0,train,0.0,0
normal,N0139,5084,17,35,2022-07-12 00:17:34.180,0,train,0.0,0
normal,N0139,5085,18,35,2022-07-12 00:17:34.280,0,train,0.003281908212057491,0
normal,N0139,5086,19,35,2022-07-12 00:17:34.380,0,train,0.0,0
normal,N0139,5087,20,35,2022-07-12 00:17:34.480,0,train,0.0,0
normal,N0139,5088,21,35,2022-07-12 00:17:34.580,0,train,0.0,0
normal,N0139,5089,22,35,2022-07-12 00:17:34.680,0,train,0.0,0
normal,N0139,5090,23,35,2022-07-12 00:17:34.780,0,train,0.0,0
normal,N0139,5091,24,35,2022-07-12 00:17:34.880,0,train,0.0,0
normal,N0139,5092,25,35,2022-07-12 00:17:34.980,0,train,0.0,0
normal,N0139,5093,26,35,2022-07-12 00:17:35.080,0,train,0.005975352992523257,0
normal,N0139,5094,27,35,2022-07-12 00:17:35.180,0,train,0.03103328916907941,0
normal,N0139,5095,28,35,2022-07-12 00:17:35.280,0,train,0.018210803337688486,0
normal,N0139,5096,29,35,2022-07-12 00:17:35.380,0,train,0.04307860624571462,0
normal,N0139,5097,30,35,2022-07-12 00:17:35.480,0,train,0.01162860146300447,0
normal,N0139,5098,31,35,2022-07-12 00:17:35.580,0,train,0.021332013746877435,0
normal,N0139,5099,32,35,2022-07-12 00:17:35.680,0,train,0.014861648874774197,0
normal,N0139,5100,33,35,2022-07-12 00:17:35.780,0,train,0.0,0
normal,N0139,5101,34,35,2022-07-12 00:17:35.880,0,train,0.003233047411769726,0
normal,N0140,5111,9,23,2022-07-12 00:17:41.404,0,train,0.021367567488363375,0
normal,N0140,5112,10,23,2022-07-12 00:17:41.504,0,train,0.024096812485776834,0
normal,N0140,5113,11,23,2022-07-12 00:17:41.604,0,train,0.018596026512172546,0
normal,N0140,5114,12,23,2022-07-12 00:17:41.704,0,train,0.008860140917950132,0
normal,N0140,5115,13,23,2022-07-12 00:17:41.804,0,train,0.011964648779739547,0
normal,N0140,5116,14,23,2022-07-12 00:17:41.904,0,train,0.008787018828355031,0
normal,N0140,5117,15,23,2022-07-12 00:17:42.004,0,train,0.08218516594234657,0
normal,N0140,5118,16,23,2022-07-12 00:17:42.104,0,train,0.053845102582717706,0
normal,N0140,5119,17,23,2022-07-12 00:17:42.204,0,train,0.01591953280843239,0
normal,N0140,5120,18,23,2022-07-12 00:17:42.304,0,train,0.01871437924084785,0
normal,N0140,5121,19,23,2022-07-12 00:17:42.404,0,train,0.01881896289868345,0
normal,N0140,5122,20,23,2022-07-12 00:17:42.504,0,train,0.05288295735569959,0
normal,N0140,5123,21,23,2022-07-12 00:17:42.604,0,train,0.021780153754611148,0
normal,N0140,5124,22,23,2022-07-12 00:17:42.704,0,train,0.01881896289868345,0
normal,N0141,5134,9,13,2022-07-12 00:17:49.387,0,train,0.0,0
normal,N0141,5135,10,13,2022-07-12 00:17:49.487,0,train,0.0,0
normal,N0141,5136,11,13,2022-07-12 00:17:49.587,0,train,0.0030515888331403575,0
normal,N0141,5137,12,13,2022-07-12 00:17:49.687,0,train,0.0,0
normal,N0144,5150,9,50,2022-07-12 00:18:07.204,0,train,0.0,0
normal,N0144,5151,10,50,2022-07-12 00:18:07.304,0,train,0.006625978090766824,0
normal,N0144,5152,11,50,2022-07-12 00:18:07.404,0,train,0.0,0
normal,N0144,5153,12,50,2022-07-12 00:18:07.504,0,train,0.0027664041994750655,0
normal,N0144,5154,13,50,2022-07-12 00:18:07.604,0,train,0.0,0
normal,N0144,5155,14,50,2022-07-12 00:18:07.704,0,train,0.0,0
normal,N0144,5156,15,50,2022-07-12 00:18:07.804,0,train,0.009943508681005441,0
normal,N0144,5157,16,50,2022-07-12 00:18:07.904,0,train,0.0,0
normal,N0144,5158,17,50,2022-07-12 00:18:08.004,0,train,0.0,0
normal,N0144,5159,18,50,2022-07-12 00:18:08.104,0,train,0.0,0
normal,N0144,5160,19,50,2022-07-12 00:18:08.204,0,train,0.0,0
normal,N0144,5161,20,50,2022-07-12 00:18:08.304,0,train,0.0,0
normal,N0144,5162,21,50,2022-07-12 00:18:08.404,0,train,0.0,0
normal,N0144,5163,22,50,2022-07-12 00:18:08.504,0,train,0.0029439980066031275,0
normal,N0144,5164,23,50,2022-07-12 00:18:08.604,0,train,0.0,0
normal,N0144,5165,24,50,2022-07-12 00:18:08.704,0,train,0.006093222623311859,0
normal,N0144,5166,25,50,2022-07-12 00:18:08.804,0,train,0.009072849108880619,0
normal,N0144,5167,26,50,2022-07-12 00:18:08.904,0,train,0.0,0
normal,N0144,5168,27,50,2022-07-12 00:18:09.004,0,train,0.006116745784939662,0
normal,N0144,5169,28,50,2022-07-12 00:18:09.104,0,train,0.003260291935539529,0
normal,N0144,5170,29,50,2022-07-12 00:18:09.204,0,train,0.0,0
normal,N0144,5171,30,50,2022-07-12 00:18:09.304,0,train,0.0,0
normal,N0144,5172,31,50,2022-07-12 00:18:09.404,0,train,0.0,0
normal,N0144,5173,32,50,2022-07-12 00:18:09.504,0,train,0.0,0
normal,N0144,5174,33,50,2022-07-12 00:18:09.604,0,train,0.0,0
normal,N0144,5175,34,50,2022-07-12 00:18:09.704,0,train,0.0,0
normal,N0144,5176,35,50,2022-07-12 00:18:09.804,0,train,0.0,0
normal,N0144,5177,36,50,2022-07-12 00:18:09.904,0,train,0.0,0
normal,N0144,5178,37,50,2022-07-12 00:18:10.004,0,train,0.0,0
normal,N0144,5179,38,50,2022-07-12 00:18:10.104,0,train,0.0,0
normal,N0144,5180,39,50,2022-07-12 00:18:10.204,0,train,0.0,0
normal,N0144,5181,40,50,2022-07-12 00:18:10.304,0,train,0.0,0
normal,N0144,5182,41,50,2022-07-12 00:18:10.404,0,train,0.0,0
normal,N0144,5183,42,50,2022-07-12 00:18:10.504,0,train,0.0,0
normal,N0144,5184,43,50,2022-07-12 00:18:10.604,0,train,0.0,0
normal,N0144,5185,44,50,2022-07-12 00:18:10.704,0,train,0.0,0
normal,N0144,5186,45,50,2022-07-12 00:18:10.804,0,train,0.0,0
normal,N0144,5187,46,50,2022-07-12 00:18:10.904,0,train,0.0,0
normal,N0144,5188,47,50,2022-07-12 00:18:11.004,0,train,0.0,0
normal,N0144,5189,48,50,2022-07-12 00:18:11.104,0,train,0.0,0
normal,N0144,5190,49,50,2022-07-12 00:18:11.204,0,train,0.0,0
normal,N0145,5200,9,50,2022-07-12 00:18:13.963,0,train,0.0030252476829658037,0
normal,N0145,5201,10,50,2022-07-12 00:18:14.063,0,train,0.0,0
normal,N0145,5202,11,50,2022-07-12 00:18:14.163,0,train,0.0032326438664755275,0
normal,N0145,5203,12,50,2022-07-12 00:18:14.263,0,train,0.0,0
normal,N0145,5204,13,50,2022-07-12 00:18:14.363,0,train,0.0,0
normal,N0145,5205,14,50,2022-07-12 00:18:14.463,0,train,0.0,0
normal,N0145,5206,15,50,2022-07-12 00:18:14.563,0,train,0.0,0
normal,N0145,5207,16,50,2022-07-12 00:18:14.663,0,train,0.0030874718385738077,0
normal,N0145,5208,17,50,2022-07-12 00:18:14.763,0,train,0.0,0
normal,N0145,5209,18,50,2022-07-12 00:18:14.863,0,train,0.0,0
normal,N0145,5210,19,50,2022-07-12 00:18:14.963,0,train,0.0,0
normal,N0145,5211,20,50,2022-07-12 00:18:15.063,0,train,0.0,0
normal,N0145,5212,21,50,2022-07-12 00:18:15.163,0,train,0.0,0
normal,N0145,5213,22,50,2022-07-12 00:18:15.263,0,train,0.0,0
normal,N0145,5214,23,50,2022-07-12 00:18:15.363,0,train,0.0,0
normal,N0145,5215,24,50,2022-07-12 00:18:15.463,0,train,0.0,0
normal,N0145,5216,25,50,2022-07-12 00:18:15.563,0,train,0.0,0
normal,N0145,5217,26,50,2022-07-12 00:18:15.663,0,train,0.0,0
normal,N0145,5218,27,50,2022-07-12 00:18:15.763,0,train,0.0,0
normal,N0145,5219,28,50,2022-07-12 00:18:15.863,0,train,0.0,0
normal,N0145,5220,29,50,2022-07-12 00:18:15.963,0,train,0.0,0
normal,N0145,5221,30,50,2022-07-12 00:18:16.063,0,train,0.0,0
normal,N0145,5222,31,50,2022-07-12 00:18:16.163,0,train,0.0032509185810926824,0
normal,N0145,5223,32,50,2022-07-12 00:18:16.263,0,train,0.0,0
normal,N0145,5224,33,50,2022-07-12 00:18:16.363,0,train,0.0,0
normal,N0145,5225,34,50,2022-07-12 00:18:16.463,0,train,0.0,0
normal,N0145,5226,35,50,2022-07-12 00:18:16.563,0,train,0.0,0
normal,N0145,5227,36,50,2022-07-12 00:18:16.663,0,train,0.0,0
normal,N0145,5228,37,50,2022-07-12 00:18:16.763,0,train,0.0,0
normal,N0145,5229,38,50,2022-07-12 00:18:16.863,0,train,0.0,0
normal,N0145,5230,39,50,2022-07-12 00:18:16.963,0,train,0.0,0
normal,N0145,5231,40,50,2022-07-12 00:18:17.063,0,train,0.0,0
normal,N0145,5232,41,50,2022-07-12 00:18:17.163,0,train,0.012602701027567637,0
normal,N0145,5233,42,50,2022-07-12 00:18:17.263,0,train,0.0033049278804177,0
normal,N0145,5234,43,50,2022-07-12 00:18:17.363,0,train,0.0,0
normal,N0145,5235,44,50,2022-07-12 00:18:17.463,0,train,0.0,0
normal,N0145,5236,45,50,2022-07-12 00:18:17.563,0,train,0.0,0
normal,N0145,5237,46,50,2022-07-12 00:18:17.663,0,train,0.0033045726062807842,0
normal,N0145,5238,47,50,2022-07-12 00:18:17.763,0,train,0.0,0
normal,N0145,5239,48,50,2022-07-12 00:18:17.863,0,train,0.0033045726062807842,0
normal,N0145,5240,49,50,2022-07-12 00:18:17.963,0,train,0.006269279227124122,0
normal,N0146,5250,9,40,2022-07-12 00:18:21.624,0,train,0.024835498843137214,0
normal,N0146,5251,10,40,2022-07-12 00:18:21.724,0,train,0.0,0
normal,N0146,5252,11,40,2022-07-12 00:18:21.824,0,train,0.0,0
normal,N0146,5253,12,40,2022-07-12 00:18:21.924,0,train,0.0,0
normal,N0146,5254,13,40,2022-07-12 00:18:22.024,0,train,0.0,0
normal,N0146,5255,14,40,2022-07-12 00:18:22.124,0,train,0.0,0
normal,N0146,5256,15,40,2022-07-12 00:18:22.224,0,train,0.0,0
normal,N0146,5257,16,40,2022-07-12 00:18:22.324,0,train,0.0,0
normal,N0146,5258,17,40,2022-07-12 00:18:22.424,0,train,0.01225448688350462,0
normal,N0146,5259,18,40,2022-07-12 00:18:22.524,0,train,0.0,0
normal,N0146,5260,19,40,2022-07-12 00:18:22.624,0,train,0.0,0
normal,N0146,5261,20,40,2022-07-12 00:18:22.724,0,train,0.0,0
normal,N0146,5262,21,40,2022-07-12 00:18:22.824,0,train,0.0,0
normal,N0146,5263,22,40,2022-07-12 00:18:22.924,0,train,0.0,0
normal,N0146,5264,23,40,2022-07-12 00:18:23.024,0,train,0.0,0
normal,N0146,5265,24,40,2022-07-12 00:18:23.124,0,train,0.0,0
normal,N0146,5266,25,40,2022-07-12 00:18:23.224,0,train,0.0,0
normal,N0146,5267,26,40,2022-07-12 00:18:23.324,0,train,0.0,0
normal,N0146,5268,27,40,2022-07-12 00:18:23.424,0,train,0.0,0
normal,N0146,5269,28,40,2022-07-12 00:18:23.524,0,train,0.0,0
normal,N0146,5270,29,40,2022-07-12 00:18:23.624,0,train,0.0,0
normal,N0146,5271,30,40,2022-07-12 00:18:23.724,0,train,0.0,0
normal,N0146,5272,31,40,2022-07-12 00:18:23.824,0,train,0.0,0
normal,N0146,5273,32,40,2022-07-12 00:18:23.924,0,train,0.0,0
normal,N0146,5274,33,40,2022-07-12 00:18:24.024,0,train,0.0,0
normal,N0146,5275,34,40,2022-07-12 00:18:24.124,0,train,0.0,0
normal,N0146,5276,35,40,2022-07-12 00:18:24.224,0,train,0.0,0
normal,N0146,5277,36,40,2022-07-12 00:18:24.324,0,train,0.0,0
normal,N0146,5278,37,40,2022-07-12 00:18:24.424,0,train,0.0,0
normal,N0146,5279,38,40,2022-07-12 00:18:24.524,0,train,0.0,0
normal,N0146,5280,39,40,2022-07-12 00:18:24.624,0,train,0.0,0
normal,N0148,5316,9,26,2022-07-12 00:18:37.600,0,train,0.0,0
normal,N0148,5317,10,26,2022-07-12 00:18:37.700,0,train,0.0,0
normal,N0148,5318,11,26,2022-07-12 00:18:37.800,0,train,0.0,0
normal,N0148,5319,12,26,2022-07-12 00:18:37.900,0,train,0.0,0
normal,N0148,5320,13,26,2022-07-12 00:18:38.000,0,train,0.0,0
normal,N0148,5321,14,26,2022-07-12 00:18:38.100,0,train,0.0,0
normal,N0148,5322,15,26,2022-07-12 00:18:38.200,0,train,0.0,0
normal,N0148,5323,16,26,2022-07-12 00:18:38.300,0,train,0.0,0
normal,N0148,5324,17,26,2022-07-12 00:18:38.400,0,train,0.0,0
normal,N0148,5325,18,26,2022-07-12 00:18:38.500,0,train,0.0,0
normal,N0148,5326,19,26,2022-07-12 00:18:38.600,0,train,0.00287700404611968,0
normal,N0148,5327,20,26,2022-07-12 00:18:38.700,0,train,0.0,0
normal,N0148,5328,21,26,2022-07-12 00:18:38.800,0,train,0.0,0
normal,N0148,5329,22,26,2022-07-12 00:18:38.900,0,train,0.0029754841949963906,0
normal,N0148,5330,23,26,2022-07-12 00:18:39.000,0,train,0.0,0
normal,N0148,5331,24,26,2022-07-12 00:18:39.100,0,train,0.0,0
normal,N0148,5332,25,26,2022-07-12 00:18:39.200,0,train,0.009274105381330887,0
normal,N0149,5342,9,15,2022-07-12 00:18:45.470,0,train,0.006175026359391474,0
normal,N0149,5343,10,15,2022-07-12 00:18:45.570,0,train,0.0,0
normal,N0149,5344,11,15,2022-07-12 00:18:45.670,0,train,0.0032645621012511393,0
normal,N0149,5345,12,15,2022-07-12 00:18:45.770,0,train,0.04213951816474404,0
normal,N0149,5346,13,15,2022-07-12 00:18:45.870,0,train,0.04111559171590903,0
normal,N0149,5347,14,15,2022-07-12 00:18:45.970,0,train,0.036904214014951926,0
normal,N0153,5413,9,50,2022-07-12 00:19:18.274,0,train,0.0,0
normal,N0153,5414,10,50,2022-07-12 00:19:18.374,0,train,0.0,0
normal,N0153,5415,11,50,2022-07-12 00:19:18.474,0,train,0.0,0
normal,N0153,5416,12,50,2022-07-12 00:19:18.574,0,train,0.0,0
normal,N0153,5417,13,50,2022-07-12 00:19:18.674,0,train,0.0,0
normal,N0153,5418,14,50,2022-07-12 00:19:18.774,0,train,0.0,0
normal,N0153,5419,15,50,2022-07-12 00:19:18.874,0,train,0.0,0
normal,N0153,5420,16,50,2022-07-12 00:19:18.974,0,train,0.0,0
normal,N0153,5421,17,50,2022-07-12 00:19:19.074,0,train,0.0,0
normal,N0153,5422,18,50,2022-07-12 00:19:19.174,0,train,0.0,0
normal,N0153,5423,19,50,2022-07-12 00:19:19.274,0,train,0.005947511296496718,0
normal,N0153,5424,20,50,2022-07-12 00:19:19.374,0,train,0.0,0
normal,N0153,5425,21,50,2022-07-12 00:19:19.474,0,train,0.002771041996134247,0
normal,N0153,5426,22,50,2022-07-12 00:19:19.574,0,train,0.0,0
normal,N0153,5427,23,50,2022-07-12 00:19:19.674,0,train,0.0,0
normal,N0153,5428,24,50,2022-07-12 00:19:19.774,0,train,0.0031717456166817522,0
normal,N0153,5429,25,50,2022-07-12 00:19:19.874,0,train,0.0,0
normal,N0153,5430,26,50,2022-07-12 00:19:19.974,0,train,0.0,0
normal,N0153,5431,27,50,2022-07-12 00:19:20.074,0,train,0.00315738417795618,0
normal,N0153,5432,28,50,2022-07-12 00:19:20.174,0,train,0.0,0
normal,N0153,5433,29,50,2022-07-12 00:19:20.274,0,train,0.0,0
normal,N0153,5434,30,50,2022-07-12 00:19:20.374,0,train,0.0,0
normal,N0153,5435,31,50,2022-07-12 00:19:20.474,0,train,0.0,0
normal,N0153,5436,32,50,2022-07-12 00:19:20.574,0,train,0.0,0
normal,N0153,5437,33,50,2022-07-12 00:19:20.674,0,train,0.0,0
normal,N0153,5438,34,50,2022-07-12 00:19:20.774,0,train,0.0,0
normal,N0153,5439,35,50,2022-07-12 00:19:20.874,0,train,0.0029160512063023144,0
normal,N0153,5440,36,50,2022-07-12 00:19:20.974,0,train,0.0,0
normal,N0153,5441,37,50,2022-07-12 00:19:21.074,0,train,0.0,0
normal,N0153,5442,38,50,2022-07-12 00:19:21.174,0,train,0.0,0
normal,N0153,5443,39,50,2022-07-12 00:19:21.274,0,train,0.0031717456166817522,0
normal,N0153,5444,40,50,2022-07-12 00:19:21.374,0,train,0.0,0
normal,N0153,5445,41,50,2022-07-12 00:19:21.474,0,train,0.0,0
normal,N0153,5446,42,50,2022-07-12 00:19:21.574,0,train,0.0,0
normal,N0153,5447,43,50,2022-07-12 00:19:21.674,0,train,0.0033333333333333335,0
normal,N0153,5448,44,50,2022-07-12 00:19:21.774,0,train,0.0,0
normal,N0153,5449,45,50,2022-07-12 00:19:21.874,0,train,0.006121399369255214,0
normal,N0153,5450,46,50,2022-07-12 00:19:21.974,0,train,0.005942787612816,0
normal,N0153,5451,47,50,2022-07-12 00:19:22.074,0,train,0.003171745616681753,0
normal,N0153,5452,48,50,2022-07-12 00:19:22.174,0,train,0.003171745616681753,0
normal,N0153,5453,49,50,2022-07-12 00:19:22.274,0,train,0.024662207103539228,0
normal,N0154,5463,9,47,2022-07-12 00:19:25.371,0,train,0.002917705735660848,0
normal,N0154,5464,10,47,2022-07-12 00:19:25.471,0,train,0.0028639010189228527,0
normal,N0154,5465,11,47,2022-07-12 00:19:25.571,0,train,0.02933047510797491,0
normal,N0154,5466,12,47,2022-07-12 00:19:25.671,0,train,0.0059727807196513424,0
normal,N0154,5467,13,47,2022-07-12 00:19:25.771,0,train,0.00585651884970082,0
normal,N0154,5468,14,47,2022-07-12 00:19:25.871,0,train,0.0,0
normal,N0154,5469,15,47,2022-07-12 00:19:25.971,0,train,0.0,0
normal,N0154,5470,16,47,2022-07-12 00:19:26.071,0,train,0.0,0
normal,N0154,5471,17,47,2022-07-12 00:19:26.171,0,train,0.0,0
normal,N0154,5472,18,47,2022-07-12 00:19:26.271,0,train,0.005797825210386689,0
normal,N0154,5473,19,47,2022-07-12 00:19:26.371,0,train,0.006214191964936111,0
normal,N0154,5474,20,47,2022-07-12 00:19:26.471,0,train,0.0,0
normal,N0154,5475,21,47,2022-07-12 00:19:26.571,0,train,0.0,0
normal,N0154,5476,22,47,2022-07-12 00:19:26.671,0,train,0.0,0
normal,N0154,5477,23,47,2022-07-12 00:19:26.771,0,train,0.0,0
normal,N0154,5478,24,47,2022-07-12 00:19:26.871,0,train,0.0,0
normal,N0154,5479,25,47,2022-07-12 00:19:26.971,0,train,0.0,0
normal,N0154,5480,26,47,2022-07-12 00:19:27.071,0,train,0.0,0
normal,N0154,5481,27,47,2022-07-12 00:19:27.171,0,train,0.0,0
normal,N0154,5482,28,47,2022-07-12 00:19:27.271,0,train,0.0,0
normal,N0154,5483,29,47,2022-07-12 00:19:27.371,0,train,0.0,0
normal,N0154,5484,30,47,2022-07-12 00:19:27.471,0,train,0.0,0
normal,N0154,5485,31,47,2022-07-12 00:19:27.571,0,train,0.0,0
normal,N0154,5486,32,47,2022-07-12 00:19:27.671,0,train,0.0,0
normal,N0154,5487,33,47,2022-07-12 00:19:27.771,0,train,0.0,0
normal,N0154,5488,34,47,2022-07-12 00:19:27.871,0,train,0.0,0
normal,N0154,5489,35,47,2022-07-12 00:19:27.971,0,train,0.0,0
normal,N0154,5490,36,47,2022-07-12 00:19:28.071,0,train,0.0,0
normal,N0154,5491,37,47,2022-07-12 00:19:28.171,0,train,0.0,0
normal,N0154,5492,38,47,2022-07-12 00:19:28.271,0,train,0.0,0
normal,N0154,5493,39,47,2022-07-12 00:19:28.371,0,train,0.0,0
normal,N0154,5494,40,47,2022-07-12 00:19:28.471,0,train,0.0,0
normal,N0154,5495,41,47,2022-07-12 00:19:28.571,0,train,0.0,0
normal,N0154,5496,42,47,2022-07-12 00:19:28.671,0,train,0.0,0
normal,N0154,5497,43,47,2022-07-12 00:19:28.771,0,train,0.0,0
normal,N0154,5498,44,47,2022-07-12 00:19:28.871,0,train,0.0,0
normal,N0154,5499,45,47,2022-07-12 00:19:28.971,0,train,0.0,0
normal,N0154,5500,46,47,2022-07-12 00:19:29.071,0,train,0.0,0
normal,N0155,5510,9,34,2022-07-12 00:19:33.376,0,train,0.0,0
normal,N0155,5511,10,34,2022-07-12 00:19:33.476,0,train,0.0,0
normal,N0155,5512,11,34,2022-07-12 00:19:33.576,0,train,0.0,0
normal,N0155,5513,12,34,2022-07-12 00:19:33.676,0,train,0.0,0
normal,N0155,5514,13,34,2022-07-12 00:19:33.776,0,train,0.0,0
normal,N0155,5515,14,34,2022-07-12 00:19:33.876,0,train,0.0,0
normal,N0155,5516,15,34,2022-07-12 00:19:33.976,0,train,0.0,0
normal,N0155,5517,16,34,2022-07-12 00:19:34.076,0,train,0.003199610199772616,0
normal,N0155,5518,17,34,2022-07-12 00:19:34.176,0,train,0.0,0
normal,N0155,5519,18,34,2022-07-12 00:19:34.276,0,train,0.0,0
normal,N0155,5520,19,34,2022-07-12 00:19:34.376,0,train,0.0,0
normal,N0155,5521,20,34,2022-07-12 00:19:34.476,0,train,0.0,0
normal,N0155,5522,21,34,2022-07-12 00:19:34.576,0,train,0.0,0
normal,N0155,5523,22,34,2022-07-12 00:19:34.676,0,train,0.0,0
normal,N0155,5524,23,34,2022-07-12 00:19:34.776,0,train,0.0,0
normal,N0155,5525,24,34,2022-07-12 00:19:34.876,0,train,0.0,0
normal,N0155,5526,25,34,2022-07-12 00:19:34.976,0,train,0.0,0
normal,N0155,5527,26,34,2022-07-12 00:19:35.076,0,train,0.0,0
normal,N0155,5528,27,34,2022-07-12 00:19:35.176,0,train,0.006295700361718253,0
normal,N0155,5529,28,34,2022-07-12 00:19:35.276,0,train,0.0,0
normal,N0155,5530,29,34,2022-07-12 00:19:35.376,0,train,0.0,0
normal,N0155,5531,30,34,2022-07-12 00:19:35.476,0,train,0.0,0
normal,N0155,5532,31,34,2022-07-12 00:19:35.576,0,train,0.0,0
normal,N0155,5533,32,34,2022-07-12 00:19:35.676,0,train,0.0,0
normal,N0155,5534,33,34,2022-07-12 00:19:35.776,0,train,0.0,0
normal,N0156,5544,9,19,2022-07-12 00:19:41.468,0,train,0.0033333333333333335,0
normal,N0156,5545,10,19,2022-07-12 00:19:41.568,0,train,0.0,0
normal,N0156,5546,11,19,2022-07-12 00:19:41.668,0,train,0.0,0
normal,N0156,5547,12,19,2022-07-12 00:19:41.768,0,train,0.0,0
normal,N0156,5548,13,19,2022-07-12 00:19:41.868,0,train,0.0,0
normal,N0156,5549,14,19,2022-07-12 00:19:41.968,0,train,0.0,0
normal,N0156,5550,15,19,2022-07-12 00:19:42.068,0,train,0.0,0
normal,N0156,5551,16,19,2022-07-12 00:19:42.168,0,train,0.0033333333333333335,0
normal,N0156,5552,17,19,2022-07-12 00:19:42.268,0,train,0.01583852539628148,0
normal,N0156,5553,18,19,2022-07-12 00:19:42.368,0,train,0.0,0
normal,N0158,5569,9,50,2022-07-12 00:19:58.744,0,train,0.0,0
normal,N0158,5570,10,50,2022-07-12 00:19:58.844,0,train,0.0,0
normal,N0158,5571,11,50,2022-07-12 00:19:58.944,0,train,0.0,0
normal,N0158,5572,12,50,2022-07-12 00:19:59.044,0,train,0.0,0
normal,N0158,5573,13,50,2022-07-12 00:19:59.144,0,train,0.024833253753916016,0
normal,N0158,5574,14,50,2022-07-12 00:19:59.244,0,train,0.00319647201946472,0
normal,N0158,5575,15,50,2022-07-12 00:19:59.344,0,train,0.0,0
normal,N0158,5576,16,50,2022-07-12 00:19:59.444,0,train,0.0,0
normal,N0158,5577,17,50,2022-07-12 00:19:59.544,0,train,0.0,0
normal,N0158,5578,18,50,2022-07-12 00:19:59.644,0,train,0.0,0
normal,N0158,5579,19,50,2022-07-12 00:19:59.744,0,train,0.00310887970072849,0
normal,N0158,5580,20,50,2022-07-12 00:19:59.844,0,train,0.0,0
normal,N0158,5581,21,50,2022-07-12 00:19:59.944,0,train,0.0,0
normal,N0158,5582,22,50,2022-07-12 00:20:00.044,0,train,0.0,0
normal,N0158,5583,23,50,2022-07-12 00:20:00.144,0,train,0.0,0
normal,N0158,5584,24,50,2022-07-12 00:20:00.244,0,train,0.0,0
normal,N0158,5585,25,50,2022-07-12 00:20:00.344,0,train,0.0,0
normal,N0158,5586,26,50,2022-07-12 00:20:00.444,0,train,0.0,0
normal,N0158,5587,27,50,2022-07-12 00:20:00.544,0,train,0.0,0
normal,N0158,5588,28,50,2022-07-12 00:20:00.644,0,train,0.0,0
normal,N0158,5589,29,50,2022-07-12 00:20:00.744,0,train,0.0,0
normal,N0158,5590,30,50,2022-07-12 00:20:00.844,0,train,0.01895654226459438,0
normal,N0158,5591,31,50,2022-07-12 00:20:00.944,0,train,0.006529805352798053,0
normal,N0158,5592,32,50,2022-07-12 00:20:01.044,0,train,0.0,0
normal,N0158,5593,33,50,2022-07-12 00:20:01.144,0,train,0.0028719491808759613,0
normal,N0158,5594,34,50,2022-07-12 00:20:01.244,0,train,0.0,0
normal,N0158,5595,35,50,2022-07-12 00:20:01.344,0,train,0.0,0
normal,N0158,5596,36,50,2022-07-12 00:20:01.444,0,train,0.0,0
normal,N0158,5597,37,50,2022-07-12 00:20:01.544,0,train,0.0,0
normal,N0158,5598,38,50,2022-07-12 00:20:01.644,0,train,0.0058150463629746,0
normal,N0158,5599,39,50,2022-07-12 00:20:01.744,0,train,0.0,0
normal,N0158,5600,40,50,2022-07-12 00:20:01.844,0,train,0.0,0
normal,N0158,5601,41,50,2022-07-12 00:20:01.944,0,train,0.0,0
normal,N0158,5602,42,50,2022-07-12 00:20:02.044,0,train,0.0029539066891512084,0
normal,N0158,5603,43,50,2022-07-12 00:20:02.144,0,train,0.0,0
normal,N0158,5604,44,50,2022-07-12 00:20:02.244,0,train,0.0,0
normal,N0158,5605,45,50,2022-07-12 00:20:02.344,0,train,0.0,0
normal,N0158,5606,46,50,2022-07-12 00:20:02.444,0,train,0.002843543543543544,0
normal,N0158,5607,47,50,2022-07-12 00:20:02.544,0,train,0.003304439007340091,0
normal,N0158,5608,48,50,2022-07-12 00:20:02.644,0,train,0.0,0
normal,N0158,5609,49,50,2022-07-12 00:20:02.744,0,train,0.0,0
normal,N0159,5619,9,50,2022-07-12 00:20:05.536,0,train,0.02503940803291322,0
normal,N0159,5620,10,50,2022-07-12 00:20:05.636,0,train,0.01960886637682565,0
normal,N0159,5621,11,50,2022-07-12 00:20:05.736,0,train,0.013178779502041188,0
normal,N0159,5622,12,50,2022-07-12 00:20:05.836,0,train,0.015217950604638316,0
normal,N0159,5623,13,50,2022-07-12 00:20:05.936,0,train,0.006533036377134373,0
normal,N0159,5624,14,50,2022-07-12 00:20:06.036,0,train,0.009041470811333902,0
normal,N0159,5625,15,50,2022-07-12 00:20:06.136,0,train,0.006367760181727058,0
normal,N0159,5626,16,50,2022-07-12 00:20:06.236,0,train,0.0,0
normal,N0159,5627,17,50,2022-07-12 00:20:06.336,0,train,0.0,0
normal,N0159,5628,18,50,2022-07-12 00:20:06.436,0,train,0.0,0
normal,N0159,5629,19,50,2022-07-12 00:20:06.536,0,train,0.0,0
normal,N0159,5630,20,50,2022-07-12 00:20:06.636,0,train,0.005992330865329392,0
normal,N0159,5631,21,50,2022-07-12 00:20:06.736,0,train,0.0,0
normal,N0159,5632,22,50,2022-07-12 00:20:06.836,0,train,0.0,0
normal,N0159,5633,23,50,2022-07-12 00:20:06.936,0,train,0.0,0
normal,N0159,5634,24,50,2022-07-12 00:20:07.036,0,train,0.0,0
normal,N0159,5635,25,50,2022-07-12 00:20:07.136,0,train,0.00310887970072849,0
normal,N0159,5636,26,50,2022-07-12 00:20:07.236,0,train,0.0,0
normal,N0159,5637,27,50,2022-07-12 00:20:07.336,0,train,0.00310887970072849,0
normal,N0159,5638,28,50,2022-07-12 00:20:07.436,0,train,0.005992158149319781,0
normal,N0159,5639,29,50,2022-07-12 00:20:07.536,0,train,0.0,0
normal,N0159,5640,30,50,2022-07-12 00:20:07.636,0,train,0.0,0
normal,N0159,5641,31,50,2022-07-12 00:20:07.736,0,train,0.0,0
normal,N0159,5642,32,50,2022-07-12 00:20:07.836,0,train,0.0029468237641044827,0
normal,N0159,5643,33,50,2022-07-12 00:20:07.936,0,train,0.0,0
normal,N0159,5644,34,50,2022-07-12 00:20:08.036,0,train,0.0,0
normal,N0159,5645,35,50,2022-07-12 00:20:08.136,0,train,0.0,0
normal,N0159,5646,36,50,2022-07-12 00:20:08.236,0,train,0.0,0
normal,N0159,5647,37,50,2022-07-12 00:20:08.336,0,train,0.0,0
normal,N0159,5648,38,50,2022-07-12 00:20:08.436,0,train,0.0,0
normal,N0159,5649,39,50,2022-07-12 00:20:08.536,0,train,0.0,0
normal,N0159,5650,40,50,2022-07-12 00:20:08.636,0,train,0.0,0
normal,N0159,5651,41,50,2022-07-12 00:20:08.736,0,train,0.0,0
normal,N0159,5652,42,50,2022-07-12 00:20:08.836,0,train,0.0,0
normal,N0159,5653,43,50,2022-07-12 00:20:08.936,0,train,0.0,0
normal,N0159,5654,44,50,2022-07-12 00:20:09.036,0,train,0.0,0
normal,N0159,5655,45,50,2022-07-12 00:20:09.136,0,train,0.0,0
normal,N0159,5656,46,50,2022-07-12 00:20:09.236,0,train,0.0,0
normal,N0159,5657,47,50,2022-07-12 00:20:09.336,0,train,0.0,0
normal,N0159,5658,48,50,2022-07-12 00:20:09.436,0,train,0.0,0
normal,N0159,5659,49,50,2022-07-12 00:20:09.536,0,train,0.0,0
normal,N0160,5669,9,38,2022-07-12 00:20:13.469,0,train,0.0029243391628882517,0
normal,N0160,5670,10,38,2022-07-12 00:20:13.569,0,train,0.0,0
normal,N0160,5671,11,38,2022-07-12 00:20:13.669,0,train,0.0,0
normal,N0160,5672,12,38,2022-07-12 00:20:13.769,0,train,0.0,0
normal,N0160,5673,13,38,2022-07-12 00:20:13.869,0,train,0.0,0
normal,N0160,5674,14,38,2022-07-12 00:20:13.969,0,train,0.0,0
normal,N0160,5675,15,38,2022-07-12 00:20:14.069,0,train,0.0,0
normal,N0160,5676,16,38,2022-07-12 00:20:14.169,0,train,0.0,0
normal,N0160,5677,17,38,2022-07-12 00:20:14.269,0,train,0.0,0
normal,N0160,5678,18,38,2022-07-12 00:20:14.369,0,train,0.0,0
normal,N0160,5679,19,38,2022-07-12 00:20:14.469,0,train,0.0,0
normal,N0160,5680,20,38,2022-07-12 00:20:14.569,0,train,0.0,0
normal,N0160,5681,21,38,2022-07-12 00:20:14.669,0,train,0.0,0
normal,N0160,5682,22,38,2022-07-12 00:20:14.769,0,train,0.0,0
normal,N0160,5683,23,38,2022-07-12 00:20:14.869,0,train,0.0,0
normal,N0160,5684,24,38,2022-07-12 00:20:14.969,0,train,0.0,0
normal,N0160,5685,25,38,2022-07-12 00:20:15.069,0,train,0.0,0
normal,N0160,5686,26,38,2022-07-12 00:20:15.169,0,train,0.0,0
normal,N0160,5687,27,38,2022-07-12 00:20:15.269,0,train,0.0,0
normal,N0160,5688,28,38,2022-07-12 00:20:15.369,0,train,0.0,0
normal,N0160,5689,29,38,2022-07-12 00:20:15.469,0,train,0.0,0
normal,N0160,5690,30,38,2022-07-12 00:20:15.569,0,train,0.0,0
normal,N0160,5691,31,38,2022-07-12 00:20:15.669,0,train,0.0,0
normal,N0160,5692,32,38,2022-07-12 00:20:15.769,0,train,0.0,0
normal,N0160,5693,33,38,2022-07-12 00:20:15.869,0,train,0.0,0
normal,N0160,5694,34,38,2022-07-12 00:20:15.969,0,train,0.0,0
normal,N0160,5695,35,38,2022-07-12 00:20:16.069,0,train,0.0,0
normal,N0160,5696,36,38,2022-07-12 00:20:16.169,0,train,0.0,0
normal,N0160,5697,37,38,2022-07-12 00:20:16.269,0,train,0.0,0
normal,N0161,5707,9,26,2022-07-12 00:20:21.437,0,train,0.0,0
normal,N0161,5708,10,26,2022-07-12 00:20:21.537,0,train,0.0,0
normal,N0161,5709,11,26,2022-07-12 00:20:21.637,0,train,0.0,0
normal,N0161,5710,12,26,2022-07-12 00:20:21.737,0,train,0.0,0
normal,N0161,5711,13,26,2022-07-12 00:20:21.837,0,train,0.0,0
normal,N0161,5712,14,26,2022-07-12 00:20:21.937,0,train,0.0,0
normal,N0161,5713,15,26,2022-07-12 00:20:22.037,0,train,0.0,0
normal,N0161,5714,16,26,2022-07-12 00:20:22.137,0,train,0.0,0
normal,N0161,5715,17,26,2022-07-12 00:20:22.237,0,train,0.0,0
normal,N0161,5716,18,26,2022-07-12 00:20:22.337,0,train,0.0,0
normal,N0161,5717,19,26,2022-07-12 00:20:22.437,0,train,0.0,0
normal,N0161,5718,20,26,2022-07-12 00:20:22.537,0,train,0.009302672297243901,0
normal,N0161,5719,21,26,2022-07-12 00:20:22.637,0,train,0.05732784514819472,0
normal,N0161,5720,22,26,2022-07-12 00:20:22.737,0,train,0.0,0
normal,N0161,5721,23,26,2022-07-12 00:20:22.837,0,train,0.0,0
normal,N0161,5722,24,26,2022-07-12 00:20:22.937,0,train,0.0,0
normal,N0161,5723,25,26,2022-07-12 00:20:23.037,0,train,0.0,0
normal,N0164,5748,9,50,2022-07-12 00:20:46.031,0,train,0.0,0
normal,N0164,5749,10,50,2022-07-12 00:20:46.131,0,train,0.0,0
normal,N0164,5750,11,50,2022-07-12 00:20:46.231,0,train,0.0,0
normal,N0164,5751,12,50,2022-07-12 00:20:46.331,0,train,0.0,0
normal,N0164,5752,13,50,2022-07-12 00:20:46.431,0,train,0.0,0
normal,N0164,5753,14,50,2022-07-12 00:20:46.531,0,train,0.0,0
normal,N0164,5754,15,50,2022-07-12 00:20:46.631,0,train,0.006339614197076216,0
normal,N0164,5755,16,50,2022-07-12 00:20:46.731,0,train,0.015850599316074677,0
normal,N0164,5756,17,50,2022-07-12 00:20:46.831,0,train,0.01899246958118003,0
normal,N0164,5757,18,50,2022-07-12 00:20:46.931,0,train,0.018367079987990975,0
normal,N0164,5758,19,50,2022-07-12 00:20:47.031,0,train,0.003208180708180708,0
normal,N0164,5759,20,50,2022-07-12 00:20:47.131,0,train,0.00648377398723839,0
normal,N0164,5760,21,50,2022-07-12 00:20:47.231,0,train,0.04107719908915497,0
normal,N0164,5761,22,50,2022-07-12 00:20:47.331,0,train,0.03848605433903306,0
normal,N0164,5762,23,50,2022-07-12 00:20:47.431,0,train,0.0972996622501721,0
normal,N0164,5763,24,50,2022-07-12 00:20:47.531,0,train,0.16812935505596113,0
normal,N0164,5764,25,50,2022-07-12 00:20:47.631,0,train,0.07453412972725049,0
normal,N0164,5765,26,50,2022-07-12 00:20:47.731,0,train,0.05493468660101233,0
normal,N0164,5766,27,50,2022-07-12 00:20:47.831,0,train,0.04451358950679201,0
normal,N0164,5767,28,50,2022-07-12 00:20:47.931,0,train,0.012240803699197545,0
normal,N0164,5768,29,50,2022-07-12 00:20:48.031,0,train,0.0,0
normal,N0164,5769,30,50,2022-07-12 00:20:48.131,0,train,0.009448620783714574,0
normal,N0164,5770,31,50,2022-07-12 00:20:48.231,0,train,0.0,0
normal,N0164,5771,32,50,2022-07-12 00:20:48.331,0,train,0.008927430859759233,0
normal,N0164,5772,33,50,2022-07-12 00:20:48.431,0,train,0.012837137468564831,0
normal,N0164,5773,34,50,2022-07-12 00:20:48.531,0,train,0.03175009073271789,0
normal,N0164,5774,35,50,2022-07-12 00:20:48.631,0,train,0.009485767908382084,0
normal,N0164,5775,36,50,2022-07-12 00:20:48.731,0,train,0.02419788791222318,0
normal,N0164,5776,37,50,2022-07-12 00:20:48.831,0,train,0.024444013969030315,0
normal,N0164,5777,38,50,2022-07-12 00:20:48.931,0,train,0.03065236352143696,0
normal,N0164,5778,39,50,2022-07-12 00:20:49.031,0,train,0.04011550002597417,0
normal,N0164,5779,40,50,2022-07-12 00:20:49.131,0,train,0.06183518365038715,0
normal,N0164,5780,41,50,2022-07-12 00:20:49.231,0,train,0.09821489411961029,0
normal,N0164,5781,42,50,2022-07-12 00:20:49.331,0,train,0.040414322011800105,0
normal,N0164,5782,43,50,2022-07-12 00:20:49.431,0,train,0.017943350824579887,0
normal,N0164,5783,44,50,2022-07-12 00:20:49.531,0,train,0.024547146863150838,0
normal,N0164,5784,45,50,2022-07-12 00:20:49.631,0,train,0.04271164761839921,0
normal,N0164,5785,46,50,2022-07-12 00:20:49.731,0,train,0.02101147042720964,0
normal,N0164,5786,47,50,2022-07-12 00:20:49.831,0,train,0.05393383885512217,0
normal,N0164,5787,48,50,2022-07-12 00:20:49.931,0,train,0.03361670870576838,0
normal,N0164,5788,49,50,2022-07-12 00:20:50.031,0,train,0.042631288608004435,0
normal,N0165,5798,9,43,2022-07-12 00:20:53.336,0,train,0.006300023917870396,0
normal,N0165,5799,10,43,2022-07-12 00:20:53.436,0,train,0.0,0
normal,N0165,5800,11,43,2022-07-12 00:20:53.536,0,train,0.0,0
normal,N0165,5801,12,43,2022-07-12 00:20:53.636,0,train,0.0,0
normal,N0165,5802,13,43,2022-07-12 00:20:53.736,0,train,0.0,0
normal,N0165,5803,14,43,2022-07-12 00:20:53.836,0,train,0.0,0
normal,N0165,5804,15,43,2022-07-12 00:20:53.936,0,train,0.0,0
normal,N0165,5805,16,43,2022-07-12 00:20:54.036,0,train,0.0,0
normal,N0165,5806,17,43,2022-07-12 00:20:54.136,0,train,0.0,0
normal,N0165,5807,18,43,2022-07-12 00:20:54.236,0,train,0.0,0
normal,N0165,5808,19,43,2022-07-12 00:20:54.336,0,train,0.0,0
normal,N0165,5809,20,43,2022-07-12 00:20:54.436,0,train,0.0,0
normal,N0165,5810,21,43,2022-07-12 00:20:54.536,0,train,0.0,0
normal,N0165,5811,22,43,2022-07-12 00:20:54.636,0,train,0.0,0
normal,N0165,5812,23,43,2022-07-12 00:20:54.736,0,train,0.0063469399677391295,0
normal,N0165,5813,24,43,2022-07-12 00:20:54.836,0,train,0.0,0
normal,N0165,5814,25,43,2022-07-12 00:20:54.936,0,train,0.0030157064733562253,0
normal,N0165,5815,26,43,2022-07-12 00:20:55.036,0,train,0.0,0
normal,N0165,5816,27,43,2022-07-12 00:20:55.136,0,train,0.0,0
normal,N0165,5817,28,43,2022-07-12 00:20:55.236,0,train,0.0,0
normal,N0165,5818,29,43,2022-07-12 00:20:55.336,0,train,0.0,0
normal,N0165,5819,30,43,2022-07-12 00:20:55.436,0,train,0.0,0
normal,N0165,5820,31,43,2022-07-12 00:20:55.536,0,train,0.0,0
normal,N0165,5821,32,43,2022-07-12 00:20:55.636,0,train,0.0,0
normal,N0165,5822,33,43,2022-07-12 00:20:55.736,0,train,0.0,0
normal,N0165,5823,34,43,2022-07-12 00:20:55.836,0,train,0.0,0
normal,N0165,5824,35,43,2022-07-12 00:20:55.936,0,train,0.0,0
normal,N0165,5825,36,43,2022-07-12 00:20:56.036,0,train,0.0,0
normal,N0165,5826,37,43,2022-07-12 00:20:56.136,0,train,0.0,0
normal,N0165,5827,38,43,2022-07-12 00:20:56.236,0,train,0.0,0
normal,N0165,5828,39,43,2022-07-12 00:20:56.336,0,train,0.0,0
normal,N0165,5829,40,43,2022-07-12 00:20:56.436,0,train,0.0,0
normal,N0165,5830,41,43,2022-07-12 00:20:56.536,0,train,0.0,0
normal,N0165,5831,42,43,2022-07-12 00:20:56.636,0,train,0.006401609942625038,0
normal,N0166,5841,9,32,2022-07-12 00:21:01.316,0,train,0.0,0
normal,N0166,5842,10,32,2022-07-12 00:21:01.416,0,train,0.006478730268750685,0
normal,N0166,5843,11,32,2022-07-12 00:21:01.516,0,train,0.003207579089832516,0
normal,N0166,5844,12,32,2022-07-12 00:21:01.616,0,train,0.012019871166301615,0
normal,N0166,5845,13,32,2022-07-12 00:21:01.716,0,train,0.005728995958809599,0
normal,N0166,5846,14,32,2022-07-12 00:21:01.816,0,train,0.0,0
normal,N0166,5847,15,32,2022-07-12 00:21:01.916,0,train,0.005672529328495526,0
normal,N0166,5848,16,32,2022-07-12 00:21:02.016,0,train,0.0,0
normal,N0166,5849,17,32,2022-07-12 00:21:02.116,0,train,0.0,0
normal,N0166,5850,18,32,2022-07-12 00:21:02.216,0,train,0.0,0
normal,N0166,5851,19,32,2022-07-12 00:21:02.316,0,train,0.0,0
normal,N0166,5852,20,32,2022-07-12 00:21:02.416,0,train,0.0,0
normal,N0166,5853,21,32,2022-07-12 00:21:02.516,0,train,0.0,0
normal,N0166,5854,22,32,2022-07-12 00:21:02.616,0,train,0.0,0
normal,N0166,5855,23,32,2022-07-12 00:21:02.716,0,train,0.0,0
normal,N0166,5856,24,32,2022-07-12 00:21:02.816,0,train,0.009307158612536271,0
normal,N0166,5857,25,32,2022-07-12 00:21:02.916,0,train,0.0029710350033021987,0
normal,N0166,5858,26,32,2022-07-12 00:21:03.016,0,train,0.0029710350033021987,0
normal,N0166,5859,27,32,2022-07-12 00:21:03.116,0,train,0.0,0
normal,N0166,5860,28,32,2022-07-12 00:21:03.216,0,train,0.0,0
normal,N0166,5861,29,32,2022-07-12 00:21:03.316,0,train,0.0,0
normal,N0166,5862,30,32,2022-07-12 00:21:03.416,0,train,0.0,0
normal,N0166,5863,31,32,2022-07-12 00:21:03.516,0,train,0.0,0
normal,N0169,5899,9,50,2022-07-12 00:21:26.704,0,train,0.012130982740162478,0
normal,N0169,5900,10,50,2022-07-12 00:21:26.804,0,train,0.011892312333420415,0
normal,N0169,5901,11,50,2022-07-12 00:21:26.904,0,train,0.0,0
normal,N0169,5902,12,50,2022-07-12 00:21:27.004,0,train,0.003173724977366462,0
normal,N0169,5903,13,50,2022-07-12 00:21:27.104,0,train,0.02127300164513423,0
normal,N0169,5904,14,50,2022-07-12 00:21:27.204,0,train,0.012118257609971308,0
normal,N0169,5905,15,50,2022-07-12 00:21:27.304,0,train,0.012674828875670936,0
normal,N0169,5906,16,50,2022-07-12 00:21:27.404,0,train,0.0,0
normal,N0169,5907,17,50,2022-07-12 00:21:27.504,0,train,0.0,0
normal,N0169,5908,18,50,2022-07-12 00:21:27.604,0,train,0.0,0
normal,N0169,5909,19,50,2022-07-12 00:21:27.704,0,train,0.005845482590663313,0
normal,N0169,5910,20,50,2022-07-12 00:21:27.804,0,train,0.009052632958696964,0
normal,N0169,5911,21,50,2022-07-12 00:21:27.904,0,train,0.06472528235385802,0
normal,N0169,5912,22,50,2022-07-12 00:21:28.004,0,train,0.01904592487742215,0
normal,N0169,5913,23,50,2022-07-12 00:21:28.104,0,train,0.0,0
normal,N0169,5914,24,50,2022-07-12 00:21:28.204,0,train,0.0,0
normal,N0169,5915,25,50,2022-07-12 00:21:28.304,0,train,0.0,0
normal,N0169,5916,26,50,2022-07-12 00:21:28.404,0,train,0.0,0
normal,N0169,5917,27,50,2022-07-12 00:21:28.504,0,train,0.0,0
normal,N0169,5918,28,50,2022-07-12 00:21:28.604,0,train,0.0,0
normal,N0169,5919,29,50,2022-07-12 00:21:28.704,0,train,0.0,0
normal,N0169,5920,30,50,2022-07-12 00:21:28.804,0,train,0.0,0
normal,N0169,5921,31,50,2022-07-12 00:21:28.904,0,train,0.002998451963478975,0
normal,N0169,5922,32,50,2022-07-12 00:21:29.004,0,train,0.0,0
normal,N0169,5923,33,50,2022-07-12 00:21:29.104,0,train,0.0,0
normal,N0169,5924,34,50,2022-07-12 00:21:29.204,0,train,0.0,0
normal,N0169,5925,35,50,2022-07-12 00:21:29.304,0,train,0.0,0
normal,N0169,5926,36,50,2022-07-12 00:21:29.404,0,train,0.0,0
normal,N0169,5927,37,50,2022-07-12 00:21:29.504,0,train,0.002849108243856958,0
normal,N0169,5928,38,50,2022-07-12 00:21:29.604,0,train,0.01849134701035071,0
normal,N0169,5929,39,50,2022-07-12 00:21:29.704,0,train,0.0,0
normal,N0169,5930,40,50,2022-07-12 00:21:29.804,0,train,0.0,0
normal,N0169,5931,41,50,2022-07-12 00:21:29.904,0,train,0.0,0
normal,N0169,5932,42,50,2022-07-12 00:21:30.004,0,train,0.0,0
normal,N0169,5933,43,50,2022-07-12 00:21:30.104,0,train,0.0,0
normal,N0169,5934,44,50,2022-07-12 00:21:30.204,0,train,0.0,0
normal,N0169,5935,45,50,2022-07-12 00:21:30.304,0,train,0.0,0
normal,N0169,5936,46,50,2022-07-12 00:21:30.404,0,train,0.0,0
normal,N0169,5937,47,50,2022-07-12 00:21:30.504,0,train,0.009626691929145415,0
normal,N0169,5938,48,50,2022-07-12 00:21:30.604,0,train,0.0,0
normal,N0169,5939,49,50,2022-07-12 00:21:30.704,0,train,0.0,0
normal,N0170,5949,9,42,2022-07-12 00:21:34.258,0,train,0.0,0
normal,N0170,5950,10,42,2022-07-12 00:21:34.358,0,train,0.0,0
normal,N0170,5951,11,42,2022-07-12 00:21:34.458,0,train,0.002864114455457549,0
normal,N0170,5952,12,42,2022-07-12 00:21:34.558,0,train,0.0,0
normal,N0170,5953,13,42,2022-07-12 00:21:34.658,0,train,0.0,0
normal,N0170,5954,14,42,2022-07-12 00:21:34.758,0,train,0.0,0
normal,N0170,5955,15,42,2022-07-12 00:21:34.858,0,train,0.0,0
normal,N0170,5956,16,42,2022-07-12 00:21:34.958,0,train,0.0,0
normal,N0170,5957,17,42,2022-07-12 00:21:35.058,0,train,0.0,0
normal,N0170,5958,18,42,2022-07-12 00:21:35.158,0,train,0.0,0
normal,N0170,5959,19,42,2022-07-12 00:21:35.258,0,train,0.0,0
normal,N0170,5960,20,42,2022-07-12 00:21:35.358,0,train,0.0,0
normal,N0170,5961,21,42,2022-07-12 00:21:35.458,0,train,0.0,0
normal,N0170,5962,22,42,2022-07-12 00:21:35.558,0,train,0.0,0
normal,N0170,5963,23,42,2022-07-12 00:21:35.658,0,train,0.0033217653451116484,0
normal,N0170,5964,24,42,2022-07-12 00:21:35.758,0,train,0.0,0
normal,N0170,5965,25,42,2022-07-12 00:21:35.858,0,train,0.0024669753328624864,0
normal,N0170,5966,26,42,2022-07-12 00:21:35.958,0,train,0.0,0
normal,N0170,5967,27,42,2022-07-12 00:21:36.058,0,train,0.0,0
normal,N0170,5968,28,42,2022-07-12 00:21:36.158,0,train,0.0,0
normal,N0170,5969,29,42,2022-07-12 00:21:36.258,0,train,0.002964706620843338,0
normal,N0170,5970,30,42,2022-07-12 00:21:36.358,0,train,0.006261062713407961,0
normal,N0170,5971,31,42,2022-07-12 00:21:36.458,0,train,0.003211220786269122,0
normal,N0170,5972,32,42,2022-07-12 00:21:36.558,0,train,0.0,0
normal,N0170,5973,33,42,2022-07-12 00:21:36.658,0,train,0.006470799250952419,0
normal,N0170,5974,34,42,2022-07-12 00:21:36.758,0,train,0.0,0
normal,N0170,5975,35,42,2022-07-12 00:21:36.858,0,train,0.0,0
normal,N0170,5976,36,42,2022-07-12 00:21:36.958,0,train,0.0,0
normal,N0170,5977,37,42,2022-07-12 00:21:37.058,0,train,0.0,0
normal,N0170,5978,38,42,2022-07-12 00:21:37.158,0,train,0.0,0
normal,N0170,5979,39,42,2022-07-12 00:21:37.258,0,train,0.014949712335222926,0
normal,N0170,5980,40,42,2022-07-12 00:21:37.358,0,train,0.0,0
normal,N0170,5981,41,42,2022-07-12 00:21:37.458,0,train,0.0,0
normal,N0171,5991,9,27,2022-07-12 00:21:42.400,0,train,0.0,0
normal,N0171,5992,10,27,2022-07-12 00:21:42.500,0,train,0.0028137603795966785,0
normal,N0171,5993,11,27,2022-07-12 00:21:42.600,0,train,0.09798300649278557,0
normal,N0171,5994,12,27,2022-07-12 00:21:42.700,0,train,0.0,0
normal,N0171,5995,13,27,2022-07-12 00:21:42.800,0,train,0.0,0
normal,N0171,5996,14,27,2022-07-12 00:21:42.900,0,train,0.0,0
normal,N0171,5997,15,27,2022-07-12 00:21:43.000,0,train,0.0032557096529359005,0
normal,N0171,5998,16,27,2022-07-12 00:21:43.100,0,train,0.0,0
normal,N0171,5999,17,27,2022-07-12 00:21:43.200,0,train,0.009277580037376876,0
normal,N0171,6000,18,27,2022-07-12 00:21:43.300,0,train,0.009421702572150437,0
normal,N0171,6001,19,27,2022-07-12 00:21:43.400,0,train,0.018344432447330257,0
normal,N0171,6002,20,27,2022-07-12 00:21:43.500,0,train,0.006611603065919301,0
normal,N0171,6003,21,27,2022-07-12 00:21:43.600,0,train,0.0,0
normal,N0171,6004,22,27,2022-07-12 00:21:43.700,0,train,0.0,0
normal,N0171,6005,23,27,2022-07-12 00:21:43.800,0,train,0.0,0
normal,N0171,6006,24,27,2022-07-12 00:21:43.900,0,train,0.0,0
normal,N0171,6007,25,27,2022-07-12 00:21:44.000,0,train,0.0030014854144938524,0
normal,N0171,6008,26,27,2022-07-12 00:21:44.100,0,train,0.0,0
normal,N0173,6044,9,14,2022-07-12 00:21:58.162,0,train,0.0,0
normal,N0173,6045,10,14,2022-07-12 00:21:58.262,0,train,0.0,0
normal,N0173,6046,11,14,2022-07-12 00:21:58.362,0,train,0.0,0
normal,N0173,6047,12,14,2022-07-12 00:21:58.462,0,train,0.0028801583675955532,0
normal,N0173,6048,13,14,2022-07-12 00:21:58.562,0,train,0.009646697416235063,0
normal,N0175,6061,9,50,2022-07-12 00:22:07.978,0,train,0.0,0
normal,N0175,6062,10,50,2022-07-12 00:22:08.078,0,train,0.0,0
normal,N0175,6063,11,50,2022-07-12 00:22:08.178,0,train,0.0,0
normal,N0175,6064,12,50,2022-07-12 00:22:08.278,0,train,0.0,0
normal,N0175,6065,13,50,2022-07-12 00:22:08.378,0,train,0.0,0
normal,N0175,6066,14,50,2022-07-12 00:22:08.478,0,train,0.0,0
normal,N0175,6067,15,50,2022-07-12 00:22:08.578,0,train,0.0026457374075624387,0
normal,N0175,6068,16,50,2022-07-12 00:22:08.678,0,train,0.0,0
normal,N0175,6069,17,50,2022-07-12 00:22:08.778,0,train,0.0,0
normal,N0175,6070,18,50,2022-07-12 00:22:08.878,0,train,0.0,0
normal,N0175,6071,19,50,2022-07-12 00:22:08.978,0,train,0.0,0
normal,N0175,6072,20,50,2022-07-12 00:22:09.078,0,train,0.0,0
normal,N0175,6073,21,50,2022-07-12 00:22:09.178,0,train,0.0,0
normal,N0175,6074,22,50,2022-07-12 00:22:09.278,0,train,0.0,0
normal,N0175,6075,23,50,2022-07-12 00:22:09.378,0,train,0.009490226418633391,0
normal,N0175,6076,24,50,2022-07-12 00:22:09.478,0,train,0.0,0
normal,N0175,6077,25,50,2022-07-12 00:22:09.578,0,train,0.0,0
normal,N0175,6078,26,50,2022-07-12 00:22:09.678,0,train,0.0,0
normal,N0175,6079,27,50,2022-07-12 00:22:09.778,0,train,0.0,0
normal,N0175,6080,28,50,2022-07-12 00:22:09.878,0,train,0.0,0
normal,N0175,6081,29,50,2022-07-12 00:22:09.978,0,train,0.0,0
normal,N0175,6082,30,50,2022-07-12 00:22:10.078,0,train,0.0032645621012511393,0
normal,N0175,6083,31,50,2022-07-12 00:22:10.178,0,train,0.0,0
normal,N0175,6084,32,50,2022-07-12 00:22:10.278,0,train,0.0,0
normal,N0175,6085,33,50,2022-07-12 00:22:10.378,0,train,0.0,0
normal,N0175,6086,34,50,2022-07-12 00:22:10.478,0,train,0.0,0
normal,N0175,6087,35,50,2022-07-12 00:22:10.578,0,train,0.0033333333333333335,0
normal,N0175,6088,36,50,2022-07-12 00:22:10.678,0,train,0.0,0
normal,N0175,6089,37,50,2022-07-12 00:22:10.778,0,train,0.0,0
normal,N0175,6090,38,50,2022-07-12 00:22:10.878,0,train,0.0,0
normal,N0175,6091,39,50,2022-07-12 00:22:10.978,0,train,0.0,0
normal,N0175,6092,40,50,2022-07-12 00:22:11.078,0,train,0.0032377147150223677,0
normal,N0175,6093,41,50,2022-07-12 00:22:11.178,0,train,0.0033333333333333335,0
normal,N0175,6094,42,50,2022-07-12 00:22:11.278,0,train,0.0,0
normal,N0175,6095,43,50,2022-07-12 00:22:11.378,0,train,0.0030762714625484646,0
normal,N0175,6096,44,50,2022-07-12 00:22:11.478,0,train,0.006409604795881797,0
normal,N0175,6097,45,50,2022-07-12 00:22:11.578,0,train,0.006409604795881797,0
normal,N0175,6098,46,50,2022-07-12 00:22:11.678,0,train,0.0030762714625484646,0
normal,N0175,6099,47,50,2022-07-12 00:22:11.778,0,train,0.017383669856333994,0
normal,N0175,6100,48,50,2022-07-12 00:22:11.878,0,train,0.01831501320542993,0
normal,N0175,6101,49,50,2022-07-12 00:22:11.978,0,train,0.05523267900173144,0
normal,N0176,6111,9,50,2022-07-12 00:22:14.749,0,train,0.0,0
normal,N0176,6112,10,50,2022-07-12 00:22:14.849,0,train,0.0,0
normal,N0176,6113,11,50,2022-07-12 00:22:14.949,0,train,0.0,0
normal,N0176,6114,12,50,2022-07-12 00:22:15.049,0,train,0.0,0
normal,N0176,6115,13,50,2022-07-12 00:22:15.149,0,train,0.0,0
normal,N0176,6116,14,50,2022-07-12 00:22:15.249,0,train,0.0,0
normal,N0176,6117,15,50,2022-07-12 00:22:15.349,0,train,0.0,0
normal,N0176,6118,16,50,2022-07-12 00:22:15.449,0,train,0.0,0
normal,N0176,6119,17,50,2022-07-12 00:22:15.549,0,train,0.0,0
normal,N0176,6120,18,50,2022-07-12 00:22:15.649,0,train,0.003129082940544116,0
normal,N0176,6121,19,50,2022-07-12 00:22:15.749,0,train,0.003129082940544116,0
normal,N0176,6122,20,50,2022-07-12 00:22:15.849,0,train,0.022566208974254355,0
normal,N0176,6123,21,50,2022-07-12 00:22:15.949,0,train,0.0,0
normal,N0176,6124,22,50,2022-07-12 00:22:16.049,0,train,0.0033333333333333335,0
normal,N0176,6125,23,50,2022-07-12 00:22:16.149,0,train,0.0033137928853088166,0
normal,N0176,6126,24,50,2022-07-12 00:22:16.249,0,train,0.0,0
normal,N0176,6127,25,50,2022-07-12 00:22:16.349,0,train,0.003026437773728461,0
normal,N0176,6128,26,50,2022-07-12 00:22:16.449,0,train,0.0,0
normal,N0176,6129,27,50,2022-07-12 00:22:16.549,0,train,0.0,0
normal,N0176,6130,28,50,2022-07-12 00:22:16.649,0,train,0.0,0
normal,N0176,6131,29,50,2022-07-12 00:22:16.749,0,train,0.0,0
normal,N0176,6132,30,50,2022-07-12 00:22:16.849,0,train,0.0,0
normal,N0176,6133,31,50,2022-07-12 00:22:16.949,0,train,0.0,0
normal,N0176,6134,32,50,2022-07-12 00:22:17.049,0,train,0.005709393200124954,0
normal,N0176,6135,33,50,2022-07-12 00:22:17.149,0,train,0.0,0
normal,N0176,6136,34,50,2022-07-12 00:22:17.249,0,train,0.0,0
normal,N0176,6137,35,50,2022-07-12 00:22:17.349,0,train,0.0,0
normal,N0176,6138,36,50,2022-07-12 00:22:17.449,0,train,0.0,0
normal,N0176,6139,37,50,2022-07-12 00:22:17.549,0,train,0.0,0
normal,N0176,6140,38,50,2022-07-12 00:22:17.649,0,train,0.0,0
normal,N0176,6141,39,50,2022-07-12 00:22:17.749,0,train,0.0,0
normal,N0176,6142,40,50,2022-07-12 00:22:17.849,0,train,0.012688569649601897,0
normal,N0176,6143,41,50,2022-07-12 00:22:17.949,0,train,0.0,0
normal,N0176,6144,42,50,2022-07-12 00:22:18.049,0,train,0.0,0
normal,N0176,6145,43,50,2022-07-12 00:22:18.149,0,train,0.0,0
normal,N0176,6146,44,50,2022-07-12 00:22:18.249,0,train,0.0,0
normal,N0176,6147,45,50,2022-07-12 00:22:18.349,0,train,0.0,0
normal,N0176,6148,46,50,2022-07-12 00:22:18.449,0,train,0.0,0
normal,N0176,6149,47,50,2022-07-12 00:22:18.549,0,train,0.0,0
normal,N0176,6150,48,50,2022-07-12 00:22:18.649,0,train,0.0,0
normal,N0176,6151,49,50,2022-07-12 00:22:18.749,0,train,0.0,0
normal,N0178,6207,9,32,2022-07-12 00:22:29.976,0,train,0.45887514605010543,1
normal,N0178,6208,10,32,2022-07-12 00:22:30.076,0,train,0.5211041979196519,1
normal,N0178,6209,11,32,2022-07-12 00:22:30.176,0,train,0.706412839121736,1
normal,N0178,6210,12,32,2022-07-12 00:22:30.276,0,train,0.5933995365129902,1
normal,N0178,6211,13,32,2022-07-12 00:22:30.376,0,train,0.4922254057990418,1
normal,N0178,6212,14,32,2022-07-12 00:22:30.476,0,train,0.5125822137848028,1
normal,N0178,6213,15,32,2022-07-12 00:22:30.576,0,train,0.5237105059665175,1
normal,N0178,6214,16,32,2022-07-12 00:22:30.676,0,train,0.2873902813263536,0
normal,N0178,6215,17,32,2022-07-12 00:22:30.776,0,train,0.3299049677112395,0
normal,N0178,6216,18,32,2022-07-12 00:22:30.876,0,train,0.29829658275466364,0
normal,N0178,6217,19,32,2022-07-12 00:22:30.976,0,train,0.23476600232030886,0
normal,N0178,6218,20,32,2022-07-12 00:22:31.076,0,train,0.15259749548810345,0
normal,N0178,6219,21,32,2022-07-12 00:22:31.176,0,train,0.15275631822175204,0
normal,N0178,6220,22,32,2022-07-12 00:22:31.276,0,train,0.14159089065540378,0
normal,N0178,6221,23,32,2022-07-12 00:22:31.376,0,train,0.08788942875489195,0
normal,N0178,6222,24,32,2022-07-12 00:22:31.476,0,train,0.0740805490545436,0
normal,N0178,6223,25,32,2022-07-12 00:22:31.576,0,train,0.12529903791245728,0
normal,N0178,6224,26,32,2022-07-12 00:22:31.676,0,train,0.3091337618558718,0
normal,N0178,6225,27,32,2022-07-12 00:22:31.776,0,train,0.3584646966992626,1
normal,N0178,6226,28,32,2022-07-12 00:22:31.876,0,train,0.33050770213247915,0
normal,N0178,6227,29,32,2022-07-12 00:22:31.976,0,train,0.059096160696351895,0
normal,N0178,6228,30,32,2022-07-12 00:22:32.076,0,train,0.0469681652043865,0
normal,N0178,6229,31,32,2022-07-12 00:22:32.176,0,train,0.015968535082990544,0
normal,N0179,6239,9,20,2022-07-12 00:22:37.972,0,train,0.0,0
normal,N0179,6240,10,20,2022-07-12 00:22:38.072,0,train,0.0,0
normal,N0179,6241,11,20,2022-07-12 00:22:38.172,0,train,0.0,0
normal,N0179,6242,12,20,2022-07-12 00:22:38.272,0,train,0.0,0
normal,N0179,6243,13,20,2022-07-12 00:22:38.372,0,train,0.0,0
normal,N0179,6244,14,20,2022-07-12 00:22:38.472,0,train,0.0,0
normal,N0179,6245,15,20,2022-07-12 00:22:38.572,0,train,0.0,0
normal,N0179,6246,16,20,2022-07-12 00:22:38.672,0,train,0.0,0
normal,N0179,6247,17,20,2022-07-12 00:22:38.772,0,train,0.0,0
normal,N0179,6248,18,20,2022-07-12 00:22:38.872,0,train,0.0,0
normal,N0179,6249,19,20,2022-07-12 00:22:38.972,0,train,0.009419079378145291,0
normal,N0181,6266,9,50,2022-07-12 00:22:54.836,0,train,0.0,0
normal,N0181,6267,10,50,2022-07-12 00:22:54.936,0,train,0.0,0
normal,N0181,6268,11,50,2022-07-12 00:22:55.036,0,train,0.006406685594632306,0
normal,N0181,6269,12,50,2022-07-12 00:22:55.136,0,train,0.0029840215155829772,0
normal,N0181,6270,13,50,2022-07-12 00:22:55.236,0,train,0.0,0
normal,N0181,6271,14,50,2022-07-12 00:22:55.336,0,train,0.0,0
normal,N0181,6272,15,50,2022-07-12 00:22:55.436,0,train,0.0,0
normal,N0181,6273,16,50,2022-07-12 00:22:55.536,0,train,0.0,0
normal,N0181,6274,17,50,2022-07-12 00:22:55.636,0,train,0.0,0
normal,N0181,6275,18,50,2022-07-12 00:22:55.736,0,train,0.0,0
normal,N0181,6276,19,50,2022-07-12 00:22:55.836,0,train,0.002867328054367283,0
normal,N0181,6277,20,50,2022-07-12 00:22:55.936,0,train,0.003259160056316747,0
normal,N0181,6278,21,50,2022-07-12 00:22:56.036,0,train,0.0,0
normal,N0181,6279,22,50,2022-07-12 00:22:56.136,0,train,0.0,0
normal,N0181,6280,23,50,2022-07-12 00:22:56.236,0,train,0.0,0
normal,N0181,6281,24,50,2022-07-12 00:22:56.336,0,train,0.0,0
normal,N0181,6282,25,50,2022-07-12 00:22:56.436,0,train,0.0,0
normal,N0181,6283,26,50,2022-07-12 00:22:56.536,0,train,0.0,0
normal,N0181,6284,27,50,2022-07-12 00:22:56.636,0,train,0.0,0
normal,N0181,6285,28,50,2022-07-12 00:22:56.736,0,train,0.0060777010219665506,0
normal,N0181,6286,29,50,2022-07-12 00:22:56.836,0,train,0.0,0
normal,N0181,6287,30,50,2022-07-12 00:22:56.936,0,train,0.0,0
normal,N0181,6288,31,50,2022-07-12 00:22:57.036,0,train,0.0,0
normal,N0181,6289,32,50,2022-07-12 00:22:57.136,0,train,0.0,0
normal,N0181,6290,33,50,2022-07-12 00:22:57.236,0,train,0.0,0
normal,N0181,6291,34,50,2022-07-12 00:22:57.336,0,train,0.0,0
normal,N0181,6292,35,50,2022-07-12 00:22:57.436,0,train,0.0,0
normal,N0181,6293,36,50,2022-07-12 00:22:57.536,0,train,0.0,0
normal,N0181,6294,37,50,2022-07-12 00:22:57.636,0,train,0.0,0
normal,N0181,6295,38,50,2022-07-12 00:22:57.736,0,train,0.003072578551025708,0
normal,N0181,6296,39,50,2022-07-12 00:22:57.836,0,train,0.0,0
normal,N0181,6297,40,50,2022-07-12 00:22:57.936,0,train,0.0,0
normal,N0181,6298,41,50,2022-07-12 00:22:58.036,0,train,0.0,0
normal,N0181,6299,42,50,2022-07-12 00:22:58.136,0,train,0.0,0
normal,N0181,6300,43,50,2022-07-12 00:22:58.236,0,train,0.0,0
normal,N0181,6301,44,50,2022-07-12 00:22:58.336,0,train,0.0,0
normal,N0181,6302,45,50,2022-07-12 00:22:58.436,0,train,0.0,0
normal,N0181,6303,46,50,2022-07-12 00:22:58.536,0,train,0.0,0
normal,N0181,6304,47,50,2022-07-12 00:22:58.636,0,train,0.0,0
normal,N0181,6305,48,50,2022-07-12 00:22:58.736,0,train,0.0,0
normal,N0181,6306,49,50,2022-07-12 00:22:58.836,0,train,0.00616254761753715,0
normal,N0183,6363,9,32,2022-07-12 00:23:10.120,0,train,0.0,0
normal,N0183,6364,10,32,2022-07-12 00:23:10.220,0,train,0.0,0
normal,N0183,6365,11,32,2022-07-12 00:23:10.320,0,train,0.021477933777828622,0
normal,N0183,6366,12,32,2022-07-12 00:23:10.420,0,train,0.006069542138280563,0
normal,N0183,6367,13,32,2022-07-12 00:23:10.520,0,train,0.0,0
normal,N0183,6368,14,32,2022-07-12 00:23:10.620,0,train,0.0,0
normal,N0183,6369,15,32,2022-07-12 00:23:10.720,0,train,0.0,0
normal,N0183,6370,16,32,2022-07-12 00:23:10.820,0,train,0.0,0
normal,N0183,6371,17,32,2022-07-12 00:23:10.920,0,train,0.0,0
normal,N0183,6372,18,32,2022-07-12 00:23:11.020,0,train,0.0,0
normal,N0183,6373,19,32,2022-07-12 00:23:11.120,0,train,0.0,0
normal,N0183,6374,20,32,2022-07-12 00:23:11.220,0,train,0.0,0
normal,N0183,6375,21,32,2022-07-12 00:23:11.320,0,train,0.0,0
normal,N0183,6376,22,32,2022-07-12 00:23:11.420,0,train,0.0,0
normal,N0183,6377,23,32,2022-07-12 00:23:11.520,0,train,0.0,0
normal,N0183,6378,24,32,2022-07-12 00:23:11.620,0,train,0.0,0
normal,N0183,6379,25,32,2022-07-12 00:23:11.720,0,train,0.0,0
normal,N0183,6380,26,32,2022-07-12 00:23:11.820,0,train,0.0,0
normal,N0183,6381,27,32,2022-07-12 00:23:11.920,0,train,0.0,0
normal,N0183,6382,28,32,2022-07-12 00:23:12.020,0,train,0.0,0
normal,N0183,6383,29,32,2022-07-12 00:23:12.120,0,train,0.0,0
normal,N0183,6384,30,32,2022-07-12 00:23:12.220,0,train,0.0,0
normal,N0183,6385,31,32,2022-07-12 00:23:12.320,0,train,0.0,0
normal,N0184,6395,9,33,2022-07-12 00:23:18.104,0,train,0.0,0
normal,N0184,6396,10,33,2022-07-12 00:23:18.204,0,train,0.0,0
normal,N0184,6397,11,33,2022-07-12 00:23:18.304,0,train,0.0,0
normal,N0184,6398,12,33,2022-07-12 00:23:18.404,0,train,0.0,0
normal,N0184,6399,13,33,2022-07-12 00:23:18.504,0,train,0.0,0
normal,N0184,6400,14,33,2022-07-12 00:23:18.604,0,train,0.0,0
normal,N0184,6401,15,33,2022-07-12 00:23:18.704,0,train,0.0,0
normal,N0184,6402,16,33,2022-07-12 00:23:18.804,0,train,0.0,0
normal,N0184,6403,17,33,2022-07-12 00:23:18.904,0,train,0.0,0
normal,N0184,6404,18,33,2022-07-12 00:23:19.004,0,train,0.0,0
normal,N0184,6405,19,33,2022-07-12 00:23:19.104,0,train,0.0,0
normal,N0184,6406,20,33,2022-07-12 00:23:19.204,0,train,0.0,0
normal,N0184,6407,21,33,2022-07-12 00:23:19.304,0,train,0.0,0
normal,N0184,6408,22,33,2022-07-12 00:23:19.404,0,train,0.0,0
normal,N0184,6409,23,33,2022-07-12 00:23:19.504,0,train,0.0,0
normal,N0184,6410,24,33,2022-07-12 00:23:19.604,0,train,0.0,0
normal,N0184,6411,25,33,2022-07-12 00:23:19.704,0,train,0.0,0
normal,N0184,6412,26,33,2022-07-12 00:23:19.804,0,train,0.0,0
normal,N0184,6413,27,33,2022-07-12 00:23:19.904,0,train,0.0,0
normal,N0184,6414,28,33,2022-07-12 00:23:20.004,0,train,0.0,0
normal,N0184,6415,29,33,2022-07-12 00:23:20.104,0,train,0.06788210505009205,0
normal,N0184,6416,30,33,2022-07-12 00:23:20.204,0,train,0.005778379557965812,0
normal,N0184,6417,31,33,2022-07-12 00:23:20.304,0,train,0.0,0
normal,N0184,6418,32,33,2022-07-12 00:23:20.404,0,train,0.0,0
normal,N0185,6428,9,22,2022-07-12 00:23:26.044,0,train,0.0033333333333333335,0
normal,N0185,6429,10,22,2022-07-12 00:23:26.144,0,train,0.002748893325232184,0
normal,N0185,6430,11,22,2022-07-12 00:23:26.244,0,train,0.0,0
normal,N0185,6431,12,22,2022-07-12 00:23:26.344,0,train,0.0,0
normal,N0185,6432,13,22,2022-07-12 00:23:26.444,0,train,0.005982326646850175,0
normal,N0185,6433,14,22,2022-07-12 00:23:26.544,0,train,0.0,0
normal,N0185,6434,15,22,2022-07-12 00:23:26.644,0,train,0.0,0
normal,N0185,6435,16,22,2022-07-12 00:23:26.744,0,train,0.0,0
normal,N0185,6436,17,22,2022-07-12 00:23:26.844,0,train,0.0,0
normal,N0185,6437,18,22,2022-07-12 00:23:26.944,0,train,0.006091206485950459,0
normal,N0185,6438,19,22,2022-07-12 00:23:27.044,0,train,0.0,0
normal,N0185,6439,20,22,2022-07-12 00:23:27.144,0,train,0.0030575016950246986,0
normal,N0185,6440,21,22,2022-07-12 00:23:27.244,0,train,0.0,0
normal,N0188,6509,9,50,2022-07-12 00:23:49.875,0,train,0.0,0
normal,N0188,6510,10,50,2022-07-12 00:23:49.975,0,train,0.0,0
normal,N0188,6511,11,50,2022-07-12 00:23:50.075,0,train,0.0,0
normal,N0188,6512,12,50,2022-07-12 00:23:50.175,0,train,0.0,0
normal,N0188,6513,13,50,2022-07-12 00:23:50.275,0,train,0.0,0
normal,N0188,6514,14,50,2022-07-12 00:23:50.375,0,train,0.0033165804488931878,0
normal,N0188,6515,15,50,2022-07-12 00:23:50.475,0,train,0.0033165804488931878,0
normal,N0188,6516,16,50,2022-07-12 00:23:50.575,0,train,0.006649913782226521,0
normal,N0188,6517,17,50,2022-07-12 00:23:50.675,0,train,0.0033165804488931878,0
normal,N0188,6518,18,50,2022-07-12 00:23:50.775,0,train,0.006597209840888299,0
normal,N0188,6519,19,50,2022-07-12 00:23:50.875,0,train,0.0033165804488931878,0
normal,N0188,6520,20,50,2022-07-12 00:23:50.975,0,train,0.0033165804488931878,0
normal,N0188,6521,21,50,2022-07-12 00:23:51.075,0,train,0.0033165804488931878,0
normal,N0188,6522,22,50,2022-07-12 00:23:51.175,0,train,0.0033165804488931878,0
normal,N0188,6523,23,50,2022-07-12 00:23:51.275,0,train,0.0033165804488931878,0
normal,N0188,6524,24,50,2022-07-12 00:23:51.375,0,train,0.0,0
normal,N0188,6525,25,50,2022-07-12 00:23:51.475,0,train,0.0,0
normal,N0188,6526,26,50,2022-07-12 00:23:51.575,0,train,0.0,0
normal,N0188,6527,27,50,2022-07-12 00:23:51.675,0,train,0.0,0
normal,N0188,6528,28,50,2022-07-12 00:23:51.775,0,train,0.005960706316505711,0
normal,N0188,6529,29,50,2022-07-12 00:23:51.875,0,train,0.0,0
normal,N0188,6530,30,50,2022-07-12 00:23:51.975,0,train,0.0,0
normal,N0188,6531,31,50,2022-07-12 00:23:52.075,0,train,0.0,0
normal,N0188,6532,32,50,2022-07-12 00:23:52.175,0,train,0.0,0
normal,N0188,6533,33,50,2022-07-12 00:23:52.275,0,train,0.0,0
normal,N0188,6534,34,50,2022-07-12 00:23:52.375,0,train,0.0,0
normal,N0188,6535,35,50,2022-07-12 00:23:52.475,0,train,0.0,0
normal,N0188,6536,36,50,2022-07-12 00:23:52.575,0,train,0.0,0
normal,N0188,6537,37,50,2022-07-12 00:23:52.675,0,train,0.0,0
normal,N0188,6538,38,50,2022-07-12 00:23:52.775,0,train,0.0,0
normal,N0188,6539,39,50,2022-07-12 00:23:52.875,0,train,0.0,0
normal,N0188,6540,40,50,2022-07-12 00:23:52.975,0,train,0.0,0
normal,N0188,6541,41,50,2022-07-12 00:23:53.075,0,train,0.0,0
normal,N0188,6542,42,50,2022-07-12 00:23:53.175,0,train,0.003248814677386107,0
normal,N0188,6543,43,50,2022-07-12 00:23:53.275,0,train,0.0,0
normal,N0188,6544,44,50,2022-07-12 00:23:53.375,0,train,0.0,0
normal,N0188,6545,45,50,2022-07-12 00:23:53.475,0,train,0.0,0
normal,N0188,6546,46,50,2022-07-12 00:23:53.575,0,train,0.0,0
normal,N0188,6547,47,50,2022-07-12 00:23:53.675,0,train,0.0,0
normal,N0188,6548,48,50,2022-07-12 00:23:53.775,0,train,0.0,0
normal,N0188,6549,49,50,2022-07-12 00:23:53.875,0,train,0.0,0
normal,N0189,6559,9,36,2022-07-12 00:23:57.887,0,train,0.0026457374075624387,0
normal,N0189,6560,10,36,2022-07-12 00:23:57.987,0,train,0.0,0
normal,N0189,6561,11,36,2022-07-12 00:23:58.087,0,train,0.0,0
normal,N0189,6562,12,36,2022-07-12 00:23:58.187,0,train,0.0,0
normal,N0189,6563,13,36,2022-07-12 00:23:58.287,0,train,0.0,0
normal,N0189,6564,14,36,2022-07-12 00:23:58.387,0,train,0.0,0
normal,N0189,6565,15,36,2022-07-12 00:23:58.487,0,train,0.0,0
normal,N0189,6566,16,36,2022-07-12 00:23:58.587,0,train,0.0,0
normal,N0189,6567,17,36,2022-07-12 00:23:58.687,0,train,0.015470563684138685,0
normal,N0189,6568,18,36,2022-07-12 00:23:58.787,0,train,0.02229117571981058,0
normal,N0189,6569,19,36,2022-07-12 00:23:58.887,0,train,0.0,0
normal,N0189,6570,20,36,2022-07-12 00:23:58.987,0,train,0.0,0
normal,N0189,6571,21,36,2022-07-12 00:23:59.087,0,train,0.0030958222920142633,0
normal,N0189,6572,22,36,2022-07-12 00:23:59.187,0,train,0.0,0
normal,N0189,6573,23,36,2022-07-12 00:23:59.287,0,train,0.0,0
normal,N0189,6574,24,36,2022-07-12 00:23:59.387,0,train,0.0,0
normal,N0189,6575,25,36,2022-07-12 00:23:59.487,0,train,0.03349609227753963,0
normal,N0189,6576,26,36,2022-07-12 00:23:59.587,0,train,0.04357087652409666,0
normal,N0189,6577,27,36,2022-07-12 00:23:59.687,0,train,0.006274149341468585,0
normal,N0189,6578,28,36,2022-07-12 00:23:59.787,0,train,0.0,0
normal,N0189,6579,29,36,2022-07-12 00:23:59.887,0,train,0.0,0
normal,N0189,6580,30,36,2022-07-12 00:23:59.987,0,train,0.0,0
normal,N0189,6581,31,36,2022-07-12 00:24:00.087,0,train,0.0,0
normal,N0189,6582,32,36,2022-07-12 00:24:00.187,0,train,0.0,0
normal,N0189,6583,33,36,2022-07-12 00:24:00.287,0,train,0.0,0
normal,N0189,6584,34,36,2022-07-12 00:24:00.387,0,train,0.015534763533585056,0
normal,N0189,6585,35,36,2022-07-12 00:24:00.487,0,train,0.0,0
normal,N0190,6595,9,26,2022-07-12 00:24:05.840,0,train,0.0,0
normal,N0190,6596,10,26,2022-07-12 00:24:05.940,0,train,0.003312162091228807,0
normal,N0190,6597,11,26,2022-07-12 00:24:06.040,0,train,0.0,0
normal,N0190,6598,12,26,2022-07-12 00:24:06.140,0,train,0.0,0
normal,N0190,6599,13,26,2022-07-12 00:24:06.240,0,train,0.003260190240719755,0
normal,N0190,6600,14,26,2022-07-12 00:24:06.340,0,train,0.01846299459671116,0
normal,N0190,6601,15,26,2022-07-12 00:24:06.440,0,train,0.015240704458161851,0
normal,N0190,6602,16,26,2022-07-12 00:24:06.540,0,train,0.00587829419813328,0
normal,N0190,6603,17,26,2022-07-12 00:24:06.640,0,train,0.012471817772186367,0
normal,N0190,6604,18,26,2022-07-12 00:24:06.740,0,train,0.006577564898623149,0
normal,N0190,6605,19,26,2022-07-12 00:24:06.840,0,train,0.003290553700612132,0
normal,N0190,6606,20,26,2022-07-12 00:24:06.940,0,train,0.034382716851249114,0
normal,N0190,6607,21,26,2022-07-12 00:24:07.040,0,train,0.030768774926608226,0
normal,N0190,6608,22,26,2022-07-12 00:24:07.140,0,train,0.012578388315302435,0
normal,N0190,6609,23,26,2022-07-12 00:24:07.240,0,train,0.024451615338317113,0
normal,N0190,6610,24,26,2022-07-12 00:24:07.340,0,train,0.0,0
normal,N0190,6611,25,26,2022-07-12 00:24:07.440,0,train,0.002939950866063376,0
normal,N0191,6621,9,12,2022-07-12 00:24:13.820,0,train,0.0,0
normal,N0191,6622,10,12,2022-07-12 00:24:13.920,0,train,0.0,0
normal,N0191,6623,11,12,2022-07-12 00:24:14.020,0,train,0.0,0
normal,N0193,6683,9,50,2022-07-12 00:24:30.496,0,train,0.005835520109036503,0
normal,N0193,6684,10,50,2022-07-12 00:24:30.596,0,train,0.0032102157102157094,0
normal,N0193,6685,11,50,2022-07-12 00:24:30.696,0,train,0.009147000199613358,0
normal,N0193,6686,12,50,2022-07-12 00:24:30.796,0,train,0.0032891440501043837,0
normal,N0193,6687,13,50,2022-07-12 00:24:30.896,0,train,0.0,0
normal,N0193,6688,14,50,2022-07-12 00:24:30.996,0,train,0.0,0
normal,N0193,6689,15,50,2022-07-12 00:24:31.096,0,train,0.0,0
normal,N0193,6690,16,50,2022-07-12 00:24:31.196,0,train,0.0,0
normal,N0193,6691,17,50,2022-07-12 00:24:31.296,0,train,0.0,0
normal,N0193,6692,18,50,2022-07-12 00:24:31.396,0,train,0.0,0
normal,N0193,6693,19,50,2022-07-12 00:24:31.496,0,train,0.0,0
normal,N0193,6694,20,50,2022-07-12 00:24:31.596,0,train,0.0,0
normal,N0193,6695,21,50,2022-07-12 00:24:31.696,0,train,0.0,0
normal,N0193,6696,22,50,2022-07-12 00:24:31.796,0,train,0.0,0
normal,N0193,6697,23,50,2022-07-12 00:24:31.896,0,train,0.0,0
normal,N0193,6698,24,50,2022-07-12 00:24:31.996,0,train,0.0,0
normal,N0193,6699,25,50,2022-07-12 00:24:32.096,0,train,0.0,0
normal,N0193,6700,26,50,2022-07-12 00:24:32.196,0,train,0.0,0
normal,N0193,6701,27,50,2022-07-12 00:24:32.296,0,train,0.0,0
normal,N0193,6702,28,50,2022-07-12 00:24:32.396,0,train,0.0,0
normal,N0193,6703,29,50,2022-07-12 00:24:32.496,0,train,0.0,0
normal,N0193,6704,30,50,2022-07-12 00:24:32.596,0,train,0.0,0
normal,N0193,6705,31,50,2022-07-12 00:24:32.696,0,train,0.0,0
normal,N0193,6706,32,50,2022-07-12 00:24:32.796,0,train,0.0,0
normal,N0193,6707,33,50,2022-07-12 00:24:32.896,0,train,0.0,0
normal,N0193,6708,34,50,2022-07-12 00:24:32.996,0,train,0.0,0
normal,N0193,6709,35,50,2022-07-12 00:24:33.096,0,train,0.0,0
normal,N0193,6710,36,50,2022-07-12 00:24:33.196,0,train,0.0,0
normal,N0193,6711,37,50,2022-07-12 00:24:33.296,0,train,0.0,0
normal,N0193,6712,38,50,2022-07-12 00:24:33.396,0,train,0.0,0
normal,N0193,6713,39,50,2022-07-12 00:24:33.496,0,train,0.0,0
normal,N0193,6714,40,50,2022-07-12 00:24:33.596,0,train,0.0,0
normal,N0193,6715,41,50,2022-07-12 00:24:33.696,0,train,0.0,0
normal,N0193,6716,42,50,2022-07-12 00:24:33.796,0,train,0.0,0
normal,N0193,6717,43,50,2022-07-12 00:24:33.896,0,train,0.0,0
normal,N0193,6718,44,50,2022-07-12 00:24:33.996,0,train,0.0,0
normal,N0193,6719,45,50,2022-07-12 00:24:34.096,0,train,0.003276071069857653,0
normal,N0193,6720,46,50,2022-07-12 00:24:34.196,0,train,0.0,0
normal,N0193,6721,47,50,2022-07-12 00:24:34.296,0,train,0.0,0
normal,N0193,6722,48,50,2022-07-12 00:24:34.396,0,train,0.0,0
normal,N0193,6723,49,50,2022-07-12 00:24:34.496,0,train,0.0,0
normal,N0194,6733,9,42,2022-07-12 00:24:37.906,0,train,0.0,0
normal,N0194,6734,10,42,2022-07-12 00:24:38.006,0,train,0.0,0
normal,N0194,6735,11,42,2022-07-12 00:24:38.106,0,train,0.0,0
normal,N0194,6736,12,42,2022-07-12 00:24:38.206,0,train,0.0,0
normal,N0194,6737,13,42,2022-07-12 00:24:38.306,0,train,0.0,0
normal,N0194,6738,14,42,2022-07-12 00:24:38.406,0,train,0.0,0
normal,N0194,6739,15,42,2022-07-12 00:24:38.506,0,train,0.0,0
normal,N0194,6740,16,42,2022-07-12 00:24:38.606,0,train,0.0,0
normal,N0194,6741,17,42,2022-07-12 00:24:38.706,0,train,0.0,0
normal,N0194,6742,18,42,2022-07-12 00:24:38.806,0,train,0.0,0
normal,N0194,6743,19,42,2022-07-12 00:24:38.906,0,train,0.0,0
normal,N0194,6744,20,42,2022-07-12 00:24:39.006,0,train,0.0,0
normal,N0194,6745,21,42,2022-07-12 00:24:39.106,0,train,0.018700270614647192,0
normal,N0194,6746,22,42,2022-07-12 00:24:39.206,0,train,0.006039763994932639,0
normal,N0194,6747,23,42,2022-07-12 00:24:39.306,0,train,0.0,0
normal,N0194,6748,24,42,2022-07-12 00:24:39.406,0,train,0.0,0
normal,N0194,6749,25,42,2022-07-12 00:24:39.506,0,train,0.0,0
normal,N0194,6750,26,42,2022-07-12 00:24:39.606,0,train,0.0,0
normal,N0194,6751,27,42,2022-07-12 00:24:39.706,0,train,0.0,0
normal,N0194,6752,28,42,2022-07-12 00:24:39.806,0,train,0.0,0
normal,N0194,6753,29,42,2022-07-12 00:24:39.906,0,train,0.0,0
normal,N0194,6754,30,42,2022-07-12 00:24:40.006,0,train,0.0058150463629746,0
normal,N0194,6755,31,42,2022-07-12 00:24:40.106,0,train,0.009677855342657173,0
normal,N0194,6756,32,42,2022-07-12 00:24:40.206,0,train,0.0,0
normal,N0194,6757,33,42,2022-07-12 00:24:40.306,0,train,0.0,0
normal,N0194,6758,34,42,2022-07-12 00:24:40.406,0,train,0.0,0
normal,N0194,6759,35,42,2022-07-12 00:24:40.506,0,train,0.0,0
normal,N0194,6760,36,42,2022-07-12 00:24:40.606,0,train,0.0,0
normal,N0194,6761,37,42,2022-07-12 00:24:40.706,0,train,0.0029567472967060443,0
normal,N0194,6762,38,42,2022-07-12 00:24:40.806,0,train,0.025882972648900677,0
normal,N0194,6763,39,42,2022-07-12 00:24:40.906,0,train,0.0,0
normal,N0194,6764,40,42,2022-07-12 00:24:41.006,0,train,0.0,0
normal,N0194,6765,41,42,2022-07-12 00:24:41.106,0,train,0.0,0
normal,N0195,6775,9,29,2022-07-12 00:24:45.975,0,train,0.0,0
normal,N0195,6776,10,29,2022-07-12 00:24:46.075,0,train,0.03172606856259314,0
normal,N0195,6777,11,29,2022-07-12 00:24:46.175,0,train,0.028607332330012336,0
normal,N0195,6778,12,29,2022-07-12 00:24:46.275,0,train,0.03543616985794539,0
normal,N0195,6779,13,29,2022-07-12 00:24:46.375,0,train,0.05206357206702674,0
normal,N0195,6780,14,29,2022-07-12 00:24:46.475,0,train,0.1251821346176573,0
normal,N0195,6781,15,29,2022-07-12 00:24:46.575,0,train,0.06302698087541027,0
normal,N0195,6782,16,29,2022-07-12 00:24:46.675,0,train,0.06921218930457936,0
normal,N0195,6783,17,29,2022-07-12 00:24:46.775,0,train,0.012312672303531653,0
normal,N0195,6784,18,29,2022-07-12 00:24:46.875,0,train,0.11177872239396235,0
normal,N0195,6785,19,29,2022-07-12 00:24:46.975,0,train,0.06688654087798092,0
normal,N0195,6786,20,29,2022-07-12 00:24:47.075,0,train,0.07187086807223352,0
normal,N0195,6787,21,29,2022-07-12 00:24:47.175,0,train,0.043991320777541365,0
normal,N0195,6788,22,29,2022-07-12 00:24:47.275,0,train,0.002965329324438598,0
normal,N0195,6789,23,29,2022-07-12 00:24:47.375,0,train,0.0,0
normal,N0195,6790,24,29,2022-07-12 00:24:47.475,0,train,0.0,0
normal,N0195,6791,25,29,2022-07-12 00:24:47.575,0,train,0.0,0
normal,N0195,6792,26,29,2022-07-12 00:24:47.675,0,train,0.0,0
normal,N0195,6793,27,29,2022-07-12 00:24:47.775,0,train,0.0,0
normal,N0195,6794,28,29,2022-07-12 00:24:47.875,0,train,0.012997120781672372,0
normal,N0196,6804,9,18,2022-07-12 00:24:54.036,0,train,0.0,0
normal,N0196,6805,10,18,2022-07-12 00:24:54.136,0,train,0.0,0
normal,N0196,6806,11,18,2022-07-12 00:24:54.236,0,train,0.0,0
normal,N0196,6807,12,18,2022-07-12 00:24:54.336,0,train,0.0,0
normal,N0196,6808,13,18,2022-07-12 00:24:54.436,0,train,0.0,0
normal,N0196,6809,14,18,2022-07-12 00:24:54.536,0,train,0.0,0
normal,N0196,6810,15,18,2022-07-12 00:24:54.636,0,train,0.0,0
normal,N0196,6811,16,18,2022-07-12 00:24:54.736,0,train,0.0,0
normal,N0196,6812,17,18,2022-07-12 00:24:54.836,0,train,0.0,0
normal,N0198,6828,9,50,2022-07-12 00:25:11.048,0,train,0.02509380417135839,0
normal,N0198,6829,10,50,2022-07-12 00:25:11.148,0,train,0.009578563108548675,0
normal,N0198,6830,11,50,2022-07-12 00:25:11.248,0,train,0.0,0
normal,N0198,6831,12,50,2022-07-12 00:25:11.348,0,train,0.0,0
normal,N0198,6832,13,50,2022-07-12 00:25:11.448,0,train,0.0,0
normal,N0198,6833,14,50,2022-07-12 00:25:11.548,0,train,0.0,0
normal,N0198,6834,15,50,2022-07-12 00:25:11.648,0,train,0.0,0
normal,N0198,6835,16,50,2022-07-12 00:25:11.748,0,train,0.0,0
normal,N0198,6836,17,50,2022-07-12 00:25:11.848,0,train,0.012998854479344506,0
normal,N0198,6837,18,50,2022-07-12 00:25:11.948,0,train,0.011973944966684028,0
normal,N0198,6838,19,50,2022-07-12 00:25:12.048,0,train,0.0032108470908460765,0
normal,N0198,6839,20,50,2022-07-12 00:25:12.148,0,train,0.0,0
normal,N0198,6840,21,50,2022-07-12 00:25:12.248,0,train,0.0,0
normal,N0198,6841,22,50,2022-07-12 00:25:12.348,0,train,0.0,0
normal,N0198,6842,23,50,2022-07-12 00:25:12.448,0,train,0.0,0
normal,N0198,6843,24,50,2022-07-12 00:25:12.548,0,train,0.0,0
normal,N0198,6844,25,50,2022-07-12 00:25:12.648,0,train,0.0059694916199559385,0
normal,N0198,6845,26,50,2022-07-12 00:25:12.748,0,train,0.01240015206720621,0
normal,N0198,6846,27,50,2022-07-12 00:25:12.848,0,train,0.0,0
normal,N0198,6847,28,50,2022-07-12 00:25:12.948,0,train,0.0,0
normal,N0198,6848,29,50,2022-07-12 00:25:13.048,0,train,0.0,0
normal,N0198,6849,30,50,2022-07-12 00:25:13.148,0,train,0.0,0
normal,N0198,6850,31,50,2022-07-12 00:25:13.248,0,train,0.0,0
normal,N0198,6851,32,50,2022-07-12 00:25:13.348,0,train,0.0,0
normal,N0198,6852,33,50,2022-07-12 00:25:13.448,0,train,0.0,0
normal,N0198,6853,34,50,2022-07-12 00:25:13.548,0,train,0.003069774971669095,0
normal,N0198,6854,35,50,2022-07-12 00:25:13.648,0,train,0.0,0
normal,N0198,6855,36,50,2022-07-12 00:25:13.748,0,train,0.00579391362464483,0
normal,N0198,6856,37,50,2022-07-12 00:25:13.848,0,train,0.0,0
normal,N0198,6857,38,50,2022-07-12 00:25:13.948,0,train,0.0,0
normal,N0198,6858,39,50,2022-07-12 00:25:14.048,0,train,0.0,0
normal,N0198,6859,40,50,2022-07-12 00:25:14.148,0,train,0.0,0
normal,N0198,6860,41,50,2022-07-12 00:25:14.248,0,train,0.0,0
normal,N0198,6861,42,50,2022-07-12 00:25:14.348,0,train,0.0,0
normal,N0198,6862,43,50,2022-07-12 00:25:14.448,0,train,0.0,0
normal,N0198,6863,44,50,2022-07-12 00:25:14.548,0,train,0.0,0
normal,N0198,6864,45,50,2022-07-12 00:25:14.648,0,train,0.0,0
normal,N0198,6865,46,50,2022-07-12 00:25:14.748,0,train,0.0,0
normal,N0198,6866,47,50,2022-07-12 00:25:14.848,0,train,0.0,0
normal,N0198,6867,48,50,2022-07-12 00:25:14.948,0,train,0.0,0
normal,N0198,6868,49,50,2022-07-12 00:25:15.048,0,train,0.0,0
normal,N0199,6878,9,49,2022-07-12 00:25:17.984,0,train,0.0029769194536033907,0
normal,N0199,6879,10,49,2022-07-12 00:25:18.084,0,train,0.0029769194536033907,0
normal,N0199,6880,11,49,2022-07-12 00:25:18.184,0,train,0.0,0
normal,N0199,6881,12,49,2022-07-12 00:25:18.284,0,train,0.0,0
normal,N0199,6882,13,49,2022-07-12 00:25:18.384,0,train,0.003172480814986093,0
normal,N0199,6883,14,49,2022-07-12 00:25:18.484,0,train,0.015575791627923904,0
normal,N0199,6884,15,49,2022-07-12 00:25:18.584,0,train,0.0,0
normal,N0199,6885,16,49,2022-07-12 00:25:18.684,0,train,0.0,0
normal,N0199,6886,17,49,2022-07-12 00:25:18.784,0,train,0.0,0
normal,N0199,6887,18,49,2022-07-12 00:25:18.884,0,train,0.0,0
normal,N0199,6888,19,49,2022-07-12 00:25:18.984,0,train,0.0,0
normal,N0199,6889,20,49,2022-07-12 00:25:19.084,0,train,0.0,0
normal,N0199,6890,21,49,2022-07-12 00:25:19.184,0,train,0.0,0
normal,N0199,6891,22,49,2022-07-12 00:25:19.284,0,train,0.0,0
normal,N0199,6892,23,49,2022-07-12 00:25:19.384,0,train,0.0,0
normal,N0199,6893,24,49,2022-07-12 00:25:19.484,0,train,0.0,0
normal,N0199,6894,25,49,2022-07-12 00:25:19.584,0,train,0.0,0
normal,N0199,6895,26,49,2022-07-12 00:25:19.684,0,train,0.0,0
normal,N0199,6896,27,49,2022-07-12 00:25:19.784,0,train,0.0,0
normal,N0199,6897,28,49,2022-07-12 00:25:19.884,0,train,0.0,0
normal,N0199,6898,29,49,2022-07-12 00:25:19.984,0,train,0.0,0
normal,N0199,6899,30,49,2022-07-12 00:25:20.084,0,train,0.006475219625716512,0
normal,N0199,6900,31,49,2022-07-12 00:25:20.184,0,train,0.0032481714226846605,0
normal,N0199,6901,32,49,2022-07-12 00:25:20.284,0,train,0.0,0
normal,N0199,6902,33,49,2022-07-12 00:25:20.384,0,train,0.0,0
normal,N0199,6903,34,49,2022-07-12 00:25:20.484,0,train,0.0,0
normal,N0199,6904,35,49,2022-07-12 00:25:20.584,0,train,0.0,0
normal,N0199,6905,36,49,2022-07-12 00:25:20.684,0,train,0.0,0
normal,N0199,6906,37,49,2022-07-12 00:25:20.784,0,train,0.0,0
normal,N0199,6907,38,49,2022-07-12 00:25:20.884,0,train,0.0,0
normal,N0199,6908,39,49,2022-07-12 00:25:20.984,0,train,0.009558379540359405,0
normal,N0199,6909,40,49,2022-07-12 00:25:21.084,0,train,0.0032964461900708377,0
normal,N0199,6910,41,49,2022-07-12 00:25:21.184,0,train,0.0,0
normal,N0199,6911,42,49,2022-07-12 00:25:21.284,0,train,0.0,0
normal,N0199,6912,43,49,2022-07-12 00:25:21.384,0,train,0.0,0
normal,N0199,6913,44,49,2022-07-12 00:25:21.484,0,train,0.0,0
normal,N0199,6914,45,49,2022-07-12 00:25:21.584,0,train,0.0,0
normal,N0199,6915,46,49,2022-07-12 00:25:21.684,0,train,0.0,0
normal,N0199,6916,47,49,2022-07-12 00:25:21.784,0,train,0.0,0
normal,N0199,6917,48,49,2022-07-12 00:25:21.884,0,train,0.0,0
normal,N0200,6927,9,33,2022-07-12 00:25:25.993,0,train,0.0,0
normal,N0200,6928,10,33,2022-07-12 00:25:26.093,0,train,0.0,0
normal,N0200,6929,11,33,2022-07-12 00:25:26.193,0,train,0.0,0
normal,N0200,6930,12,33,2022-07-12 00:25:26.293,0,train,0.0,0
normal,N0200,6931,13,33,2022-07-12 00:25:26.393,0,train,0.0,0
normal,N0200,6932,14,33,2022-07-12 00:25:26.493,0,train,0.0033333333333333335,0
normal,N0200,6933,15,33,2022-07-12 00:25:26.593,0,train,0.0,0
normal,N0200,6934,16,33,2022-07-12 00:25:26.693,0,train,0.0,0
normal,N0200,6935,17,33,2022-07-12 00:25:26.793,0,train,0.0,0
normal,N0200,6936,18,33,2022-07-12 00:25:26.893,0,train,0.0,0
normal,N0200,6937,19,33,2022-07-12 00:25:26.993,0,train,0.0,0
normal,N0200,6938,20,33,2022-07-12 00:25:27.093,0,train,0.0028898255902745965,0
normal,N0200,6939,21,33,2022-07-12 00:25:27.193,0,train,0.0,0
normal,N0200,6940,22,33,2022-07-12 00:25:27.293,0,train,0.0,0
normal,N0200,6941,23,33,2022-07-12 00:25:27.393,0,train,0.0,0
normal,N0200,6942,24,33,2022-07-12 00:25:27.493,0,train,0.0,0
normal,N0200,6943,25,33,2022-07-12 00:25:27.593,0,train,0.0,0
normal,N0200,6944,26,33,2022-07-12 00:25:27.693,0,train,0.0,0
normal,N0200,6945,27,33,2022-07-12 00:25:27.793,0,train,0.0,0
normal,N0200,6946,28,33,2022-07-12 00:25:27.893,0,train,0.0,0
normal,N0200,6947,29,33,2022-07-12 00:25:27.993,0,train,0.0,0
normal,N0200,6948,30,33,2022-07-12 00:25:28.093,0,train,0.0,0
normal,N0200,6949,31,33,2022-07-12 00:25:28.193,0,train,0.0,0
normal,N0200,6950,32,33,2022-07-12 00:25:28.293,0,train,0.0,0
normal,N0201,6960,9,22,2022-07-12 00:25:33.944,0,train,0.009354491924646057,0
normal,N0201,6961,10,22,2022-07-12 00:25:34.044,0,train,0.01745557884907682,0
normal,N0201,6962,11,22,2022-07-12 00:25:34.144,0,train,0.01745557884907682,0
normal,N0201,6963,12,22,2022-07-12 00:25:34.244,0,train,0.01745557884907682,0
normal,N0201,6964,13,22,2022-07-12 00:25:34.344,0,train,0.0,0
normal,N0201,6965,14,22,2022-07-12 00:25:34.444,0,train,0.0033333333333333335,0
normal,N0201,6966,15,22,2022-07-12 00:25:34.544,0,train,0.0032930177597052792,0
normal,N0201,6967,16,22,2022-07-12 00:25:34.644,0,train,0.0,0
normal,N0201,6968,17,22,2022-07-12 00:25:34.744,0,train,0.0,0
normal,N0201,6969,18,22,2022-07-12 00:25:34.844,0,train,0.0,0
normal,N0201,6970,19,22,2022-07-12 00:25:34.944,0,train,0.0,0
normal,N0201,6971,20,22,2022-07-12 00:25:35.044,0,train,0.0,0
normal,N0201,6972,21,22,2022-07-12 00:25:35.144,0,train,0.0,0
normal,N0203,6990,9,50,2022-07-12 00:25:51.028,0,train,0.0,0
normal,N0203,6991,10,50,2022-07-12 00:25:51.128,0,train,0.0,0
normal,N0203,6992,11,50,2022-07-12 00:25:51.228,0,train,0.006075958745330944,0
normal,N0203,6993,12,50,2022-07-12 00:25:51.328,0,train,0.012672879719783745,0
normal,N0203,6994,13,50,2022-07-12 00:25:51.428,0,train,0.018619609496478715,0
normal,N0203,6995,14,50,2022-07-12 00:25:51.528,0,train,0.0030286738351254484,0
normal,N0203,6996,15,50,2022-07-12 00:25:51.628,0,train,0.002812592989347141,0
normal,N0203,6997,16,50,2022-07-12 00:25:51.728,0,train,0.0,0
normal,N0203,6998,17,50,2022-07-12 00:25:51.828,0,train,0.0,0
normal,N0203,6999,18,50,2022-07-12 00:25:51.928,0,train,0.0,0
normal,N0203,7000,19,50,2022-07-12 00:25:52.028,0,train,0.0,0
normal,N0203,7001,20,50,2022-07-12 00:25:52.128,0,train,0.0,0
normal,N0203,7002,21,50,2022-07-12 00:25:52.228,0,train,0.0,0
normal,N0203,7003,22,50,2022-07-12 00:25:52.328,0,train,0.00332815070190856,0
normal,N0203,7004,23,50,2022-07-12 00:25:52.428,0,train,0.0,0
normal,N0203,7005,24,50,2022-07-12 00:25:52.528,0,train,0.0,0
normal,N0203,7006,25,50,2022-07-12 00:25:52.628,0,train,0.0031717456166817522,0
normal,N0203,7007,26,50,2022-07-12 00:25:52.728,0,train,0.0031717456166817522,0
normal,N0203,7008,27,50,2022-07-12 00:25:52.828,0,train,0.0,0
normal,N0203,7009,28,50,2022-07-12 00:25:52.928,0,train,0.0,0
normal,N0203,7010,29,50,2022-07-12 00:25:53.028,0,train,0.009789507251946104,0
normal,N0203,7011,30,50,2022-07-12 00:25:53.128,0,train,0.003158368326334734,0
normal,N0203,7012,31,50,2022-07-12 00:25:53.228,0,train,0.0,0
normal,N0203,7013,32,50,2022-07-12 00:25:53.328,0,train,0.0,0
normal,N0203,7014,33,50,2022-07-12 00:25:53.428,0,train,0.0,0
normal,N0203,7015,34,50,2022-07-12 00:25:53.528,0,train,0.0,0
normal,N0203,7016,35,50,2022-07-12 00:25:53.628,0,train,0.0,0
normal,N0203,7017,36,50,2022-07-12 00:25:53.728,0,train,0.0,0
normal,N0203,7018,37,50,2022-07-12 00:25:53.828,0,train,0.0,0
normal,N0203,7019,38,50,2022-07-12 00:25:53.928,0,train,0.0,0
normal,N0203,7020,39,50,2022-07-12 00:25:54.028,0,train,0.0,0
normal,N0203,7021,40,50,2022-07-12 00:25:54.128,0,train,0.0,0
normal,N0203,7022,41,50,2022-07-12 00:25:54.228,0,train,0.0,0
normal,N0203,7023,42,50,2022-07-12 00:25:54.328,0,train,0.003229699325015341,0
normal,N0203,7024,43,50,2022-07-12 00:25:54.428,0,train,0.003229699325015341,0
normal,N0203,7025,44,50,2022-07-12 00:25:54.528,0,train,0.003184856730155531,0
normal,N0203,7026,45,50,2022-07-12 00:25:54.628,0,train,0.0,0
normal,N0203,7027,46,50,2022-07-12 00:25:54.728,0,train,0.018438654532393736,0
normal,N0203,7028,47,50,2022-07-12 00:25:54.828,0,train,0.0,0
normal,N0203,7029,48,50,2022-07-12 00:25:54.928,0,train,0.0,0
normal,N0203,7030,49,50,2022-07-12 00:25:55.028,0,train,0.0,0
normal,N0204,7040,9,48,2022-07-12 00:25:58.087,0,train,0.0,0
normal,N0204,7041,10,48,2022-07-12 00:25:58.187,0,train,0.0,0
normal,N0204,7042,11,48,2022-07-12 00:25:58.287,0,train,0.0,0
normal,N0204,7043,12,48,2022-07-12 00:25:58.387,0,train,0.0,0
normal,N0204,7044,13,48,2022-07-12 00:25:58.487,0,train,0.0,0
normal,N0204,7045,14,48,2022-07-12 00:25:58.587,0,train,0.0,0
normal,N0204,7046,15,48,2022-07-12 00:25:58.687,0,train,0.0,0
normal,N0204,7047,16,48,2022-07-12 00:25:58.787,0,train,0.0,0
normal,N0204,7048,17,48,2022-07-12 00:25:58.887,0,train,0.0,0
normal,N0204,7049,18,48,2022-07-12 00:25:58.987,0,train,0.0,0
normal,N0204,7050,19,48,2022-07-12 00:25:59.087,0,train,0.0,0
normal,N0204,7051,20,48,2022-07-12 00:25:59.187,0,train,0.0,0
normal,N0204,7052,21,48,2022-07-12 00:25:59.287,0,train,0.0,0
normal,N0204,7053,22,48,2022-07-12 00:25:59.387,0,train,0.0,0
normal,N0204,7054,23,48,2022-07-12 00:25:59.487,0,train,0.0,0
normal,N0204,7055,24,48,2022-07-12 00:25:59.587,0,train,0.0,0
normal,N0204,7056,25,48,2022-07-12 00:25:59.687,0,train,0.0,0
normal,N0204,7057,26,48,2022-07-12 00:25:59.787,0,train,0.0029329236117577673,0
normal,N0204,7058,27,48,2022-07-12 00:25:59.887,0,train,0.0,0
normal,N0204,7059,28,48,2022-07-12 00:25:59.987,0,train,0.0,0
normal,N0204,7060,29,48,2022-07-12 00:26:00.087,0,train,0.0,0
normal,N0204,7061,30,48,2022-07-12 00:26:00.187,0,train,0.0,0
normal,N0204,7062,31,48,2022-07-12 00:26:00.287,0,train,0.0,0
normal,N0204,7063,32,48,2022-07-12 00:26:00.387,0,train,0.00635378920493798,0
normal,N0204,7064,33,48,2022-07-12 00:26:00.487,0,train,0.0,0
normal,N0204,7065,34,48,2022-07-12 00:26:00.587,0,train,0.0,0
normal,N0204,7066,35,48,2022-07-12 00:26:00.687,0,train,0.0,0
normal,N0204,7067,36,48,2022-07-12 00:26:00.787,0,train,0.0,0
normal,N0204,7068,37,48,2022-07-12 00:26:00.887,0,train,0.0,0
normal,N0204,7069,38,48,2022-07-12 00:26:00.987,0,train,0.0,0
normal,N0204,7070,39,48,2022-07-12 00:26:01.087,0,train,0.0,0
normal,N0204,7071,40,48,2022-07-12 00:26:01.187,0,train,0.0,0
normal,N0204,7072,41,48,2022-07-12 00:26:01.287,0,train,0.0,0
normal,N0204,7073,42,48,2022-07-12 00:26:01.387,0,train,0.0,0
normal,N0204,7074,43,48,2022-07-12 00:26:01.487,0,train,0.0,0
normal,N0204,7075,44,48,2022-07-12 00:26:01.587,0,train,0.0,0
normal,N0204,7076,45,48,2022-07-12 00:26:01.687,0,train,0.0,0
normal,N0204,7077,46,48,2022-07-12 00:26:01.787,0,train,0.00320921083867467,0
normal,N0204,7078,47,48,2022-07-12 00:26:01.887,0,train,0.0,0
normal,N0205,7088,9,33,2022-07-12 00:26:06.160,0,train,0.003001525553012967,0
normal,N0205,7089,10,33,2022-07-12 00:26:06.260,0,train,0.0,0
normal,N0205,7090,11,33,2022-07-12 00:26:06.360,0,train,0.0,0
normal,N0205,7091,12,33,2022-07-12 00:26:06.460,0,train,0.00623681639390603,0
normal,N0205,7092,13,33,2022-07-12 00:26:06.560,0,train,0.0,0
normal,N0205,7093,14,33,2022-07-12 00:26:06.660,0,train,0.0,0
normal,N0205,7094,15,33,2022-07-12 00:26:06.760,0,train,0.003316085063418944,0
normal,N0205,7095,16,33,2022-07-12 00:26:06.860,0,train,0.0,0
normal,N0205,7096,17,33,2022-07-12 00:26:06.960,0,train,0.0,0
normal,N0205,7097,18,33,2022-07-12 00:26:07.060,0,train,0.0,0
normal,N0205,7098,19,33,2022-07-12 00:26:07.160,0,train,0.0,0
normal,N0205,7099,20,33,2022-07-12 00:26:07.260,0,train,0.0,0
normal,N0205,7100,21,33,2022-07-12 00:26:07.360,0,train,0.003143143143143143,0
normal,N0205,7101,22,33,2022-07-12 00:26:07.460,0,train,0.0,0
normal,N0205,7102,23,33,2022-07-12 00:26:07.560,0,train,0.0,0
normal,N0205,7103,24,33,2022-07-12 00:26:07.660,0,train,0.0,0
normal,N0205,7104,25,33,2022-07-12 00:26:07.760,0,train,0.0,0
normal,N0205,7105,26,33,2022-07-12 00:26:07.860,0,train,0.0,0
normal,N0205,7106,27,33,2022-07-12 00:26:07.960,0,train,0.0,0
normal,N0205,7107,28,33,2022-07-12 00:26:08.060,0,train,0.0,0
normal,N0205,7108,29,33,2022-07-12 00:26:08.160,0,train,0.012658234498785476,0
normal,N0205,7109,30,33,2022-07-12 00:26:08.260,0,train,0.0,0
normal,N0205,7110,31,33,2022-07-12 00:26:08.360,0,train,0.0,0
normal,N0205,7111,32,33,2022-07-12 00:26:08.460,0,train,0.0,0
normal,N0206,7121,9,22,2022-07-12 00:26:14.108,0,train,0.003255694115222096,0
normal,N0206,7122,10,22,2022-07-12 00:26:14.208,0,train,0.0,0
normal,N0206,7123,11,22,2022-07-12 00:26:14.308,0,train,0.0,0
normal,N0206,7124,12,22,2022-07-12 00:26:14.408,0,train,0.0,0
normal,N0206,7125,13,22,2022-07-12 00:26:14.508,0,train,0.0,0
normal,N0206,7126,14,22,2022-07-12 00:26:14.608,0,train,0.003255694115222096,0
normal,N0206,7127,15,22,2022-07-12 00:26:14.708,0,train,0.0,0
normal,N0206,7128,16,22,2022-07-12 00:26:14.808,0,train,0.0,0
normal,N0206,7129,17,22,2022-07-12 00:26:14.908,0,train,0.003255694115222096,0
normal,N0206,7130,18,22,2022-07-12 00:26:15.008,0,train,0.0033333333333333335,0
normal,N0206,7131,19,22,2022-07-12 00:26:15.108,0,train,0.0,0
normal,N0206,7132,20,22,2022-07-12 00:26:15.208,0,train,0.003186464100036232,0
normal,N0206,7133,21,22,2022-07-12 00:26:15.308,0,train,0.003186464100036232,0
normal,N0208,7155,9,11,2022-07-12 00:26:29.967,0,train,0.0,0
normal,N0208,7156,10,11,2022-07-12 00:26:30.067,0,train,0.0033045726062807842,0
normal,N0209,7166,9,50,2022-07-12 00:26:32.813,0,train,0.0,0
normal,N0209,7167,10,50,2022-07-12 00:26:32.913,0,train,0.0,0
normal,N0209,7168,11,50,2022-07-12 00:26:33.013,0,train,0.0,0
normal,N0209,7169,12,50,2022-07-12 00:26:33.113,0,train,0.0,0
normal,N0209,7170,13,50,2022-07-12 00:26:33.213,0,train,0.0,0
normal,N0209,7171,14,50,2022-07-12 00:26:33.313,0,train,0.0,0
normal,N0209,7172,15,50,2022-07-12 00:26:33.413,0,train,0.0,0
normal,N0209,7173,16,50,2022-07-12 00:26:33.513,0,train,0.0,0
normal,N0209,7174,17,50,2022-07-12 00:26:33.613,0,train,0.002974993311615756,0
normal,N0209,7175,18,50,2022-07-12 00:26:33.713,0,train,0.0,0
normal,N0209,7176,19,50,2022-07-12 00:26:33.813,0,train,0.0,0
normal,N0209,7177,20,50,2022-07-12 00:26:33.913,0,train,0.0,0
normal,N0209,7178,21,50,2022-07-12 00:26:34.013,0,train,0.0,0
normal,N0209,7179,22,50,2022-07-12 00:26:34.113,0,train,0.0,0
normal,N0209,7180,23,50,2022-07-12 00:26:34.213,0,train,0.0,0
normal,N0209,7181,24,50,2022-07-12 00:26:34.313,0,train,0.0,0
normal,N0209,7182,25,50,2022-07-12 00:26:34.413,0,train,0.0,0
normal,N0209,7183,26,50,2022-07-12 00:26:34.513,0,train,0.0,0
normal,N0209,7184,27,50,2022-07-12 00:26:34.613,0,train,0.0,0
normal,N0209,7185,28,50,2022-07-12 00:26:34.713,0,train,0.0,0
normal,N0209,7186,29,50,2022-07-12 00:26:34.813,0,train,0.0,0
normal,N0209,7187,30,50,2022-07-12 00:26:34.913,0,train,0.0,0
normal,N0209,7188,31,50,2022-07-12 00:26:35.013,0,train,0.0,0
normal,N0209,7189,32,50,2022-07-12 00:26:35.113,0,train,0.0066446878748872605,0
normal,N0209,7190,33,50,2022-07-12 00:26:35.213,0,train,0.021909654047922434,0
normal,N0209,7191,34,50,2022-07-12 00:26:35.313,0,train,0.0,0
normal,N0209,7192,35,50,2022-07-12 00:26:35.413,0,train,0.0,0
normal,N0209,7193,36,50,2022-07-12 00:26:35.513,0,train,0.0,0
normal,N0209,7194,37,50,2022-07-12 00:26:35.613,0,train,0.0,0
normal,N0209,7195,38,50,2022-07-12 00:26:35.713,0,train,0.0,0
normal,N0209,7196,39,50,2022-07-12 00:26:35.813,0,train,0.0,0
normal,N0209,7197,40,50,2022-07-12 00:26:35.913,0,train,0.0,0
normal,N0209,7198,41,50,2022-07-12 00:26:36.013,0,train,0.0,0
normal,N0209,7199,42,50,2022-07-12 00:26:36.113,0,train,0.002745439758336238,0
normal,N0209,7200,43,50,2022-07-12 00:26:36.213,0,train,0.0,0
normal,N0209,7201,44,50,2022-07-12 00:26:36.313,0,train,0.0,0
normal,N0209,7202,45,50,2022-07-12 00:26:36.413,0,train,0.0,0
normal,N0209,7203,46,50,2022-07-12 00:26:36.513,0,train,0.0,0
normal,N0209,7204,47,50,2022-07-12 00:26:36.613,0,train,0.0,0
normal,N0209,7205,48,50,2022-07-12 00:26:36.713,0,train,0.0,0
normal,N0209,7206,49,50,2022-07-12 00:26:36.813,0,train,0.021179158216519677,0
normal,N0210,7216,9,50,2022-07-12 00:26:39.548,0,train,0.0,0
normal,N0210,7217,10,50,2022-07-12 00:26:39.648,0,train,0.0,0
normal,N0210,7218,11,50,2022-07-12 00:26:39.748,0,train,0.0030467994585186616,0
normal,N0210,7219,12,50,2022-07-12 00:26:39.848,0,train,0.0,0
normal,N0210,7220,13,50,2022-07-12 00:26:39.948,0,train,0.0,0
normal,N0210,7221,14,50,2022-07-12 00:26:40.048,0,train,0.0,0
normal,N0210,7222,15,50,2022-07-12 00:26:40.148,0,train,0.0,0
normal,N0210,7223,16,50,2022-07-12 00:26:40.248,0,train,0.0,0
normal,N0210,7224,17,50,2022-07-12 00:26:40.348,0,train,0.0,0
normal,N0210,7225,18,50,2022-07-12 00:26:40.448,0,train,0.0032664419669864316,0
normal,N0210,7226,19,50,2022-07-12 00:26:40.548,0,train,0.0,0
normal,N0210,7227,20,50,2022-07-12 00:26:40.648,0,train,0.0,0
normal,N0210,7228,21,50,2022-07-12 00:26:40.748,0,train,0.0,0
normal,N0210,7229,22,50,2022-07-12 00:26:40.848,0,train,0.0,0
normal,N0210,7230,23,50,2022-07-12 00:26:40.948,0,train,0.0,0
normal,N0210,7231,24,50,2022-07-12 00:26:41.048,0,train,0.0,0
normal,N0210,7232,25,50,2022-07-12 00:26:41.148,0,train,0.0,0
normal,N0210,7233,26,50,2022-07-12 00:26:41.248,0,train,0.0,0
normal,N0210,7234,27,50,2022-07-12 00:26:41.348,0,train,0.0,0
normal,N0210,7235,28,50,2022-07-12 00:26:41.448,0,train,0.0,0
normal,N0210,7236,29,50,2022-07-12 00:26:41.548,0,train,0.0,0
normal,N0210,7237,30,50,2022-07-12 00:26:41.648,0,train,0.0,0
normal,N0210,7238,31,50,2022-07-12 00:26:41.748,0,train,0.0,0
normal,N0210,7239,32,50,2022-07-12 00:26:41.848,0,train,0.0,0
normal,N0210,7240,33,50,2022-07-12 00:26:41.948,0,train,0.0,0
normal,N0210,7241,34,50,2022-07-12 00:26:42.048,0,train,0.0,0
normal,N0210,7242,35,50,2022-07-12 00:26:42.148,0,train,0.003173789173789174,0
normal,N0210,7243,36,50,2022-07-12 00:26:42.248,0,train,0.003173789173789174,0
normal,N0210,7244,37,50,2022-07-12 00:26:42.348,0,train,0.0,0
normal,N0210,7245,38,50,2022-07-12 00:26:42.448,0,train,0.003212226066897348,0
normal,N0210,7246,39,50,2022-07-12 00:26:42.548,0,train,0.0,0
normal,N0210,7247,40,50,2022-07-12 00:26:42.648,0,train,0.0,0
normal,N0210,7248,41,50,2022-07-12 00:26:42.748,0,train,0.0,0
normal,N0210,7249,42,50,2022-07-12 00:26:42.848,0,train,0.002912940598014812,0
normal,N0210,7250,43,50,2022-07-12 00:26:42.948,0,train,0.005789944644134492,0
normal,N0210,7251,44,50,2022-07-12 00:26:43.048,0,train,0.0,0
normal,N0210,7252,45,50,2022-07-12 00:26:43.148,0,train,0.0028883598852469023,0
normal,N0210,7253,46,50,2022-07-12 00:26:43.248,0,train,0.003173789173789174,0
normal,N0210,7254,47,50,2022-07-12 00:26:43.348,0,train,0.0,0
normal,N0210,7255,48,50,2022-07-12 00:26:43.448,0,train,0.0,0
normal,N0210,7256,49,50,2022-07-12 00:26:43.548,0,train,0.0,0
normal,N0211,7266,9,50,2022-07-12 00:26:46.364,0,train,0.00660604367990433,0
normal,N0211,7267,10,50,2022-07-12 00:26:46.464,0,train,0.0,0
normal,N0211,7268,11,50,2022-07-12 00:26:46.564,0,train,0.0,0
normal,N0211,7269,12,50,2022-07-12 00:26:46.664,0,train,0.0,0
normal,N0211,7270,13,50,2022-07-12 00:26:46.764,0,train,0.0,0
normal,N0211,7271,14,50,2022-07-12 00:26:46.864,0,train,0.0,0
normal,N0211,7272,15,50,2022-07-12 00:26:46.964,0,train,0.0,0
normal,N0211,7273,16,50,2022-07-12 00:26:47.064,0,train,0.0376538201697759,0
normal,N0211,7274,17,50,2022-07-12 00:26:47.164,0,train,0.0,0
normal,N0211,7275,18,50,2022-07-12 00:26:47.264,0,train,0.006189611533885559,0
normal,N0211,7276,19,50,2022-07-12 00:26:47.364,0,train,0.0,0
normal,N0211,7277,20,50,2022-07-12 00:26:47.464,0,train,0.0,0
normal,N0211,7278,21,50,2022-07-12 00:26:47.564,0,train,0.0029524879815196357,0
normal,N0211,7279,22,50,2022-07-12 00:26:47.664,0,train,0.0024856707156754487,0
normal,N0211,7280,23,50,2022-07-12 00:26:47.764,0,train,0.006386359232706839,0
normal,N0211,7281,24,50,2022-07-12 00:26:47.864,0,train,0.021714739008656128,0
normal,N0211,7282,25,50,2022-07-12 00:26:47.964,0,train,0.003233308327081771,0
normal,N0211,7283,26,50,2022-07-12 00:26:48.064,0,train,0.0,0
normal,N0211,7284,27,50,2022-07-12 00:26:48.164,0,train,0.0,0
normal,N0211,7285,28,50,2022-07-12 00:26:48.264,0,train,0.0,0
normal,N0211,7286,29,50,2022-07-12 00:26:48.364,0,train,0.0,0
normal,N0211,7287,30,50,2022-07-12 00:26:48.464,0,train,0.0,0
normal,N0211,7288,31,50,2022-07-12 00:26:48.564,0,train,0.0,0
normal,N0211,7289,32,50,2022-07-12 00:26:48.664,0,train,0.0,0
normal,N0211,7290,33,50,2022-07-12 00:26:48.764,0,train,0.0,0
normal,N0211,7291,34,50,2022-07-12 00:26:48.864,0,train,0.0,0
normal,N0211,7292,35,50,2022-07-12 00:26:48.964,0,train,0.0,0
normal,N0211,7293,36,50,2022-07-12 00:26:49.064,0,train,0.0,0
normal,N0211,7294,37,50,2022-07-12 00:26:49.164,0,train,0.0,0
normal,N0211,7295,38,50,2022-07-12 00:26:49.264,0,train,0.0,0
normal,N0211,7296,39,50,2022-07-12 00:26:49.364,0,train,0.0,0
normal,N0211,7297,40,50,2022-07-12 00:26:49.464,0,train,0.0,0
normal,N0211,7298,41,50,2022-07-12 00:26:49.564,0,train,0.0,0
normal,N0211,7299,42,50,2022-07-12 00:26:49.664,0,train,0.0,0
normal,N0211,7300,43,50,2022-07-12 00:26:49.764,0,train,0.0,0
normal,N0211,7301,44,50,2022-07-12 00:26:49.864,0,train,0.0,0
normal,N0211,7302,45,50,2022-07-12 00:26:49.964,0,train,0.0,0
normal,N0211,7303,46,50,2022-07-12 00:26:50.064,0,train,0.0,0
normal,N0211,7304,47,50,2022-07-12 00:26:50.164,0,train,0.0,0
normal,N0211,7305,48,50,2022-07-12 00:26:50.264,0,train,0.0,0
normal,N0211,7306,49,50,2022-07-12 00:26:50.364,0,train,0.003105121647321136,0
normal,N0213,7354,9,23,2022-07-12 00:27:02.323,0,train,0.0,0
normal,N0213,7355,10,23,2022-07-12 00:27:02.423,0,train,0.0033333333333333335,0
normal,N0213,7356,11,23,2022-07-12 00:27:02.523,0,train,0.012744818765096356,0
normal,N0213,7357,12,23,2022-07-12 00:27:02.623,0,train,0.0033333333333333335,0
normal,N0213,7358,13,23,2022-07-12 00:27:02.723,0,train,0.0,0
normal,N0213,7359,14,23,2022-07-12 00:27:02.823,0,train,0.0033262605651168905,0
normal,N0213,7360,15,23,2022-07-12 00:27:02.923,0,train,0.0064568565302295135,0
normal,N0213,7361,16,23,2022-07-12 00:27:03.023,0,train,0.006301609913523233,0
normal,N0213,7362,17,23,2022-07-12 00:27:03.123,0,train,0.0,0
normal,N0213,7363,18,23,2022-07-12 00:27:03.223,0,train,0.006666666666666667,0
normal,N0213,7364,19,23,2022-07-12 00:27:03.323,0,train,0.0,0
normal,N0213,7365,20,23,2022-07-12 00:27:03.423,0,train,0.0,0
normal,N0213,7366,21,23,2022-07-12 00:27:03.523,0,train,0.0,0
normal,N0213,7367,22,23,2022-07-12 00:27:03.623,0,train,0.006278386923649331,0
normal,N0214,7377,9,12,2022-07-12 00:27:10.288,0,train,0.0,0
normal,N0214,7378,10,12,2022-07-12 00:27:10.388,0,train,0.0,0
normal,N0214,7379,11,12,2022-07-12 00:27:10.488,0,train,0.0,0
normal,N0215,7389,9,10,2022-07-12 00:27:18.317,0,train,0.0032031910218706695,0
normal,N0216,7399,9,50,2022-07-12 00:27:27.911,0,train,0.002901228892770678,0
normal,N0216,7400,10,50,2022-07-12 00:27:28.011,0,train,0.0,0
normal,N0216,7401,11,50,2022-07-12 00:27:28.111,0,train,0.0,0
normal,N0216,7402,12,50,2022-07-12 00:27:28.211,0,train,0.0,0
normal,N0216,7403,13,50,2022-07-12 00:27:28.311,0,train,0.0,0
normal,N0216,7404,14,50,2022-07-12 00:27:28.411,0,train,0.0,0
normal,N0216,7405,15,50,2022-07-12 00:27:28.511,0,train,0.0,0
normal,N0216,7406,16,50,2022-07-12 00:27:28.611,0,train,0.0,0
normal,N0216,7407,17,50,2022-07-12 00:27:28.711,0,train,0.0,0
normal,N0216,7408,18,50,2022-07-12 00:27:28.811,0,train,0.003229248338162605,0
normal,N0216,7409,19,50,2022-07-12 00:27:28.911,0,train,0.0,0
normal,N0216,7410,20,50,2022-07-12 00:27:29.011,0,train,0.0,0
normal,N0216,7411,21,50,2022-07-12 00:27:29.111,0,train,0.0031401615016000933,0
normal,N0216,7412,22,50,2022-07-12 00:27:29.211,0,train,0.0,0
normal,N0216,7413,23,50,2022-07-12 00:27:29.311,0,train,0.0,0
normal,N0216,7414,24,50,2022-07-12 00:27:29.411,0,train,0.0,0
normal,N0216,7415,25,50,2022-07-12 00:27:29.511,0,train,0.0029439980066031275,0
normal,N0216,7416,26,50,2022-07-12 00:27:29.611,0,train,0.0,0
normal,N0216,7417,27,50,2022-07-12 00:27:29.711,0,train,0.0,0
normal,N0216,7418,28,50,2022-07-12 00:27:29.811,0,train,0.0,0
normal,N0216,7419,29,50,2022-07-12 00:27:29.911,0,train,0.006361960374187165,0
normal,N0216,7420,30,50,2022-07-12 00:27:30.011,0,train,0.0,0
normal,N0216,7421,31,50,2022-07-12 00:27:30.111,0,train,0.0,0
normal,N0216,7422,32,50,2022-07-12 00:27:30.211,0,train,0.0,0
normal,N0216,7423,33,50,2022-07-12 00:27:30.311,0,train,0.0,0
normal,N0216,7424,34,50,2022-07-12 00:27:30.411,0,train,0.0032833645638142826,0
normal,N0216,7425,35,50,2022-07-12 00:27:30.511,0,train,0.0,0
normal,N0216,7426,36,50,2022-07-12 00:27:30.611,0,train,0.0,0
normal,N0216,7427,37,50,2022-07-12 00:27:30.711,0,train,0.0,0
normal,N0216,7428,38,50,2022-07-12 00:27:30.811,0,train,0.0,0
normal,N0216,7429,39,50,2022-07-12 00:27:30.911,0,train,0.0,0
normal,N0216,7430,40,50,2022-07-12 00:27:31.011,0,train,0.0,0
normal,N0216,7431,41,50,2022-07-12 00:27:31.111,0,train,0.0032161896030695053,0
normal,N0216,7432,42,50,2022-07-12 00:27:31.211,0,train,0.0032161896030695053,0
normal,N0216,7433,43,50,2022-07-12 00:27:31.311,0,train,0.0061304772309332825,0
normal,N0216,7434,44,50,2022-07-12 00:27:31.411,0,train,0.0032529375386518245,0
normal,N0216,7435,45,50,2022-07-12 00:27:31.511,0,train,0.0,0
normal,N0216,7436,46,50,2022-07-12 00:27:31.611,0,train,0.0,0
normal,N0216,7437,47,50,2022-07-12 00:27:31.711,0,train,0.0,0
normal,N0216,7438,48,50,2022-07-12 00:27:31.811,0,train,0.0,0
normal,N0216,7439,49,50,2022-07-12 00:27:31.911,0,train,0.0,0
normal,N0218,7499,9,38,2022-07-12 00:27:42.343,0,train,0.0028491082438569576,0
normal,N0218,7500,10,38,2022-07-12 00:27:42.443,0,train,0.0,0
normal,N0218,7501,11,38,2022-07-12 00:27:42.543,0,train,0.0,0
normal,N0218,7502,12,38,2022-07-12 00:27:42.643,0,train,0.0,0
normal,N0218,7503,13,38,2022-07-12 00:27:42.743,0,train,0.012373104690035656,0
normal,N0218,7504,14,38,2022-07-12 00:27:42.843,0,train,0.019039771356702324,0
normal,N0218,7505,15,38,2022-07-12 00:27:42.943,0,train,0.04125155621643351,0
normal,N0218,7506,16,38,2022-07-12 00:27:43.043,0,train,0.031451234840668724,0
normal,N0218,7507,17,38,2022-07-12 00:27:43.143,0,train,0.03137375834448171,0
normal,N0218,7508,18,38,2022-07-12 00:27:43.243,0,train,0.00617926478877071,0
normal,N0218,7509,19,38,2022-07-12 00:27:43.343,0,train,0.006460388447842395,0
normal,N0218,7510,20,38,2022-07-12 00:27:43.443,0,train,0.0,0
normal,N0218,7511,21,38,2022-07-12 00:27:43.543,0,train,0.0,0
normal,N0218,7512,22,38,2022-07-12 00:27:43.643,0,train,0.0,0
normal,N0218,7513,23,38,2022-07-12 00:27:43.743,0,train,0.0,0
normal,N0218,7514,24,38,2022-07-12 00:27:43.843,0,train,0.0,0
normal,N0218,7515,25,38,2022-07-12 00:27:43.943,0,train,0.0,0
normal,N0218,7516,26,38,2022-07-12 00:27:44.043,0,train,0.0,0
normal,N0218,7517,27,38,2022-07-12 00:27:44.143,0,train,0.0,0
normal,N0218,7518,28,38,2022-07-12 00:27:44.243,0,train,0.0,0
normal,N0218,7519,29,38,2022-07-12 00:27:44.343,0,train,0.0,0
normal,N0218,7520,30,38,2022-07-12 00:27:44.443,0,train,0.0,0
normal,N0218,7521,31,38,2022-07-12 00:27:44.543,0,train,0.0,0
normal,N0218,7522,32,38,2022-07-12 00:27:44.643,0,train,0.0,0
normal,N0218,7523,33,38,2022-07-12 00:27:44.743,0,train,0.0,0
normal,N0218,7524,34,38,2022-07-12 00:27:44.843,0,train,0.00285464678415424,0
normal,N0218,7525,35,38,2022-07-12 00:27:44.943,0,train,0.00327003812547286,0
normal,N0218,7526,36,38,2022-07-12 00:27:45.043,0,train,0.0,0
normal,N0218,7527,37,38,2022-07-12 00:27:45.143,0,train,0.0,0
normal,N0219,7537,9,24,2022-07-12 00:27:50.407,0,train,0.0029726169191681574,0
normal,N0219,7538,10,24,2022-07-12 00:27:50.507,0,train,0.0,0
normal,N0219,7539,11,24,2022-07-12 00:27:50.607,0,train,0.0,0
normal,N0219,7540,12,24,2022-07-12 00:27:50.707,0,train,0.0,0
normal,N0219,7541,13,24,2022-07-12 00:27:50.807,0,train,0.0,0
normal,N0219,7542,14,24,2022-07-12 00:27:50.907,0,train,0.0,0
normal,N0219,7543,15,24,2022-07-12 00:27:51.007,0,train,0.0,0
normal,N0219,7544,16,24,2022-07-12 00:27:51.107,0,train,0.0,0
normal,N0219,7545,17,24,2022-07-12 00:27:51.207,0,train,0.0,0
normal,N0219,7546,18,24,2022-07-12 00:27:51.307,0,train,0.003140257544871476,0
normal,N0219,7547,19,24,2022-07-12 00:27:51.407,0,train,0.0,0
normal,N0219,7548,20,24,2022-07-12 00:27:51.507,0,train,0.0,0
normal,N0219,7549,21,24,2022-07-12 00:27:51.607,0,train,0.0,0
normal,N0219,7550,22,24,2022-07-12 00:27:51.707,0,train,0.0,0
normal,N0219,7551,23,24,2022-07-12 00:27:51.807,0,train,0.0,0
normal,N0220,7561,9,14,2022-07-12 00:27:58.307,0,train,0.0,0
normal,N0220,7562,10,14,2022-07-12 00:27:58.407,0,train,0.0,0
normal,N0220,7563,11,14,2022-07-12 00:27:58.507,0,train,0.0,0
normal,N0220,7564,12,14,2022-07-12 00:27:58.607,0,train,0.0,0
normal,N0220,7565,13,14,2022-07-12 00:27:58.707,0,train,0.0,0
normal,N0221,7575,9,50,2022-07-12 00:28:08.213,0,train,0.0,0
normal,N0221,7576,10,50,2022-07-12 00:28:08.313,0,train,0.0,0
normal,N0221,7577,11,50,2022-07-12 00:28:08.413,0,train,0.0,0
normal,N0221,7578,12,50,2022-07-12 00:28:08.513,0,train,0.0,0
normal,N0221,7579,13,50,2022-07-12 00:28:08.613,0,train,0.0,0
normal,N0221,7580,14,50,2022-07-12 00:28:08.713,0,train,0.0,0
normal,N0221,7581,15,50,2022-07-12 00:28:08.813,0,train,0.0,0
normal,N0221,7582,16,50,2022-07-12 00:28:08.913,0,train,0.0,0
normal,N0221,7583,17,50,2022-07-12 00:28:09.013,0,train,0.0029439980066031275,0
normal,N0221,7584,18,50,2022-07-12 00:28:09.113,0,train,0.0,0
normal,N0221,7585,19,50,2022-07-12 00:28:09.213,0,train,0.0,0
normal,N0221,7586,20,50,2022-07-12 00:28:09.313,0,train,0.0,0
normal,N0221,7587,21,50,2022-07-12 00:28:09.413,0,train,0.0,0
normal,N0221,7588,22,50,2022-07-12 00:28:09.513,0,train,0.0,0
normal,N0221,7589,23,50,2022-07-12 00:28:09.613,0,train,0.0,0
normal,N0221,7590,24,50,2022-07-12 00:28:09.713,0,train,0.0,0
normal,N0221,7591,25,50,2022-07-12 00:28:09.813,0,train,0.0,0
normal,N0221,7592,26,50,2022-07-12 00:28:09.913,0,train,0.0028510998307952626,0
normal,N0221,7593,27,50,2022-07-12 00:28:10.013,0,train,0.006111428597648626,0
normal,N0221,7594,28,50,2022-07-12 00:28:10.113,0,train,0.0028510998307952626,0
normal,N0221,7595,29,50,2022-07-12 00:28:10.213,0,train,0.0,0
normal,N0221,7596,30,50,2022-07-12 00:28:10.313,0,train,0.0,0
normal,N0221,7597,31,50,2022-07-12 00:28:10.413,0,train,0.0,0
normal,N0221,7598,32,50,2022-07-12 00:28:10.513,0,train,0.0,0
normal,N0221,7599,33,50,2022-07-12 00:28:10.613,0,train,0.0,0
normal,N0221,7600,34,50,2022-07-12 00:28:10.713,0,train,0.0032833645638142826,0
normal,N0221,7601,35,50,2022-07-12 00:28:10.813,0,train,0.003125795836020572,0
normal,N0221,7602,36,50,2022-07-12 00:28:10.913,0,train,0.0,0
normal,N0221,7603,37,50,2022-07-12 00:28:11.013,0,train,0.0,0
normal,N0221,7604,38,50,2022-07-12 00:28:11.113,0,train,0.0030502476999292286,0
normal,N0221,7605,39,50,2022-07-12 00:28:11.213,0,train,0.0,0
normal,N0221,7606,40,50,2022-07-12 00:28:11.313,0,train,0.0,0
normal,N0221,7607,41,50,2022-07-12 00:28:11.413,0,train,0.0,0
normal,N0221,7608,42,50,2022-07-12 00:28:11.513,0,train,0.0,0
normal,N0221,7609,43,50,2022-07-12 00:28:11.613,0,train,0.0,0
normal,N0221,7610,44,50,2022-07-12 00:28:11.713,0,train,0.0,0
normal,N0221,7611,45,50,2022-07-12 00:28:11.813,0,train,0.0,0
normal,N0221,7612,46,50,2022-07-12 00:28:11.913,0,train,0.0,0
normal,N0221,7613,47,50,2022-07-12 00:28:12.013,0,train,0.0,0
normal,N0221,7614,48,50,2022-07-12 00:28:12.113,0,train,0.0,0
normal,N0221,7615,49,50,2022-07-12 00:28:12.213,0,train,0.0,0
normal,N0223,7675,9,40,2022-07-12 00:28:22.440,0,train,0.0,0
normal,N0223,7676,10,40,2022-07-12 00:28:22.540,0,train,0.0,0
normal,N0223,7677,11,40,2022-07-12 00:28:22.640,0,train,0.03789750650010465,0
normal,N0223,7678,12,40,2022-07-12 00:28:22.740,0,train,0.022181390997791723,0
normal,N0223,7679,13,40,2022-07-12 00:28:22.840,0,train,0.0,0
normal,N0223,7680,14,40,2022-07-12 00:28:22.940,0,train,0.0032177587699200655,0
normal,N0223,7681,15,40,2022-07-12 00:28:23.040,0,train,0.013222290138549307,0
normal,N0223,7682,16,40,2022-07-12 00:28:23.140,0,train,0.003222290138549307,0
normal,N0223,7683,17,40,2022-07-12 00:28:23.240,0,train,0.003222290138549307,0
normal,N0223,7684,18,40,2022-07-12 00:28:23.340,0,train,0.01624253125460697,0
normal,N0223,7685,19,40,2022-07-12 00:28:23.440,0,train,0.01955209750534969,0
normal,N0223,7686,20,40,2022-07-12 00:28:23.540,0,train,0.01947895441273611,0
normal,N0223,7687,21,40,2022-07-12 00:28:23.640,0,train,0.022767911557523373,0
normal,N0223,7688,22,40,2022-07-12 00:28:23.740,0,train,0.003260190240719755,0
normal,N0223,7689,23,40,2022-07-12 00:28:23.840,0,train,0.006447092003943936,0
normal,N0223,7690,24,40,2022-07-12 00:28:23.940,0,train,0.015614524682407241,0
normal,N0223,7691,25,40,2022-07-12 00:28:24.040,0,train,0.012849609172900511,0
normal,N0223,7692,26,40,2022-07-12 00:28:24.140,0,train,0.008960664612860018,0
normal,N0223,7693,27,40,2022-07-12 00:28:24.240,0,train,0.0,0
normal,N0223,7694,28,40,2022-07-12 00:28:24.340,0,train,0.009775866727907938,0
normal,N0223,7695,29,40,2022-07-12 00:28:24.440,0,train,0.021610162529899394,0
normal,N0223,7696,30,40,2022-07-12 00:28:24.540,0,train,0.0031685588934659563,0
normal,N0223,7697,31,40,2022-07-12 00:28:24.640,0,train,0.0,0
normal,N0223,7698,32,40,2022-07-12 00:28:24.740,0,train,0.027590712299756036,0
normal,N0223,7699,33,40,2022-07-12 00:28:24.840,0,train,0.003123513084853291,0
normal,N0223,7700,34,40,2022-07-12 00:28:24.940,0,train,0.0,0
normal,N0223,7701,35,40,2022-07-12 00:28:25.040,0,train,0.006584251914426016,0
normal,N0223,7702,36,40,2022-07-12 00:28:25.140,0,train,0.01647686380712428,0
normal,N0223,7703,37,40,2022-07-12 00:28:25.240,0,train,0.009974971580324987,0
normal,N0223,7704,38,40,2022-07-12 00:28:25.340,0,train,0.012471053538477151,0
normal,N0223,7705,39,40,2022-07-12 00:28:25.440,0,train,0.0,0
normal,N0224,7715,9,29,2022-07-12 00:28:30.432,0,train,0.0,0
normal,N0224,7716,10,29,2022-07-12 00:28:30.532,0,train,0.0,0
normal,N0224,7717,11,29,2022-07-12 00:28:30.632,0,train,0.0,0
normal,N0224,7718,12,29,2022-07-12 00:28:30.732,0,train,0.0,0
normal,N0224,7719,13,29,2022-07-12 00:28:30.832,0,train,0.0,0
normal,N0224,7720,14,29,2022-07-12 00:28:30.932,0,train,0.0,0
normal,N0224,7721,15,29,2022-07-12 00:28:31.032,0,train,0.0,0
normal,N0224,7722,16,29,2022-07-12 00:28:31.132,0,train,0.0,0
normal,N0224,7723,17,29,2022-07-12 00:28:31.232,0,train,0.0,0
normal,N0224,7724,18,29,2022-07-12 00:28:31.332,0,train,0.0,0
normal,N0224,7725,19,29,2022-07-12 00:28:31.432,0,train,0.0,0
normal,N0224,7726,20,29,2022-07-12 00:28:31.532,0,train,0.0,0
normal,N0224,7727,21,29,2022-07-12 00:28:31.632,0,train,0.0,0
normal,N0224,7728,22,29,2022-07-12 00:28:31.732,0,train,0.0,0
normal,N0224,7729,23,29,2022-07-12 00:28:31.832,0,train,0.0,0
normal,N0224,7730,24,29,2022-07-12 00:28:31.932,0,train,0.0,0
normal,N0224,7731,25,29,2022-07-12 00:28:32.032,0,train,0.0,0
normal,N0224,7732,26,29,2022-07-12 00:28:32.132,0,train,0.0,0
normal,N0224,7733,27,29,2022-07-12 00:28:32.232,0,train,0.015500206533256492,0
normal,N0224,7734,28,29,2022-07-12 00:28:32.332,0,train,0.0,0
normal,N0225,7744,9,15,2022-07-12 00:28:38.446,0,train,0.0,0
normal,N0225,7745,10,15,2022-07-12 00:28:38.546,0,train,0.0,0
normal,N0225,7746,11,15,2022-07-12 00:28:38.646,0,train,0.04184466163138555,0
normal,N0225,7747,12,15,2022-07-12 00:28:38.746,0,train,0.19090751333784328,0
normal,N0225,7748,13,15,2022-07-12 00:28:38.846,0,train,0.034828078737604976,0
normal,N0225,7749,14,15,2022-07-12 00:28:38.946,0,train,0.006541991077638119,0
normal,N0228,7811,9,50,2022-07-12 00:29:03.124,0,train,0.0,0
normal,N0228,7812,10,50,2022-07-12 00:29:03.224,0,train,0.0,0
normal,N0228,7813,11,50,2022-07-12 00:29:03.324,0,train,0.0,0
normal,N0228,7814,12,50,2022-07-12 00:29:03.424,0,train,0.0,0
normal,N0228,7815,13,50,2022-07-12 00:29:03.524,0,train,0.0,0
normal,N0228,7816,14,50,2022-07-12 00:29:03.624,0,train,0.0,0
normal,N0228,7817,15,50,2022-07-12 00:29:03.724,0,train,0.0,0
normal,N0228,7818,16,50,2022-07-12 00:29:03.824,0,train,0.0,0
normal,N0228,7819,17,50,2022-07-12 00:29:03.924,0,train,0.0,0
normal,N0228,7820,18,50,2022-07-12 00:29:04.024,0,train,0.0,0
normal,N0228,7821,19,50,2022-07-12 00:29:04.124,0,train,0.0,0
normal,N0228,7822,20,50,2022-07-12 00:29:04.224,0,train,0.0,0
normal,N0228,7823,21,50,2022-07-12 00:29:04.324,0,train,0.0,0
normal,N0228,7824,22,50,2022-07-12 00:29:04.424,0,train,0.0,0
normal,N0228,7825,23,50,2022-07-12 00:29:04.524,0,train,0.0,0
normal,N0228,7826,24,50,2022-07-12 00:29:04.624,0,train,0.0,0
normal,N0228,7827,25,50,2022-07-12 00:29:04.724,0,train,0.0,0
normal,N0228,7828,26,50,2022-07-12 00:29:04.824,0,train,0.0,0
normal,N0228,7829,27,50,2022-07-12 00:29:04.924,0,train,0.0,0
normal,N0228,7830,28,50,2022-07-12 00:29:05.024,0,train,0.0,0
normal,N0228,7831,29,50,2022-07-12 00:29:05.124,0,train,0.0,0
normal,N0228,7832,30,50,2022-07-12 00:29:05.224,0,train,0.0,0
normal,N0228,7833,31,50,2022-07-12 00:29:05.324,0,train,0.0,0
normal,N0228,7834,32,50,2022-07-12 00:29:05.424,0,train,0.0,0
normal,N0228,7835,33,50,2022-07-12 00:29:05.524,0,train,0.0,0
normal,N0228,7836,34,50,2022-07-12 00:29:05.624,0,train,0.0,0
normal,N0228,7837,35,50,2022-07-12 00:29:05.724,0,train,0.0,0
normal,N0228,7838,36,50,2022-07-12 00:29:05.824,0,train,0.0,0
normal,N0228,7839,37,50,2022-07-12 00:29:05.924,0,train,0.0,0
normal,N0228,7840,38,50,2022-07-12 00:29:06.024,0,train,0.0,0
normal,N0228,7841,39,50,2022-07-12 00:29:06.124,0,train,0.0,0
normal,N0228,7842,40,50,2022-07-12 00:29:06.224,0,train,0.0,0
normal,N0228,7843,41,50,2022-07-12 00:29:06.324,0,train,0.0,0
normal,N0228,7844,42,50,2022-07-12 00:29:06.424,0,train,0.0,0
normal,N0228,7845,43,50,2022-07-12 00:29:06.524,0,train,0.0,0
normal,N0228,7846,44,50,2022-07-12 00:29:06.624,0,train,0.0,0
normal,N0228,7847,45,50,2022-07-12 00:29:06.724,0,train,0.0,0
normal,N0228,7848,46,50,2022-07-12 00:29:06.824,0,train,0.0,0
normal,N0228,7849,47,50,2022-07-12 00:29:06.924,0,train,0.0,0
normal,N0228,7850,48,50,2022-07-12 00:29:07.024,0,train,0.0,0
normal,N0228,7851,49,50,2022-07-12 00:29:07.124,0,train,0.0,0
normal,N0229,7861,9,43,2022-07-12 00:29:10.492,0,train,0.0,0
normal,N0229,7862,10,43,2022-07-12 00:29:10.592,0,train,0.0,0
normal,N0229,7863,11,43,2022-07-12 00:29:10.692,0,train,0.0,0
normal,N0229,7864,12,43,2022-07-12 00:29:10.792,0,train,0.0,0
normal,N0229,7865,13,43,2022-07-12 00:29:10.892,0,train,0.0,0
normal,N0229,7866,14,43,2022-07-12 00:29:10.992,0,train,0.008905457496053646,0
normal,N0229,7867,15,43,2022-07-12 00:29:11.092,0,train,0.002998420221169036,0
normal,N0229,7868,16,43,2022-07-12 00:29:11.192,0,train,0.0,0
normal,N0229,7869,17,43,2022-07-12 00:29:11.292,0,train,0.0,0
normal,N0229,7870,18,43,2022-07-12 00:29:11.392,0,train,0.0,0
normal,N0229,7871,19,43,2022-07-12 00:29:11.492,0,train,0.0,0
normal,N0229,7872,20,43,2022-07-12 00:29:11.592,0,train,0.0,0
normal,N0229,7873,21,43,2022-07-12 00:29:11.692,0,train,0.0,0
normal,N0229,7874,22,43,2022-07-12 00:29:11.792,0,train,0.0,0
normal,N0229,7875,23,43,2022-07-12 00:29:11.892,0,train,0.0,0
normal,N0229,7876,24,43,2022-07-12 00:29:11.992,0,train,0.0,0
normal,N0229,7877,25,43,2022-07-12 00:29:12.092,0,train,0.0,0
normal,N0229,7878,26,43,2022-07-12 00:29:12.192,0,train,0.0,0
normal,N0229,7879,27,43,2022-07-12 00:29:12.292,0,train,0.0,0
normal,N0229,7880,28,43,2022-07-12 00:29:12.392,0,train,0.0,0
normal,N0229,7881,29,43,2022-07-12 00:29:12.492,0,train,0.0,0
normal,N0229,7882,30,43,2022-07-12 00:29:12.592,0,train,0.038677406863418494,0
normal,N0229,7883,31,43,2022-07-12 00:29:12.692,0,train,0.15031655891825765,0
normal,N0229,7884,32,43,2022-07-12 00:29:12.792,0,train,0.0,0
normal,N0229,7885,33,43,2022-07-12 00:29:12.892,0,train,0.0,0
normal,N0229,7886,34,43,2022-07-12 00:29:12.992,0,train,0.0,0
normal,N0229,7887,35,43,2022-07-12 00:29:13.092,0,train,0.0,0
normal,N0229,7888,36,43,2022-07-12 00:29:13.192,0,train,0.0,0
normal,N0229,7889,37,43,2022-07-12 00:29:13.292,0,train,0.0,0
normal,N0229,7890,38,43,2022-07-12 00:29:13.392,0,train,0.0,0
normal,N0229,7891,39,43,2022-07-12 00:29:13.492,0,train,0.0,0
normal,N0229,7892,40,43,2022-07-12 00:29:13.592,0,train,0.0,0
normal,N0229,7893,41,43,2022-07-12 00:29:13.692,0,train,0.0,0
normal,N0229,7894,42,43,2022-07-12 00:29:13.792,0,train,0.0,0
normal,N0230,7904,9,32,2022-07-12 00:29:18.474,0,train,0.025507892181394935,0
normal,N0230,7905,10,32,2022-07-12 00:29:18.574,0,train,0.0,0
normal,N0230,7906,11,32,2022-07-12 00:29:18.674,0,train,0.0032001761875720004,0
normal,N0230,7907,12,32,2022-07-12 00:29:18.774,0,train,0.003290905929403582,0
normal,N0230,7908,13,32,2022-07-12 00:29:18.874,0,train,0.0,0
normal,N0230,7909,14,32,2022-07-12 00:29:18.974,0,train,0.0,0
normal,N0230,7910,15,32,2022-07-12 00:29:19.074,0,train,0.0,0
normal,N0230,7911,16,32,2022-07-12 00:29:19.174,0,train,0.0,0
normal,N0230,7912,17,32,2022-07-12 00:29:19.274,0,train,0.0,0
normal,N0230,7913,18,32,2022-07-12 00:29:19.374,0,train,0.0,0
normal,N0230,7914,19,32,2022-07-12 00:29:19.474,0,train,0.0,0
normal,N0230,7915,20,32,2022-07-12 00:29:19.574,0,train,0.0,0
normal,N0230,7916,21,32,2022-07-12 00:29:19.674,0,train,0.0,0
normal,N0230,7917,22,32,2022-07-12 00:29:19.774,0,train,0.00554864159548382,0
normal,N0230,7918,23,32,2022-07-12 00:29:19.874,0,train,0.0,0
normal,N0230,7919,24,32,2022-07-12 00:29:19.974,0,train,0.0,0
normal,N0230,7920,25,32,2022-07-12 00:29:20.074,0,train,0.0,0
normal,N0230,7921,26,32,2022-07-12 00:29:20.174,0,train,0.0,0
normal,N0230,7922,27,32,2022-07-12 00:29:20.274,0,train,0.0033333333333333335,0
normal,N0230,7923,28,32,2022-07-12 00:29:20.374,0,train,0.0,0
normal,N0230,7924,29,32,2022-07-12 00:29:20.474,0,train,0.0,0
normal,N0230,7925,30,32,2022-07-12 00:29:20.574,0,train,0.0,0
normal,N0230,7926,31,32,2022-07-12 00:29:20.674,0,train,0.0,0
normal,N0231,7936,9,16,2022-07-12 00:29:26.607,0,train,0.0,0
normal,N0231,7937,10,16,2022-07-12 00:29:26.707,0,train,0.0,0
normal,N0231,7938,11,16,2022-07-12 00:29:26.807,0,train,0.0,0
normal,N0231,7939,12,16,2022-07-12 00:29:26.907,0,train,0.002964706620843338,0
normal,N0231,7940,13,16,2022-07-12 00:29:27.007,0,train,0.0,0
normal,N0231,7941,14,16,2022-07-12 00:29:27.107,0,train,0.0,0
normal,N0231,7942,15,16,2022-07-12 00:29:27.207,0,train,0.0,0
normal,N0233,7956,9,50,2022-07-12 00:29:36.645,0,train,0.008646790406197783,0
normal,N0233,7957,10,50,2022-07-12 00:29:36.745,0,train,0.0,0
normal,N0233,7958,11,50,2022-07-12 00:29:36.845,0,train,0.0024405452062559586,0
normal,N0233,7959,12,50,2022-07-12 00:29:36.945,0,train,0.0024405452062559586,0
normal,N0233,7960,13,50,2022-07-12 00:29:37.045,0,train,0.0,0
normal,N0233,7961,14,50,2022-07-12 00:29:37.145,0,train,0.0,0
normal,N0233,7962,15,50,2022-07-12 00:29:37.245,0,train,0.027589555493611417,0
normal,N0233,7963,16,50,2022-07-12 00:29:37.345,0,train,0.025433171896648805,0
normal,N0233,7964,17,50,2022-07-12 00:29:37.445,0,train,0.01872091619258368,0
normal,N0233,7965,18,50,2022-07-12 00:29:37.545,0,train,0.012750093651690836,0
normal,N0233,7966,19,50,2022-07-12 00:29:37.645,0,train,0.0,0
normal,N0233,7967,20,50,2022-07-12 00:29:37.745,0,train,0.0,0
normal,N0233,7968,21,50,2022-07-12 00:29:37.845,0,train,0.0,0
normal,N0233,7969,22,50,2022-07-12 00:29:37.945,0,train,0.0,0
normal,N0233,7970,23,50,2022-07-12 00:29:38.045,0,train,0.006287618643645119,0
normal,N0233,7971,24,50,2022-07-12 00:29:38.145,0,train,0.0029839801088974915,0
normal,N0233,7972,25,50,2022-07-12 00:29:38.245,0,train,0.011910025791459663,0
normal,N0233,7973,26,50,2022-07-12 00:29:38.345,0,train,0.0025253173012692053,0
normal,N0233,7974,27,50,2022-07-12 00:29:38.445,0,train,0.0,0
normal,N0233,7975,28,50,2022-07-12 00:29:38.545,0,train,0.0,0
normal,N0233,7976,29,50,2022-07-12 00:29:38.645,0,train,0.0,0
normal,N0233,7977,30,50,2022-07-12 00:29:38.745,0,train,0.0,0
normal,N0233,7978,31,50,2022-07-12 00:29:38.845,0,train,0.008509347333042705,0
normal,N0233,7979,32,50,2022-07-12 00:29:38.945,0,train,0.10611470824232375,0
normal,N0233,7980,33,50,2022-07-12 00:29:39.045,0,train,0.008914269504346642,0
normal,N0233,7981,34,50,2022-07-12 00:29:39.145,0,train,0.006514339032972469,0
normal,N0233,7982,35,50,2022-07-12 00:29:39.245,0,train,0.006338407532537657,0
normal,N0233,7983,36,50,2022-07-12 00:29:39.345,0,train,0.009246993505885901,0
normal,N0233,7984,37,50,2022-07-12 00:29:39.445,0,train,0.005991642927027129,0
normal,N0233,7985,38,50,2022-07-12 00:29:39.545,0,train,0.0,0
normal,N0233,7986,39,50,2022-07-12 00:29:39.645,0,train,0.00971040333344576,0
normal,N0233,7987,40,50,2022-07-12 00:29:39.745,0,train,0.03378643716300744,0
normal,N0233,7988,41,50,2022-07-12 00:29:39.845,0,train,0.0,0
normal,N0233,7989,42,50,2022-07-12 00:29:39.945,0,train,0.0,0
normal,N0233,7990,43,50,2022-07-12 00:29:40.045,0,train,0.0,0
normal,N0233,7991,44,50,2022-07-12 00:29:40.145,0,train,0.0,0
normal,N0233,7992,45,50,2022-07-12 00:29:40.245,0,train,0.0,0
normal,N0233,7993,46,50,2022-07-12 00:29:40.345,0,train,0.0,0
normal,N0233,7994,47,50,2022-07-12 00:29:40.445,0,train,0.005830040673822247,0
normal,N0233,7995,48,50,2022-07-12 00:29:40.545,0,train,0.01164783098119442,0
normal,N0233,7996,49,50,2022-07-12 00:29:40.645,0,train,0.003132988939664878,0
normal,N0234,8006,9,50,2022-07-12 00:29:43.184,0,train,0.0,0
normal,N0234,8007,10,50,2022-07-12 00:29:43.284,0,train,0.0,0
normal,N0234,8008,11,50,2022-07-12 00:29:43.384,0,train,0.0,0
normal,N0234,8009,12,50,2022-07-12 00:29:43.484,0,train,0.0,0
normal,N0234,8010,13,50,2022-07-12 00:29:43.584,0,train,0.0,0
normal,N0234,8011,14,50,2022-07-12 00:29:43.684,0,train,0.0,0
normal,N0234,8012,15,50,2022-07-12 00:29:43.784,0,train,0.0,0
normal,N0234,8013,16,50,2022-07-12 00:29:43.884,0,train,0.0,0
normal,N0234,8014,17,50,2022-07-12 00:29:43.984,0,train,0.041483933365386305,0
normal,N0234,8015,18,50,2022-07-12 00:29:44.084,0,train,0.0,0
normal,N0234,8016,19,50,2022-07-12 00:29:44.184,0,train,0.0033333333333333335,0
normal,N0234,8017,20,50,2022-07-12 00:29:44.284,0,train,0.0,0
normal,N0234,8018,21,50,2022-07-12 00:29:44.384,0,train,0.0,0
normal,N0234,8019,22,50,2022-07-12 00:29:44.484,0,train,0.0,0
normal,N0234,8020,23,50,2022-07-12 00:29:44.584,0,train,0.0,0
normal,N0234,8021,24,50,2022-07-12 00:29:44.684,0,train,0.0,0
normal,N0234,8022,25,50,2022-07-12 00:29:44.784,0,train,0.0033216119417937735,0
normal,N0234,8023,26,50,2022-07-12 00:29:44.884,0,train,0.0,0
normal,N0234,8024,27,50,2022-07-12 00:29:44.984,0,train,0.0,0
normal,N0234,8025,28,50,2022-07-12 00:29:45.084,0,train,0.0,0
normal,N0234,8026,29,50,2022-07-12 00:29:45.184,0,train,0.0,0
normal,N0234,8027,30,50,2022-07-12 00:29:45.284,0,train,0.0,0
normal,N0234,8028,31,50,2022-07-12 00:29:45.384,0,train,0.0,0
normal,N0234,8029,32,50,2022-07-12 00:29:45.484,0,train,0.0,0
normal,N0234,8030,33,50,2022-07-12 00:29:45.584,0,train,0.0,0
normal,N0234,8031,34,50,2022-07-12 00:29:45.684,0,train,0.002966895298944533,0
normal,N0234,8032,35,50,2022-07-12 00:29:45.784,0,train,0.0,0
normal,N0234,8033,36,50,2022-07-12 00:29:45.884,0,train,0.002916164519019808,0
normal,N0234,8034,37,50,2022-07-12 00:29:45.984,0,train,0.003129082940544116,0
normal,N0234,8035,38,50,2022-07-12 00:29:46.084,0,train,0.0,0
normal,N0234,8036,39,50,2022-07-12 00:29:46.184,0,train,0.0,0
normal,N0234,8037,40,50,2022-07-12 00:29:46.284,0,train,0.0,0
normal,N0234,8038,41,50,2022-07-12 00:29:46.384,0,train,0.0,0
normal,N0234,8039,42,50,2022-07-12 00:29:46.484,0,train,0.012904985327517613,0
normal,N0234,8040,43,50,2022-07-12 00:29:46.584,0,train,0.0,0
normal,N0234,8041,44,50,2022-07-12 00:29:46.684,0,train,0.0,0
normal,N0234,8042,45,50,2022-07-12 00:29:46.784,0,train,0.0,0
normal,N0234,8043,46,50,2022-07-12 00:29:46.884,0,train,0.0,0
normal,N0234,8044,47,50,2022-07-12 00:29:46.984,0,train,0.0,0
normal,N0234,8045,48,50,2022-07-12 00:29:47.084,0,train,0.0,0
normal,N0234,8046,49,50,2022-07-12 00:29:47.184,0,train,0.0030169361783561385,0
normal,N0235,8056,9,41,2022-07-12 00:29:50.908,0,train,0.0,0
normal,N0235,8057,10,41,2022-07-12 00:29:51.008,0,train,0.0,0
normal,N0235,8058,11,41,2022-07-12 00:29:51.108,0,train,0.0,0
normal,N0235,8059,12,41,2022-07-12 00:29:51.208,0,train,0.0,0
normal,N0235,8060,13,41,2022-07-12 00:29:51.308,0,train,0.0,0
normal,N0235,8061,14,41,2022-07-12 00:29:51.408,0,train,0.0,0
normal,N0235,8062,15,41,2022-07-12 00:29:51.508,0,train,0.0,0
normal,N0235,8063,16,41,2022-07-12 00:29:51.608,0,train,0.0,0
normal,N0235,8064,17,41,2022-07-12 00:29:51.708,0,train,0.0,0
normal,N0235,8065,18,41,2022-07-12 00:29:51.808,0,train,0.0,0
normal,N0235,8066,19,41,2022-07-12 00:29:51.908,0,train,0.003214691854642973,0
normal,N0235,8067,20,41,2022-07-12 00:29:52.008,0,train,0.0,0
normal,N0235,8068,21,41,2022-07-12 00:29:52.108,0,train,0.0,0
normal,N0235,8069,22,41,2022-07-12 00:29:52.208,0,train,0.0,0
normal,N0235,8070,23,41,2022-07-12 00:29:52.308,0,train,0.0,0
normal,N0235,8071,24,41,2022-07-12 00:29:52.408,0,train,0.011915688026742368,0
normal,N0235,8072,25,41,2022-07-12 00:29:52.508,0,train,0.013086441441814834,0
normal,N0235,8073,26,41,2022-07-12 00:29:52.608,0,train,0.0,0
normal,N0235,8074,27,41,2022-07-12 00:29:52.708,0,train,0.0,0
normal,N0235,8075,28,41,2022-07-12 00:29:52.808,0,train,0.0,0
normal,N0235,8076,29,41,2022-07-12 00:29:52.908,0,train,0.0,0
normal,N0235,8077,30,41,2022-07-12 00:29:53.008,0,train,0.0,0
normal,N0235,8078,31,41,2022-07-12 00:29:53.108,0,train,0.0,0
normal,N0235,8079,32,41,2022-07-12 00:29:53.208,0,train,0.0,0
normal,N0235,8080,33,41,2022-07-12 00:29:53.308,0,train,0.0,0
normal,N0235,8081,34,41,2022-07-12 00:29:53.408,0,train,0.0,0
normal,N0235,8082,35,41,2022-07-12 00:29:53.508,0,train,0.0,0
normal,N0235,8083,36,41,2022-07-12 00:29:53.608,0,train,0.0,0
normal,N0235,8084,37,41,2022-07-12 00:29:53.708,0,train,0.0,0
normal,N0235,8085,38,41,2022-07-12 00:29:53.808,0,train,0.0,0
normal,N0235,8086,39,41,2022-07-12 00:29:53.908,0,train,0.0,0
normal,N0235,8087,40,41,2022-07-12 00:29:54.008,0,train,0.0,0
normal,N0236,8097,9,26,2022-07-12 00:29:58.944,0,train,0.0029839801088974915,0
normal,N0236,8098,10,26,2022-07-12 00:29:59.044,0,train,0.0,0
normal,N0236,8099,11,26,2022-07-12 00:29:59.144,0,train,0.018727222923251217,0
normal,N0236,8100,12,26,2022-07-12 00:29:59.244,0,train,0.019054768477199505,0
normal,N0236,8101,13,26,2022-07-12 00:29:59.344,0,train,0.0,0
normal,N0236,8102,14,26,2022-07-12 00:29:59.444,0,train,0.0,0
normal,N0236,8103,15,26,2022-07-12 00:29:59.544,0,train,0.0,0
normal,N0236,8104,16,26,2022-07-12 00:29:59.644,0,train,0.0,0
normal,N0236,8105,17,26,2022-07-12 00:29:59.744,0,train,0.0,0
normal,N0236,8106,18,26,2022-07-12 00:29:59.844,0,train,0.017831718752257152,0
normal,N0236,8107,19,26,2022-07-12 00:29:59.944,0,train,0.003186464100036232,0
normal,N0236,8108,20,26,2022-07-12 00:30:00.044,0,train,0.0,0
normal,N0236,8109,21,26,2022-07-12 00:30:00.144,0,train,0.0,0
normal,N0236,8110,22,26,2022-07-12 00:30:00.244,0,train,0.0,0
normal,N0236,8111,23,26,2022-07-12 00:30:00.344,0,train,0.0026612676452393,0
normal,N0236,8112,24,26,2022-07-12 00:30:00.444,0,train,0.0,0
normal,N0236,8113,25,26,2022-07-12 00:30:00.544,0,train,0.0033333333333333335,0
normal,N0239,8141,9,50,2022-07-12 00:30:16.775,0,train,0.0,0
normal,N0239,8142,10,50,2022-07-12 00:30:16.875,0,train,0.0,0
normal,N0239,8143,11,50,2022-07-12 00:30:16.975,0,train,0.0,0
normal,N0239,8144,12,50,2022-07-12 00:30:17.075,0,train,0.0,0
normal,N0239,8145,13,50,2022-07-12 00:30:17.175,0,train,0.0,0
normal,N0239,8146,14,50,2022-07-12 00:30:17.275,0,train,0.0,0
normal,N0239,8147,15,50,2022-07-12 00:30:17.375,0,train,0.0,0
normal,N0239,8148,16,50,2022-07-12 00:30:17.475,0,train,0.015120988464873489,0
normal,N0239,8149,17,50,2022-07-12 00:30:17.575,0,train,0.006269878433780773,0
normal,N0239,8150,18,50,2022-07-12 00:30:17.675,0,train,0.0,0
normal,N0239,8151,19,50,2022-07-12 00:30:17.775,0,train,0.003288219926127662,0
normal,N0239,8152,20,50,2022-07-12 00:30:17.875,0,train,0.003288219926127662,0
normal,N0239,8153,21,50,2022-07-12 00:30:17.975,0,train,0.0,0
normal,N0239,8154,22,50,2022-07-12 00:30:18.075,0,train,0.0,0
normal,N0239,8155,23,50,2022-07-12 00:30:18.175,0,train,0.0,0
normal,N0239,8156,24,50,2022-07-12 00:30:18.275,0,train,0.0,0
normal,N0239,8157,25,50,2022-07-12 00:30:18.375,0,train,0.0,0
normal,N0239,8158,26,50,2022-07-12 00:30:18.475,0,train,0.0,0
normal,N0239,8159,27,50,2022-07-12 00:30:18.575,0,train,0.01284228188548883,0
normal,N0239,8160,28,50,2022-07-12 00:30:18.675,0,train,0.017938973299033593,0
normal,N0239,8161,29,50,2022-07-12 00:30:18.775,0,train,0.0,0
normal,N0239,8162,30,50,2022-07-12 00:30:18.875,0,train,0.0,0
normal,N0239,8163,31,50,2022-07-12 00:30:18.975,0,train,0.0,0
normal,N0239,8164,32,50,2022-07-12 00:30:19.075,0,train,0.0031653501316535014,0
normal,N0239,8165,33,50,2022-07-12 00:30:19.175,0,train,0.01813690056910146,0
normal,N0239,8166,34,50,2022-07-12 00:30:19.275,0,train,0.0,0
normal,N0239,8167,35,50,2022-07-12 00:30:19.375,0,train,0.0,0
normal,N0239,8168,36,50,2022-07-12 00:30:19.475,0,train,0.003288219926127662,0
normal,N0239,8169,37,50,2022-07-12 00:30:19.575,0,train,0.0,0
normal,N0239,8170,38,50,2022-07-12 00:30:19.675,0,train,0.024505508832222946,0
normal,N0239,8171,39,50,2022-07-12 00:30:19.775,0,train,0.018654996635502952,0
normal,N0239,8172,40,50,2022-07-12 00:30:19.875,0,train,0.0,0
normal,N0239,8173,41,50,2022-07-12 00:30:19.975,0,train,0.0,0
normal,N0239,8174,42,50,2022-07-12 00:30:20.075,0,train,0.0,0
normal,N0239,8175,43,50,2022-07-12 00:30:20.175,0,train,0.0,0
normal,N0239,8176,44,50,2022-07-12 00:30:20.275,0,train,0.0,0
normal,N0239,8177,45,50,2022-07-12 00:30:20.375,0,train,0.018581364842474066,0
normal,N0239,8178,46,50,2022-07-12 00:30:20.475,0,train,0.0,0
normal,N0239,8179,47,50,2022-07-12 00:30:20.575,0,train,0.0,0
normal,N0239,8180,48,50,2022-07-12 00:30:20.675,0,train,0.0,0
normal,N0239,8181,49,50,2022-07-12 00:30:20.775,0,train,0.0,0
normal,N0240,8191,9,50,2022-07-12 00:30:23.588,0,train,0.0,0
normal,N0240,8192,10,50,2022-07-12 00:30:23.688,0,train,0.006018385274785447,0
normal,N0240,8193,11,50,2022-07-12 00:30:23.788,0,train,0.0,0
normal,N0240,8194,12,50,2022-07-12 00:30:23.888,0,train,0.0,0
normal,N0240,8195,13,50,2022-07-12 00:30:23.988,0,train,0.0,0
normal,N0240,8196,14,50,2022-07-12 00:30:24.088,0,train,0.0,0
normal,N0240,8197,15,50,2022-07-12 00:30:24.188,0,train,0.0,0
normal,N0240,8198,16,50,2022-07-12 00:30:24.288,0,train,0.0,0
normal,N0240,8199,17,50,2022-07-12 00:30:24.388,0,train,0.0,0
normal,N0240,8200,18,50,2022-07-12 00:30:24.488,0,train,0.003208721471425562,0
normal,N0240,8201,19,50,2022-07-12 00:30:24.588,0,train,0.0,0
normal,N0240,8202,20,50,2022-07-12 00:30:24.688,0,train,0.00937915188305149,0
normal,N0240,8203,21,50,2022-07-12 00:30:24.788,0,train,0.0,0
normal,N0240,8204,22,50,2022-07-12 00:30:24.888,0,train,0.0,0
normal,N0240,8205,23,50,2022-07-12 00:30:24.988,0,train,0.0,0
normal,N0240,8206,24,50,2022-07-12 00:30:25.088,0,train,0.0,0
normal,N0240,8207,25,50,2022-07-12 00:30:25.188,0,train,0.0,0
normal,N0240,8208,26,50,2022-07-12 00:30:25.288,0,train,0.0,0
normal,N0240,8209,27,50,2022-07-12 00:30:25.388,0,train,0.0,0
normal,N0240,8210,28,50,2022-07-12 00:30:25.488,0,train,0.005971303038605911,0
normal,N0240,8211,29,50,2022-07-12 00:30:25.588,0,train,0.008871091777468774,0
normal,N0240,8212,30,50,2022-07-12 00:30:25.688,0,train,0.0,0
normal,N0240,8213,31,50,2022-07-12 00:30:25.788,0,train,0.0,0
normal,N0240,8214,32,50,2022-07-12 00:30:25.888,0,train,0.0,0
normal,N0240,8215,33,50,2022-07-12 00:30:25.988,0,train,0.0,0
normal,N0240,8216,34,50,2022-07-12 00:30:26.088,0,train,0.003065223749634396,0
normal,N0240,8217,35,50,2022-07-12 00:30:26.188,0,train,0.0065090860323207935,0
normal,N0240,8218,36,50,2022-07-12 00:30:26.288,0,train,0.0,0
normal,N0240,8219,37,50,2022-07-12 00:30:26.388,0,train,0.0191668379398548,0
normal,N0240,8220,38,50,2022-07-12 00:30:26.488,0,train,0.013057370020809084,0
normal,N0240,8221,39,50,2022-07-12 00:30:26.588,0,train,0.01922213207030923,0
normal,N0240,8222,40,50,2022-07-12 00:30:26.688,0,train,0.012604534340557966,0
normal,N0240,8223,41,50,2022-07-12 00:30:26.788,0,train,0.01591625049917727,0
normal,N0240,8224,42,50,2022-07-12 00:30:26.888,0,train,0.0,0
normal,N0240,8225,43,50,2022-07-12 00:30:26.988,0,train,0.0,0
normal,N0240,8226,44,50,2022-07-12 00:30:27.088,0,train,0.0,0
normal,N0240,8227,45,50,2022-07-12 00:30:27.188,0,train,0.0,0
normal,N0240,8228,46,50,2022-07-12 00:30:27.288,0,train,0.0,0
normal,N0240,8229,47,50,2022-07-12 00:30:27.388,0,train,0.0,0
normal,N0240,8230,48,50,2022-07-12 00:30:27.488,0,train,0.0,0
normal,N0240,8231,49,50,2022-07-12 00:30:27.588,0,train,0.0,0
normal,N0241,8241,9,43,2022-07-12 00:30:30.899,0,train,0.0,0
normal,N0241,8242,10,43,2022-07-12 00:30:30.999,0,train,0.0,0
normal,N0241,8243,11,43,2022-07-12 00:30:31.099,0,train,0.0,0
normal,N0241,8244,12,43,2022-07-12 00:30:31.199,0,train,0.0,0
normal,N0241,8245,13,43,2022-07-12 00:30:31.299,0,train,0.0,0
normal,N0241,8246,14,43,2022-07-12 00:30:31.399,0,train,0.0,0
normal,N0241,8247,15,43,2022-07-12 00:30:31.499,0,train,0.0,0
normal,N0241,8248,16,43,2022-07-12 00:30:31.599,0,train,0.0,0
normal,N0241,8249,17,43,2022-07-12 00:30:31.699,0,train,0.0,0
normal,N0241,8250,18,43,2022-07-12 00:30:31.799,0,train,0.0,0
normal,N0241,8251,19,43,2022-07-12 00:30:31.899,0,train,0.0,0
normal,N0241,8252,20,43,2022-07-12 00:30:31.999,0,train,0.0,0
normal,N0241,8253,21,43,2022-07-12 00:30:32.099,0,train,0.0,0
normal,N0241,8254,22,43,2022-07-12 00:30:32.199,0,train,0.0032474492425023198,0
normal,N0241,8255,23,43,2022-07-12 00:30:32.299,0,train,0.0,0
normal,N0241,8256,24,43,2022-07-12 00:30:32.399,0,train,0.0,0
normal,N0241,8257,25,43,2022-07-12 00:30:32.499,0,train,0.0,0
normal,N0241,8258,26,43,2022-07-12 00:30:32.599,0,train,0.0,0
normal,N0241,8259,27,43,2022-07-12 00:30:32.699,0,train,0.0,0
normal,N0241,8260,28,43,2022-07-12 00:30:32.799,0,train,0.0,0
normal,N0241,8261,29,43,2022-07-12 00:30:32.899,0,train,0.0,0
normal,N0241,8262,30,43,2022-07-12 00:30:32.999,0,train,0.0,0
normal,N0241,8263,31,43,2022-07-12 00:30:33.099,0,train,0.0,0
normal,N0241,8264,32,43,2022-07-12 00:30:33.199,0,train,0.0,0
normal,N0241,8265,33,43,2022-07-12 00:30:33.299,0,train,0.0,0
normal,N0241,8266,34,43,2022-07-12 00:30:33.399,0,train,0.0,0
normal,N0241,8267,35,43,2022-07-12 00:30:33.499,0,train,0.0,0
normal,N0241,8268,36,43,2022-07-12 00:30:33.599,0,train,0.0,0
normal,N0241,8269,37,43,2022-07-12 00:30:33.699,0,train,0.00986315255955398,0
normal,N0241,8270,38,43,2022-07-12 00:30:33.799,0,train,0.02827800296983705,0
normal,N0241,8271,39,43,2022-07-12 00:30:33.899,0,train,0.0,0
normal,N0241,8272,40,43,2022-07-12 00:30:33.999,0,train,0.0,0
normal,N0241,8273,41,43,2022-07-12 00:30:34.099,0,train,0.0,0
normal,N0241,8274,42,43,2022-07-12 00:30:34.199,0,train,0.0,0
normal,N0243,8313,9,16,2022-07-12 00:30:46.932,0,train,0.0,0
normal,N0243,8314,10,16,2022-07-12 00:30:47.032,0,train,0.02505190426064527,0
normal,N0243,8315,11,16,2022-07-12 00:30:47.132,0,train,0.0031587747458533978,0
normal,N0243,8316,12,16,2022-07-12 00:30:47.232,0,train,0.0,0
normal,N0243,8317,13,16,2022-07-12 00:30:47.332,0,train,0.0,0
normal,N0243,8318,14,16,2022-07-12 00:30:47.432,0,train,0.0,0
normal,N0243,8319,15,16,2022-07-12 00:30:47.532,0,train,0.0,0
normal,N0245,8335,9,50,2022-07-12 00:31:03.845,0,train,0.014694174894583382,0
normal,N0245,8336,10,50,2022-07-12 00:31:03.945,0,train,0.0,0
normal,N0245,8337,11,50,2022-07-12 00:31:04.045,0,train,0.0,0
normal,N0245,8338,12,50,2022-07-12 00:31:04.145,0,train,0.0,0
normal,N0245,8339,13,50,2022-07-12 00:31:04.245,0,train,0.0,0
normal,N0245,8340,14,50,2022-07-12 00:31:04.345,0,train,0.0,0
normal,N0245,8341,15,50,2022-07-12 00:31:04.445,0,train,0.0,0
normal,N0245,8342,16,50,2022-07-12 00:31:04.545,0,train,0.0,0
normal,N0245,8343,17,50,2022-07-12 00:31:04.645,0,train,0.0,0
normal,N0245,8344,18,50,2022-07-12 00:31:04.745,0,train,0.0,0
normal,N0245,8345,19,50,2022-07-12 00:31:04.845,0,train,0.0,0
normal,N0245,8346,20,50,2022-07-12 00:31:04.945,0,train,0.0,0
normal,N0245,8347,21,50,2022-07-12 00:31:05.045,0,train,0.0,0
normal,N0245,8348,22,50,2022-07-12 00:31:05.145,0,train,0.0,0
normal,N0245,8349,23,50,2022-07-12 00:31:05.245,0,train,0.0,0
normal,N0245,8350,24,50,2022-07-12 00:31:05.345,0,train,0.0,0
normal,N0245,8351,25,50,2022-07-12 00:31:05.445,0,train,0.0,0
normal,N0245,8352,26,50,2022-07-12 00:31:05.545,0,train,0.0,0
normal,N0245,8353,27,50,2022-07-12 00:31:05.645,0,train,0.006517712661740662,0
normal,N0245,8354,28,50,2022-07-12 00:31:05.745,0,train,0.0,0
normal,N0245,8355,29,50,2022-07-12 00:31:05.845,0,train,0.0,0
normal,N0245,8356,30,50,2022-07-12 00:31:05.945,0,train,0.0,0
normal,N0245,8357,31,50,2022-07-12 00:31:06.045,0,train,0.0,0
normal,N0245,8358,32,50,2022-07-12 00:31:06.145,0,train,0.0,0
normal,N0245,8359,33,50,2022-07-12 00:31:06.245,0,train,0.0,0
normal,N0245,8360,34,50,2022-07-12 00:31:06.345,0,train,0.0,0
normal,N0245,8361,35,50,2022-07-12 00:31:06.445,0,train,0.0,0
normal,N0245,8362,36,50,2022-07-12 00:31:06.545,0,train,0.0,0
normal,N0245,8363,37,50,2022-07-12 00:31:06.645,0,train,0.0,0
normal,N0245,8364,38,50,2022-07-12 00:31:06.745,0,train,0.0,0
normal,N0245,8365,39,50,2022-07-12 00:31:06.845,0,train,0.0,0
normal,N0245,8366,40,50,2022-07-12 00:31:06.945,0,train,0.0,0
normal,N0245,8367,41,50,2022-07-12 00:31:07.045,0,train,0.0,0
normal,N0245,8368,42,50,2022-07-12 00:31:07.145,0,train,0.003054223771934073,0
normal,N0245,8369,43,50,2022-07-12 00:31:07.245,0,train,0.006089309799484677,0
normal,N0245,8370,44,50,2022-07-12 00:31:07.345,0,train,0.0,0
normal,N0245,8371,45,50,2022-07-12 00:31:07.445,0,train,0.0,0
normal,N0245,8372,46,50,2022-07-12 00:31:07.545,0,train,0.0,0
normal,N0245,8373,47,50,2022-07-12 00:31:07.645,0,train,0.0,0
normal,N0245,8374,48,50,2022-07-12 00:31:07.745,0,train,0.0,0
normal,N0245,8375,49,50,2022-07-12 00:31:07.845,0,train,0.0,0
normal,N0246,8385,9,50,2022-07-12 00:31:11.898,0,train,0.0,0
normal,N0246,8386,10,50,2022-07-12 00:31:11.998,0,train,0.0,0
normal,N0246,8387,11,50,2022-07-12 00:31:12.098,0,train,0.0033207384325119045,0
normal,N0246,8388,12,50,2022-07-12 00:31:12.198,0,train,0.002558240095129993,0
normal,N0246,8389,13,50,2022-07-12 00:31:12.298,0,train,0.002558240095129993,0
normal,N0246,8390,14,50,2022-07-12 00:31:12.398,0,train,0.002558240095129993,0
normal,N0246,8391,15,50,2022-07-12 00:31:12.498,0,train,0.0,0
normal,N0246,8392,16,50,2022-07-12 00:31:12.598,0,train,0.0,0
normal,N0246,8393,17,50,2022-07-12 00:31:12.698,0,train,0.0,0
normal,N0246,8394,18,50,2022-07-12 00:31:12.798,0,train,0.0,0
normal,N0246,8395,19,50,2022-07-12 00:31:12.898,0,train,0.0,0
normal,N0246,8396,20,50,2022-07-12 00:31:12.998,0,train,0.0,0
normal,N0246,8397,21,50,2022-07-12 00:31:13.098,0,train,0.0,0
normal,N0246,8398,22,50,2022-07-12 00:31:13.198,0,train,0.0,0
normal,N0246,8399,23,50,2022-07-12 00:31:13.298,0,train,0.0,0
normal,N0246,8400,24,50,2022-07-12 00:31:13.398,0,train,0.0,0
normal,N0246,8401,25,50,2022-07-12 00:31:13.498,0,train,0.0,0
normal,N0246,8402,26,50,2022-07-12 00:31:13.598,0,train,0.0,0
normal,N0246,8403,27,50,2022-07-12 00:31:13.698,0,train,0.0,0
normal,N0246,8404,28,50,2022-07-12 00:31:13.798,0,train,0.0,0
normal,N0246,8405,29,50,2022-07-12 00:31:13.898,0,train,0.0,0
normal,N0246,8406,30,50,2022-07-12 00:31:13.998,0,train,0.0,0
normal,N0246,8407,31,50,2022-07-12 00:31:14.098,0,train,0.006049405652353514,0
normal,N0246,8408,32,50,2022-07-12 00:31:14.198,0,train,0.04405854372164569,0
normal,N0246,8409,33,50,2022-07-12 00:31:14.298,0,train,0.012396062119491909,0
normal,N0246,8410,34,50,2022-07-12 00:31:14.398,0,train,0.0028037383177570096,0
normal,N0246,8411,35,50,2022-07-12 00:31:14.498,0,train,0.0,0
normal,N0246,8412,36,50,2022-07-12 00:31:14.598,0,train,0.0,0
normal,N0246,8413,37,50,2022-07-12 00:31:14.698,0,train,0.0,0
normal,N0246,8414,38,50,2022-07-12 00:31:14.798,0,train,0.003328122796295426,0
normal,N0246,8415,39,50,2022-07-12 00:31:14.898,0,train,0.0,0
normal,N0246,8416,40,50,2022-07-12 00:31:14.998,0,train,0.0,0
normal,N0246,8417,41,50,2022-07-12 00:31:15.098,0,train,0.0,0
normal,N0246,8418,42,50,2022-07-12 00:31:15.198,0,train,0.0,0
normal,N0246,8419,43,50,2022-07-12 00:31:15.298,0,train,0.0,0
normal,N0246,8420,44,50,2022-07-12 00:31:15.398,0,train,0.0,0
normal,N0246,8421,45,50,2022-07-12 00:31:15.498,0,train,0.0,0
normal,N0246,8422,46,50,2022-07-12 00:31:15.598,0,train,0.0,0
normal,N0246,8423,47,50,2022-07-12 00:31:15.698,0,train,0.0,0
normal,N0246,8424,48,50,2022-07-12 00:31:15.798,0,train,0.006309625011806932,0
normal,N0246,8425,49,50,2022-07-12 00:31:15.898,0,train,0.012861062900996853,0
normal,N0248,8485,9,35,2022-07-12 00:31:26.807,0,train,0.0032529375386518245,0
normal,N0248,8486,10,35,2022-07-12 00:31:26.907,0,train,0.0,0
normal,N0248,8487,11,35,2022-07-12 00:31:27.007,0,train,0.0,0
normal,N0248,8488,12,35,2022-07-12 00:31:27.107,0,train,0.0,0
normal,N0248,8489,13,35,2022-07-12 00:31:27.207,0,train,0.0,0
normal,N0248,8490,14,35,2022-07-12 00:31:27.307,0,train,0.0,0
normal,N0248,8491,15,35,2022-07-12 00:31:27.407,0,train,0.0,0
normal,N0248,8492,16,35,2022-07-12 00:31:27.507,0,train,0.0,0
normal,N0248,8493,17,35,2022-07-12 00:31:27.607,0,train,0.0,0
normal,N0248,8494,18,35,2022-07-12 00:31:27.707,0,train,0.0,0
normal,N0248,8495,19,35,2022-07-12 00:31:27.807,0,train,0.0,0
normal,N0248,8496,20,35,2022-07-12 00:31:27.907,0,train,0.0,0
normal,N0248,8497,21,35,2022-07-12 00:31:28.007,0,train,0.0,0
normal,N0248,8498,22,35,2022-07-12 00:31:28.107,0,train,0.0,0
normal,N0248,8499,23,35,2022-07-12 00:31:28.207,0,train,0.0,0
normal,N0248,8500,24,35,2022-07-12 00:31:28.307,0,train,0.0,0
normal,N0248,8501,25,35,2022-07-12 00:31:28.407,0,train,0.0,0
normal,N0248,8502,26,35,2022-07-12 00:31:28.507,0,train,0.0,0
normal,N0248,8503,27,35,2022-07-12 00:31:28.607,0,train,0.0,0
normal,N0248,8504,28,35,2022-07-12 00:31:28.707,0,train,0.0,0
normal,N0248,8505,29,35,2022-07-12 00:31:28.807,0,train,0.0,0
normal,N0248,8506,30,35,2022-07-12 00:31:28.907,0,train,0.0,0
normal,N0248,8507,31,35,2022-07-12 00:31:29.007,0,train,0.0,0
normal,N0248,8508,32,35,2022-07-12 00:31:29.107,0,train,0.0,0
normal,N0248,8509,33,35,2022-07-12 00:31:29.207,0,train,0.0,0
normal,N0248,8510,34,35,2022-07-12 00:31:29.307,0,train,0.0,0
normal,N0249,8520,9,23,2022-07-12 00:31:34.801,0,train,0.0,0
normal,N0249,8521,10,23,2022-07-12 00:31:34.901,0,train,0.006132162758001534,0
normal,N0249,8522,11,23,2022-07-12 00:31:35.001,0,train,0.015932585984746426,0
normal,N0249,8523,12,23,2022-07-12 00:31:35.101,0,train,0.0,0
normal,N0249,8524,13,23,2022-07-12 00:31:35.201,0,train,0.0,0
normal,N0249,8525,14,23,2022-07-12 00:31:35.301,0,train,0.0,0
normal,N0249,8526,15,23,2022-07-12 00:31:35.401,0,train,0.002558240095129993,0
normal,N0249,8527,16,23,2022-07-12 00:31:35.501,0,train,0.0,0
normal,N0249,8528,17,23,2022-07-12 00:31:35.601,0,train,0.0,0
normal,N0249,8529,18,23,2022-07-12 00:31:35.701,0,train,0.0,0
normal,N0249,8530,19,23,2022-07-12 00:31:35.801,0,train,0.0,0
normal,N0249,8531,20,23,2022-07-12 00:31:35.901,0,train,0.0,0
normal,N0249,8532,21,23,2022-07-12 00:31:36.001,0,train,0.0,0
normal,N0249,8533,22,23,2022-07-12 00:31:36.101,0,train,0.0,0
normal,N0251,8552,9,50,2022-07-12 00:31:52.100,0,train,0.0033068090601333197,0
normal,N0251,8553,10,50,2022-07-12 00:31:52.200,0,train,0.0,0
normal,N0251,8554,11,50,2022-07-12 00:31:52.300,0,train,0.0,0
normal,N0251,8555,12,50,2022-07-12 00:31:52.400,0,train,0.0,0
normal,N0251,8556,13,50,2022-07-12 00:31:52.500,0,train,0.0,0
normal,N0251,8557,14,50,2022-07-12 00:31:52.600,0,train,0.0,0
normal,N0251,8558,15,50,2022-07-12 00:31:52.700,0,train,0.0,0
normal,N0251,8559,16,50,2022-07-12 00:31:52.800,0,train,0.0,0
normal,N0251,8560,17,50,2022-07-12 00:31:52.900,0,train,0.0,0
normal,N0251,8561,18,50,2022-07-12 00:31:53.000,0,train,0.0,0
normal,N0251,8562,19,50,2022-07-12 00:31:53.100,0,train,0.0,0
normal,N0251,8563,20,50,2022-07-12 00:31:53.200,0,train,0.0,0
normal,N0251,8564,21,50,2022-07-12 00:31:53.300,0,train,0.0,0
normal,N0251,8565,22,50,2022-07-12 00:31:53.400,0,train,0.0,0
normal,N0251,8566,23,50,2022-07-12 00:31:53.500,0,train,0.0,0
normal,N0251,8567,24,50,2022-07-12 00:31:53.600,0,train,0.0,0
normal,N0251,8568,25,50,2022-07-12 00:31:53.700,0,train,0.0,0
normal,N0251,8569,26,50,2022-07-12 00:31:53.800,0,train,0.0,0
normal,N0251,8570,27,50,2022-07-12 00:31:53.900,0,train,0.0,0
normal,N0251,8571,28,50,2022-07-12 00:31:54.000,0,train,0.0,0
normal,N0251,8572,29,50,2022-07-12 00:31:54.100,0,train,0.0,0
normal,N0251,8573,30,50,2022-07-12 00:31:54.200,0,train,0.0,0
normal,N0251,8574,31,50,2022-07-12 00:31:54.300,0,train,0.0,0
normal,N0251,8575,32,50,2022-07-12 00:31:54.400,0,train,0.0,0
normal,N0251,8576,33,50,2022-07-12 00:31:54.500,0,train,0.0,0
normal,N0251,8577,34,50,2022-07-12 00:31:54.600,0,train,0.0,0
normal,N0251,8578,35,50,2022-07-12 00:31:54.700,0,train,0.01244286914938524,0
normal,N0251,8579,36,50,2022-07-12 00:31:54.800,0,train,0.0032638950447655348,0
normal,N0251,8580,37,50,2022-07-12 00:31:54.900,0,train,0.0,0
normal,N0251,8581,38,50,2022-07-12 00:31:55.000,0,train,0.0,0
normal,N0251,8582,39,50,2022-07-12 00:31:55.100,0,train,0.0,0
normal,N0251,8583,40,50,2022-07-12 00:31:55.200,0,train,0.0,0
normal,N0251,8584,41,50,2022-07-12 00:31:55.300,0,train,0.0,0
normal,N0251,8585,42,50,2022-07-12 00:31:55.400,0,train,0.003218215158924205,0
normal,N0251,8586,43,50,2022-07-12 00:31:55.500,0,train,0.021973173736442125,0
normal,N0251,8587,44,50,2022-07-12 00:31:55.600,0,train,0.0033333333333333335,0
normal,N0251,8588,45,50,2022-07-12 00:31:55.700,0,train,0.0065941804940052905,0
normal,N0251,8589,46,50,2022-07-12 00:31:55.800,0,train,0.028748521638389916,0
normal,N0251,8590,47,50,2022-07-12 00:31:55.900,0,train,0.022188210028420776,0
normal,N0251,8591,48,50,2022-07-12 00:31:56.000,0,train,0.0,0
normal,N0251,8592,49,50,2022-07-12 00:31:56.100,0,train,0.0029639021946714253,0
normal,N0253,8652,9,38,2022-07-12 00:32:06.848,0,train,0.0,0
normal,N0253,8653,10,38,2022-07-12 00:32:06.948,0,train,0.0,0
normal,N0253,8654,11,38,2022-07-12 00:32:07.048,0,train,0.0,0
normal,N0253,8655,12,38,2022-07-12 00:32:07.148,0,train,0.0,0
normal,N0253,8656,13,38,2022-07-12 00:32:07.248,0,train,0.0,0
normal,N0253,8657,14,38,2022-07-12 00:32:07.348,0,train,0.0029259224835021845,0
normal,N0253,8658,15,38,2022-07-12 00:32:07.448,0,train,0.0,0
normal,N0253,8659,16,38,2022-07-12 00:32:07.548,0,train,0.0,0
normal,N0253,8660,17,38,2022-07-12 00:32:07.648,0,train,0.0,0
normal,N0253,8661,18,38,2022-07-12 00:32:07.748,0,train,0.0,0
normal,N0253,8662,19,38,2022-07-12 00:32:07.848,0,train,0.0,0
normal,N0253,8663,20,38,2022-07-12 00:32:07.948,0,train,0.0,0
normal,N0253,8664,21,38,2022-07-12 00:32:08.048,0,train,0.0,0
normal,N0253,8665,22,38,2022-07-12 00:32:08.148,0,train,0.0,0
normal,N0253,8666,23,38,2022-07-12 00:32:08.248,0,train,0.0,0
normal,N0253,8667,24,38,2022-07-12 00:32:08.348,0,train,0.0,0
normal,N0253,8668,25,38,2022-07-12 00:32:08.448,0,train,0.0,0
normal,N0253,8669,26,38,2022-07-12 00:32:08.548,0,train,0.0,0
normal,N0253,8670,27,38,2022-07-12 00:32:08.648,0,train,0.0028346055979643764,0
normal,N0253,8671,28,38,2022-07-12 00:32:08.748,0,train,0.0,0
normal,N0253,8672,29,38,2022-07-12 00:32:08.848,0,train,0.0029726169191681574,0
normal,N0253,8673,30,38,2022-07-12 00:32:08.948,0,train,0.0,0
normal,N0253,8674,31,38,2022-07-12 00:32:09.048,0,train,0.0,0
normal,N0253,8675,32,38,2022-07-12 00:32:09.148,0,train,0.0,0
normal,N0253,8676,33,38,2022-07-12 00:32:09.248,0,train,0.0,0
normal,N0253,8677,34,38,2022-07-12 00:32:09.348,0,train,0.0,0
normal,N0253,8678,35,38,2022-07-12 00:32:09.448,0,train,0.009165049222924061,0
normal,N0253,8679,36,38,2022-07-12 00:32:09.548,0,train,0.0,0
normal,N0253,8680,37,38,2022-07-12 00:32:09.648,0,train,0.0,0
normal,N0254,8690,9,27,2022-07-12 00:32:14.876,0,train,0.0028808158062460167,0
normal,N0254,8691,10,27,2022-07-12 00:32:14.976,0,train,0.0,0
normal,N0254,8692,11,27,2022-07-12 00:32:15.076,0,train,0.0029582747304266297,0
normal,N0254,8693,12,27,2022-07-12 00:32:15.176,0,train,0.015023849095784607,0
normal,N0254,8694,13,27,2022-07-12 00:32:15.276,0,train,0.05430124757762337,0
normal,N0254,8695,14,27,2022-07-12 00:32:15.376,0,train,0.03139111628780575,0
normal,N0254,8696,15,27,2022-07-12 00:32:15.476,0,train,0.0,0
normal,N0254,8697,16,27,2022-07-12 00:32:15.576,0,train,0.0,0
normal,N0254,8698,17,27,2022-07-12 00:32:15.676,0,train,0.0,0
normal,N0254,8699,18,27,2022-07-12 00:32:15.776,0,train,0.0,0
normal,N0254,8700,19,27,2022-07-12 00:32:15.876,0,train,0.0,0
normal,N0254,8701,20,27,2022-07-12 00:32:15.976,0,train,0.0,0
normal,N0254,8702,21,27,2022-07-12 00:32:16.076,0,train,0.011114891147495467,0
normal,N0254,8703,22,27,2022-07-12 00:32:16.176,0,train,0.0029668264260877732,0
normal,N0254,8704,23,27,2022-07-12 00:32:16.276,0,train,0.0,0
normal,N0254,8705,24,27,2022-07-12 00:32:16.376,0,train,0.0,0
normal,N0254,8706,25,27,2022-07-12 00:32:16.476,0,train,0.0032189191950148127,0
normal,N0254,8707,26,27,2022-07-12 00:32:16.576,0,train,0.00594636764099034,0
normal,N0255,8717,9,13,2022-07-12 00:32:22.864,0,train,0.0,0
normal,N0255,8718,10,13,2022-07-12 00:32:22.964,0,train,0.0,0
normal,N0255,8719,11,13,2022-07-12 00:32:23.064,0,train,0.0,0
normal,N0255,8720,12,13,2022-07-12 00:32:23.164,0,train,0.0,0
normal,N0258,8786,9,45,2022-07-12 00:32:46.671,0,train,0.006291432226001276,0
normal,N0258,8787,10,45,2022-07-12 00:32:46.771,0,train,0.0029668264260877732,0
normal,N0258,8788,11,45,2022-07-12 00:32:46.871,0,train,0.0033244867541708735,0
normal,N0258,8789,12,45,2022-07-12 00:32:46.971,0,train,0.0,0
normal,N0258,8790,13,45,2022-07-12 00:32:47.071,0,train,0.005990582113946816,0
normal,N0258,8791,14,45,2022-07-12 00:32:47.171,0,train,0.0,0
normal,N0258,8792,15,45,2022-07-12 00:32:47.271,0,train,0.0,0
normal,N0258,8793,16,45,2022-07-12 00:32:47.371,0,train,0.0,0
normal,N0258,8794,17,45,2022-07-12 00:32:47.471,0,train,0.016393981230686767,0
normal,N0258,8795,18,45,2022-07-12 00:32:47.571,0,train,0.03855715739159501,0
normal,N0258,8796,19,45,2022-07-12 00:32:47.671,0,train,0.01636400169313611,0
normal,N0258,8797,20,45,2022-07-12 00:32:47.771,0,train,0.012749229604657858,0
normal,N0258,8798,21,45,2022-07-12 00:32:47.871,0,train,0.0,0
normal,N0258,8799,22,45,2022-07-12 00:32:47.971,0,train,0.003217231897341888,0
normal,N0258,8800,23,45,2022-07-12 00:32:48.071,0,train,0.0064831819259936006,0
normal,N0258,8801,24,45,2022-07-12 00:32:48.171,0,train,0.0032659500286517126,0
normal,N0258,8802,25,45,2022-07-12 00:32:48.271,0,train,0.0,0
normal,N0258,8803,26,45,2022-07-12 00:32:48.371,0,train,0.0,0
normal,N0258,8804,27,45,2022-07-12 00:32:48.471,0,train,0.0,0
normal,N0258,8805,28,45,2022-07-12 00:32:48.571,0,train,0.0,0
normal,N0258,8806,29,45,2022-07-12 00:32:48.671,0,train,0.0,0
normal,N0258,8807,30,45,2022-07-12 00:32:48.771,0,train,0.0,0
normal,N0258,8808,31,45,2022-07-12 00:32:48.871,0,train,0.0,0
normal,N0258,8809,32,45,2022-07-12 00:32:48.971,0,train,0.0,0
normal,N0258,8810,33,45,2022-07-12 00:32:49.071,0,train,0.0,0
normal,N0258,8811,34,45,2022-07-12 00:32:49.171,0,train,0.0,0
normal,N0258,8812,35,45,2022-07-12 00:32:49.271,0,train,0.0,0
normal,N0258,8813,36,45,2022-07-12 00:32:49.371,0,train,0.0,0
normal,N0258,8814,37,45,2022-07-12 00:32:49.471,0,train,0.0,0
normal,N0258,8815,38,45,2022-07-12 00:32:49.571,0,train,0.0,0
normal,N0258,8816,39,45,2022-07-12 00:32:49.671,0,train,0.0,0
normal,N0258,8817,40,45,2022-07-12 00:32:49.771,0,train,0.0,0
normal,N0258,8818,41,45,2022-07-12 00:32:49.871,0,train,0.0,0
normal,N0258,8819,42,45,2022-07-12 00:32:49.971,0,train,0.022371509737980293,0
normal,N0258,8820,43,45,2022-07-12 00:32:50.071,0,train,0.012783214317200035,0
normal,N0258,8821,44,45,2022-07-12 00:32:50.171,0,train,0.0,0
normal,N0259,8831,9,32,2022-07-12 00:32:54.544,0,train,0.0,0
normal,N0259,8832,10,32,2022-07-12 00:32:54.644,0,train,0.0,0
normal,N0259,8833,11,32,2022-07-12 00:32:54.744,0,train,0.0,0
normal,N0259,8834,12,32,2022-07-12 00:32:54.844,0,train,0.0,0
normal,N0259,8835,13,32,2022-07-12 00:32:54.944,0,train,0.0,0
normal,N0259,8836,14,32,2022-07-12 00:32:55.044,0,train,0.0,0
normal,N0259,8837,15,32,2022-07-12 00:32:55.144,0,train,0.0,0
normal,N0259,8838,16,32,2022-07-12 00:32:55.244,0,train,0.0,0
normal,N0259,8839,17,32,2022-07-12 00:32:55.344,0,train,0.0,0
normal,N0259,8840,18,32,2022-07-12 00:32:55.444,0,train,0.0,0
normal,N0259,8841,19,32,2022-07-12 00:32:55.544,0,train,0.0,0
normal,N0259,8842,20,32,2022-07-12 00:32:55.644,0,train,0.0,0
normal,N0259,8843,21,32,2022-07-12 00:32:55.744,0,train,0.0,0
normal,N0259,8844,22,32,2022-07-12 00:32:55.844,0,train,0.0,0
normal,N0259,8845,23,32,2022-07-12 00:32:55.944,0,train,0.0032873803307223674,0
normal,N0259,8846,24,32,2022-07-12 00:32:56.044,0,train,0.0032833905594284326,0
normal,N0259,8847,25,32,2022-07-12 00:32:56.144,0,train,0.0,0
normal,N0259,8848,26,32,2022-07-12 00:32:56.244,0,train,0.0,0
normal,N0259,8849,27,32,2022-07-12 00:32:56.344,0,train,0.0,0
normal,N0259,8850,28,32,2022-07-12 00:32:56.444,0,train,0.0,0
normal,N0259,8851,29,32,2022-07-12 00:32:56.544,0,train,0.0,0
normal,N0259,8852,30,32,2022-07-12 00:32:56.644,0,train,0.0,0
normal,N0259,8853,31,32,2022-07-12 00:32:56.744,0,train,0.0032265976291047825,0
normal,N0260,8863,9,19,2022-07-12 00:33:02.494,0,train,0.009496182894782292,0
normal,N0260,8864,10,19,2022-07-12 00:33:02.594,0,train,0.0,0
normal,N0260,8865,11,19,2022-07-12 00:33:02.694,0,train,0.015511508565280377,0
normal,N0260,8866,12,19,2022-07-12 00:33:02.794,0,train,0.0,0
normal,N0260,8867,13,19,2022-07-12 00:33:02.894,0,train,0.0,0
normal,N0260,8868,14,19,2022-07-12 00:33:02.994,0,train,0.0,0
normal,N0260,8869,15,19,2022-07-12 00:33:03.094,0,train,0.0,0
normal,N0260,8870,16,19,2022-07-12 00:33:03.194,0,train,0.003026273834576877,0
normal,N0260,8871,17,19,2022-07-12 00:33:03.294,0,train,0.0,0
normal,N0260,8872,18,19,2022-07-12 00:33:03.394,0,train,0.0,0
normal,N0261,8882,9,21,2022-07-12 00:33:10.476,0,train,0.0,0
normal,N0261,8883,10,21,2022-07-12 00:33:10.576,0,train,0.0,0
normal,N0261,8884,11,21,2022-07-12 00:33:10.676,0,train,0.012645564782505146,0
normal,N0261,8885,12,21,2022-07-12 00:33:10.776,0,train,0.00303228285933897,0
normal,N0261,8886,13,21,2022-07-12 00:33:10.876,0,train,0.0,0
normal,N0261,8887,14,21,2022-07-12 00:33:10.976,0,train,0.0,0
normal,N0261,8888,15,21,2022-07-12 00:33:11.076,0,train,0.0,0
normal,N0261,8889,16,21,2022-07-12 00:33:11.176,0,train,0.0,0
normal,N0261,8890,17,21,2022-07-12 00:33:11.276,0,train,0.0,0
normal,N0261,8891,18,21,2022-07-12 00:33:11.376,0,train,0.0,0
normal,N0261,8892,19,21,2022-07-12 00:33:11.476,0,train,0.0,0
normal,N0261,8893,20,21,2022-07-12 00:33:11.576,0,train,0.0,0
normal,N0264,8920,9,50,2022-07-12 00:33:35.740,0,train,0.0,0
normal,N0264,8921,10,50,2022-07-12 00:33:35.840,0,train,0.0,0
normal,N0264,8922,11,50,2022-07-12 00:33:35.940,0,train,0.0,0
normal,N0264,8923,12,50,2022-07-12 00:33:36.040,0,train,0.0031730704754241268,0
normal,N0264,8924,13,50,2022-07-12 00:33:36.140,0,train,0.0,0
normal,N0264,8925,14,50,2022-07-12 00:33:36.240,0,train,0.0,0
normal,N0264,8926,15,50,2022-07-12 00:33:36.340,0,train,0.0,0
normal,N0264,8927,16,50,2022-07-12 00:33:36.440,0,train,0.0,0
normal,N0264,8928,17,50,2022-07-12 00:33:36.540,0,train,0.0,0
normal,N0264,8929,18,50,2022-07-12 00:33:36.640,0,train,0.0,0
normal,N0264,8930,19,50,2022-07-12 00:33:36.740,0,train,0.0,0
normal,N0264,8931,20,50,2022-07-12 00:33:36.840,0,train,0.0,0
normal,N0264,8932,21,50,2022-07-12 00:33:36.940,0,train,0.0,0
normal,N0264,8933,22,50,2022-07-12 00:33:37.040,0,train,0.0,0
normal,N0264,8934,23,50,2022-07-12 00:33:37.140,0,train,0.0,0
normal,N0264,8935,24,50,2022-07-12 00:33:37.240,0,train,0.009397032325521727,0
normal,N0264,8936,25,50,2022-07-12 00:33:37.340,0,train,0.021647766274060308,0
normal,N0264,8937,26,50,2022-07-12 00:33:37.440,0,train,0.00331960100275231,0
normal,N0264,8938,27,50,2022-07-12 00:33:37.540,0,train,0.0,0
normal,N0264,8939,28,50,2022-07-12 00:33:37.640,0,train,0.0,0
normal,N0264,8940,29,50,2022-07-12 00:33:37.740,0,train,0.0,0
normal,N0264,8941,30,50,2022-07-12 00:33:37.840,0,train,0.0,0
normal,N0264,8942,31,50,2022-07-12 00:33:37.940,0,train,0.0,0
normal,N0264,8943,32,50,2022-07-12 00:33:38.040,0,train,0.0,0
normal,N0264,8944,33,50,2022-07-12 00:33:38.140,0,train,0.00612890607440554,0
normal,N0264,8945,34,50,2022-07-12 00:33:38.240,0,train,0.003187621672186686,0
normal,N0264,8946,35,50,2022-07-12 00:33:38.340,0,train,0.0032310629303879458,0
normal,N0264,8947,36,50,2022-07-12 00:33:38.440,0,train,0.0,0
normal,N0264,8948,37,50,2022-07-12 00:33:38.540,0,train,0.0,0
normal,N0264,8949,38,50,2022-07-12 00:33:38.640,0,train,0.0,0
normal,N0264,8950,39,50,2022-07-12 00:33:38.740,0,train,0.0,0
normal,N0264,8951,40,50,2022-07-12 00:33:38.840,0,train,0.0,0
normal,N0264,8952,41,50,2022-07-12 00:33:38.940,0,train,0.00976246521971032,0
normal,N0264,8953,42,50,2022-07-12 00:33:39.040,0,train,0.0,0
normal,N0264,8954,43,50,2022-07-12 00:33:39.140,0,train,0.0,0
normal,N0264,8955,44,50,2022-07-12 00:33:39.240,0,train,0.0,0
normal,N0264,8956,45,50,2022-07-12 00:33:39.340,0,train,0.0,0
normal,N0264,8957,46,50,2022-07-12 00:33:39.440,0,train,0.0,0
normal,N0264,8958,47,50,2022-07-12 00:33:39.540,0,train,0.0,0
normal,N0264,8959,48,50,2022-07-12 00:33:39.640,0,train,0.0,0
normal,N0264,8960,49,50,2022-07-12 00:33:39.740,0,train,0.0031901304289363988,0
normal,N0265,8970,9,50,2022-07-12 00:33:42.434,0,train,0.0401064252857338,0
normal,N0265,8971,10,50,2022-07-12 00:33:42.534,0,train,0.005595316599569772,0
normal,N0265,8972,11,50,2022-07-12 00:33:42.634,0,train,0.0,0
normal,N0265,8973,12,50,2022-07-12 00:33:42.734,0,train,0.0,0
normal,N0265,8974,13,50,2022-07-12 00:33:42.834,0,train,0.009966930736955657,0
normal,N0265,8975,14,50,2022-07-12 00:33:42.934,0,train,0.0,0
normal,N0265,8976,15,50,2022-07-12 00:33:43.034,0,train,0.0,0
normal,N0265,8977,16,50,2022-07-12 00:33:43.134,0,train,0.025718170652170757,0
normal,N0265,8978,17,50,2022-07-12 00:33:43.234,0,train,0.09217922447916847,0
normal,N0265,8979,18,50,2022-07-12 00:33:43.334,0,train,0.0,0
normal,N0265,8980,19,50,2022-07-12 00:33:43.434,0,train,0.0,0
normal,N0265,8981,20,50,2022-07-12 00:33:43.534,0,train,0.0,0
normal,N0265,8982,21,50,2022-07-12 00:33:43.634,0,train,0.0,0
normal,N0265,8983,22,50,2022-07-12 00:33:43.734,0,train,0.0,0
normal,N0265,8984,23,50,2022-07-12 00:33:43.834,0,train,0.0,0
normal,N0265,8985,24,50,2022-07-12 00:33:43.934,0,train,0.0,0
normal,N0265,8986,25,50,2022-07-12 00:33:44.034,0,train,0.01171455920904135,0
normal,N0265,8987,26,50,2022-07-12 00:33:44.134,0,train,0.0,0
normal,N0265,8988,27,50,2022-07-12 00:33:44.234,0,train,0.0,0
normal,N0265,8989,28,50,2022-07-12 00:33:44.334,0,train,0.0,0
normal,N0265,8990,29,50,2022-07-12 00:33:44.434,0,train,0.0,0
normal,N0265,8991,30,50,2022-07-12 00:33:44.534,0,train,0.0,0
normal,N0265,8992,31,50,2022-07-12 00:33:44.634,0,train,0.0,0
normal,N0265,8993,32,50,2022-07-12 00:33:44.734,0,train,0.0,0
normal,N0265,8994,33,50,2022-07-12 00:33:44.834,0,train,0.005890800090028522,0
normal,N0265,8995,34,50,2022-07-12 00:33:44.934,0,train,0.0,0
normal,N0265,8996,35,50,2022-07-12 00:33:45.034,0,train,0.0,0
normal,N0265,8997,36,50,2022-07-12 00:33:45.134,0,train,0.0,0
normal,N0265,8998,37,50,2022-07-12 00:33:45.234,0,train,0.0,0
normal,N0265,8999,38,50,2022-07-12 00:33:45.334,0,train,0.0,0
normal,N0265,9000,39,50,2022-07-12 00:33:45.434,0,train,0.0,0
normal,N0265,9001,40,50,2022-07-12 00:33:45.534,0,train,0.0,0
normal,N0265,9002,41,50,2022-07-12 00:33:45.634,0,train,0.009497522964160744,0
normal,N0265,9003,42,50,2022-07-12 00:33:45.734,0,train,0.09383266543422157,0
normal,N0265,9004,43,50,2022-07-12 00:33:45.834,0,train,0.0,0
normal,N0265,9005,44,50,2022-07-12 00:33:45.934,0,train,0.0,0
normal,N0265,9006,45,50,2022-07-12 00:33:46.034,0,train,0.0,0
normal,N0265,9007,46,50,2022-07-12 00:33:46.134,0,train,0.0,0
normal,N0265,9008,47,50,2022-07-12 00:33:46.234,0,train,0.0,0
normal,N0265,9009,48,50,2022-07-12 00:33:46.334,0,train,0.0,0
normal,N0265,9010,49,50,2022-07-12 00:33:46.434,0,train,0.0,0
normal,N0266,9020,9,39,2022-07-12 00:33:50.328,0,train,0.0,0
normal,N0266,9021,10,39,2022-07-12 00:33:50.428,0,train,0.0,0
normal,N0266,9022,11,39,2022-07-12 00:33:50.528,0,train,0.0,0
normal,N0266,9023,12,39,2022-07-12 00:33:50.628,0,train,0.0,0
normal,N0266,9024,13,39,2022-07-12 00:33:50.728,0,train,0.008731876035912061,0
normal,N0266,9025,14,39,2022-07-12 00:33:50.828,0,train,0.0,0
normal,N0266,9026,15,39,2022-07-12 00:33:50.928,0,train,0.0,0
normal,N0266,9027,16,39,2022-07-12 00:33:51.028,0,train,0.0,0
normal,N0266,9028,17,39,2022-07-12 00:33:51.128,0,train,0.0,0
normal,N0266,9029,18,39,2022-07-12 00:33:51.228,0,train,0.0,0
normal,N0266,9030,19,39,2022-07-12 00:33:51.328,0,train,0.0,0
normal,N0266,9031,20,39,2022-07-12 00:33:51.428,0,train,0.003313665329242388,0
normal,N0266,9032,21,39,2022-07-12 00:33:51.528,0,train,0.0,0
normal,N0266,9033,22,39,2022-07-12 00:33:51.628,0,train,0.05990790865597902,0
normal,N0266,9034,23,39,2022-07-12 00:33:51.728,0,train,0.006598556558578954,0
normal,N0266,9035,24,39,2022-07-12 00:33:51.828,0,train,0.0,0
normal,N0266,9036,25,39,2022-07-12 00:33:51.928,0,train,0.0,0
normal,N0266,9037,26,39,2022-07-12 00:33:52.028,0,train,0.006348307680347507,0
normal,N0266,9038,27,39,2022-07-12 00:33:52.128,0,train,0.003154604552180491,0
normal,N0266,9039,28,39,2022-07-12 00:33:52.228,0,train,0.013047750618529096,0
normal,N0266,9040,29,39,2022-07-12 00:33:52.328,0,train,0.009808119183955244,0
normal,N0266,9041,30,39,2022-07-12 00:33:52.428,0,train,0.04726601890258006,0
normal,N0266,9042,31,39,2022-07-12 00:33:52.528,0,train,0.009893716943904864,0
normal,N0266,9043,32,39,2022-07-12 00:33:52.628,0,train,0.0026589108076209744,0
normal,N0266,9044,33,39,2022-07-12 00:33:52.728,0,train,0.0,0
normal,N0266,9045,34,39,2022-07-12 00:33:52.828,0,train,0.0,0
normal,N0266,9046,35,39,2022-07-12 00:33:52.928,0,train,0.0,0
normal,N0266,9047,36,39,2022-07-12 00:33:53.028,0,train,0.0026589108076209744,0
normal,N0266,9048,37,39,2022-07-12 00:33:53.128,0,train,0.006437188681565254,0
normal,N0266,9049,38,39,2022-07-12 00:33:53.228,0,train,0.02856660495211454,0
normal,N0268,9085,9,15,2022-07-12 00:34:06.279,0,train,0.0,0
normal,N0268,9086,10,15,2022-07-12 00:34:06.379,0,train,0.0,0
normal,N0268,9087,11,15,2022-07-12 00:34:06.479,0,train,0.0,0
normal,N0268,9088,12,15,2022-07-12 00:34:06.579,0,train,0.0,0
normal,N0268,9089,13,15,2022-07-12 00:34:06.679,0,train,0.0,0
normal,N0268,9090,14,15,2022-07-12 00:34:06.779,0,train,0.0,0
normal,N0270,9104,9,50,2022-07-12 00:34:16.259,0,train,0.0,0
normal,N0270,9105,10,50,2022-07-12 00:34:16.359,0,train,0.0,0
normal,N0270,9106,11,50,2022-07-12 00:34:16.459,0,train,0.0,0
normal,N0270,9107,12,50,2022-07-12 00:34:16.559,0,train,0.014820363159400562,0
normal,N0270,9108,13,50,2022-07-12 00:34:16.659,0,train,0.0,0
normal,N0270,9109,14,50,2022-07-12 00:34:16.759,0,train,0.0,0
normal,N0270,9110,15,50,2022-07-12 00:34:16.859,0,train,0.0,0
normal,N0270,9111,16,50,2022-07-12 00:34:16.959,0,train,0.0,0
normal,N0270,9112,17,50,2022-07-12 00:34:17.059,0,train,0.0,0
normal,N0270,9113,18,50,2022-07-12 00:34:17.159,0,train,0.0,0
normal,N0270,9114,19,50,2022-07-12 00:34:17.259,0,train,0.0032132315521628497,0
normal,N0270,9115,20,50,2022-07-12 00:34:17.359,0,train,0.006447587429107612,0
normal,N0270,9116,21,50,2022-07-12 00:34:17.459,0,train,0.006601736035454739,0
normal,N0270,9117,22,50,2022-07-12 00:34:17.559,0,train,0.0,0
normal,N0270,9118,23,50,2022-07-12 00:34:17.659,0,train,0.0066516859192678164,0
normal,N0270,9119,24,50,2022-07-12 00:34:17.759,0,train,0.0,0
normal,N0270,9120,25,50,2022-07-12 00:34:17.859,0,train,0.0,0
normal,N0270,9121,26,50,2022-07-12 00:34:17.959,0,train,0.0,0
normal,N0270,9122,27,50,2022-07-12 00:34:18.059,0,train,0.0,0
normal,N0270,9123,28,50,2022-07-12 00:34:18.159,0,train,0.0,0
normal,N0270,9124,29,50,2022-07-12 00:34:18.259,0,train,0.006175317218443986,0
normal,N0270,9125,30,50,2022-07-12 00:34:18.359,0,train,0.0,0
normal,N0270,9126,31,50,2022-07-12 00:34:18.459,0,train,0.0033333333333333335,0
normal,N0270,9127,32,50,2022-07-12 00:34:18.559,0,train,0.0,0
normal,N0270,9128,33,50,2022-07-12 00:34:18.659,0,train,0.0,0
normal,N0270,9129,34,50,2022-07-12 00:34:18.759,0,train,0.0,0
normal,N0270,9130,35,50,2022-07-12 00:34:18.859,0,train,0.0,0
normal,N0270,9131,36,50,2022-07-12 00:34:18.959,0,train,0.0,0
normal,N0270,9132,37,50,2022-07-12 00:34:19.059,0,train,0.030028348809217623,0
normal,N0270,9133,38,50,2022-07-12 00:34:19.159,0,train,0.0,0
normal,N0270,9134,39,50,2022-07-12 00:34:19.259,0,train,0.0029217342865100735,0
normal,N0270,9135,40,50,2022-07-12 00:34:19.359,0,train,0.006431640871302841,0
normal,N0270,9136,41,50,2022-07-12 00:34:19.459,0,train,0.003030012158443719,0
normal,N0270,9137,42,50,2022-07-12 00:34:19.559,0,train,0.0,0
normal,N0270,9138,43,50,2022-07-12 00:34:19.659,0,train,0.0,0
normal,N0270,9139,44,50,2022-07-12 00:34:19.759,0,train,0.0,0
normal,N0270,9140,45,50,2022-07-12 00:34:19.859,0,train,0.006513016639828235,0
normal,N0270,9141,46,50,2022-07-12 00:34:19.959,0,train,0.0061679389312977095,0
normal,N0270,9142,47,50,2022-07-12 00:34:20.059,0,train,0.0,0
normal,N0270,9143,48,50,2022-07-12 00:34:20.159,0,train,0.0,0
normal,N0270,9144,49,50,2022-07-12 00:34:20.259,0,train,0.0,0
normal,N0271,9154,9,50,2022-07-12 00:34:22.887,0,train,0.0,0
normal,N0271,9155,10,50,2022-07-12 00:34:22.987,0,train,0.0,0
normal,N0271,9156,11,50,2022-07-12 00:34:23.087,0,train,0.0,0
normal,N0271,9157,12,50,2022-07-12 00:34:23.187,0,train,0.0,0
normal,N0271,9158,13,50,2022-07-12 00:34:23.287,0,train,0.0,0
normal,N0271,9159,14,50,2022-07-12 00:34:23.387,0,train,0.0,0
normal,N0271,9160,15,50,2022-07-12 00:34:23.487,0,train,0.0,0
normal,N0271,9161,16,50,2022-07-12 00:34:23.587,0,train,0.0,0
normal,N0271,9162,17,50,2022-07-12 00:34:23.687,0,train,0.0,0
normal,N0271,9163,18,50,2022-07-12 00:34:23.787,0,train,0.0,0
normal,N0271,9164,19,50,2022-07-12 00:34:23.887,0,train,0.0,0
normal,N0271,9165,20,50,2022-07-12 00:34:23.987,0,train,0.0,0
normal,N0271,9166,21,50,2022-07-12 00:34:24.087,0,train,0.0,0
normal,N0271,9167,22,50,2022-07-12 00:34:24.187,0,train,0.0,0
normal,N0271,9168,23,50,2022-07-12 00:34:24.287,0,train,0.0,0
normal,N0271,9169,24,50,2022-07-12 00:34:24.387,0,train,0.0,0
normal,N0271,9170,25,50,2022-07-12 00:34:24.487,0,train,0.0,0
normal,N0271,9171,26,50,2022-07-12 00:34:24.587,0,train,0.0,0
normal,N0271,9172,27,50,2022-07-12 00:34:24.687,0,train,0.0,0
normal,N0271,9173,28,50,2022-07-12 00:34:24.787,0,train,0.0,0
normal,N0271,9174,29,50,2022-07-12 00:34:24.887,0,train,0.0,0
normal,N0271,9175,30,50,2022-07-12 00:34:24.987,0,train,0.0,0
normal,N0271,9176,31,50,2022-07-12 00:34:25.087,0,train,0.0,0
normal,N0271,9177,32,50,2022-07-12 00:34:25.187,0,train,0.024929533812412422,0
normal,N0271,9178,33,50,2022-07-12 00:34:25.287,0,train,0.0,0
normal,N0271,9179,34,50,2022-07-12 00:34:25.387,0,train,0.0,0
normal,N0271,9180,35,50,2022-07-12 00:34:25.487,0,train,0.0,0
normal,N0271,9181,36,50,2022-07-12 00:34:25.587,0,train,0.0,0
normal,N0271,9182,37,50,2022-07-12 00:34:25.687,0,train,0.0,0
normal,N0271,9183,38,50,2022-07-12 00:34:25.787,0,train,0.0,0
normal,N0271,9184,39,50,2022-07-12 00:34:25.887,0,train,0.0,0
normal,N0271,9185,40,50,2022-07-12 00:34:25.987,0,train,0.0033333333333333335,0
normal,N0271,9186,41,50,2022-07-12 00:34:26.087,0,train,0.0,0
normal,N0271,9187,42,50,2022-07-12 00:34:26.187,0,train,0.0,0
normal,N0271,9188,43,50,2022-07-12 00:34:26.287,0,train,0.0,0
normal,N0271,9189,44,50,2022-07-12 00:34:26.387,0,train,0.0,0
normal,N0271,9190,45,50,2022-07-12 00:34:26.487,0,train,0.0,0
normal,N0271,9191,46,50,2022-07-12 00:34:26.587,0,train,0.020430138599996074,0
normal,N0271,9192,47,50,2022-07-12 00:34:26.687,0,train,0.008696653455189277,0
normal,N0271,9193,48,50,2022-07-12 00:34:26.787,0,train,0.0027033806510461202,0
normal,N0271,9194,49,50,2022-07-12 00:34:26.887,0,train,0.02392544735495156,0
normal,N0273,9247,9,45,2022-07-12 00:34:38.068,0,train,0.0,0
normal,N0273,9248,10,45,2022-07-12 00:34:38.168,0,train,0.006334818747827186,0
normal,N0273,9249,11,45,2022-07-12 00:34:38.268,0,train,0.0,0
normal,N0273,9250,12,45,2022-07-12 00:34:38.368,0,train,0.0,0
normal,N0273,9251,13,45,2022-07-12 00:34:38.468,0,train,0.0,0
normal,N0273,9252,14,45,2022-07-12 00:34:38.568,0,train,0.0,0
normal,N0273,9253,15,45,2022-07-12 00:34:38.668,0,train,0.0,0
normal,N0273,9254,16,45,2022-07-12 00:34:38.768,0,train,0.0,0
normal,N0273,9255,17,45,2022-07-12 00:34:38.868,0,train,0.0,0
normal,N0273,9256,18,45,2022-07-12 00:34:38.968,0,train,0.0,0
normal,N0273,9257,19,45,2022-07-12 00:34:39.068,0,train,0.0,0
normal,N0273,9258,20,45,2022-07-12 00:34:39.168,0,train,0.0,0
normal,N0273,9259,21,45,2022-07-12 00:34:39.268,0,train,0.0,0
normal,N0273,9260,22,45,2022-07-12 00:34:39.368,0,train,0.0,0
normal,N0273,9261,23,45,2022-07-12 00:34:39.468,0,train,0.0,0
normal,N0273,9262,24,45,2022-07-12 00:34:39.568,0,train,0.0,0
normal,N0273,9263,25,45,2022-07-12 00:34:39.668,0,train,0.003248858212286665,0
normal,N0273,9264,26,45,2022-07-12 00:34:39.768,0,train,0.005872772464115558,0
normal,N0273,9265,27,45,2022-07-12 00:34:39.868,0,train,0.0,0
normal,N0273,9266,28,45,2022-07-12 00:34:39.968,0,train,0.0,0
normal,N0273,9267,29,45,2022-07-12 00:34:40.068,0,train,0.0,0
normal,N0273,9268,30,45,2022-07-12 00:34:40.168,0,train,0.0,0
normal,N0273,9269,31,45,2022-07-12 00:34:40.268,0,train,0.0,0
normal,N0273,9270,32,45,2022-07-12 00:34:40.368,0,train,0.0,0
normal,N0273,9271,33,45,2022-07-12 00:34:40.468,0,train,0.0,0
normal,N0273,9272,34,45,2022-07-12 00:34:40.568,0,train,0.0,0
normal,N0273,9273,35,45,2022-07-12 00:34:40.668,0,train,0.0,0
normal,N0273,9274,36,45,2022-07-12 00:34:40.768,0,train,0.0,0
normal,N0273,9275,37,45,2022-07-12 00:34:40.868,0,train,0.0,0
normal,N0273,9276,38,45,2022-07-12 00:34:40.968,0,train,0.0,0
normal,N0273,9277,39,45,2022-07-12 00:34:41.068,0,train,0.0,0
normal,N0273,9278,40,45,2022-07-12 00:34:41.168,0,train,0.0,0
normal,N0273,9279,41,45,2022-07-12 00:34:41.268,0,train,0.0030734309385994775,0
normal,N0273,9280,42,45,2022-07-12 00:34:41.368,0,train,0.0,0
normal,N0273,9281,43,45,2022-07-12 00:34:41.468,0,train,0.0,0
normal,N0273,9282,44,45,2022-07-12 00:34:41.568,0,train,0.0,0
normal,N0274,9292,9,50,2022-07-12 00:34:46.828,0,train,0.003324325272874039,0
normal,N0274,9293,10,50,2022-07-12 00:34:46.928,0,train,0.0,0
normal,N0274,9294,11,50,2022-07-12 00:34:47.028,0,train,0.005932909947915773,0
normal,N0274,9295,12,50,2022-07-12 00:34:47.128,0,train,0.0033172965818609635,0
normal,N0274,9296,13,50,2022-07-12 00:34:47.228,0,train,0.0,0
normal,N0274,9297,14,50,2022-07-12 00:34:47.328,0,train,0.003255350578858772,0
normal,N0274,9298,15,50,2022-07-12 00:34:47.428,0,train,0.0,0
normal,N0274,9299,16,50,2022-07-12 00:34:47.528,0,train,0.0,0
normal,N0274,9300,17,50,2022-07-12 00:34:47.628,0,train,0.0,0
normal,N0274,9301,18,50,2022-07-12 00:34:47.728,0,train,0.008829258043825962,0
normal,N0274,9302,19,50,2022-07-12 00:34:47.828,0,train,0.003249853997045587,0
normal,N0274,9303,20,50,2022-07-12 00:34:47.928,0,train,0.0027117186828303675,0
normal,N0274,9304,21,50,2022-07-12 00:34:48.028,0,train,0.0,0
normal,N0274,9305,22,50,2022-07-12 00:34:48.128,0,train,0.0,0
normal,N0274,9306,23,50,2022-07-12 00:34:48.228,0,train,0.0,0
normal,N0274,9307,24,50,2022-07-12 00:34:48.328,0,train,0.0031522100365569956,0
normal,N0274,9308,25,50,2022-07-12 00:34:48.428,0,train,0.0,0
normal,N0274,9309,26,50,2022-07-12 00:34:48.528,0,train,0.0,0
normal,N0274,9310,27,50,2022-07-12 00:34:48.628,0,train,0.0030929723012524937,0
normal,N0274,9311,28,50,2022-07-12 00:34:48.728,0,train,0.009327729272033389,0
normal,N0274,9312,29,50,2022-07-12 00:34:48.828,0,train,0.0032385441751635324,0
normal,N0274,9313,30,50,2022-07-12 00:34:48.928,0,train,0.0,0
normal,N0274,9314,31,50,2022-07-12 00:34:49.028,0,train,0.0,0
normal,N0274,9315,32,50,2022-07-12 00:34:49.128,0,train,0.0,0
normal,N0274,9316,33,50,2022-07-12 00:34:49.228,0,train,0.0,0
normal,N0274,9317,34,50,2022-07-12 00:34:49.328,0,train,0.0,0
normal,N0274,9318,35,50,2022-07-12 00:34:49.428,0,train,0.0,0
normal,N0274,9319,36,50,2022-07-12 00:34:49.528,0,train,0.014852256399809326,0
normal,N0274,9320,37,50,2022-07-12 00:34:49.628,0,train,0.0,0
normal,N0274,9321,38,50,2022-07-12 00:34:49.728,0,train,0.0,0
normal,N0274,9322,39,50,2022-07-12 00:34:49.828,0,train,0.0,0
normal,N0274,9323,40,50,2022-07-12 00:34:49.928,0,train,0.0,0
normal,N0274,9324,41,50,2022-07-12 00:34:50.028,0,train,0.0,0
normal,N0274,9325,42,50,2022-07-12 00:34:50.128,0,train,0.0,0
normal,N0274,9326,43,50,2022-07-12 00:34:50.228,0,train,0.0,0
normal,N0274,9327,44,50,2022-07-12 00:34:50.328,0,train,0.005889870383711618,0
normal,N0274,9328,45,50,2022-07-12 00:34:50.428,0,train,0.0,0
normal,N0274,9329,46,50,2022-07-12 00:34:50.528,0,train,0.0,0
normal,N0274,9330,47,50,2022-07-12 00:34:50.628,0,train,0.0,0
normal,N0274,9331,48,50,2022-07-12 00:34:50.728,0,train,0.0,0
normal,N0274,9332,49,50,2022-07-12 00:34:50.828,0,train,0.012742845210289826,0
normal,N0275,9342,9,47,2022-07-12 00:34:53.956,0,train,0.003218215158924205,0
normal,N0275,9343,10,47,2022-07-12 00:34:54.056,0,train,0.003218215158924205,0
normal,N0275,9344,11,47,2022-07-12 00:34:54.156,0,train,0.0,0
normal,N0275,9345,12,47,2022-07-12 00:34:54.256,0,train,0.002748893325232184,0
normal,N0275,9346,13,47,2022-07-12 00:34:54.356,0,train,0.0,0
normal,N0275,9347,14,47,2022-07-12 00:34:54.456,0,train,0.0,0
normal,N0275,9348,15,47,2022-07-12 00:34:54.556,0,train,0.0,0
normal,N0275,9349,16,47,2022-07-12 00:34:54.656,0,train,0.0,0
normal,N0275,9350,17,47,2022-07-12 00:34:54.756,0,train,0.0033333333333333335,0
normal,N0275,9351,18,47,2022-07-12 00:34:54.856,0,train,0.0,0
normal,N0275,9352,19,47,2022-07-12 00:34:54.956,0,train,0.022585406434445628,0
normal,N0275,9353,20,47,2022-07-12 00:34:55.056,0,train,0.07801729858590185,0
normal,N0275,9354,21,47,2022-07-12 00:34:55.156,0,train,0.002998451963478975,0
normal,N0275,9355,22,47,2022-07-12 00:34:55.256,0,train,0.0,0
normal,N0275,9356,23,47,2022-07-12 00:34:55.356,0,train,0.006559715860532558,0
normal,N0275,9357,24,47,2022-07-12 00:34:55.456,0,train,0.012770052709854166,0
normal,N0275,9358,25,47,2022-07-12 00:34:55.556,0,train,0.008937979662456776,0
normal,N0275,9359,26,47,2022-07-12 00:34:55.656,0,train,0.003218215158924205,0
normal,N0275,9360,27,47,2022-07-12 00:34:55.756,0,train,0.0,0
normal,N0275,9361,28,47,2022-07-12 00:34:55.856,0,train,0.037440264675296396,0
normal,N0275,9362,29,47,2022-07-12 00:34:55.956,0,train,0.0,0
normal,N0275,9363,30,47,2022-07-12 00:34:56.056,0,train,0.0,0
normal,N0275,9364,31,47,2022-07-12 00:34:56.156,0,train,0.0,0
normal,N0275,9365,32,47,2022-07-12 00:34:56.256,0,train,0.0,0
normal,N0275,9366,33,47,2022-07-12 00:34:56.356,0,train,0.0,0
normal,N0275,9367,34,47,2022-07-12 00:34:56.456,0,train,0.013096648685469281,0
normal,N0275,9368,35,47,2022-07-12 00:34:56.556,0,train,0.022146685891820634,0
normal,N0275,9369,36,47,2022-07-12 00:34:56.656,0,train,0.002936989026702726,0
normal,N0275,9370,37,47,2022-07-12 00:34:56.756,0,train,0.0031107828655834563,0
normal,N0275,9371,38,47,2022-07-12 00:34:56.856,0,train,0.0,0
normal,N0275,9372,39,47,2022-07-12 00:34:56.956,0,train,0.0,0
normal,N0275,9373,40,47,2022-07-12 00:34:57.056,0,train,0.0029926500741301533,0
normal,N0275,9374,41,47,2022-07-12 00:34:57.156,0,train,0.0,0
normal,N0275,9375,42,47,2022-07-12 00:34:57.256,0,train,0.0,0
normal,N0275,9376,43,47,2022-07-12 00:34:57.356,0,train,0.0,0
normal,N0275,9377,44,47,2022-07-12 00:34:57.456,0,train,0.03504733425687981,0
normal,N0275,9378,45,47,2022-07-12 00:34:57.556,0,train,0.061662929534212374,0
normal,N0275,9379,46,47,2022-07-12 00:34:57.656,0,train,0.03872081294163405,0
normal,N0276,9389,9,32,2022-07-12 00:35:02.071,0,train,0.021667327840186552,0
normal,N0276,9390,10,32,2022-07-12 00:35:02.171,0,train,0.03452808173161096,0
normal,N0276,9391,11,32,2022-07-12 00:35:02.271,0,train,0.025014898456732108,0
normal,N0276,9392,12,32,2022-07-12 00:35:02.371,0,train,0.027873036453895383,0
normal,N0276,9393,13,32,2022-07-12 00:35:02.471,0,train,0.0,0
normal,N0276,9394,14,32,2022-07-12 00:35:02.571,0,train,0.0029410306467106693,0
normal,N0276,9395,15,32,2022-07-12 00:35:02.671,0,train,0.006076538239173136,0
normal,N0276,9396,16,32,2022-07-12 00:35:02.771,0,train,0.012199475447018908,0
normal,N0276,9397,17,32,2022-07-12 00:35:02.871,0,train,0.0032768420143387757,0
normal,N0276,9398,18,32,2022-07-12 00:35:02.971,0,train,0.0029524879815196357,0
normal,N0276,9399,19,32,2022-07-12 00:35:03.071,0,train,0.0,0
normal,N0276,9400,20,32,2022-07-12 00:35:03.171,0,train,0.0,0
normal,N0276,9401,21,32,2022-07-12 00:35:03.271,0,train,0.0,0
normal,N0276,9402,22,32,2022-07-12 00:35:03.371,0,train,0.0,0
normal,N0276,9403,23,32,2022-07-12 00:35:03.471,0,train,0.0,0
normal,N0276,9404,24,32,2022-07-12 00:35:03.571,0,train,0.0,0
normal,N0276,9405,25,32,2022-07-12 00:35:03.671,0,train,0.0,0
normal,N0276,9406,26,32,2022-07-12 00:35:03.771,0,train,0.0,0
normal,N0276,9407,27,32,2022-07-12 00:35:03.871,0,train,0.0029439980066031275,0
normal,N0276,9408,28,32,2022-07-12 00:35:03.971,0,train,0.0029439980066031275,0
normal,N0276,9409,29,32,2022-07-12 00:35:04.071,0,train,0.0,0
normal,N0276,9410,30,32,2022-07-12 00:35:04.171,0,train,0.0,0
normal,N0276,9411,31,32,2022-07-12 00:35:04.271,0,train,0.0,0
normal,N0280,9458,9,50,2022-07-12 00:35:35.114,0,train,0.003286516853932584,0
normal,N0280,9459,10,50,2022-07-12 00:35:35.214,0,train,0.0032495018209303924,0
normal,N0280,9460,11,50,2022-07-12 00:35:35.314,0,train,0.0,0
normal,N0280,9461,12,50,2022-07-12 00:35:35.414,0,train,0.012050632632705473,0
normal,N0280,9462,13,50,2022-07-12 00:35:35.514,0,train,0.005906634626102345,0
normal,N0280,9463,14,50,2022-07-12 00:35:35.614,0,train,0.0,0
normal,N0280,9464,15,50,2022-07-12 00:35:35.714,0,train,0.0,0
normal,N0280,9465,16,50,2022-07-12 00:35:35.814,0,train,0.0,0
normal,N0280,9466,17,50,2022-07-12 00:35:35.914,0,train,0.0,0
normal,N0280,9467,18,50,2022-07-12 00:35:36.014,0,train,0.0,0
normal,N0280,9468,19,50,2022-07-12 00:35:36.114,0,train,0.0,0
normal,N0280,9469,20,50,2022-07-12 00:35:36.214,0,train,0.0,0
normal,N0280,9470,21,50,2022-07-12 00:35:36.314,0,train,0.018931895005382286,0
normal,N0280,9471,22,50,2022-07-12 00:35:36.414,0,train,0.009221329346539587,0
normal,N0280,9472,23,50,2022-07-12 00:35:36.514,0,train,0.0,0
normal,N0280,9473,24,50,2022-07-12 00:35:36.614,0,train,0.019226253785875665,0
normal,N0280,9474,25,50,2022-07-12 00:35:36.714,0,train,0.027877768253379648,0
normal,N0280,9475,26,50,2022-07-12 00:35:36.814,0,train,0.0033038461538461537,0
normal,N0280,9476,27,50,2022-07-12 00:35:36.914,0,train,0.012656345193362206,0
normal,N0280,9477,28,50,2022-07-12 00:35:37.014,0,train,0.01584977110484086,0
normal,N0280,9478,29,50,2022-07-12 00:35:37.114,0,train,0.019132613783217827,0
normal,N0280,9479,30,50,2022-07-12 00:35:37.214,0,train,0.01875602774659054,0
normal,N0280,9480,31,50,2022-07-12 00:35:37.314,0,train,0.00648078223331773,0
normal,N0280,9481,32,50,2022-07-12 00:35:37.414,0,train,0.0,0
normal,N0280,9482,33,50,2022-07-12 00:35:37.514,0,train,0.0033333333333333335,0
normal,N0280,9483,34,50,2022-07-12 00:35:37.614,0,train,0.0,0
normal,N0280,9484,35,50,2022-07-12 00:35:37.714,0,train,0.0,0
normal,N0280,9485,36,50,2022-07-12 00:35:37.814,0,train,0.006114435412334651,0
normal,N0280,9486,37,50,2022-07-12 00:35:37.914,0,train,0.00899763181199535,0
normal,N0280,9487,38,50,2022-07-12 00:35:38.014,0,train,0.012211305284846988,0
normal,N0280,9488,39,50,2022-07-12 00:35:38.114,0,train,0.009248695450603603,0
normal,N0280,9489,40,50,2022-07-12 00:35:38.214,0,train,0.0,0
normal,N0280,9490,41,50,2022-07-12 00:35:38.314,0,train,0.0,0
normal,N0280,9491,42,50,2022-07-12 00:35:38.414,0,train,0.06555091787033646,0
normal,N0280,9492,43,50,2022-07-12 00:35:38.514,0,train,0.013166257921853265,0
normal,N0280,9493,44,50,2022-07-12 00:35:38.614,0,train,0.003279576613743385,0
normal,N0280,9494,45,50,2022-07-12 00:35:38.714,0,train,0.008697621642660936,0
normal,N0280,9495,46,50,2022-07-12 00:35:38.814,0,train,0.02605112333040119,0
normal,N0280,9496,47,50,2022-07-12 00:35:38.914,0,train,0.006145926322680474,0
normal,N0280,9497,48,50,2022-07-12 00:35:39.014,0,train,0.0,0
normal,N0280,9498,49,50,2022-07-12 00:35:39.114,0,train,0.0,0
normal,N0281,9508,9,48,2022-07-12 00:35:42.135,0,train,0.015869176400108324,0
normal,N0281,9509,10,48,2022-07-12 00:35:42.235,0,train,0.13782323709245034,0
normal,N0281,9510,11,48,2022-07-12 00:35:42.335,0,train,0.0,0
normal,N0281,9511,12,48,2022-07-12 00:35:42.435,0,train,0.0,0
normal,N0281,9512,13,48,2022-07-12 00:35:42.535,0,train,0.0,0
normal,N0281,9513,14,48,2022-07-12 00:35:42.635,0,train,0.0,0
normal,N0281,9514,15,48,2022-07-12 00:35:42.735,0,train,0.0,0
normal,N0281,9515,16,48,2022-07-12 00:35:42.835,0,train,0.0029596973392114565,0
normal,N0281,9516,17,48,2022-07-12 00:35:42.935,0,train,0.0,0
normal,N0281,9517,18,48,2022-07-12 00:35:43.035,0,train,0.04139242370873302,0
normal,N0281,9518,19,48,2022-07-12 00:35:43.135,0,train,0.006191052841611245,0
normal,N0281,9519,20,48,2022-07-12 00:35:43.235,0,train,0.0,0
normal,N0281,9520,21,48,2022-07-12 00:35:43.335,0,train,0.0,0
normal,N0281,9521,22,48,2022-07-12 00:35:43.435,0,train,0.0,0
normal,N0281,9522,23,48,2022-07-12 00:35:43.535,0,train,0.0,0
normal,N0281,9523,24,48,2022-07-12 00:35:43.635,0,train,0.0,0
normal,N0281,9524,25,48,2022-07-12 00:35:43.735,0,train,0.0142390992782038,0
normal,N0281,9525,26,48,2022-07-12 00:35:43.835,0,train,0.022024722547514336,0
normal,N0281,9526,27,48,2022-07-12 00:35:43.935,0,train,0.002696300088160851,0
normal,N0281,9527,28,48,2022-07-12 00:35:44.035,0,train,0.002696300088160851,0
normal,N0281,9528,29,48,2022-07-12 00:35:44.135,0,train,0.0,0
normal,N0281,9529,30,48,2022-07-12 00:35:44.235,0,train,0.0,0
normal,N0281,9530,31,48,2022-07-12 00:35:44.335,0,train,0.0,0
normal,N0281,9531,32,48,2022-07-12 00:35:44.435,0,train,0.0,0
normal,N0281,9532,33,48,2022-07-12 00:35:44.535,0,train,0.0,0
normal,N0281,9533,34,48,2022-07-12 00:35:44.635,0,train,0.0,0
normal,N0281,9534,35,48,2022-07-12 00:35:44.735,0,train,0.01566308861401117,0
normal,N0281,9535,36,48,2022-07-12 00:35:44.835,0,train,0.0,0
normal,N0281,9536,37,48,2022-07-12 00:35:44.935,0,train,0.015427831932084437,0
normal,N0281,9537,38,48,2022-07-12 00:35:45.035,0,train,0.0,0
normal,N0281,9538,39,48,2022-07-12 00:35:45.135,0,train,0.0,0
normal,N0281,9539,40,48,2022-07-12 00:35:45.235,0,train,0.0,0
normal,N0281,9540,41,48,2022-07-12 00:35:45.335,0,train,0.0,0
normal,N0281,9541,42,48,2022-07-12 00:35:45.435,0,train,0.0,0
normal,N0281,9542,43,48,2022-07-12 00:35:45.535,0,train,0.0030420378887781032,0
normal,N0281,9543,44,48,2022-07-12 00:35:45.635,0,train,0.0,0
normal,N0281,9544,45,48,2022-07-12 00:35:45.735,0,train,0.0,0
normal,N0281,9545,46,48,2022-07-12 00:35:45.835,0,train,0.0,0
normal,N0281,9546,47,48,2022-07-12 00:35:45.935,0,train,0.0,0
normal,N0283,9589,9,22,2022-07-12 00:35:58.196,0,train,0.03136777966338603,0
normal,N0283,9590,10,22,2022-07-12 00:35:58.296,0,train,0.012631382022332946,0
normal,N0283,9591,11,22,2022-07-12 00:35:58.396,0,train,0.0030252476829658037,0
normal,N0283,9592,12,22,2022-07-12 00:35:58.496,0,train,0.012961190855927698,0
normal,N0283,9593,13,22,2022-07-12 00:35:58.596,0,train,0.03732714933180595,0
normal,N0283,9594,14,22,2022-07-12 00:35:58.696,0,train,0.006011575087945961,0
normal,N0283,9595,15,22,2022-07-12 00:35:58.796,0,train,0.0030074781225139222,0
normal,N0283,9596,16,22,2022-07-12 00:35:58.896,0,train,0.006330175563383503,0
normal,N0283,9597,17,22,2022-07-12 00:35:58.996,0,train,0.0061294019490259945,0
normal,N0283,9598,18,22,2022-07-12 00:35:59.096,0,train,0.0031219238265120727,0
normal,N0283,9599,19,22,2022-07-12 00:35:59.196,0,train,0.002961190855927698,0
normal,N0283,9600,20,22,2022-07-12 00:35:59.296,0,train,0.0030074781225139222,0
normal,N0283,9601,21,22,2022-07-12 00:35:59.396,0,train,0.06773928406023012,0
normal,N0284,9611,9,10,2022-07-12 00:36:06.168,0,train,0.0,0
normal,N0285,9621,9,50,2022-07-12 00:36:08.898,0,train,0.0,0
normal,N0285,9622,10,50,2022-07-12 00:36:08.998,0,train,0.0,0
normal,N0285,9623,11,50,2022-07-12 00:36:09.098,0,train,0.041551544744004444,0
normal,N0285,9624,12,50,2022-07-12 00:36:09.198,0,train,0.002709675571972625,0
normal,N0285,9625,13,50,2022-07-12 00:36:09.298,0,train,0.006039133152355986,0
normal,N0285,9626,14,50,2022-07-12 00:36:09.398,0,train,0.0,0
normal,N0285,9627,15,50,2022-07-12 00:36:09.498,0,train,0.0030101701359186383,0
normal,N0285,9628,16,50,2022-07-12 00:36:09.598,0,train,0.0,0
normal,N0285,9629,17,50,2022-07-12 00:36:09.698,0,train,0.0,0
normal,N0285,9630,18,50,2022-07-12 00:36:09.798,0,train,0.0,0
normal,N0285,9631,19,50,2022-07-12 00:36:09.898,0,train,0.006016274111641725,0
normal,N0285,9632,20,50,2022-07-12 00:36:09.998,0,train,0.009217476581496657,0
normal,N0285,9633,21,50,2022-07-12 00:36:10.098,0,train,0.00963827951701828,0
normal,N0285,9634,22,50,2022-07-12 00:36:10.198,0,train,0.0,0
normal,N0285,9635,23,50,2022-07-12 00:36:10.298,0,train,0.0,0
normal,N0285,9636,24,50,2022-07-12 00:36:10.398,0,train,0.002810929741622811,0
normal,N0285,9637,25,50,2022-07-12 00:36:10.498,0,train,0.009312614381520758,0
normal,N0285,9638,26,50,2022-07-12 00:36:10.598,0,train,0.055037313774716816,0
normal,N0285,9639,27,50,2022-07-12 00:36:10.698,0,train,0.10526041844737817,0
normal,N0285,9640,28,50,2022-07-12 00:36:10.798,0,train,0.046179148834205,0
normal,N0285,9641,29,50,2022-07-12 00:36:10.898,0,train,0.022930892749475577,0
normal,N0285,9642,30,50,2022-07-12 00:36:10.998,0,train,0.06258015616358002,0
normal,N0285,9643,31,50,2022-07-12 00:36:11.098,0,train,0.0707838905056166,0
normal,N0285,9644,32,50,2022-07-12 00:36:11.198,0,train,0.11056885207712641,0
normal,N0285,9645,33,50,2022-07-12 00:36:11.298,0,train,0.10105072076017904,0
normal,N0285,9646,34,50,2022-07-12 00:36:11.398,0,train,0.14884072690091288,0
normal,N0285,9647,35,50,2022-07-12 00:36:11.498,0,train,0.18465262044468908,0
normal,N0285,9648,36,50,2022-07-12 00:36:11.598,0,train,0.18099978086942312,0
normal,N0285,9649,37,50,2022-07-12 00:36:11.698,0,train,0.10607612256447678,0
normal,N0285,9650,38,50,2022-07-12 00:36:11.798,0,train,0.11359762885221322,0
normal,N0285,9651,39,50,2022-07-12 00:36:11.898,0,train,0.15056568870273865,0
normal,N0285,9652,40,50,2022-07-12 00:36:11.998,0,train,0.015438073050081819,0
normal,N0285,9653,41,50,2022-07-12 00:36:12.098,0,train,0.0030837004405286344,0
normal,N0285,9654,42,50,2022-07-12 00:36:12.198,0,train,0.021833807605236732,0
normal,N0285,9655,43,50,2022-07-12 00:36:12.298,0,train,0.024765400089189142,0
normal,N0285,9656,44,50,2022-07-12 00:36:12.398,0,train,0.012611590597129827,0
normal,N0285,9657,45,50,2022-07-12 00:36:12.498,0,train,0.0031870739712193887,0
normal,N0285,9658,46,50,2022-07-12 00:36:12.598,0,train,0.0025446296743711584,0
normal,N0285,9659,47,50,2022-07-12 00:36:12.698,0,train,0.003136222089710462,0
normal,N0285,9660,48,50,2022-07-12 00:36:12.798,0,train,0.0,0
normal,N0285,9661,49,50,2022-07-12 00:36:12.898,0,train,0.0,0
normal,N0286,9671,9,50,2022-07-12 00:36:15.544,0,train,0.0,0
normal,N0286,9672,10,50,2022-07-12 00:36:15.644,0,train,0.0,0
normal,N0286,9673,11,50,2022-07-12 00:36:15.744,0,train,0.0,0
normal,N0286,9674,12,50,2022-07-12 00:36:15.844,0,train,0.0,0
normal,N0286,9675,13,50,2022-07-12 00:36:15.944,0,train,0.0029439980066031275,0
normal,N0286,9676,14,50,2022-07-12 00:36:16.044,0,train,0.0,0
normal,N0286,9677,15,50,2022-07-12 00:36:16.144,0,train,0.0,0
normal,N0286,9678,16,50,2022-07-12 00:36:16.244,0,train,0.0,0
normal,N0286,9679,17,50,2022-07-12 00:36:16.344,0,train,0.0,0
normal,N0286,9680,18,50,2022-07-12 00:36:16.444,0,train,0.0,0
normal,N0286,9681,19,50,2022-07-12 00:36:16.544,0,train,0.0,0
normal,N0286,9682,20,50,2022-07-12 00:36:16.644,0,train,0.0,0
normal,N0286,9683,21,50,2022-07-12 00:36:16.744,0,train,0.0028125929893471403,0
normal,N0286,9684,22,50,2022-07-12 00:36:16.844,0,train,0.0,0
normal,N0286,9685,23,50,2022-07-12 00:36:16.944,0,train,0.0,0
normal,N0286,9686,24,50,2022-07-12 00:36:17.044,0,train,0.0,0
normal,N0286,9687,25,50,2022-07-12 00:36:17.144,0,train,0.008644583747155684,0
normal,N0286,9688,26,50,2022-07-12 00:36:17.244,0,train,0.0,0
normal,N0286,9689,27,50,2022-07-12 00:36:17.344,0,train,0.0,0
normal,N0286,9690,28,50,2022-07-12 00:36:17.444,0,train,0.0,0
normal,N0286,9691,29,50,2022-07-12 00:36:17.544,0,train,0.0,0
normal,N0286,9692,30,50,2022-07-12 00:36:17.644,0,train,0.0,0
normal,N0286,9693,31,50,2022-07-12 00:36:17.744,0,train,0.0,0
normal,N0286,9694,32,50,2022-07-12 00:36:17.844,0,train,0.0,0
normal,N0286,9695,33,50,2022-07-12 00:36:17.944,0,train,0.0,0
normal,N0286,9696,34,50,2022-07-12 00:36:18.044,0,train,0.0,0
normal,N0286,9697,35,50,2022-07-12 00:36:18.144,0,train,0.0,0
normal,N0286,9698,36,50,2022-07-12 00:36:18.244,0,train,0.0,0
normal,N0286,9699,37,50,2022-07-12 00:36:18.344,0,train,0.0,0
normal,N0286,9700,38,50,2022-07-12 00:36:18.444,0,train,0.0,0
normal,N0286,9701,39,50,2022-07-12 00:36:18.544,0,train,0.0,0
normal,N0286,9702,40,50,2022-07-12 00:36:18.644,0,train,0.0,0
normal,N0286,9703,41,50,2022-07-12 00:36:18.744,0,train,0.0,0
normal,N0286,9704,42,50,2022-07-12 00:36:18.844,0,train,0.0,0
normal,N0286,9705,43,50,2022-07-12 00:36:18.944,0,train,0.0,0
normal,N0286,9706,44,50,2022-07-12 00:36:19.044,0,train,0.0,0
normal,N0286,9707,45,50,2022-07-12 00:36:19.144,0,train,0.0,0
normal,N0286,9708,46,50,2022-07-12 00:36:19.244,0,train,0.009273525276756083,0
normal,N0286,9709,47,50,2022-07-12 00:36:19.344,0,train,0.0,0
normal,N0286,9710,48,50,2022-07-12 00:36:19.444,0,train,0.0,0
normal,N0286,9711,49,50,2022-07-12 00:36:19.544,0,train,0.0,0
normal,N0288,9771,9,36,2022-07-12 00:36:30.368,0,train,0.0,0
normal,N0288,9772,10,36,2022-07-12 00:36:30.468,0,train,0.003260190240719755,0
normal,N0288,9773,11,36,2022-07-12 00:36:30.568,0,train,0.0,0
normal,N0288,9774,12,36,2022-07-12 00:36:30.668,0,train,0.0,0
normal,N0288,9775,13,36,2022-07-12 00:36:30.768,0,train,0.033034903068983136,0
normal,N0288,9776,14,36,2022-07-12 00:36:30.868,0,train,0.0,0
normal,N0288,9777,15,36,2022-07-12 00:36:30.968,0,train,0.0,0
normal,N0288,9778,16,36,2022-07-12 00:36:31.068,0,train,0.003091200209129824,0
normal,N0288,9779,17,36,2022-07-12 00:36:31.168,0,train,0.00657601043920195,0
normal,N0288,9780,18,36,2022-07-12 00:36:31.268,0,train,0.0,0
normal,N0288,9781,19,36,2022-07-12 00:36:31.368,0,train,0.0,0
normal,N0288,9782,20,36,2022-07-12 00:36:31.468,0,train,0.0,0
normal,N0288,9783,21,36,2022-07-12 00:36:31.568,0,train,0.0,0
normal,N0288,9784,22,36,2022-07-12 00:36:31.668,0,train,0.0,0
normal,N0288,9785,23,36,2022-07-12 00:36:31.768,0,train,0.0,0
normal,N0288,9786,24,36,2022-07-12 00:36:31.868,0,train,0.0,0
normal,N0288,9787,25,36,2022-07-12 00:36:31.968,0,train,0.04009606608018405,0
normal,N0288,9788,26,36,2022-07-12 00:36:32.068,0,train,0.0,0
normal,N0288,9789,27,36,2022-07-12 00:36:32.168,0,train,0.0,0
normal,N0288,9790,28,36,2022-07-12 00:36:32.268,0,train,0.0,0
normal,N0288,9791,29,36,2022-07-12 00:36:32.368,0,train,0.0,0
normal,N0288,9792,30,36,2022-07-12 00:36:32.468,0,train,0.0,0
normal,N0288,9793,31,36,2022-07-12 00:36:32.568,0,train,0.018703541581783664,0
normal,N0288,9794,32,36,2022-07-12 00:36:32.668,0,train,0.0,0
normal,N0288,9795,33,36,2022-07-12 00:36:32.768,0,train,0.02762342909317217,0
normal,N0288,9796,34,36,2022-07-12 00:36:32.868,0,train,0.011906531450643805,0
normal,N0288,9797,35,36,2022-07-12 00:36:32.968,0,train,0.003089335293156949,0
normal,N0289,9807,9,24,2022-07-12 00:36:38.328,0,train,0.0,0
normal,N0289,9808,10,24,2022-07-12 00:36:38.428,0,train,0.0,0
normal,N0289,9809,11,24,2022-07-12 00:36:38.528,0,train,0.0,0
normal,N0289,9810,12,24,2022-07-12 00:36:38.628,0,train,0.0,0
normal,N0289,9811,13,24,2022-07-12 00:36:38.728,0,train,0.0,0
normal,N0289,9812,14,24,2022-07-12 00:36:38.828,0,train,0.0,0
normal,N0289,9813,15,24,2022-07-12 00:36:38.928,0,train,0.0,0
normal,N0289,9814,16,24,2022-07-12 00:36:39.028,0,train,0.0,0
normal,N0289,9815,17,24,2022-07-12 00:36:39.128,0,train,0.0,0
normal,N0289,9816,18,24,2022-07-12 00:36:39.228,0,train,0.0,0
normal,N0289,9817,19,24,2022-07-12 00:36:39.328,0,train,0.0,0
normal,N0289,9818,20,24,2022-07-12 00:36:39.428,0,train,0.0,0
normal,N0289,9819,21,24,2022-07-12 00:36:39.528,0,train,0.0,0
normal,N0289,9820,22,24,2022-07-12 00:36:39.628,0,train,0.0,0
normal,N0289,9821,23,24,2022-07-12 00:36:39.728,0,train,0.0,0
normal,N0290,9831,9,13,2022-07-12 00:36:46.308,0,train,0.0,0
normal,N0290,9832,10,13,2022-07-12 00:36:46.408,0,train,0.0,0
normal,N0290,9833,11,13,2022-07-12 00:36:46.508,0,train,0.006466193070606605,0
normal,N0290,9834,12,13,2022-07-12 00:36:46.608,0,train,0.006466193070606605,0
normal,N0293,9895,9,50,2022-07-12 00:37:02.932,0,train,0.0,0
normal,N0293,9896,10,50,2022-07-12 00:37:03.032,0,train,0.0,0
normal,N0293,9897,11,50,2022-07-12 00:37:03.132,0,train,0.0,0
normal,N0293,9898,12,50,2022-07-12 00:37:03.232,0,train,0.005985120212383711,0
normal,N0293,9899,13,50,2022-07-12 00:37:03.332,0,train,0.006482374426568831,0
normal,N0293,9900,14,50,2022-07-12 00:37:03.432,0,train,0.0031457876916948808,0
normal,N0293,9901,15,50,2022-07-12 00:37:03.532,0,train,0.0,0
normal,N0293,9902,16,50,2022-07-12 00:37:03.632,0,train,0.0,0
normal,N0293,9903,17,50,2022-07-12 00:37:03.732,0,train,0.0,0
normal,N0293,9904,18,50,2022-07-12 00:37:03.832,0,train,0.0,0
normal,N0293,9905,19,50,2022-07-12 00:37:03.932,0,train,0.0031457876916948808,0
normal,N0293,9906,20,50,2022-07-12 00:37:04.032,0,train,0.0,0
normal,N0293,9907,21,50,2022-07-12 00:37:04.132,0,train,0.0,0
normal,N0293,9908,22,50,2022-07-12 00:37:04.232,0,train,0.0,0
normal,N0293,9909,23,50,2022-07-12 00:37:04.332,0,train,0.0,0
normal,N0293,9910,24,50,2022-07-12 00:37:04.432,0,train,0.0,0
normal,N0293,9911,25,50,2022-07-12 00:37:04.532,0,train,0.0,0
normal,N0293,9912,26,50,2022-07-12 00:37:04.632,0,train,0.0,0
normal,N0293,9913,27,50,2022-07-12 00:37:04.732,0,train,0.0024405452062559586,0
normal,N0293,9914,28,50,2022-07-12 00:37:04.832,0,train,0.0,0
normal,N0293,9915,29,50,2022-07-12 00:37:04.932,0,train,0.0032782562688107694,0
normal,N0293,9916,30,50,2022-07-12 00:37:05.032,0,train,0.0,0
normal,N0293,9917,31,50,2022-07-12 00:37:05.132,0,train,0.0,0
normal,N0293,9918,32,50,2022-07-12 00:37:05.232,0,train,0.0,0
normal,N0293,9919,33,50,2022-07-12 00:37:05.332,0,train,0.0,0
normal,N0293,9920,34,50,2022-07-12 00:37:05.432,0,train,0.0,0
normal,N0293,9921,35,50,2022-07-12 00:37:05.532,0,train,0.0,0
normal,N0293,9922,36,50,2022-07-12 00:37:05.632,0,train,0.0,0
normal,N0293,9923,37,50,2022-07-12 00:37:05.732,0,train,0.00881390126963159,0
normal,N0293,9924,38,50,2022-07-12 00:37:05.832,0,train,0.008635807731638145,0
normal,N0293,9925,39,50,2022-07-12 00:37:05.932,0,train,0.003004995068562884,0
normal,N0293,9926,40,50,2022-07-12 00:37:06.032,0,train,0.0,0
normal,N0293,9927,41,50,2022-07-12 00:37:06.132,0,train,0.0,0
normal,N0293,9928,42,50,2022-07-12 00:37:06.232,0,train,0.0,0
normal,N0293,9929,43,50,2022-07-12 00:37:06.332,0,train,0.0,0
normal,N0293,9930,44,50,2022-07-12 00:37:06.432,0,train,0.0,0
normal,N0293,9931,45,50,2022-07-12 00:37:06.532,0,train,0.0028271328253399075,0
normal,N0293,9932,46,50,2022-07-12 00:37:06.632,0,train,0.0032422321165986147,0
normal,N0293,9933,47,50,2022-07-12 00:37:06.732,0,train,0.0033333333333333335,0
normal,N0293,9934,48,50,2022-07-12 00:37:06.832,0,train,0.0,0
normal,N0293,9935,49,50,2022-07-12 00:37:06.932,0,train,0.0,0
normal,N0294,9945,9,42,2022-07-12 00:37:10.260,0,train,0.0,0
normal,N0294,9946,10,42,2022-07-12 00:37:10.360,0,train,0.0030252476829658046,0
normal,N0294,9947,11,42,2022-07-12 00:37:10.460,0,train,0.00627106934449892,0
normal,N0294,9948,12,42,2022-07-12 00:37:10.560,0,train,0.01820035465443869,0
normal,N0294,9949,13,42,2022-07-12 00:37:10.660,0,train,0.012205810478973298,0
normal,N0294,9950,14,42,2022-07-12 00:37:10.760,0,train,0.012932704395147938,0
normal,N0294,9951,15,42,2022-07-12 00:37:10.860,0,train,0.0024790344070851943,0
normal,N0294,9952,16,42,2022-07-12 00:37:10.960,0,train,0.0024790344070851943,0
normal,N0294,9953,17,42,2022-07-12 00:37:11.060,0,train,0.0024790344070851943,0
normal,N0294,9954,18,42,2022-07-12 00:37:11.160,0,train,0.014533907067642507,0
normal,N0294,9955,19,42,2022-07-12 00:37:11.260,0,train,0.014917407207947436,0
normal,N0294,9956,20,42,2022-07-12 00:37:11.360,0,train,0.013120000268914694,0
normal,N0294,9957,21,42,2022-07-12 00:37:11.460,0,train,0.0,0
normal,N0294,9958,22,42,2022-07-12 00:37:11.560,0,train,0.0031783725766418463,0
normal,N0294,9959,23,42,2022-07-12 00:37:11.660,0,train,0.0031783725766418463,0
normal,N0294,9960,24,42,2022-07-12 00:37:11.760,0,train,0.009338632736989096,0
normal,N0294,9961,25,42,2022-07-12 00:37:11.860,0,train,0.0031783725766418463,0
normal,N0294,9962,26,42,2022-07-12 00:37:11.960,0,train,0.0031783725766418463,0
normal,N0294,9963,27,42,2022-07-12 00:37:12.060,0,train,0.0,0
normal,N0294,9964,28,42,2022-07-12 00:37:12.160,0,train,0.0,0
normal,N0294,9965,29,42,2022-07-12 00:37:12.260,0,train,0.00609233689382567,0
normal,N0294,9966,30,42,2022-07-12 00:37:12.360,0,train,0.048977737278418566,0
normal,N0294,9967,31,42,2022-07-12 00:37:12.460,0,train,0.14835712029331857,0
normal,N0294,9968,32,42,2022-07-12 00:37:12.560,0,train,0.009584231221512727,0
normal,N0294,9969,33,42,2022-07-12 00:37:12.660,0,train,0.02150392328968098,0
normal,N0294,9970,34,42,2022-07-12 00:37:12.760,0,train,0.0,0
normal,N0294,9971,35,42,2022-07-12 00:37:12.860,0,train,0.0,0
normal,N0294,9972,36,42,2022-07-12 00:37:12.960,0,train,0.0,0
normal,N0294,9973,37,42,2022-07-12 00:37:13.060,0,train,0.0,0
normal,N0294,9974,38,42,2022-07-12 00:37:13.160,0,train,0.0,0
normal,N0294,9975,39,42,2022-07-12 00:37:13.260,0,train,0.0,0
normal,N0294,9976,40,42,2022-07-12 00:37:13.360,0,train,0.0,0
normal,N0294,9977,41,42,2022-07-12 00:37:13.460,0,train,0.0,0
normal,N0295,9987,9,29,2022-07-12 00:37:18.326,0,train,0.0,0
normal,N0295,9988,10,29,2022-07-12 00:37:18.426,0,train,0.0,0
normal,N0295,9989,11,29,2022-07-12 00:37:18.526,0,train,0.0,0
normal,N0295,9990,12,29,2022-07-12 00:37:18.626,0,train,0.0,0
normal,N0295,9991,13,29,2022-07-12 00:37:18.726,0,train,0.0,0
normal,N0295,9992,14,29,2022-07-12 00:37:18.826,0,train,0.008531357925020593,0
normal,N0295,9993,15,29,2022-07-12 00:37:18.926,0,train,0.005960954422092999,0
normal,N0295,9994,16,29,2022-07-12 00:37:19.026,0,train,0.008531357925020593,0
normal,N0295,9995,17,29,2022-07-12 00:37:19.126,0,train,0.0029511776633910467,0
normal,N0295,9996,18,29,2022-07-12 00:37:19.226,0,train,0.0,0
normal,N0295,9997,19,29,2022-07-12 00:37:19.326,0,train,0.0,0
normal,N0295,9998,20,29,2022-07-12 00:37:19.426,0,train,0.0,0
normal,N0295,9999,21,29,2022-07-12 00:37:19.526,0,train,0.0,0
normal,N0295,10000,22,29,2022-07-12 00:37:19.626,0,train,0.0,0
normal,N0295,10001,23,29,2022-07-12 00:37:19.726,0,train,0.0,0
normal,N0295,10002,24,29,2022-07-12 00:37:19.826,0,train,0.0,0
normal,N0295,10003,25,29,2022-07-12 00:37:19.926,0,train,0.006079868360172481,0
normal,N0295,10004,26,29,2022-07-12 00:37:20.026,0,train,0.002974993311615756,0
normal,N0295,10005,27,29,2022-07-12 00:37:20.126,0,train,0.002712872419511637,0
normal,N0295,10006,28,29,2022-07-12 00:37:20.226,0,train,0.0,0
normal,N0296,10016,9,20,2022-07-12 00:37:26.256,0,train,0.0,0
normal,N0296,10017,10,20,2022-07-12 00:37:26.356,0,train,0.0,0
normal,N0296,10018,11,20,2022-07-12 00:37:26.456,0,train,0.0,0
normal,N0296,10019,12,20,2022-07-12 00:37:26.556,0,train,0.0,0
normal,N0296,10020,13,20,2022-07-12 00:37:26.656,0,train,0.0,0
normal,N0296,10021,14,20,2022-07-12 00:37:26.756,0,train,0.0,0
normal,N0296,10022,15,20,2022-07-12 00:37:26.856,0,train,0.0,0
normal,N0296,10023,16,20,2022-07-12 00:37:26.956,0,train,0.0,0
normal,N0296,10024,17,20,2022-07-12 00:37:27.056,0,train,0.0,0
normal,N0296,10025,18,20,2022-07-12 00:37:27.156,0,train,0.0,0
normal,N0296,10026,19,20,2022-07-12 00:37:27.256,0,train,0.0,0
normal,N0298,10044,9,50,2022-07-12 00:37:43.218,0,train,0.0,0
normal,N0298,10045,10,50,2022-07-12 00:37:43.318,0,train,0.0033333333333333335,0
normal,N0298,10046,11,50,2022-07-12 00:37:43.418,0,train,0.0,0
normal,N0298,10047,12,50,2022-07-12 00:37:43.518,0,train,0.0,0
normal,N0298,10048,13,50,2022-07-12 00:37:43.618,0,train,0.006095919428921917,0
normal,N0298,10049,14,50,2022-07-12 00:37:43.718,0,train,0.0,0
normal,N0298,10050,15,50,2022-07-12 00:37:43.818,0,train,0.0,0
normal,N0298,10051,16,50,2022-07-12 00:37:43.918,0,train,0.0,0
normal,N0298,10052,17,50,2022-07-12 00:37:44.018,0,train,0.0,0
normal,N0298,10053,18,50,2022-07-12 00:37:44.118,0,train,0.0,0
normal,N0298,10054,19,50,2022-07-12 00:37:44.218,0,train,0.0030837004405286344,0
normal,N0298,10055,20,50,2022-07-12 00:37:44.318,0,train,0.002984046068158218,0
normal,N0298,10056,21,50,2022-07-12 00:37:44.418,0,train,0.0032750356263764728,0
normal,N0298,10057,22,50,2022-07-12 00:37:44.518,0,train,0.0,0
normal,N0298,10058,23,50,2022-07-12 00:37:44.618,0,train,0.0,0
normal,N0298,10059,24,50,2022-07-12 00:37:44.718,0,train,0.0,0
normal,N0298,10060,25,50,2022-07-12 00:37:44.818,0,train,0.0,0
normal,N0298,10061,26,50,2022-07-12 00:37:44.918,0,train,0.003070906857992373,0
normal,N0298,10062,27,50,2022-07-12 00:37:45.018,0,train,0.030840232136363662,0
normal,N0298,10063,28,50,2022-07-12 00:37:45.118,0,train,0.059902672186291674,0
normal,N0298,10064,29,50,2022-07-12 00:37:45.218,0,train,0.00656217997185417,0
normal,N0298,10065,30,50,2022-07-12 00:37:45.318,0,train,0.0,0
normal,N0298,10066,31,50,2022-07-12 00:37:45.418,0,train,0.0,0
normal,N0298,10067,32,50,2022-07-12 00:37:45.518,0,train,0.0,0
normal,N0298,10068,33,50,2022-07-12 00:37:45.618,0,train,0.0,0
normal,N0298,10069,34,50,2022-07-12 00:37:45.718,0,train,0.0,0
normal,N0298,10070,35,50,2022-07-12 00:37:45.818,0,train,0.0,0
normal,N0298,10071,36,50,2022-07-12 00:37:45.918,0,train,0.0,0
normal,N0298,10072,37,50,2022-07-12 00:37:46.018,0,train,0.0,0
normal,N0298,10073,38,50,2022-07-12 00:37:46.118,0,train,0.0032750356263764728,0
normal,N0298,10074,39,50,2022-07-12 00:37:46.218,0,train,0.0,0
normal,N0298,10075,40,50,2022-07-12 00:37:46.318,0,train,0.0,0
normal,N0298,10076,41,50,2022-07-12 00:37:46.418,0,train,0.0,0
normal,N0298,10077,42,50,2022-07-12 00:37:46.518,0,train,0.0,0
normal,N0298,10078,43,50,2022-07-12 00:37:46.618,0,train,0.0,0
normal,N0298,10079,44,50,2022-07-12 00:37:46.718,0,train,0.00609463101764473,0
normal,N0298,10080,45,50,2022-07-12 00:37:46.818,0,train,0.0,0
normal,N0298,10081,46,50,2022-07-12 00:37:46.918,0,train,0.0,0
normal,N0298,10082,47,50,2022-07-12 00:37:47.018,0,train,0.0,0
normal,N0298,10083,48,50,2022-07-12 00:37:47.118,0,train,0.0,0
normal,N0298,10084,49,50,2022-07-12 00:37:47.218,0,train,0.00322730825432426,0
normal,N0299,10094,9,48,2022-07-12 00:37:50.146,0,train,0.0,0
normal,N0299,10095,10,48,2022-07-12 00:37:50.246,0,train,0.0,0
normal,N0299,10096,11,48,2022-07-12 00:37:50.346,0,train,0.005957816547717133,0
normal,N0299,10097,12,48,2022-07-12 00:37:50.446,0,train,0.006060334884790346,0
normal,N0299,10098,13,48,2022-07-12 00:37:50.546,0,train,0.0,0
normal,N0299,10099,14,48,2022-07-12 00:37:50.646,0,train,0.0,0
normal,N0299,10100,15,48,2022-07-12 00:37:50.746,0,train,0.0,0
normal,N0299,10101,16,48,2022-07-12 00:37:50.846,0,train,0.0,0
normal,N0299,10102,17,48,2022-07-12 00:37:50.946,0,train,0.0,0
normal,N0299,10103,18,48,2022-07-12 00:37:51.046,0,train,0.003158368326334734,0
normal,N0299,10104,19,48,2022-07-12 00:37:51.146,0,train,0.0,0
normal,N0299,10105,20,48,2022-07-12 00:37:51.246,0,train,0.0,0
normal,N0299,10106,21,48,2022-07-12 00:37:51.346,0,train,0.005944926935310909,0
normal,N0299,10107,22,48,2022-07-12 00:37:51.446,0,train,0.0,0
normal,N0299,10108,23,48,2022-07-12 00:37:51.546,0,train,0.0,0
normal,N0299,10109,24,48,2022-07-12 00:37:51.646,0,train,0.0,0
normal,N0299,10110,25,48,2022-07-12 00:37:51.746,0,train,0.0,0
normal,N0299,10111,26,48,2022-07-12 00:37:51.846,0,train,0.0031272294887039237,0
normal,N0299,10112,27,48,2022-07-12 00:37:51.946,0,train,0.0,0
normal,N0299,10113,28,48,2022-07-12 00:37:52.046,0,train,0.0032495018209303924,0
normal,N0299,10114,29,48,2022-07-12 00:37:52.146,0,train,0.0,0
normal,N0299,10115,30,48,2022-07-12 00:37:52.246,0,train,0.0,0
normal,N0299,10116,31,48,2022-07-12 00:37:52.346,0,train,0.0,0
normal,N0299,10117,32,48,2022-07-12 00:37:52.446,0,train,0.0,0
normal,N0299,10118,33,48,2022-07-12 00:37:52.546,0,train,0.0,0
normal,N0299,10119,34,48,2022-07-12 00:37:52.646,0,train,0.0,0
normal,N0299,10120,35,48,2022-07-12 00:37:52.746,0,train,0.0,0
normal,N0299,10121,36,48,2022-07-12 00:37:52.846,0,train,0.0,0
normal,N0299,10122,37,48,2022-07-12 00:37:52.946,0,train,0.0,0
normal,N0299,10123,38,48,2022-07-12 00:37:53.046,0,train,0.0,0
normal,N0299,10124,39,48,2022-07-12 00:37:53.146,0,train,0.0,0
normal,N0299,10125,40,48,2022-07-12 00:37:53.246,0,train,0.0,0
normal,N0299,10126,41,48,2022-07-12 00:37:53.346,0,train,0.0030478395061728394,0
normal,N0299,10127,42,48,2022-07-12 00:37:53.446,0,train,0.0,0
normal,N0299,10128,43,48,2022-07-12 00:37:53.546,0,train,0.0,0
normal,N0299,10129,44,48,2022-07-12 00:37:53.646,0,train,0.0,0
normal,N0299,10130,45,48,2022-07-12 00:37:53.746,0,train,0.003159436207212155,0
normal,N0299,10131,46,48,2022-07-12 00:37:53.846,0,train,0.0033012614924096645,0
normal,N0299,10132,47,48,2022-07-12 00:37:53.946,0,train,0.0,0
normal,N0300,10142,9,36,2022-07-12 00:37:58.136,0,train,0.003224319173787422,0
normal,N0300,10143,10,36,2022-07-12 00:37:58.236,0,train,0.0,0
normal,N0300,10144,11,36,2022-07-12 00:37:58.336,0,train,0.0,0
normal,N0300,10145,12,36,2022-07-12 00:37:58.436,0,train,0.0,0
normal,N0300,10146,13,36,2022-07-12 00:37:58.536,0,train,0.0,0
normal,N0300,10147,14,36,2022-07-12 00:37:58.636,0,train,0.0,0
normal,N0300,10148,15,36,2022-07-12 00:37:58.736,0,train,0.0,0
normal,N0300,10149,16,36,2022-07-12 00:37:58.836,0,train,0.0031724808149860935,0
normal,N0300,10150,17,36,2022-07-12 00:37:58.936,0,train,0.0031724808149860935,0
normal,N0300,10151,18,36,2022-07-12 00:37:59.036,0,train,0.0032873803307223674,0
normal,N0300,10152,19,36,2022-07-12 00:37:59.136,0,train,0.0,0
normal,N0300,10153,20,36,2022-07-12 00:37:59.236,0,train,0.0,0
normal,N0300,10154,21,36,2022-07-12 00:37:59.336,0,train,0.0,0
normal,N0300,10155,22,36,2022-07-12 00:37:59.436,0,train,0.0,0
normal,N0300,10156,23,36,2022-07-12 00:37:59.536,0,train,0.0030252476829658037,0
normal,N0300,10157,24,36,2022-07-12 00:37:59.636,0,train,0.0,0
normal,N0300,10158,25,36,2022-07-12 00:37:59.736,0,train,0.0032265976291047825,0
normal,N0300,10159,26,36,2022-07-12 00:37:59.836,0,train,0.0029295174585533016,0
normal,N0300,10160,27,36,2022-07-12 00:37:59.936,0,train,0.0,0
normal,N0300,10161,28,36,2022-07-12 00:38:00.036,0,train,0.0,0
normal,N0300,10162,29,36,2022-07-12 00:38:00.136,0,train,0.0,0
normal,N0300,10163,30,36,2022-07-12 00:38:00.236,0,train,0.0,0
normal,N0300,10164,31,36,2022-07-12 00:38:00.336,0,train,0.0,0
normal,N0300,10165,32,36,2022-07-12 00:38:00.436,0,train,0.0,0
normal,N0300,10166,33,36,2022-07-12 00:38:00.536,0,train,0.0,0
normal,N0300,10167,34,36,2022-07-12 00:38:00.636,0,train,0.0,0
normal,N0300,10168,35,36,2022-07-12 00:38:00.736,0,train,0.0033011453344847746,0
normal,N0301,10178,9,20,2022-07-12 00:38:06.147,0,train,0.006426383258589755,0
normal,N0301,10179,10,20,2022-07-12 00:38:06.247,0,train,0.012143553369552236,0
normal,N0301,10180,11,20,2022-07-12 00:38:06.347,0,train,0.0,0
normal,N0301,10181,12,20,2022-07-12 00:38:06.447,0,train,0.009298204305277185,0
normal,N0301,10182,13,20,2022-07-12 00:38:06.547,0,train,0.0032711511789181693,0
normal,N0301,10183,14,20,2022-07-12 00:38:06.647,0,train,0.022777501563185608,0
normal,N0301,10184,15,20,2022-07-12 00:38:06.747,0,train,0.015107910996825753,0
normal,N0301,10185,16,20,2022-07-12 00:38:06.847,0,train,0.014647459261729188,0
normal,N0301,10186,17,20,2022-07-12 00:38:06.947,0,train,0.01499919381385662,0
normal,N0301,10187,18,20,2022-07-12 00:38:07.047,0,train,0.0,0
normal,N0301,10188,19,20,2022-07-12 00:38:07.147,0,train,0.0,0
normal,N0303,10207,9,50,2022-07-12 00:38:23.396,0,train,0.0056706182599224105,0
normal,N0303,10208,10,50,2022-07-12 00:38:23.496,0,train,0.07056834089061395,0
normal,N0303,10209,11,50,2022-07-12 00:38:23.596,0,train,0.048368224776795386,0
normal,N0303,10210,12,50,2022-07-12 00:38:23.696,0,train,0.046118809432410535,0
normal,N0303,10211,13,50,2022-07-12 00:38:23.796,0,train,0.027985533366196833,0
normal,N0303,10212,14,50,2022-07-12 00:38:23.896,0,train,0.009467873099208456,0
normal,N0303,10213,15,50,2022-07-12 00:38:23.996,0,train,0.0062380469497359875,0
normal,N0303,10214,16,50,2022-07-12 00:38:24.096,0,train,0.006527979235374059,0
normal,N0303,10215,17,50,2022-07-12 00:38:24.196,0,train,0.0,0
normal,N0303,10216,18,50,2022-07-12 00:38:24.296,0,train,0.012699120995567215,0
normal,N0303,10217,19,50,2022-07-12 00:38:24.396,0,train,0.01491396801810672,0
normal,N0303,10218,20,50,2022-07-12 00:38:24.496,0,train,0.0,0
normal,N0303,10219,21,50,2022-07-12 00:38:24.596,0,train,0.0,0
normal,N0303,10220,22,50,2022-07-12 00:38:24.696,0,train,0.0,0
normal,N0303,10221,23,50,2022-07-12 00:38:24.796,0,train,0.0,0
normal,N0303,10222,24,50,2022-07-12 00:38:24.896,0,train,0.0,0
normal,N0303,10223,25,50,2022-07-12 00:38:24.996,0,train,0.0,0
normal,N0303,10224,26,50,2022-07-12 00:38:25.096,0,train,0.0,0
normal,N0303,10225,27,50,2022-07-12 00:38:25.196,0,train,0.0,0
normal,N0303,10226,28,50,2022-07-12 00:38:25.296,0,train,0.0,0
normal,N0303,10227,29,50,2022-07-12 00:38:25.396,0,train,0.00619923829364871,0
normal,N0303,10228,30,50,2022-07-12 00:38:25.496,0,train,0.003202055373381562,0
normal,N0303,10229,31,50,2022-07-12 00:38:25.596,0,train,0.0,0
normal,N0303,10230,32,50,2022-07-12 00:38:25.696,0,train,0.0,0
normal,N0303,10231,33,50,2022-07-12 00:38:25.796,0,train,0.0,0
normal,N0303,10232,34,50,2022-07-12 00:38:25.896,0,train,0.009147767944459208,0
normal,N0303,10233,35,50,2022-07-12 00:38:25.996,0,train,0.012088597258310572,0
normal,N0303,10234,36,50,2022-07-12 00:38:26.096,0,train,0.014962644281372416,0
normal,N0303,10235,37,50,2022-07-12 00:38:26.196,0,train,0.00623653626509024,0
normal,N0303,10236,38,50,2022-07-12 00:38:26.296,0,train,0.009578112772045417,0
normal,N0303,10237,39,50,2022-07-12 00:38:26.396,0,train,0.0065801133436373,0
normal,N0303,10238,40,50,2022-07-12 00:38:26.496,0,train,0.009569869598423573,0
normal,N0303,10239,41,50,2022-07-12 00:38:26.596,0,train,0.006012506044062508,0
normal,N0303,10240,42,50,2022-07-12 00:38:26.696,0,train,0.015014471386718077,0
normal,N0303,10241,43,50,2022-07-12 00:38:26.796,0,train,0.014822971126948106,0
normal,N0303,10242,44,50,2022-07-12 00:38:26.896,0,train,0.008628343940343336,0
normal,N0303,10243,45,50,2022-07-12 00:38:26.996,0,train,0.011830399313724899,0
normal,N0303,10244,46,50,2022-07-12 00:38:27.096,0,train,0.03916231073607026,0
normal,N0303,10245,47,50,2022-07-12 00:38:27.196,0,train,0.02382095654918093,0
normal,N0303,10246,48,50,2022-07-12 00:38:27.296,0,train,0.05194100992415212,0
normal,N0303,10247,49,50,2022-07-12 00:38:27.396,0,train,0.0171093261901015,0
normal,N0304,10257,9,50,2022-07-12 00:38:30.202,0,train,0.0,0
normal,N0304,10258,10,50,2022-07-12 00:38:30.302,0,train,0.0029427691158621975,0
normal,N0304,10259,11,50,2022-07-12 00:38:30.402,0,train,0.008464744487475046,0
normal,N0304,10260,12,50,2022-07-12 00:38:30.502,0,train,0.013044086326366854,0
normal,N0304,10261,13,50,2022-07-12 00:38:30.602,0,train,0.0,0
normal,N0304,10262,14,50,2022-07-12 00:38:30.702,0,train,0.0,0
normal,N0304,10263,15,50,2022-07-12 00:38:30.802,0,train,0.0,0
normal,N0304,10264,16,50,2022-07-12 00:38:30.902,0,train,0.0,0
normal,N0304,10265,17,50,2022-07-12 00:38:31.002,0,train,0.0,0
normal,N0304,10266,18,50,2022-07-12 00:38:31.102,0,train,0.0,0
normal,N0304,10267,19,50,2022-07-12 00:38:31.202,0,train,0.0,0
normal,N0304,10268,20,50,2022-07-12 00:38:31.302,0,train,0.0,0
normal,N0304,10269,21,50,2022-07-12 00:38:31.402,0,train,0.0,0
normal,N0304,10270,22,50,2022-07-12 00:38:31.502,0,train,0.0,0
normal,N0304,10271,23,50,2022-07-12 00:38:31.602,0,train,0.0,0
normal,N0304,10272,24,50,2022-07-12 00:38:31.702,0,train,0.0,0
normal,N0304,10273,25,50,2022-07-12 00:38:31.802,0,train,0.0024704037632301058,0
normal,N0304,10274,26,50,2022-07-12 00:38:31.902,0,train,0.0,0
normal,N0304,10275,27,50,2022-07-12 00:38:32.002,0,train,0.0,0
normal,N0304,10276,28,50,2022-07-12 00:38:32.102,0,train,0.0060357515475862634,0
normal,N0304,10277,29,50,2022-07-12 00:38:32.202,0,train,0.006367240632541411,0
normal,N0304,10278,30,50,2022-07-12 00:38:32.302,0,train,0.0,0
normal,N0304,10279,31,50,2022-07-12 00:38:32.402,0,train,0.0,0
normal,N0304,10280,32,50,2022-07-12 00:38:32.502,0,train,0.0,0
normal,N0304,10281,33,50,2022-07-12 00:38:32.602,0,train,0.0,0
normal,N0304,10282,34,50,2022-07-12 00:38:32.702,0,train,0.0,0
normal,N0304,10283,35,50,2022-07-12 00:38:32.802,0,train,0.0,0
normal,N0304,10284,36,50,2022-07-12 00:38:32.902,0,train,0.0,0
normal,N0304,10285,37,50,2022-07-12 00:38:33.002,0,train,0.0,0
normal,N0304,10286,38,50,2022-07-12 00:38:33.102,0,train,0.0,0
normal,N0304,10287,39,50,2022-07-12 00:38:33.202,0,train,0.0,0
normal,N0304,10288,40,50,2022-07-12 00:38:33.302,0,train,0.0,0
normal,N0304,10289,41,50,2022-07-12 00:38:33.402,0,train,0.0,0
normal,N0304,10290,42,50,2022-07-12 00:38:33.502,0,train,0.006099140128781655,0
normal,N0304,10291,43,50,2022-07-12 00:38:33.602,0,train,0.0,0
normal,N0304,10292,44,50,2022-07-12 00:38:33.702,0,train,0.0029740500172581504,0
normal,N0304,10293,45,50,2022-07-12 00:38:33.802,0,train,0.0,0
normal,N0304,10294,46,50,2022-07-12 00:38:33.902,0,train,0.006605858736743353,0
normal,N0304,10295,47,50,2022-07-12 00:38:34.002,0,train,0.0,0
normal,N0304,10296,48,50,2022-07-12 00:38:34.102,0,train,0.0,0
normal,N0304,10297,49,50,2022-07-12 00:38:34.202,0,train,0.0,0
normal,N0305,10307,9,38,2022-07-12 00:38:38.196,0,train,0.0,0
normal,N0305,10308,10,38,2022-07-12 00:38:38.296,0,train,0.0,0
normal,N0305,10309,11,38,2022-07-12 00:38:38.396,0,train,0.0,0
normal,N0305,10310,12,38,2022-07-12 00:38:38.496,0,train,0.0,0
normal,N0305,10311,13,38,2022-07-12 00:38:38.596,0,train,0.0032910820162398067,0
normal,N0305,10312,14,38,2022-07-12 00:38:38.696,0,train,0.016307128552282238,0
normal,N0305,10313,15,38,2022-07-12 00:38:38.796,0,train,0.0,0
normal,N0305,10314,16,38,2022-07-12 00:38:38.896,0,train,0.0,0
normal,N0305,10315,17,38,2022-07-12 00:38:38.996,0,train,0.0,0
normal,N0305,10316,18,38,2022-07-12 00:38:39.096,0,train,0.0,0
normal,N0305,10317,19,38,2022-07-12 00:38:39.196,0,train,0.0,0
normal,N0305,10318,20,38,2022-07-12 00:38:39.296,0,train,0.0,0
normal,N0305,10319,21,38,2022-07-12 00:38:39.396,0,train,0.013146234888741701,0
normal,N0305,10320,22,38,2022-07-12 00:38:39.496,0,train,0.0029278528667530707,0
normal,N0305,10321,23,38,2022-07-12 00:38:39.596,0,train,0.0,0
normal,N0305,10322,24,38,2022-07-12 00:38:39.696,0,train,0.0,0
normal,N0305,10323,25,38,2022-07-12 00:38:39.796,0,train,0.0,0
normal,N0305,10324,26,38,2022-07-12 00:38:39.896,0,train,0.0,0
normal,N0305,10325,27,38,2022-07-12 00:38:39.996,0,train,0.0,0
normal,N0305,10326,28,38,2022-07-12 00:38:40.096,0,train,0.0,0
normal,N0305,10327,29,38,2022-07-12 00:38:40.196,0,train,0.0028965158606344254,0
normal,N0305,10328,30,38,2022-07-12 00:38:40.296,0,train,0.005958975899908814,0
normal,N0305,10329,31,38,2022-07-12 00:38:40.396,0,train,0.0,0
normal,N0305,10330,32,38,2022-07-12 00:38:40.496,0,train,0.0,0
normal,N0305,10331,33,38,2022-07-12 00:38:40.596,0,train,0.0,0
normal,N0305,10332,34,38,2022-07-12 00:38:40.696,0,train,0.0,0
normal,N0305,10333,35,38,2022-07-12 00:38:40.796,0,train,0.0,0
normal,N0305,10334,36,38,2022-07-12 00:38:40.896,0,train,0.0,0
normal,N0305,10335,37,38,2022-07-12 00:38:40.996,0,train,0.0,0
normal,N0306,10345,9,35,2022-07-12 00:38:46.318,0,train,0.0,0
normal,N0306,10346,10,35,2022-07-12 00:38:46.418,0,train,0.0,0
normal,N0306,10347,11,35,2022-07-12 00:38:46.518,0,train,0.0,0
normal,N0306,10348,12,35,2022-07-12 00:38:46.618,0,train,0.0,0
normal,N0306,10349,13,35,2022-07-12 00:38:46.718,0,train,0.0,0
normal,N0306,10350,14,35,2022-07-12 00:38:46.818,0,train,0.0,0
normal,N0306,10351,15,35,2022-07-12 00:38:46.918,0,train,0.02811732161504207,0
normal,N0306,10352,16,35,2022-07-12 00:38:47.018,0,train,0.0,0
normal,N0306,10353,17,35,2022-07-12 00:38:47.118,0,train,0.0,0
normal,N0306,10354,18,35,2022-07-12 00:38:47.218,0,train,0.0,0
normal,N0306,10355,19,35,2022-07-12 00:38:47.318,0,train,0.0032126796653600092,0
normal,N0306,10356,20,35,2022-07-12 00:38:47.418,0,train,0.009312200861991138,0
normal,N0306,10357,21,35,2022-07-12 00:38:47.518,0,train,0.009432854529964462,0
normal,N0306,10358,22,35,2022-07-12 00:38:47.618,0,train,0.009432854529964462,0
normal,N0306,10359,23,35,2022-07-12 00:38:47.718,0,train,0.1522317949633093,0
normal,N0306,10360,24,35,2022-07-12 00:38:47.818,0,train,0.019384071116195764,0
normal,N0306,10361,25,35,2022-07-12 00:38:47.918,0,train,0.009312200861991138,0
normal,N0306,10362,26,35,2022-07-12 00:38:48.018,0,train,0.012124840333561253,0
normal,N0306,10363,27,35,2022-07-12 00:38:48.118,0,train,0.0032126796653600092,0
normal,N0306,10364,28,35,2022-07-12 00:38:48.218,0,train,0.006025319136930125,0
normal,N0306,10365,29,35,2022-07-12 00:38:48.318,0,train,0.0032882435890740063,0
normal,N0306,10366,30,35,2022-07-12 00:38:48.418,0,train,0.0,0
normal,N0306,10367,31,35,2022-07-12 00:38:48.518,0,train,0.035707877813391575,0
normal,N0306,10368,32,35,2022-07-12 00:38:48.618,0,train,0.0,0
normal,N0306,10369,33,35,2022-07-12 00:38:48.718,0,train,0.01957950573675612,0
normal,N0306,10370,34,35,2022-07-12 00:38:48.818,0,train,0.0,0
normal,N0309,10412,9,50,2022-07-12 00:39:11.808,0,train,0.003218215158924205,0
normal,N0309,10413,10,50,2022-07-12 00:39:11.908,0,train,0.025899347610372686,0
normal,N0309,10414,11,50,2022-07-12 00:39:12.008,0,train,0.04193065193567336,0
normal,N0309,10415,12,50,2022-07-12 00:39:12.108,0,train,0.0,0
normal,N0309,10416,13,50,2022-07-12 00:39:12.208,0,train,0.015217620006608644,0
normal,N0309,10417,14,50,2022-07-12 00:39:12.308,0,train,0.006453584407003634,0
normal,N0309,10418,15,50,2022-07-12 00:39:12.408,0,train,0.0,0
normal,N0309,10419,16,50,2022-07-12 00:39:12.508,0,train,0.0,0
normal,N0309,10420,17,50,2022-07-12 00:39:12.608,0,train,0.0031717618664521313,0
normal,N0309,10421,18,50,2022-07-12 00:39:12.708,0,train,0.0,0
normal,N0309,10422,19,50,2022-07-12 00:39:12.808,0,train,0.0,0
normal,N0309,10423,20,50,2022-07-12 00:39:12.908,0,train,0.0033333333333333335,0
normal,N0309,10424,21,50,2022-07-12 00:39:13.008,0,train,0.08945137906001421,0
normal,N0309,10425,22,50,2022-07-12 00:39:13.108,0,train,0.08918845330663386,0
normal,N0309,10426,23,50,2022-07-12 00:39:13.208,0,train,0.00988334523688059,0
normal,N0309,10427,24,50,2022-07-12 00:39:13.308,0,train,0.0060806222919762565,0
normal,N0309,10428,25,50,2022-07-12 00:39:13.408,0,train,0.0033262605651168905,0
normal,N0309,10429,26,50,2022-07-12 00:39:13.508,0,train,0.0033333333333333335,0
normal,N0309,10430,27,50,2022-07-12 00:39:13.608,0,train,0.0,0
normal,N0309,10431,28,50,2022-07-12 00:39:13.708,0,train,0.0,0
normal,N0309,10432,29,50,2022-07-12 00:39:13.808,0,train,0.0,0
normal,N0309,10433,30,50,2022-07-12 00:39:13.908,0,train,0.0,0
normal,N0309,10434,31,50,2022-07-12 00:39:14.008,0,train,0.0,0
normal,N0309,10435,32,50,2022-07-12 00:39:14.108,0,train,0.0,0
normal,N0309,10436,33,50,2022-07-12 00:39:14.208,0,train,0.0,0
normal,N0309,10437,34,50,2022-07-12 00:39:14.308,0,train,0.0,0
normal,N0309,10438,35,50,2022-07-12 00:39:14.408,0,train,0.0,0
normal,N0309,10439,36,50,2022-07-12 00:39:14.508,0,train,0.0,0
normal,N0309,10440,37,50,2022-07-12 00:39:14.608,0,train,0.0,0
normal,N0309,10441,38,50,2022-07-12 00:39:14.708,0,train,0.0,0
normal,N0309,10442,39,50,2022-07-12 00:39:14.808,0,train,0.009535362595338064,0
normal,N0309,10443,40,50,2022-07-12 00:39:14.908,0,train,0.0033333333333333335,0
normal,N0309,10444,41,50,2022-07-12 00:39:15.008,0,train,0.0,0
normal,N0309,10445,42,50,2022-07-12 00:39:15.108,0,train,0.0,0
normal,N0309,10446,43,50,2022-07-12 00:39:15.208,0,train,0.0,0
normal,N0309,10447,44,50,2022-07-12 00:39:15.308,0,train,0.0,0
normal,N0309,10448,45,50,2022-07-12 00:39:15.408,0,train,0.0032692856216776866,0
normal,N0309,10449,46,50,2022-07-12 00:39:15.508,0,train,0.0033333333333333335,0
normal,N0309,10450,47,50,2022-07-12 00:39:15.608,0,train,0.0033333333333333335,0
normal,N0309,10451,48,50,2022-07-12 00:39:15.708,0,train,0.00329053583855254,0
normal,N0309,10452,49,50,2022-07-12 00:39:15.808,0,train,0.00329053583855254,0
normal,N0310,10462,9,50,2022-07-12 00:39:18.587,0,train,0.003013231308783675,0
normal,N0310,10463,10,50,2022-07-12 00:39:18.687,0,train,0.00664663213243061,0
normal,N0310,10464,11,50,2022-07-12 00:39:18.787,0,train,0.0,0
normal,N0310,10465,12,50,2022-07-12 00:39:18.887,0,train,0.0,0
normal,N0310,10466,13,50,2022-07-12 00:39:18.987,0,train,0.0,0
normal,N0310,10467,14,50,2022-07-12 00:39:19.087,0,train,0.0033333333333333335,0
normal,N0310,10468,15,50,2022-07-12 00:39:19.187,0,train,0.018731096269283914,0
normal,N0310,10469,16,50,2022-07-12 00:39:19.287,0,train,0.006389324805411812,0
normal,N0310,10470,17,50,2022-07-12 00:39:19.387,0,train,0.006389324805411812,0
normal,N0310,10471,18,50,2022-07-12 00:39:19.487,0,train,0.02444050619566652,0
normal,N0310,10472,19,50,2022-07-12 00:39:19.587,0,train,0.012226194704721667,0
normal,N0310,10473,20,50,2022-07-12 00:39:19.687,0,train,0.02153144963206134,0
normal,N0310,10474,21,50,2022-07-12 00:39:19.787,0,train,0.012206155430166428,0
normal,N0310,10475,22,50,2022-07-12 00:39:19.887,0,train,0.015476830626017245,0
normal,N0310,10476,23,50,2022-07-12 00:39:19.987,0,train,0.005943614155339363,0
normal,N0310,10477,24,50,2022-07-12 00:39:20.087,0,train,0.0,0
normal,N0310,10478,25,50,2022-07-12 00:39:20.187,0,train,0.0,0
normal,N0310,10479,26,50,2022-07-12 00:39:20.287,0,train,0.0,0
normal,N0310,10480,27,50,2022-07-12 00:39:20.387,0,train,0.0,0
normal,N0310,10481,28,50,2022-07-12 00:39:20.487,0,train,0.0,0
normal,N0310,10482,29,50,2022-07-12 00:39:20.587,0,train,0.0,0
normal,N0310,10483,30,50,2022-07-12 00:39:20.687,0,train,0.003094041636755205,0
normal,N0310,10484,31,50,2022-07-12 00:39:20.787,0,train,0.005906634626102345,0
normal,N0310,10485,32,50,2022-07-12 00:39:20.887,0,train,0.0028125929893471403,0
normal,N0310,10486,33,50,2022-07-12 00:39:20.987,0,train,0.0,0
normal,N0310,10487,34,50,2022-07-12 00:39:21.087,0,train,0.05688921526942533,0
normal,N0310,10488,35,50,2022-07-12 00:39:21.187,0,train,0.05556910101129806,0
normal,N0310,10489,36,50,2022-07-12 00:39:21.287,0,train,0.0,0
normal,N0310,10490,37,50,2022-07-12 00:39:21.387,0,train,0.0032,0
normal,N0310,10491,38,50,2022-07-12 00:39:21.487,0,train,0.0,0
normal,N0310,10492,39,50,2022-07-12 00:39:21.587,0,train,0.0,0
normal,N0310,10493,40,50,2022-07-12 00:39:21.687,0,train,0.01,0
normal,N0310,10494,41,50,2022-07-12 00:39:21.787,0,train,0.0031023069864988856,0
normal,N0310,10495,42,50,2022-07-12 00:39:21.887,0,train,0.014787101432101327,0
normal,N0310,10496,43,50,2022-07-12 00:39:21.987,0,train,0.008861346279990892,0
normal,N0310,10497,44,50,2022-07-12 00:39:22.087,0,train,0.008861346279990892,0
normal,N0310,10498,45,50,2022-07-12 00:39:22.187,0,train,0.05968227836586732,0
normal,N0310,10499,46,50,2022-07-12 00:39:22.287,0,train,0.015533194010229368,0
normal,N0310,10500,47,50,2022-07-12 00:39:22.387,0,train,0.034647355545988516,0
normal,N0310,10501,48,50,2022-07-12 00:39:22.487,0,train,0.03169032283603162,0
normal,N0310,10502,49,50,2022-07-12 00:39:22.587,0,train,0.018861093460466424,0
normal,N0311,10512,9,38,2022-07-12 00:39:26.431,0,train,0.0,0
normal,N0311,10513,10,38,2022-07-12 00:39:26.531,0,train,0.0,0
normal,N0311,10514,11,38,2022-07-12 00:39:26.631,0,train,0.0,0
normal,N0311,10515,12,38,2022-07-12 00:39:26.731,0,train,0.0,0
normal,N0311,10516,13,38,2022-07-12 00:39:26.831,0,train,0.0,0
normal,N0311,10517,14,38,2022-07-12 00:39:26.931,0,train,0.0,0
normal,N0311,10518,15,38,2022-07-12 00:39:27.031,0,train,0.0,0
normal,N0311,10519,16,38,2022-07-12 00:39:27.131,0,train,0.0,0
normal,N0311,10520,17,38,2022-07-12 00:39:27.231,0,train,0.0,0
normal,N0311,10521,18,38,2022-07-12 00:39:27.331,0,train,0.0,0
normal,N0311,10522,19,38,2022-07-12 00:39:27.431,0,train,0.0,0
normal,N0311,10523,20,38,2022-07-12 00:39:27.531,0,train,0.012521540391951915,0
normal,N0311,10524,21,38,2022-07-12 00:39:27.631,0,train,0.0033333333333333335,0
normal,N0311,10525,22,38,2022-07-12 00:39:27.731,0,train,0.0,0
normal,N0311,10526,23,38,2022-07-12 00:39:27.831,0,train,0.0,0
normal,N0311,10527,24,38,2022-07-12 00:39:27.931,0,train,0.0,0
normal,N0311,10528,25,38,2022-07-12 00:39:28.031,0,train,0.0,0
normal,N0311,10529,26,38,2022-07-12 00:39:28.131,0,train,0.0,0
normal,N0311,10530,27,38,2022-07-12 00:39:28.231,0,train,0.0,0
normal,N0311,10531,28,38,2022-07-12 00:39:28.331,0,train,0.00315738417795618,0
normal,N0311,10532,29,38,2022-07-12 00:39:28.431,0,train,0.0,0
normal,N0311,10533,30,38,2022-07-12 00:39:28.531,0,train,0.0,0
normal,N0311,10534,31,38,2022-07-12 00:39:28.631,0,train,0.0,0
normal,N0311,10535,32,38,2022-07-12 00:39:28.731,0,train,0.0,0
normal,N0311,10536,33,38,2022-07-12 00:39:28.831,0,train,0.0,0
normal,N0311,10537,34,38,2022-07-12 00:39:28.931,0,train,0.0,0
normal,N0311,10538,35,38,2022-07-12 00:39:29.031,0,train,0.0,0
normal,N0311,10539,36,38,2022-07-12 00:39:29.131,0,train,0.0,0
normal,N0311,10540,37,38,2022-07-12 00:39:29.231,0,train,0.0,0
normal,N0313,10574,9,17,2022-07-12 00:39:42.184,0,train,0.009217460765099555,0
normal,N0313,10575,10,17,2022-07-12 00:39:42.284,0,train,0.0,0
normal,N0313,10576,11,17,2022-07-12 00:39:42.384,0,train,0.0,0
normal,N0313,10577,12,17,2022-07-12 00:39:42.484,0,train,0.003094041636755205,0
normal,N0313,10578,13,17,2022-07-12 00:39:42.584,0,train,0.006053633805392223,0
normal,N0313,10579,14,17,2022-07-12 00:39:42.684,0,train,0.00328915997314877,0
normal,N0313,10580,15,17,2022-07-12 00:39:42.784,0,train,0.0,0
normal,N0313,10581,16,17,2022-07-12 00:39:42.884,0,train,0.0,0
normal,N0315,10592,9,50,2022-07-12 00:39:52.084,0,train,0.0033333333333333335,0
normal,N0315,10593,10,50,2022-07-12 00:39:52.184,0,train,0.0322772373028008,0
normal,N0315,10594,11,50,2022-07-12 00:39:52.284,0,train,0.009666989368554382,0
normal,N0315,10595,12,50,2022-07-12 00:39:52.384,0,train,0.0,0
normal,N0315,10596,13,50,2022-07-12 00:39:52.484,0,train,0.0032550393187047153,0
normal,N0315,10597,14,50,2022-07-12 00:39:52.584,0,train,0.0032180425531914887,0
normal,N0315,10598,15,50,2022-07-12 00:39:52.684,0,train,0.0,0
normal,N0315,10599,16,50,2022-07-12 00:39:52.784,0,train,0.0,0
normal,N0315,10600,17,50,2022-07-12 00:39:52.884,0,train,0.0,0
normal,N0315,10601,18,50,2022-07-12 00:39:52.984,0,train,0.05361701626792778,0
normal,N0315,10602,19,50,2022-07-12 00:39:53.084,0,train,0.03142693690152371,0
normal,N0315,10603,20,50,2022-07-12 00:39:53.184,0,train,0.012245578382436664,0
normal,N0315,10604,21,50,2022-07-12 00:39:53.284,0,train,0.0,0
normal,N0315,10605,22,50,2022-07-12 00:39:53.384,0,train,0.00294135946492456,0
normal,N0315,10606,23,50,2022-07-12 00:39:53.484,0,train,0.0,0
normal,N0315,10607,24,50,2022-07-12 00:39:53.584,0,train,0.006295183338649528,0
normal,N0315,10608,25,50,2022-07-12 00:39:53.684,0,train,0.0,0
normal,N0315,10609,26,50,2022-07-12 00:39:53.784,0,train,0.0,0
normal,N0315,10610,27,50,2022-07-12 00:39:53.884,0,train,0.060193494469163465,0
normal,N0315,10611,28,50,2022-07-12 00:39:53.984,0,train,0.003001485414493853,0
normal,N0315,10612,29,50,2022-07-12 00:39:54.084,0,train,0.018559976049069143,0
normal,N0315,10613,30,50,2022-07-12 00:39:54.184,0,train,0.0,0
normal,N0315,10614,31,50,2022-07-12 00:39:54.284,0,train,0.0,0
normal,N0315,10615,32,50,2022-07-12 00:39:54.384,0,train,0.0,0
normal,N0315,10616,33,50,2022-07-12 00:39:54.484,0,train,0.0,0
normal,N0315,10617,34,50,2022-07-12 00:39:54.584,0,train,0.0,0
normal,N0315,10618,35,50,2022-07-12 00:39:54.684,0,train,0.011951284649351161,0
normal,N0315,10619,36,50,2022-07-12 00:39:54.784,0,train,0.0,0
normal,N0315,10620,37,50,2022-07-12 00:39:54.884,0,train,0.0,0
normal,N0315,10621,38,50,2022-07-12 00:39:54.984,0,train,0.0,0
normal,N0315,10622,39,50,2022-07-12 00:39:55.084,0,train,0.0,0
normal,N0315,10623,40,50,2022-07-12 00:39:55.184,0,train,0.0,0
normal,N0315,10624,41,50,2022-07-12 00:39:55.284,0,train,0.0,0
normal,N0315,10625,42,50,2022-07-12 00:39:55.384,0,train,0.0,0
normal,N0315,10626,43,50,2022-07-12 00:39:55.484,0,train,0.006488805243279133,0
normal,N0315,10627,44,50,2022-07-12 00:39:55.584,0,train,0.002934326967862133,0
normal,N0315,10628,45,50,2022-07-12 00:39:55.684,0,train,0.0,0
normal,N0315,10629,46,50,2022-07-12 00:39:55.784,0,train,0.0,0
normal,N0315,10630,47,50,2022-07-12 00:39:55.884,0,train,0.0,0
normal,N0315,10631,48,50,2022-07-12 00:39:55.984,0,train,0.0,0
normal,N0315,10632,49,50,2022-07-12 00:39:56.084,0,train,0.0,0
normal,N0316,10642,9,50,2022-07-12 00:39:58.739,0,train,0.0,0
normal,N0316,10643,10,50,2022-07-12 00:39:58.839,0,train,0.0,0
normal,N0316,10644,11,50,2022-07-12 00:39:58.939,0,train,0.0,0
normal,N0316,10645,12,50,2022-07-12 00:39:59.039,0,train,0.0,0
normal,N0316,10646,13,50,2022-07-12 00:39:59.139,0,train,0.0,0
normal,N0316,10647,14,50,2022-07-12 00:39:59.239,0,train,0.0,0
normal,N0316,10648,15,50,2022-07-12 00:39:59.339,0,train,0.0,0
normal,N0316,10649,16,50,2022-07-12 00:39:59.439,0,train,0.0,0
normal,N0316,10650,17,50,2022-07-12 00:39:59.539,0,train,0.0,0
normal,N0316,10651,18,50,2022-07-12 00:39:59.639,0,train,0.006184248813089725,0
normal,N0316,10652,19,50,2022-07-12 00:39:59.739,0,train,0.009027606860640313,0
normal,N0316,10653,20,50,2022-07-12 00:39:59.839,0,train,0.0,0
normal,N0316,10654,21,50,2022-07-12 00:39:59.939,0,train,0.0,0
normal,N0316,10655,22,50,2022-07-12 00:40:00.039,0,train,0.0,0
normal,N0316,10656,23,50,2022-07-12 00:40:00.139,0,train,0.0,0
normal,N0316,10657,24,50,2022-07-12 00:40:00.239,0,train,0.0,0
normal,N0316,10658,25,50,2022-07-12 00:40:00.339,0,train,0.0,0
normal,N0316,10659,26,50,2022-07-12 00:40:00.439,0,train,0.0,0
normal,N0316,10660,27,50,2022-07-12 00:40:00.539,0,train,0.0,0
normal,N0316,10661,28,50,2022-07-12 00:40:00.639,0,train,0.0,0
normal,N0316,10662,29,50,2022-07-12 00:40:00.739,0,train,0.0,0
normal,N0316,10663,30,50,2022-07-12 00:40:00.839,0,train,0.0,0
normal,N0316,10664,31,50,2022-07-12 00:40:00.939,0,train,0.0,0
normal,N0316,10665,32,50,2022-07-12 00:40:01.039,0,train,0.0,0
normal,N0316,10666,33,50,2022-07-12 00:40:01.139,0,train,0.006395918929650969,0
normal,N0316,10667,34,50,2022-07-12 00:40:01.239,0,train,0.002681992337164751,0
normal,N0316,10668,35,50,2022-07-12 00:40:01.339,0,train,0.0030958222920142633,0
normal,N0316,10669,36,50,2022-07-12 00:40:01.439,0,train,0.0,0
normal,N0316,10670,37,50,2022-07-12 00:40:01.539,0,train,0.0,0
normal,N0316,10671,38,50,2022-07-12 00:40:01.639,0,train,0.0,0
normal,N0316,10672,39,50,2022-07-12 00:40:01.739,0,train,0.0,0
normal,N0316,10673,40,50,2022-07-12 00:40:01.839,0,train,0.0030407161420733467,0
normal,N0316,10674,41,50,2022-07-12 00:40:01.939,0,train,0.0,0
normal,N0316,10675,42,50,2022-07-12 00:40:02.039,0,train,0.0,0
normal,N0316,10676,43,50,2022-07-12 00:40:02.139,0,train,0.0,0
normal,N0316,10677,44,50,2022-07-12 00:40:02.239,0,train,0.0,0
normal,N0316,10678,45,50,2022-07-12 00:40:02.339,0,train,0.0,0
normal,N0316,10679,46,50,2022-07-12 00:40:02.439,0,train,0.0025710562749409554,0
normal,N0316,10680,47,50,2022-07-12 00:40:02.539,0,train,0.0,0
normal,N0316,10681,48,50,2022-07-12 00:40:02.639,0,train,0.0032557101150609644,0
normal,N0316,10682,49,50,2022-07-12 00:40:02.739,0,train,0.0032557101150609644,0
normal,N0318,10734,9,31,2022-07-12 00:40:14.100,0,train,0.006287200353615693,0
normal,N0318,10735,10,31,2022-07-12 00:40:14.200,0,train,0.0,0
normal,N0318,10736,11,31,2022-07-12 00:40:14.300,0,train,0.0,0
normal,N0318,10737,12,31,2022-07-12 00:40:14.400,0,train,0.0,0
normal,N0318,10738,13,31,2022-07-12 00:40:14.500,0,train,0.0,0
normal,N0318,10739,14,31,2022-07-12 00:40:14.600,0,train,0.0,0
normal,N0318,10740,15,31,2022-07-12 00:40:14.700,0,train,0.0,0
normal,N0318,10741,16,31,2022-07-12 00:40:14.800,0,train,0.0,0
normal,N0318,10742,17,31,2022-07-12 00:40:14.900,0,train,0.0,0
normal,N0318,10743,18,31,2022-07-12 00:40:15.000,0,train,0.0,0
normal,N0318,10744,19,31,2022-07-12 00:40:15.100,0,train,0.009309912433492077,0
normal,N0318,10745,20,31,2022-07-12 00:40:15.200,0,train,0.012582721609139189,0
normal,N0318,10746,21,31,2022-07-12 00:40:15.300,0,train,0.0,0
normal,N0318,10747,22,31,2022-07-12 00:40:15.400,0,train,0.0,0
normal,N0318,10748,23,31,2022-07-12 00:40:15.500,0,train,0.0,0
normal,N0318,10749,24,31,2022-07-12 00:40:15.600,0,train,0.0,0
normal,N0318,10750,25,31,2022-07-12 00:40:15.700,0,train,0.0,0
normal,N0318,10751,26,31,2022-07-12 00:40:15.800,0,train,0.0,0
normal,N0318,10752,27,31,2022-07-12 00:40:15.900,0,train,0.0,0
normal,N0318,10753,28,31,2022-07-12 00:40:16.000,0,train,0.0,0
normal,N0318,10754,29,31,2022-07-12 00:40:16.100,0,train,0.0,0
normal,N0318,10755,30,31,2022-07-12 00:40:16.200,0,train,0.0,0
normal,N0319,10765,9,16,2022-07-12 00:40:22.100,0,train,0.0,0
normal,N0319,10766,10,16,2022-07-12 00:40:22.200,0,train,0.0,0
normal,N0319,10767,11,16,2022-07-12 00:40:22.300,0,train,0.0,0
normal,N0319,10768,12,16,2022-07-12 00:40:22.400,0,train,0.0,0
normal,N0319,10769,13,16,2022-07-12 00:40:22.500,0,train,0.0063507006155846734,0
normal,N0319,10770,14,16,2022-07-12 00:40:22.600,0,train,0.009652252590964859,0
normal,N0319,10771,15,16,2022-07-12 00:40:22.700,0,train,0.02507312450410959,0
normal,N0323,10837,9,50,2022-07-12 00:40:46.765,0,train,0.0,0
normal,N0323,10838,10,50,2022-07-12 00:40:46.865,0,train,0.006377481688094004,0
normal,N0323,10839,11,50,2022-07-12 00:40:46.965,0,train,0.0,0
normal,N0323,10840,12,50,2022-07-12 00:40:47.065,0,train,0.0,0
normal,N0323,10841,13,50,2022-07-12 00:40:47.165,0,train,0.0,0
normal,N0323,10842,14,50,2022-07-12 00:40:47.265,0,train,0.0,0
normal,N0323,10843,15,50,2022-07-12 00:40:47.365,0,train,0.0,0
normal,N0323,10844,16,50,2022-07-12 00:40:47.465,0,train,0.0,0
normal,N0323,10845,17,50,2022-07-12 00:40:47.565,0,train,0.0,0
normal,N0323,10846,18,50,2022-07-12 00:40:47.665,0,train,0.0,0
normal,N0323,10847,19,50,2022-07-12 00:40:47.765,0,train,0.0,0
normal,N0323,10848,20,50,2022-07-12 00:40:47.865,0,train,0.0,0
normal,N0323,10849,21,50,2022-07-12 00:40:47.965,0,train,0.0,0
normal,N0323,10850,22,50,2022-07-12 00:40:48.065,0,train,0.0,0
normal,N0323,10851,23,50,2022-07-12 00:40:48.165,0,train,0.00890381502439777,0
normal,N0323,10852,24,50,2022-07-12 00:40:48.265,0,train,0.0,0
normal,N0323,10853,25,50,2022-07-12 00:40:48.365,0,train,0.0,0
normal,N0323,10854,26,50,2022-07-12 00:40:48.465,0,train,0.0,0
normal,N0323,10855,27,50,2022-07-12 00:40:48.565,0,train,0.0,0
normal,N0323,10856,28,50,2022-07-12 00:40:48.665,0,train,0.0,0
normal,N0323,10857,29,50,2022-07-12 00:40:48.765,0,train,0.0,0
normal,N0323,10858,30,50,2022-07-12 00:40:48.865,0,train,0.0,0
normal,N0323,10859,31,50,2022-07-12 00:40:48.965,0,train,0.0,0
normal,N0323,10860,32,50,2022-07-12 00:40:49.065,0,train,0.0,0
normal,N0323,10861,33,50,2022-07-12 00:40:49.165,0,train,0.007939897811173886,0
normal,N0323,10862,34,50,2022-07-12 00:40:49.265,0,train,0.008572710727645608,0
normal,N0323,10863,35,50,2022-07-12 00:40:49.365,0,train,0.006388089135823026,0
normal,N0323,10864,36,50,2022-07-12 00:40:49.465,0,train,0.012798467783067606,0
normal,N0323,10865,37,50,2022-07-12 00:40:49.565,0,train,0.0,0
normal,N0323,10866,38,50,2022-07-12 00:40:49.665,0,train,0.0,0
normal,N0323,10867,39,50,2022-07-12 00:40:49.765,0,train,0.0,0
normal,N0323,10868,40,50,2022-07-12 00:40:49.865,0,train,0.0,0
normal,N0323,10869,41,50,2022-07-12 00:40:49.965,0,train,0.0,0
normal,N0323,10870,42,50,2022-07-12 00:40:50.065,0,train,0.005385184592397426,0
normal,N0323,10871,43,50,2022-07-12 00:40:50.165,0,train,0.04656446297675269,0
normal,N0323,10872,44,50,2022-07-12 00:40:50.265,0,train,0.026921317328646104,0
normal,N0323,10873,45,50,2022-07-12 00:40:50.365,0,train,0.05322045672990381,0
normal,N0323,10874,46,50,2022-07-12 00:40:50.465,0,train,0.027206400138496,0
normal,N0323,10875,47,50,2022-07-12 00:40:50.565,0,train,0.0,0
normal,N0323,10876,48,50,2022-07-12 00:40:50.665,0,train,0.0,0
normal,N0323,10877,49,50,2022-07-12 00:40:50.765,0,train,0.0,0
normal,N0324,10887,9,44,2022-07-12 00:40:54.076,0,train,0.0,0
normal,N0324,10888,10,44,2022-07-12 00:40:54.176,0,train,0.0,0
normal,N0324,10889,11,44,2022-07-12 00:40:54.276,0,train,0.003215182997215998,0
normal,N0324,10890,12,44,2022-07-12 00:40:54.376,0,train,0.0,0
normal,N0324,10891,13,44,2022-07-12 00:40:54.476,0,train,0.0,0
normal,N0324,10892,14,44,2022-07-12 00:40:54.576,0,train,0.0,0
normal,N0324,10893,15,44,2022-07-12 00:40:54.676,0,train,0.0,0
normal,N0324,10894,16,44,2022-07-12 00:40:54.776,0,train,0.0,0
normal,N0324,10895,17,44,2022-07-12 00:40:54.876,0,train,0.0,0
normal,N0324,10896,18,44,2022-07-12 00:40:54.976,0,train,0.0,0
normal,N0324,10897,19,44,2022-07-12 00:40:55.076,0,train,0.0,0
normal,N0324,10898,20,44,2022-07-12 00:40:55.176,0,train,0.0,0
normal,N0324,10899,21,44,2022-07-12 00:40:55.276,0,train,0.0,0
normal,N0324,10900,22,44,2022-07-12 00:40:55.376,0,train,0.0,0
normal,N0324,10901,23,44,2022-07-12 00:40:55.476,0,train,0.0,0
normal,N0324,10902,24,44,2022-07-12 00:40:55.576,0,train,0.0,0
normal,N0324,10903,25,44,2022-07-12 00:40:55.676,0,train,0.0,0
normal,N0324,10904,26,44,2022-07-12 00:40:55.776,0,train,0.0,0
normal,N0324,10905,27,44,2022-07-12 00:40:55.876,0,train,0.006623106050573713,0
normal,N0324,10906,28,44,2022-07-12 00:40:55.976,0,train,0.0,0
normal,N0324,10907,29,44,2022-07-12 00:40:56.076,0,train,0.0,0
normal,N0324,10908,30,44,2022-07-12 00:40:56.176,0,train,0.0,0
normal,N0324,10909,31,44,2022-07-12 00:40:56.276,0,train,0.002856453849400133,0
normal,N0324,10910,32,44,2022-07-12 00:40:56.376,0,train,0.0,0
normal,N0324,10911,33,44,2022-07-12 00:40:56.476,0,train,0.002856453849400133,0
normal,N0324,10912,34,44,2022-07-12 00:40:56.576,0,train,0.0,0
normal,N0324,10913,35,44,2022-07-12 00:40:56.676,0,train,0.0,0
normal,N0324,10914,36,44,2022-07-12 00:40:56.776,0,train,0.0,0
normal,N0324,10915,37,44,2022-07-12 00:40:56.876,0,train,0.0,0
normal,N0324,10916,38,44,2022-07-12 00:40:56.976,0,train,0.0,0
normal,N0324,10917,39,44,2022-07-12 00:40:57.076,0,train,0.0,0
normal,N0324,10918,40,44,2022-07-12 00:40:57.176,0,train,0.006097022804254801,0
normal,N0324,10919,41,44,2022-07-12 00:40:57.276,0,train,0.0,0
normal,N0324,10920,42,44,2022-07-12 00:40:57.376,0,train,0.006097022804254801,0
normal,N0324,10921,43,44,2022-07-12 00:40:57.476,0,train,0.006470615903211477,0
normal,N0325,10931,9,30,2022-07-12 00:41:02.066,0,train,0.0,0
normal,N0325,10932,10,30,2022-07-12 00:41:02.166,0,train,0.0030395741132704765,0
normal,N0325,10933,11,30,2022-07-12 00:41:02.266,0,train,0.0,0
normal,N0325,10934,12,30,2022-07-12 00:41:02.366,0,train,0.0,0
normal,N0325,10935,13,30,2022-07-12 00:41:02.466,0,train,0.0,0
normal,N0325,10936,14,30,2022-07-12 00:41:02.566,0,train,0.0,0
normal,N0325,10937,15,30,2022-07-12 00:41:02.666,0,train,0.0,0
normal,N0325,10938,16,30,2022-07-12 00:41:02.766,0,train,0.0,0
normal,N0325,10939,17,30,2022-07-12 00:41:02.866,0,train,0.0,0
normal,N0325,10940,18,30,2022-07-12 00:41:02.966,0,train,0.0,0
normal,N0325,10941,19,30,2022-07-12 00:41:03.066,0,train,0.00330142674023296,0
normal,N0325,10942,20,30,2022-07-12 00:41:03.166,0,train,0.0,0
normal,N0325,10943,21,30,2022-07-12 00:41:03.266,0,train,0.0,0
normal,N0325,10944,22,30,2022-07-12 00:41:03.366,0,train,0.0,0
normal,N0325,10945,23,30,2022-07-12 00:41:03.466,0,train,0.0032919621749408984,0
normal,N0325,10946,24,30,2022-07-12 00:41:03.566,0,train,0.012422148296143848,0
normal,N0325,10947,25,30,2022-07-12 00:41:03.666,0,train,0.0,0
normal,N0325,10948,26,30,2022-07-12 00:41:03.766,0,train,0.0,0
normal,N0325,10949,27,30,2022-07-12 00:41:03.866,0,train,0.0,0
normal,N0325,10950,28,30,2022-07-12 00:41:03.966,0,train,0.0,0
normal,N0325,10951,29,30,2022-07-12 00:41:04.066,0,train,0.0,0
normal,N0326,10961,9,19,2022-07-12 00:41:10.081,0,train,0.0,0
normal,N0326,10962,10,19,2022-07-12 00:41:10.181,0,train,0.0,0
normal,N0326,10963,11,19,2022-07-12 00:41:10.281,0,train,0.0,0
normal,N0326,10964,12,19,2022-07-12 00:41:10.381,0,train,0.00310887970072849,0
normal,N0326,10965,13,19,2022-07-12 00:41:10.481,0,train,0.0030108657553452505,0
normal,N0326,10966,14,19,2022-07-12 00:41:10.581,0,train,0.0,0
normal,N0326,10967,15,19,2022-07-12 00:41:10.681,0,train,0.0,0
normal,N0326,10968,16,19,2022-07-12 00:41:10.781,0,train,0.0,0
normal,N0326,10969,17,19,2022-07-12 00:41:10.881,0,train,0.0,0
normal,N0326,10970,18,19,2022-07-12 00:41:10.981,0,train,0.05934186362597494,0
normal,N0328,10983,9,50,2022-07-12 00:41:20.099,0,train,0.035424826452136064,0
normal,N0328,10984,10,50,2022-07-12 00:41:20.199,0,train,0.035424826452136064,0
normal,N0328,10985,11,50,2022-07-12 00:41:20.299,0,train,0.04156066707730468,0
normal,N0328,10986,12,50,2022-07-12 00:41:20.399,0,train,0.0,0
normal,N0328,10987,13,50,2022-07-12 00:41:20.499,0,train,0.0,0
normal,N0328,10988,14,50,2022-07-12 00:41:20.599,0,train,0.0,0
normal,N0328,10989,15,50,2022-07-12 00:41:20.699,0,train,0.0,0
normal,N0328,10990,16,50,2022-07-12 00:41:20.799,0,train,0.0,0
normal,N0328,10991,17,50,2022-07-12 00:41:20.899,0,train,0.0,0
normal,N0328,10992,18,50,2022-07-12 00:41:20.999,0,train,0.0,0
normal,N0328,10993,19,50,2022-07-12 00:41:21.099,0,train,0.0,0
normal,N0328,10994,20,50,2022-07-12 00:41:21.199,0,train,0.0,0
normal,N0328,10995,21,50,2022-07-12 00:41:21.299,0,train,0.0,0
normal,N0328,10996,22,50,2022-07-12 00:41:21.399,0,train,0.0,0
normal,N0328,10997,23,50,2022-07-12 00:41:21.499,0,train,0.0,0
normal,N0328,10998,24,50,2022-07-12 00:41:21.599,0,train,0.0,0
normal,N0328,10999,25,50,2022-07-12 00:41:21.699,0,train,0.0,0
normal,N0328,11000,26,50,2022-07-12 00:41:21.799,0,train,0.0,0
normal,N0328,11001,27,50,2022-07-12 00:41:21.899,0,train,0.0,0
normal,N0328,11002,28,50,2022-07-12 00:41:21.999,0,train,0.0,0
normal,N0328,11003,29,50,2022-07-12 00:41:22.099,0,train,0.0,0
normal,N0328,11004,30,50,2022-07-12 00:41:22.199,0,train,0.0,0
normal,N0328,11005,31,50,2022-07-12 00:41:22.299,0,train,0.009170569985914324,0
normal,N0328,11006,32,50,2022-07-12 00:41:22.399,0,train,0.0,0
normal,N0328,11007,33,50,2022-07-12 00:41:22.499,0,train,0.0057774839261341155,0
normal,N0328,11008,34,50,2022-07-12 00:41:22.599,0,train,0.0,0
normal,N0328,11009,35,50,2022-07-12 00:41:22.699,0,train,0.0,0
normal,N0328,11010,36,50,2022-07-12 00:41:22.799,0,train,0.0,0
normal,N0328,11011,37,50,2022-07-12 00:41:22.899,0,train,0.032483795805425396,0
normal,N0328,11012,38,50,2022-07-12 00:41:22.999,0,train,0.0,0
normal,N0328,11013,39,50,2022-07-12 00:41:23.099,0,train,0.0,0
normal,N0328,11014,40,50,2022-07-12 00:41:23.199,0,train,0.0,0
normal,N0328,11015,41,50,2022-07-12 00:41:23.299,0,train,0.0,0
normal,N0328,11016,42,50,2022-07-12 00:41:23.399,0,train,0.0,0
normal,N0328,11017,43,50,2022-07-12 00:41:23.499,0,train,0.0,0
normal,N0328,11018,44,50,2022-07-12 00:41:23.599,0,train,0.0,0
normal,N0328,11019,45,50,2022-07-12 00:41:23.699,0,train,0.0,0
normal,N0328,11020,46,50,2022-07-12 00:41:23.799,0,train,0.009759891389016232,0
normal,N0328,11021,47,50,2022-07-12 00:41:23.899,0,train,0.01310837720141559,0
normal,N0328,11022,48,50,2022-07-12 00:41:23.999,0,train,0.021960817607704613,0
normal,N0328,11023,49,50,2022-07-12 00:41:24.099,0,train,0.0,0
normal,N0329,11033,9,50,2022-07-12 00:41:26.765,0,train,0.0,0
normal,N0329,11034,10,50,2022-07-12 00:41:26.865,0,train,0.0,0
normal,N0329,11035,11,50,2022-07-12 00:41:26.965,0,train,0.0,0
normal,N0329,11036,12,50,2022-07-12 00:41:27.065,0,train,0.0,0
normal,N0329,11037,13,50,2022-07-12 00:41:27.165,0,train,0.0,0
normal,N0329,11038,14,50,2022-07-12 00:41:27.265,0,train,0.0,0
normal,N0329,11039,15,50,2022-07-12 00:41:27.365,0,train,0.0,0
normal,N0329,11040,16,50,2022-07-12 00:41:27.465,0,train,0.0,0
normal,N0329,11041,17,50,2022-07-12 00:41:27.565,0,train,0.0,0
normal,N0329,11042,18,50,2022-07-12 00:41:27.665,0,train,0.0,0
normal,N0329,11043,19,50,2022-07-12 00:41:27.765,0,train,0.009602398036840307,0
normal,N0329,11044,20,50,2022-07-12 00:41:27.865,0,train,0.0,0
normal,N0329,11045,21,50,2022-07-12 00:41:27.965,0,train,0.0,0
normal,N0329,11046,22,50,2022-07-12 00:41:28.065,0,train,0.0,0
normal,N0329,11047,23,50,2022-07-12 00:41:28.165,0,train,0.0,0
normal,N0329,11048,24,50,2022-07-12 00:41:28.265,0,train,0.0,0
normal,N0329,11049,25,50,2022-07-12 00:41:28.365,0,train,0.0,0
normal,N0329,11050,26,50,2022-07-12 00:41:28.465,0,train,0.0,0
normal,N0329,11051,27,50,2022-07-12 00:41:28.565,0,train,0.0,0
normal,N0329,11052,28,50,2022-07-12 00:41:28.665,0,train,0.0,0
normal,N0329,11053,29,50,2022-07-12 00:41:28.765,0,train,0.006573523628194876,0
normal,N0329,11054,30,50,2022-07-12 00:41:28.865,0,train,0.0,0
normal,N0329,11055,31,50,2022-07-12 00:41:28.965,0,train,0.0,0
normal,N0329,11056,32,50,2022-07-12 00:41:29.065,0,train,0.0,0
normal,N0329,11057,33,50,2022-07-12 00:41:29.165,0,train,0.0,0
normal,N0329,11058,34,50,2022-07-12 00:41:29.265,0,train,0.0,0
normal,N0329,11059,35,50,2022-07-12 00:41:29.365,0,train,0.0,0
normal,N0329,11060,36,50,2022-07-12 00:41:29.465,0,train,0.0,0
normal,N0329,11061,37,50,2022-07-12 00:41:29.565,0,train,0.0,0
normal,N0329,11062,38,50,2022-07-12 00:41:29.665,0,train,0.0,0
normal,N0329,11063,39,50,2022-07-12 00:41:29.765,0,train,0.0,0
normal,N0329,11064,40,50,2022-07-12 00:41:29.865,0,train,0.0,0
normal,N0329,11065,41,50,2022-07-12 00:41:29.965,0,train,0.0,0
normal,N0329,11066,42,50,2022-07-12 00:41:30.065,0,train,0.0,0
normal,N0329,11067,43,50,2022-07-12 00:41:30.165,0,train,0.0,0
normal,N0329,11068,44,50,2022-07-12 00:41:30.265,0,train,0.006666666666666667,0
normal,N0329,11069,45,50,2022-07-12 00:41:30.365,0,train,0.00994910180937653,0
normal,N0329,11070,46,50,2022-07-12 00:41:30.465,0,train,0.0,0
normal,N0329,11071,47,50,2022-07-12 00:41:30.565,0,train,0.0,0
normal,N0329,11072,48,50,2022-07-12 00:41:30.665,0,train,0.0,0
normal,N0329,11073,49,50,2022-07-12 00:41:30.765,0,train,0.0,0
normal,N0330,11083,9,42,2022-07-12 00:41:34.140,0,train,0.0,0
normal,N0330,11084,10,42,2022-07-12 00:41:34.240,0,train,0.0,0
normal,N0330,11085,11,42,2022-07-12 00:41:34.340,0,train,0.0,0
normal,N0330,11086,12,42,2022-07-12 00:41:34.440,0,train,0.0,0
normal,N0330,11087,13,42,2022-07-12 00:41:34.540,0,train,0.0,0
normal,N0330,11088,14,42,2022-07-12 00:41:34.640,0,train,0.0,0
normal,N0330,11089,15,42,2022-07-12 00:41:34.740,0,train,0.00320968808833257,0
normal,N0330,11090,16,42,2022-07-12 00:41:34.840,0,train,0.0,0
normal,N0330,11091,17,42,2022-07-12 00:41:34.940,0,train,0.002981165298871175,0
normal,N0330,11092,18,42,2022-07-12 00:41:35.040,0,train,0.0,0
normal,N0330,11093,19,42,2022-07-12 00:41:35.140,0,train,0.0,0
normal,N0330,11094,20,42,2022-07-12 00:41:35.240,0,train,0.0,0
normal,N0330,11095,21,42,2022-07-12 00:41:35.340,0,train,0.0,0
normal,N0330,11096,22,42,2022-07-12 00:41:35.440,0,train,0.0,0
normal,N0330,11097,23,42,2022-07-12 00:41:35.540,0,train,0.0,0
normal,N0330,11098,24,42,2022-07-12 00:41:35.640,0,train,0.0,0
normal,N0330,11099,25,42,2022-07-12 00:41:35.740,0,train,0.0,0
normal,N0330,11100,26,42,2022-07-12 00:41:35.840,0,train,0.009352981460864168,0
normal,N0330,11101,27,42,2022-07-12 00:41:35.940,0,train,0.0,0
normal,N0330,11102,28,42,2022-07-12 00:41:36.040,0,train,0.006125898464241405,0
normal,N0330,11103,29,42,2022-07-12 00:41:36.140,0,train,0.002981165298871175,0
normal,N0330,11104,30,42,2022-07-12 00:41:36.240,0,train,0.0,0
normal,N0330,11105,31,42,2022-07-12 00:41:36.340,0,train,0.0,0
normal,N0330,11106,32,42,2022-07-12 00:41:36.440,0,train,0.0,0
normal,N0330,11107,33,42,2022-07-12 00:41:36.540,0,train,0.0,0
normal,N0330,11108,34,42,2022-07-12 00:41:36.640,0,train,0.0,0
normal,N0330,11109,35,42,2022-07-12 00:41:36.740,0,train,0.0,0
normal,N0330,11110,36,42,2022-07-12 00:41:36.840,0,train,0.0,0
normal,N0330,11111,37,42,2022-07-12 00:41:36.940,0,train,0.0,0
normal,N0330,11112,38,42,2022-07-12 00:41:37.040,0,train,0.0,0
normal,N0330,11113,39,42,2022-07-12 00:41:37.140,0,train,0.0,0
normal,N0330,11114,40,42,2022-07-12 00:41:37.240,0,train,0.0,0
normal,N0330,11115,41,42,2022-07-12 00:41:37.340,0,train,0.0,0
normal,N0331,11125,9,30,2022-07-12 00:41:42.192,0,train,0.0030594360367352216,0
normal,N0331,11126,10,30,2022-07-12 00:41:42.292,0,train,0.016413599114785616,0
normal,N0331,11127,11,30,2022-07-12 00:41:42.392,0,train,0.003019187178750439,0
normal,N0331,11128,12,30,2022-07-12 00:41:42.492,0,train,0.0,0
normal,N0331,11129,13,30,2022-07-12 00:41:42.592,0,train,0.0,0
normal,N0331,11130,14,30,2022-07-12 00:41:42.692,0,train,0.0033333333333333335,0
normal,N0331,11131,15,30,2022-07-12 00:41:42.792,0,train,0.031245304192666842,0
normal,N0331,11132,16,30,2022-07-12 00:41:42.892,0,train,0.0,0
normal,N0331,11133,17,30,2022-07-12 00:41:42.992,0,train,0.0,0
normal,N0331,11134,18,30,2022-07-12 00:41:43.092,0,train,0.0,0
normal,N0331,11135,19,30,2022-07-12 00:41:43.192,0,train,0.0,0
normal,N0331,11136,20,30,2022-07-12 00:41:43.292,0,train,0.012551184291488821,0
normal,N0331,11137,21,30,2022-07-12 00:41:43.392,0,train,0.006568082346428346,0
normal,N0331,11138,22,30,2022-07-12 00:41:43.492,0,train,0.02528466691435176,0
normal,N0331,11139,23,30,2022-07-12 00:41:43.592,0,train,0.07467226812614423,0
normal,N0331,11140,24,30,2022-07-12 00:41:43.692,0,train,0.02152654622521536,0
normal,N0331,11141,25,30,2022-07-12 00:41:43.792,0,train,0.0,0
normal,N0331,11142,26,30,2022-07-12 00:41:43.892,0,train,0.003241952660689134,0
normal,N0331,11143,27,30,2022-07-12 00:41:43.992,0,train,0.0,0
normal,N0331,11144,28,30,2022-07-12 00:41:44.092,0,train,0.0,0
normal,N0331,11145,29,30,2022-07-12 00:41:44.192,0,train,0.0,0
normal,N0334,11171,9,50,2022-07-12 00:42:07.034,0,train,0.0,0
normal,N0334,11172,10,50,2022-07-12 00:42:07.134,0,train,0.0,0
normal,N0334,11173,11,50,2022-07-12 00:42:07.234,0,train,0.003127860647370674,0
normal,N0334,11174,12,50,2022-07-12 00:42:07.334,0,train,0.0,0
normal,N0334,11175,13,50,2022-07-12 00:42:07.434,0,train,0.0029980633076165993,0
normal,N0334,11176,14,50,2022-07-12 00:42:07.534,0,train,0.0,0
normal,N0334,11177,15,50,2022-07-12 00:42:07.634,0,train,0.02210786103271272,0
normal,N0334,11178,16,50,2022-07-12 00:42:07.734,0,train,0.0032225438447130938,0
normal,N0334,11179,17,50,2022-07-12 00:42:07.834,0,train,0.0,0
normal,N0334,11180,18,50,2022-07-12 00:42:07.934,0,train,0.0,0
normal,N0334,11181,19,50,2022-07-12 00:42:08.034,0,train,0.06205490209255539,0
normal,N0334,11182,20,50,2022-07-12 00:42:08.134,0,train,0.0,0
normal,N0334,11183,21,50,2022-07-12 00:42:08.234,0,train,0.0,0
normal,N0334,11184,22,50,2022-07-12 00:42:08.334,0,train,0.0032225438447130938,0
normal,N0334,11185,23,50,2022-07-12 00:42:08.434,0,train,0.012825269410871249,0
normal,N0334,11186,24,50,2022-07-12 00:42:08.534,0,train,0.0032857014095444117,0
normal,N0334,11187,25,50,2022-07-12 00:42:08.634,0,train,0.0,0
normal,N0334,11188,26,50,2022-07-12 00:42:08.734,0,train,0.0,0
normal,N0334,11189,27,50,2022-07-12 00:42:08.834,0,train,0.0,0
normal,N0334,11190,28,50,2022-07-12 00:42:08.934,0,train,0.0,0
normal,N0334,11191,29,50,2022-07-12 00:42:09.034,0,train,0.0,0
normal,N0334,11192,30,50,2022-07-12 00:42:09.134,0,train,0.0,0
normal,N0334,11193,31,50,2022-07-12 00:42:09.234,0,train,0.0,0
normal,N0334,11194,32,50,2022-07-12 00:42:09.334,0,train,0.009866123204529727,0
normal,N0334,11195,33,50,2022-07-12 00:42:09.434,0,train,0.0,0
normal,N0334,11196,34,50,2022-07-12 00:42:09.534,0,train,0.0,0
normal,N0334,11197,35,50,2022-07-12 00:42:09.634,0,train,0.0,0
normal,N0334,11198,36,50,2022-07-12 00:42:09.734,0,train,0.003127860647370674,0
normal,N0334,11199,37,50,2022-07-12 00:42:09.834,0,train,0.0029161645190198078,0
normal,N0334,11200,38,50,2022-07-12 00:42:09.934,0,train,0.0,0
normal,N0334,11201,39,50,2022-07-12 00:42:10.034,0,train,0.0,0
normal,N0334,11202,40,50,2022-07-12 00:42:10.134,0,train,0.0032225438447130938,0
normal,N0334,11203,41,50,2022-07-12 00:42:10.234,0,train,0.0,0
normal,N0334,11204,42,50,2022-07-12 00:42:10.334,0,train,0.0,0
normal,N0334,11205,43,50,2022-07-12 00:42:10.434,0,train,0.009217844865439874,0
normal,N0334,11206,44,50,2022-07-12 00:42:10.534,0,train,0.00924495629530127,0
normal,N0334,11207,45,50,2022-07-12 00:42:10.634,0,train,0.006346235928924804,0
normal,N0334,11208,46,50,2022-07-12 00:42:10.734,0,train,0.0,0
normal,N0334,11209,47,50,2022-07-12 00:42:10.834,0,train,0.0,0
normal,N0334,11210,48,50,2022-07-12 00:42:10.934,0,train,0.0,0
normal,N0334,11211,49,50,2022-07-12 00:42:11.034,0,train,0.0,0
normal,N0335,11221,9,45,2022-07-12 00:42:14.214,0,train,0.0,0
normal,N0335,11222,10,45,2022-07-12 00:42:14.314,0,train,0.012295635069370281,0
normal,N0335,11223,11,45,2022-07-12 00:42:14.414,0,train,0.008717022706843058,0
normal,N0335,11224,12,45,2022-07-12 00:42:14.514,0,train,0.0,0
normal,N0335,11225,13,45,2022-07-12 00:42:14.614,0,train,0.0,0
normal,N0335,11226,14,45,2022-07-12 00:42:14.714,0,train,0.0,0
normal,N0335,11227,15,45,2022-07-12 00:42:14.814,0,train,0.025905600101017986,0
normal,N0335,11228,16,45,2022-07-12 00:42:14.914,0,train,0.0,0
normal,N0335,11229,17,45,2022-07-12 00:42:15.014,0,train,0.0,0
normal,N0335,11230,18,45,2022-07-12 00:42:15.114,0,train,0.003255677503969075,0
normal,N0335,11231,19,45,2022-07-12 00:42:15.214,0,train,0.0,0
normal,N0335,11232,20,45,2022-07-12 00:42:15.314,0,train,0.002770915462111257,0
normal,N0335,11233,21,45,2022-07-12 00:42:15.414,0,train,0.002770915462111257,0
normal,N0335,11234,22,45,2022-07-12 00:42:15.514,0,train,0.060325061762233255,0
normal,N0335,11235,23,45,2022-07-12 00:42:15.614,0,train,0.009110670165566536,0
normal,N0335,11236,24,45,2022-07-12 00:42:15.714,0,train,0.002770915462111257,0
normal,N0335,11237,25,45,2022-07-12 00:42:15.814,0,train,0.0,0
normal,N0335,11238,26,45,2022-07-12 00:42:15.914,0,train,0.0,0
normal,N0335,11239,27,45,2022-07-12 00:42:16.014,0,train,0.0,0
normal,N0335,11240,28,45,2022-07-12 00:42:16.114,0,train,0.0,0
normal,N0335,11241,29,45,2022-07-12 00:42:16.214,0,train,0.0031365802011646365,0
normal,N0335,11242,30,45,2022-07-12 00:42:16.314,0,train,0.0,0
normal,N0335,11243,31,45,2022-07-12 00:42:16.414,0,train,0.003002814941329031,0
normal,N0335,11244,32,45,2022-07-12 00:42:16.514,0,train,0.02473449982955269,0
normal,N0335,11245,33,45,2022-07-12 00:42:16.614,0,train,0.024574025700999133,0
normal,N0335,11246,34,45,2022-07-12 00:42:16.714,0,train,0.0032917688388028037,0
normal,N0335,11247,35,45,2022-07-12 00:42:16.814,0,train,0.0,0
normal,N0335,11248,36,45,2022-07-12 00:42:16.914,0,train,0.006401039700049923,0
normal,N0335,11249,37,45,2022-07-12 00:42:17.014,0,train,0.012845934873057656,0
normal,N0335,11250,38,45,2022-07-12 00:42:17.114,0,train,0.009408352496314182,0
normal,N0335,11251,39,45,2022-07-12 00:42:17.214,0,train,0.012651334657033447,0
normal,N0335,11252,40,45,2022-07-12 00:42:17.314,0,train,0.0032262413707771207,0
normal,N0335,11253,41,45,2022-07-12 00:42:17.414,0,train,0.0,0
normal,N0335,11254,42,45,2022-07-12 00:42:17.514,0,train,0.00644505114082851,0
normal,N0335,11255,43,45,2022-07-12 00:42:17.614,0,train,0.0053084346042701165,0
normal,N0335,11256,44,45,2022-07-12 00:42:17.714,0,train,0.0,0
normal,N0336,11266,9,34,2022-07-12 00:42:22.216,0,train,0.0,0
normal,N0336,11267,10,34,2022-07-12 00:42:22.316,0,train,0.022650530082763066,0
normal,N0336,11268,11,34,2022-07-12 00:42:22.416,0,train,0.0,0
normal,N0336,11269,12,34,2022-07-12 00:42:22.516,0,train,0.0,0
normal,N0336,11270,13,34,2022-07-12 00:42:22.616,0,train,0.0,0
normal,N0336,11271,14,34,2022-07-12 00:42:22.716,0,train,0.0,0
normal,N0336,11272,15,34,2022-07-12 00:42:22.816,0,train,0.0,0
normal,N0336,11273,16,34,2022-07-12 00:42:22.916,0,train,0.0,0
normal,N0336,11274,17,34,2022-07-12 00:42:23.016,0,train,0.0,0
normal,N0336,11275,18,34,2022-07-12 00:42:23.116,0,train,0.0,0
normal,N0336,11276,19,34,2022-07-12 00:42:23.216,0,train,0.0,0
normal,N0336,11277,20,34,2022-07-12 00:42:23.316,0,train,0.0,0
normal,N0336,11278,21,34,2022-07-12 00:42:23.416,0,train,0.0,0
normal,N0336,11279,22,34,2022-07-12 00:42:23.516,0,train,0.0,0
normal,N0336,11280,23,34,2022-07-12 00:42:23.616,0,train,0.0,0
normal,N0336,11281,24,34,2022-07-12 00:42:23.716,0,train,0.006027524445549678,0
normal,N0336,11282,25,34,2022-07-12 00:42:23.816,0,train,0.1196137661377901,0
normal,N0336,11283,26,34,2022-07-12 00:42:23.916,0,train,0.021994792921227583,0
normal,N0336,11284,27,34,2022-07-12 00:42:24.016,0,train,0.06672582640671597,0
normal,N0336,11285,28,34,2022-07-12 00:42:24.116,0,train,0.02474632051868511,0
normal,N0336,11286,29,34,2022-07-12 00:42:24.216,0,train,0.0029539422326307573,0
normal,N0336,11287,30,34,2022-07-12 00:42:24.316,0,train,0.0032656308094039933,0
normal,N0336,11288,31,34,2022-07-12 00:42:24.416,0,train,0.0,0
normal,N0336,11289,32,34,2022-07-12 00:42:24.516,0,train,0.0,0
normal,N0336,11290,33,34,2022-07-12 00:42:24.616,0,train,0.016052520633672736,0
normal,N0338,11332,9,20,2022-07-12 00:42:38.191,0,train,0.06049816745293096,0
normal,N0338,11333,10,20,2022-07-12 00:42:38.291,0,train,0.0,0
normal,N0338,11334,11,20,2022-07-12 00:42:38.391,0,train,0.0,0
normal,N0338,11335,12,20,2022-07-12 00:42:38.491,0,train,0.0,0
normal,N0338,11336,13,20,2022-07-12 00:42:38.591,0,train,0.002838614546658241,0
normal,N0338,11337,14,20,2022-07-12 00:42:38.691,0,train,0.0,0
normal,N0338,11338,15,20,2022-07-12 00:42:38.791,0,train,0.0,0
normal,N0338,11339,16,20,2022-07-12 00:42:38.891,0,train,0.0,0
normal,N0338,11340,17,20,2022-07-12 00:42:38.991,0,train,0.021807449501020974,0
normal,N0338,11341,18,20,2022-07-12 00:42:39.091,0,train,0.0,0
normal,N0338,11342,19,20,2022-07-12 00:42:39.191,0,train,0.0,0
normal,N0340,11358,9,50,2022-07-12 00:42:48.428,0,train,0.0,0
normal,N0340,11359,10,50,2022-07-12 00:42:48.528,0,train,0.0,0
normal,N0340,11360,11,50,2022-07-12 00:42:48.628,0,train,0.0,0
normal,N0340,11361,12,50,2022-07-12 00:42:48.728,0,train,0.0,0
normal,N0340,11362,13,50,2022-07-12 00:42:48.828,0,train,0.0,0
normal,N0340,11363,14,50,2022-07-12 00:42:48.928,0,train,0.0,0
normal,N0340,11364,15,50,2022-07-12 00:42:49.028,0,train,0.0,0
normal,N0340,11365,16,50,2022-07-12 00:42:49.128,0,train,0.0,0
normal,N0340,11366,17,50,2022-07-12 00:42:49.228,0,train,0.0,0
normal,N0340,11367,18,50,2022-07-12 00:42:49.328,0,train,0.0,0
normal,N0340,11368,19,50,2022-07-12 00:42:49.428,0,train,0.0,0
normal,N0340,11369,20,50,2022-07-12 00:42:49.528,0,train,0.0,0
normal,N0340,11370,21,50,2022-07-12 00:42:49.628,0,train,0.0,0
normal,N0340,11371,22,50,2022-07-12 00:42:49.728,0,train,0.0,0
normal,N0340,11372,23,50,2022-07-12 00:42:49.828,0,train,0.0,0
normal,N0340,11373,24,50,2022-07-12 00:42:49.928,0,train,0.0,0
normal,N0340,11374,25,50,2022-07-12 00:42:50.028,0,train,0.0,0
normal,N0340,11375,26,50,2022-07-12 00:42:50.128,0,train,0.0,0
normal,N0340,11376,27,50,2022-07-12 00:42:50.228,0,train,0.0,0
normal,N0340,11377,28,50,2022-07-12 00:42:50.328,0,train,0.0,0
normal,N0340,11378,29,50,2022-07-12 00:42:50.428,0,train,0.0,0
normal,N0340,11379,30,50,2022-07-12 00:42:50.528,0,train,0.0,0
normal,N0340,11380,31,50,2022-07-12 00:42:50.628,0,train,0.0,0
normal,N0340,11381,32,50,2022-07-12 00:42:50.728,0,train,0.0,0
normal,N0340,11382,33,50,2022-07-12 00:42:50.828,0,train,0.002917897587395372,0
normal,N0340,11383,34,50,2022-07-12 00:42:50.928,0,train,0.0,0
normal,N0340,11384,35,50,2022-07-12 00:42:51.028,0,train,0.0,0
normal,N0340,11385,36,50,2022-07-12 00:42:51.128,0,train,0.0,0
normal,N0340,11386,37,50,2022-07-12 00:42:51.228,0,train,0.0,0
normal,N0340,11387,38,50,2022-07-12 00:42:51.328,0,train,0.0,0
normal,N0340,11388,39,50,2022-07-12 00:42:51.428,0,train,0.0,0
normal,N0340,11389,40,50,2022-07-12 00:42:51.528,0,train,0.0,0
normal,N0340,11390,41,50,2022-07-12 00:42:51.628,0,train,0.0,0
normal,N0340,11391,42,50,2022-07-12 00:42:51.728,0,train,0.0,0
normal,N0340,11392,43,50,2022-07-12 00:42:51.828,0,train,0.0,0
normal,N0340,11393,44,50,2022-07-12 00:42:51.928,0,train,0.0,0
normal,N0340,11394,45,50,2022-07-12 00:42:52.028,0,train,0.0,0
normal,N0340,11395,46,50,2022-07-12 00:42:52.128,0,train,0.0,0
normal,N0340,11396,47,50,2022-07-12 00:42:52.228,0,train,0.0,0
normal,N0340,11397,48,50,2022-07-12 00:42:52.328,0,train,0.0,0
normal,N0340,11398,49,50,2022-07-12 00:42:52.428,0,train,0.0033279251471862044,0
normal,N0341,11408,9,50,2022-07-12 00:42:55.275,0,train,0.0277139429171686,0
normal,N0341,11409,10,50,2022-07-12 00:42:55.375,0,train,0.021063166707841963,0
normal,N0341,11410,11,50,2022-07-12 00:42:55.475,0,train,0.007933951716310676,0
normal,N0341,11411,12,50,2022-07-12 00:42:55.575,0,train,0.01974982815064054,0
normal,N0341,11412,13,50,2022-07-12 00:42:55.675,0,train,0.020298446834571483,0
normal,N0341,11413,14,50,2022-07-12 00:42:55.775,0,train,0.012296753688802526,0
normal,N0341,11414,15,50,2022-07-12 00:42:55.875,0,train,0.015431049064287604,0
normal,N0341,11415,16,50,2022-07-12 00:42:55.975,0,train,0.006600186145459381,0
normal,N0341,11416,17,50,2022-07-12 00:42:56.075,0,train,0.011880569848717848,0
normal,N0341,11417,18,50,2022-07-12 00:42:56.175,0,train,0.0,0
normal,N0341,11418,19,50,2022-07-12 00:42:56.275,0,train,0.0,0
normal,N0341,11419,20,50,2022-07-12 00:42:56.375,0,train,0.0,0
normal,N0341,11420,21,50,2022-07-12 00:42:56.475,0,train,0.0,0
normal,N0341,11421,22,50,2022-07-12 00:42:56.575,0,train,0.0,0
normal,N0341,11422,23,50,2022-07-12 00:42:56.675,0,train,0.0,0
normal,N0341,11423,24,50,2022-07-12 00:42:56.775,0,train,0.0031981342526870814,0
normal,N0341,11424,25,50,2022-07-12 00:42:56.875,0,train,0.0,0
normal,N0341,11425,26,50,2022-07-12 00:42:56.975,0,train,0.0,0
normal,N0341,11426,27,50,2022-07-12 00:42:57.075,0,train,0.0,0
normal,N0341,11427,28,50,2022-07-12 00:42:57.175,0,train,0.0,0
normal,N0341,11428,29,50,2022-07-12 00:42:57.275,0,train,0.0,0
normal,N0341,11429,30,50,2022-07-12 00:42:57.375,0,train,0.002888156086837043,0
normal,N0341,11430,31,50,2022-07-12 00:42:57.475,0,train,0.002888156086837043,0
normal,N0341,11431,32,50,2022-07-12 00:42:57.575,0,train,0.006492416740391156,0
normal,N0341,11432,33,50,2022-07-12 00:42:57.675,0,train,0.0,0
normal,N0341,11433,34,50,2022-07-12 00:42:57.775,0,train,0.0024988112220637178,0
normal,N0341,11434,35,50,2022-07-12 00:42:57.875,0,train,0.0,0
normal,N0341,11435,36,50,2022-07-12 00:42:57.975,0,train,0.0,0
normal,N0341,11436,37,50,2022-07-12 00:42:58.075,0,train,0.0,0
normal,N0341,11437,38,50,2022-07-12 00:42:58.175,0,train,0.0,0
normal,N0341,11438,39,50,2022-07-12 00:42:58.275,0,train,0.0033333333333333335,0
normal,N0341,11439,40,50,2022-07-12 00:42:58.375,0,train,0.0090544616718451,0
normal,N0341,11440,41,50,2022-07-12 00:42:58.475,0,train,0.0031968810916179337,0
normal,N0341,11441,42,50,2022-07-12 00:42:58.575,0,train,0.0,0
normal,N0341,11442,43,50,2022-07-12 00:42:58.675,0,train,0.0,0
normal,N0341,11443,44,50,2022-07-12 00:42:58.775,0,train,0.0,0
normal,N0341,11444,45,50,2022-07-12 00:42:58.875,0,train,0.0,0
normal,N0341,11445,46,50,2022-07-12 00:42:58.975,0,train,0.005907088012525649,0
normal,N0341,11446,47,50,2022-07-12 00:42:59.075,0,train,0.0,0
normal,N0341,11447,48,50,2022-07-12 00:42:59.175,0,train,0.0,0
normal,N0341,11448,49,50,2022-07-12 00:42:59.275,0,train,0.00308921568627451,0
normal,N0343,11503,9,34,2022-07-12 00:43:10.336,0,train,0.0,0
normal,N0343,11504,10,34,2022-07-12 00:43:10.436,0,train,0.0,0
normal,N0343,11505,11,34,2022-07-12 00:43:10.536,0,train,0.0,0
normal,N0343,11506,12,34,2022-07-12 00:43:10.636,0,train,0.0,0
normal,N0343,11507,13,34,2022-07-12 00:43:10.736,0,train,0.0,0
normal,N0343,11508,14,34,2022-07-12 00:43:10.836,0,train,0.0,0
normal,N0343,11509,15,34,2022-07-12 00:43:10.936,0,train,0.0,0
normal,N0343,11510,16,34,2022-07-12 00:43:11.036,0,train,0.0,0
normal,N0343,11511,17,34,2022-07-12 00:43:11.136,0,train,0.011859219135397924,0
normal,N0343,11512,18,34,2022-07-12 00:43:11.236,0,train,0.0,0
normal,N0343,11513,19,34,2022-07-12 00:43:11.336,0,train,0.0,0
normal,N0343,11514,20,34,2022-07-12 00:43:11.436,0,train,0.0,0
normal,N0343,11515,21,34,2022-07-12 00:43:11.536,0,train,0.0,0
normal,N0343,11516,22,34,2022-07-12 00:43:11.636,0,train,0.0,0
normal,N0343,11517,23,34,2022-07-12 00:43:11.736,0,train,0.0,0
normal,N0343,11518,24,34,2022-07-12 00:43:11.836,0,train,0.0,0
normal,N0343,11519,25,34,2022-07-12 00:43:11.936,0,train,0.003221620517012363,0
normal,N0343,11520,26,34,2022-07-12 00:43:12.036,0,train,0.0,0
normal,N0343,11521,27,34,2022-07-12 00:43:12.136,0,train,0.0,0
normal,N0343,11522,28,34,2022-07-12 00:43:12.236,0,train,0.0,0
normal,N0343,11523,29,34,2022-07-12 00:43:12.336,0,train,0.0,0
normal,N0343,11524,30,34,2022-07-12 00:43:12.436,0,train,0.0,0
normal,N0343,11525,31,34,2022-07-12 00:43:12.536,0,train,0.0,0
normal,N0343,11526,32,34,2022-07-12 00:43:12.636,0,train,0.0,0
normal,N0343,11527,33,34,2022-07-12 00:43:12.736,0,train,0.0,0
normal,N0344,11537,9,21,2022-07-12 00:43:18.344,0,train,0.0,0
normal,N0344,11538,10,21,2022-07-12 00:43:18.444,0,train,0.0,0
normal,N0344,11539,11,21,2022-07-12 00:43:18.544,0,train,0.006010686363890887,0
normal,N0344,11540,12,21,2022-07-12 00:43:18.644,0,train,0.0,0
normal,N0344,11541,13,21,2022-07-12 00:43:18.744,0,train,0.0031730543540220636,0
normal,N0344,11542,14,21,2022-07-12 00:43:18.844,0,train,0.0,0
normal,N0344,11543,15,21,2022-07-12 00:43:18.944,0,train,0.0,0
normal,N0344,11544,16,21,2022-07-12 00:43:19.044,0,train,0.0,0
normal,N0344,11545,17,21,2022-07-12 00:43:19.144,0,train,0.0,0
normal,N0344,11546,18,21,2022-07-12 00:43:19.244,0,train,0.0,0
normal,N0344,11547,19,21,2022-07-12 00:43:19.344,0,train,0.0,0
normal,N0344,11548,20,21,2022-07-12 00:43:19.444,0,train,0.003041831198433337,0
normal,N0345,11558,9,14,2022-07-12 00:43:26.197,0,train,0.0,0
normal,N0345,11559,10,14,2022-07-12 00:43:26.297,0,train,0.0,0
normal,N0345,11560,11,14,2022-07-12 00:43:26.397,0,train,0.0,0
normal,N0345,11561,12,14,2022-07-12 00:43:26.497,0,train,0.0,0
normal,N0345,11562,13,14,2022-07-12 00:43:26.597,0,train,0.0,0
normal,N0348,11625,9,50,2022-07-12 00:43:42.501,0,train,0.0,0
normal,N0348,11626,10,50,2022-07-12 00:43:42.601,0,train,0.0,0
normal,N0348,11627,11,50,2022-07-12 00:43:42.701,0,train,0.0,0
normal,N0348,11628,12,50,2022-07-12 00:43:42.801,0,train,0.0,0
normal,N0348,11629,13,50,2022-07-12 00:43:42.901,0,train,0.0,0
normal,N0348,11630,14,50,2022-07-12 00:43:43.001,0,train,0.006268263625807371,0
normal,N0348,11631,15,50,2022-07-12 00:43:43.101,0,train,0.0,0
normal,N0348,11632,16,50,2022-07-12 00:43:43.201,0,train,0.0,0
normal,N0348,11633,17,50,2022-07-12 00:43:43.301,0,train,0.0,0
normal,N0348,11634,18,50,2022-07-12 00:43:43.401,0,train,0.0028125929893471403,0
normal,N0348,11635,19,50,2022-07-12 00:43:43.501,0,train,0.0028125929893471403,0
normal,N0348,11636,20,50,2022-07-12 00:43:43.601,0,train,0.0,0
normal,N0348,11637,21,50,2022-07-12 00:43:43.701,0,train,0.0,0
normal,N0348,11638,22,50,2022-07-12 00:43:43.801,0,train,0.0,0
normal,N0348,11639,23,50,2022-07-12 00:43:43.901,0,train,0.0,0
normal,N0348,11640,24,50,2022-07-12 00:43:44.001,0,train,0.0,0
normal,N0348,11641,25,50,2022-07-12 00:43:44.101,0,train,0.0,0
normal,N0348,11642,26,50,2022-07-12 00:43:44.201,0,train,0.0,0
normal,N0348,11643,27,50,2022-07-12 00:43:44.301,0,train,0.00933210568395941,0
normal,N0348,11644,28,50,2022-07-12 00:43:44.401,0,train,0.0,0
normal,N0348,11645,29,50,2022-07-12 00:43:44.501,0,train,0.0,0
normal,N0348,11646,30,50,2022-07-12 00:43:44.601,0,train,0.0,0
normal,N0348,11647,31,50,2022-07-12 00:43:44.701,0,train,0.0,0
normal,N0348,11648,32,50,2022-07-12 00:43:44.801,0,train,0.0,0
normal,N0348,11649,33,50,2022-07-12 00:43:44.901,0,train,0.0,0
normal,N0348,11650,34,50,2022-07-12 00:43:45.001,0,train,0.0,0
normal,N0348,11651,35,50,2022-07-12 00:43:45.101,0,train,0.00300132802124834,0
normal,N0348,11652,36,50,2022-07-12 00:43:45.201,0,train,0.0,0
normal,N0348,11653,37,50,2022-07-12 00:43:45.301,0,train,0.0,0
normal,N0348,11654,38,50,2022-07-12 00:43:45.401,0,train,0.0,0
normal,N0348,11655,39,50,2022-07-12 00:43:45.501,0,train,0.0,0
normal,N0348,11656,40,50,2022-07-12 00:43:45.601,0,train,0.0,0
normal,N0348,11657,41,50,2022-07-12 00:43:45.701,0,train,0.0,0
normal,N0348,11658,42,50,2022-07-12 00:43:45.801,0,train,0.0032900026102845215,0
normal,N0348,11659,43,50,2022-07-12 00:43:45.901,0,train,0.0,0
normal,N0348,11660,44,50,2022-07-12 00:43:46.001,0,train,0.005945326027851468,0
normal,N0348,11661,45,50,2022-07-12 00:43:46.101,0,train,0.0,0
normal,N0348,11662,46,50,2022-07-12 00:43:46.201,0,train,0.0,0
normal,N0348,11663,47,50,2022-07-12 00:43:46.301,0,train,0.0,0
normal,N0348,11664,48,50,2022-07-12 00:43:46.401,0,train,0.008408511915971863,0
normal,N0348,11665,49,50,2022-07-12 00:43:46.501,0,train,0.0,0
normal,N0349,11675,9,41,2022-07-12 00:43:50.246,0,train,0.0,0
normal,N0349,11676,10,41,2022-07-12 00:43:50.346,0,train,0.0029427691158621975,0
normal,N0349,11677,11,41,2022-07-12 00:43:50.446,0,train,0.0029427691158621975,0
normal,N0349,11678,12,41,2022-07-12 00:43:50.546,0,train,0.0,0
normal,N0349,11679,13,41,2022-07-12 00:43:50.646,0,train,0.0,0
normal,N0349,11680,14,41,2022-07-12 00:43:50.746,0,train,0.0,0
normal,N0349,11681,15,41,2022-07-12 00:43:50.846,0,train,0.0,0
normal,N0349,11682,16,41,2022-07-12 00:43:50.946,0,train,0.00948309737586493,0
normal,N0349,11683,17,41,2022-07-12 00:43:51.046,0,train,0.009480274913042024,0
normal,N0349,11684,18,41,2022-07-12 00:43:51.146,0,train,0.0,0
normal,N0349,11685,19,41,2022-07-12 00:43:51.246,0,train,0.0,0
normal,N0349,11686,20,41,2022-07-12 00:43:51.346,0,train,0.0,0
normal,N0349,11687,21,41,2022-07-12 00:43:51.446,0,train,0.00948309737586493,0
normal,N0349,11688,22,41,2022-07-12 00:43:51.546,0,train,0.009380309122179985,0
normal,N0349,11689,23,41,2022-07-12 00:43:51.646,0,train,0.0,0
normal,N0349,11690,24,41,2022-07-12 00:43:51.746,0,train,0.0,0
normal,N0349,11691,25,41,2022-07-12 00:43:51.846,0,train,0.0,0
normal,N0349,11692,26,41,2022-07-12 00:43:51.946,0,train,0.0,0
normal,N0349,11693,27,41,2022-07-12 00:43:52.046,0,train,0.0,0
normal,N0349,11694,28,41,2022-07-12 00:43:52.146,0,train,0.0,0
normal,N0349,11695,29,41,2022-07-12 00:43:52.246,0,train,0.0,0
normal,N0349,11696,30,41,2022-07-12 00:43:52.346,0,train,0.0,0
normal,N0349,11697,31,41,2022-07-12 00:43:52.446,0,train,0.0,0
normal,N0349,11698,32,41,2022-07-12 00:43:52.546,0,train,0.0,0
normal,N0349,11699,33,41,2022-07-12 00:43:52.646,0,train,0.0028965158606344254,0
normal,N0349,11700,34,41,2022-07-12 00:43:52.746,0,train,0.0033333333333333335,0
normal,N0349,11701,35,41,2022-07-12 00:43:52.846,0,train,0.005923663503334335,0
normal,N0349,11702,36,41,2022-07-12 00:43:52.946,0,train,0.0,0
normal,N0349,11703,37,41,2022-07-12 00:43:53.046,0,train,0.0,0
normal,N0349,11704,38,41,2022-07-12 00:43:53.146,0,train,0.005921763543600229,0
normal,N0349,11705,39,41,2022-07-12 00:43:53.246,0,train,0.005580730870430831,0
normal,N0349,11706,40,41,2022-07-12 00:43:53.346,0,train,0.0,0
normal,N0350,11716,9,28,2022-07-12 00:43:58.168,0,train,0.0,0
normal,N0350,11717,10,28,2022-07-12 00:43:58.268,0,train,0.0,0
normal,N0350,11718,11,28,2022-07-12 00:43:58.368,0,train,0.0,0
normal,N0350,11719,12,28,2022-07-12 00:43:58.468,0,train,0.0,0
normal,N0350,11720,13,28,2022-07-12 00:43:58.568,0,train,0.005775135254568208,0
normal,N0350,11721,14,28,2022-07-12 00:43:58.668,0,train,0.0,0
normal,N0350,11722,15,28,2022-07-12 00:43:58.768,0,train,0.0,0
normal,N0350,11723,16,28,2022-07-12 00:43:58.868,0,train,0.0,0
normal,N0350,11724,17,28,2022-07-12 00:43:58.968,0,train,0.0,0
normal,N0350,11725,18,28,2022-07-12 00:43:59.068,0,train,0.0,0
normal,N0350,11726,19,28,2022-07-12 00:43:59.168,0,train,0.0,0
normal,N0350,11727,20,28,2022-07-12 00:43:59.268,0,train,0.0,0
normal,N0350,11728,21,28,2022-07-12 00:43:59.368,0,train,0.0,0
normal,N0350,11729,22,28,2022-07-12 00:43:59.468,0,train,0.0,0
normal,N0350,11730,23,28,2022-07-12 00:43:59.568,0,train,0.0,0
normal,N0350,11731,24,28,2022-07-12 00:43:59.668,0,train,0.016067960564200352,0
normal,N0350,11732,25,28,2022-07-12 00:43:59.768,0,train,0.0030145675942749675,0
normal,N0350,11733,26,28,2022-07-12 00:43:59.868,0,train,0.019252009968195778,0
normal,N0350,11734,27,28,2022-07-12 00:43:59.968,0,train,0.03158663203353557,0
normal,N0351,11744,9,18,2022-07-12 00:44:06.195,0,train,0.0,0
normal,N0351,11745,10,18,2022-07-12 00:44:06.295,0,train,0.009584124920551246,0
normal,N0351,11746,11,18,2022-07-12 00:44:06.395,0,train,0.011818922660648996,0
normal,N0351,11747,12,18,2022-07-12 00:44:06.495,0,train,0.0,0
normal,N0351,11748,13,18,2022-07-12 00:44:06.595,0,train,0.003086443943698769,0
normal,N0351,11749,14,18,2022-07-12 00:44:06.695,0,train,0.02154257329384513,0
normal,N0351,11750,15,18,2022-07-12 00:44:06.795,0,train,0.009301277385112959,0
normal,N0351,11751,16,18,2022-07-12 00:44:06.895,0,train,0.011772114747057966,0
normal,N0351,11752,17,18,2022-07-12 00:44:06.995,0,train,0.003019187178750439,0
normal,N0353,11767,9,50,2022-07-12 00:44:16.384,0,train,0.05940539690089543,0
normal,N0353,11768,10,50,2022-07-12 00:44:16.484,0,train,0.016160961012239423,0
normal,N0353,11769,11,50,2022-07-12 00:44:16.584,0,train,0.003233047411769726,0
normal,N0353,11770,12,50,2022-07-12 00:44:16.684,0,train,0.0,0
normal,N0353,11771,13,50,2022-07-12 00:44:16.784,0,train,0.0,0
normal,N0353,11772,14,50,2022-07-12 00:44:16.884,0,train,0.009681861847844211,0
normal,N0353,11773,15,50,2022-07-12 00:44:16.984,0,train,0.009671674483297305,0
normal,N0353,11774,16,50,2022-07-12 00:44:17.084,0,train,0.0031870739712193887,0
normal,N0353,11775,17,50,2022-07-12 00:44:17.184,0,train,0.0,0
normal,N0353,11776,18,50,2022-07-12 00:44:17.284,0,train,0.0,0
normal,N0353,11777,19,50,2022-07-12 00:44:17.384,0,train,0.0,0
normal,N0353,11778,20,50,2022-07-12 00:44:17.484,0,train,0.0,0
normal,N0353,11779,21,50,2022-07-12 00:44:17.584,0,train,0.0,0
normal,N0353,11780,22,50,2022-07-12 00:44:17.684,0,train,0.0,0
normal,N0353,11781,23,50,2022-07-12 00:44:17.784,0,train,0.0,0
normal,N0353,11782,24,50,2022-07-12 00:44:17.884,0,train,0.01477666049359006,0
normal,N0353,11783,25,50,2022-07-12 00:44:17.984,0,train,0.028354294647783072,0
normal,N0353,11784,26,50,2022-07-12 00:44:18.084,0,train,0.009621323393598119,0
normal,N0353,11785,27,50,2022-07-12 00:44:18.184,0,train,0.00289534347625634,0
normal,N0353,11786,28,50,2022-07-12 00:44:18.284,0,train,0.06485369734099533,0
normal,N0353,11787,29,50,2022-07-12 00:44:18.384,0,train,0.015977303078018437,0
normal,N0353,11788,30,50,2022-07-12 00:44:18.484,0,train,0.006428493176033433,0
normal,N0353,11789,31,50,2022-07-12 00:44:18.584,0,train,0.02480344477170076,0
normal,N0353,11790,32,50,2022-07-12 00:44:18.684,0,train,0.1475710905869291,0
normal,N0353,11791,33,50,2022-07-12 00:44:18.784,0,train,0.04085415700840059,0
normal,N0353,11792,34,50,2022-07-12 00:44:18.884,0,train,0.0033333333333333335,0
normal,N0353,11793,35,50,2022-07-12 00:44:18.984,0,train,0.00328141225337487,0
normal,N0353,11794,36,50,2022-07-12 00:44:19.084,0,train,0.01298312492510396,0
normal,N0353,11795,37,50,2022-07-12 00:44:19.184,0,train,0.05280973238577202,0
normal,N0353,11796,38,50,2022-07-12 00:44:19.284,0,train,0.0,0
normal,N0353,11797,39,50,2022-07-12 00:44:19.384,0,train,0.0,0
normal,N0353,11798,40,50,2022-07-12 00:44:19.484,0,train,0.015171899997059791,0
normal,N0353,11799,41,50,2022-07-12 00:44:19.584,0,train,0.0,0
normal,N0353,11800,42,50,2022-07-12 00:44:19.684,0,train,0.018444241743058434,0
normal,N0353,11801,43,50,2022-07-12 00:44:19.784,0,train,0.012463050003971078,0
normal,N0353,11802,44,50,2022-07-12 00:44:19.884,0,train,0.0,0
normal,N0353,11803,45,50,2022-07-12 00:44:19.984,0,train,0.0,0
normal,N0353,11804,46,50,2022-07-12 00:44:20.084,0,train,0.0,0
normal,N0353,11805,47,50,2022-07-12 00:44:20.184,0,train,0.0,0
normal,N0353,11806,48,50,2022-07-12 00:44:20.284,0,train,0.012510115397098233,0
normal,N0353,11807,49,50,2022-07-12 00:44:20.384,0,train,0.0439295861562248,0
normal,N0354,11817,9,50,2022-07-12 00:44:23.058,0,train,0.0063193324792342135,0
normal,N0354,11818,10,50,2022-07-12 00:44:23.158,0,train,0.006106104771724161,0
normal,N0354,11819,11,50,2022-07-12 00:44:23.258,0,train,0.0,0
normal,N0354,11820,12,50,2022-07-12 00:44:23.358,0,train,0.002867328054367283,0
normal,N0354,11821,13,50,2022-07-12 00:44:23.458,0,train,0.03426691700473117,0
normal,N0354,11822,14,50,2022-07-12 00:44:23.558,0,train,0.0,0
normal,N0354,11823,15,50,2022-07-12 00:44:23.658,0,train,0.0,0
normal,N0354,11824,16,50,2022-07-12 00:44:23.758,0,train,0.0031522822403826987,0
normal,N0354,11825,17,50,2022-07-12 00:44:23.858,0,train,0.0,0
normal,N0354,11826,18,50,2022-07-12 00:44:23.958,0,train,0.0,0
normal,N0354,11827,19,50,2022-07-12 00:44:24.058,0,train,0.0,0
normal,N0354,11828,20,50,2022-07-12 00:44:24.158,0,train,0.0,0
normal,N0354,11829,21,50,2022-07-12 00:44:24.258,0,train,0.006158298694806454,0
normal,N0354,11830,22,50,2022-07-12 00:44:24.358,0,train,0.0,0
normal,N0354,11831,23,50,2022-07-12 00:44:24.458,0,train,0.0,0
normal,N0354,11832,24,50,2022-07-12 00:44:24.558,0,train,0.002864114455457549,0
normal,N0354,11833,25,50,2022-07-12 00:44:24.658,0,train,0.0,0
normal,N0354,11834,26,50,2022-07-12 00:44:24.758,0,train,0.002555816527631543,0
normal,N0354,11835,27,50,2022-07-12 00:44:24.858,0,train,0.009415811179220667,0
normal,N0354,11836,28,50,2022-07-12 00:44:24.958,0,train,0.0,0
normal,N0354,11837,29,50,2022-07-12 00:44:25.058,0,train,0.006198743745291227,0
normal,N0354,11838,30,50,2022-07-12 00:44:25.158,0,train,0.006198743745291227,0
normal,N0354,11839,31,50,2022-07-12 00:44:25.258,0,train,0.0,0
normal,N0354,11840,32,50,2022-07-12 00:44:25.358,0,train,0.0,0
normal,N0354,11841,33,50,2022-07-12 00:44:25.458,0,train,0.0,0
normal,N0354,11842,34,50,2022-07-12 00:44:25.558,0,train,0.0,0
normal,N0354,11843,35,50,2022-07-12 00:44:25.658,0,train,0.0029875229590221038,0
normal,N0354,11844,36,50,2022-07-12 00:44:25.758,0,train,0.0,0
normal,N0354,11845,37,50,2022-07-12 00:44:25.858,0,train,0.003300719865643663,0
normal,N0354,11846,38,50,2022-07-12 00:44:25.958,0,train,0.0033333333333333335,0
normal,N0354,11847,39,50,2022-07-12 00:44:26.058,0,train,0.0,0
normal,N0354,11848,40,50,2022-07-12 00:44:26.158,0,train,0.0064901794187987106,0
normal,N0354,11849,41,50,2022-07-12 00:44:26.258,0,train,0.0031718268328642277,0
normal,N0354,11850,42,50,2022-07-12 00:44:26.358,0,train,0.0031718268328642277,0
normal,N0354,11851,43,50,2022-07-12 00:44:26.458,0,train,0.006159349791886332,0
normal,N0354,11852,44,50,2022-07-12 00:44:26.558,0,train,0.00902346424734388,0
normal,N0354,11853,45,50,2022-07-12 00:44:26.658,0,train,0.0031718268328642277,0
normal,N0354,11854,46,50,2022-07-12 00:44:26.758,0,train,0.009492683125219665,0
normal,N0354,11855,47,50,2022-07-12 00:44:26.858,0,train,0.0031718268328642277,0
normal,N0354,11856,48,50,2022-07-12 00:44:26.958,0,train,0.006201838991307947,0
normal,N0354,11857,49,50,2022-07-12 00:44:27.058,0,train,0.028673605017738413,0
normal,N0355,11867,9,46,2022-07-12 00:44:30.232,0,train,0.0,0
normal,N0355,11868,10,46,2022-07-12 00:44:30.332,0,train,0.0,0
normal,N0355,11869,11,46,2022-07-12 00:44:30.432,0,train,0.0,0
normal,N0355,11870,12,46,2022-07-12 00:44:30.532,0,train,0.0,0
normal,N0355,11871,13,46,2022-07-12 00:44:30.632,0,train,0.0,0
normal,N0355,11872,14,46,2022-07-12 00:44:30.732,0,train,0.0,0
normal,N0355,11873,15,46,2022-07-12 00:44:30.832,0,train,0.0,0
normal,N0355,11874,16,46,2022-07-12 00:44:30.932,0,train,0.0,0
normal,N0355,11875,17,46,2022-07-12 00:44:31.032,0,train,0.0,0
normal,N0355,11876,18,46,2022-07-12 00:44:31.132,0,train,0.0,0
normal,N0355,11877,19,46,2022-07-12 00:44:31.232,0,train,0.0028446959489805083,0
normal,N0355,11878,20,46,2022-07-12 00:44:31.332,0,train,0.0,0
normal,N0355,11879,21,46,2022-07-12 00:44:31.432,0,train,0.0,0
normal,N0355,11880,22,46,2022-07-12 00:44:31.532,0,train,0.0,0
normal,N0355,11881,23,46,2022-07-12 00:44:31.632,0,train,0.0,0
normal,N0355,11882,24,46,2022-07-12 00:44:31.732,0,train,0.0,0
normal,N0355,11883,25,46,2022-07-12 00:44:31.832,0,train,0.0,0
normal,N0355,11884,26,46,2022-07-12 00:44:31.932,0,train,0.0,0
normal,N0355,11885,27,46,2022-07-12 00:44:32.032,0,train,0.005239612826771851,0
normal,N0355,11886,28,46,2022-07-12 00:44:32.132,0,train,0.0,0
normal,N0355,11887,29,46,2022-07-12 00:44:32.232,0,train,0.0,0
normal,N0355,11888,30,46,2022-07-12 00:44:32.332,0,train,0.0,0
normal,N0355,11889,31,46,2022-07-12 00:44:32.432,0,train,0.0,0
normal,N0355,11890,32,46,2022-07-12 00:44:32.532,0,train,0.0,0
normal,N0355,11891,33,46,2022-07-12 00:44:32.632,0,train,0.0,0
normal,N0355,11892,34,46,2022-07-12 00:44:32.732,0,train,0.003156135071882314,0
normal,N0355,11893,35,46,2022-07-12 00:44:32.832,0,train,0.0,0
normal,N0355,11894,36,46,2022-07-12 00:44:32.932,0,train,0.0032734717147373605,0
normal,N0355,11895,37,46,2022-07-12 00:44:33.032,0,train,0.0,0
normal,N0355,11896,38,46,2022-07-12 00:44:33.132,0,train,0.0,0
normal,N0355,11897,39,46,2022-07-12 00:44:33.232,0,train,0.0,0
normal,N0355,11898,40,46,2022-07-12 00:44:33.332,0,train,0.0,0
normal,N0355,11899,41,46,2022-07-12 00:44:33.432,0,train,0.0,0
normal,N0355,11900,42,46,2022-07-12 00:44:33.532,0,train,0.0032755272948256186,0
normal,N0355,11901,43,46,2022-07-12 00:44:33.632,0,train,0.006608860628158952,0
normal,N0355,11902,44,46,2022-07-12 00:44:33.732,0,train,0.01621182975802347,0
normal,N0355,11903,45,46,2022-07-12 00:44:33.832,0,train,0.0065897303795294515,0
normal,N0356,11913,9,32,2022-07-12 00:44:38.212,0,train,0.006629681721102255,0
normal,N0356,11914,10,32,2022-07-12 00:44:38.312,0,train,0.012793351877604475,0
normal,N0356,11915,11,32,2022-07-12 00:44:38.412,0,train,0.009190785569367236,0
normal,N0356,11916,12,32,2022-07-12 00:44:38.512,0,train,0.006147870345566568,0
normal,N0356,11917,13,32,2022-07-12 00:44:38.612,0,train,0.0,0
normal,N0356,11918,14,32,2022-07-12 00:44:38.712,0,train,0.0,0
normal,N0356,11919,15,32,2022-07-12 00:44:38.812,0,train,0.0,0
normal,N0356,11920,16,32,2022-07-12 00:44:38.912,0,train,0.002816343548050865,0
normal,N0356,11921,17,32,2022-07-12 00:44:39.012,0,train,0.005473491218044696,0
normal,N0356,11922,18,32,2022-07-12 00:44:39.112,0,train,0.0,0
normal,N0356,11923,19,32,2022-07-12 00:44:39.212,0,train,0.002962545761757252,0
normal,N0356,11924,20,32,2022-07-12 00:44:39.312,0,train,0.005473491218044696,0
normal,N0356,11925,21,32,2022-07-12 00:44:39.412,0,train,0.012825516655709584,0
normal,N0356,11926,22,32,2022-07-12 00:44:39.512,0,train,0.0,0
normal,N0356,11927,23,32,2022-07-12 00:44:39.612,0,train,0.0062905504460607975,0
normal,N0356,11928,24,32,2022-07-12 00:44:39.712,0,train,0.012699737475467498,0
normal,N0356,11929,25,32,2022-07-12 00:44:39.812,0,train,0.0,0
normal,N0356,11930,26,32,2022-07-12 00:44:39.912,0,train,0.0,0
normal,N0356,11931,27,32,2022-07-12 00:44:40.012,0,train,0.008780316770364902,0
normal,N0356,11932,28,32,2022-07-12 00:44:40.112,0,train,0.0055376874432024725,0
normal,N0356,11933,29,32,2022-07-12 00:44:40.212,0,train,0.0,0
normal,N0356,11934,30,32,2022-07-12 00:44:40.312,0,train,0.0,0
normal,N0356,11935,31,32,2022-07-12 00:44:40.412,0,train,0.0,0
normal,N0359,11972,9,50,2022-07-12 00:45:03.256,0,train,0.08671179052726471,0
normal,N0359,11973,10,50,2022-07-12 00:45:03.356,0,train,0.022259970864516393,0
normal,N0359,11974,11,50,2022-07-12 00:45:03.456,0,train,0.002838614546658241,0
normal,N0359,11975,12,50,2022-07-12 00:45:03.556,0,train,0.03530132506923472,0
normal,N0359,11976,13,50,2022-07-12 00:45:03.656,0,train,0.04790028527796424,0
normal,N0359,11977,14,50,2022-07-12 00:45:03.756,0,train,0.16912587229344161,0
normal,N0359,11978,15,50,2022-07-12 00:45:03.856,0,train,0.032390340587081706,0
normal,N0359,11979,16,50,2022-07-12 00:45:03.956,0,train,0.0032102157102157102,0
normal,N0359,11980,17,50,2022-07-12 00:45:04.056,0,train,0.0,0
normal,N0359,11981,18,50,2022-07-12 00:45:04.156,0,train,0.0,0
normal,N0359,11982,19,50,2022-07-12 00:45:04.256,0,train,0.006379977402722397,0
normal,N0359,11983,20,50,2022-07-12 00:45:04.356,0,train,0.01223354561625372,0
normal,N0359,11984,21,50,2022-07-12 00:45:04.456,0,train,0.020694520793688827,0
normal,N0359,11985,22,50,2022-07-12 00:45:04.556,0,train,0.030528561198921864,0
normal,N0359,11986,23,50,2022-07-12 00:45:04.656,0,train,0.0031338663488437537,0
normal,N0359,11987,24,50,2022-07-12 00:45:04.756,0,train,0.0,0
normal,N0359,11988,25,50,2022-07-12 00:45:04.856,0,train,0.0,0
normal,N0359,11989,26,50,2022-07-12 00:45:04.956,0,train,0.0,0
normal,N0359,11990,27,50,2022-07-12 00:45:05.056,0,train,0.0,0
normal,N0359,11991,28,50,2022-07-12 00:45:05.156,0,train,0.009222226447248133,0
normal,N0359,11992,29,50,2022-07-12 00:45:05.256,0,train,0.003167252636865897,0
normal,N0359,11993,30,50,2022-07-12 00:45:05.356,0,train,0.04369299344473568,0
normal,N0359,11994,31,50,2022-07-12 00:45:05.456,0,train,0.012315475829760975,0
normal,N0359,11995,32,50,2022-07-12 00:45:05.556,0,train,0.0,0
normal,N0359,11996,33,50,2022-07-12 00:45:05.656,0,train,0.0,0
normal,N0359,11997,34,50,2022-07-12 00:45:05.756,0,train,0.0,0
normal,N0359,11998,35,50,2022-07-12 00:45:05.856,0,train,0.003129082940544116,0
normal,N0359,11999,36,50,2022-07-12 00:45:05.956,0,train,0.0,0
normal,N0359,12000,37,50,2022-07-12 00:45:06.056,0,train,0.0,0
normal,N0359,12001,38,50,2022-07-12 00:45:06.156,0,train,0.04912713535918441,0
normal,N0359,12002,39,50,2022-07-12 00:45:06.256,0,train,0.0,0
normal,N0359,12003,40,50,2022-07-12 00:45:06.356,0,train,0.0,0
normal,N0359,12004,41,50,2022-07-12 00:45:06.456,0,train,0.0,0
normal,N0359,12005,42,50,2022-07-12 00:45:06.556,0,train,0.0,0
normal,N0359,12006,43,50,2022-07-12 00:45:06.656,0,train,0.0,0
normal,N0359,12007,44,50,2022-07-12 00:45:06.756,0,train,0.0,0
normal,N0359,12008,45,50,2022-07-12 00:45:06.856,0,train,0.0,0
normal,N0359,12009,46,50,2022-07-12 00:45:06.956,0,train,0.0,0
normal,N0359,12010,47,50,2022-07-12 00:45:07.056,0,train,0.0,0
normal,N0359,12011,48,50,2022-07-12 00:45:07.156,0,train,0.0032703554922033605,0
normal,N0359,12012,49,50,2022-07-12 00:45:07.256,0,train,0.0,0
normal,N0360,12022,9,50,2022-07-12 00:45:11.340,0,train,0.0,0
normal,N0360,12023,10,50,2022-07-12 00:45:11.440,0,train,0.0,0
normal,N0360,12024,11,50,2022-07-12 00:45:11.540,0,train,0.0,0
normal,N0360,12025,12,50,2022-07-12 00:45:11.640,0,train,0.0,0
normal,N0360,12026,13,50,2022-07-12 00:45:11.740,0,train,0.0,0
normal,N0360,12027,14,50,2022-07-12 00:45:11.840,0,train,0.0,0
normal,N0360,12028,15,50,2022-07-12 00:45:11.940,0,train,0.0,0
normal,N0360,12029,16,50,2022-07-12 00:45:12.040,0,train,0.0,0
normal,N0360,12030,17,50,2022-07-12 00:45:12.140,0,train,0.0,0
normal,N0360,12031,18,50,2022-07-12 00:45:12.240,0,train,0.0,0
normal,N0360,12032,19,50,2022-07-12 00:45:12.340,0,train,0.0,0
normal,N0360,12033,20,50,2022-07-12 00:45:12.440,0,train,0.0,0
normal,N0360,12034,21,50,2022-07-12 00:45:12.540,0,train,0.002881861938707122,0
normal,N0360,12035,22,50,2022-07-12 00:45:12.640,0,train,0.0,0
normal,N0360,12036,23,50,2022-07-12 00:45:12.740,0,train,0.0,0
normal,N0360,12037,24,50,2022-07-12 00:45:12.840,0,train,0.0,0
normal,N0360,12038,25,50,2022-07-12 00:45:12.940,0,train,0.0,0
normal,N0360,12039,26,50,2022-07-12 00:45:13.040,0,train,0.0,0
normal,N0360,12040,27,50,2022-07-12 00:45:13.140,0,train,0.0,0
normal,N0360,12041,28,50,2022-07-12 00:45:13.240,0,train,0.024526978889916343,0
normal,N0360,12042,29,50,2022-07-12 00:45:13.340,0,train,0.008893482210339481,0
normal,N0360,12043,30,50,2022-07-12 00:45:13.440,0,train,0.002881861938707122,0
normal,N0360,12044,31,50,2022-07-12 00:45:13.540,0,train,0.006007986646921817,0
normal,N0360,12045,32,50,2022-07-12 00:45:13.640,0,train,0.0,0
normal,N0360,12046,33,50,2022-07-12 00:45:13.740,0,train,0.0,0
normal,N0360,12047,34,50,2022-07-12 00:45:13.840,0,train,0.0,0
normal,N0360,12048,35,50,2022-07-12 00:45:13.940,0,train,0.0,0
normal,N0360,12049,36,50,2022-07-12 00:45:14.040,0,train,0.0,0
normal,N0360,12050,37,50,2022-07-12 00:45:14.140,0,train,0.002939950866063376,0
normal,N0360,12051,38,50,2022-07-12 00:45:14.240,0,train,0.0,0
normal,N0360,12052,39,50,2022-07-12 00:45:14.340,0,train,0.0,0
normal,N0360,12053,40,50,2022-07-12 00:45:14.440,0,train,0.0,0
normal,N0360,12054,41,50,2022-07-12 00:45:14.540,0,train,0.0,0
normal,N0360,12055,42,50,2022-07-12 00:45:14.640,0,train,0.0,0
normal,N0360,12056,43,50,2022-07-12 00:45:14.740,0,train,0.0,0
normal,N0360,12057,44,50,2022-07-12 00:45:14.840,0,train,0.0,0
normal,N0360,12058,45,50,2022-07-12 00:45:14.940,0,train,0.0,0
normal,N0360,12059,46,50,2022-07-12 00:45:15.040,0,train,0.0,0
normal,N0360,12060,47,50,2022-07-12 00:45:15.140,0,train,0.0,0
normal,N0360,12061,48,50,2022-07-12 00:45:15.240,0,train,0.015377943466881441,0
normal,N0360,12062,49,50,2022-07-12 00:45:15.340,0,train,0.0033333333333333335,0
normal,N0361,12072,9,50,2022-07-12 00:45:18.144,0,train,0.0,0
normal,N0361,12073,10,50,2022-07-12 00:45:18.244,0,train,0.0,0
normal,N0361,12074,11,50,2022-07-12 00:45:18.344,0,train,0.0,0
normal,N0361,12075,12,50,2022-07-12 00:45:18.444,0,train,0.0,0
normal,N0361,12076,13,50,2022-07-12 00:45:18.544,0,train,0.0,0
normal,N0361,12077,14,50,2022-07-12 00:45:18.644,0,train,0.0,0
normal,N0361,12078,15,50,2022-07-12 00:45:18.744,0,train,0.0,0
normal,N0361,12079,16,50,2022-07-12 00:45:18.844,0,train,0.003022720736266896,0
normal,N0361,12080,17,50,2022-07-12 00:45:18.944,0,train,0.0,0
normal,N0361,12081,18,50,2022-07-12 00:45:19.044,0,train,0.0,0
normal,N0361,12082,19,50,2022-07-12 00:45:19.144,0,train,0.0,0
normal,N0361,12083,20,50,2022-07-12 00:45:19.244,0,train,0.0,0
normal,N0361,12084,21,50,2022-07-12 00:45:19.344,0,train,0.0,0
normal,N0361,12085,22,50,2022-07-12 00:45:19.444,0,train,0.002839872810175186,0
normal,N0361,12086,23,50,2022-07-12 00:45:19.544,0,train,0.0,0
normal,N0361,12087,24,50,2022-07-12 00:45:19.644,0,train,0.0,0
normal,N0361,12088,25,50,2022-07-12 00:45:19.744,0,train,0.0,0
normal,N0361,12089,26,50,2022-07-12 00:45:19.844,0,train,0.0,0
normal,N0361,12090,27,50,2022-07-12 00:45:19.944,0,train,0.0,0
normal,N0361,12091,28,50,2022-07-12 00:45:20.044,0,train,0.0,0
normal,N0361,12092,29,50,2022-07-12 00:45:20.144,0,train,0.0,0
normal,N0361,12093,30,50,2022-07-12 00:45:20.244,0,train,0.0,0
normal,N0361,12094,31,50,2022-07-12 00:45:20.344,0,train,0.0,0
normal,N0361,12095,32,50,2022-07-12 00:45:20.444,0,train,0.0,0
normal,N0361,12096,33,50,2022-07-12 00:45:20.544,0,train,0.0,0
normal,N0361,12097,34,50,2022-07-12 00:45:20.644,0,train,0.0,0
normal,N0361,12098,35,50,2022-07-12 00:45:20.744,0,train,0.0,0
normal,N0361,12099,36,50,2022-07-12 00:45:20.844,0,train,0.0,0
normal,N0361,12100,37,50,2022-07-12 00:45:20.944,0,train,0.0,0
normal,N0361,12101,38,50,2022-07-12 00:45:21.044,0,train,0.0,0
normal,N0361,12102,39,50,2022-07-12 00:45:21.144,0,train,0.0,0
normal,N0361,12103,40,50,2022-07-12 00:45:21.244,0,train,0.008644583747155684,0
normal,N0361,12104,41,50,2022-07-12 00:45:21.344,0,train,0.0,0
normal,N0361,12105,42,50,2022-07-12 00:45:21.444,0,train,0.0,0
normal,N0361,12106,43,50,2022-07-12 00:45:21.544,0,train,0.0,0
normal,N0361,12107,44,50,2022-07-12 00:45:21.644,0,train,0.0,0
normal,N0361,12108,45,50,2022-07-12 00:45:21.744,0,train,0.0,0
normal,N0361,12109,46,50,2022-07-12 00:45:21.844,0,train,0.0,0
normal,N0361,12110,47,50,2022-07-12 00:45:21.944,0,train,0.0028510998307952626,0
normal,N0361,12111,48,50,2022-07-12 00:45:22.044,0,train,0.0,0
normal,N0361,12112,49,50,2022-07-12 00:45:22.144,0,train,0.0028510998307952626,0
normal,N0363,12156,9,21,2022-07-12 00:45:34.252,0,train,0.0,0
normal,N0363,12157,10,21,2022-07-12 00:45:34.352,0,train,0.0,0
normal,N0363,12158,11,21,2022-07-12 00:45:34.452,0,train,0.003311716158619302,0
normal,N0363,12159,12,21,2022-07-12 00:45:34.552,0,train,0.0,0
normal,N0363,12160,13,21,2022-07-12 00:45:34.652,0,train,0.0,0
normal,N0363,12161,14,21,2022-07-12 00:45:34.752,0,train,0.0,0
normal,N0363,12162,15,21,2022-07-12 00:45:34.852,0,train,0.003184931506849315,0
normal,N0363,12163,16,21,2022-07-12 00:45:34.952,0,train,0.0,0
normal,N0363,12164,17,21,2022-07-12 00:45:35.052,0,train,0.0,0
normal,N0363,12165,18,21,2022-07-12 00:45:35.152,0,train,0.0,0
normal,N0363,12166,19,21,2022-07-12 00:45:35.252,0,train,0.0,0
normal,N0363,12167,20,21,2022-07-12 00:45:35.352,0,train,0.0,0
normal,N0365,12186,9,50,2022-07-12 00:45:51.792,0,train,0.015779152739256997,0
normal,N0365,12187,10,50,2022-07-12 00:45:51.892,0,train,0.0,0
normal,N0365,12188,11,50,2022-07-12 00:45:51.992,0,train,0.0,0
normal,N0365,12189,12,50,2022-07-12 00:45:52.092,0,train,0.005974443233149631,0
normal,N0365,12190,13,50,2022-07-12 00:45:52.192,0,train,0.0,0
normal,N0365,12191,14,50,2022-07-12 00:45:52.292,0,train,0.0,0
normal,N0365,12192,15,50,2022-07-12 00:45:52.392,0,train,0.0,0
normal,N0365,12193,16,50,2022-07-12 00:45:52.492,0,train,0.0031709598743777357,0
normal,N0365,12194,17,50,2022-07-12 00:45:52.592,0,train,0.0,0
normal,N0365,12195,18,50,2022-07-12 00:45:52.692,0,train,0.0,0
normal,N0365,12196,19,50,2022-07-12 00:45:52.792,0,train,0.0032852614344933296,0
normal,N0365,12197,20,50,2022-07-12 00:45:52.892,0,train,0.0032852614344933296,0
normal,N0365,12198,21,50,2022-07-12 00:45:52.992,0,train,0.0032852614344933296,0
normal,N0365,12199,22,50,2022-07-12 00:45:53.092,0,train,0.0,0
normal,N0365,12200,23,50,2022-07-12 00:45:53.192,0,train,0.006357391609955589,0
normal,N0365,12201,24,50,2022-07-12 00:45:53.292,0,train,0.024054764105759015,0
normal,N0365,12202,25,50,2022-07-12 00:45:53.392,0,train,0.052916415386879065,0
normal,N0365,12203,26,50,2022-07-12 00:45:53.492,0,train,0.0030169361783561385,0
normal,N0365,12204,27,50,2022-07-12 00:45:53.592,0,train,0.0,0
normal,N0365,12205,28,50,2022-07-12 00:45:53.692,0,train,0.0,0
normal,N0365,12206,29,50,2022-07-12 00:45:53.792,0,train,0.0,0
normal,N0365,12207,30,50,2022-07-12 00:45:53.892,0,train,0.0,0
normal,N0365,12208,31,50,2022-07-12 00:45:53.992,0,train,0.0,0
normal,N0365,12209,32,50,2022-07-12 00:45:54.092,0,train,0.0,0
normal,N0365,12210,33,50,2022-07-12 00:45:54.192,0,train,0.033312696968797045,0
normal,N0365,12211,34,50,2022-07-12 00:45:54.292,0,train,0.020713725891673862,0
normal,N0365,12212,35,50,2022-07-12 00:45:54.392,0,train,0.0,0
normal,N0365,12213,36,50,2022-07-12 00:45:54.492,0,train,0.0,0
normal,N0365,12214,37,50,2022-07-12 00:45:54.592,0,train,0.0,0
normal,N0365,12215,38,50,2022-07-12 00:45:54.692,0,train,0.0,0
normal,N0365,12216,39,50,2022-07-12 00:45:54.792,0,train,0.0,0
normal,N0365,12217,40,50,2022-07-12 00:45:54.892,0,train,0.0,0
normal,N0365,12218,41,50,2022-07-12 00:45:54.992,0,train,0.006407539424046216,0
normal,N0365,12219,42,50,2022-07-12 00:45:55.092,0,train,0.009187627734877381,0
normal,N0365,12220,43,50,2022-07-12 00:45:55.192,0,train,0.0,0
normal,N0365,12221,44,50,2022-07-12 00:45:55.292,0,train,0.0,0
normal,N0365,12222,45,50,2022-07-12 00:45:55.392,0,train,0.0,0
normal,N0365,12223,46,50,2022-07-12 00:45:55.492,0,train,0.0,0
normal,N0365,12224,47,50,2022-07-12 00:45:55.592,0,train,0.0,0
normal,N0365,12225,48,50,2022-07-12 00:45:55.692,0,train,0.0,0
normal,N0365,12226,49,50,2022-07-12 00:45:55.792,0,train,0.006158736064959965,0
normal,N0366,12236,9,50,2022-07-12 00:45:58.461,0,train,0.006543549043549044,0
normal,N0366,12237,10,50,2022-07-12 00:45:58.561,0,train,0.013032398514534511,0
normal,N0366,12238,11,50,2022-07-12 00:45:58.661,0,train,0.04065777555304029,0
normal,N0366,12239,12,50,2022-07-12 00:45:58.761,0,train,0.06686383592624993,0
normal,N0366,12240,13,50,2022-07-12 00:45:58.861,0,train,0.15867069805745174,0
normal,N0366,12241,14,50,2022-07-12 00:45:58.961,0,train,0.09196237880151645,0
normal,N0366,12242,15,50,2022-07-12 00:45:59.061,0,train,0.08570225992749246,0
normal,N0366,12243,16,50,2022-07-12 00:45:59.161,0,train,0.17791143514308505,0
normal,N0366,12244,17,50,2022-07-12 00:45:59.261,0,train,0.013295094705939528,0
normal,N0366,12245,18,50,2022-07-12 00:45:59.361,0,train,0.031592798416064924,0
normal,N0366,12246,19,50,2022-07-12 00:45:59.461,0,train,0.00578561893959216,0
normal,N0366,12247,20,50,2022-07-12 00:45:59.561,0,train,0.08446281676867884,0
normal,N0366,12248,21,50,2022-07-12 00:45:59.661,0,train,0.07767963242762962,0
normal,N0366,12249,22,50,2022-07-12 00:45:59.761,0,train,0.006579444387211977,0
normal,N0366,12250,23,50,2022-07-12 00:45:59.861,0,train,0.00892956005333509,0
normal,N0366,12251,24,50,2022-07-12 00:45:59.961,0,train,0.0,0
normal,N0366,12252,25,50,2022-07-12 00:46:00.061,0,train,0.0,0
normal,N0366,12253,26,50,2022-07-12 00:46:00.161,0,train,0.0,0
normal,N0366,12254,27,50,2022-07-12 00:46:00.261,0,train,0.0,0
normal,N0366,12255,28,50,2022-07-12 00:46:00.361,0,train,0.006345087135112876,0
normal,N0366,12256,29,50,2022-07-12 00:46:00.461,0,train,0.012153004524267895,0
normal,N0366,12257,30,50,2022-07-12 00:46:00.561,0,train,0.009209571378146512,0
normal,N0366,12258,31,50,2022-07-12 00:46:00.661,0,train,0.006068631766049198,0
normal,N0366,12259,32,50,2022-07-12 00:46:00.761,0,train,0.0031338663488437537,0
normal,N0366,12260,33,50,2022-07-12 00:46:00.861,0,train,0.0,0
normal,N0366,12261,34,50,2022-07-12 00:46:00.961,0,train,0.0,0
normal,N0366,12262,35,50,2022-07-12 00:46:01.061,0,train,0.0,0
normal,N0366,12263,36,50,2022-07-12 00:46:01.161,0,train,0.0,0
normal,N0366,12264,37,50,2022-07-12 00:46:01.261,0,train,0.0,0
normal,N0366,12265,38,50,2022-07-12 00:46:01.361,0,train,0.0033333333333333335,0
normal,N0366,12266,39,50,2022-07-12 00:46:01.461,0,train,0.0,0
normal,N0366,12267,40,50,2022-07-12 00:46:01.561,0,train,0.0,0
normal,N0366,12268,41,50,2022-07-12 00:46:01.661,0,train,0.0,0
normal,N0366,12269,42,50,2022-07-12 00:46:01.761,0,train,0.0,0
normal,N0366,12270,43,50,2022-07-12 00:46:01.861,0,train,0.0,0
normal,N0366,12271,44,50,2022-07-12 00:46:01.961,0,train,0.0,0
normal,N0366,12272,45,50,2022-07-12 00:46:02.061,0,train,0.0033260963196709062,0
normal,N0366,12273,46,50,2022-07-12 00:46:02.161,0,train,0.0066182969392947965,0
normal,N0366,12274,47,50,2022-07-12 00:46:02.261,0,train,0.009494177444394533,0
normal,N0366,12275,48,50,2022-07-12 00:46:02.361,0,train,0.003313369058877097,0
normal,N0366,12276,49,50,2022-07-12 00:46:02.461,0,train,0.0,0
normal,N0368,12323,9,27,2022-07-12 00:46:14.385,0,train,0.012229873870722462,0
normal,N0368,12324,10,27,2022-07-12 00:46:14.485,0,train,0.021530859214639632,0
normal,N0368,12325,11,27,2022-07-12 00:46:14.585,0,train,0.009251991576539251,0
normal,N0368,12326,12,27,2022-07-12 00:46:14.685,0,train,0.0,0
normal,N0368,12327,13,27,2022-07-12 00:46:14.785,0,train,0.003255350578858772,0
normal,N0368,12328,14,27,2022-07-12 00:46:14.885,0,train,0.009772527576705077,0
normal,N0368,12329,15,27,2022-07-12 00:46:14.985,0,train,0.02183590953550906,0
normal,N0368,12330,16,27,2022-07-12 00:46:15.085,0,train,0.028088511106384915,0
normal,N0368,12331,17,27,2022-07-12 00:46:15.185,0,train,0.05368251409339892,0
normal,N0368,12332,18,27,2022-07-12 00:46:15.285,0,train,0.09737880191545421,0
normal,N0368,12333,19,27,2022-07-12 00:46:15.385,0,train,0.018357237494520017,0
normal,N0368,12334,20,27,2022-07-12 00:46:15.485,0,train,0.0,0
normal,N0368,12335,21,27,2022-07-12 00:46:15.585,0,train,0.0,0
normal,N0368,12336,22,27,2022-07-12 00:46:15.685,0,train,0.012590809115391604,0
normal,N0368,12337,23,27,2022-07-12 00:46:15.785,0,train,0.0406930510992203,0
normal,N0368,12338,24,27,2022-07-12 00:46:15.885,0,train,0.03685821062544023,0
normal,N0368,12339,25,27,2022-07-12 00:46:15.985,0,train,0.024343333660567228,0
normal,N0368,12340,26,27,2022-07-12 00:46:16.085,0,train,0.024854909640905136,0
normal,N0369,12350,9,15,2022-07-12 00:46:22.324,0,train,0.002899788738862864,0
normal,N0369,12351,10,15,2022-07-12 00:46:22.424,0,train,0.0,0
normal,N0369,12352,11,15,2022-07-12 00:46:22.524,0,train,0.0,0
normal,N0369,12353,12,15,2022-07-12 00:46:22.624,0,train,0.009818836703228383,0
normal,N0369,12354,13,15,2022-07-12 00:46:22.724,0,train,0.0161656482764331,0
normal,N0369,12355,14,15,2022-07-12 00:46:22.824,0,train,0.03348789117722737,0
normal,N0371,12366,9,50,2022-07-12 00:46:32.484,0,train,0.003260118800939356,0
normal,N0371,12367,10,50,2022-07-12 00:46:32.584,0,train,0.0,0
normal,N0371,12368,11,50,2022-07-12 00:46:32.684,0,train,0.0,0
normal,N0371,12369,12,50,2022-07-12 00:46:32.784,0,train,0.0,0
normal,N0371,12370,13,50,2022-07-12 00:46:32.884,0,train,0.0,0
normal,N0371,12371,14,50,2022-07-12 00:46:32.984,0,train,0.0,0
normal,N0371,12372,15,50,2022-07-12 00:46:33.084,0,train,0.0,0
normal,N0371,12373,16,50,2022-07-12 00:46:33.184,0,train,0.005937175137983442,0
normal,N0371,12374,17,50,2022-07-12 00:46:33.284,0,train,0.0,0
normal,N0371,12375,18,50,2022-07-12 00:46:33.384,0,train,0.0,0
normal,N0371,12376,19,50,2022-07-12 00:46:33.484,0,train,0.00634560004890688,0
normal,N0371,12377,20,50,2022-07-12 00:46:33.584,0,train,0.0,0
normal,N0371,12378,21,50,2022-07-12 00:46:33.684,0,train,0.0,0
normal,N0371,12379,22,50,2022-07-12 00:46:33.784,0,train,0.0,0
normal,N0371,12380,23,50,2022-07-12 00:46:33.884,0,train,0.0062156906151648265,0
normal,N0371,12381,24,50,2022-07-12 00:46:33.984,0,train,0.04857419985492477,0
normal,N0371,12382,25,50,2022-07-12 00:46:34.084,0,train,0.0386329482276763,0
normal,N0371,12383,26,50,2022-07-12 00:46:34.184,0,train,0.028598683768844897,0
normal,N0371,12384,27,50,2022-07-12 00:46:34.284,0,train,0.03752446623134597,0
normal,N0371,12385,28,50,2022-07-12 00:46:34.384,0,train,0.034370283270685524,0
normal,N0371,12386,29,50,2022-07-12 00:46:34.484,0,train,0.02136862117553246,0
normal,N0371,12387,30,50,2022-07-12 00:46:34.584,0,train,0.024508840314558102,0
normal,N0371,12388,31,50,2022-07-12 00:46:34.684,0,train,0.0,0
normal,N0371,12389,32,50,2022-07-12 00:46:34.784,0,train,0.0,0
normal,N0371,12390,33,50,2022-07-12 00:46:34.884,0,train,0.0,0
normal,N0371,12391,34,50,2022-07-12 00:46:34.984,0,train,0.0,0
normal,N0371,12392,35,50,2022-07-12 00:46:35.084,0,train,0.0,0
normal,N0371,12393,36,50,2022-07-12 00:46:35.184,0,train,0.0,0
normal,N0371,12394,37,50,2022-07-12 00:46:35.284,0,train,0.0,0
normal,N0371,12395,38,50,2022-07-12 00:46:35.384,0,train,0.0,0
normal,N0371,12396,39,50,2022-07-12 00:46:35.484,0,train,0.0,0
normal,N0371,12397,40,50,2022-07-12 00:46:35.584,0,train,0.006579035073379517,0
normal,N0371,12398,41,50,2022-07-12 00:46:35.684,0,train,0.055563846755780195,0
normal,N0371,12399,42,50,2022-07-12 00:46:35.784,0,train,0.0033245788901897495,0
normal,N0371,12400,43,50,2022-07-12 00:46:35.884,0,train,0.01810269571814455,0
normal,N0371,12401,44,50,2022-07-12 00:46:35.984,0,train,0.012333628420020431,0
normal,N0371,12402,45,50,2022-07-12 00:46:36.084,0,train,0.0029344465058750778,0
normal,N0371,12403,46,50,2022-07-12 00:46:36.184,0,train,0.0,0
normal,N0371,12404,47,50,2022-07-12 00:46:36.284,0,train,0.0,0
normal,N0371,12405,48,50,2022-07-12 00:46:36.384,0,train,0.0,0
normal,N0371,12406,49,50,2022-07-12 00:46:36.484,0,train,0.002918870433948842,0
normal,N0373,12466,9,43,2022-07-12 00:46:46.558,0,train,0.0,0
normal,N0373,12467,10,43,2022-07-12 00:46:46.658,0,train,0.0,0
normal,N0373,12468,11,43,2022-07-12 00:46:46.758,0,train,0.0,0
normal,N0373,12469,12,43,2022-07-12 00:46:46.858,0,train,0.0,0
normal,N0373,12470,13,43,2022-07-12 00:46:46.958,0,train,0.0,0
normal,N0373,12471,14,43,2022-07-12 00:46:47.058,0,train,0.015571813241773374,0
normal,N0373,12472,15,43,2022-07-12 00:46:47.158,0,train,0.0,0
normal,N0373,12473,16,43,2022-07-12 00:46:47.258,0,train,0.0029287198090100146,0
normal,N0373,12474,17,43,2022-07-12 00:46:47.358,0,train,0.0,0
normal,N0373,12475,18,43,2022-07-12 00:46:47.458,0,train,0.0,0
normal,N0373,12476,19,43,2022-07-12 00:46:47.558,0,train,0.0,0
normal,N0373,12477,20,43,2022-07-12 00:46:47.658,0,train,0.0,0
normal,N0373,12478,21,43,2022-07-12 00:46:47.758,0,train,0.0,0
normal,N0373,12479,22,43,2022-07-12 00:46:47.858,0,train,0.0,0
normal,N0373,12480,23,43,2022-07-12 00:46:47.958,0,train,0.0,0
normal,N0373,12481,24,43,2022-07-12 00:46:48.058,0,train,0.0,0
normal,N0373,12482,25,43,2022-07-12 00:46:48.158,0,train,0.0,0
normal,N0373,12483,26,43,2022-07-12 00:46:48.258,0,train,0.0,0
normal,N0373,12484,27,43,2022-07-12 00:46:48.358,0,train,0.0,0
normal,N0373,12485,28,43,2022-07-12 00:46:48.458,0,train,0.0,0
normal,N0373,12486,29,43,2022-07-12 00:46:48.558,0,train,0.022111430883726753,0
normal,N0373,12487,30,43,2022-07-12 00:46:48.658,0,train,0.021859987776398703,0
normal,N0373,12488,31,43,2022-07-12 00:46:48.758,0,train,0.02214096301596989,0
normal,N0373,12489,32,43,2022-07-12 00:46:48.858,0,train,0.003295596272327761,0
normal,N0373,12490,33,43,2022-07-12 00:46:48.958,0,train,0.0,0
normal,N0373,12491,34,43,2022-07-12 00:46:49.058,0,train,0.0,0
normal,N0373,12492,35,43,2022-07-12 00:46:49.158,0,train,0.003070766227428014,0
normal,N0373,12493,36,43,2022-07-12 00:46:49.258,0,train,0.003070766227428014,0
normal,N0373,12494,37,43,2022-07-12 00:46:49.358,0,train,0.003070766227428014,0
normal,N0373,12495,38,43,2022-07-12 00:46:49.458,0,train,0.013011702706322589,0
normal,N0373,12496,39,43,2022-07-12 00:46:49.558,0,train,0.025619401882896922,0
normal,N0373,12497,40,43,2022-07-12 00:46:49.658,0,train,0.0,0
normal,N0373,12498,41,43,2022-07-12 00:46:49.758,0,train,0.0,0
normal,N0373,12499,42,43,2022-07-12 00:46:49.858,0,train,0.0,0
normal,N0374,12509,9,30,2022-07-12 00:46:54.643,0,train,0.0,0
normal,N0374,12510,10,30,2022-07-12 00:46:54.743,0,train,0.014716323915127949,0
normal,N0374,12511,11,30,2022-07-12 00:46:54.843,0,train,0.024340687961005726,0
normal,N0374,12512,12,30,2022-07-12 00:46:54.943,0,train,0.0029398774532673946,0
normal,N0374,12513,13,30,2022-07-12 00:46:55.043,0,train,0.0,0
normal,N0374,12514,14,30,2022-07-12 00:46:55.143,0,train,0.0,0
normal,N0374,12515,15,30,2022-07-12 00:46:55.243,0,train,0.0,0
normal,N0374,12516,16,30,2022-07-12 00:46:55.343,0,train,0.0,0
normal,N0374,12517,17,30,2022-07-12 00:46:55.443,0,train,0.0,0
normal,N0374,12518,18,30,2022-07-12 00:46:55.543,0,train,0.02827518325448996,0
normal,N0374,12519,19,30,2022-07-12 00:46:55.643,0,train,0.07060038162507996,0
normal,N0374,12520,20,30,2022-07-12 00:46:55.743,0,train,0.0,0
normal,N0374,12521,21,30,2022-07-12 00:46:55.843,0,train,0.0,0
normal,N0374,12522,22,30,2022-07-12 00:46:55.943,0,train,0.0,0
normal,N0374,12523,23,30,2022-07-12 00:46:56.043,0,train,0.0,0
normal,N0374,12524,24,30,2022-07-12 00:46:56.143,0,train,0.0,0
normal,N0374,12525,25,30,2022-07-12 00:46:56.243,0,train,0.016575494046914722,0
normal,N0374,12526,26,30,2022-07-12 00:46:56.343,0,train,0.025985021582560407,0
normal,N0374,12527,27,30,2022-07-12 00:46:56.443,0,train,0.06395899863551259,0
normal,N0374,12528,28,30,2022-07-12 00:46:56.543,0,train,0.018425449687636136,0
normal,N0374,12529,29,30,2022-07-12 00:46:56.643,0,train,0.009605560825555954,0
normal,N0375,12539,9,21,2022-07-12 00:47:02.544,0,train,0.0,0
normal,N0375,12540,10,21,2022-07-12 00:47:02.644,0,train,0.0,0
normal,N0375,12541,11,21,2022-07-12 00:47:02.744,0,train,0.003278154869095443,0
normal,N0375,12542,12,21,2022-07-12 00:47:02.844,0,train,0.0,0
normal,N0375,12543,13,21,2022-07-12 00:47:02.944,0,train,0.0,0
normal,N0375,12544,14,21,2022-07-12 00:47:03.044,0,train,0.0,0
normal,N0375,12545,15,21,2022-07-12 00:47:03.144,0,train,0.0,0
normal,N0375,12546,16,21,2022-07-12 00:47:03.244,0,train,0.0,0
normal,N0375,12547,17,21,2022-07-12 00:47:03.344,0,train,0.0,0
normal,N0375,12548,18,21,2022-07-12 00:47:03.444,0,train,0.0,0
normal,N0375,12549,19,21,2022-07-12 00:47:03.544,0,train,0.0,0
normal,N0375,12550,20,21,2022-07-12 00:47:03.644,0,train,0.0,0
normal,N0378,12616,9,50,2022-07-12 00:47:19.391,0,train,0.0031842103047296675,0
normal,N0378,12617,10,50,2022-07-12 00:47:19.491,0,train,0.006480566397294291,0
normal,N0378,12618,11,50,2022-07-12 00:47:19.591,0,train,0.009692792464191639,0
normal,N0378,12619,12,50,2022-07-12 00:47:19.691,0,train,0.009692792464191639,0
normal,N0378,12620,13,50,2022-07-12 00:47:19.791,0,train,0.009692792464191639,0
normal,N0378,12621,14,50,2022-07-12 00:47:19.891,0,train,0.009692792464191639,0
normal,N0378,12622,15,50,2022-07-12 00:47:19.991,0,train,0.009692792464191639,0
normal,N0378,12623,16,50,2022-07-12 00:47:20.091,0,train,0.03539654526397714,0
normal,N0378,12624,17,50,2022-07-12 00:47:20.191,0,train,0.00656006127142839,0
normal,N0378,12625,18,50,2022-07-12 00:47:20.291,0,train,0.0,0
normal,N0378,12626,19,50,2022-07-12 00:47:20.391,0,train,0.0,0
normal,N0378,12627,20,50,2022-07-12 00:47:20.491,0,train,0.0,0
normal,N0378,12628,21,50,2022-07-12 00:47:20.591,0,train,0.0,0
normal,N0378,12629,22,50,2022-07-12 00:47:20.691,0,train,0.0,0
normal,N0378,12630,23,50,2022-07-12 00:47:20.791,0,train,0.0,0
normal,N0378,12631,24,50,2022-07-12 00:47:20.891,0,train,0.0,0
normal,N0378,12632,25,50,2022-07-12 00:47:20.991,0,train,0.0029063525658722124,0
normal,N0378,12633,26,50,2022-07-12 00:47:21.091,0,train,0.0060258016179902205,0
normal,N0378,12634,27,50,2022-07-12 00:47:21.191,0,train,0.0,0
normal,N0378,12635,28,50,2022-07-12 00:47:21.291,0,train,0.0,0
normal,N0378,12636,29,50,2022-07-12 00:47:21.391,0,train,0.0,0
normal,N0378,12637,30,50,2022-07-12 00:47:21.491,0,train,0.0,0
normal,N0378,12638,31,50,2022-07-12 00:47:21.591,0,train,0.0,0
normal,N0378,12639,32,50,2022-07-12 00:47:21.691,0,train,0.003296895068967443,0
normal,N0378,12640,33,50,2022-07-12 00:47:21.791,0,train,0.05720591203414917,0
normal,N0378,12641,34,50,2022-07-12 00:47:21.891,0,train,0.0032998710307086338,0
normal,N0378,12642,35,50,2022-07-12 00:47:21.991,0,train,0.0,0
normal,N0378,12643,36,50,2022-07-12 00:47:22.091,0,train,0.0,0
normal,N0378,12644,37,50,2022-07-12 00:47:22.191,0,train,0.0,0
normal,N0378,12645,38,50,2022-07-12 00:47:22.291,0,train,0.0,0
normal,N0378,12646,39,50,2022-07-12 00:47:22.391,0,train,0.0,0
normal,N0378,12647,40,50,2022-07-12 00:47:22.491,0,train,0.0,0
normal,N0378,12648,41,50,2022-07-12 00:47:22.591,0,train,0.0031854825108779974,0
normal,N0378,12649,42,50,2022-07-12 00:47:22.691,0,train,0.0,0
normal,N0378,12650,43,50,2022-07-12 00:47:22.791,0,train,0.0,0
normal,N0378,12651,44,50,2022-07-12 00:47:22.891,0,train,0.0033333333333333335,0
normal,N0378,12652,45,50,2022-07-12 00:47:22.991,0,train,0.0,0
normal,N0378,12653,46,50,2022-07-12 00:47:23.091,0,train,0.0,0
normal,N0378,12654,47,50,2022-07-12 00:47:23.191,0,train,0.0,0
normal,N0378,12655,48,50,2022-07-12 00:47:23.291,0,train,0.006492913299128885,0
normal,N0378,12656,49,50,2022-07-12 00:47:23.391,0,train,0.00903130342400184,0
normal,N0379,12666,9,43,2022-07-12 00:47:26.688,0,train,0.0029979994284081166,0
normal,N0379,12667,10,43,2022-07-12 00:47:26.788,0,train,0.005947760865399415,0
normal,N0379,12668,11,43,2022-07-12 00:47:26.888,0,train,0.0032142129912441455,0
normal,N0379,12669,12,43,2022-07-12 00:47:26.988,0,train,0.019210645931897623,0
normal,N0379,12670,13,43,2022-07-12 00:47:27.088,0,train,0.012428954107191647,0
normal,N0379,12671,14,43,2022-07-12 00:47:27.188,0,train,0.005947760865399415,0
normal,N0379,12672,15,43,2022-07-12 00:47:27.288,0,train,0.0,0
normal,N0379,12673,16,43,2022-07-12 00:47:27.388,0,train,0.003161998460663253,0
normal,N0379,12674,17,43,2022-07-12 00:47:27.488,0,train,0.0,0
normal,N0379,12675,18,43,2022-07-12 00:47:27.588,0,train,0.0,0
normal,N0379,12676,19,43,2022-07-12 00:47:27.688,0,train,0.0028882783882783884,0
normal,N0379,12677,20,43,2022-07-12 00:47:27.788,0,train,0.0033232943610785977,0
normal,N0379,12678,21,43,2022-07-12 00:47:27.888,0,train,0.0,0
normal,N0379,12679,22,43,2022-07-12 00:47:27.988,0,train,0.0,0
normal,N0379,12680,23,43,2022-07-12 00:47:28.088,0,train,0.0,0
normal,N0379,12681,24,43,2022-07-12 00:47:28.188,0,train,0.006003483806515438,0
normal,N0379,12682,25,43,2022-07-12 00:47:28.288,0,train,0.009499844277531463,0
normal,N0379,12683,26,43,2022-07-12 00:47:28.388,0,train,0.0,0
normal,N0379,12684,27,43,2022-07-12 00:47:28.488,0,train,0.00322730825432426,0
normal,N0379,12685,28,43,2022-07-12 00:47:28.588,0,train,0.0,0
normal,N0379,12686,29,43,2022-07-12 00:47:28.688,0,train,0.0,0
normal,N0379,12687,30,43,2022-07-12 00:47:28.788,0,train,0.0,0
normal,N0379,12688,31,43,2022-07-12 00:47:28.888,0,train,0.0,0
normal,N0379,12689,32,43,2022-07-12 00:47:28.988,0,train,0.0033333333333333335,0
normal,N0379,12690,33,43,2022-07-12 00:47:29.088,0,train,0.0,0
normal,N0379,12691,34,43,2022-07-12 00:47:29.188,0,train,0.0,0
normal,N0379,12692,35,43,2022-07-12 00:47:29.288,0,train,0.009312086927902476,0
normal,N0379,12693,36,43,2022-07-12 00:47:29.388,0,train,0.0,0
normal,N0379,12694,37,43,2022-07-12 00:47:29.488,0,train,0.0029653984656333177,0
normal,N0379,12695,38,43,2022-07-12 00:47:29.588,0,train,0.0,0
normal,N0379,12696,39,43,2022-07-12 00:47:29.688,0,train,0.0,0
normal,N0379,12697,40,43,2022-07-12 00:47:29.788,0,train,0.03899025918000873,0
normal,N0379,12698,41,43,2022-07-12 00:47:29.888,0,train,0.04513608396044031,0
normal,N0379,12699,42,43,2022-07-12 00:47:29.988,0,train,0.029937588319614246,0
normal,N0380,12709,9,29,2022-07-12 00:47:34.687,0,train,0.0,0
normal,N0380,12710,10,29,2022-07-12 00:47:34.787,0,train,0.003168558893465957,0
normal,N0380,12711,11,29,2022-07-12 00:47:34.887,0,train,0.006107102211567236,0
normal,N0380,12712,12,29,2022-07-12 00:47:34.987,0,train,0.002964706620843338,0
normal,N0380,12713,13,29,2022-07-12 00:47:35.087,0,train,0.01561148769511333,0
normal,N0380,12714,14,29,2022-07-12 00:47:35.187,0,train,0.012719408600809038,0
normal,N0380,12715,15,29,2022-07-12 00:47:35.287,0,train,0.019603643392560516,0
normal,N0380,12716,16,29,2022-07-12 00:47:35.387,0,train,0.00627187665143461,0
normal,N0380,12717,17,29,2022-07-12 00:47:35.487,0,train,0.0,0
normal,N0380,12718,18,29,2022-07-12 00:47:35.587,0,train,0.002964706620843338,0
normal,N0380,12719,19,29,2022-07-12 00:47:35.687,0,train,0.0,0
normal,N0380,12720,20,29,2022-07-12 00:47:35.787,0,train,0.0,0
normal,N0380,12721,21,29,2022-07-12 00:47:35.887,0,train,0.0,0
normal,N0380,12722,22,29,2022-07-12 00:47:35.987,0,train,0.0031724808149860935,0
normal,N0380,12723,23,29,2022-07-12 00:47:36.087,0,train,0.003268738397410682,0
normal,N0380,12724,24,29,2022-07-12 00:47:36.187,0,train,0.0,0
normal,N0380,12725,25,29,2022-07-12 00:47:36.287,0,train,0.0,0
normal,N0380,12726,26,29,2022-07-12 00:47:36.387,0,train,0.0,0
normal,N0380,12727,27,29,2022-07-12 00:47:36.487,0,train,0.0,0
normal,N0380,12728,28,29,2022-07-12 00:47:36.587,0,train,0.0,0
normal,N0381,12738,9,13,2022-07-12 00:47:42.864,0,train,0.0,0
normal,N0381,12739,10,13,2022-07-12 00:47:42.964,0,train,0.0031692122186495184,0
normal,N0381,12740,11,13,2022-07-12 00:47:43.064,0,train,0.006291136045161592,0
normal,N0381,12741,12,13,2022-07-12 00:47:43.164,0,train,0.0032297522913898266,0
normal,N0383,12752,9,50,2022-07-12 00:48:00.631,0,train,0.01252825268071066,0
normal,N0383,12753,10,50,2022-07-12 00:48:00.731,0,train,0.0,0
normal,N0383,12754,11,50,2022-07-12 00:48:00.831,0,train,0.0,0
normal,N0383,12755,12,50,2022-07-12 00:48:00.931,0,train,0.0,0
normal,N0383,12756,13,50,2022-07-12 00:48:01.031,0,train,0.0,0
normal,N0383,12757,14,50,2022-07-12 00:48:01.131,0,train,0.0,0
normal,N0383,12758,15,50,2022-07-12 00:48:01.231,0,train,0.0,0
normal,N0383,12759,16,50,2022-07-12 00:48:01.331,0,train,0.0,0
normal,N0383,12760,17,50,2022-07-12 00:48:01.431,0,train,0.0,0
normal,N0383,12761,18,50,2022-07-12 00:48:01.531,0,train,0.0,0
normal,N0383,12762,19,50,2022-07-12 00:48:01.631,0,train,0.0,0
normal,N0383,12763,20,50,2022-07-12 00:48:01.731,0,train,0.0,0
normal,N0383,12764,21,50,2022-07-12 00:48:01.831,0,train,0.0,0
normal,N0383,12765,22,50,2022-07-12 00:48:01.931,0,train,0.0,0
normal,N0383,12766,23,50,2022-07-12 00:48:02.031,0,train,0.0,0
normal,N0383,12767,24,50,2022-07-12 00:48:02.131,0,train,0.0,0
normal,N0383,12768,25,50,2022-07-12 00:48:02.231,0,train,0.0,0
normal,N0383,12769,26,50,2022-07-12 00:48:02.331,0,train,0.0,0
normal,N0383,12770,27,50,2022-07-12 00:48:02.431,0,train,0.0,0
normal,N0383,12771,28,50,2022-07-12 00:48:02.531,0,train,0.0,0
normal,N0383,12772,29,50,2022-07-12 00:48:02.631,0,train,0.0,0
normal,N0383,12773,30,50,2022-07-12 00:48:02.731,0,train,0.0,0
normal,N0383,12774,31,50,2022-07-12 00:48:02.831,0,train,0.0,0
normal,N0383,12775,32,50,2022-07-12 00:48:02.931,0,train,0.0,0
normal,N0383,12776,33,50,2022-07-12 00:48:03.031,0,train,0.0,0
normal,N0383,12777,34,50,2022-07-12 00:48:03.131,0,train,0.0,0
normal,N0383,12778,35,50,2022-07-12 00:48:03.231,0,train,0.0,0
normal,N0383,12779,36,50,2022-07-12 00:48:03.331,0,train,0.0,0
normal,N0383,12780,37,50,2022-07-12 00:48:03.431,0,train,0.0,0
normal,N0383,12781,38,50,2022-07-12 00:48:03.531,0,train,0.0,0
normal,N0383,12782,39,50,2022-07-12 00:48:03.631,0,train,0.0,0
normal,N0383,12783,40,50,2022-07-12 00:48:03.731,0,train,0.0,0
normal,N0383,12784,41,50,2022-07-12 00:48:03.831,0,train,0.0,0
normal,N0383,12785,42,50,2022-07-12 00:48:03.931,0,train,0.0,0
normal,N0383,12786,43,50,2022-07-12 00:48:04.031,0,train,0.0,0
normal,N0383,12787,44,50,2022-07-12 00:48:04.131,0,train,0.0,0
normal,N0383,12788,45,50,2022-07-12 00:48:04.231,0,train,0.008938146978933154,0
normal,N0383,12789,46,50,2022-07-12 00:48:04.331,0,train,0.0,0
normal,N0383,12790,47,50,2022-07-12 00:48:04.431,0,train,0.00299324890512103,0
normal,N0383,12791,48,50,2022-07-12 00:48:04.531,0,train,0.0,0
normal,N0383,12792,49,50,2022-07-12 00:48:04.631,0,train,0.0,0
normal,N0384,12802,9,50,2022-07-12 00:48:07.459,0,train,0.0,0
normal,N0384,12803,10,50,2022-07-12 00:48:07.559,0,train,0.016396486571772742,0
normal,N0384,12804,11,50,2022-07-12 00:48:07.659,0,train,0.003260190240719756,0
normal,N0384,12805,12,50,2022-07-12 00:48:07.759,0,train,0.0,0
normal,N0384,12806,13,50,2022-07-12 00:48:07.859,0,train,0.0,0
normal,N0384,12807,14,50,2022-07-12 00:48:07.959,0,train,0.0,0
normal,N0384,12808,15,50,2022-07-12 00:48:08.059,0,train,0.0,0
normal,N0384,12809,16,50,2022-07-12 00:48:08.159,0,train,0.0,0
normal,N0384,12810,17,50,2022-07-12 00:48:08.259,0,train,0.0,0
normal,N0384,12811,18,50,2022-07-12 00:48:08.359,0,train,0.0,0
normal,N0384,12812,19,50,2022-07-12 00:48:08.459,0,train,0.0,0
normal,N0384,12813,20,50,2022-07-12 00:48:08.559,0,train,0.0,0
normal,N0384,12814,21,50,2022-07-12 00:48:08.659,0,train,0.0,0
normal,N0384,12815,22,50,2022-07-12 00:48:08.759,0,train,0.0,0
normal,N0384,12816,23,50,2022-07-12 00:48:08.859,0,train,0.0,0
normal,N0384,12817,24,50,2022-07-12 00:48:08.959,0,train,0.0,0
normal,N0384,12818,25,50,2022-07-12 00:48:09.059,0,train,0.0,0
normal,N0384,12819,26,50,2022-07-12 00:48:09.159,0,train,0.0,0
normal,N0384,12820,27,50,2022-07-12 00:48:09.259,0,train,0.021243024094354617,0
normal,N0384,12821,28,50,2022-07-12 00:48:09.359,0,train,0.0,0
normal,N0384,12822,29,50,2022-07-12 00:48:09.459,0,train,0.0,0
normal,N0384,12823,30,50,2022-07-12 00:48:09.559,0,train,0.0,0
normal,N0384,12824,31,50,2022-07-12 00:48:09.659,0,train,0.002938543318101278,0
normal,N0384,12825,32,50,2022-07-12 00:48:09.759,0,train,0.0,0
normal,N0384,12826,33,50,2022-07-12 00:48:09.859,0,train,0.0,0
normal,N0384,12827,34,50,2022-07-12 00:48:09.959,0,train,0.0,0
normal,N0384,12828,35,50,2022-07-12 00:48:10.059,0,train,0.0032122260668973474,0
normal,N0384,12829,36,50,2022-07-12 00:48:10.159,0,train,0.0,0
normal,N0384,12830,37,50,2022-07-12 00:48:10.259,0,train,0.0033333333333333335,0
normal,N0384,12831,38,50,2022-07-12 00:48:10.359,0,train,0.0,0
normal,N0384,12832,39,50,2022-07-12 00:48:10.459,0,train,0.0,0
normal,N0384,12833,40,50,2022-07-12 00:48:10.559,0,train,0.0,0
normal,N0384,12834,41,50,2022-07-12 00:48:10.659,0,train,0.03370074503433674,0
normal,N0384,12835,42,50,2022-07-12 00:48:10.759,0,train,0.03399682489528833,0
normal,N0384,12836,43,50,2022-07-12 00:48:10.859,0,train,0.0,0
normal,N0384,12837,44,50,2022-07-12 00:48:10.959,0,train,0.009348919886208992,0
normal,N0384,12838,45,50,2022-07-12 00:48:11.059,0,train,0.0,0
normal,N0384,12839,46,50,2022-07-12 00:48:11.159,0,train,0.0,0
normal,N0384,12840,47,50,2022-07-12 00:48:11.259,0,train,0.0,0
normal,N0384,12841,48,50,2022-07-12 00:48:11.359,0,train,0.0,0
normal,N0384,12842,49,50,2022-07-12 00:48:11.459,0,train,0.0,0
normal,N0385,12852,9,40,2022-07-12 00:48:15.076,0,train,0.0,0
normal,N0385,12853,10,40,2022-07-12 00:48:15.176,0,train,0.00968281193478125,0
normal,N0385,12854,11,40,2022-07-12 00:48:15.276,0,train,0.003233047411769726,0
normal,N0385,12855,12,40,2022-07-12 00:48:15.376,0,train,0.03696958155624539,0
normal,N0385,12856,13,40,2022-07-12 00:48:15.476,0,train,0.024864355708504787,0
normal,N0385,12857,14,40,2022-07-12 00:48:15.576,0,train,0.04130366465228534,0
normal,N0385,12858,15,40,2022-07-12 00:48:15.676,0,train,0.06325758133985254,0
normal,N0385,12859,16,40,2022-07-12 00:48:15.776,0,train,0.12968827567093708,0
normal,N0385,12860,17,40,2022-07-12 00:48:15.876,0,train,0.07068970067975928,0
normal,N0385,12861,18,40,2022-07-12 00:48:15.976,0,train,0.05468284607088241,0
normal,N0385,12862,19,40,2022-07-12 00:48:16.076,0,train,0.0222093572527709,0
normal,N0385,12863,20,40,2022-07-12 00:48:16.176,0,train,0.01864333756112942,0
normal,N0385,12864,21,40,2022-07-12 00:48:16.276,0,train,0.011710138786750214,0
normal,N0385,12865,22,40,2022-07-12 00:48:16.376,0,train,0.0,0
normal,N0385,12866,23,40,2022-07-12 00:48:16.476,0,train,0.0032433453546281982,0
normal,N0385,12867,24,40,2022-07-12 00:48:16.576,0,train,0.0,0
normal,N0385,12868,25,40,2022-07-12 00:48:16.676,0,train,0.0,0
normal,N0385,12869,26,40,2022-07-12 00:48:16.776,0,train,0.0,0
normal,N0385,12870,27,40,2022-07-12 00:48:16.876,0,train,0.0,0
normal,N0385,12871,28,40,2022-07-12 00:48:16.976,0,train,0.0,0
normal,N0385,12872,29,40,2022-07-12 00:48:17.076,0,train,0.0,0
normal,N0385,12873,30,40,2022-07-12 00:48:17.176,0,train,0.0,0
normal,N0385,12874,31,40,2022-07-12 00:48:17.276,0,train,0.0031784022149848098,0
normal,N0385,12875,32,40,2022-07-12 00:48:17.376,0,train,0.0063726788246868775,0
normal,N0385,12876,33,40,2022-07-12 00:48:17.476,0,train,0.0,0
normal,N0385,12877,34,40,2022-07-12 00:48:17.576,0,train,0.0,0
normal,N0385,12878,35,40,2022-07-12 00:48:17.676,0,train,0.003082770545822322,0
normal,N0385,12879,36,40,2022-07-12 00:48:17.776,0,train,0.018194982208107526,0
normal,N0385,12880,37,40,2022-07-12 00:48:17.876,0,train,0.021495056408273386,0
normal,N0385,12881,38,40,2022-07-12 00:48:17.976,0,train,0.020510051416652974,0
normal,N0385,12882,39,40,2022-07-12 00:48:18.076,0,train,0.003233047411769726,0
normal,N0386,12892,9,28,2022-07-12 00:48:23.050,0,train,0.05053888569028558,0
normal,N0386,12893,10,28,2022-07-12 00:48:23.150,0,train,0.021503335156823372,0
normal,N0386,12894,11,28,2022-07-12 00:48:23.250,0,train,0.021496576212850345,0
normal,N0386,12895,12,28,2022-07-12 00:48:23.350,0,train,0.024262425108651564,0
normal,N0386,12896,13,28,2022-07-12 00:48:23.450,0,train,0.033884732855475115,0
normal,N0386,12897,14,28,2022-07-12 00:48:23.550,0,train,0.021227799288672952,0
normal,N0386,12898,15,28,2022-07-12 00:48:23.650,0,train,0.018279817521128044,0
normal,N0386,12899,16,28,2022-07-12 00:48:23.750,0,train,0.008706196884495946,0
normal,N0386,12900,17,28,2022-07-12 00:48:23.850,0,train,0.01489864766859218,0
normal,N0386,12901,18,28,2022-07-12 00:48:23.950,0,train,0.0,0
normal,N0386,12902,19,28,2022-07-12 00:48:24.050,0,train,0.0,0
normal,N0386,12903,20,28,2022-07-12 00:48:24.150,0,train,0.0,0
normal,N0386,12904,21,28,2022-07-12 00:48:24.250,0,train,0.0,0
normal,N0386,12905,22,28,2022-07-12 00:48:24.350,0,train,0.0,0
normal,N0386,12906,23,28,2022-07-12 00:48:24.450,0,train,0.0,0
normal,N0386,12907,24,28,2022-07-12 00:48:24.550,0,train,0.0,0
normal,N0386,12908,25,28,2022-07-12 00:48:24.650,0,train,0.0,0
normal,N0386,12909,26,28,2022-07-12 00:48:24.750,0,train,0.0,0
normal,N0386,12910,27,28,2022-07-12 00:48:24.850,0,train,0.0,0
normal,N0389,12941,9,50,2022-07-12 00:48:41.045,0,train,0.0,0
normal,N0389,12942,10,50,2022-07-12 00:48:41.145,0,train,0.0,0
normal,N0389,12943,11,50,2022-07-12 00:48:41.245,0,train,0.0,0
normal,N0389,12944,12,50,2022-07-12 00:48:41.345,0,train,0.0,0
normal,N0389,12945,13,50,2022-07-12 00:48:41.445,0,train,0.0,0
normal,N0389,12946,14,50,2022-07-12 00:48:41.545,0,train,0.0,0
normal,N0389,12947,15,50,2022-07-12 00:48:41.645,0,train,0.0,0
normal,N0389,12948,16,50,2022-07-12 00:48:41.745,0,train,0.0,0
normal,N0389,12949,17,50,2022-07-12 00:48:41.845,0,train,0.0,0
normal,N0389,12950,18,50,2022-07-12 00:48:41.945,0,train,0.0,0
normal,N0389,12951,19,50,2022-07-12 00:48:42.045,0,train,0.00633975510872988,0
normal,N0389,12952,20,50,2022-07-12 00:48:42.145,0,train,0.0031336848738102345,0
normal,N0389,12953,21,50,2022-07-12 00:48:42.245,0,train,0.0,0
normal,N0389,12954,22,50,2022-07-12 00:48:42.345,0,train,0.0,0
normal,N0389,12955,23,50,2022-07-12 00:48:42.445,0,train,0.0,0
normal,N0389,12956,24,50,2022-07-12 00:48:42.545,0,train,0.0,0
normal,N0389,12957,25,50,2022-07-12 00:48:42.645,0,train,0.0,0
normal,N0389,12958,26,50,2022-07-12 00:48:42.745,0,train,0.0,0
normal,N0389,12959,27,50,2022-07-12 00:48:42.845,0,train,0.0,0
normal,N0389,12960,28,50,2022-07-12 00:48:42.945,0,train,0.0,0
normal,N0389,12961,29,50,2022-07-12 00:48:43.045,0,train,0.003300719865643663,0
normal,N0389,12962,30,50,2022-07-12 00:48:43.145,0,train,0.0,0
normal,N0389,12963,31,50,2022-07-12 00:48:43.245,0,train,0.0,0
normal,N0389,12964,32,50,2022-07-12 00:48:43.345,0,train,0.0,0
normal,N0389,12965,33,50,2022-07-12 00:48:43.445,0,train,0.006202270381836946,0
normal,N0389,12966,34,50,2022-07-12 00:48:43.545,0,train,0.0,0
normal,N0389,12967,35,50,2022-07-12 00:48:43.645,0,train,0.0,0
normal,N0389,12968,36,50,2022-07-12 00:48:43.745,0,train,0.002864114455457549,0
normal,N0389,12969,37,50,2022-07-12 00:48:43.845,0,train,0.0,0
normal,N0389,12970,38,50,2022-07-12 00:48:43.945,0,train,0.0,0
normal,N0389,12971,39,50,2022-07-12 00:48:44.045,0,train,0.0,0
normal,N0389,12972,40,50,2022-07-12 00:48:44.145,0,train,0.0,0
normal,N0389,12973,41,50,2022-07-12 00:48:44.245,0,train,0.0,0
normal,N0389,12974,42,50,2022-07-12 00:48:44.345,0,train,0.006431640871302841,0
normal,N0389,12975,43,50,2022-07-12 00:48:44.445,0,train,0.003116368856110478,0
normal,N0389,12976,44,50,2022-07-12 00:48:44.545,0,train,0.003241990316266612,0
normal,N0389,12977,45,50,2022-07-12 00:48:44.645,0,train,0.0,0
normal,N0389,12978,46,50,2022-07-12 00:48:44.745,0,train,0.0,0
normal,N0389,12979,47,50,2022-07-12 00:48:44.845,0,train,0.0,0
normal,N0389,12980,48,50,2022-07-12 00:48:44.945,0,train,0.0,0
normal,N0389,12981,49,50,2022-07-12 00:48:45.045,0,train,0.0,0
normal,N0390,12991,9,50,2022-07-12 00:48:47.696,0,train,0.008829009725132994,0
normal,N0390,12992,10,50,2022-07-12 00:48:47.796,0,train,0.0,0
normal,N0390,12993,11,50,2022-07-12 00:48:47.896,0,train,0.0,0
normal,N0390,12994,12,50,2022-07-12 00:48:47.996,0,train,0.0,0
normal,N0390,12995,13,50,2022-07-12 00:48:48.096,0,train,0.0,0
normal,N0390,12996,14,50,2022-07-12 00:48:48.196,0,train,0.0,0
normal,N0390,12997,15,50,2022-07-12 00:48:48.296,0,train,0.0,0
normal,N0390,12998,16,50,2022-07-12 00:48:48.396,0,train,0.011809550071500412,0
normal,N0390,12999,17,50,2022-07-12 00:48:48.496,0,train,0.027689743441001714,0
normal,N0390,13000,18,50,2022-07-12 00:48:48.596,0,train,0.0032343911929762813,0
normal,N0390,13001,19,50,2022-07-12 00:48:48.696,0,train,0.0031570720675779046,0
normal,N0390,13002,20,50,2022-07-12 00:48:48.796,0,train,0.0,0
normal,N0390,13003,21,50,2022-07-12 00:48:48.896,0,train,0.008567311550968326,0
normal,N0390,13004,22,50,2022-07-12 00:48:48.996,0,train,0.008567311550968326,0
normal,N0390,13005,23,50,2022-07-12 00:48:49.096,0,train,0.003217231897341888,0
normal,N0390,13006,24,50,2022-07-12 00:48:49.196,0,train,0.0,0
normal,N0390,13007,25,50,2022-07-12 00:48:49.296,0,train,0.0,0
normal,N0390,13008,26,50,2022-07-12 00:48:49.396,0,train,0.0,0
normal,N0390,13009,27,50,2022-07-12 00:48:49.496,0,train,0.0,0
normal,N0390,13010,28,50,2022-07-12 00:48:49.596,0,train,0.0,0
normal,N0390,13011,29,50,2022-07-12 00:48:49.696,0,train,0.0,0
normal,N0390,13012,30,50,2022-07-12 00:48:49.796,0,train,0.0,0
normal,N0390,13013,31,50,2022-07-12 00:48:49.896,0,train,0.0,0
normal,N0390,13014,32,50,2022-07-12 00:48:49.996,0,train,0.0,0
normal,N0390,13015,33,50,2022-07-12 00:48:50.096,0,train,0.006360560016025587,0
normal,N0390,13016,34,50,2022-07-12 00:48:50.196,0,train,0.0,0
normal,N0390,13017,35,50,2022-07-12 00:48:50.296,0,train,0.0,0
normal,N0390,13018,36,50,2022-07-12 00:48:50.396,0,train,0.0,0
normal,N0390,13019,37,50,2022-07-12 00:48:50.496,0,train,0.0,0
normal,N0390,13020,38,50,2022-07-12 00:48:50.596,0,train,0.0,0
normal,N0390,13021,39,50,2022-07-12 00:48:50.696,0,train,0.0,0
normal,N0390,13022,40,50,2022-07-12 00:48:50.796,0,train,0.0,0
normal,N0390,13023,41,50,2022-07-12 00:48:50.896,0,train,0.0028801583675955532,0
normal,N0390,13024,42,50,2022-07-12 00:48:50.996,0,train,0.0,0
normal,N0390,13025,43,50,2022-07-12 00:48:51.096,0,train,0.0032343911929762813,0
normal,N0390,13026,44,50,2022-07-12 00:48:51.196,0,train,0.0,0
normal,N0390,13027,45,50,2022-07-12 00:48:51.296,0,train,0.002642402846656019,0
normal,N0390,13028,46,50,2022-07-12 00:48:51.396,0,train,0.0031796523723240057,0
normal,N0390,13029,47,50,2022-07-12 00:48:51.496,0,train,0.0,0
normal,N0390,13030,48,50,2022-07-12 00:48:51.596,0,train,0.0,0
normal,N0390,13031,49,50,2022-07-12 00:48:51.696,0,train,0.011855605878785837,0
normal,N0391,13041,9,39,2022-07-12 00:48:55.484,0,train,0.003060475196920439,0
normal,N0391,13042,10,39,2022-07-12 00:48:55.584,0,train,0.0061693548976489284,0
normal,N0391,13043,11,39,2022-07-12 00:48:55.684,0,train,0.0,0
normal,N0391,13044,12,39,2022-07-12 00:48:55.784,0,train,0.003260839689411118,0
normal,N0391,13045,13,39,2022-07-12 00:48:55.884,0,train,0.009302110497879256,0
normal,N0391,13046,14,39,2022-07-12 00:48:55.984,0,train,0.0,0
normal,N0391,13047,15,39,2022-07-12 00:48:56.084,0,train,0.0,0
normal,N0391,13048,16,39,2022-07-12 00:48:56.184,0,train,0.0,0
normal,N0391,13049,17,39,2022-07-12 00:48:56.284,0,train,0.0031272294887039237,0
normal,N0391,13050,18,39,2022-07-12 00:48:56.384,0,train,0.0,0
normal,N0391,13051,19,39,2022-07-12 00:48:56.484,0,train,0.025107320876306433,0
normal,N0391,13052,20,39,2022-07-12 00:48:56.584,0,train,0.0032256415499437685,0
normal,N0391,13053,21,39,2022-07-12 00:48:56.684,0,train,0.0,0
normal,N0391,13054,22,39,2022-07-12 00:48:56.784,0,train,0.0,0
normal,N0391,13055,23,39,2022-07-12 00:48:56.884,0,train,0.0,0
normal,N0391,13056,24,39,2022-07-12 00:48:56.984,0,train,0.0,0
normal,N0391,13057,25,39,2022-07-12 00:48:57.084,0,train,0.0,0
normal,N0391,13058,26,39,2022-07-12 00:48:57.184,0,train,0.0,0
normal,N0391,13059,27,39,2022-07-12 00:48:57.284,0,train,0.0,0
normal,N0391,13060,28,39,2022-07-12 00:48:57.384,0,train,0.0,0
normal,N0391,13061,29,39,2022-07-12 00:48:57.484,0,train,0.0031710914454277286,0
normal,N0391,13062,30,39,2022-07-12 00:48:57.584,0,train,0.0,0
normal,N0391,13063,31,39,2022-07-12 00:48:57.684,0,train,0.0,0
normal,N0391,13064,32,39,2022-07-12 00:48:57.784,0,train,0.0,0
normal,N0391,13065,33,39,2022-07-12 00:48:57.884,0,train,0.0,0
normal,N0391,13066,34,39,2022-07-12 00:48:57.984,0,train,0.0,0
normal,N0391,13067,35,39,2022-07-12 00:48:58.084,0,train,0.0029090291921249145,0
normal,N0391,13068,36,39,2022-07-12 00:48:58.184,0,train,0.012289654968191717,0
normal,N0391,13069,37,39,2022-07-12 00:48:58.284,0,train,0.0,0
normal,N0391,13070,38,39,2022-07-12 00:48:58.384,0,train,0.006236109189432414,0
normal,N0393,13105,9,14,2022-07-12 00:49:11.637,0,train,0.0,0
normal,N0393,13106,10,14,2022-07-12 00:49:11.737,0,train,0.0,0
normal,N0393,13107,11,14,2022-07-12 00:49:11.837,0,train,0.015909459295527163,0
normal,N0393,13108,12,14,2022-07-12 00:49:11.937,0,train,0.10012857733414758,0
normal,N0393,13109,13,14,2022-07-12 00:49:12.037,0,train,0.006666666666666667,0
normal,N0395,13120,9,50,2022-07-12 00:49:28.267,0,train,0.0033333333333333335,0
normal,N0395,13121,10,50,2022-07-12 00:49:28.367,0,train,0.0,0
normal,N0395,13122,11,50,2022-07-12 00:49:28.467,0,train,0.0,0
normal,N0395,13123,12,50,2022-07-12 00:49:28.567,0,train,0.0,0
normal,N0395,13124,13,50,2022-07-12 00:49:28.667,0,train,0.0,0
normal,N0395,13125,14,50,2022-07-12 00:49:28.767,0,train,0.0,0
normal,N0395,13126,15,50,2022-07-12 00:49:28.867,0,train,0.0,0
normal,N0395,13127,16,50,2022-07-12 00:49:28.967,0,train,0.0,0
normal,N0395,13128,17,50,2022-07-12 00:49:29.067,0,train,0.0,0
normal,N0395,13129,18,50,2022-07-12 00:49:29.167,0,train,0.0,0
normal,N0395,13130,19,50,2022-07-12 00:49:29.267,0,train,0.0,0
normal,N0395,13131,20,50,2022-07-12 00:49:29.367,0,train,0.0,0
normal,N0395,13132,21,50,2022-07-12 00:49:29.467,0,train,0.0,0
normal,N0395,13133,22,50,2022-07-12 00:49:29.567,0,train,0.0,0
normal,N0395,13134,23,50,2022-07-12 00:49:29.667,0,train,0.0,0
normal,N0395,13135,24,50,2022-07-12 00:49:29.767,0,train,0.0,0
normal,N0395,13136,25,50,2022-07-12 00:49:29.867,0,train,0.0,0
normal,N0395,13137,26,50,2022-07-12 00:49:29.967,0,train,0.0,0
normal,N0395,13138,27,50,2022-07-12 00:49:30.067,0,train,0.0,0
normal,N0395,13139,28,50,2022-07-12 00:49:30.167,0,train,0.0,0
normal,N0395,13140,29,50,2022-07-12 00:49:30.267,0,train,0.0,0
normal,N0395,13141,30,50,2022-07-12 00:49:30.367,0,train,0.0,0
normal,N0395,13142,31,50,2022-07-12 00:49:30.467,0,train,0.0,0
normal,N0395,13143,32,50,2022-07-12 00:49:30.567,0,train,0.009898689409892218,0
normal,N0395,13144,33,50,2022-07-12 00:49:30.667,0,train,0.04278399767710397,0
normal,N0395,13145,34,50,2022-07-12 00:49:30.767,0,train,0.0031256394178409957,0
normal,N0395,13146,35,50,2022-07-12 00:49:30.867,0,train,0.0,0
normal,N0395,13147,36,50,2022-07-12 00:49:30.967,0,train,0.0,0
normal,N0395,13148,37,50,2022-07-12 00:49:31.067,0,train,0.0,0
normal,N0395,13149,38,50,2022-07-12 00:49:31.167,0,train,0.0,0
normal,N0395,13150,39,50,2022-07-12 00:49:31.267,0,train,0.0,0
normal,N0395,13151,40,50,2022-07-12 00:49:31.367,0,train,0.0032279803796118577,0
normal,N0395,13152,41,50,2022-07-12 00:49:31.467,0,train,0.00287700404611968,0
normal,N0395,13153,42,50,2022-07-12 00:49:31.567,0,train,0.0,0
normal,N0395,13154,43,50,2022-07-12 00:49:31.667,0,train,0.0,0
normal,N0395,13155,44,50,2022-07-12 00:49:31.767,0,train,0.0,0
normal,N0395,13156,45,50,2022-07-12 00:49:31.867,0,train,0.0,0
normal,N0395,13157,46,50,2022-07-12 00:49:31.967,0,train,0.0,0
normal,N0395,13158,47,50,2022-07-12 00:49:32.067,0,train,0.0,0
normal,N0395,13159,48,50,2022-07-12 00:49:32.167,0,train,0.006647008972645227,0
normal,N0395,13160,49,50,2022-07-12 00:49:32.267,0,train,0.029396367316885292,0
normal,N0396,13170,9,44,2022-07-12 00:49:35.608,0,train,0.0033333333333333335,0
normal,N0396,13171,10,44,2022-07-12 00:49:35.708,0,train,0.01189307045857153,0
normal,N0396,13172,11,44,2022-07-12 00:49:35.808,0,train,0.015391622461742749,0
normal,N0396,13173,12,44,2022-07-12 00:49:35.908,0,train,0.003149669404928872,0
normal,N0396,13174,13,44,2022-07-12 00:49:36.008,0,train,0.03348869964413297,0
normal,N0396,13175,14,44,2022-07-12 00:49:36.108,0,train,0.0,0
normal,N0396,13176,15,44,2022-07-12 00:49:36.208,0,train,0.0,0
normal,N0396,13177,16,44,2022-07-12 00:49:36.308,0,train,0.0,0
normal,N0396,13178,17,44,2022-07-12 00:49:36.408,0,train,0.0,0
normal,N0396,13179,18,44,2022-07-12 00:49:36.508,0,train,0.0,0
normal,N0396,13180,19,44,2022-07-12 00:49:36.608,0,train,0.0,0
normal,N0396,13181,20,44,2022-07-12 00:49:36.708,0,train,0.0,0
normal,N0396,13182,21,44,2022-07-12 00:49:36.808,0,train,0.0,0
normal,N0396,13183,22,44,2022-07-12 00:49:36.908,0,train,0.0,0
normal,N0396,13184,23,44,2022-07-12 00:49:37.008,0,train,0.018241147731115553,0
normal,N0396,13185,24,44,2022-07-12 00:49:37.108,0,train,0.0,0
normal,N0396,13186,25,44,2022-07-12 00:49:37.208,0,train,0.015575729182423004,0
normal,N0396,13187,26,44,2022-07-12 00:49:37.308,0,train,0.003103357903357903,0
normal,N0396,13188,27,44,2022-07-12 00:49:37.408,0,train,0.005866747868522606,0
normal,N0396,13189,28,44,2022-07-12 00:49:37.508,0,train,0.005866747868522606,0
normal,N0396,13190,29,44,2022-07-12 00:49:37.608,0,train,0.0,0
normal,N0396,13191,30,44,2022-07-12 00:49:37.708,0,train,0.015492919342652138,0
normal,N0396,13192,31,44,2022-07-12 00:49:37.808,0,train,0.06566294604050847,0
normal,N0396,13193,32,44,2022-07-12 00:49:37.908,0,train,0.060677160889985336,0
normal,N0396,13194,33,44,2022-07-12 00:49:38.008,0,train,0.0033077342293019742,0
normal,N0396,13195,34,44,2022-07-12 00:49:38.108,0,train,0.0,0
normal,N0396,13196,35,44,2022-07-12 00:49:38.208,0,train,0.0,0
normal,N0396,13197,36,44,2022-07-12 00:49:38.308,0,train,0.0,0
normal,N0396,13198,37,44,2022-07-12 00:49:38.408,0,train,0.0,0
normal,N0396,13199,38,44,2022-07-12 00:49:38.508,0,train,0.0,0
normal,N0396,13200,39,44,2022-07-12 00:49:38.608,0,train,0.0,0
normal,N0396,13201,40,44,2022-07-12 00:49:38.708,0,train,0.0,0
normal,N0396,13202,41,44,2022-07-12 00:49:38.808,0,train,0.0,0
normal,N0396,13203,42,44,2022-07-12 00:49:38.908,0,train,0.0,0
normal,N0396,13204,43,44,2022-07-12 00:49:39.008,0,train,0.0,0
normal,N0398,13246,9,22,2022-07-12 00:49:51.487,0,train,0.0,0
normal,N0398,13247,10,22,2022-07-12 00:49:51.587,0,train,0.0,0
normal,N0398,13248,11,22,2022-07-12 00:49:51.687,0,train,0.0,0
normal,N0398,13249,12,22,2022-07-12 00:49:51.787,0,train,0.0033333333333333335,0
normal,N0398,13250,13,22,2022-07-12 00:49:51.887,0,train,0.0,0
normal,N0398,13251,14,22,2022-07-12 00:49:51.987,0,train,0.0,0
normal,N0398,13252,15,22,2022-07-12 00:49:52.087,0,train,0.0,0
normal,N0398,13253,16,22,2022-07-12 00:49:52.187,0,train,0.0,0
normal,N0398,13254,17,22,2022-07-12 00:49:52.287,0,train,0.0,0
normal,N0398,13255,18,22,2022-07-12 00:49:52.387,0,train,0.0,0
normal,N0398,13256,19,22,2022-07-12 00:49:52.487,0,train,0.0,0
normal,N0398,13257,20,22,2022-07-12 00:49:52.587,0,train,0.0030734309385994775,0
normal,N0398,13258,21,22,2022-07-12 00:49:52.687,0,train,0.0030734309385994775,0
normal,N0400,13275,9,50,2022-07-12 00:50:16.727,0,train,0.003031088912368328,0
normal,N0400,13276,10,50,2022-07-12 00:50:16.827,0,train,0.0063908124584817335,0
normal,N0400,13277,11,50,2022-07-12 00:50:16.927,0,train,0.012555005956019112,0
normal,N0400,13278,12,50,2022-07-12 00:50:17.027,0,train,0.0,0
normal,N0400,13279,13,50,2022-07-12 00:50:17.127,0,train,0.0,0
normal,N0400,13280,14,50,2022-07-12 00:50:17.227,0,train,0.0,0
normal,N0400,13281,15,50,2022-07-12 00:50:17.327,0,train,0.0,0
normal,N0400,13282,16,50,2022-07-12 00:50:17.427,0,train,0.0,0
normal,N0400,13283,17,50,2022-07-12 00:50:17.527,0,train,0.0,0
normal,N0400,13284,18,50,2022-07-12 00:50:17.627,0,train,0.0,0
normal,N0400,13285,19,50,2022-07-12 00:50:17.727,0,train,0.0,0
normal,N0400,13286,20,50,2022-07-12 00:50:17.827,0,train,0.0,0
normal,N0400,13287,21,50,2022-07-12 00:50:17.927,0,train,0.0,0
normal,N0400,13288,22,50,2022-07-12 00:50:18.027,0,train,0.0,0
normal,N0400,13289,23,50,2022-07-12 00:50:18.127,0,train,0.0,0
normal,N0400,13290,24,50,2022-07-12 00:50:18.227,0,train,0.0,0
normal,N0400,13291,25,50,2022-07-12 00:50:18.327,0,train,0.0,0
normal,N0400,13292,26,50,2022-07-12 00:50:18.427,0,train,0.0,0
normal,N0400,13293,27,50,2022-07-12 00:50:18.527,0,train,0.0,0
normal,N0400,13294,28,50,2022-07-12 00:50:18.627,0,train,0.0,0
normal,N0400,13295,29,50,2022-07-12 00:50:18.727,0,train,0.0,0
normal,N0400,13296,30,50,2022-07-12 00:50:18.827,0,train,0.0,0
normal,N0400,13297,31,50,2022-07-12 00:50:18.927,0,train,0.0,0
normal,N0400,13298,32,50,2022-07-12 00:50:19.027,0,train,0.0,0
normal,N0400,13299,33,50,2022-07-12 00:50:19.127,0,train,0.0,0
normal,N0400,13300,34,50,2022-07-12 00:50:19.227,0,train,0.0,0
normal,N0400,13301,35,50,2022-07-12 00:50:19.327,0,train,0.0,0
normal,N0400,13302,36,50,2022-07-12 00:50:19.427,0,train,0.0,0
normal,N0400,13303,37,50,2022-07-12 00:50:19.527,0,train,0.0,0
normal,N0400,13304,38,50,2022-07-12 00:50:19.627,0,train,0.0,0
normal,N0400,13305,39,50,2022-07-12 00:50:19.727,0,train,0.0,0
normal,N0400,13306,40,50,2022-07-12 00:50:19.827,0,train,0.0,0
normal,N0400,13307,41,50,2022-07-12 00:50:19.927,0,train,0.0,0
normal,N0400,13308,42,50,2022-07-12 00:50:20.027,0,train,0.0,0
normal,N0400,13309,43,50,2022-07-12 00:50:20.127,0,train,0.0,0
normal,N0400,13310,44,50,2022-07-12 00:50:20.227,0,train,0.0,0
normal,N0400,13311,45,50,2022-07-12 00:50:20.327,0,train,0.0,0
normal,N0400,13312,46,50,2022-07-12 00:50:20.427,0,train,0.0,0
normal,N0400,13313,47,50,2022-07-12 00:50:20.527,0,train,0.0033150781112866417,0
normal,N0400,13314,48,50,2022-07-12 00:50:20.627,0,train,0.0,0
normal,N0400,13315,49,50,2022-07-12 00:50:20.727,0,train,0.0,0
normal,N0401,13325,9,46,2022-07-12 00:50:23.736,0,train,0.0,0
normal,N0401,13326,10,46,2022-07-12 00:50:23.836,0,train,0.0,0
normal,N0401,13327,11,46,2022-07-12 00:50:23.936,0,train,0.0,0
normal,N0401,13328,12,46,2022-07-12 00:50:24.036,0,train,0.0,0
normal,N0401,13329,13,46,2022-07-12 00:50:24.136,0,train,0.0,0
normal,N0401,13330,14,46,2022-07-12 00:50:24.236,0,train,0.0,0
normal,N0401,13331,15,46,2022-07-12 00:50:24.336,0,train,0.0031934778954446127,0
normal,N0401,13332,16,46,2022-07-12 00:50:24.436,0,train,0.03794987436606543,0
normal,N0401,13333,17,46,2022-07-12 00:50:24.536,0,train,0.030832159804849865,0
normal,N0401,13334,18,46,2022-07-12 00:50:24.636,0,train,0.0,0
normal,N0401,13335,19,46,2022-07-12 00:50:24.736,0,train,0.0,0
normal,N0401,13336,20,46,2022-07-12 00:50:24.836,0,train,0.0,0
normal,N0401,13337,21,46,2022-07-12 00:50:24.936,0,train,0.0,0
normal,N0401,13338,22,46,2022-07-12 00:50:25.036,0,train,0.0,0
normal,N0401,13339,23,46,2022-07-12 00:50:25.136,0,train,0.0,0
normal,N0401,13340,24,46,2022-07-12 00:50:25.236,0,train,0.0,0
normal,N0401,13341,25,46,2022-07-12 00:50:25.336,0,train,0.019005858526593367,0
normal,N0401,13342,26,46,2022-07-12 00:50:25.436,0,train,0.0,0
normal,N0401,13343,27,46,2022-07-12 00:50:25.536,0,train,0.0,0
normal,N0401,13344,28,46,2022-07-12 00:50:25.636,0,train,0.0,0
normal,N0401,13345,29,46,2022-07-12 00:50:25.736,0,train,0.0,0
normal,N0401,13346,30,46,2022-07-12 00:50:25.836,0,train,0.0,0
normal,N0401,13347,31,46,2022-07-12 00:50:25.936,0,train,0.0,0
normal,N0401,13348,32,46,2022-07-12 00:50:26.036,0,train,0.0,0
normal,N0401,13349,33,46,2022-07-12 00:50:26.136,0,train,0.0,0
normal,N0401,13350,34,46,2022-07-12 00:50:26.236,0,train,0.0,0
normal,N0401,13351,35,46,2022-07-12 00:50:26.336,0,train,0.0,0
normal,N0401,13352,36,46,2022-07-12 00:50:26.436,0,train,0.0,0
normal,N0401,13353,37,46,2022-07-12 00:50:26.536,0,train,0.0,0
normal,N0401,13354,38,46,2022-07-12 00:50:26.636,0,train,0.0,0
normal,N0401,13355,39,46,2022-07-12 00:50:26.736,0,train,0.0,0
normal,N0401,13356,40,46,2022-07-12 00:50:26.836,0,train,0.0,0
normal,N0401,13357,41,46,2022-07-12 00:50:26.936,0,train,0.002946248565491145,0
normal,N0401,13358,42,46,2022-07-12 00:50:27.036,0,train,0.0,0
normal,N0401,13359,43,46,2022-07-12 00:50:27.136,0,train,0.0,0
normal,N0401,13360,44,46,2022-07-12 00:50:27.236,0,train,0.0,0
normal,N0401,13361,45,46,2022-07-12 00:50:27.336,0,train,0.0,0
normal,N0403,13405,9,21,2022-07-12 00:50:39.806,0,train,0.023925127678646536,0
normal,N0403,13406,10,21,2022-07-12 00:50:39.906,0,train,0.0,0
normal,N0403,13407,11,21,2022-07-12 00:50:40.006,0,train,0.0,0
normal,N0403,13408,12,21,2022-07-12 00:50:40.106,0,train,0.0,0
normal,N0403,13409,13,21,2022-07-12 00:50:40.206,0,train,0.0,0
normal,N0403,13410,14,21,2022-07-12 00:50:40.306,0,train,0.0,0
normal,N0403,13411,15,21,2022-07-12 00:50:40.406,0,train,0.0061323421490369,0
normal,N0403,13412,16,21,2022-07-12 00:50:40.506,0,train,0.0,0
normal,N0403,13413,17,21,2022-07-12 00:50:40.606,0,train,0.006197408235437636,0
normal,N0403,13414,18,21,2022-07-12 00:50:40.706,0,train,0.0,0
normal,N0403,13415,19,21,2022-07-12 00:50:40.806,0,train,0.0,0
normal,N0403,13416,20,21,2022-07-12 00:50:40.906,0,train,0.0,0
normal,N0404,13426,9,12,2022-07-12 00:50:47.796,0,train,0.0,0
normal,N0404,13427,10,12,2022-07-12 00:50:47.896,0,train,0.0,0
normal,N0404,13428,11,12,2022-07-12 00:50:47.996,0,train,0.0,0
normal,N0405,13438,9,50,2022-07-12 00:50:57.324,0,train,0.0,0
normal,N0405,13439,10,50,2022-07-12 00:50:57.424,0,train,0.0,0
normal,N0405,13440,11,50,2022-07-12 00:50:57.524,0,train,0.0,0
normal,N0405,13441,12,50,2022-07-12 00:50:57.624,0,train,0.0,0
normal,N0405,13442,13,50,2022-07-12 00:50:57.724,0,train,0.0,0
normal,N0405,13443,14,50,2022-07-12 00:50:57.824,0,train,0.012051534939234287,0
normal,N0405,13444,15,50,2022-07-12 00:50:57.924,0,train,0.0031394192521877486,0
normal,N0405,13445,16,50,2022-07-12 00:50:58.024,0,train,0.0,0
normal,N0405,13446,17,50,2022-07-12 00:50:58.124,0,train,0.0,0
normal,N0405,13447,18,50,2022-07-12 00:50:58.224,0,train,0.0,0
normal,N0405,13448,19,50,2022-07-12 00:50:58.324,0,train,0.0,0
normal,N0405,13449,20,50,2022-07-12 00:50:58.424,0,train,0.0,0
normal,N0405,13450,21,50,2022-07-12 00:50:58.524,0,train,0.0,0
normal,N0405,13451,22,50,2022-07-12 00:50:58.624,0,train,0.006500552597206872,0
normal,N0405,13452,23,50,2022-07-12 00:50:58.724,0,train,0.0,0
normal,N0405,13453,24,50,2022-07-12 00:50:58.824,0,train,0.0030228100440866396,0
normal,N0405,13454,25,50,2022-07-12 00:50:58.924,0,train,0.0,0
normal,N0405,13455,26,50,2022-07-12 00:50:59.024,0,train,0.0,0
normal,N0405,13456,27,50,2022-07-12 00:50:59.124,0,train,0.0,0
normal,N0405,13457,28,50,2022-07-12 00:50:59.224,0,train,0.0,0
normal,N0405,13458,29,50,2022-07-12 00:50:59.324,0,train,0.0,0
normal,N0405,13459,30,50,2022-07-12 00:50:59.424,0,train,0.015037119251513579,0
normal,N0405,13460,31,50,2022-07-12 00:50:59.524,0,train,0.026352733181849334,0
normal,N0405,13461,32,50,2022-07-12 00:50:59.624,0,train,0.0,0
normal,N0405,13462,33,50,2022-07-12 00:50:59.724,0,train,0.0028882783882783884,0
normal,N0405,13463,34,50,2022-07-12 00:50:59.824,0,train,0.0,0
normal,N0405,13464,35,50,2022-07-12 00:50:59.924,0,train,0.0,0
normal,N0405,13465,36,50,2022-07-12 00:51:00.024,0,train,0.0,0
normal,N0405,13466,37,50,2022-07-12 00:51:00.124,0,train,0.00322928026172301,0
normal,N0405,13467,38,50,2022-07-12 00:51:00.224,0,train,0.0,0
normal,N0405,13468,39,50,2022-07-12 00:51:00.324,0,train,0.018878454871708136,0
normal,N0405,13469,40,50,2022-07-12 00:51:00.424,0,train,0.0,0
normal,N0405,13470,41,50,2022-07-12 00:51:00.524,0,train,0.0,0
normal,N0405,13471,42,50,2022-07-12 00:51:00.624,0,train,0.0,0
normal,N0405,13472,43,50,2022-07-12 00:51:00.724,0,train,0.0,0
normal,N0405,13473,44,50,2022-07-12 00:51:00.824,0,train,0.0,0
normal,N0405,13474,45,50,2022-07-12 00:51:00.924,0,train,0.0,0
normal,N0405,13475,46,50,2022-07-12 00:51:01.024,0,train,0.0,0
normal,N0405,13476,47,50,2022-07-12 00:51:01.124,0,train,0.0028899068560085507,0
normal,N0405,13477,48,50,2022-07-12 00:51:01.224,0,train,0.0024884889625595282,0
normal,N0405,13478,49,50,2022-07-12 00:51:01.324,0,train,0.0029734848484848486,0
normal,N0406,13488,9,50,2022-07-12 00:51:03.948,0,train,0.0,0
normal,N0406,13489,10,50,2022-07-12 00:51:04.048,0,train,0.0024856707156754487,0
normal,N0406,13490,11,50,2022-07-12 00:51:04.148,0,train,0.0,0
normal,N0406,13491,12,50,2022-07-12 00:51:04.248,0,train,0.0,0
normal,N0406,13492,13,50,2022-07-12 00:51:04.348,0,train,0.0,0
normal,N0406,13493,14,50,2022-07-12 00:51:04.448,0,train,0.0,0
normal,N0406,13494,15,50,2022-07-12 00:51:04.548,0,train,0.0,0
normal,N0406,13495,16,50,2022-07-12 00:51:04.648,0,train,0.0,0
normal,N0406,13496,17,50,2022-07-12 00:51:04.748,0,train,0.0,0
normal,N0406,13497,18,50,2022-07-12 00:51:04.848,0,train,0.0,0
normal,N0406,13498,19,50,2022-07-12 00:51:04.948,0,train,0.0,0
normal,N0406,13499,20,50,2022-07-12 00:51:05.048,0,train,0.0,0
normal,N0406,13500,21,50,2022-07-12 00:51:05.148,0,train,0.0,0
normal,N0406,13501,22,50,2022-07-12 00:51:05.248,0,train,0.0,0
normal,N0406,13502,23,50,2022-07-12 00:51:05.348,0,train,0.00582460915340704,0
normal,N0406,13503,24,50,2022-07-12 00:51:05.448,0,train,0.0,0
normal,N0406,13504,25,50,2022-07-12 00:51:05.548,0,train,0.0,0
normal,N0406,13505,26,50,2022-07-12 00:51:05.648,0,train,0.0,0
normal,N0406,13506,27,50,2022-07-12 00:51:05.748,0,train,0.0,0
normal,N0406,13507,28,50,2022-07-12 00:51:05.848,0,train,0.0,0
normal,N0406,13508,29,50,2022-07-12 00:51:05.948,0,train,0.02593836353590418,0
normal,N0406,13509,30,50,2022-07-12 00:51:06.048,0,train,0.00653479407587746,0
normal,N0406,13510,31,50,2022-07-12 00:51:06.148,0,train,0.0,0
normal,N0406,13511,32,50,2022-07-12 00:51:06.248,0,train,0.0,0
normal,N0406,13512,33,50,2022-07-12 00:51:06.348,0,train,0.0,0
normal,N0406,13513,34,50,2022-07-12 00:51:06.448,0,train,0.0,0
normal,N0406,13514,35,50,2022-07-12 00:51:06.548,0,train,0.0,0
normal,N0406,13515,36,50,2022-07-12 00:51:06.648,0,train,0.0,0
normal,N0406,13516,37,50,2022-07-12 00:51:06.748,0,train,0.0,0
normal,N0406,13517,38,50,2022-07-12 00:51:06.848,0,train,0.0,0
normal,N0406,13518,39,50,2022-07-12 00:51:06.948,0,train,0.0,0
normal,N0406,13519,40,50,2022-07-12 00:51:07.048,0,train,0.0,0
normal,N0406,13520,41,50,2022-07-12 00:51:07.148,0,train,0.0,0
normal,N0406,13521,42,50,2022-07-12 00:51:07.248,0,train,0.0,0
normal,N0406,13522,43,50,2022-07-12 00:51:07.348,0,train,0.0,0
normal,N0406,13523,44,50,2022-07-12 00:51:07.448,0,train,0.0,0
normal,N0406,13524,45,50,2022-07-12 00:51:07.548,0,train,0.0,0
normal,N0406,13525,46,50,2022-07-12 00:51:07.648,0,train,0.0,0
normal,N0406,13526,47,50,2022-07-12 00:51:07.748,0,train,0.0,0
normal,N0406,13527,48,50,2022-07-12 00:51:07.848,0,train,0.0,0
normal,N0406,13528,49,50,2022-07-12 00:51:07.948,0,train,0.0,0
normal,N0408,13576,9,25,2022-07-12 00:51:19.848,0,train,0.0,0
normal,N0408,13577,10,25,2022-07-12 00:51:19.948,0,train,0.0,0
normal,N0408,13578,11,25,2022-07-12 00:51:20.048,0,train,0.0,0
normal,N0408,13579,12,25,2022-07-12 00:51:20.148,0,train,0.0,0
normal,N0408,13580,13,25,2022-07-12 00:51:20.248,0,train,0.0,0
normal,N0408,13581,14,25,2022-07-12 00:51:20.348,0,train,0.0,0
normal,N0408,13582,15,25,2022-07-12 00:51:20.448,0,train,0.0,0
normal,N0408,13583,16,25,2022-07-12 00:51:20.548,0,train,0.0,0
normal,N0408,13584,17,25,2022-07-12 00:51:20.648,0,train,0.0,0
normal,N0408,13585,18,25,2022-07-12 00:51:20.748,0,train,0.0,0
normal,N0408,13586,19,25,2022-07-12 00:51:20.848,0,train,0.0,0
normal,N0408,13587,20,25,2022-07-12 00:51:20.948,0,train,0.0,0
normal,N0408,13588,21,25,2022-07-12 00:51:21.048,0,train,0.0032419526606891334,0
normal,N0408,13589,22,25,2022-07-12 00:51:21.148,0,train,0.0,0
normal,N0408,13590,23,25,2022-07-12 00:51:21.248,0,train,0.0,0
normal,N0408,13591,24,25,2022-07-12 00:51:21.348,0,train,0.0,0
normal,N0409,13601,9,13,2022-07-12 00:51:27.716,0,train,0.0,0
normal,N0409,13602,10,13,2022-07-12 00:51:27.816,0,train,0.0,0
normal,N0409,13603,11,13,2022-07-12 00:51:27.916,0,train,0.005348130427077796,0
normal,N0409,13604,12,13,2022-07-12 00:51:28.016,0,train,0.0,0
normal,N0410,13614,9,50,2022-07-12 00:51:37.756,0,train,0.003026378896882494,0
normal,N0410,13615,10,50,2022-07-12 00:51:37.856,0,train,0.0055148678594420224,0
normal,N0410,13616,11,50,2022-07-12 00:51:37.956,0,train,0.003026378896882494,0
normal,N0410,13617,12,50,2022-07-12 00:51:38.056,0,train,0.0031783413848631248,0
normal,N0410,13618,13,50,2022-07-12 00:51:38.156,0,train,0.0032484973381418513,0
normal,N0410,13619,14,50,2022-07-12 00:51:38.256,0,train,0.0,0
normal,N0410,13620,15,50,2022-07-12 00:51:38.356,0,train,0.0,0
normal,N0410,13621,16,50,2022-07-12 00:51:38.456,0,train,0.0,0
normal,N0410,13622,17,50,2022-07-12 00:51:38.556,0,train,0.0033021266517599037,0
normal,N0410,13623,18,50,2022-07-12 00:51:38.656,0,train,0.01563587337268601,0
normal,N0410,13624,19,50,2022-07-12 00:51:38.756,0,train,0.0033333333333333335,0
normal,N0410,13625,20,50,2022-07-12 00:51:38.856,0,train,0.0,0
normal,N0410,13626,21,50,2022-07-12 00:51:38.956,0,train,0.0,0
normal,N0410,13627,22,50,2022-07-12 00:51:39.056,0,train,0.0,0
normal,N0410,13628,23,50,2022-07-12 00:51:39.156,0,train,0.0,0
normal,N0410,13629,24,50,2022-07-12 00:51:39.256,0,train,0.0,0
normal,N0410,13630,25,50,2022-07-12 00:51:39.356,0,train,0.002916166743577911,0
normal,N0410,13631,26,50,2022-07-12 00:51:39.456,0,train,0.00924662886467416,0
normal,N0410,13632,27,50,2022-07-12 00:51:39.556,0,train,0.030986588947542634,0
normal,N0410,13633,28,50,2022-07-12 00:51:39.656,0,train,0.0,0
normal,N0410,13634,29,50,2022-07-12 00:51:39.756,0,train,0.0,0
normal,N0410,13635,30,50,2022-07-12 00:51:39.856,0,train,0.0,0
normal,N0410,13636,31,50,2022-07-12 00:51:39.956,0,train,0.0,0
normal,N0410,13637,32,50,2022-07-12 00:51:40.056,0,train,0.0,0
normal,N0410,13638,33,50,2022-07-12 00:51:40.156,0,train,0.0,0
normal,N0410,13639,34,50,2022-07-12 00:51:40.256,0,train,0.0,0
normal,N0410,13640,35,50,2022-07-12 00:51:40.356,0,train,0.0,0
normal,N0410,13641,36,50,2022-07-12 00:51:40.456,0,train,0.0,0
normal,N0410,13642,37,50,2022-07-12 00:51:40.556,0,train,0.0,0
normal,N0410,13643,38,50,2022-07-12 00:51:40.656,0,train,0.0,0
normal,N0410,13644,39,50,2022-07-12 00:51:40.756,0,train,0.0,0
normal,N0410,13645,40,50,2022-07-12 00:51:40.856,0,train,0.0,0
normal,N0410,13646,41,50,2022-07-12 00:51:40.956,0,train,0.0,0
normal,N0410,13647,42,50,2022-07-12 00:51:41.056,0,train,0.003194299030700125,0
normal,N0410,13648,43,50,2022-07-12 00:51:41.156,0,train,0.01577891504975706,0
normal,N0410,13649,44,50,2022-07-12 00:51:41.256,0,train,0.018261069242407245,0
normal,N0410,13650,45,50,2022-07-12 00:51:41.356,0,train,0.0031450234765151895,0
normal,N0410,13651,46,50,2022-07-12 00:51:41.456,0,train,0.0,0
normal,N0410,13652,47,50,2022-07-12 00:51:41.556,0,train,0.0,0
normal,N0410,13653,48,50,2022-07-12 00:51:41.656,0,train,0.003221620517012363,0
normal,N0410,13654,49,50,2022-07-12 00:51:41.756,0,train,0.0059726577410237364,0
normal,N0411,13664,9,50,2022-07-12 00:51:44.348,0,train,0.002938543318101278,0
normal,N0411,13665,10,50,2022-07-12 00:51:44.448,0,train,0.009290828521354764,0
normal,N0411,13666,11,50,2022-07-12 00:51:44.548,0,train,0.0,0
normal,N0411,13667,12,50,2022-07-12 00:51:44.648,0,train,0.0,0
normal,N0411,13668,13,50,2022-07-12 00:51:44.748,0,train,0.0,0
normal,N0411,13669,14,50,2022-07-12 00:51:44.848,0,train,0.0,0
normal,N0411,13670,15,50,2022-07-12 00:51:44.948,0,train,0.0,0
normal,N0411,13671,16,50,2022-07-12 00:51:45.048,0,train,0.0,0
normal,N0411,13672,17,50,2022-07-12 00:51:45.148,0,train,0.0,0
normal,N0411,13673,18,50,2022-07-12 00:51:45.248,0,train,0.002821866332647401,0
normal,N0411,13674,19,50,2022-07-12 00:51:45.348,0,train,0.0,0
normal,N0411,13675,20,50,2022-07-12 00:51:45.448,0,train,0.0,0
normal,N0411,13676,21,50,2022-07-12 00:51:45.548,0,train,0.0,0
normal,N0411,13677,22,50,2022-07-12 00:51:45.648,0,train,0.0032447374746746335,0
normal,N0411,13678,23,50,2022-07-12 00:51:45.748,0,train,0.0,0
normal,N0411,13679,24,50,2022-07-12 00:51:45.848,0,train,0.0,0
normal,N0411,13680,25,50,2022-07-12 00:51:45.948,0,train,0.0,0
normal,N0411,13681,26,50,2022-07-12 00:51:46.048,0,train,0.0,0
normal,N0411,13682,27,50,2022-07-12 00:51:46.148,0,train,0.0,0
normal,N0411,13683,28,50,2022-07-12 00:51:46.248,0,train,0.0,0
normal,N0411,13684,29,50,2022-07-12 00:51:46.348,0,train,0.0,0
normal,N0411,13685,30,50,2022-07-12 00:51:46.448,0,train,0.0,0
normal,N0411,13686,31,50,2022-07-12 00:51:46.548,0,train,0.0,0
normal,N0411,13687,32,50,2022-07-12 00:51:46.648,0,train,0.0,0
normal,N0411,13688,33,50,2022-07-12 00:51:46.748,0,train,0.0,0
normal,N0411,13689,34,50,2022-07-12 00:51:46.848,0,train,0.0,0
normal,N0411,13690,35,50,2022-07-12 00:51:46.948,0,train,0.0,0
normal,N0411,13691,36,50,2022-07-12 00:51:47.048,0,train,0.0,0
normal,N0411,13692,37,50,2022-07-12 00:51:47.148,0,train,0.0,0
normal,N0411,13693,38,50,2022-07-12 00:51:47.248,0,train,0.0,0
normal,N0411,13694,39,50,2022-07-12 00:51:47.348,0,train,0.0,0
normal,N0411,13695,40,50,2022-07-12 00:51:47.448,0,train,0.0,0
normal,N0411,13696,41,50,2022-07-12 00:51:47.548,0,train,0.0,0
normal,N0411,13697,42,50,2022-07-12 00:51:47.648,0,train,0.0,0
normal,N0411,13698,43,50,2022-07-12 00:51:47.748,0,train,0.0,0
normal,N0411,13699,44,50,2022-07-12 00:51:47.848,0,train,0.0,0
normal,N0411,13700,45,50,2022-07-12 00:51:47.948,0,train,0.00326670296336626,0
normal,N0411,13701,46,50,2022-07-12 00:51:48.048,0,train,0.0,0
normal,N0411,13702,47,50,2022-07-12 00:51:48.148,0,train,0.0,0
normal,N0411,13703,48,50,2022-07-12 00:51:48.248,0,train,0.0,0
normal,N0411,13704,49,50,2022-07-12 00:51:48.348,0,train,0.00590204411834882,0
normal,N0413,13754,9,28,2022-07-12 00:52:00.101,0,train,0.003266541989491495,0
normal,N0413,13755,10,28,2022-07-12 00:52:00.201,0,train,0.0031345656927052276,0
normal,N0413,13756,11,28,2022-07-12 00:52:00.301,0,train,0.0031345656927052276,0
normal,N0413,13757,12,28,2022-07-12 00:52:00.401,0,train,0.043303048124377234,0
normal,N0413,13758,13,28,2022-07-12 00:52:00.501,0,train,0.043466666322986895,0
normal,N0413,13759,14,28,2022-07-12 00:52:00.601,0,train,0.07490488084861838,0
normal,N0413,13760,15,28,2022-07-12 00:52:00.701,0,train,0.10210816546844352,0
normal,N0413,13761,16,28,2022-07-12 00:52:00.801,0,train,0.0701472816043718,0
normal,N0413,13762,17,28,2022-07-12 00:52:00.901,0,train,0.048671531524075155,0
normal,N0413,13763,18,28,2022-07-12 00:52:01.001,0,train,0.015277394675207183,0
normal,N0413,13764,19,28,2022-07-12 00:52:01.101,0,train,0.0033036702805456326,0
normal,N0413,13765,20,28,2022-07-12 00:52:01.201,0,train,0.0031345656927052276,0
normal,N0413,13766,21,28,2022-07-12 00:52:01.301,0,train,0.005927698032961191,0
normal,N0413,13767,22,28,2022-07-12 00:52:01.401,0,train,0.04396178621959646,0
normal,N0413,13768,23,28,2022-07-12 00:52:01.501,0,train,0.043865731891311814,0
normal,N0413,13769,24,28,2022-07-12 00:52:01.601,0,train,0.006469239123514217,0
normal,N0413,13770,25,28,2022-07-12 00:52:01.701,0,train,0.0,0
normal,N0413,13771,26,28,2022-07-12 00:52:01.801,0,train,0.0028510998307952626,0
normal,N0413,13772,27,28,2022-07-12 00:52:01.901,0,train,0.0,0
normal,N0414,13782,9,15,2022-07-12 00:52:08.011,0,train,0.0,0
normal,N0414,13783,10,15,2022-07-12 00:52:08.111,0,train,0.0,0
normal,N0414,13784,11,15,2022-07-12 00:52:08.211,0,train,0.0,0
normal,N0414,13785,12,15,2022-07-12 00:52:08.311,0,train,0.0,0
normal,N0414,13786,13,15,2022-07-12 00:52:08.411,0,train,0.0032446863127631185,0
normal,N0414,13787,14,15,2022-07-12 00:52:08.511,0,train,0.01648775334726296,0
normal,N0415,13797,9,14,2022-07-12 00:52:16.019,0,train,0.0,0
normal,N0415,13798,10,14,2022-07-12 00:52:16.119,0,train,0.0,0
normal,N0415,13799,11,14,2022-07-12 00:52:16.219,0,train,0.0,0
normal,N0415,13800,12,14,2022-07-12 00:52:16.319,0,train,0.0,0
normal,N0415,13801,13,14,2022-07-12 00:52:16.419,0,train,0.0,0
normal,N0418,13862,9,50,2022-07-12 00:52:40.509,0,train,0.0,0
normal,N0418,13863,10,50,2022-07-12 00:52:40.609,0,train,0.0060339068732730315,0
normal,N0418,13864,11,50,2022-07-12 00:52:40.709,0,train,0.0,0
normal,N0418,13865,12,50,2022-07-12 00:52:40.809,0,train,0.0,0
normal,N0418,13866,13,50,2022-07-12 00:52:40.909,0,train,0.0,0
normal,N0418,13867,14,50,2022-07-12 00:52:41.009,0,train,0.006555578203560266,0
normal,N0418,13868,15,50,2022-07-12 00:52:41.109,0,train,0.0,0
normal,N0418,13869,16,50,2022-07-12 00:52:41.209,0,train,0.0,0
normal,N0418,13870,17,50,2022-07-12 00:52:41.309,0,train,0.0,0
normal,N0418,13871,18,50,2022-07-12 00:52:41.409,0,train,0.0,0
normal,N0418,13872,19,50,2022-07-12 00:52:41.509,0,train,0.0,0
normal,N0418,13873,20,50,2022-07-12 00:52:41.609,0,train,0.0032882435890740063,0
normal,N0418,13874,21,50,2022-07-12 00:52:41.709,0,train,0.0032882435890740063,0
normal,N0418,13875,22,50,2022-07-12 00:52:41.809,0,train,0.0,0
normal,N0418,13876,23,50,2022-07-12 00:52:41.909,0,train,0.0,0
normal,N0418,13877,24,50,2022-07-12 00:52:42.009,0,train,0.0,0
normal,N0418,13878,25,50,2022-07-12 00:52:42.109,0,train,0.0,0
normal,N0418,13879,26,50,2022-07-12 00:52:42.209,0,train,0.0,0
normal,N0418,13880,27,50,2022-07-12 00:52:42.309,0,train,0.0,0
normal,N0418,13881,28,50,2022-07-12 00:52:42.409,0,train,0.0,0
normal,N0418,13882,29,50,2022-07-12 00:52:42.509,0,train,0.0028607349510739494,0
normal,N0418,13883,30,50,2022-07-12 00:52:42.609,0,train,0.006172137517238386,0
normal,N0418,13884,31,50,2022-07-12 00:52:42.709,0,train,0.011870773171052505,0
normal,N0418,13885,32,50,2022-07-12 00:52:42.809,0,train,0.015094033966108509,0
normal,N0418,13886,33,50,2022-07-12 00:52:42.909,0,train,0.0,0
normal,N0418,13887,34,50,2022-07-12 00:52:43.009,0,train,0.0,0
normal,N0418,13888,35,50,2022-07-12 00:52:43.109,0,train,0.0,0
normal,N0418,13889,36,50,2022-07-12 00:52:43.209,0,train,0.0,0
normal,N0418,13890,37,50,2022-07-12 00:52:43.309,0,train,0.0,0
normal,N0418,13891,38,50,2022-07-12 00:52:43.409,0,train,0.0,0
normal,N0418,13892,39,50,2022-07-12 00:52:43.509,0,train,0.003149753145007535,0
normal,N0418,13893,40,50,2022-07-12 00:52:43.609,0,train,0.006625102172136137,0
normal,N0418,13894,41,50,2022-07-12 00:52:43.709,0,train,0.0,0
normal,N0418,13895,42,50,2022-07-12 00:52:43.809,0,train,0.0,0
normal,N0418,13896,43,50,2022-07-12 00:52:43.909,0,train,0.0,0
normal,N0418,13897,44,50,2022-07-12 00:52:44.009,0,train,0.0,0
normal,N0418,13898,45,50,2022-07-12 00:52:44.109,0,train,0.0,0
normal,N0418,13899,46,50,2022-07-12 00:52:44.209,0,train,0.0,0
normal,N0418,13900,47,50,2022-07-12 00:52:44.309,0,train,0.0,0
normal,N0418,13901,48,50,2022-07-12 00:52:44.409,0,train,0.0,0
normal,N0418,13902,49,50,2022-07-12 00:52:44.509,0,train,0.0,0
normal,N0419,13912,9,38,2022-07-12 00:52:48.596,0,train,0.003144167192743463,0
normal,N0419,13913,10,38,2022-07-12 00:52:48.696,0,train,0.003144167192743463,0
normal,N0419,13914,11,38,2022-07-12 00:52:48.796,0,train,0.0,0
normal,N0419,13915,12,38,2022-07-12 00:52:48.896,0,train,0.0,0
normal,N0419,13916,13,38,2022-07-12 00:52:48.996,0,train,0.0,0
normal,N0419,13917,14,38,2022-07-12 00:52:49.096,0,train,0.0,0
normal,N0419,13918,15,38,2022-07-12 00:52:49.196,0,train,0.0,0
normal,N0419,13919,16,38,2022-07-12 00:52:49.296,0,train,0.0,0
normal,N0419,13920,17,38,2022-07-12 00:52:49.396,0,train,0.0,0
normal,N0419,13921,18,38,2022-07-12 00:52:49.496,0,train,0.0,0
normal,N0419,13922,19,38,2022-07-12 00:52:49.596,0,train,0.0029441798200554154,0
normal,N0419,13923,20,38,2022-07-12 00:52:49.696,0,train,0.0029441798200554154,0
normal,N0419,13924,21,38,2022-07-12 00:52:49.796,0,train,0.002852972159518435,0
normal,N0419,13925,22,38,2022-07-12 00:52:49.896,0,train,0.0,0
normal,N0419,13926,23,38,2022-07-12 00:52:49.996,0,train,0.0,0
normal,N0419,13927,24,38,2022-07-12 00:52:50.096,0,train,0.00972145045589463,0
normal,N0419,13928,25,38,2022-07-12 00:52:50.196,0,train,0.0,0
normal,N0419,13929,26,38,2022-07-12 00:52:50.296,0,train,0.003172480814986093,0
normal,N0419,13930,27,38,2022-07-12 00:52:50.396,0,train,0.0,0
normal,N0419,13931,28,38,2022-07-12 00:52:50.496,0,train,0.0,0
normal,N0419,13932,29,38,2022-07-12 00:52:50.596,0,train,0.0,0
normal,N0419,13933,30,38,2022-07-12 00:52:50.696,0,train,0.0,0
normal,N0419,13934,31,38,2022-07-12 00:52:50.796,0,train,0.0,0
normal,N0419,13935,32,38,2022-07-12 00:52:50.896,0,train,0.0,0
normal,N0419,13936,33,38,2022-07-12 00:52:50.996,0,train,0.0,0
normal,N0419,13937,34,38,2022-07-12 00:52:51.096,0,train,0.0,0
normal,N0419,13938,35,38,2022-07-12 00:52:51.196,0,train,0.0,0
normal,N0419,13939,36,38,2022-07-12 00:52:51.296,0,train,0.0,0
normal,N0419,13940,37,38,2022-07-12 00:52:51.396,0,train,0.0,0
normal,N0420,13950,9,23,2022-07-12 00:52:56.516,0,train,0.0,0
normal,N0420,13951,10,23,2022-07-12 00:52:56.616,0,train,0.0,0
normal,N0420,13952,11,23,2022-07-12 00:52:56.716,0,train,0.0,0
normal,N0420,13953,12,23,2022-07-12 00:52:56.816,0,train,0.0,0
normal,N0420,13954,13,23,2022-07-12 00:52:56.916,0,train,0.0,0
normal,N0420,13955,14,23,2022-07-12 00:52:57.016,0,train,0.003321799307958477,0
normal,N0420,13956,15,23,2022-07-12 00:52:57.116,0,train,0.006372047007887705,0
normal,N0420,13957,16,23,2022-07-12 00:52:57.216,0,train,0.0,0
normal,N0420,13958,17,23,2022-07-12 00:52:57.316,0,train,0.0,0
normal,N0420,13959,18,23,2022-07-12 00:52:57.416,0,train,0.0,0
normal,N0420,13960,19,23,2022-07-12 00:52:57.516,0,train,0.0,0
normal,N0420,13961,20,23,2022-07-12 00:52:57.616,0,train,0.0,0
normal,N0420,13962,21,23,2022-07-12 00:52:57.716,0,train,0.0,0
normal,N0420,13963,22,23,2022-07-12 00:52:57.816,0,train,0.0029610162067455104,0
normal,N0421,13973,9,10,2022-07-12 00:53:04.551,0,train,0.0,0
normal,N0423,14033,9,49,2022-07-12 00:53:20.659,0,train,0.0,0
normal,N0423,14034,10,49,2022-07-12 00:53:20.759,0,train,0.0,0
normal,N0423,14035,11,49,2022-07-12 00:53:20.859,0,train,0.0,0
normal,N0423,14036,12,49,2022-07-12 00:53:20.959,0,train,0.0,0
normal,N0423,14037,13,49,2022-07-12 00:53:21.059,0,train,0.0,0
normal,N0423,14038,14,49,2022-07-12 00:53:21.159,0,train,0.0,0
normal,N0423,14039,15,49,2022-07-12 00:53:21.259,0,train,0.0,0
normal,N0423,14040,16,49,2022-07-12 00:53:21.359,0,train,0.0,0
normal,N0423,14041,17,49,2022-07-12 00:53:21.459,0,train,0.0,0
normal,N0423,14042,18,49,2022-07-12 00:53:21.559,0,train,0.0,0
normal,N0423,14043,19,49,2022-07-12 00:53:21.659,0,train,0.0,0
normal,N0423,14044,20,49,2022-07-12 00:53:21.759,0,train,0.0,0
normal,N0423,14045,21,49,2022-07-12 00:53:21.859,0,train,0.0,0
normal,N0423,14046,22,49,2022-07-12 00:53:21.959,0,train,0.0,0
normal,N0423,14047,23,49,2022-07-12 00:53:22.059,0,train,0.0,0
normal,N0423,14048,24,49,2022-07-12 00:53:22.159,0,train,0.0,0
normal,N0423,14049,25,49,2022-07-12 00:53:22.259,0,train,0.0,0
normal,N0423,14050,26,49,2022-07-12 00:53:22.359,0,train,0.0032302030802780425,0
normal,N0423,14051,27,49,2022-07-12 00:53:22.459,0,train,0.0033333333333333335,0
normal,N0423,14052,28,49,2022-07-12 00:53:22.559,0,train,0.0,0
normal,N0423,14053,29,49,2022-07-12 00:53:22.659,0,train,0.0,0
normal,N0423,14054,30,49,2022-07-12 00:53:22.759,0,train,0.0,0
normal,N0423,14055,31,49,2022-07-12 00:53:22.859,0,train,0.0,0
normal,N0423,14056,32,49,2022-07-12 00:53:22.959,0,train,0.0,0
normal,N0423,14057,33,49,2022-07-12 00:53:23.059,0,train,0.0,0
normal,N0423,14058,34,49,2022-07-12 00:53:23.159,0,train,0.0,0
normal,N0423,14059,35,49,2022-07-12 00:53:23.259,0,train,0.0,0
normal,N0423,14060,36,49,2022-07-12 00:53:23.359,0,train,0.0,0
normal,N0423,14061,37,49,2022-07-12 00:53:23.459,0,train,0.0,0
normal,N0423,14062,38,49,2022-07-12 00:53:23.559,0,train,0.0,0
normal,N0423,14063,39,49,2022-07-12 00:53:23.659,0,train,0.0,0
normal,N0423,14064,40,49,2022-07-12 00:53:23.759,0,train,0.0,0
normal,N0423,14065,41,49,2022-07-12 00:53:23.859,0,train,0.0,0
normal,N0423,14066,42,49,2022-07-12 00:53:23.959,0,train,0.0,0
normal,N0423,14067,43,49,2022-07-12 00:53:24.059,0,train,0.0,0
normal,N0423,14068,44,49,2022-07-12 00:53:24.159,0,train,0.005936665377808753,0
normal,N0423,14069,45,49,2022-07-12 00:53:24.259,0,train,0.0,0
normal,N0423,14070,46,49,2022-07-12 00:53:24.359,0,train,0.0,0
normal,N0423,14071,47,49,2022-07-12 00:53:24.459,0,train,0.0,0
normal,N0423,14072,48,49,2022-07-12 00:53:24.559,0,train,0.0,0
normal,N0424,14082,9,36,2022-07-12 00:53:28.776,0,train,0.0,0
normal,N0424,14083,10,36,2022-07-12 00:53:28.876,0,train,0.00323638539796529,0
normal,N0424,14084,11,36,2022-07-12 00:53:28.976,0,train,0.005860339156999811,0
normal,N0424,14085,12,36,2022-07-12 00:53:29.076,0,train,0.0,0
normal,N0424,14086,13,36,2022-07-12 00:53:29.176,0,train,0.0,0
normal,N0424,14087,14,36,2022-07-12 00:53:29.276,0,train,0.0,0
normal,N0424,14088,15,36,2022-07-12 00:53:29.376,0,train,0.0,0
normal,N0424,14089,16,36,2022-07-12 00:53:29.476,0,train,0.0,0
normal,N0424,14090,17,36,2022-07-12 00:53:29.576,0,train,0.0,0
normal,N0424,14091,18,36,2022-07-12 00:53:29.676,0,train,0.0027270633618332036,0
normal,N0424,14092,19,36,2022-07-12 00:53:29.776,0,train,0.0,0
normal,N0424,14093,20,36,2022-07-12 00:53:29.876,0,train,0.0027270633618332036,0
normal,N0424,14094,21,36,2022-07-12 00:53:29.976,0,train,0.0,0
normal,N0424,14095,22,36,2022-07-12 00:53:30.076,0,train,0.0027270633618332036,0
normal,N0424,14096,23,36,2022-07-12 00:53:30.176,0,train,0.0,0
normal,N0424,14097,24,36,2022-07-12 00:53:30.276,0,train,0.0,0
normal,N0424,14098,25,36,2022-07-12 00:53:30.376,0,train,0.0,0
normal,N0424,14099,26,36,2022-07-12 00:53:30.476,0,train,0.0,0
normal,N0424,14100,27,36,2022-07-12 00:53:30.576,0,train,0.0,0
normal,N0424,14101,28,36,2022-07-12 00:53:30.676,0,train,0.031213387864824575,0
normal,N0424,14102,29,36,2022-07-12 00:53:30.776,0,train,0.0,0
normal,N0424,14103,30,36,2022-07-12 00:53:30.876,0,train,0.0,0
normal,N0424,14104,31,36,2022-07-12 00:53:30.976,0,train,0.0033333333333333335,0
normal,N0424,14105,32,36,2022-07-12 00:53:31.076,0,train,0.0033333333333333335,0
normal,N0424,14106,33,36,2022-07-12 00:53:31.176,0,train,0.0,0
normal,N0424,14107,34,36,2022-07-12 00:53:31.276,0,train,0.0,0
normal,N0424,14108,35,36,2022-07-12 00:53:31.376,0,train,0.0029957163255592578,0
normal,N0425,14118,9,24,2022-07-12 00:53:36.808,0,train,0.0,0
normal,N0425,14119,10,24,2022-07-12 00:53:36.908,0,train,0.0,0
normal,N0425,14120,11,24,2022-07-12 00:53:37.008,0,train,0.011541134683722544,0
normal,N0425,14121,12,24,2022-07-12 00:53:37.108,0,train,0.01251747230136435,0
normal,N0425,14122,13,24,2022-07-12 00:53:37.208,0,train,0.01251747230136435,0
normal,N0425,14123,14,24,2022-07-12 00:53:37.308,0,train,0.0025176145276647787,0
normal,N0425,14124,15,24,2022-07-12 00:53:37.408,0,train,0.0,0
normal,N0425,14125,16,24,2022-07-12 00:53:37.508,0,train,0.0,0
normal,N0425,14126,17,24,2022-07-12 00:53:37.608,0,train,0.0,0
normal,N0425,14127,18,24,2022-07-12 00:53:37.708,0,train,0.0,0
normal,N0425,14128,19,24,2022-07-12 00:53:37.808,0,train,0.0,0
normal,N0425,14129,20,24,2022-07-12 00:53:37.908,0,train,0.0,0
normal,N0425,14130,21,24,2022-07-12 00:53:38.008,0,train,0.0,0
normal,N0425,14131,22,24,2022-07-12 00:53:38.108,0,train,0.0,0
normal,N0425,14132,23,24,2022-07-12 00:53:38.208,0,train,0.0,0
normal,N0426,14142,9,11,2022-07-12 00:53:44.647,0,train,0.0,0
normal,N0426,14143,10,11,2022-07-12 00:53:44.747,0,train,0.006304353554482101,0
normal,N0428,14203,9,50,2022-07-12 00:54:00.903,0,train,0.0,0
normal,N0428,14204,10,50,2022-07-12 00:54:01.003,0,train,0.0,0
normal,N0428,14205,11,50,2022-07-12 00:54:01.103,0,train,0.0,0
normal,N0428,14206,12,50,2022-07-12 00:54:01.203,0,train,0.0,0
normal,N0428,14207,13,50,2022-07-12 00:54:01.303,0,train,0.0,0
normal,N0428,14208,14,50,2022-07-12 00:54:01.403,0,train,0.0,0
normal,N0428,14209,15,50,2022-07-12 00:54:01.503,0,train,0.0,0
normal,N0428,14210,16,50,2022-07-12 00:54:01.603,0,train,0.0,0
normal,N0428,14211,17,50,2022-07-12 00:54:01.703,0,train,0.003128286536362735,0
normal,N0428,14212,18,50,2022-07-12 00:54:01.803,0,train,0.0,0
normal,N0428,14213,19,50,2022-07-12 00:54:01.903,0,train,0.0,0
normal,N0428,14214,20,50,2022-07-12 00:54:02.003,0,train,0.0,0
normal,N0428,14215,21,50,2022-07-12 00:54:02.103,0,train,0.003248858212286665,0
normal,N0428,14216,22,50,2022-07-12 00:54:02.203,0,train,0.0,0
normal,N0428,14217,23,50,2022-07-12 00:54:02.303,0,train,0.0,0
normal,N0428,14218,24,50,2022-07-12 00:54:02.403,0,train,0.006072991854364146,0
normal,N0428,14219,25,50,2022-07-12 00:54:02.503,0,train,0.0,0
normal,N0428,14220,26,50,2022-07-12 00:54:02.603,0,train,0.006256181338397564,0
normal,N0428,14221,27,50,2022-07-12 00:54:02.703,0,train,0.0,0
normal,N0428,14222,28,50,2022-07-12 00:54:02.803,0,train,0.0,0
normal,N0428,14223,29,50,2022-07-12 00:54:02.903,0,train,0.0,0
normal,N0428,14224,30,50,2022-07-12 00:54:03.003,0,train,0.0,0
normal,N0428,14225,31,50,2022-07-12 00:54:03.103,0,train,0.0,0
normal,N0428,14226,32,50,2022-07-12 00:54:03.203,0,train,0.0,0
normal,N0428,14227,33,50,2022-07-12 00:54:03.303,0,train,0.0,0
normal,N0428,14228,34,50,2022-07-12 00:54:03.403,0,train,0.0,0
normal,N0428,14229,35,50,2022-07-12 00:54:03.503,0,train,0.0,0
normal,N0428,14230,36,50,2022-07-12 00:54:03.603,0,train,0.0,0
normal,N0428,14231,37,50,2022-07-12 00:54:03.703,0,train,0.0,0
normal,N0428,14232,38,50,2022-07-12 00:54:03.803,0,train,0.0,0
normal,N0428,14233,39,50,2022-07-12 00:54:03.903,0,train,0.0,0
normal,N0428,14234,40,50,2022-07-12 00:54:04.003,0,train,0.0033333333333333335,0
normal,N0428,14235,41,50,2022-07-12 00:54:04.103,0,train,0.03853519649987909,0
normal,N0428,14236,42,50,2022-07-12 00:54:04.203,0,train,0.0,0
normal,N0428,14237,43,50,2022-07-12 00:54:04.303,0,train,0.0,0
normal,N0428,14238,44,50,2022-07-12 00:54:04.403,0,train,0.0,0
normal,N0428,14239,45,50,2022-07-12 00:54:04.503,0,train,0.0,0
normal,N0428,14240,46,50,2022-07-12 00:54:04.603,0,train,0.0,0
normal,N0428,14241,47,50,2022-07-12 00:54:04.703,0,train,0.0,0
normal,N0428,14242,48,50,2022-07-12 00:54:04.803,0,train,0.0,0
normal,N0428,14243,49,50,2022-07-12 00:54:04.903,0,train,0.0,0
normal,N0429,14253,9,39,2022-07-12 00:54:08.675,0,train,0.0,0
normal,N0429,14254,10,39,2022-07-12 00:54:08.775,0,train,0.0,0
normal,N0429,14255,11,39,2022-07-12 00:54:08.875,0,train,0.0029740500172581504,0
normal,N0429,14256,12,39,2022-07-12 00:54:08.975,0,train,0.0029740500172581504,0
normal,N0429,14257,13,39,2022-07-12 00:54:09.075,0,train,0.0,0
normal,N0429,14258,14,39,2022-07-12 00:54:09.175,0,train,0.012716263380716753,0
normal,N0429,14259,15,39,2022-07-12 00:54:09.275,0,train,0.0032001761875720004,0
normal,N0429,14260,16,39,2022-07-12 00:54:09.375,0,train,0.0,0
normal,N0429,14261,17,39,2022-07-12 00:54:09.475,0,train,0.0,0
normal,N0429,14262,18,39,2022-07-12 00:54:09.575,0,train,0.0092125868616121,0
normal,N0429,14263,19,39,2022-07-12 00:54:09.675,0,train,0.0032122260668973474,0
normal,N0429,14264,20,39,2022-07-12 00:54:09.775,0,train,0.0,0
normal,N0429,14265,21,39,2022-07-12 00:54:09.875,0,train,0.0,0
normal,N0429,14266,22,39,2022-07-12 00:54:09.975,0,train,0.027379931225990764,0
normal,N0429,14267,23,39,2022-07-12 00:54:10.075,0,train,0.0,0
normal,N0429,14268,24,39,2022-07-12 00:54:10.175,0,train,0.0,0
normal,N0429,14269,25,39,2022-07-12 00:54:10.275,0,train,0.0,0
normal,N0429,14270,26,39,2022-07-12 00:54:10.375,0,train,0.0,0
normal,N0429,14271,27,39,2022-07-12 00:54:10.475,0,train,0.0,0
normal,N0429,14272,28,39,2022-07-12 00:54:10.575,0,train,0.0,0
normal,N0429,14273,29,39,2022-07-12 00:54:10.675,0,train,0.00325057518629168,0
normal,N0429,14274,30,39,2022-07-12 00:54:10.775,0,train,0.0,0
normal,N0429,14275,31,39,2022-07-12 00:54:10.875,0,train,0.0,0
normal,N0429,14276,32,39,2022-07-12 00:54:10.975,0,train,0.0,0
normal,N0429,14277,33,39,2022-07-12 00:54:11.075,0,train,0.03073096984462751,0
normal,N0429,14278,34,39,2022-07-12 00:54:11.175,0,train,0.0,0
normal,N0429,14279,35,39,2022-07-12 00:54:11.275,0,train,0.0,0
normal,N0429,14280,36,39,2022-07-12 00:54:11.375,0,train,0.0,0
normal,N0429,14281,37,39,2022-07-12 00:54:11.475,0,train,0.0,0
normal,N0429,14282,38,39,2022-07-12 00:54:11.575,0,train,0.00950570634675363,0
normal,N0430,14292,9,28,2022-07-12 00:54:16.682,0,train,0.0,0
normal,N0430,14293,10,28,2022-07-12 00:54:16.782,0,train,0.0,0
normal,N0430,14294,11,28,2022-07-12 00:54:16.882,0,train,0.0,0
normal,N0430,14295,12,28,2022-07-12 00:54:16.982,0,train,0.002864114455457549,0
normal,N0430,14296,13,28,2022-07-12 00:54:17.082,0,train,0.006093765654281123,0
normal,N0430,14297,14,28,2022-07-12 00:54:17.182,0,train,0.0,0
normal,N0430,14298,15,28,2022-07-12 00:54:17.282,0,train,0.0337705049658437,0
normal,N0430,14299,16,28,2022-07-12 00:54:17.382,0,train,0.0,0
normal,N0430,14300,17,28,2022-07-12 00:54:17.482,0,train,0.0,0
normal,N0430,14301,18,28,2022-07-12 00:54:17.582,0,train,0.018462332893430085,0
normal,N0430,14302,19,28,2022-07-12 00:54:17.682,0,train,0.0,0
normal,N0430,14303,20,28,2022-07-12 00:54:17.782,0,train,0.0,0
normal,N0430,14304,21,28,2022-07-12 00:54:17.882,0,train,0.0,0
normal,N0430,14305,22,28,2022-07-12 00:54:17.982,0,train,0.0,0
normal,N0430,14306,23,28,2022-07-12 00:54:18.082,0,train,0.027129085219692043,0
normal,N0430,14307,24,28,2022-07-12 00:54:18.182,0,train,0.0,0
normal,N0430,14308,25,28,2022-07-12 00:54:18.282,0,train,0.0,0
normal,N0430,14309,26,28,2022-07-12 00:54:18.382,0,train,0.0,0
normal,N0430,14310,27,28,2022-07-12 00:54:18.482,0,train,0.0,0
normal,N0431,14320,9,25,2022-07-12 00:54:24.863,0,train,0.015232149408819376,0
normal,N0431,14321,10,25,2022-07-12 00:54:24.963,0,train,0.02983283676867155,0
normal,N0431,14322,11,25,2022-07-12 00:54:25.063,0,train,0.0,0
normal,N0431,14323,12,25,2022-07-12 00:54:25.163,0,train,0.0029638674932682078,0
normal,N0431,14324,13,25,2022-07-12 00:54:25.263,0,train,0.0,0
normal,N0431,14325,14,25,2022-07-12 00:54:25.363,0,train,0.0,0
normal,N0431,14326,15,25,2022-07-12 00:54:25.463,0,train,0.0,0
normal,N0431,14327,16,25,2022-07-12 00:54:25.563,0,train,0.0,0
normal,N0431,14328,17,25,2022-07-12 00:54:25.663,0,train,0.0,0
normal,N0431,14329,18,25,2022-07-12 00:54:25.763,0,train,0.0,0
normal,N0431,14330,19,25,2022-07-12 00:54:25.863,0,train,0.0,0
normal,N0431,14331,20,25,2022-07-12 00:54:25.963,0,train,0.0,0
normal,N0431,14332,21,25,2022-07-12 00:54:26.063,0,train,0.00952580871212165,0
normal,N0431,14333,22,25,2022-07-12 00:54:26.163,0,train,0.0,0
normal,N0431,14334,23,25,2022-07-12 00:54:26.263,0,train,0.0032291986752705794,0
normal,N0431,14335,24,25,2022-07-12 00:54:26.363,0,train,0.006500280193714834,0
normal,N0433,14356,9,50,2022-07-12 00:54:42.236,0,train,0.0,0
normal,N0433,14357,10,50,2022-07-12 00:54:42.336,0,train,0.0,0
normal,N0433,14358,11,50,2022-07-12 00:54:42.436,0,train,0.002981165298871175,0
normal,N0433,14359,12,50,2022-07-12 00:54:42.536,0,train,0.009553857417000718,0
normal,N0433,14360,13,50,2022-07-12 00:54:42.636,0,train,0.0,0
normal,N0433,14361,14,50,2022-07-12 00:54:42.736,0,train,0.0,0
normal,N0433,14362,15,50,2022-07-12 00:54:42.836,0,train,0.0,0
normal,N0433,14363,16,50,2022-07-12 00:54:42.936,0,train,0.0,0
normal,N0433,14364,17,50,2022-07-12 00:54:43.036,0,train,0.0,0
normal,N0433,14365,18,50,2022-07-12 00:54:43.136,0,train,0.0,0
normal,N0433,14366,19,50,2022-07-12 00:54:43.236,0,train,0.0,0
normal,N0433,14367,20,50,2022-07-12 00:54:43.336,0,train,0.003314915198016777,0
normal,N0433,14368,21,50,2022-07-12 00:54:43.436,0,train,0.0,0
normal,N0433,14369,22,50,2022-07-12 00:54:43.536,0,train,0.027535776899163332,0
normal,N0433,14370,23,50,2022-07-12 00:54:43.636,0,train,0.0031975027419218764,0
normal,N0433,14371,24,50,2022-07-12 00:54:43.736,0,train,0.0,0
normal,N0433,14372,25,50,2022-07-12 00:54:43.836,0,train,0.0,0
normal,N0433,14373,26,50,2022-07-12 00:54:43.936,0,train,0.0,0
normal,N0433,14374,27,50,2022-07-12 00:54:44.036,0,train,0.0,0
normal,N0433,14375,28,50,2022-07-12 00:54:44.136,0,train,0.0,0
normal,N0433,14376,29,50,2022-07-12 00:54:44.236,0,train,0.0,0
normal,N0433,14377,30,50,2022-07-12 00:54:44.336,0,train,0.0,0
normal,N0433,14378,31,50,2022-07-12 00:54:44.436,0,train,0.0,0
normal,N0433,14379,32,50,2022-07-12 00:54:44.536,0,train,0.0,0
normal,N0433,14380,33,50,2022-07-12 00:54:44.636,0,train,0.0,0
normal,N0433,14381,34,50,2022-07-12 00:54:44.736,0,train,0.0,0
normal,N0433,14382,35,50,2022-07-12 00:54:44.836,0,train,0.0,0
normal,N0433,14383,36,50,2022-07-12 00:54:44.936,0,train,0.0,0
normal,N0433,14384,37,50,2022-07-12 00:54:45.036,0,train,0.011518468472255971,0
normal,N0433,14385,38,50,2022-07-12 00:54:45.136,0,train,0.008973275702549459,0
normal,N0433,14386,39,50,2022-07-12 00:54:45.236,0,train,0.009122062530572649,0
normal,N0433,14387,40,50,2022-07-12 00:54:45.336,0,train,0.0,0
normal,N0433,14388,41,50,2022-07-12 00:54:45.436,0,train,0.005473491218044696,0
normal,N0433,14389,42,50,2022-07-12 00:54:45.536,0,train,0.0,0
normal,N0433,14390,43,50,2022-07-12 00:54:45.636,0,train,0.0,0
normal,N0433,14391,44,50,2022-07-12 00:54:45.736,0,train,0.005473491218044696,0
normal,N0433,14392,45,50,2022-07-12 00:54:45.836,0,train,0.0,0
normal,N0433,14393,46,50,2022-07-12 00:54:45.936,0,train,0.0,0
normal,N0433,14394,47,50,2022-07-12 00:54:46.036,0,train,0.0029725490196078437,0
normal,N0433,14395,48,50,2022-07-12 00:54:46.136,0,train,0.0,0
normal,N0433,14396,49,50,2022-07-12 00:54:46.236,0,train,0.0,0
normal,N0434,14406,9,49,2022-07-12 00:54:48.944,0,train,0.0,0
normal,N0434,14407,10,49,2022-07-12 00:54:49.044,0,train,0.0,0
normal,N0434,14408,11,49,2022-07-12 00:54:49.144,0,train,0.0,0
normal,N0434,14409,12,49,2022-07-12 00:54:49.244,0,train,0.006170722639402074,0
normal,N0434,14410,13,49,2022-07-12 00:54:49.344,0,train,0.0,0
normal,N0434,14411,14,49,2022-07-12 00:54:49.444,0,train,0.0,0
normal,N0434,14412,15,49,2022-07-12 00:54:49.544,0,train,0.0,0
normal,N0434,14413,16,49,2022-07-12 00:54:49.644,0,train,0.0,0
normal,N0434,14414,17,49,2022-07-12 00:54:49.744,0,train,0.0,0
normal,N0434,14415,18,49,2022-07-12 00:54:49.844,0,train,0.0,0
normal,N0434,14416,19,49,2022-07-12 00:54:49.944,0,train,0.0,0
normal,N0434,14417,20,49,2022-07-12 00:54:50.044,0,train,0.024458655308475113,0
normal,N0434,14418,21,49,2022-07-12 00:54:50.144,0,train,0.0,0
normal,N0434,14419,22,49,2022-07-12 00:54:50.244,0,train,0.0,0
normal,N0434,14420,23,49,2022-07-12 00:54:50.344,0,train,0.0,0
normal,N0434,14421,24,49,2022-07-12 00:54:50.444,0,train,0.0,0
normal,N0434,14422,25,49,2022-07-12 00:54:50.544,0,train,0.0,0
normal,N0434,14423,26,49,2022-07-12 00:54:50.644,0,train,0.0,0
normal,N0434,14424,27,49,2022-07-12 00:54:50.744,0,train,0.003184856730155531,0
normal,N0434,14425,28,49,2022-07-12 00:54:50.844,0,train,0.031524108093696206,0
normal,N0434,14426,29,49,2022-07-12 00:54:50.944,0,train,0.006404653670383315,0
normal,N0434,14427,30,49,2022-07-12 00:54:51.044,0,train,0.0,0
normal,N0434,14428,31,49,2022-07-12 00:54:51.144,0,train,0.0,0
normal,N0434,14429,32,49,2022-07-12 00:54:51.244,0,train,0.0,0
normal,N0434,14430,33,49,2022-07-12 00:54:51.344,0,train,0.0,0
normal,N0434,14431,34,49,2022-07-12 00:54:51.444,0,train,0.0,0
normal,N0434,14432,35,49,2022-07-12 00:54:51.544,0,train,0.0,0
normal,N0434,14433,36,49,2022-07-12 00:54:51.644,0,train,0.003233308327081771,0
normal,N0434,14434,37,49,2022-07-12 00:54:51.744,0,train,0.0033333333333333335,0
normal,N0434,14435,38,49,2022-07-12 00:54:51.844,0,train,0.0,0
normal,N0434,14436,39,49,2022-07-12 00:54:51.944,0,train,0.0,0
normal,N0434,14437,40,49,2022-07-12 00:54:52.044,0,train,0.0,0
normal,N0434,14438,41,49,2022-07-12 00:54:52.144,0,train,0.0,0
normal,N0434,14439,42,49,2022-07-12 00:54:52.244,0,train,0.0,0
normal,N0434,14440,43,49,2022-07-12 00:54:52.344,0,train,0.0032014607425441266,0
normal,N0434,14441,44,49,2022-07-12 00:54:52.444,0,train,0.006281877132327849,0
normal,N0434,14442,45,49,2022-07-12 00:54:52.544,0,train,0.012154517102500166,0
normal,N0434,14443,46,49,2022-07-12 00:54:52.644,0,train,0.0,0
normal,N0434,14444,47,49,2022-07-12 00:54:52.744,0,train,0.0,0
normal,N0434,14445,48,49,2022-07-12 00:54:52.844,0,train,0.0,0
normal,N0435,14455,9,35,2022-07-12 00:54:56.993,0,train,0.0,0
normal,N0435,14456,10,35,2022-07-12 00:54:57.093,0,train,0.0,0
normal,N0435,14457,11,35,2022-07-12 00:54:57.193,0,train,0.0,0
normal,N0435,14458,12,35,2022-07-12 00:54:57.293,0,train,0.0,0
normal,N0435,14459,13,35,2022-07-12 00:54:57.393,0,train,0.0,0
normal,N0435,14460,14,35,2022-07-12 00:54:57.493,0,train,0.0,0
normal,N0435,14461,15,35,2022-07-12 00:54:57.593,0,train,0.0,0
normal,N0435,14462,16,35,2022-07-12 00:54:57.693,0,train,0.0,0
normal,N0435,14463,17,35,2022-07-12 00:54:57.793,0,train,0.0,0
normal,N0435,14464,18,35,2022-07-12 00:54:57.893,0,train,0.0,0
normal,N0435,14465,19,35,2022-07-12 00:54:57.993,0,train,0.0,0
normal,N0435,14466,20,35,2022-07-12 00:54:58.093,0,train,0.0,0
normal,N0435,14467,21,35,2022-07-12 00:54:58.193,0,train,0.0,0
normal,N0435,14468,22,35,2022-07-12 00:54:58.293,0,train,0.0,0
normal,N0435,14469,23,35,2022-07-12 00:54:58.393,0,train,0.0,0
normal,N0435,14470,24,35,2022-07-12 00:54:58.493,0,train,0.0,0
normal,N0435,14471,25,35,2022-07-12 00:54:58.593,0,train,0.003259578464683296,0
normal,N0435,14472,26,35,2022-07-12 00:54:58.693,0,train,0.0,0
normal,N0435,14473,27,35,2022-07-12 00:54:58.793,0,train,0.0033126967471143755,0
normal,N0435,14474,28,35,2022-07-12 00:54:58.893,0,train,0.0,0
normal,N0435,14475,29,35,2022-07-12 00:54:58.993,0,train,0.0,0
normal,N0435,14476,30,35,2022-07-12 00:54:59.093,0,train,0.0,0
normal,N0435,14477,31,35,2022-07-12 00:54:59.193,0,train,0.0,0
normal,N0435,14478,32,35,2022-07-12 00:54:59.293,0,train,0.003072578551025708,0
normal,N0435,14479,33,35,2022-07-12 00:54:59.393,0,train,0.0,0
normal,N0435,14480,34,35,2022-07-12 00:54:59.493,0,train,0.0,0
normal,N0436,14490,9,22,2022-07-12 00:55:04.988,0,train,0.0,0
normal,N0436,14491,10,22,2022-07-12 00:55:05.088,0,train,0.0,0
normal,N0436,14492,11,22,2022-07-12 00:55:05.188,0,train,0.0,0
normal,N0436,14493,12,22,2022-07-12 00:55:05.288,0,train,0.0,0
normal,N0436,14494,13,22,2022-07-12 00:55:05.388,0,train,0.0,0
normal,N0436,14495,14,22,2022-07-12 00:55:05.488,0,train,0.0,0
normal,N0436,14496,15,22,2022-07-12 00:55:05.588,0,train,0.0,0
normal,N0436,14497,16,22,2022-07-12 00:55:05.688,0,train,0.0029640409351234624,0
normal,N0436,14498,17,22,2022-07-12 00:55:05.788,0,train,0.0,0
normal,N0436,14499,18,22,2022-07-12 00:55:05.888,0,train,0.0,0
normal,N0436,14500,19,22,2022-07-12 00:55:05.988,0,train,0.0,0
normal,N0436,14501,20,22,2022-07-12 00:55:06.088,0,train,0.0,0
normal,N0436,14502,21,22,2022-07-12 00:55:06.188,0,train,0.0,0
normal,N0438,14522,9,50,2022-07-12 00:55:22.068,0,train,0.03461892790860054,0
normal,N0438,14523,10,50,2022-07-12 00:55:22.168,0,train,0.0,0
normal,N0438,14524,11,50,2022-07-12 00:55:22.268,0,train,0.0,0
normal,N0438,14525,12,50,2022-07-12 00:55:22.368,0,train,0.0,0
normal,N0438,14526,13,50,2022-07-12 00:55:22.468,0,train,0.0,0
normal,N0438,14527,14,50,2022-07-12 00:55:22.568,0,train,0.0,0
normal,N0438,14528,15,50,2022-07-12 00:55:22.668,0,train,0.0,0
normal,N0438,14529,16,50,2022-07-12 00:55:22.768,0,train,0.0029484182639862868,0
normal,N0438,14530,17,50,2022-07-12 00:55:22.868,0,train,0.0,0
normal,N0438,14531,18,50,2022-07-12 00:55:22.968,0,train,0.0,0
normal,N0438,14532,19,50,2022-07-12 00:55:23.068,0,train,0.0,0
normal,N0438,14533,20,50,2022-07-12 00:55:23.168,0,train,0.0,0
normal,N0438,14534,21,50,2022-07-12 00:55:23.268,0,train,0.0,0
normal,N0438,14535,22,50,2022-07-12 00:55:23.368,0,train,0.0,0
normal,N0438,14536,23,50,2022-07-12 00:55:23.468,0,train,0.0,0
normal,N0438,14537,24,50,2022-07-12 00:55:23.568,0,train,0.0,0
normal,N0438,14538,25,50,2022-07-12 00:55:23.668,0,train,0.0,0
normal,N0438,14539,26,50,2022-07-12 00:55:23.768,0,train,0.0,0
normal,N0438,14540,27,50,2022-07-12 00:55:23.868,0,train,0.0,0
normal,N0438,14541,28,50,2022-07-12 00:55:23.968,0,train,0.0,0
normal,N0438,14542,29,50,2022-07-12 00:55:24.068,0,train,0.0,0
normal,N0438,14543,30,50,2022-07-12 00:55:24.168,0,train,0.0,0
normal,N0438,14544,31,50,2022-07-12 00:55:24.268,0,train,0.0,0
normal,N0438,14545,32,50,2022-07-12 00:55:24.368,0,train,0.0,0
normal,N0438,14546,33,50,2022-07-12 00:55:24.468,0,train,0.0,0
normal,N0438,14547,34,50,2022-07-12 00:55:24.568,0,train,0.0,0
normal,N0438,14548,35,50,2022-07-12 00:55:24.668,0,train,0.0,0
normal,N0438,14549,36,50,2022-07-12 00:55:24.768,0,train,0.0,0
normal,N0438,14550,37,50,2022-07-12 00:55:24.868,0,train,0.0,0
normal,N0438,14551,38,50,2022-07-12 00:55:24.968,0,train,0.0,0
normal,N0438,14552,39,50,2022-07-12 00:55:25.068,0,train,0.0,0
normal,N0438,14553,40,50,2022-07-12 00:55:25.168,0,train,0.0,0
normal,N0438,14554,41,50,2022-07-12 00:55:25.268,0,train,0.0,0
normal,N0438,14555,42,50,2022-07-12 00:55:25.368,0,train,0.0,0
normal,N0438,14556,43,50,2022-07-12 00:55:25.468,0,train,0.0,0
normal,N0438,14557,44,50,2022-07-12 00:55:25.568,0,train,0.0,0
normal,N0438,14558,45,50,2022-07-12 00:55:25.668,0,train,0.0,0
normal,N0438,14559,46,50,2022-07-12 00:55:25.768,0,train,0.0,0
normal,N0438,14560,47,50,2022-07-12 00:55:25.868,0,train,0.0,0
normal,N0438,14561,48,50,2022-07-12 00:55:25.968,0,train,0.0,0
normal,N0438,14562,49,50,2022-07-12 00:55:26.068,0,train,0.0,0
normal,N0439,14572,9,49,2022-07-12 00:55:29.158,0,train,0.006531536096753488,0
normal,N0439,14573,10,49,2022-07-12 00:55:29.258,0,train,0.0,0
normal,N0439,14574,11,49,2022-07-12 00:55:29.358,0,train,0.0,0
normal,N0439,14575,12,49,2022-07-12 00:55:29.458,0,train,0.0,0
normal,N0439,14576,13,49,2022-07-12 00:55:29.558,0,train,0.0,0
normal,N0439,14577,14,49,2022-07-12 00:55:29.658,0,train,0.0,0
normal,N0439,14578,15,49,2022-07-12 00:55:29.758,0,train,0.0,0
normal,N0439,14579,16,49,2022-07-12 00:55:29.858,0,train,0.0,0
normal,N0439,14580,17,49,2022-07-12 00:55:29.958,0,train,0.0,0
normal,N0439,14581,18,49,2022-07-12 00:55:30.058,0,train,0.0,0
normal,N0439,14582,19,49,2022-07-12 00:55:30.158,0,train,0.0,0
normal,N0439,14583,20,49,2022-07-12 00:55:30.258,0,train,0.0,0
normal,N0439,14584,21,49,2022-07-12 00:55:30.358,0,train,0.0,0
normal,N0439,14585,22,49,2022-07-12 00:55:30.458,0,train,0.0,0
normal,N0439,14586,23,49,2022-07-12 00:55:30.558,0,train,0.0,0
normal,N0439,14587,24,49,2022-07-12 00:55:30.658,0,train,0.0,0
normal,N0439,14588,25,49,2022-07-12 00:55:30.758,0,train,0.0,0
normal,N0439,14589,26,49,2022-07-12 00:55:30.858,0,train,0.012067175495964217,0
normal,N0439,14590,27,49,2022-07-12 00:55:30.958,0,train,0.0,0
normal,N0439,14591,28,49,2022-07-12 00:55:31.058,0,train,0.0,0
normal,N0439,14592,29,49,2022-07-12 00:55:31.158,0,train,0.0,0
normal,N0439,14593,30,49,2022-07-12 00:55:31.258,0,train,0.0,0
normal,N0439,14594,31,49,2022-07-12 00:55:31.358,0,train,0.0,0
normal,N0439,14595,32,49,2022-07-12 00:55:31.458,0,train,0.0,0
normal,N0439,14596,33,49,2022-07-12 00:55:31.558,0,train,0.0,0
normal,N0439,14597,34,49,2022-07-12 00:55:31.658,0,train,0.0,0
normal,N0439,14598,35,49,2022-07-12 00:55:31.758,0,train,0.0,0
normal,N0439,14599,36,49,2022-07-12 00:55:31.858,0,train,0.018070324681337027,0
normal,N0439,14600,37,49,2022-07-12 00:55:31.958,0,train,0.012794912092139541,0
normal,N0439,14601,38,49,2022-07-12 00:55:32.058,0,train,0.04364982489012565,0
normal,N0439,14602,39,49,2022-07-12 00:55:32.158,0,train,0.027186824477086903,0
normal,N0439,14603,40,49,2022-07-12 00:55:32.258,0,train,0.0,0
normal,N0439,14604,41,49,2022-07-12 00:55:32.358,0,train,0.0,0
normal,N0439,14605,42,49,2022-07-12 00:55:32.458,0,train,0.012613713444341545,0
normal,N0439,14606,43,49,2022-07-12 00:55:32.558,0,train,0.0,0
normal,N0439,14607,44,49,2022-07-12 00:55:32.658,0,train,0.0,0
normal,N0439,14608,45,49,2022-07-12 00:55:32.758,0,train,0.0,0
normal,N0439,14609,46,49,2022-07-12 00:55:32.858,0,train,0.0,0
normal,N0439,14610,47,49,2022-07-12 00:55:32.958,0,train,0.0,0
normal,N0439,14611,48,49,2022-07-12 00:55:33.058,0,train,0.0,0
normal,N0440,14621,9,34,2022-07-12 00:55:37.368,0,train,0.0,0
normal,N0440,14622,10,34,2022-07-12 00:55:37.468,0,train,0.0,0
normal,N0440,14623,11,34,2022-07-12 00:55:37.568,0,train,0.0,0
normal,N0440,14624,12,34,2022-07-12 00:55:37.668,0,train,0.003007478122513921,0
normal,N0440,14625,13,34,2022-07-12 00:55:37.768,0,train,0.0,0
normal,N0440,14626,14,34,2022-07-12 00:55:37.868,0,train,0.0,0
normal,N0440,14627,15,34,2022-07-12 00:55:37.968,0,train,0.0,0
normal,N0440,14628,16,34,2022-07-12 00:55:38.068,0,train,0.0,0
normal,N0440,14629,17,34,2022-07-12 00:55:38.168,0,train,0.0,0
normal,N0440,14630,18,34,2022-07-12 00:55:38.268,0,train,0.018386090767464666,0
normal,N0440,14631,19,34,2022-07-12 00:55:38.368,0,train,0.014716857462223122,0
normal,N0440,14632,20,34,2022-07-12 00:55:38.468,0,train,0.008717884836169325,0
normal,N0440,14633,21,34,2022-07-12 00:55:38.568,0,train,0.04105136410519834,0
normal,N0440,14634,22,34,2022-07-12 00:55:38.668,0,train,0.0,0
normal,N0440,14635,23,34,2022-07-12 00:55:38.768,0,train,0.0028705475084267107,0
normal,N0440,14636,24,34,2022-07-12 00:55:38.868,0,train,0.006479043172872532,0
normal,N0440,14637,25,34,2022-07-12 00:55:38.968,0,train,0.0032172555408478435,0
normal,N0440,14638,26,34,2022-07-12 00:55:39.068,0,train,0.006585625493630027,0
normal,N0440,14639,27,34,2022-07-12 00:55:39.168,0,train,0.016027564989054395,0
normal,N0440,14640,28,34,2022-07-12 00:55:39.268,0,train,0.0032112963593058865,0
normal,N0440,14641,29,34,2022-07-12 00:55:39.368,0,train,0.003007478122513921,0
normal,N0440,14642,30,34,2022-07-12 00:55:39.468,0,train,0.0032439029393062993,0
normal,N0440,14643,31,34,2022-07-12 00:55:39.568,0,train,0.0029540843399818956,0
normal,N0440,14644,32,34,2022-07-12 00:55:39.668,0,train,0.08408266336302549,0
normal,N0440,14645,33,34,2022-07-12 00:55:39.768,0,train,0.04840517418999757,0
normal,N0441,14655,9,17,2022-07-12 00:55:45.651,0,train,0.04660842875548788,0
normal,N0441,14656,10,17,2022-07-12 00:55:45.751,0,train,0.00319647201946472,0
normal,N0441,14657,11,17,2022-07-12 00:55:45.851,0,train,0.0,0
normal,N0441,14658,12,17,2022-07-12 00:55:45.951,0,train,0.0,0
normal,N0441,14659,13,17,2022-07-12 00:55:46.051,0,train,0.0,0
normal,N0441,14660,14,17,2022-07-12 00:55:46.151,0,train,0.0,0
normal,N0441,14661,15,17,2022-07-12 00:55:46.251,0,train,0.0,0
normal,N0441,14662,16,17,2022-07-12 00:55:46.351,0,train,0.0,0
normal,N0443,14676,9,50,2022-07-12 00:56:03.652,0,train,0.01649839526236795,0
normal,N0443,14677,10,50,2022-07-12 00:56:03.752,0,train,0.028913695431917817,0
normal,N0443,14678,11,50,2022-07-12 00:56:03.852,0,train,0.009545378870089565,0
normal,N0443,14679,12,50,2022-07-12 00:56:03.952,0,train,0.01588022008333927,0
normal,N0443,14680,13,50,2022-07-12 00:56:04.052,0,train,0.006511060927792197,0
normal,N0443,14681,14,50,2022-07-12 00:56:04.152,0,train,0.0032856915000589455,0
normal,N0443,14682,15,50,2022-07-12 00:56:04.252,0,train,0.0,0
normal,N0443,14683,16,50,2022-07-12 00:56:04.352,0,train,0.0,0
normal,N0443,14684,17,50,2022-07-12 00:56:04.452,0,train,0.0,0
normal,N0443,14685,18,50,2022-07-12 00:56:04.552,0,train,0.0,0
normal,N0443,14686,19,50,2022-07-12 00:56:04.652,0,train,0.0,0
normal,N0443,14687,20,50,2022-07-12 00:56:04.752,0,train,0.0,0
normal,N0443,14688,21,50,2022-07-12 00:56:04.852,0,train,0.0,0
normal,N0443,14689,22,50,2022-07-12 00:56:04.952,0,train,0.0,0
normal,N0443,14690,23,50,2022-07-12 00:56:05.052,0,train,0.0,0
normal,N0443,14691,24,50,2022-07-12 00:56:05.152,0,train,0.002804538452423273,0
normal,N0443,14692,25,50,2022-07-12 00:56:05.252,0,train,0.0,0
normal,N0443,14693,26,50,2022-07-12 00:56:05.352,0,train,0.0033227566170307074,0
normal,N0443,14694,27,50,2022-07-12 00:56:05.452,0,train,0.0,0
normal,N0443,14695,28,50,2022-07-12 00:56:05.552,0,train,0.0,0
normal,N0443,14696,29,50,2022-07-12 00:56:05.652,0,train,0.0,0
normal,N0443,14697,30,50,2022-07-12 00:56:05.752,0,train,0.0,0
normal,N0443,14698,31,50,2022-07-12 00:56:05.852,0,train,0.0,0
normal,N0443,14699,32,50,2022-07-12 00:56:05.952,0,train,0.0,0
normal,N0443,14700,33,50,2022-07-12 00:56:06.052,0,train,0.0,0
normal,N0443,14701,34,50,2022-07-12 00:56:06.152,0,train,0.0,0
normal,N0443,14702,35,50,2022-07-12 00:56:06.252,0,train,0.0033333333333333335,0
normal,N0443,14703,36,50,2022-07-12 00:56:06.352,0,train,0.0,0
normal,N0443,14704,37,50,2022-07-12 00:56:06.452,0,train,0.006142629490821219,0
normal,N0443,14705,38,50,2022-07-12 00:56:06.552,0,train,0.0,0
normal,N0443,14706,39,50,2022-07-12 00:56:06.652,0,train,0.0,0
normal,N0443,14707,40,50,2022-07-12 00:56:06.752,0,train,0.005868325210427165,0
normal,N0443,14708,41,50,2022-07-12 00:56:06.852,0,train,0.0,0
normal,N0443,14709,42,50,2022-07-12 00:56:06.952,0,train,0.0,0
normal,N0443,14710,43,50,2022-07-12 00:56:07.052,0,train,0.009079895286164479,0
normal,N0443,14711,44,50,2022-07-12 00:56:07.152,0,train,0.0,0
normal,N0443,14712,45,50,2022-07-12 00:56:07.252,0,train,0.006520939696331529,0
normal,N0443,14713,46,50,2022-07-12 00:56:07.352,0,train,0.009687836020984424,0
normal,N0443,14714,47,50,2022-07-12 00:56:07.452,0,train,0.0,0
normal,N0443,14715,48,50,2022-07-12 00:56:07.552,0,train,0.0,0
normal,N0443,14716,49,50,2022-07-12 00:56:07.652,0,train,0.02197394375821611,0
normal,N0444,14726,9,50,2022-07-12 00:56:10.564,0,train,0.0,0
normal,N0444,14727,10,50,2022-07-12 00:56:10.664,0,train,0.0,0
normal,N0444,14728,11,50,2022-07-12 00:56:10.764,0,train,0.003124308068540458,0
normal,N0444,14729,12,50,2022-07-12 00:56:10.864,0,train,0.0,0
normal,N0444,14730,13,50,2022-07-12 00:56:10.964,0,train,0.0,0
normal,N0444,14731,14,50,2022-07-12 00:56:11.064,0,train,0.012846486668804356,0
normal,N0444,14732,15,50,2022-07-12 00:56:11.164,0,train,0.0,0
normal,N0444,14733,16,50,2022-07-12 00:56:11.264,0,train,0.0,0
normal,N0444,14734,17,50,2022-07-12 00:56:11.364,0,train,0.009860712060180778,0
normal,N0444,14735,18,50,2022-07-12 00:56:11.464,0,train,0.0,0
normal,N0444,14736,19,50,2022-07-12 00:56:11.564,0,train,0.0,0
normal,N0444,14737,20,50,2022-07-12 00:56:11.664,0,train,0.0,0
normal,N0444,14738,21,50,2022-07-12 00:56:11.764,0,train,0.0,0
normal,N0444,14739,22,50,2022-07-12 00:56:11.864,0,train,0.0,0
normal,N0444,14740,23,50,2022-07-12 00:56:11.964,0,train,0.0,0
normal,N0444,14741,24,50,2022-07-12 00:56:12.064,0,train,0.0,0
normal,N0444,14742,25,50,2022-07-12 00:56:12.164,0,train,0.0,0
normal,N0444,14743,26,50,2022-07-12 00:56:12.264,0,train,0.0,0
normal,N0444,14744,27,50,2022-07-12 00:56:12.364,0,train,0.0,0
normal,N0444,14745,28,50,2022-07-12 00:56:12.464,0,train,0.0,0
normal,N0444,14746,29,50,2022-07-12 00:56:12.564,0,train,0.0,0
normal,N0444,14747,30,50,2022-07-12 00:56:12.664,0,train,0.0,0
normal,N0444,14748,31,50,2022-07-12 00:56:12.764,0,train,0.015489396719099642,0
normal,N0444,14749,32,50,2022-07-12 00:56:12.864,0,train,0.0,0
normal,N0444,14750,33,50,2022-07-12 00:56:12.964,0,train,0.0,0
normal,N0444,14751,34,50,2022-07-12 00:56:13.064,0,train,0.0,0
normal,N0444,14752,35,50,2022-07-12 00:56:13.164,0,train,0.0030051203765544,0
normal,N0444,14753,36,50,2022-07-12 00:56:13.264,0,train,0.0,0
normal,N0444,14754,37,50,2022-07-12 00:56:13.364,0,train,0.0,0
normal,N0444,14755,38,50,2022-07-12 00:56:13.464,0,train,0.0,0
normal,N0444,14756,39,50,2022-07-12 00:56:13.564,0,train,0.009338127305319702,0
normal,N0444,14757,40,50,2022-07-12 00:56:13.664,0,train,0.003211220786269122,0
normal,N0444,14758,41,50,2022-07-12 00:56:13.764,0,train,0.0,0
normal,N0444,14759,42,50,2022-07-12 00:56:13.864,0,train,0.0,0
normal,N0444,14760,43,50,2022-07-12 00:56:13.964,0,train,0.0,0
normal,N0444,14761,44,50,2022-07-12 00:56:14.064,0,train,0.0,0
normal,N0444,14762,45,50,2022-07-12 00:56:14.164,0,train,0.0,0
normal,N0444,14763,46,50,2022-07-12 00:56:14.264,0,train,0.0,0
normal,N0444,14764,47,50,2022-07-12 00:56:14.364,0,train,0.0,0
normal,N0444,14765,48,50,2022-07-12 00:56:14.464,0,train,0.012980358390696112,0
normal,N0444,14766,49,50,2022-07-12 00:56:14.564,0,train,0.0,0
normal,N0445,14776,9,44,2022-07-12 00:56:17.727,0,train,0.0,0
normal,N0445,14777,10,44,2022-07-12 00:56:17.827,0,train,0.0,0
normal,N0445,14778,11,44,2022-07-12 00:56:17.927,0,train,0.006512508822666738,0
normal,N0445,14779,12,44,2022-07-12 00:56:18.027,0,train,0.06873403108832486,0
normal,N0445,14780,13,44,2022-07-12 00:56:18.127,0,train,0.0687670499248112,0
normal,N0445,14781,14,44,2022-07-12 00:56:18.227,0,train,0.006407214621741511,0
normal,N0445,14782,15,44,2022-07-12 00:56:18.327,0,train,0.006544829039780801,0
normal,N0445,14783,16,44,2022-07-12 00:56:18.427,0,train,0.0,0
normal,N0445,14784,17,44,2022-07-12 00:56:18.527,0,train,0.0,0
normal,N0445,14785,18,44,2022-07-12 00:56:18.627,0,train,0.0,0
normal,N0445,14786,19,44,2022-07-12 00:56:18.727,0,train,0.0,0
normal,N0445,14787,20,44,2022-07-12 00:56:18.827,0,train,0.003218215158924205,0
normal,N0445,14788,21,44,2022-07-12 00:56:18.927,0,train,0.019705891840681288,0
normal,N0445,14789,22,44,2022-07-12 00:56:19.027,0,train,0.0033333333333333335,0
normal,N0445,14790,23,44,2022-07-12 00:56:19.127,0,train,0.0,0
normal,N0445,14791,24,44,2022-07-12 00:56:19.227,0,train,0.0,0
normal,N0445,14792,25,44,2022-07-12 00:56:19.327,0,train,0.0,0
normal,N0445,14793,26,44,2022-07-12 00:56:19.427,0,train,0.0,0
normal,N0445,14794,27,44,2022-07-12 00:56:19.527,0,train,0.0,0
normal,N0445,14795,28,44,2022-07-12 00:56:19.627,0,train,0.0,0
normal,N0445,14796,29,44,2022-07-12 00:56:19.727,0,train,0.07933628213113474,0
normal,N0445,14797,30,44,2022-07-12 00:56:19.827,0,train,0.10058583540488365,0
normal,N0445,14798,31,44,2022-07-12 00:56:19.927,0,train,0.0,0
normal,N0445,14799,32,44,2022-07-12 00:56:20.027,0,train,0.0,0
normal,N0445,14800,33,44,2022-07-12 00:56:20.127,0,train,0.0,0
normal,N0445,14801,34,44,2022-07-12 00:56:20.227,0,train,0.0,0
normal,N0445,14802,35,44,2022-07-12 00:56:20.327,0,train,0.0,0
normal,N0445,14803,36,44,2022-07-12 00:56:20.427,0,train,0.0032156501569109023,0
normal,N0445,14804,37,44,2022-07-12 00:56:20.527,0,train,0.025326972755054033,0
normal,N0445,14805,38,44,2022-07-12 00:56:20.627,0,train,0.21088136733778393,0
normal,N0445,14806,39,44,2022-07-12 00:56:20.727,0,train,0.035478806652389956,0
normal,N0445,14807,40,44,2022-07-12 00:56:20.827,0,train,0.0,0
normal,N0445,14808,41,44,2022-07-12 00:56:20.927,0,train,0.0,0
normal,N0445,14809,42,44,2022-07-12 00:56:21.027,0,train,0.0,0
normal,N0445,14810,43,44,2022-07-12 00:56:21.127,0,train,0.0033215849338877525,0
normal,N0446,14820,9,31,2022-07-12 00:56:25.732,0,train,0.0,0
normal,N0446,14821,10,31,2022-07-12 00:56:25.832,0,train,0.0,0
normal,N0446,14822,11,31,2022-07-12 00:56:25.932,0,train,0.0,0
normal,N0446,14823,12,31,2022-07-12 00:56:26.032,0,train,0.0,0
normal,N0446,14824,13,31,2022-07-12 00:56:26.132,0,train,0.0,0
normal,N0446,14825,14,31,2022-07-12 00:56:26.232,0,train,0.0,0
normal,N0446,14826,15,31,2022-07-12 00:56:26.332,0,train,0.0,0
normal,N0446,14827,16,31,2022-07-12 00:56:26.432,0,train,0.0,0
normal,N0446,14828,17,31,2022-07-12 00:56:26.532,0,train,0.0,0
normal,N0446,14829,18,31,2022-07-12 00:56:26.632,0,train,0.0,0
normal,N0446,14830,19,31,2022-07-12 00:56:26.732,0,train,0.0,0
normal,N0446,14831,20,31,2022-07-12 00:56:26.832,0,train,0.0,0
normal,N0446,14832,21,31,2022-07-12 00:56:26.932,0,train,0.0,0
normal,N0446,14833,22,31,2022-07-12 00:56:27.032,0,train,0.0,0
normal,N0446,14834,23,31,2022-07-12 00:56:27.132,0,train,0.0,0
normal,N0446,14835,24,31,2022-07-12 00:56:27.232,0,train,0.0,0
normal,N0446,14836,25,31,2022-07-12 00:56:27.332,0,train,0.0,0
normal,N0446,14837,26,31,2022-07-12 00:56:27.432,0,train,0.012843662100917754,0
normal,N0446,14838,27,31,2022-07-12 00:56:27.532,0,train,0.0,0
normal,N0446,14839,28,31,2022-07-12 00:56:27.632,0,train,0.0,0
normal,N0446,14840,29,31,2022-07-12 00:56:27.732,0,train,0.0,0
normal,N0446,14841,30,31,2022-07-12 00:56:27.832,0,train,0.0,0
normal,N0449,14879,9,50,2022-07-12 00:56:50.784,0,train,0.019113136663098926,0
normal,N0449,14880,10,50,2022-07-12 00:56:50.884,0,train,0.009612387631991744,0
normal,N0449,14881,11,50,2022-07-12 00:56:50.984,0,train,0.0,0
normal,N0449,14882,12,50,2022-07-12 00:56:51.084,0,train,0.03611405186015374,0
normal,N0449,14883,13,50,2022-07-12 00:56:51.184,0,train,0.022183536863381214,0
normal,N0449,14884,14,50,2022-07-12 00:56:51.284,0,train,0.0033333333333333335,0
normal,N0449,14885,15,50,2022-07-12 00:56:51.384,0,train,0.012312811419348776,0
normal,N0449,14886,16,50,2022-07-12 00:56:51.484,0,train,0.006408028877586521,0
normal,N0449,14887,17,50,2022-07-12 00:56:51.584,0,train,0.0,0
normal,N0449,14888,18,50,2022-07-12 00:56:51.684,0,train,0.0,0
normal,N0449,14889,19,50,2022-07-12 00:56:51.784,0,train,0.0,0
normal,N0449,14890,20,50,2022-07-12 00:56:51.884,0,train,0.0,0
normal,N0449,14891,21,50,2022-07-12 00:56:51.984,0,train,0.0029426232060023034,0
normal,N0449,14892,22,50,2022-07-12 00:56:52.084,0,train,0.0,0
normal,N0449,14893,23,50,2022-07-12 00:56:52.184,0,train,0.0,0
normal,N0449,14894,24,50,2022-07-12 00:56:52.284,0,train,0.0,0
normal,N0449,14895,25,50,2022-07-12 00:56:52.384,0,train,0.0,0
normal,N0449,14896,26,50,2022-07-12 00:56:52.484,0,train,0.0,0
normal,N0449,14897,27,50,2022-07-12 00:56:52.584,0,train,0.0,0
normal,N0449,14898,28,50,2022-07-12 00:56:52.684,0,train,0.0,0
normal,N0449,14899,29,50,2022-07-12 00:56:52.784,0,train,0.015455156103460406,0
normal,N0449,14900,30,50,2022-07-12 00:56:52.884,0,train,0.006482634609250153,0
normal,N0449,14901,31,50,2022-07-12 00:56:52.984,0,train,0.0,0
normal,N0449,14902,32,50,2022-07-12 00:56:53.084,0,train,0.0,0
normal,N0449,14903,33,50,2022-07-12 00:56:53.184,0,train,0.0,0
normal,N0449,14904,34,50,2022-07-12 00:56:53.284,0,train,0.0,0
normal,N0449,14905,35,50,2022-07-12 00:56:53.384,0,train,0.0,0
normal,N0449,14906,36,50,2022-07-12 00:56:53.484,0,train,0.0,0
normal,N0449,14907,37,50,2022-07-12 00:56:53.584,0,train,0.0031899378703961288,0
normal,N0449,14908,38,50,2022-07-12 00:56:53.684,0,train,0.0,0
normal,N0449,14909,39,50,2022-07-12 00:56:53.784,0,train,0.0,0
normal,N0449,14910,40,50,2022-07-12 00:56:53.884,0,train,0.0,0
normal,N0449,14911,41,50,2022-07-12 00:56:53.984,0,train,0.0,0
normal,N0449,14912,42,50,2022-07-12 00:56:54.084,0,train,0.0,0
normal,N0449,14913,43,50,2022-07-12 00:56:54.184,0,train,0.0,0
normal,N0449,14914,44,50,2022-07-12 00:56:54.284,0,train,0.0,0
normal,N0449,14915,45,50,2022-07-12 00:56:54.384,0,train,0.03548950889654086,0
normal,N0449,14916,46,50,2022-07-12 00:56:54.484,0,train,0.05486403147935788,0
normal,N0449,14917,47,50,2022-07-12 00:56:54.584,0,train,0.0,0
normal,N0449,14918,48,50,2022-07-12 00:56:54.684,0,train,0.0,0
normal,N0449,14919,49,50,2022-07-12 00:56:54.784,0,train,0.0,0
normal,N0450,14929,9,48,2022-07-12 00:56:57.693,0,train,0.0,0
normal,N0450,14930,10,48,2022-07-12 00:56:57.793,0,train,0.0,0
normal,N0450,14931,11,48,2022-07-12 00:56:57.893,0,train,0.0,0
normal,N0450,14932,12,48,2022-07-12 00:56:57.993,0,train,0.0,0
normal,N0450,14933,13,48,2022-07-12 00:56:58.093,0,train,0.0,0
normal,N0450,14934,14,48,2022-07-12 00:56:58.193,0,train,0.0,0
normal,N0450,14935,15,48,2022-07-12 00:56:58.293,0,train,0.0,0
normal,N0450,14936,16,48,2022-07-12 00:56:58.393,0,train,0.01867163762766212,0
normal,N0450,14937,17,48,2022-07-12 00:56:58.493,0,train,0.0,0
normal,N0450,14938,18,48,2022-07-12 00:56:58.593,0,train,0.0,0
normal,N0450,14939,19,48,2022-07-12 00:56:58.693,0,train,0.0,0
normal,N0450,14940,20,48,2022-07-12 00:56:58.793,0,train,0.0,0
normal,N0450,14941,21,48,2022-07-12 00:56:58.893,0,train,0.0,0
normal,N0450,14942,22,48,2022-07-12 00:56:58.993,0,train,0.0,0
normal,N0450,14943,23,48,2022-07-12 00:56:59.093,0,train,0.003162684869169511,0
normal,N0450,14944,24,48,2022-07-12 00:56:59.193,0,train,0.003299019827238956,0
normal,N0450,14945,25,48,2022-07-12 00:56:59.293,0,train,0.0,0
normal,N0450,14946,26,48,2022-07-12 00:56:59.393,0,train,0.0,0
normal,N0450,14947,27,48,2022-07-12 00:56:59.493,0,train,0.0,0
normal,N0450,14948,28,48,2022-07-12 00:56:59.593,0,train,0.0,0
normal,N0450,14949,29,48,2022-07-12 00:56:59.693,0,train,0.0,0
normal,N0450,14950,30,48,2022-07-12 00:56:59.793,0,train,0.0,0
normal,N0450,14951,31,48,2022-07-12 00:56:59.893,0,train,0.0,0
normal,N0450,14952,32,48,2022-07-12 00:56:59.993,0,train,0.0,0
normal,N0450,14953,33,48,2022-07-12 00:57:00.093,0,train,0.006505814148319427,0
normal,N0450,14954,34,48,2022-07-12 00:57:00.193,0,train,0.0,0
normal,N0450,14955,35,48,2022-07-12 00:57:00.293,0,train,0.0,0
normal,N0450,14956,36,48,2022-07-12 00:57:00.393,0,train,0.0,0
normal,N0450,14957,37,48,2022-07-12 00:57:00.493,0,train,0.0,0
normal,N0450,14958,38,48,2022-07-12 00:57:00.593,0,train,0.0,0
normal,N0450,14959,39,48,2022-07-12 00:57:00.693,0,train,0.0,0
normal,N0450,14960,40,48,2022-07-12 00:57:00.793,0,train,0.0,0
normal,N0450,14961,41,48,2022-07-12 00:57:00.893,0,train,0.0,0
normal,N0450,14962,42,48,2022-07-12 00:57:00.993,0,train,0.0,0
normal,N0450,14963,43,48,2022-07-12 00:57:01.093,0,train,0.0,0
normal,N0450,14964,44,48,2022-07-12 00:57:01.193,0,train,0.0,0
normal,N0450,14965,45,48,2022-07-12 00:57:01.293,0,train,0.0,0
normal,N0450,14966,46,48,2022-07-12 00:57:01.393,0,train,0.0,0
normal,N0450,14967,47,48,2022-07-12 00:57:01.493,0,train,0.0,0
normal,N0451,14977,9,37,2022-07-12 00:57:05.647,0,train,0.0,0
normal,N0451,14978,10,37,2022-07-12 00:57:05.747,0,train,0.0,0
normal,N0451,14979,11,37,2022-07-12 00:57:05.847,0,train,0.0,0
normal,N0451,14980,12,37,2022-07-12 00:57:05.947,0,train,0.0162183483519844,0
normal,N0451,14981,13,37,2022-07-12 00:57:06.047,0,train,0.0,0
normal,N0451,14982,14,37,2022-07-12 00:57:06.147,0,train,0.0,0
normal,N0451,14983,15,37,2022-07-12 00:57:06.247,0,train,0.0,0
normal,N0451,14984,16,37,2022-07-12 00:57:06.347,0,train,0.0,0
normal,N0451,14985,17,37,2022-07-12 00:57:06.447,0,train,0.0,0
normal,N0451,14986,18,37,2022-07-12 00:57:06.547,0,train,0.0,0
normal,N0451,14987,19,37,2022-07-12 00:57:06.647,0,train,0.0,0
normal,N0451,14988,20,37,2022-07-12 00:57:06.747,0,train,0.0,0
normal,N0451,14989,21,37,2022-07-12 00:57:06.847,0,train,0.0,0
normal,N0451,14990,22,37,2022-07-12 00:57:06.947,0,train,0.0,0
normal,N0451,14991,23,37,2022-07-12 00:57:07.047,0,train,0.0,0
normal,N0451,14992,24,37,2022-07-12 00:57:07.147,0,train,0.0,0
normal,N0451,14993,25,37,2022-07-12 00:57:07.247,0,train,0.0,0
normal,N0451,14994,26,37,2022-07-12 00:57:07.347,0,train,0.0,0
normal,N0451,14995,27,37,2022-07-12 00:57:07.447,0,train,0.003277456447199806,0
normal,N0451,14996,28,37,2022-07-12 00:57:07.547,0,train,0.003194852568649306,0
normal,N0451,14997,29,37,2022-07-12 00:57:07.647,0,train,0.08794071064505436,0
normal,N0451,14998,30,37,2022-07-12 00:57:07.747,0,train,0.0029455191103635175,0
normal,N0451,14999,31,37,2022-07-12 00:57:07.847,0,train,0.0,0
normal,N0451,15000,32,37,2022-07-12 00:57:07.947,0,train,0.0,0
normal,N0451,15001,33,37,2022-07-12 00:57:08.047,0,train,0.0,0
normal,N0451,15002,34,37,2022-07-12 00:57:08.147,0,train,0.008446455380050738,0
normal,N0451,15003,35,37,2022-07-12 00:57:08.247,0,train,0.0,0
normal,N0451,15004,36,37,2022-07-12 00:57:08.347,0,train,0.0,0
normal,N0453,15038,9,11,2022-07-12 00:57:21.585,0,train,0.0032125834127740708,0
normal,N0453,15039,10,11,2022-07-12 00:57:21.685,0,train,0.0,0
normal,N0454,15049,9,50,2022-07-12 00:57:31.080,0,train,0.0,0
normal,N0454,15050,10,50,2022-07-12 00:57:31.180,0,train,0.003167252636865897,0
normal,N0454,15051,11,50,2022-07-12 00:57:31.280,0,train,0.0,0
normal,N0454,15052,12,50,2022-07-12 00:57:31.380,0,train,0.0,0
normal,N0454,15053,13,50,2022-07-12 00:57:31.480,0,train,0.0,0
normal,N0454,15054,14,50,2022-07-12 00:57:31.580,0,train,0.0,0
normal,N0454,15055,15,50,2022-07-12 00:57:31.680,0,train,0.0,0
normal,N0454,15056,16,50,2022-07-12 00:57:31.780,0,train,0.0,0
normal,N0454,15057,17,50,2022-07-12 00:57:31.880,0,train,0.0,0
normal,N0454,15058,18,50,2022-07-12 00:57:31.980,0,train,0.0,0
normal,N0454,15059,19,50,2022-07-12 00:57:32.080,0,train,0.0,0
normal,N0454,15060,20,50,2022-07-12 00:57:32.180,0,train,0.0,0
normal,N0454,15061,21,50,2022-07-12 00:57:32.280,0,train,0.0,0
normal,N0454,15062,22,50,2022-07-12 00:57:32.380,0,train,0.0,0
normal,N0454,15063,23,50,2022-07-12 00:57:32.480,0,train,0.0,0
normal,N0454,15064,24,50,2022-07-12 00:57:32.580,0,train,0.0,0
normal,N0454,15065,25,50,2022-07-12 00:57:32.680,0,train,0.0,0
normal,N0454,15066,26,50,2022-07-12 00:57:32.780,0,train,0.008864851967886013,0
normal,N0454,15067,27,50,2022-07-12 00:57:32.880,0,train,0.0,0
normal,N0454,15068,28,50,2022-07-12 00:57:32.980,0,train,0.0,0
normal,N0454,15069,29,50,2022-07-12 00:57:33.080,0,train,0.0,0
normal,N0454,15070,30,50,2022-07-12 00:57:33.180,0,train,0.0,0
normal,N0454,15071,31,50,2022-07-12 00:57:33.280,0,train,0.0,0
normal,N0454,15072,32,50,2022-07-12 00:57:33.380,0,train,0.0,0
normal,N0454,15073,33,50,2022-07-12 00:57:33.480,0,train,0.0,0
normal,N0454,15074,34,50,2022-07-12 00:57:33.580,0,train,0.0,0
normal,N0454,15075,35,50,2022-07-12 00:57:33.680,0,train,0.0,0
normal,N0454,15076,36,50,2022-07-12 00:57:33.780,0,train,0.0,0
normal,N0454,15077,37,50,2022-07-12 00:57:33.880,0,train,0.0,0
normal,N0454,15078,38,50,2022-07-12 00:57:33.980,0,train,0.0,0
normal,N0454,15079,39,50,2022-07-12 00:57:34.080,0,train,0.0,0
normal,N0454,15080,40,50,2022-07-12 00:57:34.180,0,train,0.0,0
normal,N0454,15081,41,50,2022-07-12 00:57:34.280,0,train,0.0033333333333333335,0
normal,N0454,15082,42,50,2022-07-12 00:57:34.380,0,train,0.0,0
normal,N0454,15083,43,50,2022-07-12 00:57:34.480,0,train,0.0,0
normal,N0454,15084,44,50,2022-07-12 00:57:34.580,0,train,0.0,0
normal,N0454,15085,45,50,2022-07-12 00:57:34.680,0,train,0.0,0
normal,N0454,15086,46,50,2022-07-12 00:57:34.780,0,train,0.0,0
normal,N0454,15087,47,50,2022-07-12 00:57:34.880,0,train,0.0,0
normal,N0454,15088,48,50,2022-07-12 00:57:34.980,0,train,0.0,0
normal,N0454,15089,49,50,2022-07-12 00:57:35.080,0,train,0.0,0
normal,N0455,15099,9,50,2022-07-12 00:57:37.847,0,train,0.03454237574638184,0
normal,N0455,15100,10,50,2022-07-12 00:57:37.947,0,train,0.0,0
normal,N0455,15101,11,50,2022-07-12 00:57:38.047,0,train,0.016193550808785404,0
normal,N0455,15102,12,50,2022-07-12 00:57:38.147,0,train,0.02222289742065206,0
normal,N0455,15103,13,50,2022-07-12 00:57:38.247,0,train,0.003277235265600111,0
normal,N0455,15104,14,50,2022-07-12 00:57:38.347,0,train,0.0,0
normal,N0455,15105,15,50,2022-07-12 00:57:38.447,0,train,0.0032522921602966934,0
normal,N0455,15106,16,50,2022-07-12 00:57:38.547,0,train,0.012888539222299851,0
normal,N0455,15107,17,50,2022-07-12 00:57:38.647,0,train,0.006200661387700616,0
normal,N0455,15108,18,50,2022-07-12 00:57:38.747,0,train,0.018415279250491162,0
normal,N0455,15109,19,50,2022-07-12 00:57:38.847,0,train,0.009552084392728229,0
normal,N0455,15110,20,50,2022-07-12 00:57:38.947,0,train,0.019041384845420294,0
normal,N0455,15111,21,50,2022-07-12 00:57:39.047,0,train,0.01296122938640703,0
normal,N0455,15112,22,50,2022-07-12 00:57:39.147,0,train,0.0,0
normal,N0455,15113,23,50,2022-07-12 00:57:39.247,0,train,0.018236527005274766,0
normal,N0455,15114,24,50,2022-07-12 00:57:39.347,0,train,0.006405911884359041,0
normal,N0455,15115,25,50,2022-07-12 00:57:39.447,0,train,0.0033333333333333335,0
normal,N0455,15116,26,50,2022-07-12 00:57:39.547,0,train,0.0033333333333333335,0
normal,N0455,15117,27,50,2022-07-12 00:57:39.647,0,train,0.0,0
normal,N0455,15118,28,50,2022-07-12 00:57:39.747,0,train,0.0,0
normal,N0455,15119,29,50,2022-07-12 00:57:39.847,0,train,0.021749934363533542,0
normal,N0455,15120,30,50,2022-07-12 00:57:39.947,0,train,0.0,0
normal,N0455,15121,31,50,2022-07-12 00:57:40.047,0,train,0.0,0
normal,N0455,15122,32,50,2022-07-12 00:57:40.147,0,train,0.0,0
normal,N0455,15123,33,50,2022-07-12 00:57:40.247,0,train,0.0,0
normal,N0455,15124,34,50,2022-07-12 00:57:40.347,0,train,0.0,0
normal,N0455,15125,35,50,2022-07-12 00:57:40.447,0,train,0.0,0
normal,N0455,15126,36,50,2022-07-12 00:57:40.547,0,train,0.0,0
normal,N0455,15127,37,50,2022-07-12 00:57:40.647,0,train,0.0,0
normal,N0455,15128,38,50,2022-07-12 00:57:40.747,0,train,0.0,0
normal,N0455,15129,39,50,2022-07-12 00:57:40.847,0,train,0.0,0
normal,N0455,15130,40,50,2022-07-12 00:57:40.947,0,train,0.0,0
normal,N0455,15131,41,50,2022-07-12 00:57:41.047,0,train,0.008776454995423682,0
normal,N0455,15132,42,50,2022-07-12 00:57:41.147,0,train,0.014919615349583613,0
normal,N0455,15133,43,50,2022-07-12 00:57:41.247,0,train,0.02755202829933083,0
normal,N0455,15134,44,50,2022-07-12 00:57:41.347,0,train,0.0639036483836313,0
normal,N0455,15135,45,50,2022-07-12 00:57:41.447,0,train,0.006255067619843407,0
normal,N0455,15136,46,50,2022-07-12 00:57:41.547,0,train,0.006062643226962227,0
normal,N0455,15137,47,50,2022-07-12 00:57:41.647,0,train,0.009513197491757146,0
normal,N0455,15138,48,50,2022-07-12 00:57:41.747,0,train,0.02402540199150961,0
normal,N0455,15139,49,50,2022-07-12 00:57:41.847,0,train,0.01477804503407105,0
normal,N0456,15149,9,39,2022-07-12 00:57:45.692,0,train,0.0,0
normal,N0456,15150,10,39,2022-07-12 00:57:45.792,0,train,0.013062736568700379,0
normal,N0456,15151,11,39,2022-07-12 00:57:45.892,0,train,0.03231265241732018,0
normal,N0456,15152,12,39,2022-07-12 00:57:45.992,0,train,0.07030851525164725,0
normal,N0456,15153,13,39,2022-07-12 00:57:46.092,0,train,0.006556282365767239,0
normal,N0456,15154,14,39,2022-07-12 00:57:46.192,0,train,0.006556282365767239,0
normal,N0456,15155,15,39,2022-07-12 00:57:46.292,0,train,0.006556282365767239,0
normal,N0456,15156,16,39,2022-07-12 00:57:46.392,0,train,0.009679619083380112,0
normal,N0456,15157,17,39,2022-07-12 00:57:46.492,0,train,0.0032917688388028037,0
normal,N0456,15158,18,39,2022-07-12 00:57:46.592,0,train,0.009445765448407457,0
normal,N0456,15159,19,39,2022-07-12 00:57:46.692,0,train,0.009239213614957621,0
normal,N0456,15160,20,39,2022-07-12 00:57:46.792,0,train,0.0,0
normal,N0456,15161,21,39,2022-07-12 00:57:46.892,0,train,0.0,0
normal,N0456,15162,22,39,2022-07-12 00:57:46.992,0,train,0.0027790987817407895,0
normal,N0456,15163,23,39,2022-07-12 00:57:47.092,0,train,0.0,0
normal,N0456,15164,24,39,2022-07-12 00:57:47.192,0,train,0.0,0
normal,N0456,15165,25,39,2022-07-12 00:57:47.292,0,train,0.0,0
normal,N0456,15166,26,39,2022-07-12 00:57:47.392,0,train,0.002975349348406343,0
normal,N0456,15167,27,39,2022-07-12 00:57:47.492,0,train,0.0,0
normal,N0456,15168,28,39,2022-07-12 00:57:47.592,0,train,0.0,0
normal,N0456,15169,29,39,2022-07-12 00:57:47.692,0,train,0.0,0
normal,N0456,15170,30,39,2022-07-12 00:57:47.792,0,train,0.006358462817315684,0
normal,N0456,15171,31,39,2022-07-12 00:57:47.892,0,train,0.003255677503969075,0
normal,N0456,15172,32,39,2022-07-12 00:57:47.992,0,train,0.0031961103205258522,0
normal,N0456,15173,33,39,2022-07-12 00:57:48.092,0,train,0.016275527082202843,0
normal,N0456,15174,34,39,2022-07-12 00:57:48.192,0,train,0.01312812971237682,0
normal,N0456,15175,35,39,2022-07-12 00:57:48.292,0,train,0.0032484798515922905,0
normal,N0456,15176,36,39,2022-07-12 00:57:48.392,0,train,0.0032484798515922905,0
normal,N0456,15177,37,39,2022-07-12 00:57:48.492,0,train,0.009691655329915942,0
normal,N0456,15178,38,39,2022-07-12 00:57:48.592,0,train,0.01581059125167335,0
normal,N0458,15215,9,18,2022-07-12 00:58:01.679,0,train,0.0,0
normal,N0458,15216,10,18,2022-07-12 00:58:01.779,0,train,0.0,0
normal,N0458,15217,11,18,2022-07-12 00:58:01.879,0,train,0.0,0
normal,N0458,15218,12,18,2022-07-12 00:58:01.979,0,train,0.0,0
normal,N0458,15219,13,18,2022-07-12 00:58:02.079,0,train,0.0,0
normal,N0458,15220,14,18,2022-07-12 00:58:02.179,0,train,0.00293573137017364,0
normal,N0458,15221,15,18,2022-07-12 00:58:02.279,0,train,0.0,0
normal,N0458,15222,16,18,2022-07-12 00:58:02.379,0,train,0.0,0
normal,N0458,15223,17,18,2022-07-12 00:58:02.479,0,train,0.0,0
normal,N0460,15238,9,50,2022-07-12 00:58:18.487,0,train,0.0,0
normal,N0460,15239,10,50,2022-07-12 00:58:18.587,0,train,0.012334700005660114,0
normal,N0460,15240,11,50,2022-07-12 00:58:18.687,0,train,0.025581377540126002,0
normal,N0460,15241,12,50,2022-07-12 00:58:18.787,0,train,0.015668033338993446,0
normal,N0460,15242,13,50,2022-07-12 00:58:18.887,0,train,0.00900731596029491,0
normal,N0460,15243,14,50,2022-07-12 00:58:18.987,0,train,0.0029886259227576593,0
normal,N0460,15244,15,50,2022-07-12 00:58:19.087,0,train,0.0029886259227576593,0
normal,N0460,15245,16,50,2022-07-12 00:58:19.187,0,train,0.08535404443040517,0
normal,N0460,15246,17,50,2022-07-12 00:58:19.287,0,train,0.01851599729858498,0
normal,N0460,15247,18,50,2022-07-12 00:58:19.387,0,train,0.012286169106179462,0
normal,N0460,15248,19,50,2022-07-12 00:58:19.487,0,train,0.018159340335578603,0
normal,N0460,15249,20,50,2022-07-12 00:58:19.587,0,train,0.009792022101923266,0
normal,N0460,15250,21,50,2022-07-12 00:58:19.687,0,train,0.0,0
normal,N0460,15251,22,50,2022-07-12 00:58:19.787,0,train,0.03824677912886805,0
normal,N0460,15252,23,50,2022-07-12 00:58:19.887,0,train,0.0,0
normal,N0460,15253,24,50,2022-07-12 00:58:19.987,0,train,0.0,0
normal,N0460,15254,25,50,2022-07-12 00:58:20.087,0,train,0.0,0
normal,N0460,15255,26,50,2022-07-12 00:58:20.187,0,train,0.0,0
normal,N0460,15256,27,50,2022-07-12 00:58:20.287,0,train,0.0,0
normal,N0460,15257,28,50,2022-07-12 00:58:20.387,0,train,0.0,0
normal,N0460,15258,29,50,2022-07-12 00:58:20.487,0,train,0.0,0
normal,N0460,15259,30,50,2022-07-12 00:58:20.587,0,train,0.0,0
normal,N0460,15260,31,50,2022-07-12 00:58:20.687,0,train,0.0,0
normal,N0460,15261,32,50,2022-07-12 00:58:20.787,0,train,0.0,0
normal,N0460,15262,33,50,2022-07-12 00:58:20.887,0,train,0.0,0
normal,N0460,15263,34,50,2022-07-12 00:58:20.987,0,train,0.006262814252756351,0
normal,N0460,15264,35,50,2022-07-12 00:58:21.087,0,train,0.003202055373381562,0
normal,N0460,15265,36,50,2022-07-12 00:58:21.187,0,train,0.003202055373381562,0
normal,N0460,15266,37,50,2022-07-12 00:58:21.287,0,train,0.0,0
normal,N0460,15267,38,50,2022-07-12 00:58:21.387,0,train,0.0,0
normal,N0460,15268,39,50,2022-07-12 00:58:21.487,0,train,0.0,0
normal,N0460,15269,40,50,2022-07-12 00:58:21.587,0,train,0.03003769387486073,0
normal,N0460,15270,41,50,2022-07-12 00:58:21.687,0,train,0.03313397811694356,0
normal,N0460,15271,42,50,2022-07-12 00:58:21.787,0,train,0.015002964557950667,0
normal,N0460,15272,43,50,2022-07-12 00:58:21.887,0,train,0.018216171656936044,0
normal,N0460,15273,44,50,2022-07-12 00:58:21.987,0,train,0.040567000521728756,0
normal,N0460,15274,45,50,2022-07-12 00:58:22.087,0,train,0.04073869720468431,0
normal,N0460,15275,46,50,2022-07-12 00:58:22.187,0,train,0.05894921990988449,0
normal,N0460,15276,47,50,2022-07-12 00:58:22.287,0,train,0.05795612209828336,0
normal,N0460,15277,48,50,2022-07-12 00:58:22.387,0,train,0.04246525541643897,0
normal,N0460,15278,49,50,2022-07-12 00:58:22.487,0,train,0.03949293857774645,0
normal,N0461,15288,9,48,2022-07-12 00:58:25.493,0,train,0.002979793218314949,0
normal,N0461,15289,10,48,2022-07-12 00:58:25.593,0,train,0.0,0
normal,N0461,15290,11,48,2022-07-12 00:58:25.693,0,train,0.07137275904686141,0
normal,N0461,15291,12,48,2022-07-12 00:58:25.793,0,train,0.0062439445832947645,0
normal,N0461,15292,13,48,2022-07-12 00:58:25.893,0,train,0.0,0
normal,N0461,15293,14,48,2022-07-12 00:58:25.993,0,train,0.0,0
normal,N0461,15294,15,48,2022-07-12 00:58:26.093,0,train,0.0,0
normal,N0461,15295,16,48,2022-07-12 00:58:26.193,0,train,0.0,0
normal,N0461,15296,17,48,2022-07-12 00:58:26.293,0,train,0.0,0
normal,N0461,15297,18,48,2022-07-12 00:58:26.393,0,train,0.0,0
normal,N0461,15298,19,48,2022-07-12 00:58:26.493,0,train,0.0033333333333333335,0
normal,N0461,15299,20,48,2022-07-12 00:58:26.593,0,train,0.0,0
normal,N0461,15300,21,48,2022-07-12 00:58:26.693,0,train,0.0,0
normal,N0461,15301,22,48,2022-07-12 00:58:26.793,0,train,0.0,0
normal,N0461,15302,23,48,2022-07-12 00:58:26.893,0,train,0.0,0
normal,N0461,15303,24,48,2022-07-12 00:58:26.993,0,train,0.0,0
normal,N0461,15304,25,48,2022-07-12 00:58:27.093,0,train,0.002934326967862133,0
normal,N0461,15305,26,48,2022-07-12 00:58:27.193,0,train,0.0,0
normal,N0461,15306,27,48,2022-07-12 00:58:27.293,0,train,0.0027622041743079204,0
normal,N0461,15307,28,48,2022-07-12 00:58:27.393,0,train,0.015601739702793693,0
normal,N0461,15308,29,48,2022-07-12 00:58:27.493,0,train,0.0,0
normal,N0461,15309,30,48,2022-07-12 00:58:27.593,0,train,0.002650032204766306,0
normal,N0461,15310,31,48,2022-07-12 00:58:27.693,0,train,0.0,0
normal,N0461,15311,32,48,2022-07-12 00:58:27.793,0,train,0.0,0
normal,N0461,15312,33,48,2022-07-12 00:58:27.893,0,train,0.0,0
normal,N0461,15313,34,48,2022-07-12 00:58:27.993,0,train,0.0,0
normal,N0461,15314,35,48,2022-07-12 00:58:28.093,0,train,0.0,0
normal,N0461,15315,36,48,2022-07-12 00:58:28.193,0,train,0.0,0
normal,N0461,15316,37,48,2022-07-12 00:58:28.293,0,train,0.0,0
normal,N0461,15317,38,48,2022-07-12 00:58:28.393,0,train,0.0,0
normal,N0461,15318,39,48,2022-07-12 00:58:28.493,0,train,0.0,0
normal,N0461,15319,40,48,2022-07-12 00:58:28.593,0,train,0.0,0
normal,N0461,15320,41,48,2022-07-12 00:58:28.693,0,train,0.0,0
normal,N0461,15321,42,48,2022-07-12 00:58:28.793,0,train,0.0,0
normal,N0461,15322,43,48,2022-07-12 00:58:28.893,0,train,0.0,0
normal,N0461,15323,44,48,2022-07-12 00:58:28.993,0,train,0.0,0
normal,N0461,15324,45,48,2022-07-12 00:58:29.093,0,train,0.0032464544486796474,0
normal,N0461,15325,46,48,2022-07-12 00:58:29.193,0,train,0.0032464544486796474,0
normal,N0461,15326,47,48,2022-07-12 00:58:29.293,0,train,0.0,0
normal,N0463,15370,9,34,2022-07-12 00:58:41.488,0,train,0.0,0
normal,N0463,15371,10,34,2022-07-12 00:58:41.588,0,train,0.0,0
normal,N0463,15372,11,34,2022-07-12 00:58:41.688,0,train,0.0,0
normal,N0463,15373,12,34,2022-07-12 00:58:41.788,0,train,0.0,0
normal,N0463,15374,13,34,2022-07-12 00:58:41.888,0,train,0.0,0
normal,N0463,15375,14,34,2022-07-12 00:58:41.988,0,train,0.0,0
normal,N0463,15376,15,34,2022-07-12 00:58:42.088,0,train,0.0,0
normal,N0463,15377,16,34,2022-07-12 00:58:42.188,0,train,0.0,0
normal,N0463,15378,17,34,2022-07-12 00:58:42.288,0,train,0.0,0
normal,N0463,15379,18,34,2022-07-12 00:58:42.388,0,train,0.0032061974505017627,0
normal,N0463,15380,19,34,2022-07-12 00:58:42.488,0,train,0.003134664415085593,0
normal,N0463,15381,20,34,2022-07-12 00:58:42.588,0,train,0.003134664415085593,0
normal,N0463,15382,21,34,2022-07-12 00:58:42.688,0,train,0.003134664415085593,0
normal,N0463,15383,22,34,2022-07-12 00:58:42.788,0,train,0.009751343589372328,0
normal,N0463,15384,23,34,2022-07-12 00:58:42.888,0,train,0.0,0
normal,N0463,15385,24,34,2022-07-12 00:58:42.988,0,train,0.0031692122186495176,0
normal,N0463,15386,25,34,2022-07-12 00:58:43.088,0,train,0.0,0
normal,N0463,15387,26,34,2022-07-12 00:58:43.188,0,train,0.0,0
normal,N0463,15388,27,34,2022-07-12 00:58:43.288,0,train,0.0,0
normal,N0463,15389,28,34,2022-07-12 00:58:43.388,0,train,0.0,0
normal,N0463,15390,29,34,2022-07-12 00:58:43.488,0,train,0.0061787414631658474,0
normal,N0463,15391,30,34,2022-07-12 00:58:43.588,0,train,0.0059874343384818595,0
normal,N0463,15392,31,34,2022-07-12 00:58:43.688,0,train,0.005903567475811452,0
normal,N0463,15393,32,34,2022-07-12 00:58:43.788,0,train,0.0061787414631658474,0
normal,N0463,15394,33,34,2022-07-12 00:58:43.888,0,train,0.006235270442380913,0
normal,N0464,15404,9,20,2022-07-12 00:58:49.459,0,train,0.0,0
normal,N0464,15405,10,20,2022-07-12 00:58:49.559,0,train,0.009867147685529236,0
normal,N0464,15406,11,20,2022-07-12 00:58:49.659,0,train,0.0,0
normal,N0464,15407,12,20,2022-07-12 00:58:49.759,0,train,0.0,0
normal,N0464,15408,13,20,2022-07-12 00:58:49.859,0,train,0.0,0
normal,N0464,15409,14,20,2022-07-12 00:58:49.959,0,train,0.006333199410740592,0
normal,N0464,15410,15,20,2022-07-12 00:58:50.059,0,train,0.0,0
normal,N0464,15411,16,20,2022-07-12 00:58:50.159,0,train,0.0,0
normal,N0464,15412,17,20,2022-07-12 00:58:50.259,0,train,0.0033333333333333335,0
normal,N0464,15413,18,20,2022-07-12 00:58:50.359,0,train,0.0,0
normal,N0464,15414,19,20,2022-07-12 00:58:50.459,0,train,0.0,0
normal,N0466,15432,9,50,2022-07-12 00:59:06.668,0,train,0.006411258523987923,0
normal,N0466,15433,10,50,2022-07-12 00:59:06.768,0,train,0.02211229871370837,0
normal,N0466,15434,11,50,2022-07-12 00:59:06.868,0,train,0.0,0
normal,N0466,15435,12,50,2022-07-12 00:59:06.968,0,train,0.0,0
normal,N0466,15436,13,50,2022-07-12 00:59:07.068,0,train,0.0,0
normal,N0466,15437,14,50,2022-07-12 00:59:07.168,0,train,0.006263497802485137,0
normal,N0466,15438,15,50,2022-07-12 00:59:07.268,0,train,0.0,0
normal,N0466,15439,16,50,2022-07-12 00:59:07.368,0,train,0.0,0
normal,N0466,15440,17,50,2022-07-12 00:59:07.468,0,train,0.01543915771723609,0
normal,N0466,15441,18,50,2022-07-12 00:59:07.568,0,train,0.0,0
normal,N0466,15442,19,50,2022-07-12 00:59:07.668,0,train,0.0,0
normal,N0466,15443,20,50,2022-07-12 00:59:07.768,0,train,0.0,0
normal,N0466,15444,21,50,2022-07-12 00:59:07.868,0,train,0.0,0
normal,N0466,15445,22,50,2022-07-12 00:59:07.968,0,train,0.0,0
normal,N0466,15446,23,50,2022-07-12 00:59:08.068,0,train,0.0,0
normal,N0466,15447,24,50,2022-07-12 00:59:08.168,0,train,0.0,0
normal,N0466,15448,25,50,2022-07-12 00:59:08.268,0,train,0.0032001761875720004,0
normal,N0466,15449,26,50,2022-07-12 00:59:08.368,0,train,0.0,0
normal,N0466,15450,27,50,2022-07-12 00:59:08.468,0,train,0.0,0
normal,N0466,15451,28,50,2022-07-12 00:59:08.568,0,train,0.0,0
normal,N0466,15452,29,50,2022-07-12 00:59:08.668,0,train,0.0,0
normal,N0466,15453,30,50,2022-07-12 00:59:08.768,0,train,0.0,0
normal,N0466,15454,31,50,2022-07-12 00:59:08.868,0,train,0.0,0
normal,N0466,15455,32,50,2022-07-12 00:59:08.968,0,train,0.0,0
normal,N0466,15456,33,50,2022-07-12 00:59:09.068,0,train,0.0,0
normal,N0466,15457,34,50,2022-07-12 00:59:09.168,0,train,0.0,0
normal,N0466,15458,35,50,2022-07-12 00:59:09.268,0,train,0.0,0
normal,N0466,15459,36,50,2022-07-12 00:59:09.368,0,train,0.0,0
normal,N0466,15460,37,50,2022-07-12 00:59:09.468,0,train,0.0,0
normal,N0466,15461,38,50,2022-07-12 00:59:09.568,0,train,0.0,0
normal,N0466,15462,39,50,2022-07-12 00:59:09.668,0,train,0.006293143721601666,0
normal,N0466,15463,40,50,2022-07-12 00:59:09.768,0,train,0.0,0
normal,N0466,15464,41,50,2022-07-12 00:59:09.868,0,train,0.0,0
normal,N0466,15465,42,50,2022-07-12 00:59:09.968,0,train,0.0,0
normal,N0466,15466,43,50,2022-07-12 00:59:10.068,0,train,0.0,0
normal,N0466,15467,44,50,2022-07-12 00:59:10.168,0,train,0.0,0
normal,N0466,15468,45,50,2022-07-12 00:59:10.268,0,train,0.0026500322047663056,0
normal,N0466,15469,46,50,2022-07-12 00:59:10.368,0,train,0.003116368856110479,0
normal,N0466,15470,47,50,2022-07-12 00:59:10.468,0,train,0.0,0
normal,N0466,15471,48,50,2022-07-12 00:59:10.568,0,train,0.0,0
normal,N0466,15472,49,50,2022-07-12 00:59:10.668,0,train,0.0,0
normal,N0468,15531,9,36,2022-07-12 00:59:21.319,0,train,0.0,0
normal,N0468,15532,10,36,2022-07-12 00:59:21.419,0,train,0.0,0
normal,N0468,15533,11,36,2022-07-12 00:59:21.519,0,train,0.0,0
normal,N0468,15534,12,36,2022-07-12 00:59:21.619,0,train,0.0,0
normal,N0468,15535,13,36,2022-07-12 00:59:21.719,0,train,0.0,0
normal,N0468,15536,14,36,2022-07-12 00:59:21.819,0,train,0.002843543543543544,0
normal,N0468,15537,15,36,2022-07-12 00:59:21.919,0,train,0.0,0
normal,N0468,15538,16,36,2022-07-12 00:59:22.019,0,train,0.0,0
normal,N0468,15539,17,36,2022-07-12 00:59:22.119,0,train,0.0,0
normal,N0468,15540,18,36,2022-07-12 00:59:22.219,0,train,0.0,0
normal,N0468,15541,19,36,2022-07-12 00:59:22.319,0,train,0.0,0
normal,N0468,15542,20,36,2022-07-12 00:59:22.419,0,train,0.012485869205994007,0
normal,N0468,15543,21,36,2022-07-12 00:59:22.519,0,train,0.012480818469761875,0
normal,N0468,15544,22,36,2022-07-12 00:59:22.619,0,train,0.056326424006151635,0
normal,N0468,15545,23,36,2022-07-12 00:59:22.719,0,train,0.11923821630161621,0
normal,N0468,15546,24,36,2022-07-12 00:59:22.819,0,train,0.0,0
normal,N0468,15547,25,36,2022-07-12 00:59:22.919,0,train,0.0,0
normal,N0468,15548,26,36,2022-07-12 00:59:23.019,0,train,0.009655962715666048,0
normal,N0468,15549,27,36,2022-07-12 00:59:23.119,0,train,0.0,0
normal,N0468,15550,28,36,2022-07-12 00:59:23.219,0,train,0.0,0
normal,N0468,15551,29,36,2022-07-12 00:59:23.319,0,train,0.0,0
normal,N0468,15552,30,36,2022-07-12 00:59:23.419,0,train,0.015220698924778476,0
normal,N0468,15553,31,36,2022-07-12 00:59:23.519,0,train,0.16171130203511835,0
normal,N0468,15554,32,36,2022-07-12 00:59:23.619,0,train,0.006529805352798053,0
normal,N0468,15555,33,36,2022-07-12 00:59:23.719,0,train,0.0,0
normal,N0468,15556,34,36,2022-07-12 00:59:23.819,0,train,0.0,0
normal,N0468,15557,35,36,2022-07-12 00:59:23.919,0,train,0.0,0
normal,N0469,15567,9,37,2022-07-12 00:59:29.247,0,train,0.0,0
normal,N0469,15568,10,37,2022-07-12 00:59:29.347,0,train,0.008835172532799168,0
normal,N0469,15569,11,37,2022-07-12 00:59:29.447,0,train,0.005955608352274698,0
normal,N0469,15570,12,37,2022-07-12 00:59:29.547,0,train,0.00972786202975187,0
normal,N0469,15571,13,37,2022-07-12 00:59:29.647,0,train,0.012785481607408706,0
normal,N0469,15572,14,37,2022-07-12 00:59:29.747,0,train,0.00919779841577635,0
normal,N0469,15573,15,37,2022-07-12 00:59:29.847,0,train,0.0,0
normal,N0469,15574,16,37,2022-07-12 00:59:29.947,0,train,0.0,0
normal,N0469,15575,17,37,2022-07-12 00:59:30.047,0,train,0.0,0
normal,N0469,15576,18,37,2022-07-12 00:59:30.147,0,train,0.03181967773463674,0
normal,N0469,15577,19,37,2022-07-12 00:59:30.247,0,train,0.0,0
normal,N0469,15578,20,37,2022-07-12 00:59:30.347,0,train,0.0,0
normal,N0469,15579,21,37,2022-07-12 00:59:30.447,0,train,0.0028327798222780713,0
normal,N0469,15580,22,37,2022-07-12 00:59:30.547,0,train,0.003129082940544116,0
normal,N0469,15581,23,37,2022-07-12 00:59:30.647,0,train,0.0,0
normal,N0469,15582,24,37,2022-07-12 00:59:30.747,0,train,0.0,0
normal,N0469,15583,25,37,2022-07-12 00:59:30.847,0,train,0.0,0
normal,N0469,15584,26,37,2022-07-12 00:59:30.947,0,train,0.0029611908559276983,0
normal,N0469,15585,27,37,2022-07-12 00:59:31.047,0,train,0.0,0
normal,N0469,15586,28,37,2022-07-12 00:59:31.147,0,train,0.009490553436482963,0
normal,N0469,15587,29,37,2022-07-12 00:59:31.247,0,train,0.0,0
normal,N0469,15588,30,37,2022-07-12 00:59:31.347,0,train,0.0,0
normal,N0469,15589,31,37,2022-07-12 00:59:31.447,0,train,0.0,0
normal,N0469,15590,32,37,2022-07-12 00:59:31.547,0,train,0.00962897779665053,0
normal,N0469,15591,33,37,2022-07-12 00:59:31.647,0,train,0.02520906631084312,0
normal,N0469,15592,34,37,2022-07-12 00:59:31.747,0,train,0.09607073139063786,0
normal,N0469,15593,35,37,2022-07-12 00:59:31.847,0,train,0.027645479482718893,0
normal,N0469,15594,36,37,2022-07-12 00:59:31.947,0,train,0.009424690989847044,0
normal,N0470,15604,9,24,2022-07-12 00:59:37.271,0,train,0.0,0
normal,N0470,15605,10,24,2022-07-12 00:59:37.371,0,train,0.0,0
normal,N0470,15606,11,24,2022-07-12 00:59:37.471,0,train,0.0026797719343034637,0
normal,N0470,15607,12,24,2022-07-12 00:59:37.571,0,train,0.0,0
normal,N0470,15608,13,24,2022-07-12 00:59:37.671,0,train,0.0,0
normal,N0470,15609,14,24,2022-07-12 00:59:37.771,0,train,0.0,0
normal,N0470,15610,15,24,2022-07-12 00:59:37.871,0,train,0.0,0
normal,N0470,15611,16,24,2022-07-12 00:59:37.971,0,train,0.0,0
normal,N0470,15612,17,24,2022-07-12 00:59:38.071,0,train,0.0,0
normal,N0470,15613,18,24,2022-07-12 00:59:38.171,0,train,0.0,0
normal,N0470,15614,19,24,2022-07-12 00:59:38.271,0,train,0.0,0
normal,N0470,15615,20,24,2022-07-12 00:59:38.371,0,train,0.02695847134793631,0
normal,N0470,15616,21,24,2022-07-12 00:59:38.471,0,train,0.0028271328253399075,0
normal,N0470,15617,22,24,2022-07-12 00:59:38.571,0,train,0.006396214120162711,0
normal,N0470,15618,23,24,2022-07-12 00:59:38.671,0,train,0.0,0
normal,N0471,15628,9,11,2022-07-12 00:59:45.219,0,train,0.0,0
normal,N0471,15629,10,11,2022-07-12 00:59:45.319,0,train,0.0,0
normal,N0473,15689,9,50,2022-07-12 01:00:01.560,0,train,0.0,0
normal,N0473,15690,10,50,2022-07-12 01:00:01.660,0,train,0.0,0
normal,N0473,15691,11,50,2022-07-12 01:00:01.760,0,train,0.0,0
normal,N0473,15692,12,50,2022-07-12 01:00:01.860,0,train,0.0,0
normal,N0473,15693,13,50,2022-07-12 01:00:01.960,0,train,0.0,0
normal,N0473,15694,14,50,2022-07-12 01:00:02.060,0,train,0.0,0
normal,N0473,15695,15,50,2022-07-12 01:00:02.160,0,train,0.0,0
normal,N0473,15696,16,50,2022-07-12 01:00:02.260,0,train,0.0,0
normal,N0473,15697,17,50,2022-07-12 01:00:02.360,0,train,0.0,0
normal,N0473,15698,18,50,2022-07-12 01:00:02.460,0,train,0.0,0
normal,N0473,15699,19,50,2022-07-12 01:00:02.560,0,train,0.0,0
normal,N0473,15700,20,50,2022-07-12 01:00:02.660,0,train,0.0,0
normal,N0473,15701,21,50,2022-07-12 01:00:02.760,0,train,0.0,0
normal,N0473,15702,22,50,2022-07-12 01:00:02.860,0,train,0.024417541668691003,0
normal,N0473,15703,23,50,2022-07-12 01:00:02.960,0,train,0.0,0
normal,N0473,15704,24,50,2022-07-12 01:00:03.060,0,train,0.0,0
normal,N0473,15705,25,50,2022-07-12 01:00:03.160,0,train,0.0,0
normal,N0473,15706,26,50,2022-07-12 01:00:03.260,0,train,0.0,0
normal,N0473,15707,27,50,2022-07-12 01:00:03.360,0,train,0.0,0
normal,N0473,15708,28,50,2022-07-12 01:00:03.460,0,train,0.0,0
normal,N0473,15709,29,50,2022-07-12 01:00:03.560,0,train,0.0,0
normal,N0473,15710,30,50,2022-07-12 01:00:03.660,0,train,0.0,0
normal,N0473,15711,31,50,2022-07-12 01:00:03.760,0,train,0.0,0
normal,N0473,15712,32,50,2022-07-12 01:00:03.860,0,train,0.0,0
normal,N0473,15713,33,50,2022-07-12 01:00:03.960,0,train,0.0,0
normal,N0473,15714,34,50,2022-07-12 01:00:04.060,0,train,0.0,0
normal,N0473,15715,35,50,2022-07-12 01:00:04.160,0,train,0.0,0
normal,N0473,15716,36,50,2022-07-12 01:00:04.260,0,train,0.0,0
normal,N0473,15717,37,50,2022-07-12 01:00:04.360,0,train,0.0,0
normal,N0473,15718,38,50,2022-07-12 01:00:04.460,0,train,0.0,0
normal,N0473,15719,39,50,2022-07-12 01:00:04.560,0,train,0.0,0
normal,N0473,15720,40,50,2022-07-12 01:00:04.660,0,train,0.0,0
normal,N0473,15721,41,50,2022-07-12 01:00:04.760,0,train,0.0,0
normal,N0473,15722,42,50,2022-07-12 01:00:04.860,0,train,0.0,0
normal,N0473,15723,43,50,2022-07-12 01:00:04.960,0,train,0.0,0
normal,N0473,15724,44,50,2022-07-12 01:00:05.060,0,train,0.0,0
normal,N0473,15725,45,50,2022-07-12 01:00:05.160,0,train,0.00287700404611968,0
normal,N0473,15726,46,50,2022-07-12 01:00:05.260,0,train,0.0,0
normal,N0473,15727,47,50,2022-07-12 01:00:05.360,0,train,0.0032674858713122833,0
normal,N0473,15728,48,50,2022-07-12 01:00:05.460,0,train,0.0,0
normal,N0473,15729,49,50,2022-07-12 01:00:05.560,0,train,0.0,0
normal,N0474,15739,9,39,2022-07-12 01:00:09.265,0,train,0.00628130410877007,0
normal,N0474,15740,10,39,2022-07-12 01:00:09.365,0,train,0.0,0
normal,N0474,15741,11,39,2022-07-12 01:00:09.465,0,train,0.0,0
normal,N0474,15742,12,39,2022-07-12 01:00:09.565,0,train,0.0,0
normal,N0474,15743,13,39,2022-07-12 01:00:09.665,0,train,0.0,0
normal,N0474,15744,14,39,2022-07-12 01:00:09.765,0,train,0.0,0
normal,N0474,15745,15,39,2022-07-12 01:00:09.865,0,train,0.0,0
normal,N0474,15746,16,39,2022-07-12 01:00:09.965,0,train,0.0,0
normal,N0474,15747,17,39,2022-07-12 01:00:10.065,0,train,0.0,0
normal,N0474,15748,18,39,2022-07-12 01:00:10.165,0,train,0.03415117719863883,0
normal,N0474,15749,19,39,2022-07-12 01:00:10.265,0,train,0.0,0
normal,N0474,15750,20,39,2022-07-12 01:00:10.365,0,train,0.0,0
normal,N0474,15751,21,39,2022-07-12 01:00:10.465,0,train,0.00634560004890688,0
normal,N0474,15752,22,39,2022-07-12 01:00:10.565,0,train,0.0,0
normal,N0474,15753,23,39,2022-07-12 01:00:10.665,0,train,0.0,0
normal,N0474,15754,24,39,2022-07-12 01:00:10.765,0,train,0.0,0
normal,N0474,15755,25,39,2022-07-12 01:00:10.865,0,train,0.0057754529568114854,0
normal,N0474,15756,26,39,2022-07-12 01:00:10.965,0,train,0.0,0
normal,N0474,15757,27,39,2022-07-12 01:00:11.065,0,train,0.0,0
normal,N0474,15758,28,39,2022-07-12 01:00:11.165,0,train,0.0,0
normal,N0474,15759,29,39,2022-07-12 01:00:11.265,0,train,0.0,0
normal,N0474,15760,30,39,2022-07-12 01:00:11.365,0,train,0.0,0
normal,N0474,15761,31,39,2022-07-12 01:00:11.465,0,train,0.0,0
normal,N0474,15762,32,39,2022-07-12 01:00:11.565,0,train,0.0,0
normal,N0474,15763,33,39,2022-07-12 01:00:11.665,0,train,0.0,0
normal,N0474,15764,34,39,2022-07-12 01:00:11.765,0,train,0.0,0
normal,N0474,15765,35,39,2022-07-12 01:00:11.865,0,train,0.0,0
normal,N0474,15766,36,39,2022-07-12 01:00:11.965,0,train,0.0,0
normal,N0474,15767,37,39,2022-07-12 01:00:12.065,0,train,0.0,0
normal,N0474,15768,38,39,2022-07-12 01:00:12.165,0,train,0.0,0
normal,N0475,15778,9,27,2022-07-12 01:00:17.292,0,train,0.0,0
normal,N0475,15779,10,27,2022-07-12 01:00:17.392,0,train,0.0,0
normal,N0475,15780,11,27,2022-07-12 01:00:17.492,0,train,0.0,0
normal,N0475,15781,12,27,2022-07-12 01:00:17.592,0,train,0.0032224008574490894,0
normal,N0475,15782,13,27,2022-07-12 01:00:17.692,0,train,0.0,0
normal,N0475,15783,14,27,2022-07-12 01:00:17.792,0,train,0.012510172499177484,0
normal,N0475,15784,15,27,2022-07-12 01:00:17.892,0,train,0.018706772910462317,0
normal,N0475,15785,16,27,2022-07-12 01:00:17.992,0,train,0.030887133506974928,0
normal,N0475,15786,17,27,2022-07-12 01:00:18.092,0,train,0.0,0
normal,N0475,15787,18,27,2022-07-12 01:00:18.192,0,train,0.0,0
normal,N0475,15788,19,27,2022-07-12 01:00:18.292,0,train,0.0,0
normal,N0475,15789,20,27,2022-07-12 01:00:18.392,0,train,0.0,0
normal,N0475,15790,21,27,2022-07-12 01:00:18.492,0,train,0.003201196810310981,0
normal,N0475,15791,22,27,2022-07-12 01:00:18.592,0,train,0.0030350394777043433,0
normal,N0475,15792,23,27,2022-07-12 01:00:18.692,0,train,0.0030013280212483405,0
normal,N0475,15793,24,27,2022-07-12 01:00:18.792,0,train,0.00976148054275682,0
normal,N0475,15794,25,27,2022-07-12 01:00:18.892,0,train,0.0,0
normal,N0475,15795,26,27,2022-07-12 01:00:18.992,0,train,0.0,0
normal,N0476,15805,9,14,2022-07-12 01:00:25.317,0,train,0.0,0
normal,N0476,15806,10,14,2022-07-12 01:00:25.417,0,train,0.0,0
normal,N0476,15807,11,14,2022-07-12 01:00:25.517,0,train,0.0,0
normal,N0476,15808,12,14,2022-07-12 01:00:25.617,0,train,0.0,0
normal,N0476,15809,13,14,2022-07-12 01:00:25.717,0,train,0.0,0
normal,N0478,15869,9,50,2022-07-12 01:00:41.704,0,train,0.0,0
normal,N0478,15870,10,50,2022-07-12 01:00:41.804,0,train,0.006192102010892615,0
normal,N0478,15871,11,50,2022-07-12 01:00:41.904,0,train,0.0,0
normal,N0478,15872,12,50,2022-07-12 01:00:42.004,0,train,0.0,0
normal,N0478,15873,13,50,2022-07-12 01:00:42.104,0,train,0.0,0
normal,N0478,15874,14,50,2022-07-12 01:00:42.204,0,train,0.0,0
normal,N0478,15875,15,50,2022-07-12 01:00:42.304,0,train,0.0,0
normal,N0478,15876,16,50,2022-07-12 01:00:42.404,0,train,0.0,0
normal,N0478,15877,17,50,2022-07-12 01:00:42.504,0,train,0.0,0
normal,N0478,15878,18,50,2022-07-12 01:00:42.604,0,train,0.0,0
normal,N0478,15879,19,50,2022-07-12 01:00:42.704,0,train,0.0,0
normal,N0478,15880,20,50,2022-07-12 01:00:42.804,0,train,0.0,0
normal,N0478,15881,21,50,2022-07-12 01:00:42.904,0,train,0.0,0
normal,N0478,15882,22,50,2022-07-12 01:00:43.004,0,train,0.0,0
normal,N0478,15883,23,50,2022-07-12 01:00:43.104,0,train,0.0,0
normal,N0478,15884,24,50,2022-07-12 01:00:43.204,0,train,0.0,0
normal,N0478,15885,25,50,2022-07-12 01:00:43.304,0,train,0.0,0
normal,N0478,15886,26,50,2022-07-12 01:00:43.404,0,train,0.008990365810671896,0
normal,N0478,15887,27,50,2022-07-12 01:00:43.504,0,train,0.0,0
normal,N0478,15888,28,50,2022-07-12 01:00:43.604,0,train,0.0,0
normal,N0478,15889,29,50,2022-07-12 01:00:43.704,0,train,0.0,0
normal,N0478,15890,30,50,2022-07-12 01:00:43.804,0,train,0.0,0
normal,N0478,15891,31,50,2022-07-12 01:00:43.904,0,train,0.0,0
normal,N0478,15892,32,50,2022-07-12 01:00:44.004,0,train,0.0,0
normal,N0478,15893,33,50,2022-07-12 01:00:44.104,0,train,0.0,0
normal,N0478,15894,34,50,2022-07-12 01:00:44.204,0,train,0.0,0
normal,N0478,15895,35,50,2022-07-12 01:00:44.304,0,train,0.003190773989644274,0
normal,N0478,15896,36,50,2022-07-12 01:00:44.404,0,train,0.0,0
normal,N0478,15897,37,50,2022-07-12 01:00:44.504,0,train,0.0,0
normal,N0478,15898,38,50,2022-07-12 01:00:44.604,0,train,0.0,0
normal,N0478,15899,39,50,2022-07-12 01:00:44.704,0,train,0.0,0
normal,N0478,15900,40,50,2022-07-12 01:00:44.804,0,train,0.0,0
normal,N0478,15901,41,50,2022-07-12 01:00:44.904,0,train,0.0,0
normal,N0478,15902,42,50,2022-07-12 01:00:45.004,0,train,0.0,0
normal,N0478,15903,43,50,2022-07-12 01:00:45.104,0,train,0.0,0
normal,N0478,15904,44,50,2022-07-12 01:00:45.204,0,train,0.009357012249577435,0
normal,N0478,15905,45,50,2022-07-12 01:00:45.304,0,train,0.003194256756756757,0
normal,N0478,15906,46,50,2022-07-12 01:00:45.404,0,train,0.0,0
normal,N0478,15907,47,50,2022-07-12 01:00:45.504,0,train,0.0,0
normal,N0478,15908,48,50,2022-07-12 01:00:45.604,0,train,0.0,0
normal,N0478,15909,49,50,2022-07-12 01:00:45.704,0,train,0.0,0
normal,N0479,15919,9,50,2022-07-12 01:00:50.960,0,train,0.0,0
normal,N0479,15920,10,50,2022-07-12 01:00:51.060,0,train,0.0,0
normal,N0479,15921,11,50,2022-07-12 01:00:51.160,0,train,0.0,0
normal,N0479,15922,12,50,2022-07-12 01:00:51.260,0,train,0.0,0
normal,N0479,15923,13,50,2022-07-12 01:00:51.360,0,train,0.0,0
normal,N0479,15924,14,50,2022-07-12 01:00:51.460,0,train,0.0,0
normal,N0479,15925,15,50,2022-07-12 01:00:51.560,0,train,0.0,0
normal,N0479,15926,16,50,2022-07-12 01:00:51.660,0,train,0.0,0
normal,N0479,15927,17,50,2022-07-12 01:00:51.760,0,train,0.0,0
normal,N0479,15928,18,50,2022-07-12 01:00:51.860,0,train,0.0,0
normal,N0479,15929,19,50,2022-07-12 01:00:51.960,0,train,0.0,0
normal,N0479,15930,20,50,2022-07-12 01:00:52.060,0,train,0.0031522100365569956,0
normal,N0479,15931,21,50,2022-07-12 01:00:52.160,0,train,0.0,0
normal,N0479,15932,22,50,2022-07-12 01:00:52.260,0,train,0.0,0
normal,N0479,15933,23,50,2022-07-12 01:00:52.360,0,train,0.0,0
normal,N0479,15934,24,50,2022-07-12 01:00:52.460,0,train,0.0,0
normal,N0479,15935,25,50,2022-07-12 01:00:52.560,0,train,0.0,0
normal,N0479,15936,26,50,2022-07-12 01:00:52.660,0,train,0.0,0
normal,N0479,15937,27,50,2022-07-12 01:00:52.760,0,train,0.0,0
normal,N0479,15938,28,50,2022-07-12 01:00:52.860,0,train,0.0,0
normal,N0479,15939,29,50,2022-07-12 01:00:52.960,0,train,0.0,0
normal,N0479,15940,30,50,2022-07-12 01:00:53.060,0,train,0.0,0
normal,N0479,15941,31,50,2022-07-12 01:00:53.160,0,train,0.0,0
normal,N0479,15942,32,50,2022-07-12 01:00:53.260,0,train,0.0,0
normal,N0479,15943,33,50,2022-07-12 01:00:53.360,0,train,0.0,0
normal,N0479,15944,34,50,2022-07-12 01:00:53.460,0,train,0.0,0
normal,N0479,15945,35,50,2022-07-12 01:00:53.560,0,train,0.0,0
normal,N0479,15946,36,50,2022-07-12 01:00:53.660,0,train,0.0,0
normal,N0479,15947,37,50,2022-07-12 01:00:53.760,0,train,0.0,0
normal,N0479,15948,38,50,2022-07-12 01:00:53.860,0,train,0.0,0
normal,N0479,15949,39,50,2022-07-12 01:00:53.960,0,train,0.0,0
normal,N0479,15950,40,50,2022-07-12 01:00:54.060,0,train,0.0,0
normal,N0479,15951,41,50,2022-07-12 01:00:54.160,0,train,0.002841604145951972,0
normal,N0479,15952,42,50,2022-07-12 01:00:54.260,0,train,0.0,0
normal,N0479,15953,43,50,2022-07-12 01:00:54.360,0,train,0.0,0
normal,N0479,15954,44,50,2022-07-12 01:00:54.460,0,train,0.0,0
normal,N0479,15955,45,50,2022-07-12 01:00:54.560,0,train,0.0,0
normal,N0479,15956,46,50,2022-07-12 01:00:54.660,0,train,0.0,0
normal,N0479,15957,47,50,2022-07-12 01:00:54.760,0,train,0.0,0
normal,N0479,15958,48,50,2022-07-12 01:00:54.860,0,train,0.0,0
normal,N0479,15959,49,50,2022-07-12 01:00:54.960,0,train,0.0,0
normal,N0480,15969,9,50,2022-07-12 01:00:57.732,0,train,0.0,0
normal,N0480,15970,10,50,2022-07-12 01:00:57.832,0,train,0.0,0
normal,N0480,15971,11,50,2022-07-12 01:00:57.932,0,train,0.0,0
normal,N0480,15972,12,50,2022-07-12 01:00:58.032,0,train,0.0,0
normal,N0480,15973,13,50,2022-07-12 01:00:58.132,0,train,0.006137883965601875,0
normal,N0480,15974,14,50,2022-07-12 01:00:58.232,0,train,0.0,0
normal,N0480,15975,15,50,2022-07-12 01:00:58.332,0,train,0.0,0
normal,N0480,15976,16,50,2022-07-12 01:00:58.432,0,train,0.0,0
normal,N0480,15977,17,50,2022-07-12 01:00:58.532,0,train,0.0,0
normal,N0480,15978,18,50,2022-07-12 01:00:58.632,0,train,0.0032180425531914887,0
normal,N0480,15979,19,50,2022-07-12 01:00:58.732,0,train,0.0,0
normal,N0480,15980,20,50,2022-07-12 01:00:58.832,0,train,0.0031882159293224496,0
normal,N0480,15981,21,50,2022-07-12 01:00:58.932,0,train,0.0031882159293224496,0
normal,N0480,15982,22,50,2022-07-12 01:00:59.032,0,train,0.009331633096259218,0
normal,N0480,15983,23,50,2022-07-12 01:00:59.132,0,train,0.0,0
normal,N0480,15984,24,50,2022-07-12 01:00:59.232,0,train,0.0,0
normal,N0480,15985,25,50,2022-07-12 01:00:59.332,0,train,0.0,0
normal,N0480,15986,26,50,2022-07-12 01:00:59.432,0,train,0.0,0
normal,N0480,15987,27,50,2022-07-12 01:00:59.532,0,train,0.0,0
normal,N0480,15988,28,50,2022-07-12 01:00:59.632,0,train,0.0,0
normal,N0480,15989,29,50,2022-07-12 01:00:59.732,0,train,0.0,0
normal,N0480,15990,30,50,2022-07-12 01:00:59.832,0,train,0.0,0
normal,N0480,15991,31,50,2022-07-12 01:00:59.932,0,train,0.0032464544486796474,0
normal,N0480,15992,32,50,2022-07-12 01:01:00.032,0,train,0.0,0
normal,N0480,15993,33,50,2022-07-12 01:01:00.132,0,train,0.0,0
normal,N0480,15994,34,50,2022-07-12 01:01:00.232,0,train,0.0,0
normal,N0480,15995,35,50,2022-07-12 01:01:00.332,0,train,0.0,0
normal,N0480,15996,36,50,2022-07-12 01:01:00.432,0,train,0.0,0
normal,N0480,15997,37,50,2022-07-12 01:01:00.532,0,train,0.0,0
normal,N0480,15998,38,50,2022-07-12 01:01:00.632,0,train,0.0,0
normal,N0480,15999,39,50,2022-07-12 01:01:00.732,0,train,0.0,0
normal,N0480,16000,40,50,2022-07-12 01:01:00.832,0,train,0.0,0
normal,N0480,16001,41,50,2022-07-12 01:01:00.932,0,train,0.0,0
normal,N0480,16002,42,50,2022-07-12 01:01:01.032,0,train,0.0,0
normal,N0480,16003,43,50,2022-07-12 01:01:01.132,0,train,0.0,0
normal,N0480,16004,44,50,2022-07-12 01:01:01.232,0,train,0.0,0
normal,N0480,16005,45,50,2022-07-12 01:01:01.332,0,train,0.0,0
normal,N0480,16006,46,50,2022-07-12 01:01:01.432,0,train,0.0,0
normal,N0480,16007,47,50,2022-07-12 01:01:01.532,0,train,0.008778427051560856,0
normal,N0480,16008,48,50,2022-07-12 01:01:01.632,0,train,0.006535791583021204,0
normal,N0480,16009,49,50,2022-07-12 01:01:01.732,0,train,0.0,0
normal,N0481,16019,9,41,2022-07-12 01:01:05.424,0,train,0.026723059169004425,0
normal,N0481,16020,10,41,2022-07-12 01:01:05.524,0,train,0.0,0
normal,N0481,16021,11,41,2022-07-12 01:01:05.624,0,train,0.0,0
normal,N0481,16022,12,41,2022-07-12 01:01:05.724,0,train,0.0,0
normal,N0481,16023,13,41,2022-07-12 01:01:05.824,0,train,0.0,0
normal,N0481,16024,14,41,2022-07-12 01:01:05.924,0,train,0.0,0
normal,N0481,16025,15,41,2022-07-12 01:01:06.024,0,train,0.0,0
normal,N0481,16026,16,41,2022-07-12 01:01:06.124,0,train,0.0,0
normal,N0481,16027,17,41,2022-07-12 01:01:06.224,0,train,0.0,0
normal,N0481,16028,18,41,2022-07-12 01:01:06.324,0,train,0.0,0
normal,N0481,16029,19,41,2022-07-12 01:01:06.424,0,train,0.0,0
normal,N0481,16030,20,41,2022-07-12 01:01:06.524,0,train,0.0,0
normal,N0481,16031,21,41,2022-07-12 01:01:06.624,0,train,0.0,0
normal,N0481,16032,22,41,2022-07-12 01:01:06.724,0,train,0.0,0
normal,N0481,16033,23,41,2022-07-12 01:01:06.824,0,train,0.0,0
normal,N0481,16034,24,41,2022-07-12 01:01:06.924,0,train,0.0,0
normal,N0481,16035,25,41,2022-07-12 01:01:07.024,0,train,0.0033333333333333335,0
normal,N0481,16036,26,41,2022-07-12 01:01:07.124,0,train,0.0,0
normal,N0481,16037,27,41,2022-07-12 01:01:07.224,0,train,0.0,0
normal,N0481,16038,28,41,2022-07-12 01:01:07.324,0,train,0.0,0
normal,N0481,16039,29,41,2022-07-12 01:01:07.424,0,train,0.0,0
normal,N0481,16040,30,41,2022-07-12 01:01:07.524,0,train,0.0,0
normal,N0481,16041,31,41,2022-07-12 01:01:07.624,0,train,0.0,0
normal,N0481,16042,32,41,2022-07-12 01:01:07.724,0,train,0.0,0
normal,N0481,16043,33,41,2022-07-12 01:01:07.824,0,train,0.0,0
normal,N0481,16044,34,41,2022-07-12 01:01:07.924,0,train,0.0,0
normal,N0481,16045,35,41,2022-07-12 01:01:08.024,0,train,0.0031959180915050347,0
normal,N0481,16046,36,41,2022-07-12 01:01:08.124,0,train,0.0,0
normal,N0481,16047,37,41,2022-07-12 01:01:08.224,0,train,0.0,0
normal,N0481,16048,38,41,2022-07-12 01:01:08.324,0,train,0.0,0
normal,N0481,16049,39,41,2022-07-12 01:01:08.424,0,train,0.0,0
normal,N0481,16050,40,41,2022-07-12 01:01:08.524,0,train,0.0,0
normal,N0483,16110,9,44,2022-07-12 01:01:21.196,0,train,0.0,0
normal,N0483,16111,10,44,2022-07-12 01:01:21.296,0,train,0.0,0
normal,N0483,16112,11,44,2022-07-12 01:01:21.396,0,train,0.0,0
normal,N0483,16113,12,44,2022-07-12 01:01:21.496,0,train,0.0,0
normal,N0483,16114,13,44,2022-07-12 01:01:21.596,0,train,0.0,0
normal,N0483,16115,14,44,2022-07-12 01:01:21.696,0,train,0.0,0
normal,N0483,16116,15,44,2022-07-12 01:01:21.796,0,train,0.0,0
normal,N0483,16117,16,44,2022-07-12 01:01:21.896,0,train,0.0,0
normal,N0483,16118,17,44,2022-07-12 01:01:21.996,0,train,0.0,0
normal,N0483,16119,18,44,2022-07-12 01:01:22.096,0,train,0.0,0
normal,N0483,16120,19,44,2022-07-12 01:01:22.196,0,train,0.0,0
normal,N0483,16121,20,44,2022-07-12 01:01:22.296,0,train,0.0,0
normal,N0483,16122,21,44,2022-07-12 01:01:22.396,0,train,0.0,0
normal,N0483,16123,22,44,2022-07-12 01:01:22.496,0,train,0.0,0
normal,N0483,16124,23,44,2022-07-12 01:01:22.596,0,train,0.0031330685203574977,0
normal,N0483,16125,24,44,2022-07-12 01:01:22.696,0,train,0.0,0
normal,N0483,16126,25,44,2022-07-12 01:01:22.796,0,train,0.0,0
normal,N0483,16127,26,44,2022-07-12 01:01:22.896,0,train,0.0,0
normal,N0483,16128,27,44,2022-07-12 01:01:22.996,0,train,0.0,0
normal,N0483,16129,28,44,2022-07-12 01:01:23.096,0,train,0.0,0
normal,N0483,16130,29,44,2022-07-12 01:01:23.196,0,train,0.0,0
normal,N0483,16131,30,44,2022-07-12 01:01:23.296,0,train,0.0,0
normal,N0483,16132,31,44,2022-07-12 01:01:23.396,0,train,0.0,0
normal,N0483,16133,32,44,2022-07-12 01:01:23.496,0,train,0.0,0
normal,N0483,16134,33,44,2022-07-12 01:01:23.596,0,train,0.0,0
normal,N0483,16135,34,44,2022-07-12 01:01:23.696,0,train,0.0,0
normal,N0483,16136,35,44,2022-07-12 01:01:23.796,0,train,0.003261220425122763,0
normal,N0483,16137,36,44,2022-07-12 01:01:23.896,0,train,0.0,0
normal,N0483,16138,37,44,2022-07-12 01:01:23.996,0,train,0.0,0
normal,N0483,16139,38,44,2022-07-12 01:01:24.096,0,train,0.0,0
normal,N0483,16140,39,44,2022-07-12 01:01:24.196,0,train,0.0,0
normal,N0483,16141,40,44,2022-07-12 01:01:24.296,0,train,0.0,0
normal,N0483,16142,41,44,2022-07-12 01:01:24.396,0,train,0.0,0
normal,N0483,16143,42,44,2022-07-12 01:01:24.496,0,train,0.0,0
normal,N0483,16144,43,44,2022-07-12 01:01:24.596,0,train,0.0,0
normal,N0484,16154,9,44,2022-07-12 01:01:29.071,0,train,0.0,0
normal,N0484,16155,10,44,2022-07-12 01:01:29.171,0,train,0.005976382155614657,0
normal,N0484,16156,11,44,2022-07-12 01:01:29.271,0,train,0.0,0
normal,N0484,16157,12,44,2022-07-12 01:01:29.371,0,train,0.0,0
normal,N0484,16158,13,44,2022-07-12 01:01:29.471,0,train,0.0031441656710473917,0
normal,N0484,16159,14,44,2022-07-12 01:01:29.571,0,train,0.0,0
normal,N0484,16160,15,44,2022-07-12 01:01:29.671,0,train,0.0,0
normal,N0484,16161,16,44,2022-07-12 01:01:29.771,0,train,0.0,0
normal,N0484,16162,17,44,2022-07-12 01:01:29.871,0,train,0.0,0
normal,N0484,16163,18,44,2022-07-12 01:01:29.971,0,train,0.0,0
normal,N0484,16164,19,44,2022-07-12 01:01:30.071,0,train,0.0,0
normal,N0484,16165,20,44,2022-07-12 01:01:30.171,0,train,0.021161378228544865,0
normal,N0484,16166,21,44,2022-07-12 01:01:30.271,0,train,0.0,0
normal,N0484,16167,22,44,2022-07-12 01:01:30.371,0,train,0.0,0
normal,N0484,16168,23,44,2022-07-12 01:01:30.471,0,train,0.0,0
normal,N0484,16169,24,44,2022-07-12 01:01:30.571,0,train,0.0,0
normal,N0484,16170,25,44,2022-07-12 01:01:30.671,0,train,0.0,0
normal,N0484,16171,26,44,2022-07-12 01:01:30.771,0,train,0.0,0
normal,N0484,16172,27,44,2022-07-12 01:01:30.871,0,train,0.034930190366350825,0
normal,N0484,16173,28,44,2022-07-12 01:01:30.971,0,train,0.0059982836627712,0
normal,N0484,16174,29,44,2022-07-12 01:01:31.071,0,train,0.018943872915268768,0
normal,N0484,16175,30,44,2022-07-12 01:01:31.171,0,train,0.0,0
normal,N0484,16176,31,44,2022-07-12 01:01:31.271,0,train,0.0,0
normal,N0484,16177,32,44,2022-07-12 01:01:31.371,0,train,0.0,0
normal,N0484,16178,33,44,2022-07-12 01:01:31.471,0,train,0.0,0
normal,N0484,16179,34,44,2022-07-12 01:01:31.571,0,train,0.0,0
normal,N0484,16180,35,44,2022-07-12 01:01:31.671,0,train,0.003172399919533293,0
normal,N0484,16181,36,44,2022-07-12 01:01:31.771,0,train,0.0,0
normal,N0484,16182,37,44,2022-07-12 01:01:31.871,0,train,0.0,0
normal,N0484,16183,38,44,2022-07-12 01:01:31.971,0,train,0.0,0
normal,N0484,16184,39,44,2022-07-12 01:01:32.071,0,train,0.0,0
normal,N0484,16185,40,44,2022-07-12 01:01:32.171,0,train,0.0,0
normal,N0484,16186,41,44,2022-07-12 01:01:32.271,0,train,0.0,0
normal,N0484,16187,42,44,2022-07-12 01:01:32.371,0,train,0.002961016206745511,0
normal,N0484,16188,43,44,2022-07-12 01:01:32.471,0,train,0.0030013280212483405,0
normal,N0485,16198,9,44,2022-07-12 01:01:37.060,0,train,0.0,0
normal,N0485,16199,10,44,2022-07-12 01:01:37.160,0,train,0.0,0
normal,N0485,16200,11,44,2022-07-12 01:01:37.260,0,train,0.0,0
normal,N0485,16201,12,44,2022-07-12 01:01:37.360,0,train,0.0,0
normal,N0485,16202,13,44,2022-07-12 01:01:37.460,0,train,0.006108749530529162,0
normal,N0485,16203,14,44,2022-07-12 01:01:37.560,0,train,0.002804538452423273,0
normal,N0485,16204,15,44,2022-07-12 01:01:37.660,0,train,0.0,0
normal,N0485,16205,16,44,2022-07-12 01:01:37.760,0,train,0.0,0
normal,N0485,16206,17,44,2022-07-12 01:01:37.860,0,train,0.0,0
normal,N0485,16207,18,44,2022-07-12 01:01:37.960,0,train,0.0,0
normal,N0485,16208,19,44,2022-07-12 01:01:38.060,0,train,0.0,0
normal,N0485,16209,20,44,2022-07-12 01:01:38.160,0,train,0.0,0
normal,N0485,16210,21,44,2022-07-12 01:01:38.260,0,train,0.0118238733555699,0
normal,N0485,16211,22,44,2022-07-12 01:01:38.360,0,train,0.0,0
normal,N0485,16212,23,44,2022-07-12 01:01:38.460,0,train,0.0,0
normal,N0485,16213,24,44,2022-07-12 01:01:38.560,0,train,0.0,0
normal,N0485,16214,25,44,2022-07-12 01:01:38.660,0,train,0.0,0
normal,N0485,16215,26,44,2022-07-12 01:01:38.760,0,train,0.0,0
normal,N0485,16216,27,44,2022-07-12 01:01:38.860,0,train,0.0,0
normal,N0485,16217,28,44,2022-07-12 01:01:38.960,0,train,0.0,0
normal,N0485,16218,29,44,2022-07-12 01:01:39.060,0,train,0.0,0
normal,N0485,16219,30,44,2022-07-12 01:01:39.160,0,train,0.0,0
normal,N0485,16220,31,44,2022-07-12 01:01:39.260,0,train,0.0,0
normal,N0485,16221,32,44,2022-07-12 01:01:39.360,0,train,0.00634560004890688,0
normal,N0485,16222,33,44,2022-07-12 01:01:39.460,0,train,0.0,0
normal,N0485,16223,34,44,2022-07-12 01:01:39.560,0,train,0.0,0
normal,N0485,16224,35,44,2022-07-12 01:01:39.660,0,train,0.0,0
normal,N0485,16225,36,44,2022-07-12 01:01:39.760,0,train,0.0032474669414391207,0
normal,N0485,16226,37,44,2022-07-12 01:01:39.860,0,train,0.0,0
normal,N0485,16227,38,44,2022-07-12 01:01:39.960,0,train,0.0,0
normal,N0485,16228,39,44,2022-07-12 01:01:40.060,0,train,0.0,0
normal,N0485,16229,40,44,2022-07-12 01:01:40.160,0,train,0.0,0
normal,N0485,16230,41,44,2022-07-12 01:01:40.260,0,train,0.0,0
normal,N0485,16231,42,44,2022-07-12 01:01:40.360,0,train,0.0,0
normal,N0485,16232,43,44,2022-07-12 01:01:40.460,0,train,0.0,0
normal,N0486,16242,9,43,2022-07-12 01:01:45.206,0,train,0.0,0
normal,N0486,16243,10,43,2022-07-12 01:01:45.306,0,train,0.0032180425531914887,0
normal,N0486,16244,11,43,2022-07-12 01:01:45.406,0,train,0.0,0
normal,N0486,16245,12,43,2022-07-12 01:01:45.506,0,train,0.0,0
normal,N0486,16246,13,43,2022-07-12 01:01:45.606,0,train,0.0,0
normal,N0486,16247,14,43,2022-07-12 01:01:45.706,0,train,0.0,0
normal,N0486,16248,15,43,2022-07-12 01:01:45.806,0,train,0.0,0
normal,N0486,16249,16,43,2022-07-12 01:01:45.906,0,train,0.0,0
normal,N0486,16250,17,43,2022-07-12 01:01:46.006,0,train,0.0,0
normal,N0486,16251,18,43,2022-07-12 01:01:46.106,0,train,0.0,0
normal,N0486,16252,19,43,2022-07-12 01:01:46.206,0,train,0.0,0
normal,N0486,16253,20,43,2022-07-12 01:01:46.306,0,train,0.0,0
normal,N0486,16254,21,43,2022-07-12 01:01:46.406,0,train,0.0,0
normal,N0486,16255,22,43,2022-07-12 01:01:46.506,0,train,0.0,0
normal,N0486,16256,23,43,2022-07-12 01:01:46.606,0,train,0.0,0
normal,N0486,16257,24,43,2022-07-12 01:01:46.706,0,train,0.003023628610817223,0
normal,N0486,16258,25,43,2022-07-12 01:01:46.806,0,train,0.006531536096753488,0
normal,N0486,16259,26,43,2022-07-12 01:01:46.906,0,train,0.07099871842996326,0
normal,N0486,16260,27,43,2022-07-12 01:01:47.006,0,train,0.0031790278756163837,0
normal,N0486,16261,28,43,2022-07-12 01:01:47.106,0,train,0.0,0
normal,N0486,16262,29,43,2022-07-12 01:01:47.206,0,train,0.0,0
normal,N0486,16263,30,43,2022-07-12 01:01:47.306,0,train,0.0,0
normal,N0486,16264,31,43,2022-07-12 01:01:47.406,0,train,0.0,0
normal,N0486,16265,32,43,2022-07-12 01:01:47.506,0,train,0.0,0
normal,N0486,16266,33,43,2022-07-12 01:01:47.606,0,train,0.0,0
normal,N0486,16267,34,43,2022-07-12 01:01:47.706,0,train,0.0,0
normal,N0486,16268,35,43,2022-07-12 01:01:47.806,0,train,0.0,0
normal,N0486,16269,36,43,2022-07-12 01:01:47.906,0,train,0.0,0
normal,N0486,16270,37,43,2022-07-12 01:01:48.006,0,train,0.0,0
normal,N0486,16271,38,43,2022-07-12 01:01:48.106,0,train,0.0,0
normal,N0486,16272,39,43,2022-07-12 01:01:48.206,0,train,0.0,0
normal,N0486,16273,40,43,2022-07-12 01:01:48.306,0,train,0.0,0
normal,N0486,16274,41,43,2022-07-12 01:01:48.406,0,train,0.0,0
normal,N0486,16275,42,43,2022-07-12 01:01:48.506,0,train,0.0029626153605506024,0
normal,N0488,16320,9,23,2022-07-12 01:02:01.118,0,train,0.0,0
normal,N0488,16321,10,23,2022-07-12 01:02:01.218,0,train,0.0,0
normal,N0488,16322,11,23,2022-07-12 01:02:01.318,0,train,0.0,0
normal,N0488,16323,12,23,2022-07-12 01:02:01.418,0,train,0.0,0
normal,N0488,16324,13,23,2022-07-12 01:02:01.518,0,train,0.0,0
normal,N0488,16325,14,23,2022-07-12 01:02:01.618,0,train,0.0,0
normal,N0488,16326,15,23,2022-07-12 01:02:01.718,0,train,0.008949696698304673,0
normal,N0488,16327,16,23,2022-07-12 01:02:01.818,0,train,0.0,0
normal,N0488,16328,17,23,2022-07-12 01:02:01.918,0,train,0.0,0
normal,N0488,16329,18,23,2022-07-12 01:02:02.018,0,train,0.0,0
normal,N0488,16330,19,23,2022-07-12 01:02:02.118,0,train,0.0,0
normal,N0488,16331,20,23,2022-07-12 01:02:02.218,0,train,0.0031730543540220636,0
normal,N0488,16332,21,23,2022-07-12 01:02:02.318,0,train,0.0,0
normal,N0488,16333,22,23,2022-07-12 01:02:02.418,0,train,0.00640989061642578,0
normal,N0489,16343,9,21,2022-07-12 01:02:09.225,0,train,0.0,0
normal,N0489,16344,10,21,2022-07-12 01:02:09.325,0,train,0.0,0
normal,N0489,16345,11,21,2022-07-12 01:02:09.425,0,train,0.0,0
normal,N0489,16346,12,21,2022-07-12 01:02:09.525,0,train,0.003158368326334734,0
normal,N0489,16347,13,21,2022-07-12 01:02:09.625,0,train,0.006463991798217375,0
normal,N0489,16348,14,21,2022-07-12 01:02:09.725,0,train,0.0,0
normal,N0489,16349,15,21,2022-07-12 01:02:09.825,0,train,0.0,0
normal,N0489,16350,16,21,2022-07-12 01:02:09.925,0,train,0.009068649478906165,0
normal,N0489,16351,17,21,2022-07-12 01:02:10.025,0,train,0.0,0
normal,N0489,16352,18,21,2022-07-12 01:02:10.125,0,train,0.0,0
normal,N0489,16353,19,21,2022-07-12 01:02:10.225,0,train,0.0,0
normal,N0489,16354,20,21,2022-07-12 01:02:10.325,0,train,0.0,0
normal,N0491,16372,9,50,2022-07-12 01:02:34.280,0,train,0.0031458250365060405,0
normal,N0491,16373,10,50,2022-07-12 01:02:34.380,0,train,0.0,0
normal,N0491,16374,11,50,2022-07-12 01:02:34.480,0,train,0.0,0
normal,N0491,16375,12,50,2022-07-12 01:02:34.580,0,train,0.006072888579629468,0
normal,N0491,16376,13,50,2022-07-12 01:02:34.680,0,train,0.0,0
normal,N0491,16377,14,50,2022-07-12 01:02:34.780,0,train,0.0,0
normal,N0491,16378,15,50,2022-07-12 01:02:34.880,0,train,0.0,0
normal,N0491,16379,16,50,2022-07-12 01:02:34.980,0,train,0.0028899068560085507,0
normal,N0491,16380,17,50,2022-07-12 01:02:35.080,0,train,0.0,0
normal,N0491,16381,18,50,2022-07-12 01:02:35.180,0,train,0.0,0
normal,N0491,16382,19,50,2022-07-12 01:02:35.280,0,train,0.0,0
normal,N0491,16383,20,50,2022-07-12 01:02:35.380,0,train,0.0,0
normal,N0491,16384,21,50,2022-07-12 01:02:35.480,0,train,0.0,0
normal,N0491,16385,22,50,2022-07-12 01:02:35.580,0,train,0.0,0
normal,N0491,16386,23,50,2022-07-12 01:02:35.680,0,train,0.0,0
normal,N0491,16387,24,50,2022-07-12 01:02:35.780,0,train,0.012597575507932527,0
normal,N0491,16388,25,50,2022-07-12 01:02:35.880,0,train,0.012804819344264393,0
normal,N0491,16389,26,50,2022-07-12 01:02:35.980,0,train,0.0,0
normal,N0491,16390,27,50,2022-07-12 01:02:36.080,0,train,0.0,0
normal,N0491,16391,28,50,2022-07-12 01:02:36.180,0,train,0.0,0
normal,N0491,16392,29,50,2022-07-12 01:02:36.280,0,train,0.0,0
normal,N0491,16393,30,50,2022-07-12 01:02:36.380,0,train,0.0,0
normal,N0491,16394,31,50,2022-07-12 01:02:36.480,0,train,0.0,0
normal,N0491,16395,32,50,2022-07-12 01:02:36.580,0,train,0.0,0
normal,N0491,16396,33,50,2022-07-12 01:02:36.680,0,train,0.00300287765234165,0
normal,N0491,16397,34,50,2022-07-12 01:02:36.780,0,train,0.018866234124369868,0
normal,N0491,16398,35,50,2022-07-12 01:02:36.880,0,train,0.00811984522873536,0
normal,N0491,16399,36,50,2022-07-12 01:02:36.980,0,train,0.0,0
normal,N0491,16400,37,50,2022-07-12 01:02:37.080,0,train,0.0,0
normal,N0491,16401,38,50,2022-07-12 01:02:37.180,0,train,0.0,0
normal,N0491,16402,39,50,2022-07-12 01:02:37.280,0,train,0.002765211292302297,0
normal,N0491,16403,40,50,2022-07-12 01:02:37.380,0,train,0.0,0
normal,N0491,16404,41,50,2022-07-12 01:02:37.480,0,train,0.009328380113654416,0
normal,N0491,16405,42,50,2022-07-12 01:02:37.580,0,train,0.00320968808833257,0
normal,N0491,16406,43,50,2022-07-12 01:02:37.680,0,train,0.0,0
normal,N0491,16407,44,50,2022-07-12 01:02:37.780,0,train,0.0,0
normal,N0491,16408,45,50,2022-07-12 01:02:37.880,0,train,0.0,0
normal,N0491,16409,46,50,2022-07-12 01:02:37.980,0,train,0.0,0
normal,N0491,16410,47,50,2022-07-12 01:02:38.080,0,train,0.0,0
normal,N0491,16411,48,50,2022-07-12 01:02:38.180,0,train,0.0,0
normal,N0491,16412,49,50,2022-07-12 01:02:38.280,0,train,0.0,0
normal,N0493,16472,9,39,2022-07-12 01:02:49.071,0,train,0.0,0
normal,N0493,16473,10,39,2022-07-12 01:02:49.171,0,train,0.0,0
normal,N0493,16474,11,39,2022-07-12 01:02:49.271,0,train,0.0,0
normal,N0493,16475,12,39,2022-07-12 01:02:49.371,0,train,0.0,0
normal,N0493,16476,13,39,2022-07-12 01:02:49.471,0,train,0.0,0
normal,N0493,16477,14,39,2022-07-12 01:02:49.571,0,train,0.0,0
normal,N0493,16478,15,39,2022-07-12 01:02:49.671,0,train,0.0,0
normal,N0493,16479,16,39,2022-07-12 01:02:49.771,0,train,0.06621658344920724,0
normal,N0493,16480,17,39,2022-07-12 01:02:49.871,0,train,0.0,0
normal,N0493,16481,18,39,2022-07-12 01:02:49.971,0,train,0.018608642273807954,0
normal,N0493,16482,19,39,2022-07-12 01:02:50.071,0,train,0.0,0
normal,N0493,16483,20,39,2022-07-12 01:02:50.171,0,train,0.0,0
normal,N0493,16484,21,39,2022-07-12 01:02:50.271,0,train,0.0,0
normal,N0493,16485,22,39,2022-07-12 01:02:50.371,0,train,0.0,0
normal,N0493,16486,23,39,2022-07-12 01:02:50.471,0,train,0.0,0
normal,N0493,16487,24,39,2022-07-12 01:02:50.571,0,train,0.0,0
normal,N0493,16488,25,39,2022-07-12 01:02:50.671,0,train,0.0,0
normal,N0493,16489,26,39,2022-07-12 01:02:50.771,0,train,0.0,0
normal,N0493,16490,27,39,2022-07-12 01:02:50.871,0,train,0.0,0
normal,N0493,16491,28,39,2022-07-12 01:02:50.971,0,train,0.0,0
normal,N0493,16492,29,39,2022-07-12 01:02:51.071,0,train,0.0,0
normal,N0493,16493,30,39,2022-07-12 01:02:51.171,0,train,0.0027832143172000345,0
normal,N0493,16494,31,39,2022-07-12 01:02:51.271,0,train,0.0,0
normal,N0493,16495,32,39,2022-07-12 01:02:51.371,0,train,0.0,0
normal,N0493,16496,33,39,2022-07-12 01:02:51.471,0,train,0.0,0
normal,N0493,16497,34,39,2022-07-12 01:02:51.571,0,train,0.006116015007122995,0
normal,N0493,16498,35,39,2022-07-12 01:02:51.671,0,train,0.006314498632204508,0
normal,N0493,16499,36,39,2022-07-12 01:02:51.771,0,train,0.002981165298871175,0
normal,N0493,16500,37,39,2022-07-12 01:02:51.871,0,train,0.0,0
normal,N0493,16501,38,39,2022-07-12 01:02:51.971,0,train,0.0,0
normal,N0494,16511,9,27,2022-07-12 01:02:57.032,0,train,0.0,0
normal,N0494,16512,10,27,2022-07-12 01:02:57.132,0,train,0.0,0
normal,N0494,16513,11,27,2022-07-12 01:02:57.232,0,train,0.0,0
normal,N0494,16514,12,27,2022-07-12 01:02:57.332,0,train,0.01179597883762299,0
normal,N0494,16515,13,27,2022-07-12 01:02:57.432,0,train,0.0,0
normal,N0494,16516,14,27,2022-07-12 01:02:57.532,0,train,0.0,0
normal,N0494,16517,15,27,2022-07-12 01:02:57.632,0,train,0.0,0
normal,N0494,16518,16,27,2022-07-12 01:02:57.732,0,train,0.0,0
normal,N0494,16519,17,27,2022-07-12 01:02:57.832,0,train,0.0,0
normal,N0494,16520,18,27,2022-07-12 01:02:57.932,0,train,0.0,0
normal,N0494,16521,19,27,2022-07-12 01:02:58.032,0,train,0.0,0
normal,N0494,16522,20,27,2022-07-12 01:02:58.132,0,train,0.0,0
normal,N0494,16523,21,27,2022-07-12 01:02:58.232,0,train,0.0,0
normal,N0494,16524,22,27,2022-07-12 01:02:58.332,0,train,0.0032474846330826554,0
normal,N0494,16525,23,27,2022-07-12 01:02:58.432,0,train,0.0,0
normal,N0494,16526,24,27,2022-07-12 01:02:58.532,0,train,0.0,0
normal,N0494,16527,25,27,2022-07-12 01:02:58.632,0,train,0.00287700404611968,0
normal,N0494,16528,26,27,2022-07-12 01:02:58.732,0,train,0.0,0
normal,N0495,16538,9,15,2022-07-12 01:03:05.094,0,train,0.0,0
normal,N0495,16539,10,15,2022-07-12 01:03:05.194,0,train,0.0,0
normal,N0495,16540,11,15,2022-07-12 01:03:05.294,0,train,0.0,0
normal,N0495,16541,12,15,2022-07-12 01:03:05.394,0,train,0.0,0
normal,N0495,16542,13,15,2022-07-12 01:03:05.494,0,train,0.0,0
normal,N0495,16543,14,15,2022-07-12 01:03:05.594,0,train,0.0,0
normal,N0496,16553,9,13,2022-07-12 01:03:13.128,0,train,0.0,0
normal,N0496,16554,10,13,2022-07-12 01:03:13.228,0,train,0.0,0
normal,N0496,16555,11,13,2022-07-12 01:03:13.328,0,train,0.003171745616681753,0
normal,N0496,16556,12,13,2022-07-12 01:03:13.428,0,train,0.0,0
normal,N0498,16616,9,50,2022-07-12 01:03:30.748,0,train,0.0,0
normal,N0498,16617,10,50,2022-07-12 01:03:30.848,0,train,0.0,0
normal,N0498,16618,11,50,2022-07-12 01:03:30.948,0,train,0.0,0
normal,N0498,16619,12,50,2022-07-12 01:03:31.048,0,train,0.028399552917577148,0
normal,N0498,16620,13,50,2022-07-12 01:03:31.148,0,train,0.07873877155524746,0
normal,N0498,16621,14,50,2022-07-12 01:03:31.248,0,train,0.03835290036473729,0
normal,N0498,16622,15,50,2022-07-12 01:03:31.348,0,train,0.1212143663322344,0
normal,N0498,16623,16,50,2022-07-12 01:03:31.448,0,train,0.0120335208620737,0
normal,N0498,16624,17,50,2022-07-12 01:03:31.548,0,train,0.0090763664825661,0
normal,N0498,16625,18,50,2022-07-12 01:03:31.648,0,train,0.003136981988699441,0
normal,N0498,16626,19,50,2022-07-12 01:03:31.748,0,train,0.01872768416300716,0
normal,N0498,16627,20,50,2022-07-12 01:03:31.848,0,train,0.0,0
normal,N0498,16628,21,50,2022-07-12 01:03:31.948,0,train,0.0,0
normal,N0498,16629,22,50,2022-07-12 01:03:32.048,0,train,0.0,0
normal,N0498,16630,23,50,2022-07-12 01:03:32.148,0,train,0.0,0
normal,N0498,16631,24,50,2022-07-12 01:03:32.248,0,train,0.0,0
normal,N0498,16632,25,50,2022-07-12 01:03:32.348,0,train,0.0,0
normal,N0498,16633,26,50,2022-07-12 01:03:32.448,0,train,0.0,0
normal,N0498,16634,27,50,2022-07-12 01:03:32.548,0,train,0.0,0
normal,N0498,16635,28,50,2022-07-12 01:03:32.648,0,train,0.0,0
normal,N0498,16636,29,50,2022-07-12 01:03:32.748,0,train,0.0,0
normal,N0498,16637,30,50,2022-07-12 01:03:32.848,0,train,0.003173724977366462,0
normal,N0498,16638,31,50,2022-07-12 01:03:32.948,0,train,0.006221091328067367,0
normal,N0498,16639,32,50,2022-07-12 01:03:33.048,0,train,0.00584733326316148,0
normal,N0498,16640,33,50,2022-07-12 01:03:33.148,0,train,0.0,0
normal,N0498,16641,34,50,2022-07-12 01:03:33.248,0,train,0.0031328578537070826,0
normal,N0498,16642,35,50,2022-07-12 01:03:33.348,0,train,0.0,0
normal,N0498,16643,36,50,2022-07-12 01:03:33.448,0,train,0.0,0
normal,N0498,16644,37,50,2022-07-12 01:03:33.548,0,train,0.0,0
normal,N0498,16645,38,50,2022-07-12 01:03:33.648,0,train,0.0,0
normal,N0498,16646,39,50,2022-07-12 01:03:33.748,0,train,0.0,0
normal,N0498,16647,40,50,2022-07-12 01:03:33.848,0,train,0.0,0
normal,N0498,16648,41,50,2022-07-12 01:03:33.948,0,train,0.0,0
normal,N0498,16649,42,50,2022-07-12 01:03:34.048,0,train,0.0,0
normal,N0498,16650,43,50,2022-07-12 01:03:34.148,0,train,0.0,0
normal,N0498,16651,44,50,2022-07-12 01:03:34.248,0,train,0.0,0
normal,N0498,16652,45,50,2022-07-12 01:03:34.348,0,train,0.0,0
normal,N0498,16653,46,50,2022-07-12 01:03:34.448,0,train,0.0,0
normal,N0498,16654,47,50,2022-07-12 01:03:34.548,0,train,0.003321765215593647,0
normal,N0498,16655,48,50,2022-07-12 01:03:34.648,0,train,0.00331977987311157,0
normal,N0498,16656,49,50,2022-07-12 01:03:34.748,0,train,0.0027992910943730616,0
normal,N0499,16666,9,50,2022-07-12 01:03:37.402,0,train,0.0,0
normal,N0499,16667,10,50,2022-07-12 01:03:37.502,0,train,0.0,0
normal,N0499,16668,11,50,2022-07-12 01:03:37.602,0,train,0.0,0
normal,N0499,16669,12,50,2022-07-12 01:03:37.702,0,train,0.0,0
normal,N0499,16670,13,50,2022-07-12 01:03:37.802,0,train,0.0,0
normal,N0499,16671,14,50,2022-07-12 01:03:37.902,0,train,0.0,0
normal,N0499,16672,15,50,2022-07-12 01:03:38.002,0,train,0.0,0
normal,N0499,16673,16,50,2022-07-12 01:03:38.102,0,train,0.0,0
normal,N0499,16674,17,50,2022-07-12 01:03:38.202,0,train,0.0,0
normal,N0499,16675,18,50,2022-07-12 01:03:38.302,0,train,0.0,0
normal,N0499,16676,19,50,2022-07-12 01:03:38.402,0,train,0.0,0
normal,N0499,16677,20,50,2022-07-12 01:03:38.502,0,train,0.0,0
normal,N0499,16678,21,50,2022-07-12 01:03:38.602,0,train,0.0,0
normal,N0499,16679,22,50,2022-07-12 01:03:38.702,0,train,0.0,0
normal,N0499,16680,23,50,2022-07-12 01:03:38.802,0,train,0.0,0
normal,N0499,16681,24,50,2022-07-12 01:03:38.902,0,train,0.0,0
normal,N0499,16682,25,50,2022-07-12 01:03:39.002,0,train,0.0,0
normal,N0499,16683,26,50,2022-07-12 01:03:39.102,0,train,0.0,0
normal,N0499,16684,27,50,2022-07-12 01:03:39.202,0,train,0.0,0
normal,N0499,16685,28,50,2022-07-12 01:03:39.302,0,train,0.0,0
normal,N0499,16686,29,50,2022-07-12 01:03:39.402,0,train,0.0,0
normal,N0499,16687,30,50,2022-07-12 01:03:39.502,0,train,0.0,0
normal,N0499,16688,31,50,2022-07-12 01:03:39.602,0,train,0.0,0
normal,N0499,16689,32,50,2022-07-12 01:03:39.702,0,train,0.0,0
normal,N0499,16690,33,50,2022-07-12 01:03:39.802,0,train,0.0,0
normal,N0499,16691,34,50,2022-07-12 01:03:39.902,0,train,0.0,0
normal,N0499,16692,35,50,2022-07-12 01:03:40.002,0,train,0.0,0
normal,N0499,16693,36,50,2022-07-12 01:03:40.102,0,train,0.0,0
normal,N0499,16694,37,50,2022-07-12 01:03:40.202,0,train,0.0,0
normal,N0499,16695,38,50,2022-07-12 01:03:40.302,0,train,0.0,0
normal,N0499,16696,39,50,2022-07-12 01:03:40.402,0,train,0.0,0
normal,N0499,16697,40,50,2022-07-12 01:03:40.502,0,train,0.0,0
normal,N0499,16698,41,50,2022-07-12 01:03:40.602,0,train,0.0,0
normal,N0499,16699,42,50,2022-07-12 01:03:40.702,0,train,0.0,0
normal,N0499,16700,43,50,2022-07-12 01:03:40.802,0,train,0.0,0
normal,N0499,16701,44,50,2022-07-12 01:03:40.902,0,train,0.0,0
normal,N0499,16702,45,50,2022-07-12 01:03:41.002,0,train,0.0,0
normal,N0499,16703,46,50,2022-07-12 01:03:41.102,0,train,0.0,0
normal,N0499,16704,47,50,2022-07-12 01:03:41.202,0,train,0.0,0
normal,N0499,16705,48,50,2022-07-12 01:03:41.302,0,train,0.009381389337011653,0
normal,N0499,16706,49,50,2022-07-12 01:03:41.402,0,train,0.0,0
normal,N0500,16716,9,37,2022-07-12 01:03:45.360,0,train,0.0,0
normal,N0500,16717,10,37,2022-07-12 01:03:45.460,0,train,0.0,0
normal,N0500,16718,11,37,2022-07-12 01:03:45.560,0,train,0.0,0
normal,N0500,16719,12,37,2022-07-12 01:03:45.660,0,train,0.0,0
normal,N0500,16720,13,37,2022-07-12 01:03:45.760,0,train,0.0,0
normal,N0500,16721,14,37,2022-07-12 01:03:45.860,0,train,0.0,0
normal,N0500,16722,15,37,2022-07-12 01:03:45.960,0,train,0.0,0
normal,N0500,16723,16,37,2022-07-12 01:03:46.060,0,train,0.0,0
normal,N0500,16724,17,37,2022-07-12 01:03:46.160,0,train,0.0,0
normal,N0500,16725,18,37,2022-07-12 01:03:46.260,0,train,0.0,0
normal,N0500,16726,19,37,2022-07-12 01:03:46.360,0,train,0.0,0
normal,N0500,16727,20,37,2022-07-12 01:03:46.460,0,train,0.0,0
normal,N0500,16728,21,37,2022-07-12 01:03:46.560,0,train,0.0,0
normal,N0500,16729,22,37,2022-07-12 01:03:46.660,0,train,0.006584618249900592,0
normal,N0500,16730,23,37,2022-07-12 01:03:46.760,0,train,0.0,0
normal,N0500,16731,24,37,2022-07-12 01:03:46.860,0,train,0.0,0
normal,N0500,16732,25,37,2022-07-12 01:03:46.960,0,train,0.0,0
normal,N0500,16733,26,37,2022-07-12 01:03:47.060,0,train,0.0,0
normal,N0500,16734,27,37,2022-07-12 01:03:47.160,0,train,0.0,0
normal,N0500,16735,28,37,2022-07-12 01:03:47.260,0,train,0.0,0
normal,N0500,16736,29,37,2022-07-12 01:03:47.360,0,train,0.0,0
normal,N0500,16737,30,37,2022-07-12 01:03:47.460,0,train,0.0,0
normal,N0500,16738,31,37,2022-07-12 01:03:47.560,0,train,0.0,0
normal,N0500,16739,32,37,2022-07-12 01:03:47.660,0,train,0.0,0
normal,N0500,16740,33,37,2022-07-12 01:03:47.760,0,train,0.0,0
normal,N0500,16741,34,37,2022-07-12 01:03:47.860,0,train,0.0,0
normal,N0500,16742,35,37,2022-07-12 01:03:47.960,0,train,0.0,0
normal,N0500,16743,36,37,2022-07-12 01:03:48.060,0,train,0.0,0
normal,N0501,16753,9,24,2022-07-12 01:03:53.300,0,train,0.0,0
normal,N0501,16754,10,24,2022-07-12 01:03:53.400,0,train,0.0,0
normal,N0501,16755,11,24,2022-07-12 01:03:53.500,0,train,0.0,0
normal,N0501,16756,12,24,2022-07-12 01:03:53.600,0,train,0.0,0
normal,N0501,16757,13,24,2022-07-12 01:03:53.700,0,train,0.0,0
normal,N0501,16758,14,24,2022-07-12 01:03:53.800,0,train,0.0029710144927536236,0
normal,N0501,16759,15,24,2022-07-12 01:03:53.900,0,train,0.005864061640066043,0
normal,N0501,16760,16,24,2022-07-12 01:03:54.000,0,train,0.0,0
normal,N0501,16761,17,24,2022-07-12 01:03:54.100,0,train,0.0,0
normal,N0501,16762,18,24,2022-07-12 01:03:54.200,0,train,0.0,0
normal,N0501,16763,19,24,2022-07-12 01:03:54.300,0,train,0.0058700453988704245,0
normal,N0501,16764,20,24,2022-07-12 01:03:54.400,0,train,0.0030013280212483405,0
normal,N0501,16765,21,24,2022-07-12 01:03:54.500,0,train,0.0,0
normal,N0501,16766,22,24,2022-07-12 01:03:54.600,0,train,0.040300102646551476,0
normal,N0501,16767,23,24,2022-07-12 01:03:54.700,0,train,0.0,0
normal,N0503,16788,9,13,2022-07-12 01:04:09.160,0,train,0.0,0
normal,N0503,16789,10,13,2022-07-12 01:04:09.260,0,train,0.0,0
normal,N0503,16790,11,13,2022-07-12 01:04:09.360,0,train,0.0,0
normal,N0503,16791,12,13,2022-07-12 01:04:09.460,0,train,0.0,0
normal,N0504,16801,9,50,2022-07-12 01:04:18.755,0,train,0.0,0
normal,N0504,16802,10,50,2022-07-12 01:04:18.855,0,train,0.0,0
normal,N0504,16803,11,50,2022-07-12 01:04:18.955,0,train,0.0,0
normal,N0504,16804,12,50,2022-07-12 01:04:19.055,0,train,0.0,0
normal,N0504,16805,13,50,2022-07-12 01:04:19.155,0,train,0.0,0
normal,N0504,16806,14,50,2022-07-12 01:04:19.255,0,train,0.0,0
normal,N0504,16807,15,50,2022-07-12 01:04:19.355,0,train,0.003176407470744056,0
normal,N0504,16808,16,50,2022-07-12 01:04:19.455,0,train,0.0,0
normal,N0504,16809,17,50,2022-07-12 01:04:19.555,0,train,0.0,0
normal,N0504,16810,18,50,2022-07-12 01:04:19.655,0,train,0.0,0
normal,N0504,16811,19,50,2022-07-12 01:04:19.755,0,train,0.005797671470025554,0
normal,N0504,16812,20,50,2022-07-12 01:04:19.855,0,train,0.0,0
normal,N0504,16813,21,50,2022-07-12 01:04:19.955,0,train,0.0,0
normal,N0504,16814,22,50,2022-07-12 01:04:20.055,0,train,0.0,0
normal,N0504,16815,23,50,2022-07-12 01:04:20.155,0,train,0.0,0
normal,N0504,16816,24,50,2022-07-12 01:04:20.255,0,train,0.0,0
normal,N0504,16817,25,50,2022-07-12 01:04:20.355,0,train,0.003278864462523801,0
normal,N0504,16818,26,50,2022-07-12 01:04:20.455,0,train,0.0,0
normal,N0504,16819,27,50,2022-07-12 01:04:20.555,0,train,0.0,0
normal,N0504,16820,28,50,2022-07-12 01:04:20.655,0,train,0.0,0
normal,N0504,16821,29,50,2022-07-12 01:04:20.755,0,train,0.0,0
normal,N0504,16822,30,50,2022-07-12 01:04:20.855,0,train,0.0,0
normal,N0504,16823,31,50,2022-07-12 01:04:20.955,0,train,0.0,0
normal,N0504,16824,32,50,2022-07-12 01:04:21.055,0,train,0.002811022919825203,0
normal,N0504,16825,33,50,2022-07-12 01:04:21.155,0,train,0.002888359885246902,0
normal,N0504,16826,34,50,2022-07-12 01:04:21.255,0,train,0.0,0
normal,N0504,16827,35,50,2022-07-12 01:04:21.355,0,train,0.0,0
normal,N0504,16828,36,50,2022-07-12 01:04:21.455,0,train,0.0,0
normal,N0504,16829,37,50,2022-07-12 01:04:21.555,0,train,0.002656899068148647,0
normal,N0504,16830,38,50,2022-07-12 01:04:21.655,0,train,0.0,0
normal,N0504,16831,39,50,2022-07-12 01:04:21.755,0,train,0.0,0
normal,N0504,16832,40,50,2022-07-12 01:04:21.855,0,train,0.01249834967763538,0
normal,N0504,16833,41,50,2022-07-12 01:04:21.955,0,train,0.00311046033365141,0
normal,N0504,16834,42,50,2022-07-12 01:04:22.055,0,train,0.0,0
normal,N0504,16835,43,50,2022-07-12 01:04:22.155,0,train,0.0,0
normal,N0504,16836,44,50,2022-07-12 01:04:22.255,0,train,0.006234938186125136,0
normal,N0504,16837,45,50,2022-07-12 01:04:22.355,0,train,0.0,0
normal,N0504,16838,46,50,2022-07-12 01:04:22.455,0,train,0.0,0
normal,N0504,16839,47,50,2022-07-12 01:04:22.555,0,train,0.006234938186125136,0
normal,N0504,16840,48,50,2022-07-12 01:04:22.655,0,train,0.0,0
normal,N0504,16841,49,50,2022-07-12 01:04:22.755,0,train,0.0,0
normal,N0505,16851,9,50,2022-07-12 01:04:25.709,0,train,0.0,0
normal,N0505,16852,10,50,2022-07-12 01:04:25.809,0,train,0.0,0
normal,N0505,16853,11,50,2022-07-12 01:04:25.909,0,train,0.0,0
normal,N0505,16854,12,50,2022-07-12 01:04:26.009,0,train,0.0,0
normal,N0505,16855,13,50,2022-07-12 01:04:26.109,0,train,0.0,0
normal,N0505,16856,14,50,2022-07-12 01:04:26.209,0,train,0.0,0
normal,N0505,16857,15,50,2022-07-12 01:04:26.309,0,train,0.0,0
normal,N0505,16858,16,50,2022-07-12 01:04:26.409,0,train,0.0,0
normal,N0505,16859,17,50,2022-07-12 01:04:26.509,0,train,0.0,0
normal,N0505,16860,18,50,2022-07-12 01:04:26.609,0,train,0.0,0
normal,N0505,16861,19,50,2022-07-12 01:04:26.709,0,train,0.0,0
normal,N0505,16862,20,50,2022-07-12 01:04:26.809,0,train,0.0033333333333333335,0
normal,N0505,16863,21,50,2022-07-12 01:04:26.909,0,train,0.0,0
normal,N0505,16864,22,50,2022-07-12 01:04:27.009,0,train,0.08275443345490706,0
normal,N0505,16865,23,50,2022-07-12 01:04:27.109,0,train,0.0,0
normal,N0505,16866,24,50,2022-07-12 01:04:27.209,0,train,0.0,0
normal,N0505,16867,25,50,2022-07-12 01:04:27.309,0,train,0.0,0
normal,N0505,16868,26,50,2022-07-12 01:04:27.409,0,train,0.0,0
normal,N0505,16869,27,50,2022-07-12 01:04:27.509,0,train,0.0,0
normal,N0505,16870,28,50,2022-07-12 01:04:27.609,0,train,0.0,0
normal,N0505,16871,29,50,2022-07-12 01:04:27.709,0,train,0.0,0
normal,N0505,16872,30,50,2022-07-12 01:04:27.809,0,train,0.0028752205390278032,0
normal,N0505,16873,31,50,2022-07-12 01:04:27.909,0,train,0.0,0
normal,N0505,16874,32,50,2022-07-12 01:04:28.009,0,train,0.0,0
normal,N0505,16875,33,50,2022-07-12 01:04:28.109,0,train,0.0,0
normal,N0505,16876,34,50,2022-07-12 01:04:28.209,0,train,0.0,0
normal,N0505,16877,35,50,2022-07-12 01:04:28.309,0,train,0.0,0
normal,N0505,16878,36,50,2022-07-12 01:04:28.409,0,train,0.0,0
normal,N0505,16879,37,50,2022-07-12 01:04:28.509,0,train,0.009310519413993018,0
normal,N0505,16880,38,50,2022-07-12 01:04:28.609,0,train,0.002633202701575919,0
normal,N0505,16881,39,50,2022-07-12 01:04:28.709,0,train,0.009306307051298347,0
normal,N0505,16882,40,50,2022-07-12 01:04:28.809,0,train,0.0,0
normal,N0505,16883,41,50,2022-07-12 01:04:28.909,0,train,0.0,0
normal,N0505,16884,42,50,2022-07-12 01:04:29.009,0,train,0.0,0
normal,N0505,16885,43,50,2022-07-12 01:04:29.109,0,train,0.0,0
normal,N0505,16886,44,50,2022-07-12 01:04:29.209,0,train,0.0,0
normal,N0505,16887,45,50,2022-07-12 01:04:29.309,0,train,0.0,0
normal,N0505,16888,46,50,2022-07-12 01:04:29.409,0,train,0.0,0
normal,N0505,16889,47,50,2022-07-12 01:04:29.509,0,train,0.0,0
normal,N0505,16890,48,50,2022-07-12 01:04:29.609,0,train,0.0,0
normal,N0505,16891,49,50,2022-07-12 01:04:29.709,0,train,0.0,0
normal,N0506,16901,9,38,2022-07-12 01:04:33.399,0,train,0.0,0
normal,N0506,16902,10,38,2022-07-12 01:04:33.499,0,train,0.0,0
normal,N0506,16903,11,38,2022-07-12 01:04:33.599,0,train,0.0,0
normal,N0506,16904,12,38,2022-07-12 01:04:33.699,0,train,0.0,0
normal,N0506,16905,13,38,2022-07-12 01:04:33.799,0,train,0.0030948174322732625,0
normal,N0506,16906,14,38,2022-07-12 01:04:33.899,0,train,0.0,0
normal,N0506,16907,15,38,2022-07-12 01:04:33.999,0,train,0.0030013280212483405,0
normal,N0506,16908,16,38,2022-07-12 01:04:34.099,0,train,0.0030418311984333367,0
normal,N0506,16909,17,38,2022-07-12 01:04:34.199,0,train,0.006057583606392906,0
normal,N0506,16910,18,38,2022-07-12 01:04:34.299,0,train,0.0,0
normal,N0506,16911,19,38,2022-07-12 01:04:34.399,0,train,0.0,0
normal,N0506,16912,20,38,2022-07-12 01:04:34.499,0,train,0.0,0
normal,N0506,16913,21,38,2022-07-12 01:04:34.599,0,train,0.0,0
normal,N0506,16914,22,38,2022-07-12 01:04:34.699,0,train,0.0,0
normal,N0506,16915,23,38,2022-07-12 01:04:34.799,0,train,0.0,0
normal,N0506,16916,24,38,2022-07-12 01:04:34.899,0,train,0.005864061640066043,0
normal,N0506,16917,25,38,2022-07-12 01:04:34.999,0,train,0.0,0
normal,N0506,16918,26,38,2022-07-12 01:04:35.099,0,train,0.0,0
normal,N0506,16919,27,38,2022-07-12 01:04:35.199,0,train,0.0,0
normal,N0506,16920,28,38,2022-07-12 01:04:35.299,0,train,0.0,0
normal,N0506,16921,29,38,2022-07-12 01:04:35.399,0,train,0.0,0
normal,N0506,16922,30,38,2022-07-12 01:04:35.499,0,train,0.0,0
normal,N0506,16923,31,38,2022-07-12 01:04:35.599,0,train,0.0,0
normal,N0506,16924,32,38,2022-07-12 01:04:35.699,0,train,0.009724739757972245,0
normal,N0506,16925,33,38,2022-07-12 01:04:35.799,0,train,0.0,0
normal,N0506,16926,34,38,2022-07-12 01:04:35.899,0,train,0.0,0
normal,N0506,16927,35,38,2022-07-12 01:04:35.999,0,train,0.0,0
normal,N0506,16928,36,38,2022-07-12 01:04:36.099,0,train,0.0,0
normal,N0506,16929,37,38,2022-07-12 01:04:36.199,0,train,0.0,0
normal,N0508,16966,9,13,2022-07-12 01:04:49.414,0,train,0.0,0
normal,N0508,16967,10,13,2022-07-12 01:04:49.514,0,train,0.0,0
normal,N0508,16968,11,13,2022-07-12 01:04:49.614,0,train,0.0,0
normal,N0508,16969,12,13,2022-07-12 01:04:49.714,0,train,0.0,0
normal,N0509,16979,9,50,2022-07-12 01:04:59.156,0,train,0.0,0
normal,N0509,16980,10,50,2022-07-12 01:04:59.256,0,train,0.0,0
normal,N0509,16981,11,50,2022-07-12 01:04:59.356,0,train,0.003276066094858041,0
normal,N0509,16982,12,50,2022-07-12 01:04:59.456,0,train,0.012112124375637337,0
normal,N0509,16983,13,50,2022-07-12 01:04:59.556,0,train,0.0,0
normal,N0509,16984,14,50,2022-07-12 01:04:59.656,0,train,0.0,0
normal,N0509,16985,15,50,2022-07-12 01:04:59.756,0,train,0.0,0
normal,N0509,16986,16,50,2022-07-12 01:04:59.856,0,train,0.0,0
normal,N0509,16987,17,50,2022-07-12 01:04:59.956,0,train,0.0,0
normal,N0509,16988,18,50,2022-07-12 01:05:00.056,0,train,0.0,0
normal,N0509,16989,19,50,2022-07-12 01:05:00.156,0,train,0.006184603950491883,0
normal,N0509,16990,20,50,2022-07-12 01:05:00.256,0,train,0.006512075303170841,0
normal,N0509,16991,21,50,2022-07-12 01:05:00.356,0,train,0.003130595965112623,0
normal,N0509,16992,22,50,2022-07-12 01:05:00.456,0,train,0.009733168525630463,0
normal,N0509,16993,23,50,2022-07-12 01:05:00.556,0,train,0.06238042249652845,0
normal,N0509,16994,24,50,2022-07-12 01:05:00.656,0,train,0.00648194038313158,0
normal,N0509,16995,25,50,2022-07-12 01:05:00.756,0,train,0.0033333333333333335,0
normal,N0509,16996,26,50,2022-07-12 01:05:00.856,0,train,0.022619969372988966,0
normal,N0509,16997,27,50,2022-07-12 01:05:00.956,0,train,0.0,0
normal,N0509,16998,28,50,2022-07-12 01:05:01.056,0,train,0.0028564969707930194,0
normal,N0509,16999,29,50,2022-07-12 01:05:01.156,0,train,0.0,0
normal,N0509,17000,30,50,2022-07-12 01:05:01.256,0,train,0.0,0
normal,N0509,17001,31,50,2022-07-12 01:05:01.356,0,train,0.0,0
normal,N0509,17002,32,50,2022-07-12 01:05:01.456,0,train,0.0,0
normal,N0509,17003,33,50,2022-07-12 01:05:01.556,0,train,0.0,0
normal,N0509,17004,34,50,2022-07-12 01:05:01.656,0,train,0.0,0
normal,N0509,17005,35,50,2022-07-12 01:05:01.756,0,train,0.0,0
normal,N0509,17006,36,50,2022-07-12 01:05:01.856,0,train,0.006508482309784228,0
normal,N0509,17007,37,50,2022-07-12 01:05:01.956,0,train,0.0,0
normal,N0509,17008,38,50,2022-07-12 01:05:02.056,0,train,0.0,0
normal,N0509,17009,39,50,2022-07-12 01:05:02.156,0,train,0.0,0
normal,N0509,17010,40,50,2022-07-12 01:05:02.256,0,train,0.0,0
normal,N0509,17011,41,50,2022-07-12 01:05:02.356,0,train,0.0,0
normal,N0509,17012,42,50,2022-07-12 01:05:02.456,0,train,0.0,0
normal,N0509,17013,43,50,2022-07-12 01:05:02.556,0,train,0.0,0
normal,N0509,17014,44,50,2022-07-12 01:05:02.656,0,train,0.0,0
normal,N0509,17015,45,50,2022-07-12 01:05:02.756,0,train,0.0,0
normal,N0509,17016,46,50,2022-07-12 01:05:02.856,0,train,0.0,0
normal,N0509,17017,47,50,2022-07-12 01:05:02.956,0,train,0.0,0
normal,N0509,17018,48,50,2022-07-12 01:05:03.056,0,train,0.0,0
normal,N0509,17019,49,50,2022-07-12 01:05:03.156,0,train,0.0,0
normal,N0510,17029,9,50,2022-07-12 01:05:05.744,0,train,0.0,0
normal,N0510,17030,10,50,2022-07-12 01:05:05.844,0,train,0.0,0
normal,N0510,17031,11,50,2022-07-12 01:05:05.944,0,train,0.0,0
normal,N0510,17032,12,50,2022-07-12 01:05:06.044,0,train,0.0,0
normal,N0510,17033,13,50,2022-07-12 01:05:06.144,0,train,0.0032138997083834666,0
normal,N0510,17034,14,50,2022-07-12 01:05:06.244,0,train,0.0,0
normal,N0510,17035,15,50,2022-07-12 01:05:06.344,0,train,0.0,0
normal,N0510,17036,16,50,2022-07-12 01:05:06.444,0,train,0.0,0
normal,N0510,17037,17,50,2022-07-12 01:05:06.544,0,train,0.0,0
normal,N0510,17038,18,50,2022-07-12 01:05:06.644,0,train,0.0,0
normal,N0510,17039,19,50,2022-07-12 01:05:06.744,0,train,0.0,0
normal,N0510,17040,20,50,2022-07-12 01:05:06.844,0,train,0.0,0
normal,N0510,17041,21,50,2022-07-12 01:05:06.944,0,train,0.009739000828175878,0
normal,N0510,17042,22,50,2022-07-12 01:05:07.044,0,train,0.0,0
normal,N0510,17043,23,50,2022-07-12 01:05:07.144,0,train,0.0030335927242450436,0
normal,N0510,17044,24,50,2022-07-12 01:05:07.244,0,train,0.0030335927242450436,0
normal,N0510,17045,25,50,2022-07-12 01:05:07.344,0,train,0.006301767410319347,0
normal,N0510,17046,26,50,2022-07-12 01:05:07.444,0,train,0.0,0
normal,N0510,17047,27,50,2022-07-12 01:05:07.544,0,train,0.0,0
normal,N0510,17048,28,50,2022-07-12 01:05:07.644,0,train,0.0,0
normal,N0510,17049,29,50,2022-07-12 01:05:07.744,0,train,0.028237648060307173,0
normal,N0510,17050,30,50,2022-07-12 01:05:07.844,0,train,0.0,0
normal,N0510,17051,31,50,2022-07-12 01:05:07.944,0,train,0.0,0
normal,N0510,17052,32,50,2022-07-12 01:05:08.044,0,train,0.0,0
normal,N0510,17053,33,50,2022-07-12 01:05:08.144,0,train,0.0,0
normal,N0510,17054,34,50,2022-07-12 01:05:08.244,0,train,0.0,0
normal,N0510,17055,35,50,2022-07-12 01:05:08.344,0,train,0.0,0
normal,N0510,17056,36,50,2022-07-12 01:05:08.444,0,train,0.0,0
normal,N0510,17057,37,50,2022-07-12 01:05:08.544,0,train,0.0,0
normal,N0510,17058,38,50,2022-07-12 01:05:08.644,0,train,0.0,0
normal,N0510,17059,39,50,2022-07-12 01:05:08.744,0,train,0.0,0
normal,N0510,17060,40,50,2022-07-12 01:05:08.844,0,train,0.0,0
normal,N0510,17061,41,50,2022-07-12 01:05:08.944,0,train,0.0,0
normal,N0510,17062,42,50,2022-07-12 01:05:09.044,0,train,0.0,0
normal,N0510,17063,43,50,2022-07-12 01:05:09.144,0,train,0.0,0
normal,N0510,17064,44,50,2022-07-12 01:05:09.244,0,train,0.0,0
normal,N0510,17065,45,50,2022-07-12 01:05:09.344,0,train,0.0,0
normal,N0510,17066,46,50,2022-07-12 01:05:09.444,0,train,0.0,0
normal,N0510,17067,47,50,2022-07-12 01:05:09.544,0,train,0.0,0
normal,N0510,17068,48,50,2022-07-12 01:05:09.644,0,train,0.0,0
normal,N0510,17069,49,50,2022-07-12 01:05:09.744,0,train,0.0,0
normal,N0511,17079,9,38,2022-07-12 01:05:13.640,0,train,0.06687353869270085,0
normal,N0511,17080,10,38,2022-07-12 01:05:13.740,0,train,0.056466905918319425,0
normal,N0511,17081,11,38,2022-07-12 01:05:13.840,0,train,0.05801446459679589,0
normal,N0511,17082,12,38,2022-07-12 01:05:13.940,0,train,0.03837871629428688,0
normal,N0511,17083,13,38,2022-07-12 01:05:14.040,0,train,0.06621067538361035,0
normal,N0511,17084,14,38,2022-07-12 01:05:14.140,0,train,0.07580880327562477,0
normal,N0511,17085,15,38,2022-07-12 01:05:14.240,0,train,0.11064789687352038,0
normal,N0511,17086,16,38,2022-07-12 01:05:14.340,0,train,0.04438476868557348,0
normal,N0511,17087,17,38,2022-07-12 01:05:14.440,0,train,0.03699499343149974,0
normal,N0511,17088,18,38,2022-07-12 01:05:14.540,0,train,0.04079618126951471,0
normal,N0511,17089,19,38,2022-07-12 01:05:14.640,0,train,0.04385978787169776,0
normal,N0511,17090,20,38,2022-07-12 01:05:14.740,0,train,0.037607068112532574,0
normal,N0511,17091,21,38,2022-07-12 01:05:14.840,0,train,0.07328515837451424,0
normal,N0511,17092,22,38,2022-07-12 01:05:14.940,0,train,0.015257906895760833,0
normal,N0511,17093,23,38,2022-07-12 01:05:15.040,0,train,0.0060771600212652654,0
normal,N0511,17094,24,38,2022-07-12 01:05:15.140,0,train,0.0,0
normal,N0511,17095,25,38,2022-07-12 01:05:15.240,0,train,0.0,0
normal,N0511,17096,26,38,2022-07-12 01:05:15.340,0,train,0.0,0
normal,N0511,17097,27,38,2022-07-12 01:05:15.440,0,train,0.0,0
normal,N0511,17098,28,38,2022-07-12 01:05:15.540,0,train,0.0,0
normal,N0511,17099,29,38,2022-07-12 01:05:15.640,0,train,0.0,0
normal,N0511,17100,30,38,2022-07-12 01:05:15.740,0,train,0.0,0
normal,N0511,17101,31,38,2022-07-12 01:05:15.840,0,train,0.0,0
normal,N0511,17102,32,38,2022-07-12 01:05:15.940,0,train,0.002941359464924561,0
normal,N0511,17103,33,38,2022-07-12 01:05:16.040,0,train,0.0,0
normal,N0511,17104,34,38,2022-07-12 01:05:16.140,0,train,0.0,0
normal,N0511,17105,35,38,2022-07-12 01:05:16.240,0,train,0.0,0
normal,N0511,17106,36,38,2022-07-12 01:05:16.340,0,train,0.0,0
normal,N0511,17107,37,38,2022-07-12 01:05:16.440,0,train,0.0,0
normal,N0513,17143,9,13,2022-07-12 01:05:29.640,0,train,0.0,0
normal,N0513,17144,10,13,2022-07-12 01:05:29.740,0,train,0.0,0
normal,N0513,17145,11,13,2022-07-12 01:05:29.840,0,train,0.0,0
normal,N0513,17146,12,13,2022-07-12 01:05:29.940,0,train,0.0,0
normal,N0514,17156,9,50,2022-07-12 01:05:46.104,0,train,0.0,0
normal,N0514,17157,10,50,2022-07-12 01:05:46.204,0,train,0.0,0
normal,N0514,17158,11,50,2022-07-12 01:05:46.304,0,train,0.0,0
normal,N0514,17159,12,50,2022-07-12 01:05:46.404,0,train,0.0,0
normal,N0514,17160,13,50,2022-07-12 01:05:46.504,0,train,0.0,0
normal,N0514,17161,14,50,2022-07-12 01:05:46.604,0,train,0.0,0
normal,N0514,17162,15,50,2022-07-12 01:05:46.704,0,train,0.0,0
normal,N0514,17163,16,50,2022-07-12 01:05:46.804,0,train,0.038988811699015545,0
normal,N0514,17164,17,50,2022-07-12 01:05:46.904,0,train,0.0,0
normal,N0514,17165,18,50,2022-07-12 01:05:47.004,0,train,0.0,0
normal,N0514,17166,19,50,2022-07-12 01:05:47.104,0,train,0.0,0
normal,N0514,17167,20,50,2022-07-12 01:05:47.204,0,train,0.0,0
normal,N0514,17168,21,50,2022-07-12 01:05:47.304,0,train,0.0,0
normal,N0514,17169,22,50,2022-07-12 01:05:47.404,0,train,0.0,0
normal,N0514,17170,23,50,2022-07-12 01:05:47.504,0,train,0.002944423768763181,0
normal,N0514,17171,24,50,2022-07-12 01:05:47.604,0,train,0.0031514064031633684,0
normal,N0514,17172,25,50,2022-07-12 01:05:47.704,0,train,0.0,0
normal,N0514,17173,26,50,2022-07-12 01:05:47.804,0,train,0.0028947207438673765,0
normal,N0514,17174,27,50,2022-07-12 01:05:47.904,0,train,0.0,0
normal,N0514,17175,28,50,2022-07-12 01:05:48.004,0,train,0.0,0
normal,N0514,17176,29,50,2022-07-12 01:05:48.104,0,train,0.0,0
normal,N0514,17177,30,50,2022-07-12 01:05:48.204,0,train,0.0,0
normal,N0514,17178,31,50,2022-07-12 01:05:48.304,0,train,0.0,0
normal,N0514,17179,32,50,2022-07-12 01:05:48.404,0,train,0.0,0
normal,N0514,17180,33,50,2022-07-12 01:05:48.504,0,train,0.0,0
normal,N0514,17181,34,50,2022-07-12 01:05:48.604,0,train,0.0,0
normal,N0514,17182,35,50,2022-07-12 01:05:48.704,0,train,0.0,0
normal,N0514,17183,36,50,2022-07-12 01:05:48.804,0,train,0.0,0
normal,N0514,17184,37,50,2022-07-12 01:05:48.904,0,train,0.0,0
normal,N0514,17185,38,50,2022-07-12 01:05:49.004,0,train,0.0,0
normal,N0514,17186,39,50,2022-07-12 01:05:49.104,0,train,0.0,0
normal,N0514,17187,40,50,2022-07-12 01:05:49.204,0,train,0.0,0
normal,N0514,17188,41,50,2022-07-12 01:05:49.304,0,train,0.0,0
normal,N0514,17189,42,50,2022-07-12 01:05:49.404,0,train,0.0,0
normal,N0514,17190,43,50,2022-07-12 01:05:49.504,0,train,0.0032512281424988835,0
normal,N0514,17191,44,50,2022-07-12 01:05:49.604,0,train,0.006543525134326392,0
normal,N0514,17192,45,50,2022-07-12 01:05:49.704,0,train,0.0,0
normal,N0514,17193,46,50,2022-07-12 01:05:49.804,0,train,0.0031328578537070826,0
normal,N0514,17194,47,50,2022-07-12 01:05:49.904,0,train,0.0032512281424988835,0
normal,N0514,17195,48,50,2022-07-12 01:05:50.004,0,train,0.0,0
normal,N0514,17196,49,50,2022-07-12 01:05:50.104,0,train,0.0,0
normal,N0515,17206,9,50,2022-07-12 01:05:54.130,0,train,0.0,0
normal,N0515,17207,10,50,2022-07-12 01:05:54.230,0,train,0.0,0
normal,N0515,17208,11,50,2022-07-12 01:05:54.330,0,train,0.0,0
normal,N0515,17209,12,50,2022-07-12 01:05:54.430,0,train,0.0,0
normal,N0515,17210,13,50,2022-07-12 01:05:54.530,0,train,0.0,0
normal,N0515,17211,14,50,2022-07-12 01:05:54.630,0,train,0.0,0
normal,N0515,17212,15,50,2022-07-12 01:05:54.730,0,train,0.0,0
normal,N0515,17213,16,50,2022-07-12 01:05:54.830,0,train,0.03063320016106643,0
normal,N0515,17214,17,50,2022-07-12 01:05:54.930,0,train,0.009155998449599866,0
normal,N0515,17215,18,50,2022-07-12 01:05:55.030,0,train,0.009091579308552186,0
normal,N0515,17216,19,50,2022-07-12 01:05:55.130,0,train,0.012672070187306355,0
normal,N0515,17217,20,50,2022-07-12 01:05:55.230,0,train,0.0,0
normal,N0515,17218,21,50,2022-07-12 01:05:55.330,0,train,0.0,0
normal,N0515,17219,22,50,2022-07-12 01:05:55.430,0,train,0.0,0
normal,N0515,17220,23,50,2022-07-12 01:05:55.530,0,train,0.0,0
normal,N0515,17221,24,50,2022-07-12 01:05:55.630,0,train,0.0,0
normal,N0515,17222,25,50,2022-07-12 01:05:55.730,0,train,0.0,0
normal,N0515,17223,26,50,2022-07-12 01:05:55.830,0,train,0.0,0
normal,N0515,17224,27,50,2022-07-12 01:05:55.930,0,train,0.0,0
normal,N0515,17225,28,50,2022-07-12 01:05:56.030,0,train,0.0,0
normal,N0515,17226,29,50,2022-07-12 01:05:56.130,0,train,0.0,0
normal,N0515,17227,30,50,2022-07-12 01:05:56.230,0,train,0.0,0
normal,N0515,17228,31,50,2022-07-12 01:05:56.330,0,train,0.0,0
normal,N0515,17229,32,50,2022-07-12 01:05:56.430,0,train,0.0,0
normal,N0515,17230,33,50,2022-07-12 01:05:56.530,0,train,0.002961190855927698,0
normal,N0515,17231,34,50,2022-07-12 01:05:56.630,0,train,0.0,0
normal,N0515,17232,35,50,2022-07-12 01:05:56.730,0,train,0.0,0
normal,N0515,17233,36,50,2022-07-12 01:05:56.830,0,train,0.0,0
normal,N0515,17234,37,50,2022-07-12 01:05:56.930,0,train,0.0,0
normal,N0515,17235,38,50,2022-07-12 01:05:57.030,0,train,0.0,0
normal,N0515,17236,39,50,2022-07-12 01:05:57.130,0,train,0.0,0
normal,N0515,17237,40,50,2022-07-12 01:05:57.230,0,train,0.0,0
normal,N0515,17238,41,50,2022-07-12 01:05:57.330,0,train,0.07838972093169091,0
normal,N0515,17239,42,50,2022-07-12 01:05:57.430,0,train,0.0,0
normal,N0515,17240,43,50,2022-07-12 01:05:57.530,0,train,0.0,0
normal,N0515,17241,44,50,2022-07-12 01:05:57.630,0,train,0.0,0
normal,N0515,17242,45,50,2022-07-12 01:05:57.730,0,train,0.0,0
normal,N0515,17243,46,50,2022-07-12 01:05:57.830,0,train,0.0,0
normal,N0515,17244,47,50,2022-07-12 01:05:57.930,0,train,0.008897014448575784,0
normal,N0515,17245,48,50,2022-07-12 01:05:58.030,0,train,0.009424753738121709,0
normal,N0515,17246,49,50,2022-07-12 01:05:58.130,0,train,0.0,0
normal,N0516,17256,9,40,2022-07-12 01:06:01.996,0,train,0.0,0
normal,N0516,17257,10,40,2022-07-12 01:06:02.096,0,train,0.0,0
normal,N0516,17258,11,40,2022-07-12 01:06:02.196,0,train,0.0,0
normal,N0516,17259,12,40,2022-07-12 01:06:02.296,0,train,0.0,0
normal,N0516,17260,13,40,2022-07-12 01:06:02.396,0,train,0.0,0
normal,N0516,17261,14,40,2022-07-12 01:06:02.496,0,train,0.0,0
normal,N0516,17262,15,40,2022-07-12 01:06:02.596,0,train,0.0,0
normal,N0516,17263,16,40,2022-07-12 01:06:02.696,0,train,0.0,0
normal,N0516,17264,17,40,2022-07-12 01:06:02.796,0,train,0.0,0
normal,N0516,17265,18,40,2022-07-12 01:06:02.896,0,train,0.0,0
normal,N0516,17266,19,40,2022-07-12 01:06:02.996,0,train,0.0,0
normal,N0516,17267,20,40,2022-07-12 01:06:03.096,0,train,0.0,0
normal,N0516,17268,21,40,2022-07-12 01:06:03.196,0,train,0.0,0
normal,N0516,17269,22,40,2022-07-12 01:06:03.296,0,train,0.0,0
normal,N0516,17270,23,40,2022-07-12 01:06:03.396,0,train,0.0,0
normal,N0516,17271,24,40,2022-07-12 01:06:03.496,0,train,0.0,0
normal,N0516,17272,25,40,2022-07-12 01:06:03.596,0,train,0.0,0
normal,N0516,17273,26,40,2022-07-12 01:06:03.696,0,train,0.0,0
normal,N0516,17274,27,40,2022-07-12 01:06:03.796,0,train,0.0,0
normal,N0516,17275,28,40,2022-07-12 01:06:03.896,0,train,0.0,0
normal,N0516,17276,29,40,2022-07-12 01:06:03.996,0,train,0.0,0
normal,N0516,17277,30,40,2022-07-12 01:06:04.096,0,train,0.0,0
normal,N0516,17278,31,40,2022-07-12 01:06:04.196,0,train,0.0,0
normal,N0516,17279,32,40,2022-07-12 01:06:04.296,0,train,0.0,0
normal,N0516,17280,33,40,2022-07-12 01:06:04.396,0,train,0.0,0
normal,N0516,17281,34,40,2022-07-12 01:06:04.496,0,train,0.0,0
normal,N0516,17282,35,40,2022-07-12 01:06:04.596,0,train,0.0,0
normal,N0516,17283,36,40,2022-07-12 01:06:04.696,0,train,0.0,0
normal,N0516,17284,37,40,2022-07-12 01:06:04.796,0,train,0.0,0
normal,N0516,17285,38,40,2022-07-12 01:06:04.896,0,train,0.0,0
normal,N0516,17286,39,40,2022-07-12 01:06:04.996,0,train,0.006212796226622385,0
normal,N0518,17321,9,13,2022-07-12 01:06:18.079,0,train,0.0,0
normal,N0518,17322,10,13,2022-07-12 01:06:18.179,0,train,0.0,0
normal,N0518,17323,11,13,2022-07-12 01:06:18.279,0,train,0.0,0
normal,N0518,17324,12,13,2022-07-12 01:06:18.379,0,train,0.0,0
normal,N0519,17334,9,50,2022-07-12 01:06:27.658,0,train,0.0,0
normal,N0519,17335,10,50,2022-07-12 01:06:27.758,0,train,0.0,0
normal,N0519,17336,11,50,2022-07-12 01:06:27.858,0,train,0.0,0
normal,N0519,17337,12,50,2022-07-12 01:06:27.958,0,train,0.0,0
normal,N0519,17338,13,50,2022-07-12 01:06:28.058,0,train,0.0,0
normal,N0519,17339,14,50,2022-07-12 01:06:28.158,0,train,0.0031336848738102345,0
normal,N0519,17340,15,50,2022-07-12 01:06:28.258,0,train,0.0,0
normal,N0519,17341,16,50,2022-07-12 01:06:28.358,0,train,0.015643748303206147,0
normal,N0519,17342,17,50,2022-07-12 01:06:28.458,0,train,0.0031336848738102345,0
normal,N0519,17343,18,50,2022-07-12 01:06:28.558,0,train,0.0,0
normal,N0519,17344,19,50,2022-07-12 01:06:28.658,0,train,0.0,0
normal,N0519,17345,20,50,2022-07-12 01:06:28.758,0,train,0.0,0
normal,N0519,17346,21,50,2022-07-12 01:06:28.858,0,train,0.0,0
normal,N0519,17347,22,50,2022-07-12 01:06:28.958,0,train,0.0,0
normal,N0519,17348,23,50,2022-07-12 01:06:29.058,0,train,0.0,0
normal,N0519,17349,24,50,2022-07-12 01:06:29.158,0,train,0.0,0
normal,N0519,17350,25,50,2022-07-12 01:06:29.258,0,train,0.0,0
normal,N0519,17351,26,50,2022-07-12 01:06:29.358,0,train,0.0,0
normal,N0519,17352,27,50,2022-07-12 01:06:29.458,0,train,0.0,0
normal,N0519,17353,28,50,2022-07-12 01:06:29.558,0,train,0.0,0
normal,N0519,17354,29,50,2022-07-12 01:06:29.658,0,train,0.0,0
normal,N0519,17355,30,50,2022-07-12 01:06:29.758,0,train,0.0,0
normal,N0519,17356,31,50,2022-07-12 01:06:29.858,0,train,0.0,0
normal,N0519,17357,32,50,2022-07-12 01:06:29.958,0,train,0.0,0
normal,N0519,17358,33,50,2022-07-12 01:06:30.058,0,train,0.021385804162231667,0
normal,N0519,17359,34,50,2022-07-12 01:06:30.158,0,train,0.015436037015574063,0
normal,N0519,17360,35,50,2022-07-12 01:06:30.258,0,train,0.0059998840965916015,0
normal,N0519,17361,36,50,2022-07-12 01:06:30.358,0,train,0.0,0
normal,N0519,17362,37,50,2022-07-12 01:06:30.458,0,train,0.009396002623475005,0
normal,N0519,17363,38,50,2022-07-12 01:06:30.558,0,train,0.009396002623475005,0
normal,N0519,17364,39,50,2022-07-12 01:06:30.658,0,train,0.0,0
normal,N0519,17365,40,50,2022-07-12 01:06:30.758,0,train,0.0,0
normal,N0519,17366,41,50,2022-07-12 01:06:30.858,0,train,0.018840963015979584,0
normal,N0519,17367,42,50,2022-07-12 01:06:30.958,0,train,0.002773286467486819,0
normal,N0519,17368,43,50,2022-07-12 01:06:31.058,0,train,0.00287700404611968,0
normal,N0519,17369,44,50,2022-07-12 01:06:31.158,0,train,0.0,0
normal,N0519,17370,45,50,2022-07-12 01:06:31.258,0,train,0.00287700404611968,0
normal,N0519,17371,46,50,2022-07-12 01:06:31.358,0,train,0.0,0
normal,N0519,17372,47,50,2022-07-12 01:06:31.458,0,train,0.0,0
normal,N0519,17373,48,50,2022-07-12 01:06:31.558,0,train,0.0,0
normal,N0519,17374,49,50,2022-07-12 01:06:31.658,0,train,0.0,0
normal,N0520,17384,9,50,2022-07-12 01:06:34.308,0,train,0.0,0
normal,N0520,17385,10,50,2022-07-12 01:06:34.408,0,train,0.002891536816376413,0
normal,N0520,17386,11,50,2022-07-12 01:06:34.508,0,train,0.0,0
normal,N0520,17387,12,50,2022-07-12 01:06:34.608,0,train,0.011516915628844663,0
normal,N0520,17388,13,50,2022-07-12 01:06:34.708,0,train,0.003143421074455557,0
normal,N0520,17389,14,50,2022-07-12 01:06:34.808,0,train,0.009178017163745495,0
normal,N0520,17390,15,50,2022-07-12 01:06:34.908,0,train,0.0184431474669533,0
normal,N0520,17391,16,50,2022-07-12 01:06:35.008,0,train,0.009178017163745495,0
normal,N0520,17392,17,50,2022-07-12 01:06:35.108,0,train,0.015315059827957759,0
normal,N0520,17393,18,50,2022-07-12 01:06:35.208,0,train,0.012767110419402254,0
normal,N0520,17394,19,50,2022-07-12 01:06:35.308,0,train,0.02496354436102507,0
normal,N0520,17395,20,50,2022-07-12 01:06:35.408,0,train,0.009708380274467668,0
normal,N0520,17396,21,50,2022-07-12 01:06:35.508,0,train,0.015653903263700267,0
normal,N0520,17397,22,50,2022-07-12 01:06:35.608,0,train,0.03528249284167456,0
normal,N0520,17398,23,50,2022-07-12 01:06:35.708,0,train,0.062179190878837776,0
normal,N0520,17399,24,50,2022-07-12 01:06:35.808,0,train,0.003082770545822322,0
normal,N0520,17400,25,50,2022-07-12 01:06:35.908,0,train,0.003082770545822322,0
normal,N0520,17401,26,50,2022-07-12 01:06:36.008,0,train,0.0,0
normal,N0520,17402,27,50,2022-07-12 01:06:36.108,0,train,0.0,0
normal,N0520,17403,28,50,2022-07-12 01:06:36.208,0,train,0.0,0
normal,N0520,17404,29,50,2022-07-12 01:06:36.308,0,train,0.0,0
normal,N0520,17405,30,50,2022-07-12 01:06:36.408,0,train,0.0033333333333333335,0
normal,N0520,17406,31,50,2022-07-12 01:06:36.508,0,train,0.0,0
normal,N0520,17407,32,50,2022-07-12 01:06:36.608,0,train,0.0033042110781058886,0
normal,N0520,17408,33,50,2022-07-12 01:06:36.708,0,train,0.0,0
normal,N0520,17409,34,50,2022-07-12 01:06:36.808,0,train,0.003310907880444304,0
normal,N0520,17410,35,50,2022-07-12 01:06:36.908,0,train,0.0,0
normal,N0520,17411,36,50,2022-07-12 01:06:37.008,0,train,0.0,0
normal,N0520,17412,37,50,2022-07-12 01:06:37.108,0,train,0.0,0
normal,N0520,17413,38,50,2022-07-12 01:06:37.208,0,train,0.0,0
normal,N0520,17414,39,50,2022-07-12 01:06:37.308,0,train,0.0029854880851197777,0
normal,N0520,17415,40,50,2022-07-12 01:06:37.408,0,train,0.023546654114113125,0
normal,N0520,17416,41,50,2022-07-12 01:06:37.508,0,train,0.0,0
normal,N0520,17417,42,50,2022-07-12 01:06:37.608,0,train,0.0,0
normal,N0520,17418,43,50,2022-07-12 01:06:37.708,0,train,0.0,0
normal,N0520,17419,44,50,2022-07-12 01:06:37.808,0,train,0.0,0
normal,N0520,17420,45,50,2022-07-12 01:06:37.908,0,train,0.0,0
normal,N0520,17421,46,50,2022-07-12 01:06:38.008,0,train,0.0,0
normal,N0520,17422,47,50,2022-07-12 01:06:38.108,0,train,0.0,0
normal,N0520,17423,48,50,2022-07-12 01:06:38.208,0,train,0.0,0
normal,N0520,17424,49,50,2022-07-12 01:06:38.308,0,train,0.0,0
normal,N0521,17434,9,39,2022-07-12 01:06:42.033,0,train,0.0,0
normal,N0521,17435,10,39,2022-07-12 01:06:42.133,0,train,0.0,0
normal,N0521,17436,11,39,2022-07-12 01:06:42.233,0,train,0.002888359885246902,0
normal,N0521,17437,12,39,2022-07-12 01:06:42.333,0,train,0.005545258953395549,0
normal,N0521,17438,13,39,2022-07-12 01:06:42.433,0,train,0.006411791173025615,0
normal,N0521,17439,14,39,2022-07-12 01:06:42.533,0,train,0.0,0
normal,N0521,17440,15,39,2022-07-12 01:06:42.633,0,train,0.0,0
normal,N0521,17441,16,39,2022-07-12 01:06:42.733,0,train,0.0,0
normal,N0521,17442,17,39,2022-07-12 01:06:42.833,0,train,0.0,0
normal,N0521,17443,18,39,2022-07-12 01:06:42.933,0,train,0.0,0
normal,N0521,17444,19,39,2022-07-12 01:06:43.033,0,train,0.0,0
normal,N0521,17445,20,39,2022-07-12 01:06:43.133,0,train,0.0,0
normal,N0521,17446,21,39,2022-07-12 01:06:43.233,0,train,0.003251605370694688,0
normal,N0521,17447,22,39,2022-07-12 01:06:43.333,0,train,0.009521758675688493,0
normal,N0521,17448,23,39,2022-07-12 01:06:43.433,0,train,0.0,0
normal,N0521,17449,24,39,2022-07-12 01:06:43.533,0,train,0.0,0
normal,N0521,17450,25,39,2022-07-12 01:06:43.633,0,train,0.0,0
normal,N0521,17451,26,39,2022-07-12 01:06:43.733,0,train,0.0,0
normal,N0521,17452,27,39,2022-07-12 01:06:43.833,0,train,0.0,0
normal,N0521,17453,28,39,2022-07-12 01:06:43.933,0,train,0.0,0
normal,N0521,17454,29,39,2022-07-12 01:06:44.033,0,train,0.0,0
normal,N0521,17455,30,39,2022-07-12 01:06:44.133,0,train,0.0,0
normal,N0521,17456,31,39,2022-07-12 01:06:44.233,0,train,0.0,0
normal,N0521,17457,32,39,2022-07-12 01:06:44.333,0,train,0.00599252829976686,0
normal,N0521,17458,33,39,2022-07-12 01:06:44.433,0,train,0.003019307483644487,0
normal,N0521,17459,34,39,2022-07-12 01:06:44.533,0,train,0.04072830608812774,0
normal,N0521,17460,35,39,2022-07-12 01:06:44.633,0,train,0.009144028525913464,0
normal,N0521,17461,36,39,2022-07-12 01:06:44.733,0,train,0.003000412973728518,0
normal,N0521,17462,37,39,2022-07-12 01:06:44.833,0,train,0.0,0
normal,N0521,17463,38,39,2022-07-12 01:06:44.933,0,train,0.0430417714745429,0
normal,N0523,17498,9,11,2022-07-12 01:06:58.051,0,train,0.0029854880851197777,0
normal,N0523,17499,10,11,2022-07-12 01:06:58.151,0,train,0.00628409692130314,0
normal,N0524,17509,9,50,2022-07-12 01:07:08.719,0,train,0.0,0
normal,N0524,17510,10,50,2022-07-12 01:07:08.819,0,train,0.002961016206745511,0
normal,N0524,17511,11,50,2022-07-12 01:07:08.919,0,train,0.006334661354581674,0
normal,N0524,17512,12,50,2022-07-12 01:07:09.019,0,train,0.005997316166855289,0
normal,N0524,17513,13,50,2022-07-12 01:07:09.119,0,train,0.0065669778125642935,0
normal,N0524,17514,14,50,2022-07-12 01:07:09.219,0,train,0.0,0
normal,N0524,17515,15,50,2022-07-12 01:07:09.319,0,train,0.0,0
normal,N0524,17516,16,50,2022-07-12 01:07:09.419,0,train,0.0030658116336312992,0
normal,N0524,17517,17,50,2022-07-12 01:07:09.519,0,train,0.0,0
normal,N0524,17518,18,50,2022-07-12 01:07:09.619,0,train,0.00996177370030581,0
normal,N0524,17519,19,50,2022-07-12 01:07:09.719,0,train,0.027476198972305178,0
normal,N0524,17520,20,50,2022-07-12 01:07:09.819,0,train,0.0180345319114784,0
normal,N0524,17521,21,50,2022-07-12 01:07:09.919,0,train,0.0152581558868795,0
normal,N0524,17522,22,50,2022-07-12 01:07:10.019,0,train,0.021474072322680213,0
normal,N0524,17523,23,50,2022-07-12 01:07:10.119,0,train,0.024835930032597518,0
normal,N0524,17524,24,50,2022-07-12 01:07:10.219,0,train,0.006343975642117737,0
normal,N0524,17525,25,50,2022-07-12 01:07:10.319,0,train,0.00965240984692057,0
normal,N0524,17526,26,50,2022-07-12 01:07:10.419,0,train,0.024568481191260233,0
normal,N0524,17527,27,50,2022-07-12 01:07:10.519,0,train,0.009204283783908222,0
normal,N0524,17528,28,50,2022-07-12 01:07:10.619,0,train,0.024937135975490802,0
normal,N0524,17529,29,50,2022-07-12 01:07:10.719,0,train,0.005937583376770655,0
normal,N0524,17530,30,50,2022-07-12 01:07:10.819,0,train,0.0,0
normal,N0524,17531,31,50,2022-07-12 01:07:10.919,0,train,0.0,0
normal,N0524,17532,32,50,2022-07-12 01:07:11.019,0,train,0.0,0
normal,N0524,17533,33,50,2022-07-12 01:07:11.119,0,train,0.0,0
normal,N0524,17534,34,50,2022-07-12 01:07:11.219,0,train,0.0,0
normal,N0524,17535,35,50,2022-07-12 01:07:11.319,0,train,0.0029810656098634967,0
normal,N0524,17536,36,50,2022-07-12 01:07:11.419,0,train,0.0,0
normal,N0524,17537,37,50,2022-07-12 01:07:11.519,0,train,0.0,0
normal,N0524,17538,38,50,2022-07-12 01:07:11.619,0,train,0.005968180110877441,0
normal,N0524,17539,39,50,2022-07-12 01:07:11.719,0,train,0.006166305027020301,0
normal,N0524,17540,40,50,2022-07-12 01:07:11.819,0,train,0.0030658116336312992,0
normal,N0524,17541,41,50,2022-07-12 01:07:11.919,0,train,0.0030658116336312992,0
normal,N0524,17542,42,50,2022-07-12 01:07:12.019,0,train,0.0,0
normal,N0524,17543,43,50,2022-07-12 01:07:12.119,0,train,0.0,0
normal,N0524,17544,44,50,2022-07-12 01:07:12.219,0,train,0.006524640159495657,0
normal,N0524,17545,45,50,2022-07-12 01:07:12.319,0,train,0.003321912661918071,0
normal,N0524,17546,46,50,2022-07-12 01:07:12.419,0,train,0.0,0
normal,N0524,17547,47,50,2022-07-12 01:07:12.519,0,train,0.0,0
normal,N0524,17548,48,50,2022-07-12 01:07:12.619,0,train,0.0,0
normal,N0524,17549,49,50,2022-07-12 01:07:12.719,0,train,0.0,0
normal,N0525,17559,9,50,2022-07-12 01:07:15.404,0,train,0.01206418295435447,0
normal,N0525,17560,10,50,2022-07-12 01:07:15.504,0,train,0.0,0
normal,N0525,17561,11,50,2022-07-12 01:07:15.604,0,train,0.0,0
normal,N0525,17562,12,50,2022-07-12 01:07:15.704,0,train,0.0,0
normal,N0525,17563,13,50,2022-07-12 01:07:15.804,0,train,0.0,0
normal,N0525,17564,14,50,2022-07-12 01:07:15.904,0,train,0.0,0
normal,N0525,17565,15,50,2022-07-12 01:07:16.004,0,train,0.0,0
normal,N0525,17566,16,50,2022-07-12 01:07:16.104,0,train,0.0,0
normal,N0525,17567,17,50,2022-07-12 01:07:16.204,0,train,0.0,0
normal,N0525,17568,18,50,2022-07-12 01:07:16.304,0,train,0.0,0
normal,N0525,17569,19,50,2022-07-12 01:07:16.404,0,train,0.0,0
normal,N0525,17570,20,50,2022-07-12 01:07:16.504,0,train,0.0,0
normal,N0525,17571,21,50,2022-07-12 01:07:16.604,0,train,0.0,0
normal,N0525,17572,22,50,2022-07-12 01:07:16.704,0,train,0.0,0
normal,N0525,17573,23,50,2022-07-12 01:07:16.804,0,train,0.0,0
normal,N0525,17574,24,50,2022-07-12 01:07:16.904,0,train,0.0,0
normal,N0525,17575,25,50,2022-07-12 01:07:17.004,0,train,0.0,0
normal,N0525,17576,26,50,2022-07-12 01:07:17.104,0,train,0.0,0
normal,N0525,17577,27,50,2022-07-12 01:07:17.204,0,train,0.020517892556701986,0
normal,N0525,17578,28,50,2022-07-12 01:07:17.304,0,train,0.0,0
normal,N0525,17579,29,50,2022-07-12 01:07:17.404,0,train,0.0,0
normal,N0525,17580,30,50,2022-07-12 01:07:17.504,0,train,0.0,0
normal,N0525,17581,31,50,2022-07-12 01:07:17.604,0,train,0.0,0
normal,N0525,17582,32,50,2022-07-12 01:07:17.704,0,train,0.0,0
normal,N0525,17583,33,50,2022-07-12 01:07:17.804,0,train,0.0,0
normal,N0525,17584,34,50,2022-07-12 01:07:17.904,0,train,0.0,0
normal,N0525,17585,35,50,2022-07-12 01:07:18.004,0,train,0.0,0
normal,N0525,17586,36,50,2022-07-12 01:07:18.104,0,train,0.0031847584394582578,0
normal,N0525,17587,37,50,2022-07-12 01:07:18.204,0,train,0.0,0
normal,N0525,17588,38,50,2022-07-12 01:07:18.304,0,train,0.0,0
normal,N0525,17589,39,50,2022-07-12 01:07:18.404,0,train,0.0,0
normal,N0525,17590,40,50,2022-07-12 01:07:18.504,0,train,0.0,0
normal,N0525,17591,41,50,2022-07-12 01:07:18.604,0,train,0.0,0
normal,N0525,17592,42,50,2022-07-12 01:07:18.704,0,train,0.0,0
normal,N0525,17593,43,50,2022-07-12 01:07:18.804,0,train,0.0,0
normal,N0525,17594,44,50,2022-07-12 01:07:18.904,0,train,0.0,0
normal,N0525,17595,45,50,2022-07-12 01:07:19.004,0,train,0.0,0
normal,N0525,17596,46,50,2022-07-12 01:07:19.104,0,train,0.0,0
normal,N0525,17597,47,50,2022-07-12 01:07:19.204,0,train,0.0,0
normal,N0525,17598,48,50,2022-07-12 01:07:19.304,0,train,0.0,0
normal,N0525,17599,49,50,2022-07-12 01:07:19.404,0,train,0.0,0
normal,N0526,17609,9,49,2022-07-12 01:07:22.167,0,train,0.0,0
normal,N0526,17610,10,49,2022-07-12 01:07:22.267,0,train,0.0,0
normal,N0526,17611,11,49,2022-07-12 01:07:22.367,0,train,0.0,0
normal,N0526,17612,12,49,2022-07-12 01:07:22.467,0,train,0.0,0
normal,N0526,17613,13,49,2022-07-12 01:07:22.567,0,train,0.003062585596317635,0
normal,N0526,17614,14,49,2022-07-12 01:07:22.667,0,train,0.006612419205909511,0
normal,N0526,17615,15,49,2022-07-12 01:07:22.767,0,train,0.006546349204602163,0
normal,N0526,17616,16,49,2022-07-12 01:07:22.867,0,train,0.006255062563966938,0
normal,N0526,17617,17,49,2022-07-12 01:07:22.967,0,train,0.0,0
normal,N0526,17618,18,49,2022-07-12 01:07:23.067,0,train,0.0,0
normal,N0526,17619,19,49,2022-07-12 01:07:23.167,0,train,0.0,0
normal,N0526,17620,20,49,2022-07-12 01:07:23.267,0,train,0.0,0
normal,N0526,17621,21,49,2022-07-12 01:07:23.367,0,train,0.0,0
normal,N0526,17622,22,49,2022-07-12 01:07:23.467,0,train,0.0,0
normal,N0526,17623,23,49,2022-07-12 01:07:23.567,0,train,0.0,0
normal,N0526,17624,24,49,2022-07-12 01:07:23.667,0,train,0.0,0
normal,N0526,17625,25,49,2022-07-12 01:07:23.767,0,train,0.0,0
normal,N0526,17626,26,49,2022-07-12 01:07:23.867,0,train,0.0,0
normal,N0526,17627,27,49,2022-07-12 01:07:23.967,0,train,0.0,0
normal,N0526,17628,28,49,2022-07-12 01:07:24.067,0,train,0.0,0
normal,N0526,17629,29,49,2022-07-12 01:07:24.167,0,train,0.0,0
normal,N0526,17630,30,49,2022-07-12 01:07:24.267,0,train,0.0,0
normal,N0526,17631,31,49,2022-07-12 01:07:24.367,0,train,0.03497707866698358,0
normal,N0526,17632,32,49,2022-07-12 01:07:24.467,0,train,0.015251320992804667,0
normal,N0526,17633,33,49,2022-07-12 01:07:24.567,0,train,0.009551824869987074,0
normal,N0526,17634,34,49,2022-07-12 01:07:24.667,0,train,0.0062673985394582485,0
normal,N0526,17635,35,49,2022-07-12 01:07:24.767,0,train,0.0,0
normal,N0526,17636,36,49,2022-07-12 01:07:24.867,0,train,0.0,0
normal,N0526,17637,37,49,2022-07-12 01:07:24.967,0,train,0.0,0
normal,N0526,17638,38,49,2022-07-12 01:07:25.067,0,train,0.0,0
normal,N0526,17639,39,49,2022-07-12 01:07:25.167,0,train,0.0,0
normal,N0526,17640,40,49,2022-07-12 01:07:25.267,0,train,0.0,0
normal,N0526,17641,41,49,2022-07-12 01:07:25.367,0,train,0.0,0
normal,N0526,17642,42,49,2022-07-12 01:07:25.467,0,train,0.0,0
normal,N0526,17643,43,49,2022-07-12 01:07:25.567,0,train,0.0,0
normal,N0526,17644,44,49,2022-07-12 01:07:25.667,0,train,0.0,0
normal,N0526,17645,45,49,2022-07-12 01:07:25.767,0,train,0.0,0
normal,N0526,17646,46,49,2022-07-12 01:07:25.867,0,train,0.0,0
normal,N0526,17647,47,49,2022-07-12 01:07:25.967,0,train,0.003316085063418944,0
normal,N0526,17648,48,49,2022-07-12 01:07:26.067,0,train,0.0032640068497880154,0
normal,N0528,17694,9,25,2022-07-12 01:07:38.155,0,train,0.0,0
normal,N0528,17695,10,25,2022-07-12 01:07:38.255,0,train,0.0,0
normal,N0528,17696,11,25,2022-07-12 01:07:38.355,0,train,0.0,0
normal,N0528,17697,12,25,2022-07-12 01:07:38.455,0,train,0.015085827860095685,0
normal,N0528,17698,13,25,2022-07-12 01:07:38.555,0,train,0.0,0
normal,N0528,17699,14,25,2022-07-12 01:07:38.655,0,train,0.0,0
normal,N0528,17700,15,25,2022-07-12 01:07:38.755,0,train,0.0,0
normal,N0528,17701,16,25,2022-07-12 01:07:38.855,0,train,0.0,0
normal,N0528,17702,17,25,2022-07-12 01:07:38.955,0,train,0.0,0
normal,N0528,17703,18,25,2022-07-12 01:07:39.055,0,train,0.0,0
normal,N0528,17704,19,25,2022-07-12 01:07:39.155,0,train,0.0,0
normal,N0528,17705,20,25,2022-07-12 01:07:39.255,0,train,0.03961596246493008,0
normal,N0528,17706,21,25,2022-07-12 01:07:39.355,0,train,0.0,0
normal,N0528,17707,22,25,2022-07-12 01:07:39.455,0,train,0.0,0
normal,N0528,17708,23,25,2022-07-12 01:07:39.555,0,train,0.0,0
normal,N0528,17709,24,25,2022-07-12 01:07:39.655,0,train,0.0,0
normal,N0529,17719,9,11,2022-07-12 01:07:46.079,0,train,0.0,0
normal,N0529,17720,10,11,2022-07-12 01:07:46.179,0,train,0.006037396070015675,0
normal,N0531,17731,9,50,2022-07-12 01:07:55.516,0,train,0.0,0
normal,N0531,17732,10,50,2022-07-12 01:07:55.616,0,train,0.0,0
normal,N0531,17733,11,50,2022-07-12 01:07:55.716,0,train,0.0,0
normal,N0531,17734,12,50,2022-07-12 01:07:55.816,0,train,0.005990492240914011,0
normal,N0531,17735,13,50,2022-07-12 01:07:55.916,0,train,0.0,0
normal,N0531,17736,14,50,2022-07-12 01:07:56.016,0,train,0.0,0
normal,N0531,17737,15,50,2022-07-12 01:07:56.116,0,train,0.0,0
normal,N0531,17738,16,50,2022-07-12 01:07:56.216,0,train,0.0,0
normal,N0531,17739,17,50,2022-07-12 01:07:56.316,0,train,0.0,0
normal,N0531,17740,18,50,2022-07-12 01:07:56.416,0,train,0.0,0
normal,N0531,17741,19,50,2022-07-12 01:07:56.516,0,train,0.0,0
normal,N0531,17742,20,50,2022-07-12 01:07:56.616,0,train,0.0,0
normal,N0531,17743,21,50,2022-07-12 01:07:56.716,0,train,0.0,0
normal,N0531,17744,22,50,2022-07-12 01:07:56.816,0,train,0.0,0
normal,N0531,17745,23,50,2022-07-12 01:07:56.916,0,train,0.0,0
normal,N0531,17746,24,50,2022-07-12 01:07:57.016,0,train,0.0,0
normal,N0531,17747,25,50,2022-07-12 01:07:57.116,0,train,0.0,0
normal,N0531,17748,26,50,2022-07-12 01:07:57.216,0,train,0.0,0
normal,N0531,17749,27,50,2022-07-12 01:07:57.316,0,train,0.0,0
normal,N0531,17750,28,50,2022-07-12 01:07:57.416,0,train,0.0,0
normal,N0531,17751,29,50,2022-07-12 01:07:57.516,0,train,0.0,0
normal,N0531,17752,30,50,2022-07-12 01:07:57.616,0,train,0.0,0
normal,N0531,17753,31,50,2022-07-12 01:07:57.716,0,train,0.0,0
normal,N0531,17754,32,50,2022-07-12 01:07:57.816,0,train,0.0,0
normal,N0531,17755,33,50,2022-07-12 01:07:57.916,0,train,0.0,0
normal,N0531,17756,34,50,2022-07-12 01:07:58.016,0,train,0.0,0
normal,N0531,17757,35,50,2022-07-12 01:07:58.116,0,train,0.0,0
normal,N0531,17758,36,50,2022-07-12 01:07:58.216,0,train,0.0,0
normal,N0531,17759,37,50,2022-07-12 01:07:58.316,0,train,0.0,0
normal,N0531,17760,38,50,2022-07-12 01:07:58.416,0,train,0.040003128110069494,0
normal,N0531,17761,39,50,2022-07-12 01:07:58.516,0,train,0.0,0
normal,N0531,17762,40,50,2022-07-12 01:07:58.616,0,train,0.0,0
normal,N0531,17763,41,50,2022-07-12 01:07:58.716,0,train,0.0029897232204779012,0
normal,N0531,17764,42,50,2022-07-12 01:07:58.816,0,train,0.0,0
normal,N0531,17765,43,50,2022-07-12 01:07:58.916,0,train,0.0,0
normal,N0531,17766,44,50,2022-07-12 01:07:59.016,0,train,0.0,0
normal,N0531,17767,45,50,2022-07-12 01:07:59.116,0,train,0.0,0
normal,N0531,17768,46,50,2022-07-12 01:07:59.216,0,train,0.0,0
normal,N0531,17769,47,50,2022-07-12 01:07:59.316,0,train,0.0,0
normal,N0531,17770,48,50,2022-07-12 01:07:59.416,0,train,0.0,0
normal,N0531,17771,49,50,2022-07-12 01:07:59.516,0,train,0.0,0
normal,N0533,17831,9,38,2022-07-12 01:08:10.098,0,train,0.0,0
normal,N0533,17832,10,38,2022-07-12 01:08:10.198,0,train,0.0,0
normal,N0533,17833,11,38,2022-07-12 01:08:10.298,0,train,0.0,0
normal,N0533,17834,12,38,2022-07-12 01:08:10.398,0,train,0.0,0
normal,N0533,17835,13,38,2022-07-12 01:08:10.498,0,train,0.0,0
normal,N0533,17836,14,38,2022-07-12 01:08:10.598,0,train,0.0,0
normal,N0533,17837,15,38,2022-07-12 01:08:10.698,0,train,0.0,0
normal,N0533,17838,16,38,2022-07-12 01:08:10.798,0,train,0.0,0
normal,N0533,17839,17,38,2022-07-12 01:08:10.898,0,train,0.0,0
normal,N0533,17840,18,38,2022-07-12 01:08:10.998,0,train,0.0,0
normal,N0533,17841,19,38,2022-07-12 01:08:11.098,0,train,0.0,0
normal,N0533,17842,20,38,2022-07-12 01:08:11.198,0,train,0.0033333333333333335,0
normal,N0533,17843,21,38,2022-07-12 01:08:11.298,0,train,0.0,0
normal,N0533,17844,22,38,2022-07-12 01:08:11.398,0,train,0.0,0
normal,N0533,17845,23,38,2022-07-12 01:08:11.498,0,train,0.0,0
normal,N0533,17846,24,38,2022-07-12 01:08:11.598,0,train,0.0,0
normal,N0533,17847,25,38,2022-07-12 01:08:11.698,0,train,0.0,0
normal,N0533,17848,26,38,2022-07-12 01:08:11.798,0,train,0.0,0
normal,N0533,17849,27,38,2022-07-12 01:08:11.898,0,train,0.0,0
normal,N0533,17850,28,38,2022-07-12 01:08:11.998,0,train,0.0,0
normal,N0533,17851,29,38,2022-07-12 01:08:12.098,0,train,0.015617894264004893,0
normal,N0533,17852,30,38,2022-07-12 01:08:12.198,0,train,0.003136981988699441,0
normal,N0533,17853,31,38,2022-07-12 01:08:12.298,0,train,0.0,0
normal,N0533,17854,32,38,2022-07-12 01:08:12.398,0,train,0.0,0
normal,N0533,17855,33,38,2022-07-12 01:08:12.498,0,train,0.0,0
normal,N0533,17856,34,38,2022-07-12 01:08:12.598,0,train,0.0,0
normal,N0533,17857,35,38,2022-07-12 01:08:12.698,0,train,0.0,0
normal,N0533,17858,36,38,2022-07-12 01:08:12.798,0,train,0.0,0
normal,N0533,17859,37,38,2022-07-12 01:08:12.898,0,train,0.0033333333333333335,0
normal,N0534,17869,9,25,2022-07-12 01:08:18.118,0,train,0.003271202236719478,0
normal,N0534,17870,10,25,2022-07-12 01:08:18.218,0,train,0.003271202236719478,0
normal,N0534,17871,11,25,2022-07-12 01:08:18.318,0,train,0.006480349902300368,0
normal,N0534,17872,12,25,2022-07-12 01:08:18.418,0,train,0.0,0
normal,N0534,17873,13,25,2022-07-12 01:08:18.518,0,train,0.0,0
normal,N0534,17874,14,25,2022-07-12 01:08:18.618,0,train,0.0,0
normal,N0534,17875,15,25,2022-07-12 01:08:18.718,0,train,0.0,0
normal,N0534,17876,16,25,2022-07-12 01:08:18.818,0,train,0.009104057367657565,0
normal,N0534,17877,17,25,2022-07-12 01:08:18.918,0,train,0.0,0
normal,N0534,17878,18,25,2022-07-12 01:08:19.018,0,train,0.0,0
normal,N0534,17879,19,25,2022-07-12 01:08:19.118,0,train,0.0,0
normal,N0534,17880,20,25,2022-07-12 01:08:19.218,0,train,0.0,0
normal,N0534,17881,21,25,2022-07-12 01:08:19.318,0,train,0.0,0
normal,N0534,17882,22,25,2022-07-12 01:08:19.418,0,train,0.0,0
normal,N0534,17883,23,25,2022-07-12 01:08:19.518,0,train,0.0,0
normal,N0534,17884,24,25,2022-07-12 01:08:19.618,0,train,0.0030013280212483405,0
normal,N0535,17894,9,10,2022-07-12 01:08:26.151,0,train,0.002615921555592488,0
normal,N0536,17904,9,50,2022-07-12 01:08:35.604,0,train,0.0,0
normal,N0536,17905,10,50,2022-07-12 01:08:35.704,0,train,0.0,0
normal,N0536,17906,11,50,2022-07-12 01:08:35.804,0,train,0.0,0
normal,N0536,17907,12,50,2022-07-12 01:08:35.904,0,train,0.0,0
normal,N0536,17908,13,50,2022-07-12 01:08:36.004,0,train,0.002961190855927698,0
normal,N0536,17909,14,50,2022-07-12 01:08:36.104,0,train,0.0,0
normal,N0536,17910,15,50,2022-07-12 01:08:36.204,0,train,0.009643553089427496,0
normal,N0536,17911,16,50,2022-07-12 01:08:36.304,0,train,0.0,0
normal,N0536,17912,17,50,2022-07-12 01:08:36.404,0,train,0.0,0
normal,N0536,17913,18,50,2022-07-12 01:08:36.504,0,train,0.0,0
normal,N0536,17914,19,50,2022-07-12 01:08:36.604,0,train,0.0,0
normal,N0536,17915,20,50,2022-07-12 01:08:36.704,0,train,0.0,0
normal,N0536,17916,21,50,2022-07-12 01:08:36.804,0,train,0.006586616964486411,0
normal,N0536,17917,22,50,2022-07-12 01:08:36.904,0,train,0.003318087405324885,0
normal,N0536,17918,23,50,2022-07-12 01:08:37.004,0,train,0.0,0
normal,N0536,17919,24,50,2022-07-12 01:08:37.104,0,train,0.0,0
normal,N0536,17920,25,50,2022-07-12 01:08:37.204,0,train,0.003154396421261759,0
normal,N0536,17921,26,50,2022-07-12 01:08:37.304,0,train,0.0,0
normal,N0536,17922,27,50,2022-07-12 01:08:37.404,0,train,0.0032122260668973474,0
normal,N0536,17923,28,50,2022-07-12 01:08:37.504,0,train,0.0,0
normal,N0536,17924,29,50,2022-07-12 01:08:37.604,0,train,0.0,0
normal,N0536,17925,30,50,2022-07-12 01:08:37.704,0,train,0.0,0
normal,N0536,17926,31,50,2022-07-12 01:08:37.804,0,train,0.0,0
normal,N0536,17927,32,50,2022-07-12 01:08:37.904,0,train,0.0,0
normal,N0536,17928,33,50,2022-07-12 01:08:38.004,0,train,0.0,0
normal,N0536,17929,34,50,2022-07-12 01:08:38.104,0,train,0.0,0
normal,N0536,17930,35,50,2022-07-12 01:08:38.204,0,train,0.0,0
normal,N0536,17931,36,50,2022-07-12 01:08:38.304,0,train,0.01252978495518958,0
normal,N0536,17932,37,50,2022-07-12 01:08:38.404,0,train,0.012666110890056599,0
normal,N0536,17933,38,50,2022-07-12 01:08:38.504,0,train,0.03871360052401212,0
normal,N0536,17934,39,50,2022-07-12 01:08:38.604,0,train,0.006318398420783341,0
normal,N0536,17935,40,50,2022-07-12 01:08:38.704,0,train,0.0024704037632301058,0
normal,N0536,17936,41,50,2022-07-12 01:08:38.804,0,train,0.008235257936104289,0
normal,N0536,17937,42,50,2022-07-12 01:08:38.904,0,train,0.003154396421261759,0
normal,N0536,17938,43,50,2022-07-12 01:08:39.004,0,train,0.0033333333333333335,0
normal,N0536,17939,44,50,2022-07-12 01:08:39.104,0,train,0.0,0
normal,N0536,17940,45,50,2022-07-12 01:08:39.204,0,train,0.0,0
normal,N0536,17941,46,50,2022-07-12 01:08:39.304,0,train,0.0,0
normal,N0536,17942,47,50,2022-07-12 01:08:39.404,0,train,0.0029512491812482456,0
normal,N0536,17943,48,50,2022-07-12 01:08:39.504,0,train,0.009459123632508714,0
normal,N0536,17944,49,50,2022-07-12 01:08:39.604,0,train,0.0027163371607816047,0
normal,N0538,18004,9,35,2022-07-12 01:08:50.576,0,train,0.003171745616681753,0
normal,N0538,18005,10,35,2022-07-12 01:08:50.676,0,train,0.0,0
normal,N0538,18006,11,35,2022-07-12 01:08:50.776,0,train,0.0,0
normal,N0538,18007,12,35,2022-07-12 01:08:50.876,0,train,0.0,0
normal,N0538,18008,13,35,2022-07-12 01:08:50.976,0,train,0.0,0
normal,N0538,18009,14,35,2022-07-12 01:08:51.076,0,train,0.0,0
normal,N0538,18010,15,35,2022-07-12 01:08:51.176,0,train,0.0,0
normal,N0538,18011,16,35,2022-07-12 01:08:51.276,0,train,0.0,0
normal,N0538,18012,17,35,2022-07-12 01:08:51.376,0,train,0.013109696485989824,0
normal,N0538,18013,18,35,2022-07-12 01:08:51.476,0,train,0.015289326646937823,0
normal,N0538,18014,19,35,2022-07-12 01:08:51.576,0,train,0.0,0
normal,N0538,18015,20,35,2022-07-12 01:08:51.676,0,train,0.0,0
normal,N0538,18016,21,35,2022-07-12 01:08:51.776,0,train,0.0,0
normal,N0538,18017,22,35,2022-07-12 01:08:51.876,0,train,0.0,0
normal,N0538,18018,23,35,2022-07-12 01:08:51.976,0,train,0.0,0
normal,N0538,18019,24,35,2022-07-12 01:08:52.076,0,train,0.003201196810310981,0
normal,N0538,18020,25,35,2022-07-12 01:08:52.176,0,train,0.0,0
normal,N0538,18021,26,35,2022-07-12 01:08:52.276,0,train,0.0,0
normal,N0538,18022,27,35,2022-07-12 01:08:52.376,0,train,0.0,0
normal,N0538,18023,28,35,2022-07-12 01:08:52.476,0,train,0.0,0
normal,N0538,18024,29,35,2022-07-12 01:08:52.576,0,train,0.0,0
normal,N0538,18025,30,35,2022-07-12 01:08:52.676,0,train,0.0,0
normal,N0538,18026,31,35,2022-07-12 01:08:52.776,0,train,0.008825077846811554,0
normal,N0538,18027,32,35,2022-07-12 01:08:52.876,0,train,0.0028930471473124194,0
normal,N0538,18028,33,35,2022-07-12 01:08:52.976,0,train,0.0029984005574294897,0
normal,N0538,18029,34,35,2022-07-12 01:08:53.076,0,train,0.006209487312359473,0
normal,N0539,18039,9,23,2022-07-12 01:08:58.609,0,train,0.0,0
normal,N0539,18040,10,23,2022-07-12 01:08:58.709,0,train,0.0,0
normal,N0539,18041,11,23,2022-07-12 01:08:58.809,0,train,0.0,0
normal,N0539,18042,12,23,2022-07-12 01:08:58.909,0,train,0.003276066094858041,0
normal,N0539,18043,13,23,2022-07-12 01:08:59.009,0,train,0.0028752205390278032,0
normal,N0539,18044,14,23,2022-07-12 01:08:59.109,0,train,0.0,0
normal,N0539,18045,15,23,2022-07-12 01:08:59.209,0,train,0.0,0
normal,N0539,18046,16,23,2022-07-12 01:08:59.309,0,train,0.0,0
normal,N0539,18047,17,23,2022-07-12 01:08:59.409,0,train,0.0,0
normal,N0539,18048,18,23,2022-07-12 01:08:59.509,0,train,0.0,0
normal,N0539,18049,19,23,2022-07-12 01:08:59.609,0,train,0.0,0
normal,N0539,18050,20,23,2022-07-12 01:08:59.709,0,train,0.0,0
normal,N0539,18051,21,23,2022-07-12 01:08:59.809,0,train,0.0,0
normal,N0539,18052,22,23,2022-07-12 01:08:59.909,0,train,0.0031992167388313537,0
normal,N0540,18062,9,10,2022-07-12 01:09:06.588,0,train,0.0,0
normal,N0543,18130,9,50,2022-07-12 01:09:30.581,0,train,0.0032020819954709837,0
normal,N0543,18131,10,50,2022-07-12 01:09:30.681,0,train,0.009315064229925042,0
normal,N0543,18132,11,50,2022-07-12 01:09:30.781,0,train,0.008925807551963948,0
normal,N0543,18133,12,50,2022-07-12 01:09:30.881,0,train,0.08906369709725587,0
normal,N0543,18134,13,50,2022-07-12 01:09:30.981,0,train,0.09907338208449037,0
normal,N0543,18135,14,50,2022-07-12 01:09:31.081,0,train,0.08085337276424401,0
normal,N0543,18136,15,50,2022-07-12 01:09:31.181,0,train,0.0,0
normal,N0543,18137,16,50,2022-07-12 01:09:31.281,0,train,0.0,0
normal,N0543,18138,17,50,2022-07-12 01:09:31.381,0,train,0.0,0
normal,N0543,18139,18,50,2022-07-12 01:09:31.481,0,train,0.0,0
normal,N0543,18140,19,50,2022-07-12 01:09:31.581,0,train,0.0,0
normal,N0543,18141,20,50,2022-07-12 01:09:31.681,0,train,0.0,0
normal,N0543,18142,21,50,2022-07-12 01:09:31.781,0,train,0.0,0
normal,N0543,18143,22,50,2022-07-12 01:09:31.881,0,train,0.0,0
normal,N0543,18144,23,50,2022-07-12 01:09:31.981,0,train,0.0,0
normal,N0543,18145,24,50,2022-07-12 01:09:32.081,0,train,0.0,0
normal,N0543,18146,25,50,2022-07-12 01:09:32.181,0,train,0.0,0
normal,N0543,18147,26,50,2022-07-12 01:09:32.281,0,train,0.0,0
normal,N0543,18148,27,50,2022-07-12 01:09:32.381,0,train,0.0,0
normal,N0543,18149,28,50,2022-07-12 01:09:32.481,0,train,0.0,0
normal,N0543,18150,29,50,2022-07-12 01:09:32.581,0,train,0.0,0
normal,N0543,18151,30,50,2022-07-12 01:09:32.681,0,train,0.0,0
normal,N0543,18152,31,50,2022-07-12 01:09:32.781,0,train,0.0,0
normal,N0543,18153,32,50,2022-07-12 01:09:32.881,0,train,0.0,0
normal,N0543,18154,33,50,2022-07-12 01:09:32.981,0,train,0.003257099687510731,0
normal,N0543,18155,34,50,2022-07-12 01:09:33.081,0,train,0.0,0
normal,N0543,18156,35,50,2022-07-12 01:09:33.181,0,train,0.0,0
normal,N0543,18157,36,50,2022-07-12 01:09:33.281,0,train,0.0,0
normal,N0543,18158,37,50,2022-07-12 01:09:33.381,0,train,0.0,0
normal,N0543,18159,38,50,2022-07-12 01:09:33.481,0,train,0.0,0
normal,N0543,18160,39,50,2022-07-12 01:09:33.581,0,train,0.0,0
normal,N0543,18161,40,50,2022-07-12 01:09:33.681,0,train,0.0,0
normal,N0543,18162,41,50,2022-07-12 01:09:33.781,0,train,0.0,0
normal,N0543,18163,42,50,2022-07-12 01:09:33.881,0,train,0.0,0
normal,N0543,18164,43,50,2022-07-12 01:09:33.981,0,train,0.0,0
normal,N0543,18165,44,50,2022-07-12 01:09:34.081,0,train,0.0,0
normal,N0543,18166,45,50,2022-07-12 01:09:34.181,0,train,0.0,0
normal,N0543,18167,46,50,2022-07-12 01:09:34.281,0,train,0.0,0
normal,N0543,18168,47,50,2022-07-12 01:09:34.381,0,train,0.0,0
normal,N0543,18169,48,50,2022-07-12 01:09:34.481,0,train,0.0,0
normal,N0543,18170,49,50,2022-07-12 01:09:34.581,0,train,0.0,0
normal,N0544,18180,9,36,2022-07-12 01:09:38.674,0,train,0.0,0
normal,N0544,18181,10,36,2022-07-12 01:09:38.774,0,train,0.0,0
normal,N0544,18182,11,36,2022-07-12 01:09:38.874,0,train,0.0,0
normal,N0544,18183,12,36,2022-07-12 01:09:38.974,0,train,0.0,0
normal,N0544,18184,13,36,2022-07-12 01:09:39.074,0,train,0.0,0
normal,N0544,18185,14,36,2022-07-12 01:09:39.174,0,train,0.0,0
normal,N0544,18186,15,36,2022-07-12 01:09:39.274,0,train,0.0,0
normal,N0544,18187,16,36,2022-07-12 01:09:39.374,0,train,0.0,0
normal,N0544,18188,17,36,2022-07-12 01:09:39.474,0,train,0.0,0
normal,N0544,18189,18,36,2022-07-12 01:09:39.574,0,train,0.0,0
normal,N0544,18190,19,36,2022-07-12 01:09:39.674,0,train,0.0,0
normal,N0544,18191,20,36,2022-07-12 01:09:39.774,0,train,0.0,0
normal,N0544,18192,21,36,2022-07-12 01:09:39.874,0,train,0.0,0
normal,N0544,18193,22,36,2022-07-12 01:09:39.974,0,train,0.0,0
normal,N0544,18194,23,36,2022-07-12 01:09:40.074,0,train,0.002952594950535218,0
normal,N0544,18195,24,36,2022-07-12 01:09:40.174,0,train,0.0,0
normal,N0544,18196,25,36,2022-07-12 01:09:40.274,0,train,0.0,0
normal,N0544,18197,26,36,2022-07-12 01:09:40.374,0,train,0.0,0
normal,N0544,18198,27,36,2022-07-12 01:09:40.474,0,train,0.0,0
normal,N0544,18199,28,36,2022-07-12 01:09:40.574,0,train,0.0,0
normal,N0544,18200,29,36,2022-07-12 01:09:40.674,0,train,0.0,0
normal,N0544,18201,30,36,2022-07-12 01:09:40.774,0,train,0.0,0
normal,N0544,18202,31,36,2022-07-12 01:09:40.874,0,train,0.0,0
normal,N0544,18203,32,36,2022-07-12 01:09:40.974,0,train,0.0,0
normal,N0544,18204,33,36,2022-07-12 01:09:41.074,0,train,0.0,0
normal,N0544,18205,34,36,2022-07-12 01:09:41.174,0,train,0.0,0
normal,N0544,18206,35,36,2022-07-12 01:09:41.274,0,train,0.0,0
normal,N0545,18216,9,22,2022-07-12 01:09:46.735,0,train,0.012700016892039857,0
normal,N0545,18217,10,22,2022-07-12 01:09:46.835,0,train,0.0,0
normal,N0545,18218,11,22,2022-07-12 01:09:46.935,0,train,0.0,0
normal,N0545,18219,12,22,2022-07-12 01:09:47.035,0,train,0.0,0
normal,N0545,18220,13,22,2022-07-12 01:09:47.135,0,train,0.0,0
normal,N0545,18221,14,22,2022-07-12 01:09:47.235,0,train,0.0031872402621457973,0
normal,N0545,18222,15,22,2022-07-12 01:09:47.335,0,train,0.0032640068497880154,0
normal,N0545,18223,16,22,2022-07-12 01:09:47.435,0,train,0.0,0
normal,N0545,18224,17,22,2022-07-12 01:09:47.535,0,train,0.0,0
normal,N0545,18225,18,22,2022-07-12 01:09:47.635,0,train,0.0,0
normal,N0545,18226,19,22,2022-07-12 01:09:47.735,0,train,0.0,0
normal,N0545,18227,20,22,2022-07-12 01:09:47.835,0,train,0.0,0
normal,N0545,18228,21,22,2022-07-12 01:09:47.935,0,train,0.0,0
normal,N0548,18253,9,50,2022-07-12 01:10:12.068,0,train,0.0,0
normal,N0548,18254,10,50,2022-07-12 01:10:12.168,0,train,0.0,0
normal,N0548,18255,11,50,2022-07-12 01:10:12.268,0,train,0.0,0
normal,N0548,18256,12,50,2022-07-12 01:10:12.368,0,train,0.0,0
normal,N0548,18257,13,50,2022-07-12 01:10:12.468,0,train,0.0,0
normal,N0548,18258,14,50,2022-07-12 01:10:12.568,0,train,0.0,0
normal,N0548,18259,15,50,2022-07-12 01:10:12.668,0,train,0.0,0
normal,N0548,18260,16,50,2022-07-12 01:10:12.768,0,train,0.0,0
normal,N0548,18261,17,50,2022-07-12 01:10:12.868,0,train,0.0,0
normal,N0548,18262,18,50,2022-07-12 01:10:12.968,0,train,0.0,0
normal,N0548,18263,19,50,2022-07-12 01:10:13.068,0,train,0.0,0
normal,N0548,18264,20,50,2022-07-12 01:10:13.168,0,train,0.02204099442185243,0
normal,N0548,18265,21,50,2022-07-12 01:10:13.268,0,train,0.0,0
normal,N0548,18266,22,50,2022-07-12 01:10:13.368,0,train,0.0,0
normal,N0548,18267,23,50,2022-07-12 01:10:13.468,0,train,0.0,0
normal,N0548,18268,24,50,2022-07-12 01:10:13.568,0,train,0.0029595921686370176,0
normal,N0548,18269,25,50,2022-07-12 01:10:13.668,0,train,0.0,0
normal,N0548,18270,26,50,2022-07-12 01:10:13.768,0,train,0.0,0
normal,N0548,18271,27,50,2022-07-12 01:10:13.868,0,train,0.0,0
normal,N0548,18272,28,50,2022-07-12 01:10:13.968,0,train,0.0029439980066031267,0
normal,N0548,18273,29,50,2022-07-12 01:10:14.068,0,train,0.006082525197189225,0
normal,N0548,18274,30,50,2022-07-12 01:10:14.168,0,train,0.0,0
normal,N0548,18275,31,50,2022-07-12 01:10:14.268,0,train,0.0,0
normal,N0548,18276,32,50,2022-07-12 01:10:14.368,0,train,0.0,0
normal,N0548,18277,33,50,2022-07-12 01:10:14.468,0,train,0.0,0
normal,N0548,18278,34,50,2022-07-12 01:10:14.568,0,train,0.0,0
normal,N0548,18279,35,50,2022-07-12 01:10:14.668,0,train,0.0,0
normal,N0548,18280,36,50,2022-07-12 01:10:14.768,0,train,0.0,0
normal,N0548,18281,37,50,2022-07-12 01:10:14.868,0,train,0.0,0
normal,N0548,18282,38,50,2022-07-12 01:10:14.968,0,train,0.0,0
normal,N0548,18283,39,50,2022-07-12 01:10:15.068,0,train,0.0,0
normal,N0548,18284,40,50,2022-07-12 01:10:15.168,0,train,0.0,0
normal,N0548,18285,41,50,2022-07-12 01:10:15.268,0,train,0.0,0
normal,N0548,18286,42,50,2022-07-12 01:10:15.368,0,train,0.0,0
normal,N0548,18287,43,50,2022-07-12 01:10:15.468,0,train,0.0,0
normal,N0548,18288,44,50,2022-07-12 01:10:15.568,0,train,0.0,0
normal,N0548,18289,45,50,2022-07-12 01:10:15.668,0,train,0.0,0
normal,N0548,18290,46,50,2022-07-12 01:10:15.768,0,train,0.0,0
normal,N0548,18291,47,50,2022-07-12 01:10:15.868,0,train,0.0,0
normal,N0548,18292,48,50,2022-07-12 01:10:15.968,0,train,0.0,0
normal,N0548,18293,49,50,2022-07-12 01:10:16.068,0,train,0.0,0
normal,N0549,18303,9,49,2022-07-12 01:10:18.955,0,train,0.0,0
normal,N0549,18304,10,49,2022-07-12 01:10:19.055,0,train,0.0,0
normal,N0549,18305,11,49,2022-07-12 01:10:19.155,0,train,0.0,0
normal,N0549,18306,12,49,2022-07-12 01:10:19.255,0,train,0.0,0
normal,N0549,18307,13,49,2022-07-12 01:10:19.355,0,train,0.0032985820353932894,0
normal,N0549,18308,14,49,2022-07-12 01:10:19.455,0,train,0.003059934874423703,0
normal,N0549,18309,15,49,2022-07-12 01:10:19.555,0,train,0.0,0
normal,N0549,18310,16,49,2022-07-12 01:10:19.655,0,train,0.0,0
normal,N0549,18311,17,49,2022-07-12 01:10:19.755,0,train,0.0,0
normal,N0549,18312,18,49,2022-07-12 01:10:19.855,0,train,0.003175034376362478,0
normal,N0549,18313,19,49,2022-07-12 01:10:19.955,0,train,0.0,0
normal,N0549,18314,20,49,2022-07-12 01:10:20.055,0,train,0.0,0
normal,N0549,18315,21,49,2022-07-12 01:10:20.155,0,train,0.0,0
normal,N0549,18316,22,49,2022-07-12 01:10:20.255,0,train,0.0,0
normal,N0549,18317,23,49,2022-07-12 01:10:20.355,0,train,0.0,0
normal,N0549,18318,24,49,2022-07-12 01:10:20.455,0,train,0.0,0
normal,N0549,18319,25,49,2022-07-12 01:10:20.555,0,train,0.0,0
normal,N0549,18320,26,49,2022-07-12 01:10:20.655,0,train,0.0,0
normal,N0549,18321,27,49,2022-07-12 01:10:20.755,0,train,0.0,0
normal,N0549,18322,28,49,2022-07-12 01:10:20.855,0,train,0.0,0
normal,N0549,18323,29,49,2022-07-12 01:10:20.955,0,train,0.0,0
normal,N0549,18324,30,49,2022-07-12 01:10:21.055,0,train,0.0032666753123243852,0
normal,N0549,18325,31,49,2022-07-12 01:10:21.155,0,train,0.0,0
normal,N0549,18326,32,49,2022-07-12 01:10:21.255,0,train,0.0,0
normal,N0549,18327,33,49,2022-07-12 01:10:21.355,0,train,0.0,0
normal,N0549,18328,34,49,2022-07-12 01:10:21.455,0,train,0.0,0
normal,N0549,18329,35,49,2022-07-12 01:10:21.555,0,train,0.0,0
normal,N0549,18330,36,49,2022-07-12 01:10:21.655,0,train,0.0,0
normal,N0549,18331,37,49,2022-07-12 01:10:21.755,0,train,0.0,0
normal,N0549,18332,38,49,2022-07-12 01:10:21.855,0,train,0.0,0
normal,N0549,18333,39,49,2022-07-12 01:10:21.955,0,train,0.0,0
normal,N0549,18334,40,49,2022-07-12 01:10:22.055,0,train,0.0,0
normal,N0549,18335,41,49,2022-07-12 01:10:22.155,0,train,0.0,0
normal,N0549,18336,42,49,2022-07-12 01:10:22.255,0,train,0.0,0
normal,N0549,18337,43,49,2022-07-12 01:10:22.355,0,train,0.0,0
normal,N0549,18338,44,49,2022-07-12 01:10:22.455,0,train,0.0,0
normal,N0549,18339,45,49,2022-07-12 01:10:22.555,0,train,0.0,0
normal,N0549,18340,46,49,2022-07-12 01:10:22.655,0,train,0.008949904111961083,0
normal,N0549,18341,47,49,2022-07-12 01:10:22.755,0,train,0.0,0
normal,N0549,18342,48,49,2022-07-12 01:10:22.855,0,train,0.0027992910943730616,0
normal,N0550,18352,9,46,2022-07-12 01:10:27.147,0,train,0.006140839340825582,0
normal,N0550,18353,10,46,2022-07-12 01:10:27.247,0,train,0.003306690865938361,0
normal,N0550,18354,11,46,2022-07-12 01:10:27.347,0,train,0.0,0
normal,N0550,18355,12,46,2022-07-12 01:10:27.447,0,train,0.0,0
normal,N0550,18356,13,46,2022-07-12 01:10:27.547,0,train,0.0,0
normal,N0550,18357,14,46,2022-07-12 01:10:27.647,0,train,0.0,0
normal,N0550,18358,15,46,2022-07-12 01:10:27.747,0,train,0.0,0
normal,N0550,18359,16,46,2022-07-12 01:10:27.847,0,train,0.0,0
normal,N0550,18360,17,46,2022-07-12 01:10:27.947,0,train,0.0,0
normal,N0550,18361,18,46,2022-07-12 01:10:28.047,0,train,0.0,0
normal,N0550,18362,19,46,2022-07-12 01:10:28.147,0,train,0.0,0
normal,N0550,18363,20,46,2022-07-12 01:10:28.247,0,train,0.0,0
normal,N0550,18364,21,46,2022-07-12 01:10:28.347,0,train,0.0,0
normal,N0550,18365,22,46,2022-07-12 01:10:28.447,0,train,0.0,0
normal,N0550,18366,23,46,2022-07-12 01:10:28.547,0,train,0.0,0
normal,N0550,18367,24,46,2022-07-12 01:10:28.647,0,train,0.0,0
normal,N0550,18368,25,46,2022-07-12 01:10:28.747,0,train,0.0,0
normal,N0550,18369,26,46,2022-07-12 01:10:28.847,0,train,0.0,0
normal,N0550,18370,27,46,2022-07-12 01:10:28.947,0,train,0.0032042479791659613,0
normal,N0550,18371,28,46,2022-07-12 01:10:29.047,0,train,0.0,0
normal,N0550,18372,29,46,2022-07-12 01:10:29.147,0,train,0.0,0
normal,N0550,18373,30,46,2022-07-12 01:10:29.247,0,train,0.0,0
normal,N0550,18374,31,46,2022-07-12 01:10:29.347,0,train,0.0,0
normal,N0550,18375,32,46,2022-07-12 01:10:29.447,0,train,0.0,0
normal,N0550,18376,33,46,2022-07-12 01:10:29.547,0,train,0.0,0
normal,N0550,18377,34,46,2022-07-12 01:10:29.647,0,train,0.006053876527873621,0
normal,N0550,18378,35,46,2022-07-12 01:10:29.747,0,train,0.0028491082438569576,0
normal,N0550,18379,36,46,2022-07-12 01:10:29.847,0,train,0.0,0
normal,N0550,18380,37,46,2022-07-12 01:10:29.947,0,train,0.0,0
normal,N0550,18381,38,46,2022-07-12 01:10:30.047,0,train,0.0,0
normal,N0550,18382,39,46,2022-07-12 01:10:30.147,0,train,0.0,0
normal,N0550,18383,40,46,2022-07-12 01:10:30.247,0,train,0.0,0
normal,N0550,18384,41,46,2022-07-12 01:10:30.347,0,train,0.0,0
normal,N0550,18385,42,46,2022-07-12 01:10:30.447,0,train,0.0,0
normal,N0550,18386,43,46,2022-07-12 01:10:30.547,0,train,0.0,0
normal,N0550,18387,44,46,2022-07-12 01:10:30.647,0,train,0.0,0
normal,N0550,18388,45,46,2022-07-12 01:10:30.747,0,train,0.0,0
normal,N0551,18398,9,45,2022-07-12 01:10:35.172,0,train,0.0,0
normal,N0551,18399,10,45,2022-07-12 01:10:35.272,0,train,0.0,0
normal,N0551,18400,11,45,2022-07-12 01:10:35.372,0,train,0.0,0
normal,N0551,18401,12,45,2022-07-12 01:10:35.472,0,train,0.0,0
normal,N0551,18402,13,45,2022-07-12 01:10:35.572,0,train,0.0,0
normal,N0551,18403,14,45,2022-07-12 01:10:35.672,0,train,0.005575484461901636,0
normal,N0551,18404,15,45,2022-07-12 01:10:35.772,0,train,0.0,0
normal,N0551,18405,16,45,2022-07-12 01:10:35.872,0,train,0.0,0
normal,N0551,18406,17,45,2022-07-12 01:10:35.972,0,train,0.005992330865329392,0
normal,N0551,18407,18,45,2022-07-12 01:10:36.072,0,train,0.0,0
normal,N0551,18408,19,45,2022-07-12 01:10:36.172,0,train,0.0028343815513626838,0
normal,N0551,18409,20,45,2022-07-12 01:10:36.272,0,train,0.0028343815513626838,0
normal,N0551,18410,21,45,2022-07-12 01:10:36.372,0,train,0.008961125296898397,0
normal,N0551,18411,22,45,2022-07-12 01:10:36.472,0,train,0.005835709572611024,0
normal,N0551,18412,23,45,2022-07-12 01:10:36.572,0,train,0.008698443191428727,0
normal,N0551,18413,24,45,2022-07-12 01:10:36.672,0,train,0.005795397758108195,0
normal,N0551,18414,25,45,2022-07-12 01:10:36.772,0,train,0.005272361849469859,0
normal,N0551,18415,26,45,2022-07-12 01:10:36.872,0,train,0.005272361849469859,0
normal,N0551,18416,27,45,2022-07-12 01:10:36.972,0,train,0.0028343815513626838,0
normal,N0551,18417,28,45,2022-07-12 01:10:37.072,0,train,0.0028343815513626838,0
normal,N0551,18418,29,45,2022-07-12 01:10:37.172,0,train,0.006101234363488731,0
normal,N0551,18419,30,45,2022-07-12 01:10:37.272,0,train,0.0028343815513626838,0
normal,N0551,18420,31,45,2022-07-12 01:10:37.372,0,train,0.0,0
normal,N0551,18421,32,45,2022-07-12 01:10:37.472,0,train,0.0,0
normal,N0551,18422,33,45,2022-07-12 01:10:37.572,0,train,0.0,0
normal,N0551,18423,34,45,2022-07-12 01:10:37.672,0,train,0.0,0
normal,N0551,18424,35,45,2022-07-12 01:10:37.772,0,train,0.0,0
normal,N0551,18425,36,45,2022-07-12 01:10:37.872,0,train,0.0,0
normal,N0551,18426,37,45,2022-07-12 01:10:37.972,0,train,0.0,0
normal,N0551,18427,38,45,2022-07-12 01:10:38.072,0,train,0.015742626593128143,0
normal,N0551,18428,39,45,2022-07-12 01:10:38.172,0,train,0.0,0
normal,N0551,18429,40,45,2022-07-12 01:10:38.272,0,train,0.0,0
normal,N0551,18430,41,45,2022-07-12 01:10:38.372,0,train,0.0,0
normal,N0551,18431,42,45,2022-07-12 01:10:38.472,0,train,0.0,0
normal,N0551,18432,43,45,2022-07-12 01:10:38.572,0,train,0.0,0
normal,N0551,18433,44,45,2022-07-12 01:10:38.672,0,train,0.0,0
normal,N0553,18474,9,17,2022-07-12 01:10:51.326,0,train,0.0,0
normal,N0553,18475,10,17,2022-07-12 01:10:51.426,0,train,0.0,0
normal,N0553,18476,11,17,2022-07-12 01:10:51.526,0,train,0.0,0
normal,N0553,18477,12,17,2022-07-12 01:10:51.626,0,train,0.0,0
normal,N0553,18478,13,17,2022-07-12 01:10:51.726,0,train,0.0,0
normal,N0553,18479,14,17,2022-07-12 01:10:51.826,0,train,0.0033042110781058886,0
normal,N0553,18480,15,17,2022-07-12 01:10:51.926,0,train,0.0,0
normal,N0553,18481,16,17,2022-07-12 01:10:52.026,0,train,0.0,0
normal,N0555,18494,9,50,2022-07-12 01:11:01.437,0,train,0.0,0
normal,N0555,18495,10,50,2022-07-12 01:11:01.537,0,train,0.0,0
normal,N0555,18496,11,50,2022-07-12 01:11:01.637,0,train,0.0,0
normal,N0555,18497,12,50,2022-07-12 01:11:01.737,0,train,0.0,0
normal,N0555,18498,13,50,2022-07-12 01:11:01.837,0,train,0.0,0
normal,N0555,18499,14,50,2022-07-12 01:11:01.937,0,train,0.0,0
normal,N0555,18500,15,50,2022-07-12 01:11:02.037,0,train,0.0,0
normal,N0555,18501,16,50,2022-07-12 01:11:02.137,0,train,0.0,0
normal,N0555,18502,17,50,2022-07-12 01:11:02.237,0,train,0.0,0
normal,N0555,18503,18,50,2022-07-12 01:11:02.337,0,train,0.0,0
normal,N0555,18504,19,50,2022-07-12 01:11:02.437,0,train,0.0,0
normal,N0555,18505,20,50,2022-07-12 01:11:02.537,0,train,0.0,0
normal,N0555,18506,21,50,2022-07-12 01:11:02.637,0,train,0.0,0
normal,N0555,18507,22,50,2022-07-12 01:11:02.737,0,train,0.0,0
normal,N0555,18508,23,50,2022-07-12 01:11:02.837,0,train,0.0,0
normal,N0555,18509,24,50,2022-07-12 01:11:02.937,0,train,0.0,0
normal,N0555,18510,25,50,2022-07-12 01:11:03.037,0,train,0.0,0
normal,N0555,18511,26,50,2022-07-12 01:11:03.137,0,train,0.0032998710307086338,0
normal,N0555,18512,27,50,2022-07-12 01:11:03.237,0,train,0.002888359885246902,0
normal,N0555,18513,28,50,2022-07-12 01:11:03.337,0,train,0.0,0
normal,N0555,18514,29,50,2022-07-12 01:11:03.437,0,train,0.0,0
normal,N0555,18515,30,50,2022-07-12 01:11:03.537,0,train,0.0,0
normal,N0555,18516,31,50,2022-07-12 01:11:03.637,0,train,0.0,0
normal,N0555,18517,32,50,2022-07-12 01:11:03.737,0,train,0.0,0
normal,N0555,18518,33,50,2022-07-12 01:11:03.837,0,train,0.0,0
normal,N0555,18519,34,50,2022-07-12 01:11:03.937,0,train,0.0,0
normal,N0555,18520,35,50,2022-07-12 01:11:04.037,0,train,0.0,0
normal,N0555,18521,36,50,2022-07-12 01:11:04.137,0,train,0.0,0
normal,N0555,18522,37,50,2022-07-12 01:11:04.237,0,train,0.0,0
normal,N0555,18523,38,50,2022-07-12 01:11:04.337,0,train,0.0,0
normal,N0555,18524,39,50,2022-07-12 01:11:04.437,0,train,0.0,0
normal,N0555,18525,40,50,2022-07-12 01:11:04.537,0,train,0.0,0
normal,N0555,18526,41,50,2022-07-12 01:11:04.637,0,train,0.0,0
normal,N0555,18527,42,50,2022-07-12 01:11:04.737,0,train,0.0033333333333333335,0
normal,N0555,18528,43,50,2022-07-12 01:11:04.837,0,train,0.012476425452595556,0
normal,N0555,18529,44,50,2022-07-12 01:11:04.937,0,train,0.02166712760410918,0
normal,N0555,18530,45,50,2022-07-12 01:11:05.037,0,train,0.02404124666087579,0
normal,N0555,18531,46,50,2022-07-12 01:11:05.137,0,train,0.0,0
normal,N0555,18532,47,50,2022-07-12 01:11:05.237,0,train,0.0,0
normal,N0555,18533,48,50,2022-07-12 01:11:05.337,0,train,0.0,0
normal,N0555,18534,49,50,2022-07-12 01:11:05.437,0,train,0.002656899068148647,0
normal,N0556,18544,9,50,2022-07-12 01:11:08.248,0,train,0.0,0
normal,N0556,18545,10,50,2022-07-12 01:11:08.348,0,train,0.0,0
normal,N0556,18546,11,50,2022-07-12 01:11:08.448,0,train,0.0,0
normal,N0556,18547,12,50,2022-07-12 01:11:08.548,0,train,0.0,0
normal,N0556,18548,13,50,2022-07-12 01:11:08.648,0,train,0.0,0
normal,N0556,18549,14,50,2022-07-12 01:11:08.748,0,train,0.015316239437048736,0
normal,N0556,18550,15,50,2022-07-12 01:11:08.848,0,train,0.0,0
normal,N0556,18551,16,50,2022-07-12 01:11:08.948,0,train,0.0,0
normal,N0556,18552,17,50,2022-07-12 01:11:09.048,0,train,0.008803227538450142,0
normal,N0556,18553,18,50,2022-07-12 01:11:09.148,0,train,0.002503312662320454,0
normal,N0556,18554,19,50,2022-07-12 01:11:09.248,0,train,0.005821542473596352,0
normal,N0556,18555,20,50,2022-07-12 01:11:09.348,0,train,0.00992005499269426,0
normal,N0556,18556,21,50,2022-07-12 01:11:09.448,0,train,0.05876001089228255,0
normal,N0556,18557,22,50,2022-07-12 01:11:09.548,0,train,0.002961190855927698,0
normal,N0556,18558,23,50,2022-07-12 01:11:09.648,0,train,0.0,0
normal,N0556,18559,24,50,2022-07-12 01:11:09.748,0,train,0.0,0
normal,N0556,18560,25,50,2022-07-12 01:11:09.848,0,train,0.0,0
normal,N0556,18561,26,50,2022-07-12 01:11:09.948,0,train,0.0,0
normal,N0556,18562,27,50,2022-07-12 01:11:10.048,0,train,0.0,0
normal,N0556,18563,28,50,2022-07-12 01:11:10.148,0,train,0.0,0
normal,N0556,18564,29,50,2022-07-12 01:11:10.248,0,train,0.0,0
normal,N0556,18565,30,50,2022-07-12 01:11:10.348,0,train,0.0,0
normal,N0556,18566,31,50,2022-07-12 01:11:10.448,0,train,0.0,0
normal,N0556,18567,32,50,2022-07-12 01:11:10.548,0,train,0.0,0
normal,N0556,18568,33,50,2022-07-12 01:11:10.648,0,train,0.0,0
normal,N0556,18569,34,50,2022-07-12 01:11:10.748,0,train,0.0,0
normal,N0556,18570,35,50,2022-07-12 01:11:10.848,0,train,0.0,0
normal,N0556,18571,36,50,2022-07-12 01:11:10.948,0,train,0.003183274321362333,0
normal,N0556,18572,37,50,2022-07-12 01:11:11.048,0,train,0.006652522560433908,0
normal,N0556,18573,38,50,2022-07-12 01:11:11.148,0,train,0.0,0
normal,N0556,18574,39,50,2022-07-12 01:11:11.248,0,train,0.009292138202982051,0
normal,N0556,18575,40,50,2022-07-12 01:11:11.348,0,train,0.0,0
normal,N0556,18576,41,50,2022-07-12 01:11:11.448,0,train,0.0,0
normal,N0556,18577,42,50,2022-07-12 01:11:11.548,0,train,0.009356007043248182,0
normal,N0556,18578,43,50,2022-07-12 01:11:11.648,0,train,0.0,0
normal,N0556,18579,44,50,2022-07-12 01:11:11.748,0,train,0.0,0
normal,N0556,18580,45,50,2022-07-12 01:11:11.848,0,train,0.006011246760023345,0
normal,N0556,18581,46,50,2022-07-12 01:11:11.948,0,train,0.0033333333333333335,0
normal,N0556,18582,47,50,2022-07-12 01:11:12.048,0,train,0.0,0
normal,N0556,18583,48,50,2022-07-12 01:11:12.148,0,train,0.0,0
normal,N0556,18584,49,50,2022-07-12 01:11:12.248,0,train,0.0,0
normal,N0558,18639,9,30,2022-07-12 01:11:23.727,0,train,0.0,0
normal,N0558,18640,10,30,2022-07-12 01:11:23.827,0,train,0.021054648337262723,0
normal,N0558,18641,11,30,2022-07-12 01:11:23.927,0,train,0.0,0
normal,N0558,18642,12,30,2022-07-12 01:11:24.027,0,train,0.0,0
normal,N0558,18643,13,30,2022-07-12 01:11:24.127,0,train,0.0,0
normal,N0558,18644,14,30,2022-07-12 01:11:24.227,0,train,0.0,0
normal,N0558,18645,15,30,2022-07-12 01:11:24.327,0,train,0.0,0
normal,N0558,18646,16,30,2022-07-12 01:11:24.427,0,train,0.0,0
normal,N0558,18647,17,30,2022-07-12 01:11:24.527,0,train,0.0,0
normal,N0558,18648,18,30,2022-07-12 01:11:24.627,0,train,0.0,0
normal,N0558,18649,19,30,2022-07-12 01:11:24.727,0,train,0.0,0
normal,N0558,18650,20,30,2022-07-12 01:11:24.827,0,train,0.0,0
normal,N0558,18651,21,30,2022-07-12 01:11:24.927,0,train,0.0029804591159172836,0
normal,N0558,18652,22,30,2022-07-12 01:11:25.027,0,train,0.0,0
normal,N0558,18653,23,30,2022-07-12 01:11:25.127,0,train,0.0,0
normal,N0558,18654,24,30,2022-07-12 01:11:25.227,0,train,0.0,0
normal,N0558,18655,25,30,2022-07-12 01:11:25.327,0,train,0.0,0
normal,N0558,18656,26,30,2022-07-12 01:11:25.427,0,train,0.0,0
normal,N0558,18657,27,30,2022-07-12 01:11:25.527,0,train,0.0,0
normal,N0558,18658,28,30,2022-07-12 01:11:25.627,0,train,0.0,0
normal,N0558,18659,29,30,2022-07-12 01:11:25.727,0,train,0.0,0
normal,N0559,18669,9,19,2022-07-12 01:11:31.688,0,train,0.0029595921686370176,0
normal,N0559,18670,10,19,2022-07-12 01:11:31.788,0,train,0.0,0
normal,N0559,18671,11,19,2022-07-12 01:11:31.888,0,train,0.0,0
normal,N0559,18672,12,19,2022-07-12 01:11:31.988,0,train,0.0,0
normal,N0559,18673,13,19,2022-07-12 01:11:32.088,0,train,0.0,0
normal,N0559,18674,14,19,2022-07-12 01:11:32.188,0,train,0.0,0
normal,N0559,18675,15,19,2022-07-12 01:11:32.288,0,train,0.0031763285024154577,0
normal,N0559,18676,16,19,2022-07-12 01:11:32.388,0,train,0.0,0
normal,N0559,18677,17,19,2022-07-12 01:11:32.488,0,train,0.0,0
normal,N0559,18678,18,19,2022-07-12 01:11:32.588,0,train,0.0028343815513626833,0
normal,N0561,18693,9,50,2022-07-12 01:11:48.690,0,train,0.014008813632893873,0
normal,N0561,18694,10,50,2022-07-12 01:11:48.790,0,train,0.020083272612332306,0
normal,N0561,18695,11,50,2022-07-12 01:11:48.890,0,train,0.0,0
normal,N0561,18696,12,50,2022-07-12 01:11:48.990,0,train,0.0,0
normal,N0561,18697,13,50,2022-07-12 01:11:49.090,0,train,0.0,0
normal,N0561,18698,14,50,2022-07-12 01:11:49.190,0,train,0.002891617790811339,0
normal,N0561,18699,15,50,2022-07-12 01:11:49.290,0,train,0.0030252476829658046,0
normal,N0561,18700,16,50,2022-07-12 01:11:49.390,0,train,0.0,0
normal,N0561,18701,17,50,2022-07-12 01:11:49.490,0,train,0.0,0
normal,N0561,18702,18,50,2022-07-12 01:11:49.590,0,train,0.0,0
normal,N0561,18703,19,50,2022-07-12 01:11:49.690,0,train,0.0032995879436926103,0
normal,N0561,18704,20,50,2022-07-12 01:11:49.790,0,train,0.0,0
normal,N0561,18705,21,50,2022-07-12 01:11:49.890,0,train,0.003278864462523801,0
normal,N0561,18706,22,50,2022-07-12 01:11:49.990,0,train,0.0,0
normal,N0561,18707,23,50,2022-07-12 01:11:50.090,0,train,0.0,0
normal,N0561,18708,24,50,2022-07-12 01:11:50.190,0,train,0.0,0
normal,N0561,18709,25,50,2022-07-12 01:11:50.290,0,train,0.0,0
normal,N0561,18710,26,50,2022-07-12 01:11:50.390,0,train,0.0,0
normal,N0561,18711,27,50,2022-07-12 01:11:50.490,0,train,0.006000709303274762,0
normal,N0561,18712,28,50,2022-07-12 01:11:50.590,0,train,0.006489949237085635,0
normal,N0561,18713,29,50,2022-07-12 01:11:50.690,0,train,0.0,0
normal,N0561,18714,30,50,2022-07-12 01:11:50.790,0,train,0.0,0
normal,N0561,18715,31,50,2022-07-12 01:11:50.890,0,train,0.0,0
normal,N0561,18716,32,50,2022-07-12 01:11:50.990,0,train,0.0,0
normal,N0561,18717,33,50,2022-07-12 01:11:51.090,0,train,0.0,0
normal,N0561,18718,34,50,2022-07-12 01:11:51.190,0,train,0.0,0
normal,N0561,18719,35,50,2022-07-12 01:11:51.290,0,train,0.0,0
normal,N0561,18720,36,50,2022-07-12 01:11:51.390,0,train,0.018863470860302885,0
normal,N0561,18721,37,50,2022-07-12 01:11:51.490,0,train,0.0062613462391325455,0
normal,N0561,18722,38,50,2022-07-12 01:11:51.590,0,train,0.0,0
normal,N0561,18723,39,50,2022-07-12 01:11:51.690,0,train,0.0,0
normal,N0561,18724,40,50,2022-07-12 01:11:51.790,0,train,0.0,0
normal,N0561,18725,41,50,2022-07-12 01:11:51.890,0,train,0.0,0
normal,N0561,18726,42,50,2022-07-12 01:11:51.990,0,train,0.0,0
normal,N0561,18727,43,50,2022-07-12 01:11:52.090,0,train,0.0,0
normal,N0561,18728,44,50,2022-07-12 01:11:52.190,0,train,0.0028997887388628636,0
normal,N0561,18729,45,50,2022-07-12 01:11:52.290,0,train,0.0,0
normal,N0561,18730,46,50,2022-07-12 01:11:52.390,0,train,0.0,0
normal,N0561,18731,47,50,2022-07-12 01:11:52.490,0,train,0.0,0
normal,N0561,18732,48,50,2022-07-12 01:11:52.590,0,train,0.0,0
normal,N0561,18733,49,50,2022-07-12 01:11:52.690,0,train,0.0,0
normal,N0563,18793,9,44,2022-07-12 01:12:04.084,0,train,0.0,0
normal,N0563,18794,10,44,2022-07-12 01:12:04.184,0,train,0.021499044208472762,0
normal,N0563,18795,11,44,2022-07-12 01:12:04.284,0,train,0.0,0
normal,N0563,18796,12,44,2022-07-12 01:12:04.384,0,train,0.0,0
normal,N0563,18797,13,44,2022-07-12 01:12:04.484,0,train,0.0,0
normal,N0563,18798,14,44,2022-07-12 01:12:04.584,0,train,0.0,0
normal,N0563,18799,15,44,2022-07-12 01:12:04.684,0,train,0.0,0
normal,N0563,18800,16,44,2022-07-12 01:12:04.784,0,train,0.0,0
normal,N0563,18801,17,44,2022-07-12 01:12:04.884,0,train,0.0,0
normal,N0563,18802,18,44,2022-07-12 01:12:04.984,0,train,0.0,0
normal,N0563,18803,19,44,2022-07-12 01:12:05.084,0,train,0.0,0
normal,N0563,18804,20,44,2022-07-12 01:12:05.184,0,train,0.0029913317572892043,0
normal,N0563,18805,21,44,2022-07-12 01:12:05.284,0,train,0.0029913317572892043,0
normal,N0563,18806,22,44,2022-07-12 01:12:05.384,0,train,0.0,0
normal,N0563,18807,23,44,2022-07-12 01:12:05.484,0,train,0.009584922601682744,0
normal,N0563,18808,24,44,2022-07-12 01:12:05.584,0,train,0.022172701684637502,0
normal,N0563,18809,25,44,2022-07-12 01:12:05.684,0,train,0.0,0
normal,N0563,18810,26,44,2022-07-12 01:12:05.784,0,train,0.003317160600141424,0
normal,N0563,18811,27,44,2022-07-12 01:12:05.884,0,train,0.0,0
normal,N0563,18812,28,44,2022-07-12 01:12:05.984,0,train,0.0,0
normal,N0563,18813,29,44,2022-07-12 01:12:06.084,0,train,0.0,0
normal,N0563,18814,30,44,2022-07-12 01:12:06.184,0,train,0.0029161645190198078,0
normal,N0563,18815,31,44,2022-07-12 01:12:06.284,0,train,0.0,0
normal,N0563,18816,32,44,2022-07-12 01:12:06.384,0,train,0.0,0
normal,N0563,18817,33,44,2022-07-12 01:12:06.484,0,train,0.0,0
normal,N0563,18818,34,44,2022-07-12 01:12:06.584,0,train,0.002999237804878049,0
normal,N0563,18819,35,44,2022-07-12 01:12:06.684,0,train,0.0,0
normal,N0563,18820,36,44,2022-07-12 01:12:06.784,0,train,0.002941359464924561,0
normal,N0563,18821,37,44,2022-07-12 01:12:06.884,0,train,0.0,0
normal,N0563,18822,38,44,2022-07-12 01:12:06.984,0,train,0.0,0
normal,N0563,18823,39,44,2022-07-12 01:12:07.084,0,train,0.0033209157528376796,0
normal,N0563,18824,40,44,2022-07-12 01:12:07.184,0,train,0.0,0
normal,N0563,18825,41,44,2022-07-12 01:12:07.284,0,train,0.0,0
normal,N0563,18826,42,44,2022-07-12 01:12:07.384,0,train,0.0,0
normal,N0563,18827,43,44,2022-07-12 01:12:07.484,0,train,0.003200973268899328,0
normal,N0564,18837,9,30,2022-07-12 01:12:12.147,0,train,0.0,0
normal,N0564,18838,10,30,2022-07-12 01:12:12.247,0,train,0.0,0
normal,N0564,18839,11,30,2022-07-12 01:12:12.347,0,train,0.0033333333333333335,0
normal,N0564,18840,12,30,2022-07-12 01:12:12.447,0,train,0.0033333333333333335,0
normal,N0564,18841,13,30,2022-07-12 01:12:12.547,0,train,0.0,0
normal,N0564,18842,14,30,2022-07-12 01:12:12.647,0,train,0.0,0
normal,N0564,18843,15,30,2022-07-12 01:12:12.747,0,train,0.0,0
normal,N0564,18844,16,30,2022-07-12 01:12:12.847,0,train,0.0,0
normal,N0564,18845,17,30,2022-07-12 01:12:12.947,0,train,0.0,0
normal,N0564,18846,18,30,2022-07-12 01:12:13.047,0,train,0.0,0
normal,N0564,18847,19,30,2022-07-12 01:12:13.147,0,train,0.0,0
normal,N0564,18848,20,30,2022-07-12 01:12:13.247,0,train,0.0033036857635989083,0
normal,N0564,18849,21,30,2022-07-12 01:12:13.347,0,train,0.022219394048273187,0
normal,N0564,18850,22,30,2022-07-12 01:12:13.447,0,train,0.0,0
normal,N0564,18851,23,30,2022-07-12 01:12:13.547,0,train,0.0,0
normal,N0564,18852,24,30,2022-07-12 01:12:13.647,0,train,0.0,0
normal,N0564,18853,25,30,2022-07-12 01:12:13.747,0,train,0.0,0
normal,N0564,18854,26,30,2022-07-12 01:12:13.847,0,train,0.0,0
normal,N0564,18855,27,30,2022-07-12 01:12:13.947,0,train,0.0,0
normal,N0564,18856,28,30,2022-07-12 01:12:14.047,0,train,0.0,0
normal,N0564,18857,29,30,2022-07-12 01:12:14.147,0,train,0.0,0
normal,N0565,18867,9,18,2022-07-12 01:12:20.095,0,train,0.0,0
normal,N0565,18868,10,18,2022-07-12 01:12:20.195,0,train,0.0,0
normal,N0565,18869,11,18,2022-07-12 01:12:20.295,0,train,0.01518289664581502,0
normal,N0565,18870,12,18,2022-07-12 01:12:20.395,0,train,0.0,0
normal,N0565,18871,13,18,2022-07-12 01:12:20.495,0,train,0.0,0
normal,N0565,18872,14,18,2022-07-12 01:12:20.595,0,train,0.0,0
normal,N0565,18873,15,18,2022-07-12 01:12:20.695,0,train,0.0,0
normal,N0565,18874,16,18,2022-07-12 01:12:20.795,0,train,0.0,0
normal,N0565,18875,17,18,2022-07-12 01:12:20.895,0,train,0.0,0
normal,N0568,18939,9,50,2022-07-12 01:12:36.955,0,train,0.008623020260899951,0
normal,N0568,18940,10,50,2022-07-12 01:12:37.055,0,train,0.0,0
normal,N0568,18941,11,50,2022-07-12 01:12:37.155,0,train,0.0,0
normal,N0568,18942,12,50,2022-07-12 01:12:37.255,0,train,0.0,0
normal,N0568,18943,13,50,2022-07-12 01:12:37.355,0,train,0.0,0
normal,N0568,18944,14,50,2022-07-12 01:12:37.455,0,train,0.0028180138292799237,0
normal,N0568,18945,15,50,2022-07-12 01:12:37.555,0,train,0.0031730543540220636,0
normal,N0568,18946,16,50,2022-07-12 01:12:37.655,0,train,0.0,0
normal,N0568,18947,17,50,2022-07-12 01:12:37.755,0,train,0.0,0
normal,N0568,18948,18,50,2022-07-12 01:12:37.855,0,train,0.0,0
normal,N0568,18949,19,50,2022-07-12 01:12:37.955,0,train,0.0,0
normal,N0568,18950,20,50,2022-07-12 01:12:38.055,0,train,0.0,0
normal,N0568,18951,21,50,2022-07-12 01:12:38.155,0,train,0.0,0
normal,N0568,18952,22,50,2022-07-12 01:12:38.255,0,train,0.0065569114922502565,0
normal,N0568,18953,23,50,2022-07-12 01:12:38.355,0,train,0.0,0
normal,N0568,18954,24,50,2022-07-12 01:12:38.455,0,train,0.0,0
normal,N0568,18955,25,50,2022-07-12 01:12:38.555,0,train,0.0,0
normal,N0568,18956,26,50,2022-07-12 01:12:38.655,0,train,0.0,0
normal,N0568,18957,27,50,2022-07-12 01:12:38.755,0,train,0.00310887970072849,0
normal,N0568,18958,28,50,2022-07-12 01:12:38.855,0,train,0.0,0
normal,N0568,18959,29,50,2022-07-12 01:12:38.955,0,train,0.0,0
normal,N0568,18960,30,50,2022-07-12 01:12:39.055,0,train,0.0,0
normal,N0568,18961,31,50,2022-07-12 01:12:39.155,0,train,0.006136187699515014,0
normal,N0568,18962,32,50,2022-07-12 01:12:39.255,0,train,0.003260839689411118,0
normal,N0568,18963,33,50,2022-07-12 01:12:39.355,0,train,0.0,0
normal,N0568,18964,34,50,2022-07-12 01:12:39.455,0,train,0.0,0
normal,N0568,18965,35,50,2022-07-12 01:12:39.555,0,train,0.0,0
normal,N0568,18966,36,50,2022-07-12 01:12:39.655,0,train,0.0,0
normal,N0568,18967,37,50,2022-07-12 01:12:39.755,0,train,0.0,0
normal,N0568,18968,38,50,2022-07-12 01:12:39.855,0,train,0.0,0
normal,N0568,18969,39,50,2022-07-12 01:12:39.955,0,train,0.0,0
normal,N0568,18970,40,50,2022-07-12 01:12:40.055,0,train,0.0,0
normal,N0568,18971,41,50,2022-07-12 01:12:40.155,0,train,0.0,0
normal,N0568,18972,42,50,2022-07-12 01:12:40.255,0,train,0.0,0
normal,N0568,18973,43,50,2022-07-12 01:12:40.355,0,train,0.0,0
normal,N0568,18974,44,50,2022-07-12 01:12:40.455,0,train,0.0,0
normal,N0568,18975,45,50,2022-07-12 01:12:40.555,0,train,0.0,0
normal,N0568,18976,46,50,2022-07-12 01:12:40.655,0,train,0.006303575622311078,0
normal,N0568,18977,47,50,2022-07-12 01:12:40.755,0,train,0.019034492848180356,0
normal,N0568,18978,48,50,2022-07-12 01:12:40.855,0,train,0.021658390814874435,0
normal,N0568,18979,49,50,2022-07-12 01:12:40.955,0,train,0.0,0
normal,N0569,18989,9,44,2022-07-12 01:12:44.212,0,train,0.31673545387215274,0
normal,N0569,18990,10,44,2022-07-12 01:12:44.312,0,train,0.2714790178723083,0
normal,N0569,18991,11,44,2022-07-12 01:12:44.412,0,train,0.23357144909545066,0
normal,N0569,18992,12,44,2022-07-12 01:12:44.512,0,train,0.21647763632309056,0
normal,N0569,18993,13,44,2022-07-12 01:12:44.612,0,train,0.2976146221216759,0
normal,N0569,18994,14,44,2022-07-12 01:12:44.712,0,train,0.3237213387298263,0
normal,N0569,18995,15,44,2022-07-12 01:12:44.812,0,train,0.21696459533253687,0
normal,N0569,18996,16,44,2022-07-12 01:12:44.912,0,train,0.344969805421748,1
normal,N0569,18997,17,44,2022-07-12 01:12:45.012,0,train,0.2931374051472535,0
normal,N0569,18998,18,44,2022-07-12 01:12:45.112,0,train,0.29647206586840824,0
normal,N0569,18999,19,44,2022-07-12 01:12:45.212,0,train,0.2339450389926871,0
normal,N0569,19000,20,44,2022-07-12 01:12:45.312,0,train,0.2633651212474974,0
normal,N0569,19001,21,44,2022-07-12 01:12:45.412,0,train,0.17318397407899466,0
normal,N0569,19002,22,44,2022-07-12 01:12:45.512,0,train,0.1424556512341464,0
normal,N0569,19003,23,44,2022-07-12 01:12:45.612,0,train,0.20102225681114194,0
normal,N0569,19004,24,44,2022-07-12 01:12:45.712,0,train,0.12085559105994449,0
normal,N0569,19005,25,44,2022-07-12 01:12:45.812,0,train,0.06416652362927515,0
normal,N0569,19006,26,44,2022-07-12 01:12:45.912,0,train,0.04162292728451011,0
normal,N0569,19007,27,44,2022-07-12 01:12:46.012,0,train,0.07757140616126586,0
normal,N0569,19008,28,44,2022-07-12 01:12:46.112,0,train,0.037950657050626786,0
normal,N0569,19009,29,44,2022-07-12 01:12:46.212,0,train,0.0063544532657882095,0
normal,N0569,19010,30,44,2022-07-12 01:12:46.312,0,train,0.003140908940452153,0
normal,N0569,19011,31,44,2022-07-12 01:12:46.412,0,train,0.013210265704494639,0
normal,N0569,19012,32,44,2022-07-12 01:12:46.512,0,train,0.044380804028089325,0
normal,N0569,19013,33,44,2022-07-12 01:12:46.612,0,train,0.028519003574343706,0
normal,N0569,19014,34,44,2022-07-12 01:12:46.712,0,train,0.0031711729822092674,0
normal,N0569,19015,35,44,2022-07-12 01:12:46.812,0,train,0.0,0
normal,N0569,19016,36,44,2022-07-12 01:12:46.912,0,train,0.0,0
normal,N0569,19017,37,44,2022-07-12 01:12:47.012,0,train,0.018945963246900434,0
normal,N0569,19018,38,44,2022-07-12 01:12:47.112,0,train,0.03737677352473071,0
normal,N0569,19019,39,44,2022-07-12 01:12:47.212,0,train,0.0029740500172581504,0
normal,N0569,19020,40,44,2022-07-12 01:12:47.312,0,train,0.006057147739139142,0
normal,N0569,19021,41,44,2022-07-12 01:12:47.412,0,train,0.006159638143916087,0
normal,N0569,19022,42,44,2022-07-12 01:12:47.512,0,train,0.005971031484021303,0
normal,N0569,19023,43,44,2022-07-12 01:12:47.612,0,train,0.056170646406935004,0
normal,N0570,19033,9,42,2022-07-12 01:12:52.368,0,train,0.0,0
normal,N0570,19034,10,42,2022-07-12 01:12:52.468,0,train,0.009192060242320136,0
normal,N0570,19035,11,42,2022-07-12 01:12:52.568,0,train,0.0029626153605506024,0
normal,N0570,19036,12,42,2022-07-12 01:12:52.668,0,train,0.0,0
normal,N0570,19037,13,42,2022-07-12 01:12:52.768,0,train,0.0,0
normal,N0570,19038,14,42,2022-07-12 01:12:52.868,0,train,0.0,0
normal,N0570,19039,15,42,2022-07-12 01:12:52.968,0,train,0.0,0
normal,N0570,19040,16,42,2022-07-12 01:12:53.068,0,train,0.0,0
normal,N0570,19041,17,42,2022-07-12 01:12:53.168,0,train,0.0,0
normal,N0570,19042,18,42,2022-07-12 01:12:53.268,0,train,0.0,0
normal,N0570,19043,19,42,2022-07-12 01:12:53.368,0,train,0.0031887970305382153,0
normal,N0570,19044,20,42,2022-07-12 01:12:53.468,0,train,0.0,0
normal,N0570,19045,21,42,2022-07-12 01:12:53.568,0,train,0.0033333333333333335,0
normal,N0570,19046,22,42,2022-07-12 01:12:53.668,0,train,0.0,0
normal,N0570,19047,23,42,2022-07-12 01:12:53.768,0,train,0.0,0
normal,N0570,19048,24,42,2022-07-12 01:12:53.868,0,train,0.0,0
normal,N0570,19049,25,42,2022-07-12 01:12:53.968,0,train,0.0,0
normal,N0570,19050,26,42,2022-07-12 01:12:54.068,0,train,0.0,0
normal,N0570,19051,27,42,2022-07-12 01:12:54.168,0,train,0.012074523732032924,0
normal,N0570,19052,28,42,2022-07-12 01:12:54.268,0,train,0.0,0
normal,N0570,19053,29,42,2022-07-12 01:12:54.368,0,train,0.0,0
normal,N0570,19054,30,42,2022-07-12 01:12:54.468,0,train,0.0,0
normal,N0570,19055,31,42,2022-07-12 01:12:54.568,0,train,0.0032464544486796474,0
normal,N0570,19056,32,42,2022-07-12 01:12:54.668,0,train,0.0032464544486796474,0
normal,N0570,19057,33,42,2022-07-12 01:12:54.768,0,train,0.0032464544486796474,0
normal,N0570,19058,34,42,2022-07-12 01:12:54.868,0,train,0.0,0
normal,N0570,19059,35,42,2022-07-12 01:12:54.968,0,train,0.0,0
normal,N0570,19060,36,42,2022-07-12 01:12:55.068,0,train,0.0,0
normal,N0570,19061,37,42,2022-07-12 01:12:55.168,0,train,0.0032464544486796474,0
normal,N0570,19062,38,42,2022-07-12 01:12:55.268,0,train,0.0,0
normal,N0570,19063,39,42,2022-07-12 01:12:55.368,0,train,0.006296124748644228,0
normal,N0570,19064,40,42,2022-07-12 01:12:55.468,0,train,0.003253322344699701,0
normal,N0570,19065,41,42,2022-07-12 01:12:55.568,0,train,0.003253322344699701,0
normal,N0571,19075,9,30,2022-07-12 01:13:00.419,0,train,0.0,0
normal,N0571,19076,10,30,2022-07-12 01:13:00.519,0,train,0.009714176420723059,0
normal,N0571,19077,11,30,2022-07-12 01:13:00.619,0,train,0.0,0
normal,N0571,19078,12,30,2022-07-12 01:13:00.719,0,train,0.0,0
normal,N0571,19079,13,30,2022-07-12 01:13:00.819,0,train,0.009685459648789226,0
normal,N0571,19080,14,30,2022-07-12 01:13:00.919,0,train,0.006019880309881069,0
normal,N0571,19081,15,30,2022-07-12 01:13:01.019,0,train,0.0,0
normal,N0571,19082,16,30,2022-07-12 01:13:01.119,0,train,0.00315675061034748,0
normal,N0571,19083,17,30,2022-07-12 01:13:01.219,0,train,0.0,0
normal,N0571,19084,18,30,2022-07-12 01:13:01.319,0,train,0.012762370406019224,0
normal,N0571,19085,19,30,2022-07-12 01:13:01.419,0,train,0.018267098027931316,0
normal,N0571,19086,20,30,2022-07-12 01:13:01.519,0,train,0.0,0
normal,N0571,19087,21,30,2022-07-12 01:13:01.619,0,train,0.0,0
normal,N0571,19088,22,30,2022-07-12 01:13:01.719,0,train,0.0033333333333333335,0
normal,N0571,19089,23,30,2022-07-12 01:13:01.819,0,train,0.0,0
normal,N0571,19090,24,30,2022-07-12 01:13:01.919,0,train,0.0,0
normal,N0571,19091,25,30,2022-07-12 01:13:02.019,0,train,0.0,0
normal,N0571,19092,26,30,2022-07-12 01:13:02.119,0,train,0.00969417268253552,0
normal,N0571,19093,27,30,2022-07-12 01:13:02.219,0,train,0.01550106511175733,0
normal,N0571,19094,28,30,2022-07-12 01:13:02.319,0,train,0.00331960100275231,0
normal,N0571,19095,29,30,2022-07-12 01:13:02.419,0,train,0.0,0
normal,N0574,19133,9,50,2022-07-12 01:13:25.640,0,train,0.0,0
normal,N0574,19134,10,50,2022-07-12 01:13:25.740,0,train,0.0,0
normal,N0574,19135,11,50,2022-07-12 01:13:25.840,0,train,0.0,0
normal,N0574,19136,12,50,2022-07-12 01:13:25.940,0,train,0.0,0
normal,N0574,19137,13,50,2022-07-12 01:13:26.040,0,train,0.0,0
normal,N0574,19138,14,50,2022-07-12 01:13:26.140,0,train,0.0,0
normal,N0574,19139,15,50,2022-07-12 01:13:26.240,0,train,0.0,0
normal,N0574,19140,16,50,2022-07-12 01:13:26.340,0,train,0.0,0
normal,N0574,19141,17,50,2022-07-12 01:13:26.440,0,train,0.0,0
normal,N0574,19142,18,50,2022-07-12 01:13:26.540,0,train,0.006128583534502208,0
normal,N0574,19143,19,50,2022-07-12 01:13:26.640,0,train,0.0,0
normal,N0574,19144,20,50,2022-07-12 01:13:26.740,0,train,0.0,0
normal,N0574,19145,21,50,2022-07-12 01:13:26.840,0,train,0.0,0
normal,N0574,19146,22,50,2022-07-12 01:13:26.940,0,train,0.0,0
normal,N0574,19147,23,50,2022-07-12 01:13:27.040,0,train,0.0,0
normal,N0574,19148,24,50,2022-07-12 01:13:27.140,0,train,0.0,0
normal,N0574,19149,25,50,2022-07-12 01:13:27.240,0,train,0.0,0
normal,N0574,19150,26,50,2022-07-12 01:13:27.340,0,train,0.0030996104618809133,0
normal,N0574,19151,27,50,2022-07-12 01:13:27.440,0,train,0.0,0
normal,N0574,19152,28,50,2022-07-12 01:13:27.540,0,train,0.0,0
normal,N0574,19153,29,50,2022-07-12 01:13:27.640,0,train,0.0,0
normal,N0574,19154,30,50,2022-07-12 01:13:27.740,0,train,0.0,0
normal,N0574,19155,31,50,2022-07-12 01:13:27.840,0,train,0.0,0
normal,N0574,19156,32,50,2022-07-12 01:13:27.940,0,train,0.0,0
normal,N0574,19157,33,50,2022-07-12 01:13:28.040,0,train,0.0,0
normal,N0574,19158,34,50,2022-07-12 01:13:28.140,0,train,0.0,0
normal,N0574,19159,35,50,2022-07-12 01:13:28.240,0,train,0.0,0
normal,N0574,19160,36,50,2022-07-12 01:13:28.340,0,train,0.0,0
normal,N0574,19161,37,50,2022-07-12 01:13:28.440,0,train,0.0,0
normal,N0574,19162,38,50,2022-07-12 01:13:28.540,0,train,0.0,0
normal,N0574,19163,39,50,2022-07-12 01:13:28.640,0,train,0.0,0
normal,N0574,19164,40,50,2022-07-12 01:13:28.740,0,train,0.0,0
normal,N0574,19165,41,50,2022-07-12 01:13:28.840,0,train,0.0,0
normal,N0574,19166,42,50,2022-07-12 01:13:28.940,0,train,0.0,0
normal,N0574,19167,43,50,2022-07-12 01:13:29.040,0,train,0.0,0
normal,N0574,19168,44,50,2022-07-12 01:13:29.140,0,train,0.0,0
normal,N0574,19169,45,50,2022-07-12 01:13:29.240,0,train,0.0,0
normal,N0574,19170,46,50,2022-07-12 01:13:29.340,0,train,0.0,0
normal,N0574,19171,47,50,2022-07-12 01:13:29.440,0,train,0.0,0
normal,N0574,19172,48,50,2022-07-12 01:13:29.540,0,train,0.0,0
normal,N0574,19173,49,50,2022-07-12 01:13:29.640,0,train,0.0,0
normal,N0575,19183,9,50,2022-07-12 01:13:33.740,0,train,0.009068173896296751,0
normal,N0575,19184,10,50,2022-07-12 01:13:33.840,0,train,0.005893417062534287,0
normal,N0575,19185,11,50,2022-07-12 01:13:33.940,0,train,0.0033333333333333335,0
normal,N0575,19186,12,50,2022-07-12 01:13:34.040,0,train,0.005965861334887615,0
normal,N0575,19187,13,50,2022-07-12 01:13:34.140,0,train,0.0030216815148322,0
normal,N0575,19188,14,50,2022-07-12 01:13:34.240,0,train,0.0,0
normal,N0575,19189,15,50,2022-07-12 01:13:34.340,0,train,0.0,0
normal,N0575,19190,16,50,2022-07-12 01:13:34.440,0,train,0.0,0
normal,N0575,19191,17,50,2022-07-12 01:13:34.540,0,train,0.0,0
normal,N0575,19192,18,50,2022-07-12 01:13:34.640,0,train,0.0,0
normal,N0575,19193,19,50,2022-07-12 01:13:34.740,0,train,0.0,0
normal,N0575,19194,20,50,2022-07-12 01:13:34.840,0,train,0.025665270605466247,0
normal,N0575,19195,21,50,2022-07-12 01:13:34.940,0,train,0.025318681982525647,0
normal,N0575,19196,22,50,2022-07-12 01:13:35.040,0,train,0.0032250140729747716,0
normal,N0575,19197,23,50,2022-07-12 01:13:35.140,0,train,0.0029441798200554154,0
normal,N0575,19198,24,50,2022-07-12 01:13:35.240,0,train,0.0,0
normal,N0575,19199,25,50,2022-07-12 01:13:35.340,0,train,0.025266672396110523,0
normal,N0575,19200,26,50,2022-07-12 01:13:35.440,0,train,0.0,0
normal,N0575,19201,27,50,2022-07-12 01:13:35.540,0,train,0.008729798759647576,0
normal,N0575,19202,28,50,2022-07-12 01:13:35.640,0,train,0.009458658619787598,0
normal,N0575,19203,29,50,2022-07-12 01:13:35.740,0,train,0.012517526726678548,0
normal,N0575,19204,30,50,2022-07-12 01:13:35.840,0,train,0.0032659639822465196,0
normal,N0575,19205,31,50,2022-07-12 01:13:35.940,0,train,0.0,0
normal,N0575,19206,32,50,2022-07-12 01:13:36.040,0,train,0.0,0
normal,N0575,19207,33,50,2022-07-12 01:13:36.140,0,train,0.002838614546658241,0
normal,N0575,19208,34,50,2022-07-12 01:13:36.240,0,train,0.0,0
normal,N0575,19209,35,50,2022-07-12 01:13:36.340,0,train,0.003127860647370674,0
normal,N0575,19210,36,50,2022-07-12 01:13:36.440,0,train,0.0,0
normal,N0575,19211,37,50,2022-07-12 01:13:36.540,0,train,0.0,0
normal,N0575,19212,38,50,2022-07-12 01:13:36.640,0,train,0.0,0
normal,N0575,19213,39,50,2022-07-12 01:13:36.740,0,train,0.0,0
normal,N0575,19214,40,50,2022-07-12 01:13:36.840,0,train,0.0,0
normal,N0575,19215,41,50,2022-07-12 01:13:36.940,0,train,0.0,0
normal,N0575,19216,42,50,2022-07-12 01:13:37.040,0,train,0.003254009134301707,0
normal,N0575,19217,43,50,2022-07-12 01:13:37.140,0,train,0.0030335927242450436,0
normal,N0575,19218,44,50,2022-07-12 01:13:37.240,0,train,0.002934326967862133,0
normal,N0575,19219,45,50,2022-07-12 01:13:37.340,0,train,0.0032250140729747716,0
normal,N0575,19220,46,50,2022-07-12 01:13:37.440,0,train,0.0,0
normal,N0575,19221,47,50,2022-07-12 01:13:37.540,0,train,0.0,0
normal,N0575,19222,48,50,2022-07-12 01:13:37.640,0,train,0.0,0
normal,N0575,19223,49,50,2022-07-12 01:13:37.740,0,train,0.0,0
normal,N0576,19233,9,49,2022-07-12 01:13:40.356,0,train,0.0030575016950246986,0
normal,N0576,19234,10,49,2022-07-12 01:13:40.456,0,train,0.0,0
normal,N0576,19235,11,49,2022-07-12 01:13:40.556,0,train,0.0,0
normal,N0576,19236,12,49,2022-07-12 01:13:40.656,0,train,0.0,0
normal,N0576,19237,13,49,2022-07-12 01:13:40.756,0,train,0.008999572237943308,0
normal,N0576,19238,14,49,2022-07-12 01:13:40.856,0,train,0.0,0
normal,N0576,19239,15,49,2022-07-12 01:13:40.956,0,train,0.0,0
normal,N0576,19240,16,49,2022-07-12 01:13:41.056,0,train,0.0,0
normal,N0576,19241,17,49,2022-07-12 01:13:41.156,0,train,0.0,0
normal,N0576,19242,18,49,2022-07-12 01:13:41.256,0,train,0.0,0
normal,N0576,19243,19,49,2022-07-12 01:13:41.356,0,train,0.0,0
normal,N0576,19244,20,49,2022-07-12 01:13:41.456,0,train,0.0,0
normal,N0576,19245,21,49,2022-07-12 01:13:41.556,0,train,0.0,0
normal,N0576,19246,22,49,2022-07-12 01:13:41.656,0,train,0.0,0
normal,N0576,19247,23,49,2022-07-12 01:13:41.756,0,train,0.0,0
normal,N0576,19248,24,49,2022-07-12 01:13:41.856,0,train,0.0,0
normal,N0576,19249,25,49,2022-07-12 01:13:41.956,0,train,0.0,0
normal,N0576,19250,26,49,2022-07-12 01:13:42.056,0,train,0.0,0
normal,N0576,19251,27,49,2022-07-12 01:13:42.156,0,train,0.0,0
normal,N0576,19252,28,49,2022-07-12 01:13:42.256,0,train,0.0,0
normal,N0576,19253,29,49,2022-07-12 01:13:42.356,0,train,0.0,0
normal,N0576,19254,30,49,2022-07-12 01:13:42.456,0,train,0.00951525453774205,0
normal,N0576,19255,31,49,2022-07-12 01:13:42.556,0,train,0.0,0
normal,N0576,19256,32,49,2022-07-12 01:13:42.656,0,train,0.0,0
normal,N0576,19257,33,49,2022-07-12 01:13:42.756,0,train,0.0,0
normal,N0576,19258,34,49,2022-07-12 01:13:42.856,0,train,0.0,0
normal,N0576,19259,35,49,2022-07-12 01:13:42.956,0,train,0.0,0
normal,N0576,19260,36,49,2022-07-12 01:13:43.056,0,train,0.0059729747188648945,0
normal,N0576,19261,37,49,2022-07-12 01:13:43.156,0,train,0.006645040406958928,0
normal,N0576,19262,38,49,2022-07-12 01:13:43.256,0,train,0.006150578927586496,0
normal,N0576,19263,39,49,2022-07-12 01:13:43.356,0,train,0.0,0
normal,N0576,19264,40,49,2022-07-12 01:13:43.456,0,train,0.0,0
normal,N0576,19265,41,49,2022-07-12 01:13:43.556,0,train,0.0,0
normal,N0576,19266,42,49,2022-07-12 01:13:43.656,0,train,0.0,0
normal,N0576,19267,43,49,2022-07-12 01:13:43.756,0,train,0.0,0
normal,N0576,19268,44,49,2022-07-12 01:13:43.856,0,train,0.0,0
normal,N0576,19269,45,49,2022-07-12 01:13:43.956,0,train,0.0,0
normal,N0576,19270,46,49,2022-07-12 01:13:44.056,0,train,0.0,0
normal,N0576,19271,47,49,2022-07-12 01:13:44.156,0,train,0.0,0
normal,N0576,19272,48,49,2022-07-12 01:13:44.256,0,train,0.0,0
normal,N0578,19317,9,35,2022-07-12 01:13:56.230,0,train,0.025261666210012298,0
normal,N0578,19318,10,35,2022-07-12 01:13:56.330,0,train,0.025363168481910267,0
normal,N0578,19319,11,35,2022-07-12 01:13:56.430,0,train,0.0029385433181012776,0
normal,N0578,19320,12,35,2022-07-12 01:13:56.530,0,train,0.0,0
normal,N0578,19321,13,35,2022-07-12 01:13:56.630,0,train,0.0,0
normal,N0578,19322,14,35,2022-07-12 01:13:56.730,0,train,0.0,0
normal,N0578,19323,15,35,2022-07-12 01:13:56.830,0,train,0.0030419715055833648,0
normal,N0578,19324,16,35,2022-07-12 01:13:56.930,0,train,0.0030419715055833648,0
normal,N0578,19325,17,35,2022-07-12 01:13:57.030,0,train,0.0029385433181012776,0
normal,N0578,19326,18,35,2022-07-12 01:13:57.130,0,train,0.006518815844211331,0
normal,N0578,19327,19,35,2022-07-12 01:13:57.230,0,train,0.0,0
normal,N0578,19328,20,35,2022-07-12 01:13:57.330,0,train,0.006017511448678383,0
normal,N0578,19329,21,35,2022-07-12 01:13:57.430,0,train,0.034918519648831636,0
normal,N0578,19330,22,35,2022-07-12 01:13:57.530,0,train,0.0,0
normal,N0578,19331,23,35,2022-07-12 01:13:57.630,0,train,0.0,0
normal,N0578,19332,24,35,2022-07-12 01:13:57.730,0,train,0.0,0
normal,N0578,19333,25,35,2022-07-12 01:13:57.830,0,train,0.0,0
normal,N0578,19334,26,35,2022-07-12 01:13:57.930,0,train,0.002881861938707122,0
normal,N0578,19335,27,35,2022-07-12 01:13:58.030,0,train,0.01217695719839506,0
normal,N0578,19336,28,35,2022-07-12 01:13:58.130,0,train,0.0029385433181012776,0
normal,N0578,19337,29,35,2022-07-12 01:13:58.230,0,train,0.0,0
normal,N0578,19338,30,35,2022-07-12 01:13:58.330,0,train,0.0,0
normal,N0578,19339,31,35,2022-07-12 01:13:58.430,0,train,0.0,0
normal,N0578,19340,32,35,2022-07-12 01:13:58.530,0,train,0.0,0
normal,N0578,19341,33,35,2022-07-12 01:13:58.630,0,train,0.003168558893465957,0
normal,N0578,19342,34,35,2022-07-12 01:13:58.730,0,train,0.018371101206630908,0
normal,N0579,19352,9,24,2022-07-12 01:14:04.269,0,train,0.0,0
normal,N0579,19353,10,24,2022-07-12 01:14:04.369,0,train,0.0,0
normal,N0579,19354,11,24,2022-07-12 01:14:04.469,0,train,0.0,0
normal,N0579,19355,12,24,2022-07-12 01:14:04.569,0,train,0.0,0
normal,N0579,19356,13,24,2022-07-12 01:14:04.669,0,train,0.021635637688600252,0
normal,N0579,19357,14,24,2022-07-12 01:14:04.769,0,train,0.0,0
normal,N0579,19358,15,24,2022-07-12 01:14:04.869,0,train,0.0,0
normal,N0579,19359,16,24,2022-07-12 01:14:04.969,0,train,0.0,0
normal,N0579,19360,17,24,2022-07-12 01:14:05.069,0,train,0.0,0
normal,N0579,19361,18,24,2022-07-12 01:14:05.169,0,train,0.0,0
normal,N0579,19362,19,24,2022-07-12 01:14:05.269,0,train,0.05058252361545141,0
normal,N0579,19363,20,24,2022-07-12 01:14:05.369,0,train,0.05707518776228779,0
normal,N0579,19364,21,24,2022-07-12 01:14:05.469,0,train,0.0,0
normal,N0579,19365,22,24,2022-07-12 01:14:05.569,0,train,0.03799078060002639,0
normal,N0579,19366,23,24,2022-07-12 01:14:05.669,0,train,0.0,0
normal,N0580,19376,9,10,2022-07-12 01:14:12.139,0,train,0.0,0
normal,N0581,19386,9,50,2022-07-12 01:14:29.669,0,train,0.018863792227432032,0
normal,N0581,19387,10,50,2022-07-12 01:14:29.769,0,train,0.0,0
normal,N0581,19388,11,50,2022-07-12 01:14:29.869,0,train,0.0,0
normal,N0581,19389,12,50,2022-07-12 01:14:29.969,0,train,0.0,0
normal,N0581,19390,13,50,2022-07-12 01:14:30.069,0,train,0.0,0
normal,N0581,19391,14,50,2022-07-12 01:14:30.169,0,train,0.0031401807178977038,0
normal,N0581,19392,15,50,2022-07-12 01:14:30.269,0,train,0.009344565699787113,0
normal,N0581,19393,16,50,2022-07-12 01:14:30.369,0,train,0.0,0
normal,N0581,19394,17,50,2022-07-12 01:14:30.469,0,train,0.0,0
normal,N0581,19395,18,50,2022-07-12 01:14:30.569,0,train,0.0,0
normal,N0581,19396,19,50,2022-07-12 01:14:30.669,0,train,0.0,0
normal,N0581,19397,20,50,2022-07-12 01:14:30.769,0,train,0.009246617663837805,0
normal,N0581,19398,21,50,2022-07-12 01:14:30.869,0,train,0.002767102453862127,0
normal,N0581,19399,22,50,2022-07-12 01:14:30.969,0,train,0.0,0
normal,N0581,19400,23,50,2022-07-12 01:14:31.069,0,train,0.0,0
normal,N0581,19401,24,50,2022-07-12 01:14:31.169,0,train,0.0,0
normal,N0581,19402,25,50,2022-07-12 01:14:31.269,0,train,0.00926134782511413,0
normal,N0581,19403,26,50,2022-07-12 01:14:31.369,0,train,0.002944034382883304,0
normal,N0581,19404,27,50,2022-07-12 01:14:31.469,0,train,0.0,0
normal,N0581,19405,28,50,2022-07-12 01:14:31.569,0,train,0.0,0
normal,N0581,19406,29,50,2022-07-12 01:14:31.669,0,train,0.0,0
normal,N0581,19407,30,50,2022-07-12 01:14:31.769,0,train,0.0,0
normal,N0581,19408,31,50,2022-07-12 01:14:31.869,0,train,0.0,0
normal,N0581,19409,32,50,2022-07-12 01:14:31.969,0,train,0.0031401807178977038,0
normal,N0581,19410,33,50,2022-07-12 01:14:32.069,0,train,0.0,0
normal,N0581,19411,34,50,2022-07-12 01:14:32.169,0,train,0.0,0
normal,N0581,19412,35,50,2022-07-12 01:14:32.269,0,train,0.0,0
normal,N0581,19413,36,50,2022-07-12 01:14:32.369,0,train,0.0,0
normal,N0581,19414,37,50,2022-07-12 01:14:32.469,0,train,0.0,0
normal,N0581,19415,38,50,2022-07-12 01:14:32.569,0,train,0.0,0
normal,N0581,19416,39,50,2022-07-12 01:14:32.669,0,train,0.0,0
normal,N0581,19417,40,50,2022-07-12 01:14:32.769,0,train,0.0,0
normal,N0581,19418,41,50,2022-07-12 01:14:32.869,0,train,0.0,0
normal,N0581,19419,42,50,2022-07-12 01:14:32.969,0,train,0.06308728586595345,0
normal,N0581,19420,43,50,2022-07-12 01:14:33.069,0,train,0.0,0
normal,N0581,19421,44,50,2022-07-12 01:14:33.169,0,train,0.0,0
normal,N0581,19422,45,50,2022-07-12 01:14:33.269,0,train,0.0,0
normal,N0581,19423,46,50,2022-07-12 01:14:33.369,0,train,0.0,0
normal,N0581,19424,47,50,2022-07-12 01:14:33.469,0,train,0.0031401807178977038,0
normal,N0581,19425,48,50,2022-07-12 01:14:33.569,0,train,0.0031401807178977038,0
normal,N0581,19426,49,50,2022-07-12 01:14:33.669,0,train,0.0,0
normal,N0583,19486,9,37,2022-07-12 01:14:44.235,0,train,0.0,0
normal,N0583,19487,10,37,2022-07-12 01:14:44.335,0,train,0.0,0
normal,N0583,19488,11,37,2022-07-12 01:14:44.435,0,train,0.0,0
normal,N0583,19489,12,37,2022-07-12 01:14:44.535,0,train,0.0,0
normal,N0583,19490,13,37,2022-07-12 01:14:44.635,0,train,0.0,0
normal,N0583,19491,14,37,2022-07-12 01:14:44.735,0,train,0.0,0
normal,N0583,19492,15,37,2022-07-12 01:14:44.835,0,train,0.0,0
normal,N0583,19493,16,37,2022-07-12 01:14:44.935,0,train,0.0,0
normal,N0583,19494,17,37,2022-07-12 01:14:45.035,0,train,0.0,0
normal,N0583,19495,18,37,2022-07-12 01:14:45.135,0,train,0.0,0
normal,N0583,19496,19,37,2022-07-12 01:14:45.235,0,train,0.0,0
normal,N0583,19497,20,37,2022-07-12 01:14:45.335,0,train,0.0,0
normal,N0583,19498,21,37,2022-07-12 01:14:45.435,0,train,0.0,0
normal,N0583,19499,22,37,2022-07-12 01:14:45.535,0,train,0.0,0
normal,N0583,19500,23,37,2022-07-12 01:14:45.635,0,train,0.0,0
normal,N0583,19501,24,37,2022-07-12 01:14:45.735,0,train,0.0,0
normal,N0583,19502,25,37,2022-07-12 01:14:45.835,0,train,0.0,0
normal,N0583,19503,26,37,2022-07-12 01:14:45.935,0,train,0.0,0
normal,N0583,19504,27,37,2022-07-12 01:14:46.035,0,train,0.0,0
normal,N0583,19505,28,37,2022-07-12 01:14:46.135,0,train,0.0,0
normal,N0583,19506,29,37,2022-07-12 01:14:46.235,0,train,0.0,0
normal,N0583,19507,30,37,2022-07-12 01:14:46.335,0,train,0.0,0
normal,N0583,19508,31,37,2022-07-12 01:14:46.435,0,train,0.0,0
normal,N0583,19509,32,37,2022-07-12 01:14:46.535,0,train,0.0,0
normal,N0583,19510,33,37,2022-07-12 01:14:46.635,0,train,0.0,0
normal,N0583,19511,34,37,2022-07-12 01:14:46.735,0,train,0.0,0
normal,N0583,19512,35,37,2022-07-12 01:14:46.835,0,train,0.0,0
normal,N0583,19513,36,37,2022-07-12 01:14:46.935,0,train,0.0,0
normal,N0584,19523,9,25,2022-07-12 01:14:52.339,0,train,0.0,0
normal,N0584,19524,10,25,2022-07-12 01:14:52.439,0,train,0.0,0
normal,N0584,19525,11,25,2022-07-12 01:14:52.539,0,train,0.0,0
normal,N0584,19526,12,25,2022-07-12 01:14:52.639,0,train,0.0,0
normal,N0584,19527,13,25,2022-07-12 01:14:52.739,0,train,0.0,0
normal,N0584,19528,14,25,2022-07-12 01:14:52.839,0,train,0.0,0
normal,N0584,19529,15,25,2022-07-12 01:14:52.939,0,train,0.0,0
normal,N0584,19530,16,25,2022-07-12 01:14:53.039,0,train,0.0,0
normal,N0584,19531,17,25,2022-07-12 01:14:53.139,0,train,0.0,0
normal,N0584,19532,18,25,2022-07-12 01:14:53.239,0,train,0.0,0
normal,N0584,19533,19,25,2022-07-12 01:14:53.339,0,train,0.0,0
normal,N0584,19534,20,25,2022-07-12 01:14:53.439,0,train,0.0,0
normal,N0584,19535,21,25,2022-07-12 01:14:53.539,0,train,0.0,0
normal,N0584,19536,22,25,2022-07-12 01:14:53.639,0,train,0.003322968612496333,0
normal,N0584,19537,23,25,2022-07-12 01:14:53.739,0,train,0.0030180611398302384,0
normal,N0584,19538,24,25,2022-07-12 01:14:53.839,0,train,0.0,0
normal,N0585,19548,9,11,2022-07-12 01:15:00.276,0,train,0.0,0
normal,N0585,19549,10,11,2022-07-12 01:15:00.376,0,train,0.00652012183030751,0
normal,N0586,19559,9,50,2022-07-12 01:15:17.919,0,train,0.0,0
normal,N0586,19560,10,50,2022-07-12 01:15:18.019,0,train,0.01850662657817012,0
normal,N0586,19561,11,50,2022-07-12 01:15:18.119,0,train,0.0,0
normal,N0586,19562,12,50,2022-07-12 01:15:18.219,0,train,0.0,0
normal,N0586,19563,13,50,2022-07-12 01:15:18.319,0,train,0.0,0
normal,N0586,19564,14,50,2022-07-12 01:15:18.419,0,train,0.0030216815148322,0
normal,N0586,19565,15,50,2022-07-12 01:15:18.519,0,train,0.006532789871196394,0
normal,N0586,19566,16,50,2022-07-12 01:15:18.619,0,train,0.0,0
normal,N0586,19567,17,50,2022-07-12 01:15:18.719,0,train,0.0,0
normal,N0586,19568,18,50,2022-07-12 01:15:18.819,0,train,0.003127860647370674,0
normal,N0586,19569,19,50,2022-07-12 01:15:18.919,0,train,0.003127860647370674,0
normal,N0586,19570,20,50,2022-07-12 01:15:19.019,0,train,0.0,0
normal,N0586,19571,21,50,2022-07-12 01:15:19.119,0,train,0.0,0
normal,N0586,19572,22,50,2022-07-12 01:15:19.219,0,train,0.0,0
normal,N0586,19573,23,50,2022-07-12 01:15:19.319,0,train,0.003303387282832873,0
normal,N0586,19574,24,50,2022-07-12 01:15:19.419,0,train,0.0,0
normal,N0586,19575,25,50,2022-07-12 01:15:19.519,0,train,0.003303387282832873,0
normal,N0586,19576,26,50,2022-07-12 01:15:19.619,0,train,0.006043045803863688,0
normal,N0586,19577,27,50,2022-07-12 01:15:19.719,0,train,0.0,0
normal,N0586,19578,28,50,2022-07-12 01:15:19.819,0,train,0.006336980007077917,0
normal,N0586,19579,29,50,2022-07-12 01:15:19.919,0,train,0.0,0
normal,N0586,19580,30,50,2022-07-12 01:15:20.019,0,train,0.0,0
normal,N0586,19581,31,50,2022-07-12 01:15:20.119,0,train,0.02288740955266617,0
normal,N0586,19582,32,50,2022-07-12 01:15:20.219,0,train,0.0,0
normal,N0586,19583,33,50,2022-07-12 01:15:20.319,0,train,0.0,0
normal,N0586,19584,34,50,2022-07-12 01:15:20.419,0,train,0.0,0
normal,N0586,19585,35,50,2022-07-12 01:15:20.519,0,train,0.0,0
normal,N0586,19586,36,50,2022-07-12 01:15:20.619,0,train,0.0,0
normal,N0586,19587,37,50,2022-07-12 01:15:20.719,0,train,0.0,0
normal,N0586,19588,38,50,2022-07-12 01:15:20.819,0,train,0.0,0
normal,N0586,19589,39,50,2022-07-12 01:15:20.919,0,train,0.01630310454916221,0
normal,N0586,19590,40,50,2022-07-12 01:15:21.019,0,train,0.0,0
normal,N0586,19591,41,50,2022-07-12 01:15:21.119,0,train,0.0,0
normal,N0586,19592,42,50,2022-07-12 01:15:21.219,0,train,0.0,0
normal,N0586,19593,43,50,2022-07-12 01:15:21.319,0,train,0.0,0
normal,N0586,19594,44,50,2022-07-12 01:15:21.419,0,train,0.006418062045680181,0
normal,N0586,19595,45,50,2022-07-12 01:15:21.519,0,train,0.0,0
normal,N0586,19596,46,50,2022-07-12 01:15:21.619,0,train,0.0,0
normal,N0586,19597,47,50,2022-07-12 01:15:21.719,0,train,0.0,0
normal,N0586,19598,48,50,2022-07-12 01:15:21.819,0,train,0.009658402130998407,0
normal,N0586,19599,49,50,2022-07-12 01:15:21.919,0,train,0.0,0
normal,N0588,19659,9,42,2022-07-12 01:15:32.136,0,train,0.0,0
normal,N0588,19660,10,42,2022-07-12 01:15:32.236,0,train,0.003222487223168654,0
normal,N0588,19661,11,42,2022-07-12 01:15:32.336,0,train,0.0,0
normal,N0588,19662,12,42,2022-07-12 01:15:32.436,0,train,0.0,0
normal,N0588,19663,13,42,2022-07-12 01:15:32.536,0,train,0.0,0
normal,N0588,19664,14,42,2022-07-12 01:15:32.636,0,train,0.0,0
normal,N0588,19665,15,42,2022-07-12 01:15:32.736,0,train,0.0,0
normal,N0588,19666,16,42,2022-07-12 01:15:32.836,0,train,0.003287989997453055,0
normal,N0588,19667,17,42,2022-07-12 01:15:32.936,0,train,0.003158368326334734,0
normal,N0588,19668,18,42,2022-07-12 01:15:33.036,0,train,0.0,0
normal,N0588,19669,19,42,2022-07-12 01:15:33.136,0,train,0.0,0
normal,N0588,19670,20,42,2022-07-12 01:15:33.236,0,train,0.0,0
normal,N0588,19671,21,42,2022-07-12 01:15:33.336,0,train,0.0,0
normal,N0588,19672,22,42,2022-07-12 01:15:33.436,0,train,0.0,0
normal,N0588,19673,23,42,2022-07-12 01:15:33.536,0,train,0.0,0
normal,N0588,19674,24,42,2022-07-12 01:15:33.636,0,train,0.0,0
normal,N0588,19675,25,42,2022-07-12 01:15:33.736,0,train,0.0,0
normal,N0588,19676,26,42,2022-07-12 01:15:33.836,0,train,0.0,0
normal,N0588,19677,27,42,2022-07-12 01:15:33.936,0,train,0.0,0
normal,N0588,19678,28,42,2022-07-12 01:15:34.036,0,train,0.0,0
normal,N0588,19679,29,42,2022-07-12 01:15:34.136,0,train,0.0,0
normal,N0588,19680,30,42,2022-07-12 01:15:34.236,0,train,0.0,0
normal,N0588,19681,31,42,2022-07-12 01:15:34.336,0,train,0.0028368090036411785,0
normal,N0588,19682,32,42,2022-07-12 01:15:34.436,0,train,0.003098559266535691,0
normal,N0588,19683,33,42,2022-07-12 01:15:34.536,0,train,0.04007558520098878,0
normal,N0588,19684,34,42,2022-07-12 01:15:34.636,0,train,0.03683827031896657,0
normal,N0588,19685,35,42,2022-07-12 01:15:34.736,0,train,0.03379646330129722,0
normal,N0588,19686,36,42,2022-07-12 01:15:34.836,0,train,0.03379646330129722,0
normal,N0588,19687,37,42,2022-07-12 01:15:34.936,0,train,0.030646885940032984,0
normal,N0588,19688,38,42,2022-07-12 01:15:35.036,0,train,0.0,0
normal,N0588,19689,39,42,2022-07-12 01:15:35.136,0,train,0.0,0
normal,N0588,19690,40,42,2022-07-12 01:15:35.236,0,train,0.0,0
normal,N0588,19691,41,42,2022-07-12 01:15:35.336,0,train,0.003172399919533293,0
normal,N0589,19701,9,29,2022-07-12 01:15:40.116,0,train,0.0,0
normal,N0589,19702,10,29,2022-07-12 01:15:40.216,0,train,0.0,0
normal,N0589,19703,11,29,2022-07-12 01:15:40.316,0,train,0.0,0
normal,N0589,19704,12,29,2022-07-12 01:15:40.416,0,train,0.0,0
normal,N0589,19705,13,29,2022-07-12 01:15:40.516,0,train,0.0,0
normal,N0589,19706,14,29,2022-07-12 01:15:40.616,0,train,0.0,0
normal,N0589,19707,15,29,2022-07-12 01:15:40.716,0,train,0.0,0
normal,N0589,19708,16,29,2022-07-12 01:15:40.816,0,train,0.0,0
normal,N0589,19709,17,29,2022-07-12 01:15:40.916,0,train,0.0,0
normal,N0589,19710,18,29,2022-07-12 01:15:41.016,0,train,0.0,0
normal,N0589,19711,19,29,2022-07-12 01:15:41.116,0,train,0.0,0
normal,N0589,19712,20,29,2022-07-12 01:15:41.216,0,train,0.0,0
normal,N0589,19713,21,29,2022-07-12 01:15:41.316,0,train,0.002839872810175186,0
normal,N0589,19714,22,29,2022-07-12 01:15:41.416,0,train,0.0,0
normal,N0589,19715,23,29,2022-07-12 01:15:41.516,0,train,0.0030502476999292286,0
normal,N0589,19716,24,29,2022-07-12 01:15:41.616,0,train,0.0,0
normal,N0589,19717,25,29,2022-07-12 01:15:41.716,0,train,0.0,0
normal,N0589,19718,26,29,2022-07-12 01:15:41.816,0,train,0.0,0
normal,N0589,19719,27,29,2022-07-12 01:15:41.916,0,train,0.003229248338162605,0
normal,N0589,19720,28,29,2022-07-12 01:15:42.016,0,train,0.006032904882288362,0
normal,N0590,19730,9,18,2022-07-12 01:15:48.124,0,train,0.003296356092564624,0
normal,N0590,19731,10,18,2022-07-12 01:15:48.224,0,train,0.0029385433181012776,0
normal,N0590,19732,11,18,2022-07-12 01:15:48.324,0,train,0.0029385433181012776,0
normal,N0590,19733,12,18,2022-07-12 01:15:48.424,0,train,0.0,0
normal,N0590,19734,13,18,2022-07-12 01:15:48.524,0,train,0.0029385433181012776,0
normal,N0590,19735,14,18,2022-07-12 01:15:48.624,0,train,0.0,0
normal,N0590,19736,15,18,2022-07-12 01:15:48.724,0,train,0.0,0
normal,N0590,19737,16,18,2022-07-12 01:15:48.824,0,train,0.0,0
normal,N0590,19738,17,18,2022-07-12 01:15:48.924,0,train,0.0029014274336825337,0
normal,N0593,19804,9,46,2022-07-12 01:16:12.194,0,train,0.0,0
normal,N0593,19805,10,46,2022-07-12 01:16:12.294,0,train,0.0,0
normal,N0593,19806,11,46,2022-07-12 01:16:12.394,0,train,0.10976117410941652,0
normal,N0593,19807,12,46,2022-07-12 01:16:12.494,0,train,0.04674309111463424,0
normal,N0593,19808,13,46,2022-07-12 01:16:12.594,0,train,0.025273585546718883,0
normal,N0593,19809,14,46,2022-07-12 01:16:12.694,0,train,0.006389932576839282,0
normal,N0593,19810,15,46,2022-07-12 01:16:12.794,0,train,0.0033174459865202514,0
normal,N0593,19811,16,46,2022-07-12 01:16:12.894,0,train,0.0033174459865202514,0
normal,N0593,19812,17,46,2022-07-12 01:16:12.994,0,train,0.0,0
normal,N0593,19813,18,46,2022-07-12 01:16:13.094,0,train,0.00325057518629168,0
normal,N0593,19814,19,46,2022-07-12 01:16:13.194,0,train,0.00302049415820724,0
normal,N0593,19815,20,46,2022-07-12 01:16:13.294,0,train,0.01166996051072473,0
normal,N0593,19816,21,46,2022-07-12 01:16:13.394,0,train,0.0032115453884369407,0
normal,N0593,19817,22,46,2022-07-12 01:16:13.494,0,train,0.00612429863441105,0
normal,N0593,19818,23,46,2022-07-12 01:16:13.594,0,train,0.0,0
normal,N0593,19819,24,46,2022-07-12 01:16:13.694,0,train,0.0,0
normal,N0593,19820,25,46,2022-07-12 01:16:13.794,0,train,0.0,0
normal,N0593,19821,26,46,2022-07-12 01:16:13.894,0,train,0.0032162492364080633,0
normal,N0593,19822,27,46,2022-07-12 01:16:13.994,0,train,0.01567267267821462,0
normal,N0593,19823,28,46,2022-07-12 01:16:14.094,0,train,0.08590162405298754,0
normal,N0593,19824,29,46,2022-07-12 01:16:14.194,0,train,0.048355998661920516,0
normal,N0593,19825,30,46,2022-07-12 01:16:14.294,0,train,0.031931891010542744,0
normal,N0593,19826,31,46,2022-07-12 01:16:14.394,0,train,0.018863555349200437,0
normal,N0593,19827,32,46,2022-07-12 01:16:14.494,0,train,0.01259291393792736,0
normal,N0593,19828,33,46,2022-07-12 01:16:14.594,0,train,0.009259580604594028,0
normal,N0593,19829,34,46,2022-07-12 01:16:14.694,0,train,0.009707883844924539,0
normal,N0593,19830,35,46,2022-07-12 01:16:14.794,0,train,0.02493937470305538,0
normal,N0593,19831,36,46,2022-07-12 01:16:14.894,0,train,0.009132553637035402,0
normal,N0593,19832,37,46,2022-07-12 01:16:14.994,0,train,0.0,0
normal,N0593,19833,38,46,2022-07-12 01:16:15.094,0,train,0.02700750336081903,0
normal,N0593,19834,39,46,2022-07-12 01:16:15.194,0,train,0.0177239529866236,0
normal,N0593,19835,40,46,2022-07-12 01:16:15.294,0,train,0.011267282586864498,0
normal,N0593,19836,41,46,2022-07-12 01:16:15.394,0,train,0.013739966763371723,0
normal,N0593,19837,42,46,2022-07-12 01:16:15.494,0,train,0.002454679841282191,0
normal,N0593,19838,43,46,2022-07-12 01:16:15.594,0,train,0.0057601085902472095,0
normal,N0593,19839,44,46,2022-07-12 01:16:15.694,0,train,0.0,0
normal,N0593,19840,45,46,2022-07-12 01:16:15.794,0,train,0.012212794049077026,0
normal,N0594,19850,9,35,2022-07-12 01:16:20.292,0,train,0.0,0
normal,N0594,19851,10,35,2022-07-12 01:16:20.392,0,train,0.0,0
normal,N0594,19852,11,35,2022-07-12 01:16:20.492,0,train,0.0,0
normal,N0594,19853,12,35,2022-07-12 01:16:20.592,0,train,0.0,0
normal,N0594,19854,13,35,2022-07-12 01:16:20.692,0,train,0.0,0
normal,N0594,19855,14,35,2022-07-12 01:16:20.792,0,train,0.0027396585210308143,0
normal,N0594,19856,15,35,2022-07-12 01:16:20.892,0,train,0.0,0
normal,N0594,19857,16,35,2022-07-12 01:16:20.992,0,train,0.0033333333333333335,0
normal,N0594,19858,17,35,2022-07-12 01:16:21.092,0,train,0.00330142674023296,0
normal,N0594,19859,18,35,2022-07-12 01:16:21.192,0,train,0.0,0
normal,N0594,19860,19,35,2022-07-12 01:16:21.292,0,train,0.0,0
normal,N0594,19861,20,35,2022-07-12 01:16:21.392,0,train,0.0,0
normal,N0594,19862,21,35,2022-07-12 01:16:21.492,0,train,0.003127860647370674,0
normal,N0594,19863,22,35,2022-07-12 01:16:21.592,0,train,0.0,0
normal,N0594,19864,23,35,2022-07-12 01:16:21.692,0,train,0.0033333333333333335,0
normal,N0594,19865,24,35,2022-07-12 01:16:21.792,0,train,0.0,0
normal,N0594,19866,25,35,2022-07-12 01:16:21.892,0,train,0.0,0
normal,N0594,19867,26,35,2022-07-12 01:16:21.992,0,train,0.0,0
normal,N0594,19868,27,35,2022-07-12 01:16:22.092,0,train,0.0,0
normal,N0594,19869,28,35,2022-07-12 01:16:22.192,0,train,0.0,0
normal,N0594,19870,29,35,2022-07-12 01:16:22.292,0,train,0.0,0
normal,N0594,19871,30,35,2022-07-12 01:16:22.392,0,train,0.005700849376958512,0
normal,N0594,19872,31,35,2022-07-12 01:16:22.492,0,train,0.02478128989503368,0
normal,N0594,19873,32,35,2022-07-12 01:16:22.592,0,train,0.0059805971171789625,0
normal,N0594,19874,33,35,2022-07-12 01:16:22.692,0,train,0.0029611908559276983,0
normal,N0594,19875,34,35,2022-07-12 01:16:22.792,0,train,0.0029611908559276983,0
normal,N0595,19885,9,22,2022-07-12 01:16:28.277,0,train,0.0,0
normal,N0595,19886,10,22,2022-07-12 01:16:28.377,0,train,0.0,0
normal,N0595,19887,11,22,2022-07-12 01:16:28.477,0,train,0.0,0
normal,N0595,19888,12,22,2022-07-12 01:16:28.577,0,train,0.0,0
normal,N0595,19889,13,22,2022-07-12 01:16:28.677,0,train,0.0,0
normal,N0595,19890,14,22,2022-07-12 01:16:28.777,0,train,0.0,0
normal,N0595,19891,15,22,2022-07-12 01:16:28.877,0,train,0.0,0
normal,N0595,19892,16,22,2022-07-12 01:16:28.977,0,train,0.0,0
normal,N0595,19893,17,22,2022-07-12 01:16:29.077,0,train,0.0,0
normal,N0595,19894,18,22,2022-07-12 01:16:29.177,0,train,0.0,0
normal,N0595,19895,19,22,2022-07-12 01:16:29.277,0,train,0.0030312049927988475,0
normal,N0595,19896,20,22,2022-07-12 01:16:29.377,0,train,0.0,0
normal,N0595,19897,21,22,2022-07-12 01:16:29.477,0,train,0.0,0
normal,N0598,19965,9,44,2022-07-12 01:16:52.428,0,train,0.0,0
normal,N0598,19966,10,44,2022-07-12 01:16:52.528,0,train,0.0,0
normal,N0598,19967,11,44,2022-07-12 01:16:52.628,0,train,0.0,0
normal,N0598,19968,12,44,2022-07-12 01:16:52.728,0,train,0.0,0
normal,N0598,19969,13,44,2022-07-12 01:16:52.828,0,train,0.0,0
normal,N0598,19970,14,44,2022-07-12 01:16:52.928,0,train,0.0,0
normal,N0598,19971,15,44,2022-07-12 01:16:53.028,0,train,0.0065562823657672395,0
normal,N0598,19972,16,44,2022-07-12 01:16:53.128,0,train,0.00913804404978918,0
normal,N0598,19973,17,44,2022-07-12 01:16:53.228,0,train,0.06969581775609121,0
normal,N0598,19974,18,44,2022-07-12 01:16:53.328,0,train,0.016157692540676675,0
normal,N0598,19975,19,44,2022-07-12 01:16:53.428,0,train,0.02596220383864852,0
normal,N0598,19976,20,44,2022-07-12 01:16:53.528,0,train,0.025128483908025134,0
normal,N0598,19977,21,44,2022-07-12 01:16:53.628,0,train,0.040731780442012894,0
normal,N0598,19978,22,44,2022-07-12 01:16:53.728,0,train,0.04790483120097933,0
normal,N0598,19979,23,44,2022-07-12 01:16:53.828,0,train,0.006365322528618266,0
normal,N0598,19980,24,44,2022-07-12 01:16:53.928,0,train,0.003198055646978405,0
normal,N0598,19981,25,44,2022-07-12 01:16:54.028,0,train,0.0,0
normal,N0598,19982,26,44,2022-07-12 01:16:54.128,0,train,0.0,0
normal,N0598,19983,27,44,2022-07-12 01:16:54.228,0,train,0.0,0
normal,N0598,19984,28,44,2022-07-12 01:16:54.328,0,train,0.0,0
normal,N0598,19985,29,44,2022-07-12 01:16:54.428,0,train,0.0,0
normal,N0598,19986,30,44,2022-07-12 01:16:54.528,0,train,0.0,0
normal,N0598,19987,31,44,2022-07-12 01:16:54.628,0,train,0.0,0
normal,N0598,19988,32,44,2022-07-12 01:16:54.728,0,train,0.0,0
normal,N0598,19989,33,44,2022-07-12 01:16:54.828,0,train,0.0,0
normal,N0598,19990,34,44,2022-07-12 01:16:54.928,0,train,0.0,0
normal,N0598,19991,35,44,2022-07-12 01:16:55.028,0,train,0.0030120789113044586,0
normal,N0598,19992,36,44,2022-07-12 01:16:55.128,0,train,0.0030120789113044586,0
normal,N0598,19993,37,44,2022-07-12 01:16:55.228,0,train,0.0030120789113044586,0
normal,N0598,19994,38,44,2022-07-12 01:16:55.328,0,train,0.006332097131984931,0
normal,N0598,19995,39,44,2022-07-12 01:16:55.428,0,train,0.003004995068562884,0
normal,N0598,19996,40,44,2022-07-12 01:16:55.528,0,train,0.0,0
normal,N0598,19997,41,44,2022-07-12 01:16:55.628,0,train,0.0,0
normal,N0598,19998,42,44,2022-07-12 01:16:55.728,0,train,0.018028520990988808,0
normal,N0598,19999,43,44,2022-07-12 01:16:55.828,0,train,0.0,0
