source,segment_id,source_row,pos_in_seg,seg_len,t_end,label,split,anomaly_score,alarm
abnormal,A0001,13,9,50,2022-07-17 10:51:17.624,1,train,7807.879278392194,1
abnormal,A0001,14,10,50,2022-07-17 10:51:17.724,1,train,5408.2481227738135,1
abnormal,A0001,15,11,50,2022-07-17 10:51:17.824,1,train,4394.1627934928265,1
abnormal,A0001,16,12,50,2022-07-17 10:51:17.924,1,train,4688.41876266036,1
abnormal,A0001,17,13,50,2022-07-17 10:51:18.024,1,train,7723.805327856373,1
abnormal,A0001,18,14,50,2022-07-17 10:51:18.124,1,train,8285.480319723323,1
abnormal,A0001,19,15,50,2022-07-17 10:51:18.224,1,train,7172.838181967115,1
abnormal,A0001,20,16,50,2022-07-17 10:51:18.324,1,train,6670.663492204302,1
abnormal,A0001,21,17,50,2022-07-17 10:51:18.424,1,train,9236.041346395308,1
abnormal,A0001,22,18,50,2022-07-17 10:51:18.524,1,train,11766.06305707365,1
abnormal,A0001,23,19,50,2022-07-17 10:51:18.624,1,train,7391.446341848172,1
abnormal,A0001,24,20,50,2022-07-17 10:51:18.724,1,train,6453.337076398315,1
abnormal,A0001,25,21,50,2022-07-17 10:51:18.824,1,train,10194.492919924587,1
abnormal,A0001,26,22,50,2022-07-17 10:51:18.924,1,train,7347.623392986686,1
abnormal,A0001,27,23,50,2022-07-17 10:51:19.024,1,train,5446.409944273223,1
abnormal,A0001,28,24,50,2022-07-17 10:51:19.124,1,train,3794.4292545648395,1
abnormal,A0001,29,25,50,2022-07-17 10:51:19.224,1,train,4172.904623100364,1
abnormal,A0001,30,26,50,2022-07-17 10:51:19.324,1,train,3834.382512997479,1
abnormal,A0001,31,27,50,2022-07-17 10:51:19.424,1,train,2632.5346824016674,1
abnormal,A0001,32,28,50,2022-07-17 10:51:19.524,1,train,2385.2885298224674,1
abnormal,A0001,33,29,50,2022-07-17 10:51:19.624,1,train,2563.6906599064764,1
abnormal,A0001,34,30,50,2022-07-17 10:51:19.724,1,train,3217.720382055951,1
abnormal,A0001,35,31,50,2022-07-17 10:51:19.824,1,train,1062.3840762161783,1
abnormal,A0001,36,32,50,2022-07-17 10:51:19.924,1,train,1183.4168621197687,1
abnormal,A0001,37,33,50,2022-07-17 10:51:20.024,1,train,1233.8138561729163,1
abnormal,A0001,38,34,50,2022-07-17 10:51:20.124,1,train,1729.11017989673,1
abnormal,A0001,39,35,50,2022-07-17 10:51:20.224,1,train,1207.602527716171,1
abnormal,A0001,40,36,50,2022-07-17 10:51:20.324,1,train,1029.568364312744,1
abnormal,A0001,41,37,50,2022-07-17 10:51:20.424,1,train,782.3850555227858,1
abnormal,A0001,42,38,50,2022-07-17 10:51:20.524,1,train,551.244226692614,1
abnormal,A0001,43,39,50,2022-07-17 10:51:20.624,1,train,414.8367115802541,1
abnormal,A0001,44,40,50,2022-07-17 10:51:20.724,1,train,373.2179278533433,1
abnormal,A0001,45,41,50,2022-07-17 10:51:20.824,1,train,359.92538538314267,1
abnormal,A0001,46,42,50,2022-07-17 10:51:20.924,1,train,455.610324011692,1
abnormal,A0001,47,43,50,2022-07-17 10:51:21.024,1,train,977.8074522935734,1
abnormal,A0001,48,44,50,2022-07-17 10:51:21.124,1,train,3237.187056856002,1
abnormal,A0001,49,45,50,2022-07-17 10:51:21.224,1,train,3110.514919945106,1
abnormal,A0001,50,46,50,2022-07-17 10:51:21.324,1,train,2964.752505545864,1
abnormal,A0001,51,47,50,2022-07-17 10:51:21.424,1,train,3338.457706449164,1
abnormal,A0001,52,48,50,2022-07-17 10:51:21.524,1,train,3211.195464161643,1
abnormal,A0001,53,49,50,2022-07-17 10:51:21.624,1,train,3367.5773788874903,1
abnormal,A0003,110,9,31,2022-07-17 10:51:32.634,1,train,491.8819053694144,1
abnormal,A0003,111,10,31,2022-07-17 10:51:32.734,1,train,775.0786453600651,1
abnormal,A0003,112,11,31,2022-07-17 10:51:32.834,1,train,1039.8273586987875,1
abnormal,A0003,113,12,31,2022-07-17 10:51:32.934,1,train,1105.0173834841285,1
abnormal,A0003,114,13,31,2022-07-17 10:51:33.034,1,train,1123.162963307324,1
abnormal,A0003,115,14,31,2022-07-17 10:51:33.134,1,train,1255.8143537734816,1
abnormal,A0003,116,15,31,2022-07-17 10:51:33.234,1,train,1411.542010508789,1
abnormal,A0003,117,16,31,2022-07-17 10:51:33.334,1,train,1106.5299149990346,1
abnormal,A0003,118,17,31,2022-07-17 10:51:33.434,1,train,2512.5608436298558,1
abnormal,A0003,119,18,31,2022-07-17 10:51:33.534,1,train,2769.255268105658,1
abnormal,A0003,120,19,31,2022-07-17 10:51:33.634,1,train,2702.5704266835373,1
abnormal,A0003,121,20,31,2022-07-17 10:51:33.734,1,train,2504.025145740222,1
abnormal,A0003,122,21,31,2022-07-17 10:51:33.834,1,train,2890.6118311059827,1
abnormal,A0003,123,22,31,2022-07-17 10:51:33.934,1,train,2942.9591676515347,1
abnormal,A0003,124,23,31,2022-07-17 10:51:34.034,1,train,4055.9408684623954,1
abnormal,A0003,125,24,31,2022-07-17 10:51:34.134,1,train,3276.8038506719577,1
abnormal,A0003,126,25,31,2022-07-17 10:51:34.234,1,train,5187.220372653458,1
abnormal,A0003,127,26,31,2022-07-17 10:51:34.334,1,train,4017.921447132362,1
abnormal,A0003,128,27,31,2022-07-17 10:51:34.434,1,train,1548.4984953665007,1
abnormal,A0003,129,28,31,2022-07-17 10:51:34.534,1,train,1578.1999070710137,1
abnormal,A0003,130,29,31,2022-07-17 10:51:34.634,1,train,2077.939470922261,1
abnormal,A0003,131,30,31,2022-07-17 10:51:34.734,1,train,2922.1208299650643,1
abnormal,A0004,141,9,18,2022-07-17 10:51:40.899,1,train,7951.290301061523,1
abnormal,A0004,142,10,18,2022-07-17 10:51:40.999,1,train,11990.566226427976,1
abnormal,A0004,143,11,18,2022-07-17 10:51:41.099,1,train,10424.343266699192,1
abnormal,A0004,144,12,18,2022-07-17 10:51:41.199,1,train,10098.68562183866,1
abnormal,A0004,145,13,18,2022-07-17 10:51:41.299,1,train,10238.0203169748,1
abnormal,A0004,146,14,18,2022-07-17 10:51:41.399,1,train,12929.515923454288,1
abnormal,A0004,147,15,18,2022-07-17 10:51:41.499,1,train,13622.435091046424,1
abnormal,A0004,148,16,18,2022-07-17 10:51:41.599,1,train,11774.539796624586,1
abnormal,A0004,149,17,18,2022-07-17 10:51:41.699,1,train,13271.060786207918,1
abnormal,A0006,162,9,50,2022-07-17 10:51:57.584,1,train,7447.848566059939,1
abnormal,A0006,163,10,50,2022-07-17 10:51:57.684,1,train,8940.967942159028,1
abnormal,A0006,164,11,50,2022-07-17 10:51:57.784,1,train,12780.271252909819,1
abnormal,A0006,165,12,50,2022-07-17 10:51:57.884,1,train,5998.191265258475,1
abnormal,A0006,166,13,50,2022-07-17 10:51:57.984,1,train,11757.781649372857,1
abnormal,A0006,167,14,50,2022-07-17 10:51:58.084,1,train,12090.333643877064,1
abnormal,A0006,168,15,50,2022-07-17 10:51:58.184,1,train,10610.381272575529,1
abnormal,A0006,169,16,50,2022-07-17 10:51:58.284,1,train,5956.721041886801,1
abnormal,A0006,170,17,50,2022-07-17 10:51:58.384,1,train,3761.1592927853876,1
abnormal,A0006,171,18,50,2022-07-17 10:51:58.484,1,train,5467.238064837656,1
abnormal,A0006,172,19,50,2022-07-17 10:51:58.584,1,train,4582.507297785904,1
abnormal,A0006,173,20,50,2022-07-17 10:51:58.684,1,train,3464.6900835922415,1
abnormal,A0006,174,21,50,2022-07-17 10:51:58.784,1,train,3067.444918180902,1
abnormal,A0006,175,22,50,2022-07-17 10:51:58.884,1,train,1766.3006907695933,1
abnormal,A0006,176,23,50,2022-07-17 10:51:58.984,1,train,1676.3095682860537,1
abnormal,A0006,177,24,50,2022-07-17 10:51:59.084,1,train,2029.3523086052185,1
abnormal,A0006,178,25,50,2022-07-17 10:51:59.184,1,train,2331.5473643929668,1
abnormal,A0006,179,26,50,2022-07-17 10:51:59.284,1,train,2081.9796757232452,1
abnormal,A0006,180,27,50,2022-07-17 10:51:59.384,1,train,3386.2848357621915,1
abnormal,A0006,181,28,50,2022-07-17 10:51:59.484,1,train,1870.1087770731535,1
abnormal,A0006,182,29,50,2022-07-17 10:51:59.584,1,train,1680.1429014177313,1
abnormal,A0006,183,30,50,2022-07-17 10:51:59.684,1,train,1894.2742015346178,1
abnormal,A0006,184,31,50,2022-07-17 10:51:59.784,1,train,1035.942929381127,1
abnormal,A0006,185,32,50,2022-07-17 10:51:59.884,1,train,26110.951848021905,1
abnormal,A0006,186,33,50,2022-07-17 10:51:59.984,1,train,32456.29838924972,1
abnormal,A0006,187,34,50,2022-07-17 10:52:00.084,1,train,26122.42134640966,1
abnormal,A0006,188,35,50,2022-07-17 10:52:00.184,1,train,22943.043234151264,1
abnormal,A0006,189,36,50,2022-07-17 10:52:00.284,1,train,11985.697930592582,1
abnormal,A0006,190,37,50,2022-07-17 10:52:00.384,1,train,11669.706122630792,1
abnormal,A0006,191,38,50,2022-07-17 10:52:00.484,1,train,14160.641882048998,1
abnormal,A0006,192,39,50,2022-07-17 10:52:00.584,1,train,14221.995255054784,1
abnormal,A0006,193,40,50,2022-07-17 10:52:00.684,1,train,15092.866968546743,1
abnormal,A0006,194,41,50,2022-07-17 10:52:00.784,1,train,22456.11807302415,1
abnormal,A0006,195,42,50,2022-07-17 10:52:00.884,1,train,14281.713898165783,1
abnormal,A0006,196,43,50,2022-07-17 10:52:00.984,1,train,10275.725294626647,1
abnormal,A0006,197,44,50,2022-07-17 10:52:01.084,1,train,4113.694271761754,1
abnormal,A0006,198,45,50,2022-07-17 10:52:01.184,1,train,7382.378524870537,1
abnormal,A0006,199,46,50,2022-07-17 10:52:01.284,1,train,11785.60179015811,1
abnormal,A0006,200,47,50,2022-07-17 10:52:01.384,1,train,8646.83551813638,1
abnormal,A0006,201,48,50,2022-07-17 10:52:01.484,1,train,4124.138642341603,1
abnormal,A0006,202,49,50,2022-07-17 10:52:01.584,1,train,3576.5162342588396,1
abnormal,A0008,252,9,25,2022-07-17 10:52:13.467,1,train,7514.221966161824,1
abnormal,A0008,253,10,25,2022-07-17 10:52:13.567,1,train,7976.805857638564,1
abnormal,A0008,254,11,25,2022-07-17 10:52:13.667,1,train,9307.028420744817,1
abnormal,A0008,255,12,25,2022-07-17 10:52:13.767,1,train,7034.417493685203,1
abnormal,A0008,256,13,25,2022-07-17 10:52:13.867,1,train,5563.410890244492,1
abnormal,A0008,257,14,25,2022-07-17 10:52:13.967,1,train,5399.953280998633,1
abnormal,A0008,258,15,25,2022-07-17 10:52:14.067,1,train,5308.073775405914,1
abnormal,A0008,259,16,25,2022-07-17 10:52:14.167,1,train,4581.566052360173,1
abnormal,A0008,260,17,25,2022-07-17 10:52:14.267,1,train,8358.934733547514,1
abnormal,A0008,261,18,25,2022-07-17 10:52:14.367,1,train,9328.296664418438,1
abnormal,A0008,262,19,25,2022-07-17 10:52:14.467,1,train,8417.001801496714,1
abnormal,A0008,263,20,25,2022-07-17 10:52:14.567,1,train,4114.751428731634,1
abnormal,A0008,264,21,25,2022-07-17 10:52:14.667,1,train,2959.009647750331,1
abnormal,A0008,265,22,25,2022-07-17 10:52:14.767,1,train,2983.1564573598916,1
abnormal,A0008,266,23,25,2022-07-17 10:52:14.867,1,train,4324.903878712048,1
abnormal,A0008,267,24,25,2022-07-17 10:52:14.967,1,train,6815.9521721378,1
abnormal,A0011,289,9,50,2022-07-17 10:52:39.072,1,train,5434.138096500267,1
abnormal,A0011,290,10,50,2022-07-17 10:52:39.172,1,train,2846.303487911937,1
abnormal,A0011,291,11,50,2022-07-17 10:52:39.272,1,train,2015.178567798271,1
abnormal,A0011,292,12,50,2022-07-17 10:52:39.372,1,train,2615.5910796306143,1
abnormal,A0011,293,13,50,2022-07-17 10:52:39.472,1,train,2550.6700157209243,1
abnormal,A0011,294,14,50,2022-07-17 10:52:39.572,1,train,1896.3176521703606,1
abnormal,A0011,295,15,50,2022-07-17 10:52:39.672,1,train,1735.523718814482,1
abnormal,A0011,296,16,50,2022-07-17 10:52:39.772,1,train,1906.1734716916915,1
abnormal,A0011,297,17,50,2022-07-17 10:52:39.872,1,train,1218.725945511198,1
abnormal,A0011,298,18,50,2022-07-17 10:52:39.972,1,train,1049.8446402278698,1
abnormal,A0011,299,19,50,2022-07-17 10:52:40.072,1,train,656.2859276325075,1
abnormal,A0011,300,20,50,2022-07-17 10:52:40.172,1,train,662.7636100421317,1
abnormal,A0011,301,21,50,2022-07-17 10:52:40.272,1,train,1498.5600931677957,1
abnormal,A0011,302,22,50,2022-07-17 10:52:40.372,1,train,4580.654865180758,1
abnormal,A0011,303,23,50,2022-07-17 10:52:40.472,1,train,4493.759878260471,1
abnormal,A0011,304,24,50,2022-07-17 10:52:40.572,1,train,4511.27986641839,1
abnormal,A0011,305,25,50,2022-07-17 10:52:40.672,1,train,4888.670588931182,1
abnormal,A0011,306,26,50,2022-07-17 10:52:40.772,1,train,5075.704305725692,1
abnormal,A0011,307,27,50,2022-07-17 10:52:40.872,1,train,5258.399347868732,1
abnormal,A0011,308,28,50,2022-07-17 10:52:40.972,1,train,5464.869504533654,1
abnormal,A0011,309,29,50,2022-07-17 10:52:41.072,1,train,5900.48632668454,1
abnormal,A0011,310,30,50,2022-07-17 10:52:41.172,1,train,6212.0992831710255,1
abnormal,A0011,311,31,50,2022-07-17 10:52:41.272,1,train,6027.108003003313,1
abnormal,A0011,312,32,50,2022-07-17 10:52:41.372,1,train,5583.241900985267,1
abnormal,A0011,313,33,50,2022-07-17 10:52:41.472,1,train,6473.047426236876,1
abnormal,A0011,314,34,50,2022-07-17 10:52:41.572,1,train,5969.469400614098,1
abnormal,A0011,315,35,50,2022-07-17 10:52:41.672,1,train,5529.128588561452,1
abnormal,A0011,316,36,50,2022-07-17 10:52:41.772,1,train,6428.639980130569,1
abnormal,A0011,317,37,50,2022-07-17 10:52:41.872,1,train,6033.583081591969,1
abnormal,A0011,318,38,50,2022-07-17 10:52:41.972,1,train,5991.981690841729,1
abnormal,A0011,319,39,50,2022-07-17 10:52:42.072,1,train,4599.502981938955,1
abnormal,A0011,320,40,50,2022-07-17 10:52:42.172,1,train,4254.242885098433,1
abnormal,A0011,321,41,50,2022-07-17 10:52:42.272,1,train,2362.4724882590326,1
abnormal,A0011,322,42,50,2022-07-17 10:52:42.372,1,train,1398.8503542293731,1
abnormal,A0011,323,43,50,2022-07-17 10:52:42.472,1,train,5836.467927796062,1
abnormal,A0011,324,44,50,2022-07-17 10:52:42.572,1,train,8158.226570262617,1
abnormal,A0011,325,45,50,2022-07-17 10:52:42.672,1,train,5884.7907833956515,1
abnormal,A0011,326,46,50,2022-07-17 10:52:42.772,1,train,4887.288591584655,1
abnormal,A0011,327,47,50,2022-07-17 10:52:42.872,1,train,7932.506010045779,1
abnormal,A0011,328,48,50,2022-07-17 10:52:42.972,1,train,10811.087986146873,1
abnormal,A0011,329,49,50,2022-07-17 10:52:43.072,1,train,10145.604412420336,1
abnormal,A0013,381,9,28,2022-07-17 10:52:54.669,1,train,22399.39163484992,1
abnormal,A0013,382,10,28,2022-07-17 10:52:54.769,1,train,19736.870832479464,1
abnormal,A0013,383,11,28,2022-07-17 10:52:54.869,1,train,24503.84550922725,1
abnormal,A0013,384,12,28,2022-07-17 10:52:54.969,1,train,22420.442844533467,1
abnormal,A0013,385,13,28,2022-07-17 10:52:55.069,1,train,12413.254993258284,1
abnormal,A0013,386,14,28,2022-07-17 10:52:55.169,1,train,8284.07248666219,1
abnormal,A0013,387,15,28,2022-07-17 10:52:55.269,1,train,13973.28669751131,1
abnormal,A0013,388,16,28,2022-07-17 10:52:55.369,1,train,17832.61777952485,1
abnormal,A0013,389,17,28,2022-07-17 10:52:55.469,1,train,11015.693139371384,1
abnormal,A0013,390,18,28,2022-07-17 10:52:55.569,1,train,6140.4757221555265,1
abnormal,A0013,391,19,28,2022-07-17 10:52:55.669,1,train,6142.690999482264,1
abnormal,A0013,392,20,28,2022-07-17 10:52:55.769,1,train,8850.893855577593,1
abnormal,A0013,393,21,28,2022-07-17 10:52:55.869,1,train,10783.201610919941,1
abnormal,A0013,394,22,28,2022-07-17 10:52:55.969,1,train,9677.642929771584,1
abnormal,A0013,395,23,28,2022-07-17 10:52:56.069,1,train,12957.927183890215,1
abnormal,A0013,396,24,28,2022-07-17 10:52:56.169,1,train,11320.466204086693,1
abnormal,A0013,397,25,28,2022-07-17 10:52:56.269,1,train,9535.512344360333,1
abnormal,A0013,398,26,28,2022-07-17 10:52:56.369,1,train,7557.942200176718,1
abnormal,A0013,399,27,28,2022-07-17 10:52:56.469,1,train,9285.439525287647,1
abnormal,A0014,409,9,15,2022-07-17 10:53:02.809,1,train,3591.982739814268,1
abnormal,A0014,410,10,15,2022-07-17 10:53:02.909,1,train,1206.5313609011191,1
abnormal,A0014,411,11,15,2022-07-17 10:53:03.009,1,train,695.5998456123405,1
abnormal,A0014,412,12,15,2022-07-17 10:53:03.109,1,train,946.5662088404449,1
abnormal,A0014,413,13,15,2022-07-17 10:53:03.209,1,train,764.0238502433353,1
abnormal,A0014,414,14,15,2022-07-17 10:53:03.309,1,train,253.06673356201065,1
abnormal,A0015,424,9,50,2022-07-17 10:53:12.664,1,train,206.68752951805257,1
abnormal,A0015,425,10,50,2022-07-17 10:53:12.764,1,train,531.9289664128746,1
abnormal,A0015,426,11,50,2022-07-17 10:53:12.864,1,train,468.0327165699616,1
abnormal,A0015,427,12,50,2022-07-17 10:53:12.964,1,train,381.3791580212747,1
abnormal,A0015,428,13,50,2022-07-17 10:53:13.064,1,train,351.3867370579268,1
abnormal,A0015,429,14,50,2022-07-17 10:53:13.164,1,train,560.1722333005174,1
abnormal,A0015,430,15,50,2022-07-17 10:53:13.264,1,train,558.8686309718248,1
abnormal,A0015,431,16,50,2022-07-17 10:53:13.364,1,train,731.0767344801477,1
abnormal,A0015,432,17,50,2022-07-17 10:53:13.464,1,train,808.4291378807086,1
abnormal,A0015,433,18,50,2022-07-17 10:53:13.564,1,train,557.2178547943676,1
abnormal,A0015,434,19,50,2022-07-17 10:53:13.664,1,train,527.1894213883536,1
abnormal,A0015,435,20,50,2022-07-17 10:53:13.764,1,train,475.5110141549514,1
abnormal,A0015,436,21,50,2022-07-17 10:53:13.864,1,train,561.4669074662796,1
abnormal,A0015,437,22,50,2022-07-17 10:53:13.964,1,train,652.3687826679437,1
abnormal,A0015,438,23,50,2022-07-17 10:53:14.064,1,train,743.3268539785687,1
abnormal,A0015,439,24,50,2022-07-17 10:53:14.164,1,train,795.773493478918,1
abnormal,A0015,440,25,50,2022-07-17 10:53:14.264,1,train,994.8438169562318,1
abnormal,A0015,441,26,50,2022-07-17 10:53:14.364,1,train,1479.5532240348596,1
abnormal,A0015,442,27,50,2022-07-17 10:53:14.464,1,train,2095.2495064835603,1
abnormal,A0015,443,28,50,2022-07-17 10:53:14.564,1,train,2232.3261999006477,1
abnormal,A0015,444,29,50,2022-07-17 10:53:14.664,1,train,2262.824504249057,1
abnormal,A0015,445,30,50,2022-07-17 10:53:14.764,1,train,2354.43104793324,1
abnormal,A0015,446,31,50,2022-07-17 10:53:14.864,1,train,2242.962451659704,1
abnormal,A0015,447,32,50,2022-07-17 10:53:14.964,1,train,2011.9651868185208,1
abnormal,A0015,448,33,50,2022-07-17 10:53:15.064,1,train,1268.0810678236835,1
abnormal,A0015,449,34,50,2022-07-17 10:53:15.164,1,train,4427.793972797448,1
abnormal,A0015,450,35,50,2022-07-17 10:53:15.264,1,train,10157.822676709498,1
abnormal,A0015,451,36,50,2022-07-17 10:53:15.364,1,train,8846.709995659525,1
abnormal,A0015,452,37,50,2022-07-17 10:53:15.464,1,train,6512.103469605379,1
abnormal,A0015,453,38,50,2022-07-17 10:53:15.564,1,train,5203.778041866487,1
abnormal,A0015,454,39,50,2022-07-17 10:53:15.664,1,train,4672.5265366846925,1
abnormal,A0015,455,40,50,2022-07-17 10:53:15.764,1,train,6255.753146868214,1
abnormal,A0015,456,41,50,2022-07-17 10:53:15.864,1,train,10883.357138708836,1
abnormal,A0015,457,42,50,2022-07-17 10:53:15.964,1,train,12857.559014663826,1
abnormal,A0015,458,43,50,2022-07-17 10:53:16.064,1,train,13675.548974380274,1
abnormal,A0015,459,44,50,2022-07-17 10:53:16.164,1,train,13959.47920186968,1
abnormal,A0015,460,45,50,2022-07-17 10:53:16.264,1,train,16714.245308312908,1
abnormal,A0015,461,46,50,2022-07-17 10:53:16.364,1,train,15307.278464561346,1
abnormal,A0015,462,47,50,2022-07-17 10:53:16.464,1,train,14621.915613814634,1
abnormal,A0015,463,48,50,2022-07-17 10:53:16.564,1,train,15697.04552388584,1
abnormal,A0015,464,49,50,2022-07-17 10:53:16.664,1,train,16532.365047660147,1
abnormal,A0016,474,9,50,2022-07-17 10:53:19.344,1,train,3774.6129674007666,1
abnormal,A0016,475,10,50,2022-07-17 10:53:19.444,1,train,5671.55991928796,1
abnormal,A0016,476,11,50,2022-07-17 10:53:19.544,1,train,5731.891486327375,1
abnormal,A0016,477,12,50,2022-07-17 10:53:19.644,1,train,3622.6830242492683,1
abnormal,A0016,478,13,50,2022-07-17 10:53:19.744,1,train,2201.892001059827,1
abnormal,A0016,479,14,50,2022-07-17 10:53:19.844,1,train,2899.41979293855,1
abnormal,A0016,480,15,50,2022-07-17 10:53:19.944,1,train,2552.105930423426,1
abnormal,A0016,481,16,50,2022-07-17 10:53:20.044,1,train,2620.0698542175337,1
abnormal,A0016,482,17,50,2022-07-17 10:53:20.144,1,train,1894.4520428224057,1
abnormal,A0016,483,18,50,2022-07-17 10:53:20.244,1,train,1605.5288436043809,1
abnormal,A0016,484,19,50,2022-07-17 10:53:20.344,1,train,1339.5670457249068,1
abnormal,A0016,485,20,50,2022-07-17 10:53:20.444,1,train,1300.5535202360877,1
abnormal,A0016,486,21,50,2022-07-17 10:53:20.544,1,train,1081.919744794063,1
abnormal,A0016,487,22,50,2022-07-17 10:53:20.644,1,train,1136.4742934368949,1
abnormal,A0016,488,23,50,2022-07-17 10:53:20.744,1,train,2812.5013146046967,1
abnormal,A0016,489,24,50,2022-07-17 10:53:20.844,1,train,2649.1368620722833,1
abnormal,A0016,490,25,50,2022-07-17 10:53:20.944,1,train,2465.538192680899,1
abnormal,A0016,491,26,50,2022-07-17 10:53:21.044,1,train,2235.9526174350995,1
abnormal,A0016,492,27,50,2022-07-17 10:53:21.144,1,train,2887.0905127013,1
abnormal,A0016,493,28,50,2022-07-17 10:53:21.244,1,train,3525.1548814625303,1
abnormal,A0016,494,29,50,2022-07-17 10:53:21.344,1,train,3925.4506364265985,1
abnormal,A0016,495,30,50,2022-07-17 10:53:21.444,1,train,4142.995105242514,1
abnormal,A0016,496,31,50,2022-07-17 10:53:21.544,1,train,3484.7957571435254,1
abnormal,A0016,497,32,50,2022-07-17 10:53:21.644,1,train,2077.9412872176117,1
abnormal,A0016,498,33,50,2022-07-17 10:53:21.744,1,train,2296.590445441386,1
abnormal,A0016,499,34,50,2022-07-17 10:53:21.844,1,train,2524.82938739409,1
abnormal,A0016,500,35,50,2022-07-17 10:53:21.944,1,train,2222.0635485613516,1
abnormal,A0016,501,36,50,2022-07-17 10:53:22.044,1,train,1672.2564979463432,1
abnormal,A0016,502,37,50,2022-07-17 10:53:22.144,1,train,1813.310594840309,1
abnormal,A0016,503,38,50,2022-07-17 10:53:22.244,1,train,1695.5537336532393,1
abnormal,A0016,504,39,50,2022-07-17 10:53:22.344,1,train,1338.8908113825485,1
abnormal,A0016,505,40,50,2022-07-17 10:53:22.444,1,train,1655.7451516479007,1
abnormal,A0016,506,41,50,2022-07-17 10:53:22.544,1,train,1933.7297280771593,1
abnormal,A0016,507,42,50,2022-07-17 10:53:22.644,1,train,1715.613963965272,1
abnormal,A0016,508,43,50,2022-07-17 10:53:22.744,1,train,1610.9141208506514,1
abnormal,A0016,509,44,50,2022-07-17 10:53:22.844,1,train,1411.6429787992993,1
abnormal,A0016,510,45,50,2022-07-17 10:53:22.944,1,train,1846.6697601385251,1
abnormal,A0016,511,46,50,2022-07-17 10:53:23.044,1,train,2722.5884091995845,1
abnormal,A0016,512,47,50,2022-07-17 10:53:23.144,1,train,2666.8123276489423,1
abnormal,A0016,513,48,50,2022-07-17 10:53:23.244,1,train,3679.66790898727,1
abnormal,A0016,514,49,50,2022-07-17 10:53:23.344,1,train,5700.643672423552,1
abnormal,A0018,560,9,24,2022-07-17 10:53:35.539,1,train,17573.04713286528,1
abnormal,A0018,561,10,24,2022-07-17 10:53:35.639,1,train,23708.259460285673,1
abnormal,A0018,562,11,24,2022-07-17 10:53:35.739,1,train,18532.467870294593,1
abnormal,A0018,563,12,24,2022-07-17 10:53:35.839,1,train,10529.213020695759,1
abnormal,A0018,564,13,24,2022-07-17 10:53:35.939,1,train,15402.683835667258,1
abnormal,A0018,565,14,24,2022-07-17 10:53:36.039,1,train,15216.704290179185,1
abnormal,A0018,566,15,24,2022-07-17 10:53:36.139,1,train,16549.75293196428,1
abnormal,A0018,567,16,24,2022-07-17 10:53:36.239,1,train,16694.476725735043,1
abnormal,A0018,568,17,24,2022-07-17 10:53:36.339,1,train,17150.935287067285,1
abnormal,A0018,569,18,24,2022-07-17 10:53:36.439,1,train,20902.4581529363,1
abnormal,A0018,570,19,24,2022-07-17 10:53:36.539,1,train,15377.374789680596,1
abnormal,A0018,571,20,24,2022-07-17 10:53:36.639,1,train,14693.936568916864,1
abnormal,A0018,572,21,24,2022-07-17 10:53:36.739,1,train,21817.078438980036,1
abnormal,A0018,573,22,24,2022-07-17 10:53:36.839,1,train,27653.77284252563,1
abnormal,A0018,574,23,24,2022-07-17 10:53:36.939,1,train,14958.536062012909,1
abnormal,A0019,584,9,10,2022-07-17 10:53:43.568,1,train,1656.30131907241,1
abnormal,A0020,594,9,15,2022-07-17 10:53:53.040,1,train,2048.917080028495,1
abnormal,A0020,595,10,15,2022-07-17 10:53:53.140,1,train,2147.6494363841816,1
abnormal,A0020,596,11,15,2022-07-17 10:53:53.240,1,train,2302.5493996178448,1
abnormal,A0020,597,12,15,2022-07-17 10:53:53.340,1,train,2473.616210356623,1
abnormal,A0020,598,13,15,2022-07-17 10:53:53.440,1,train,2334.1129239258235,1
abnormal,A0020,599,14,15,2022-07-17 10:53:53.540,1,train,2860.3452634066048,1
normal,N0000,9,9,41,2022-07-12 00:00:00.919,0,train,32.281031045767925,0
normal,N0000,10,10,41,2022-07-12 00:00:01.019,0,train,22.02628970916311,0
normal,N0000,11,11,41,2022-07-12 00:00:01.119,0,train,20.79923131839644,0
normal,N0000,12,12,41,2022-07-12 00:00:01.219,0,train,30.919672774899105,0
normal,N0000,13,13,41,2022-07-12 00:00:01.319,0,train,30.512483454214127,0
normal,N0000,14,14,41,2022-07-12 00:00:01.419,0,train,65.56595850951219,0
normal,N0000,15,15,41,2022-07-12 00:00:01.519,0,train,29.7819961400574,0
normal,N0000,16,16,41,2022-07-12 00:00:01.619,0,train,34.02153499270071,0
normal,N0000,17,17,41,2022-07-12 00:00:01.719,0,train,39.666089642619724,0
normal,N0000,18,18,41,2022-07-12 00:00:01.819,0,train,31.83539352434669,0
normal,N0000,19,19,41,2022-07-12 00:00:01.919,0,train,36.82176459329937,0
normal,N0000,20,20,41,2022-07-12 00:00:02.019,0,train,49.397420527764474,0
normal,N0000,21,21,41,2022-07-12 00:00:02.119,0,train,36.43154965370623,0
normal,N0000,22,22,41,2022-07-12 00:00:02.219,0,train,57.74981339765207,0
normal,N0000,23,23,41,2022-07-12 00:00:02.319,0,train,47.47483298454346,0
normal,N0000,24,24,41,2022-07-12 00:00:02.419,0,train,59.163800218367406,0
normal,N0000,25,25,41,2022-07-12 00:00:02.519,0,train,137.22210210566163,0
normal,N0000,26,26,41,2022-07-12 00:00:02.619,0,train,119.67309675165535,0
normal,N0000,27,27,41,2022-07-12 00:00:02.719,0,train,77.19218038147545,0
normal,N0000,28,28,41,2022-07-12 00:00:02.819,0,train,75.81187939328991,0
normal,N0000,29,29,41,2022-07-12 00:00:02.919,0,train,56.72508829293247,0
normal,N0000,30,30,41,2022-07-12 00:00:03.019,0,train,41.33329148850998,0
normal,N0000,31,31,41,2022-07-12 00:00:03.119,0,train,40.07614985440324,0
normal,N0000,32,32,41,2022-07-12 00:00:03.219,0,train,36.28502569744955,0
normal,N0000,33,33,41,2022-07-12 00:00:03.319,0,train,29.480920759509107,0
normal,N0000,34,34,41,2022-07-12 00:00:03.419,0,train,28.544220164281676,0
normal,N0000,35,35,41,2022-07-12 00:00:03.519,0,train,25.160625474901668,0
normal,N0000,36,36,41,2022-07-12 00:00:03.619,0,train,39.021025834631466,0
normal,N0000,37,37,41,2022-07-12 00:00:03.719,0,train,29.157875608036456,0
normal,N0000,38,38,41,2022-07-12 00:00:03.819,0,train,23.871663633409444,0
normal,N0000,39,39,41,2022-07-12 00:00:03.919,0,train,48.1437060123621,0
normal,N0000,40,40,41,2022-07-12 00:00:04.019,0,train,36.922272122229685,0
normal,N0001,50,9,37,2022-07-12 00:00:08.124,0,train,50.51330497291994,0
normal,N0001,51,10,37,2022-07-12 00:00:08.224,0,train,23.814682488333354,0
normal,N0001,52,11,37,2022-07-12 00:00:08.324,0,train,29.531457595066374,0
normal,N0001,53,12,37,2022-07-12 00:00:08.424,0,train,27.42523275241608,0
normal,N0001,54,13,37,2022-07-12 00:00:08.524,0,train,39.24762581079953,0
normal,N0001,55,14,37,2022-07-12 00:00:08.624,0,train,39.73165090749478,0
normal,N0001,56,15,37,2022-07-12 00:00:08.724,0,train,35.719165035165965,0
normal,N0001,57,16,37,2022-07-12 00:00:08.824,0,train,22.314728015648942,0
normal,N0001,58,17,37,2022-07-12 00:00:08.924,0,train,29.138613852992087,0
normal,N0001,59,18,37,2022-07-12 00:00:09.024,0,train,20.627157888584566,0
normal,N0001,60,19,37,2022-07-12 00:00:09.124,0,train,21.149497310132407,0
normal,N0001,61,20,37,2022-07-12 00:00:09.224,0,train,19.45241497869478,0
normal,N0001,62,21,37,2022-07-12 00:00:09.324,0,train,29.24468679357341,0
normal,N0001,63,22,37,2022-07-12 00:00:09.424,0,train,33.16705515516629,0
normal,N0001,64,23,37,2022-07-12 00:00:09.524,0,train,21.5255611537865,0
normal,N0001,65,24,37,2022-07-12 00:00:09.624,0,train,29.107242853460853,0
normal,N0001,66,25,37,2022-07-12 00:00:09.724,0,train,28.04591909942052,0
normal,N0001,67,26,37,2022-07-12 00:00:09.824,0,train,30.844786046701987,0
normal,N0001,68,27,37,2022-07-12 00:00:09.924,0,train,34.51083404550084,0
normal,N0001,69,28,37,2022-07-12 00:00:10.024,0,train,26.9969517076401,0
normal,N0001,70,29,37,2022-07-12 00:00:10.124,0,train,26.21916239220158,0
normal,N0001,71,30,37,2022-07-12 00:00:10.224,0,train,23.420025256691847,0
normal,N0001,72,31,37,2022-07-12 00:00:10.324,0,train,32.89547760834911,0
normal,N0001,73,32,37,2022-07-12 00:00:10.424,0,train,24.405615500287293,0
normal,N0001,74,33,37,2022-07-12 00:00:10.524,0,train,37.95830337336545,0
normal,N0001,75,34,37,2022-07-12 00:00:10.624,0,train,37.30176806727165,0
normal,N0001,76,35,37,2022-07-12 00:00:10.724,0,train,32.66220659106085,0
normal,N0001,77,36,37,2022-07-12 00:00:10.824,0,train,42.750085783784925,0
normal,N0003,111,9,10,2022-07-12 00:00:24.224,0,train,31.496102420894033,0
normal,N0004,121,9,50,2022-07-12 00:00:33.652,0,train,28.694498866546688,0
normal,N0004,122,10,50,2022-07-12 00:00:33.752,0,train,36.92708772913678,0
normal,N0004,123,11,50,2022-07-12 00:00:33.852,0,train,33.146532846052935,0
normal,N0004,124,12,50,2022-07-12 00:00:33.952,0,train,35.161152016401026,0
normal,N0004,125,13,50,2022-07-12 00:00:34.052,0,train,31.621957820674474,0
normal,N0004,126,14,50,2022-07-12 00:00:34.152,0,train,30.178522748945944,0
normal,N0004,127,15,50,2022-07-12 00:00:34.252,0,train,20.292716879867882,0
normal,N0004,128,16,50,2022-07-12 00:00:34.352,0,train,50.42132976581294,0
normal,N0004,129,17,50,2022-07-12 00:00:34.452,0,train,19.46732189755689,0
normal,N0004,130,18,50,2022-07-12 00:00:34.552,0,train,35.143926119404604,0
normal,N0004,131,19,50,2022-07-12 00:00:34.652,0,train,29.487957768136965,0
normal,N0004,132,20,50,2022-07-12 00:00:34.752,0,train,58.681922571171484,0
normal,N0004,133,21,50,2022-07-12 00:00:34.852,0,train,56.58723050872913,0
normal,N0004,134,22,50,2022-07-12 00:00:34.952,0,train,39.40851782376024,0
normal,N0004,135,23,50,2022-07-12 00:00:35.052,0,train,63.616509557934386,0
normal,N0004,136,24,50,2022-07-12 00:00:35.152,0,train,52.974943370970294,0
normal,N0004,137,25,50,2022-07-12 00:00:35.252,0,train,79.01387340495404,0
normal,N0004,138,26,50,2022-07-12 00:00:35.352,0,train,55.17461754401494,0
normal,N0004,139,27,50,2022-07-12 00:00:35.452,0,train,52.139886718158486,0
normal,N0004,140,28,50,2022-07-12 00:00:35.552,0,train,56.51645590867996,0
normal,N0004,141,29,50,2022-07-12 00:00:35.652,0,train,52.55755863949939,0
normal,N0004,142,30,50,2022-07-12 00:00:35.752,0,train,45.966490384998956,0
normal,N0004,143,31,50,2022-07-12 00:00:35.852,0,train,23.90045296119642,0
normal,N0004,144,32,50,2022-07-12 00:00:35.952,0,train,35.20167171759261,0
normal,N0004,145,33,50,2022-07-12 00:00:36.052,0,train,39.068039915266866,0
normal,N0004,146,34,50,2022-07-12 00:00:36.152,0,train,42.22568342764532,0
normal,N0004,147,35,50,2022-07-12 00:00:36.252,0,train,51.227265104862774,0
normal,N0004,148,36,50,2022-07-12 00:00:36.352,0,train,45.45802807991024,0
normal,N0004,149,37,50,2022-07-12 00:00:36.452,0,train,47.11718740818618,0
normal,N0004,150,38,50,2022-07-12 00:00:36.552,0,train,41.151186458040065,0
normal,N0004,151,39,50,2022-07-12 00:00:36.652,0,train,45.27388125272314,0
normal,N0004,152,40,50,2022-07-12 00:00:36.752,0,train,56.16398382860129,0
normal,N0004,153,41,50,2022-07-12 00:00:36.852,0,train,45.78709727714693,0
normal,N0004,154,42,50,2022-07-12 00:00:36.952,0,train,61.97789729620939,0
normal,N0004,155,43,50,2022-07-12 00:00:37.052,0,train,62.27011725072231,0
normal,N0004,156,44,50,2022-07-12 00:00:37.152,0,train,137.99859016170728,0
normal,N0004,157,45,50,2022-07-12 00:00:37.252,0,train,60.03471901352409,0
normal,N0004,158,46,50,2022-07-12 00:00:37.352,0,train,45.62254494095474,0
normal,N0004,159,47,50,2022-07-12 00:00:37.452,0,train,50.092155509558914,0
normal,N0004,160,48,50,2022-07-12 00:00:37.552,0,train,52.256609307960225,0
normal,N0004,161,49,50,2022-07-12 00:00:37.652,0,train,55.853321730316196,0
normal,N0005,171,9,50,2022-07-12 00:00:40.656,0,train,18.56428899580874,0
normal,N0005,172,10,50,2022-07-12 00:00:40.756,0,train,27.052531277907434,0
normal,N0005,173,11,50,2022-07-12 00:00:40.856,0,train,43.84622665479165,0
normal,N0005,174,12,50,2022-07-12 00:00:40.956,0,train,62.107203526298015,0
normal,N0005,175,13,50,2022-07-12 00:00:41.056,0,train,63.253113665265026,0
normal,N0005,176,14,50,2022-07-12 00:00:41.156,0,train,67.27343609375986,0
normal,N0005,177,15,50,2022-07-12 00:00:41.256,0,train,75.47643665476174,0
normal,N0005,178,16,50,2022-07-12 00:00:41.356,0,train,86.71684109402317,0
normal,N0005,179,17,50,2022-07-12 00:00:41.456,0,train,72.88942452985911,0
normal,N0005,180,18,50,2022-07-12 00:00:41.556,0,train,31.377611066695582,0
normal,N0005,181,19,50,2022-07-12 00:00:41.656,0,train,39.29094810619105,0
normal,N0005,182,20,50,2022-07-12 00:00:41.756,0,train,46.55757009370686,0
normal,N0005,183,21,50,2022-07-12 00:00:41.856,0,train,41.47580446586544,0
normal,N0005,184,22,50,2022-07-12 00:00:41.956,0,train,44.825252612380815,0
normal,N0005,185,23,50,2022-07-12 00:00:42.056,0,train,43.083695049174985,0
normal,N0005,186,24,50,2022-07-12 00:00:42.156,0,train,43.92772472101288,0
normal,N0005,187,25,50,2022-07-12 00:00:42.256,0,train,38.273345755160236,0
normal,N0005,188,26,50,2022-07-12 00:00:42.356,0,train,31.669241769110915,0
normal,N0005,189,27,50,2022-07-12 00:00:42.456,0,train,35.541406167117515,0
normal,N0005,190,28,50,2022-07-12 00:00:42.556,0,train,32.08329564141253,0
normal,N0005,191,29,50,2022-07-12 00:00:42.656,0,train,37.080234217079514,0
normal,N0005,192,30,50,2022-07-12 00:00:42.756,0,train,29.58349024010057,0
normal,N0005,193,31,50,2022-07-12 00:00:42.856,0,train,25.572955157855944,0
normal,N0005,194,32,50,2022-07-12 00:00:42.956,0,train,39.47229661899464,0
normal,N0005,195,33,50,2022-07-12 00:00:43.056,0,train,49.97030630853661,0
normal,N0005,196,34,50,2022-07-12 00:00:43.156,0,train,42.804633198614965,0
normal,N0005,197,35,50,2022-07-12 00:00:43.256,0,train,71.35840201459239,0
normal,N0005,198,36,50,2022-07-12 00:00:43.356,0,train,65.38860023504438,0
normal,N0005,199,37,50,2022-07-12 00:00:43.456,0,train,66.24959806044848,0
normal,N0005,200,38,50,2022-07-12 00:00:43.556,0,train,42.207711170337355,0
normal,N0005,201,39,50,2022-07-12 00:00:43.656,0,train,39.0487974957513,0
normal,N0005,202,40,50,2022-07-12 00:00:43.756,0,train,61.48826480952183,0
normal,N0005,203,41,50,2022-07-12 00:00:43.856,0,train,32.79137573005125,0
normal,N0005,204,42,50,2022-07-12 00:00:43.956,0,train,31.488017513938086,0
normal,N0005,205,43,50,2022-07-12 00:00:44.056,0,train,36.53689571440066,0
normal,N0005,206,44,50,2022-07-12 00:00:44.156,0,train,32.98288253941298,0
normal,N0005,207,45,50,2022-07-12 00:00:44.256,0,train,27.17347650271519,0
normal,N0005,208,46,50,2022-07-12 00:00:44.356,0,train,24.495853344186823,0
normal,N0005,209,47,50,2022-07-12 00:00:44.456,0,train,30.27290452184598,0
normal,N0005,210,48,50,2022-07-12 00:00:44.556,0,train,30.38806610636182,0
normal,N0005,211,49,50,2022-07-12 00:00:44.656,0,train,47.49390122751906,0
normal,N0006,221,9,50,2022-07-12 00:00:48.576,0,train,60.683136211851156,0
normal,N0006,222,10,50,2022-07-12 00:00:48.676,0,train,56.15002405741411,0
normal,N0006,223,11,50,2022-07-12 00:00:48.776,0,train,77.14443793579969,0
normal,N0006,224,12,50,2022-07-12 00:00:48.876,0,train,84.19545834917514,0
normal,N0006,225,13,50,2022-07-12 00:00:48.976,0,train,86.94362434489635,0
normal,N0006,226,14,50,2022-07-12 00:00:49.076,0,train,106.76664004456644,0
normal,N0006,227,15,50,2022-07-12 00:00:49.176,0,train,101.81831211886667,0
normal,N0006,228,16,50,2022-07-12 00:00:49.276,0,train,105.80101637248312,0
normal,N0006,229,17,50,2022-07-12 00:00:49.376,0,train,109.43350593490901,0
normal,N0006,230,18,50,2022-07-12 00:00:49.476,0,train,119.3159565121108,0
normal,N0006,231,19,50,2022-07-12 00:00:49.576,0,train,124.3668188805231,0
normal,N0006,232,20,50,2022-07-12 00:00:49.676,0,train,120.251074641762,0
normal,N0006,233,21,50,2022-07-12 00:00:49.776,0,train,63.057791223627085,0
normal,N0006,234,22,50,2022-07-12 00:00:49.876,0,train,67.54342307094423,0
normal,N0006,235,23,50,2022-07-12 00:00:49.976,0,train,88.97846658569678,0
normal,N0006,236,24,50,2022-07-12 00:00:50.076,0,train,70.77299498402051,0
normal,N0006,237,25,50,2022-07-12 00:00:50.176,0,train,95.48023238521827,0
normal,N0006,238,26,50,2022-07-12 00:00:50.276,0,train,65.96742497288457,0
normal,N0006,239,27,50,2022-07-12 00:00:50.376,0,train,66.80899874286625,0
normal,N0006,240,28,50,2022-07-12 00:00:50.476,0,train,71.4437307890301,0
normal,N0006,241,29,50,2022-07-12 00:00:50.576,0,train,53.14674589183564,0
normal,N0006,242,30,50,2022-07-12 00:00:50.676,0,train,74.29300419749129,0
normal,N0006,243,31,50,2022-07-12 00:00:50.776,0,train,107.38211511949764,0
normal,N0006,244,32,50,2022-07-12 00:00:50.876,0,train,74.15448150199161,0
normal,N0006,245,33,50,2022-07-12 00:00:50.976,0,train,74.32862341522885,0
normal,N0006,246,34,50,2022-07-12 00:00:51.076,0,train,72.53018710449287,0
normal,N0006,247,35,50,2022-07-12 00:00:51.176,0,train,112.20277444813487,0
normal,N0006,248,36,50,2022-07-12 00:00:51.276,0,train,82.07166829810616,0
normal,N0006,249,37,50,2022-07-12 00:00:51.376,0,train,101.68147631561312,0
normal,N0006,250,38,50,2022-07-12 00:00:51.476,0,train,83.21124909335201,0
normal,N0006,251,39,50,2022-07-12 00:00:51.576,0,train,102.58940298493573,0
normal,N0006,252,40,50,2022-07-12 00:00:51.676,0,train,86.25746643760941,0
normal,N0006,253,41,50,2022-07-12 00:00:51.776,0,train,75.55155997602598,0
normal,N0006,254,42,50,2022-07-12 00:00:51.876,0,train,83.70924276555266,0
normal,N0006,255,43,50,2022-07-12 00:00:51.976,0,train,136.21110518470064,0
normal,N0006,256,44,50,2022-07-12 00:00:52.076,0,train,94.47112393397776,0
normal,N0006,257,45,50,2022-07-12 00:00:52.176,0,train,87.2474938806298,0
normal,N0006,258,46,50,2022-07-12 00:00:52.276,0,train,119.85225547387233,0
normal,N0006,259,47,50,2022-07-12 00:00:52.376,0,train,112.6338812837326,0
normal,N0006,260,48,50,2022-07-12 00:00:52.476,0,train,244.78095329298876,1
normal,N0006,261,49,50,2022-07-12 00:00:52.576,0,train,311.5604308748538,1
normal,N0008,312,9,26,2022-07-12 00:01:04.476,0,train,33.296559068588,0
normal,N0008,313,10,26,2022-07-12 00:01:04.576,0,train,37.21316767580143,0
normal,N0008,314,11,26,2022-07-12 00:01:04.676,0,train,29.851384213120767,0
normal,N0008,315,12,26,2022-07-12 00:01:04.776,0,train,26.6917113995147,0
normal,N0008,316,13,26,2022-07-12 00:01:04.876,0,train,19.768426656172988,0
normal,N0008,317,14,26,2022-07-12 00:01:04.976,0,train,30.063193965879734,0
normal,N0008,318,15,26,2022-07-12 00:01:05.076,0,train,38.09118221484288,0
normal,N0008,319,16,26,2022-07-12 00:01:05.176,0,train,21.465901667990796,0
normal,N0008,320,17,26,2022-07-12 00:01:05.276,0,train,24.148610352757114,0
normal,N0008,321,18,26,2022-07-12 00:01:05.376,0,train,26.1510151012486,0
normal,N0008,322,19,26,2022-07-12 00:01:05.476,0,train,21.554853691417804,0
normal,N0008,323,20,26,2022-07-12 00:01:05.576,0,train,24.239584865092482,0
normal,N0008,324,21,26,2022-07-12 00:01:05.676,0,train,40.08446599334812,0
normal,N0008,325,22,26,2022-07-12 00:01:05.776,0,train,25.782348399042824,0
normal,N0008,326,23,26,2022-07-12 00:01:05.876,0,train,33.67708582960552,0
normal,N0008,327,24,26,2022-07-12 00:01:05.976,0,train,22.569318833206474,0
normal,N0008,328,25,26,2022-07-12 00:01:06.076,0,train,20.181556684576048,0
normal,N0009,338,9,13,2022-07-12 00:01:12.521,0,train,46.027341175413035,0
normal,N0009,339,10,13,2022-07-12 00:01:12.621,0,train,41.49032359486037,0
normal,N0009,340,11,13,2022-07-12 00:01:12.721,0,train,58.48410302443148,0
normal,N0009,341,12,13,2022-07-12 00:01:12.821,0,train,41.70409743807148,0
normal,N0010,351,9,50,2022-07-12 00:01:22.122,0,train,32.729847826984745,0
normal,N0010,352,10,50,2022-07-12 00:01:22.222,0,train,31.765970267016673,0
normal,N0010,353,11,50,2022-07-12 00:01:22.322,0,train,30.38966485872115,0
normal,N0010,354,12,50,2022-07-12 00:01:22.422,0,train,41.32674632222642,0
normal,N0010,355,13,50,2022-07-12 00:01:22.522,0,train,44.68174231960781,0
normal,N0010,356,14,50,2022-07-12 00:01:22.622,0,train,30.437127807109942,0
normal,N0010,357,15,50,2022-07-12 00:01:22.722,0,train,31.284600368096857,0
normal,N0010,358,16,50,2022-07-12 00:01:22.822,0,train,31.242908742291153,0
normal,N0010,359,17,50,2022-07-12 00:01:22.922,0,train,44.69698468333802,0
normal,N0010,360,18,50,2022-07-12 00:01:23.022,0,train,25.95299907437432,0
normal,N0010,361,19,50,2022-07-12 00:01:23.122,0,train,22.26909306174094,0
normal,N0010,362,20,50,2022-07-12 00:01:23.222,0,train,26.715630162718067,0
normal,N0010,363,21,50,2022-07-12 00:01:23.322,0,train,47.75764950511436,0
normal,N0010,364,22,50,2022-07-12 00:01:23.422,0,train,33.46912653770781,0
normal,N0010,365,23,50,2022-07-12 00:01:23.522,0,train,37.13098666570751,0
normal,N0010,366,24,50,2022-07-12 00:01:23.622,0,train,32.36856482540222,0
normal,N0010,367,25,50,2022-07-12 00:01:23.722,0,train,33.64500074899621,0
normal,N0010,368,26,50,2022-07-12 00:01:23.822,0,train,38.28563121129166,0
normal,N0010,369,27,50,2022-07-12 00:01:23.922,0,train,32.80916462104814,0
normal,N0010,370,28,50,2022-07-12 00:01:24.022,0,train,33.80631924078752,0
normal,N0010,371,29,50,2022-07-12 00:01:24.122,0,train,42.562228539852185,0
normal,N0010,372,30,50,2022-07-12 00:01:24.222,0,train,37.57665990811906,0
normal,N0010,373,31,50,2022-07-12 00:01:24.322,0,train,34.636136042061715,0
normal,N0010,374,32,50,2022-07-12 00:01:24.422,0,train,27.704769398123595,0
normal,N0010,375,33,50,2022-07-12 00:01:24.522,0,train,32.73863515400882,0
normal,N0010,376,34,50,2022-07-12 00:01:24.622,0,train,40.565542014300476,0
normal,N0010,377,35,50,2022-07-12 00:01:24.722,0,train,21.592360574441972,0
normal,N0010,378,36,50,2022-07-12 00:01:24.822,0,train,24.816942387328492,0
normal,N0010,379,37,50,2022-07-12 00:01:24.922,0,train,25.31933785873989,0
normal,N0010,380,38,50,2022-07-12 00:01:25.022,0,train,49.05805318764801,0
normal,N0010,381,39,50,2022-07-12 00:01:25.122,0,train,22.61306446974584,0
normal,N0010,382,40,50,2022-07-12 00:01:25.222,0,train,23.967170920022532,0
normal,N0010,383,41,50,2022-07-12 00:01:25.322,0,train,28.455857351905703,0
normal,N0010,384,42,50,2022-07-12 00:01:25.422,0,train,29.94890952343565,0
normal,N0010,385,43,50,2022-07-12 00:01:25.522,0,train,31.66954087828645,0
normal,N0010,386,44,50,2022-07-12 00:01:25.622,0,train,33.84454973570122,0
normal,N0010,387,45,50,2022-07-12 00:01:25.722,0,train,50.87964304890995,0
normal,N0010,388,46,50,2022-07-12 00:01:25.822,0,train,61.948281564484745,0
normal,N0010,389,47,50,2022-07-12 00:01:25.922,0,train,49.8346006162693,0
normal,N0010,390,48,50,2022-07-12 00:01:26.022,0,train,47.01690814330069,0
normal,N0010,391,49,50,2022-07-12 00:01:26.122,0,train,62.671749241109765,0
normal,N0011,401,9,50,2022-07-12 00:01:28.757,0,train,72.42591553679517,0
normal,N0011,402,10,50,2022-07-12 00:01:28.857,0,train,130.21030132014747,0
normal,N0011,403,11,50,2022-07-12 00:01:28.957,0,train,198.52758204081144,1
normal,N0011,404,12,50,2022-07-12 00:01:29.057,0,train,156.42285549874504,1
normal,N0011,405,13,50,2022-07-12 00:01:29.157,0,train,86.64164877198913,0
normal,N0011,406,14,50,2022-07-12 00:01:29.257,0,train,65.76593391516523,0
normal,N0011,407,15,50,2022-07-12 00:01:29.357,0,train,52.79725585882473,0
normal,N0011,408,16,50,2022-07-12 00:01:29.457,0,train,58.46363036650018,0
normal,N0011,409,17,50,2022-07-12 00:01:29.557,0,train,52.61053454392568,0
normal,N0011,410,18,50,2022-07-12 00:01:29.657,0,train,42.11447382033669,0
normal,N0011,411,19,50,2022-07-12 00:01:29.757,0,train,42.76899318538517,0
normal,N0011,412,20,50,2022-07-12 00:01:29.857,0,train,51.27883881801885,0
normal,N0011,413,21,50,2022-07-12 00:01:29.957,0,train,38.202629535203414,0
normal,N0011,414,22,50,2022-07-12 00:01:30.057,0,train,48.003972670316756,0
normal,N0011,415,23,50,2022-07-12 00:01:30.157,0,train,34.24304265983763,0
normal,N0011,416,24,50,2022-07-12 00:01:30.257,0,train,33.167948672413864,0
normal,N0011,417,25,50,2022-07-12 00:01:30.357,0,train,40.1911721612312,0
normal,N0011,418,26,50,2022-07-12 00:01:30.457,0,train,49.7693283079944,0
normal,N0011,419,27,50,2022-07-12 00:01:30.557,0,train,49.14489375241592,0
normal,N0011,420,28,50,2022-07-12 00:01:30.657,0,train,42.542773799440496,0
normal,N0011,421,29,50,2022-07-12 00:01:30.757,0,train,52.92979352844439,0
normal,N0011,422,30,50,2022-07-12 00:01:30.857,0,train,40.81504753146944,0
normal,N0011,423,31,50,2022-07-12 00:01:30.957,0,train,44.5569284028092,0
normal,N0011,424,32,50,2022-07-12 00:01:31.057,0,train,45.364887495286844,0
normal,N0011,425,33,50,2022-07-12 00:01:31.157,0,train,39.4861935542387,0
normal,N0011,426,34,50,2022-07-12 00:01:31.257,0,train,47.19799672266636,0
normal,N0011,427,35,50,2022-07-12 00:01:31.357,0,train,37.57980453784895,0
normal,N0011,428,36,50,2022-07-12 00:01:31.457,0,train,41.38266858296418,0
normal,N0011,429,37,50,2022-07-12 00:01:31.557,0,train,58.700372159925784,0
normal,N0011,430,38,50,2022-07-12 00:01:31.657,0,train,79.01351341238241,0
normal,N0011,431,39,50,2022-07-12 00:01:31.757,0,train,61.252591701236305,0
normal,N0011,432,40,50,2022-07-12 00:01:31.857,0,train,47.58898783238578,0
normal,N0011,433,41,50,2022-07-12 00:01:31.957,0,train,72.6078732512588,0
normal,N0011,434,42,50,2022-07-12 00:01:32.057,0,train,83.47776740698875,0
normal,N0011,435,43,50,2022-07-12 00:01:32.157,0,train,61.03188917452494,0
normal,N0011,436,44,50,2022-07-12 00:01:32.257,0,train,95.17956411406912,0
normal,N0011,437,45,50,2022-07-12 00:01:32.357,0,train,63.825181845950794,0
normal,N0011,438,46,50,2022-07-12 00:01:32.457,0,train,43.10391438940094,0
normal,N0011,439,47,50,2022-07-12 00:01:32.557,0,train,42.720393555037006,0
normal,N0011,440,48,50,2022-07-12 00:01:32.657,0,train,44.13612316552127,0
normal,N0011,441,49,50,2022-07-12 00:01:32.757,0,train,56.353547887428604,0
normal,N0013,491,9,25,2022-07-12 00:01:44.657,0,train,54.442666432635264,0
normal,N0013,492,10,25,2022-07-12 00:01:44.757,0,train,33.76560188399569,0
normal,N0013,493,11,25,2022-07-12 00:01:44.857,0,train,72.82922271923957,0
normal,N0013,494,12,25,2022-07-12 00:01:44.957,0,train,103.37670055151828,0
normal,N0013,495,13,25,2022-07-12 00:01:45.057,0,train,118.83127095192009,0
normal,N0013,496,14,25,2022-07-12 00:01:45.157,0,train,291.1624465747424,1
normal,N0013,497,15,25,2022-07-12 00:01:45.257,0,train,108.51963863876824,0
normal,N0013,498,16,25,2022-07-12 00:01:45.357,0,train,105.59857681987161,0
normal,N0013,499,17,25,2022-07-12 00:01:45.457,0,train,72.52931905315336,0
normal,N0013,500,18,25,2022-07-12 00:01:45.557,0,train,90.50005787622013,0
normal,N0013,501,19,25,2022-07-12 00:01:45.657,0,train,126.61791219028942,0
normal,N0013,502,20,25,2022-07-12 00:01:45.757,0,train,61.733872854374525,0
normal,N0013,503,21,25,2022-07-12 00:01:45.857,0,train,60.92217057144741,0
normal,N0013,504,22,25,2022-07-12 00:01:45.957,0,train,40.045470346222714,0
normal,N0013,505,23,25,2022-07-12 00:01:46.057,0,train,34.24500393733155,0
normal,N0013,506,24,25,2022-07-12 00:01:46.157,0,train,44.71879727979391,0
normal,N0014,516,9,14,2022-07-12 00:01:52.555,0,train,24.52895469019279,0
normal,N0014,517,10,14,2022-07-12 00:01:52.655,0,train,41.65683108838848,0
normal,N0014,518,11,14,2022-07-12 00:01:52.755,0,train,33.14425680018737,0
normal,N0014,519,12,14,2022-07-12 00:01:52.855,0,train,26.27235006649251,0
normal,N0014,520,13,14,2022-07-12 00:01:52.955,0,train,26.546465285597407,0
normal,N0015,530,9,50,2022-07-12 00:02:02.194,0,train,43.52905700317,0
normal,N0015,531,10,50,2022-07-12 00:02:02.294,0,train,69.06045723065152,0
normal,N0015,532,11,50,2022-07-12 00:02:02.394,0,train,67.70224423639557,0
normal,N0015,533,12,50,2022-07-12 00:02:02.494,0,train,58.328841752091165,0
normal,N0015,534,13,50,2022-07-12 00:02:02.594,0,train,50.96138227128179,0
normal,N0015,535,14,50,2022-07-12 00:02:02.694,0,train,57.014500709495934,0
normal,N0015,536,15,50,2022-07-12 00:02:02.794,0,train,62.79631926124329,0
normal,N0015,537,16,50,2022-07-12 00:02:02.894,0,train,48.75784650084617,0
normal,N0015,538,17,50,2022-07-12 00:02:02.994,0,train,32.87935392298485,0
normal,N0015,539,18,50,2022-07-12 00:02:03.094,0,train,40.8939302506518,0
normal,N0015,540,19,50,2022-07-12 00:02:03.194,0,train,51.09652410355654,0
normal,N0015,541,20,50,2022-07-12 00:02:03.294,0,train,56.335724520756166,0
normal,N0015,542,21,50,2022-07-12 00:02:03.394,0,train,38.05927936415006,0
normal,N0015,543,22,50,2022-07-12 00:02:03.494,0,train,38.91707209601082,0
normal,N0015,544,23,50,2022-07-12 00:02:03.594,0,train,86.4517903867765,0
normal,N0015,545,24,50,2022-07-12 00:02:03.694,0,train,60.22650688907304,0
normal,N0015,546,25,50,2022-07-12 00:02:03.794,0,train,29.82646910459308,0
normal,N0015,547,26,50,2022-07-12 00:02:03.894,0,train,32.488813165733156,0
normal,N0015,548,27,50,2022-07-12 00:02:03.994,0,train,36.932121739920795,0
normal,N0015,549,28,50,2022-07-12 00:02:04.094,0,train,27.575632026966936,0
normal,N0015,550,29,50,2022-07-12 00:02:04.194,0,train,41.374391612323485,0
normal,N0015,551,30,50,2022-07-12 00:02:04.294,0,train,64.5093484865751,0
normal,N0015,552,31,50,2022-07-12 00:02:04.394,0,train,69.27823534961605,0
normal,N0015,553,32,50,2022-07-12 00:02:04.494,0,train,66.00605364352772,0
normal,N0015,554,33,50,2022-07-12 00:02:04.594,0,train,37.421073114697634,0
normal,N0015,555,34,50,2022-07-12 00:02:04.694,0,train,45.827112387155516,0
normal,N0015,556,35,50,2022-07-12 00:02:04.794,0,train,50.261843596584264,0
normal,N0015,557,36,50,2022-07-12 00:02:04.894,0,train,44.704005558343034,0
normal,N0015,558,37,50,2022-07-12 00:02:04.994,0,train,35.08164163940484,0
normal,N0015,559,38,50,2022-07-12 00:02:05.094,0,train,42.390865325238494,0
normal,N0015,560,39,50,2022-07-12 00:02:05.194,0,train,45.987809586865595,0
normal,N0015,561,40,50,2022-07-12 00:02:05.294,0,train,45.168909188733906,0
normal,N0015,562,41,50,2022-07-12 00:02:05.394,0,train,38.21516831534259,0
normal,N0015,563,42,50,2022-07-12 00:02:05.494,0,train,48.08127961738231,0
normal,N0015,564,43,50,2022-07-12 00:02:05.594,0,train,44.422950214289806,0
normal,N0015,565,44,50,2022-07-12 00:02:05.694,0,train,50.35768552851788,0
normal,N0015,566,45,50,2022-07-12 00:02:05.794,0,train,35.46779959740135,0
normal,N0015,567,46,50,2022-07-12 00:02:05.894,0,train,39.879573752265536,0
normal,N0015,568,47,50,2022-07-12 00:02:05.994,0,train,45.724769498983875,0
normal,N0015,569,48,50,2022-07-12 00:02:06.094,0,train,72.91125472199161,0
normal,N0015,570,49,50,2022-07-12 00:02:06.194,0,train,35.39197438723824,0
normal,N0016,580,9,50,2022-07-12 00:02:08.824,0,train,21.96264564277052,0
normal,N0016,581,10,50,2022-07-12 00:02:08.924,0,train,16.360696737992384,0
normal,N0016,582,11,50,2022-07-12 00:02:09.024,0,train,24.370400845241395,0
normal,N0016,583,12,50,2022-07-12 00:02:09.124,0,train,34.44212381830531,0
normal,N0016,584,13,50,2022-07-12 00:02:09.224,0,train,28.85995685382953,0
normal,N0016,585,14,50,2022-07-12 00:02:09.324,0,train,28.21433425349806,0
normal,N0016,586,15,50,2022-07-12 00:02:09.424,0,train,34.514902784000405,0
normal,N0016,587,16,50,2022-07-12 00:02:09.524,0,train,28.10609013076126,0
normal,N0016,588,17,50,2022-07-12 00:02:09.624,0,train,22.77935780191724,0
normal,N0016,589,18,50,2022-07-12 00:02:09.724,0,train,41.197122920948296,0
normal,N0016,590,19,50,2022-07-12 00:02:09.824,0,train,54.398936906551185,0
normal,N0016,591,20,50,2022-07-12 00:02:09.924,0,train,35.12183583377024,0
normal,N0016,592,21,50,2022-07-12 00:02:10.024,0,train,75.39203818067067,0
normal,N0016,593,22,50,2022-07-12 00:02:10.124,0,train,58.75658668162098,0
normal,N0016,594,23,50,2022-07-12 00:02:10.224,0,train,34.889242152605156,0
normal,N0016,595,24,50,2022-07-12 00:02:10.324,0,train,53.60374003589439,0
normal,N0016,596,25,50,2022-07-12 00:02:10.424,0,train,40.065163003248365,0
normal,N0016,597,26,50,2022-07-12 00:02:10.524,0,train,28.932475498729858,0
normal,N0016,598,27,50,2022-07-12 00:02:10.624,0,train,37.56197958244517,0
normal,N0016,599,28,50,2022-07-12 00:02:10.724,0,train,36.02730520433089,0
normal,N0016,600,29,50,2022-07-12 00:02:10.824,0,train,36.938593482136184,0
normal,N0016,601,30,50,2022-07-12 00:02:10.924,0,train,41.88472766106808,0
normal,N0016,602,31,50,2022-07-12 00:02:11.024,0,train,17.714860812213253,0
normal,N0016,603,32,50,2022-07-12 00:02:11.124,0,train,21.83187875881724,0
normal,N0016,604,33,50,2022-07-12 00:02:11.224,0,train,19.905665823591455,0
normal,N0016,605,34,50,2022-07-12 00:02:11.324,0,train,16.033970789557568,0
normal,N0016,606,35,50,2022-07-12 00:02:11.424,0,train,20.4891929156932,0
normal,N0016,607,36,50,2022-07-12 00:02:11.524,0,train,20.644732522896394,0
normal,N0016,608,37,50,2022-07-12 00:02:11.624,0,train,26.395927940252793,0
normal,N0016,609,38,50,2022-07-12 00:02:11.724,0,train,30.805971633719135,0
normal,N0016,610,39,50,2022-07-12 00:02:11.824,0,train,28.237929750684625,0
normal,N0016,611,40,50,2022-07-12 00:02:11.924,0,train,27.845784333614766,0
normal,N0016,612,41,50,2022-07-12 00:02:12.024,0,train,28.671861042118273,0
normal,N0016,613,42,50,2022-07-12 00:02:12.124,0,train,26.730159583241367,0
normal,N0016,614,43,50,2022-07-12 00:02:12.224,0,train,30.36918046387553,0
normal,N0016,615,44,50,2022-07-12 00:02:12.324,0,train,27.775581310242835,0
normal,N0016,616,45,50,2022-07-12 00:02:12.424,0,train,26.461709651953498,0
normal,N0016,617,46,50,2022-07-12 00:02:12.524,0,train,47.55325918133474,0
normal,N0016,618,47,50,2022-07-12 00:02:12.624,0,train,48.970762401774465,0
normal,N0016,619,48,50,2022-07-12 00:02:12.724,0,train,27.716028692641874,0
normal,N0016,620,49,50,2022-07-12 00:02:12.824,0,train,34.25116097078913,0
normal,N0018,666,9,36,2022-07-12 00:02:24.776,0,train,21.67103919206244,0
normal,N0018,667,10,36,2022-07-12 00:02:24.876,0,train,25.024619138401555,0
normal,N0018,668,11,36,2022-07-12 00:02:24.976,0,train,34.27862858385984,0
normal,N0018,669,12,36,2022-07-12 00:02:25.076,0,train,21.16768421449465,0
normal,N0018,670,13,36,2022-07-12 00:02:25.176,0,train,19.37328707446413,0
normal,N0018,671,14,36,2022-07-12 00:02:25.276,0,train,24.253611238584643,0
normal,N0018,672,15,36,2022-07-12 00:02:25.376,0,train,23.795032845766485,0
normal,N0018,673,16,36,2022-07-12 00:02:25.476,0,train,22.6347842030917,0
normal,N0018,674,17,36,2022-07-12 00:02:25.576,0,train,24.858225530654455,0
normal,N0018,675,18,36,2022-07-12 00:02:25.676,0,train,22.790518605485424,0
normal,N0018,676,19,36,2022-07-12 00:02:25.776,0,train,30.876409842884385,0
normal,N0018,677,20,36,2022-07-12 00:02:25.876,0,train,28.437233071210986,0
normal,N0018,678,21,36,2022-07-12 00:02:25.976,0,train,26.333424551144628,0
normal,N0018,679,22,36,2022-07-12 00:02:26.076,0,train,33.759358794718,0
normal,N0018,680,23,36,2022-07-12 00:02:26.176,0,train,24.214903490898976,0
normal,N0018,681,24,36,2022-07-12 00:02:26.276,0,train,20.152839644915684,0
normal,N0018,682,25,36,2022-07-12 00:02:26.376,0,train,23.43644092343746,0
normal,N0018,683,26,36,2022-07-12 00:02:26.476,0,train,22.694367433411834,0
normal,N0018,684,27,36,2022-07-12 00:02:26.576,0,train,26.2383708492863,0
normal,N0018,685,28,36,2022-07-12 00:02:26.676,0,train,42.37974987847621,0
normal,N0018,686,29,36,2022-07-12 00:02:26.776,0,train,30.522440888072932,0
normal,N0018,687,30,36,2022-07-12 00:02:26.876,0,train,20.687445950574656,0
normal,N0018,688,31,36,2022-07-12 00:02:26.976,0,train,28.766385080678788,0
normal,N0018,689,32,36,2022-07-12 00:02:27.076,0,train,38.745213072258636,0
normal,N0018,690,33,36,2022-07-12 00:02:27.176,0,train,39.6372618440859,0
normal,N0018,691,34,36,2022-07-12 00:02:27.276,0,train,32.99249237415479,0
normal,N0018,692,35,36,2022-07-12 00:02:27.376,0,train,30.273312720957712,0
normal,N0019,702,9,23,2022-07-12 00:02:32.836,0,train,52.78154986310151,0
normal,N0019,703,10,23,2022-07-12 00:02:32.936,0,train,40.855790114193844,0
normal,N0019,704,11,23,2022-07-12 00:02:33.036,0,train,45.932329897823095,0
normal,N0019,705,12,23,2022-07-12 00:02:33.136,0,train,65.70989912006806,0
normal,N0019,706,13,23,2022-07-12 00:02:33.236,0,train,66.64644630711186,0
normal,N0019,707,14,23,2022-07-12 00:02:33.336,0,train,106.75584729777155,0
normal,N0019,708,15,23,2022-07-12 00:02:33.436,0,train,201.51655851786808,1
normal,N0019,709,16,23,2022-07-12 00:02:33.536,0,train,188.72259618065587,1
normal,N0019,710,17,23,2022-07-12 00:02:33.636,0,train,219.7381585711196,1
normal,N0019,711,18,23,2022-07-12 00:02:33.736,0,train,259.45144756191934,1
normal,N0019,712,19,23,2022-07-12 00:02:33.836,0,train,110.68007024620547,0
normal,N0019,713,20,23,2022-07-12 00:02:33.936,0,train,144.87962663970973,1
normal,N0019,714,21,23,2022-07-12 00:02:34.036,0,train,82.01219758279188,0
normal,N0019,715,22,23,2022-07-12 00:02:34.136,0,train,82.33886456110277,0
normal,N0020,725,9,22,2022-07-12 00:02:40.900,0,train,28.65801863871941,0
normal,N0020,726,10,22,2022-07-12 00:02:41.000,0,train,26.467696268950792,0
normal,N0020,727,11,22,2022-07-12 00:02:41.100,0,train,26.5997874927495,0
normal,N0020,728,12,22,2022-07-12 00:02:41.200,0,train,40.88865571802315,0
normal,N0020,729,13,22,2022-07-12 00:02:41.300,0,train,35.5240617021089,0
normal,N0020,730,14,22,2022-07-12 00:02:41.400,0,train,36.27666962135632,0
normal,N0020,731,15,22,2022-07-12 00:02:41.500,0,train,30.85564350214684,0
normal,N0020,732,16,22,2022-07-12 00:02:41.600,0,train,21.095844692530054,0
normal,N0020,733,17,22,2022-07-12 00:02:41.700,0,train,32.74922676671387,0
normal,N0020,734,18,22,2022-07-12 00:02:41.800,0,train,18.371340147813225,0
normal,N0020,735,19,22,2022-07-12 00:02:41.900,0,train,30.307879569625072,0
normal,N0020,736,20,22,2022-07-12 00:02:42.000,0,train,43.06436481542453,0
normal,N0020,737,21,22,2022-07-12 00:02:42.100,0,train,48.25898976792763,0
normal,N0021,747,9,11,2022-07-12 00:02:48.768,0,train,33.529691048525464,0
normal,N0021,748,10,11,2022-07-12 00:02:48.868,0,train,26.705065251583882,0
normal,N0023,808,9,50,2022-07-12 00:03:04.900,0,train,42.230630791387235,0
normal,N0023,809,10,50,2022-07-12 00:03:05.000,0,train,40.40578287732319,0
normal,N0023,810,11,50,2022-07-12 00:03:05.100,0,train,70.19043611778535,0
normal,N0023,811,12,50,2022-07-12 00:03:05.200,0,train,101.71755648914436,0
normal,N0023,812,13,50,2022-07-12 00:03:05.300,0,train,97.29084717009243,0
normal,N0023,813,14,50,2022-07-12 00:03:05.400,0,train,99.89912429052103,0
normal,N0023,814,15,50,2022-07-12 00:03:05.500,0,train,91.5285346913078,0
normal,N0023,815,16,50,2022-07-12 00:03:05.600,0,train,91.28616112854466,0
normal,N0023,816,17,50,2022-07-12 00:03:05.700,0,train,217.68544535292276,1
normal,N0023,817,18,50,2022-07-12 00:03:05.800,0,train,194.53825989036085,1
normal,N0023,818,19,50,2022-07-12 00:03:05.900,0,train,158.7792432166219,1
normal,N0023,819,20,50,2022-07-12 00:03:06.000,0,train,170.37760343082755,1
normal,N0023,820,21,50,2022-07-12 00:03:06.100,0,train,295.1129924691487,1
normal,N0023,821,22,50,2022-07-12 00:03:06.200,0,train,250.37025912885352,1
normal,N0023,822,23,50,2022-07-12 00:03:06.300,0,train,131.15116742160438,0
normal,N0023,823,24,50,2022-07-12 00:03:06.400,0,train,99.00233077275482,0
normal,N0023,824,25,50,2022-07-12 00:03:06.500,0,train,72.95305494232727,0
normal,N0023,825,26,50,2022-07-12 00:03:06.600,0,train,72.95591253385851,0
normal,N0023,826,27,50,2022-07-12 00:03:06.700,0,train,60.32795425976622,0
normal,N0023,827,28,50,2022-07-12 00:03:06.800,0,train,54.38348715479453,0
normal,N0023,828,29,50,2022-07-12 00:03:06.900,0,train,81.35750788434821,0
normal,N0023,829,30,50,2022-07-12 00:03:07.000,0,train,55.704043532366406,0
normal,N0023,830,31,50,2022-07-12 00:03:07.100,0,train,52.28642633409387,0
normal,N0023,831,32,50,2022-07-12 00:03:07.200,0,train,37.044366533704455,0
normal,N0023,832,33,50,2022-07-12 00:03:07.300,0,train,39.025380824812274,0
normal,N0023,833,34,50,2022-07-12 00:03:07.400,0,train,52.876482446927774,0
normal,N0023,834,35,50,2022-07-12 00:03:07.500,0,train,33.260664654823934,0
normal,N0023,835,36,50,2022-07-12 00:03:07.600,0,train,36.64535856587514,0
normal,N0023,836,37,50,2022-07-12 00:03:07.700,0,train,28.957996530055283,0
normal,N0023,837,38,50,2022-07-12 00:03:07.800,0,train,44.83282010684475,0
normal,N0023,838,39,50,2022-07-12 00:03:07.900,0,train,44.58165823161947,0
normal,N0023,839,40,50,2022-07-12 00:03:08.000,0,train,40.52097221563907,0
normal,N0023,840,41,50,2022-07-12 00:03:08.100,0,train,30.667025345098605,0
normal,N0023,841,42,50,2022-07-12 00:03:08.200,0,train,27.93395560257956,0
normal,N0023,842,43,50,2022-07-12 00:03:08.300,0,train,26.8834800986051,0
normal,N0023,843,44,50,2022-07-12 00:03:08.400,0,train,107.33202041080611,0
normal,N0023,844,45,50,2022-07-12 00:03:08.500,0,train,132.7819550250186,0
normal,N0023,845,46,50,2022-07-12 00:03:08.600,0,train,247.5812900609197,1
normal,N0023,846,47,50,2022-07-12 00:03:08.700,0,train,216.40568836002024,1
normal,N0023,847,48,50,2022-07-12 00:03:08.800,0,train,465.5188639125244,1
normal,N0023,848,49,50,2022-07-12 00:03:08.900,0,train,373.9723378255717,1
normal,N0024,858,9,36,2022-07-12 00:03:13.029,0,train,34.88438501900863,0
normal,N0024,859,10,36,2022-07-12 00:03:13.129,0,train,58.69991525571202,0
normal,N0024,860,11,36,2022-07-12 00:03:13.229,0,train,52.7153541607658,0
normal,N0024,861,12,36,2022-07-12 00:03:13.329,0,train,59.13577442385777,0
normal,N0024,862,13,36,2022-07-12 00:03:13.429,0,train,29.791812992985186,0
normal,N0024,863,14,36,2022-07-12 00:03:13.529,0,train,46.571543118900465,0
normal,N0024,864,15,36,2022-07-12 00:03:13.629,0,train,70.71583226670423,0
normal,N0024,865,16,36,2022-07-12 00:03:13.729,0,train,26.827300887226333,0
normal,N0024,866,17,36,2022-07-12 00:03:13.829,0,train,29.387763229120427,0
normal,N0024,867,18,36,2022-07-12 00:03:13.929,0,train,36.485967948976345,0
normal,N0024,868,19,36,2022-07-12 00:03:14.029,0,train,40.30340030569087,0
normal,N0024,869,20,36,2022-07-12 00:03:14.129,0,train,27.99084801603789,0
normal,N0024,870,21,36,2022-07-12 00:03:14.229,0,train,27.922607791997347,0
normal,N0024,871,22,36,2022-07-12 00:03:14.329,0,train,37.39646757011224,0
normal,N0024,872,23,36,2022-07-12 00:03:14.429,0,train,35.00036167240725,0
normal,N0024,873,24,36,2022-07-12 00:03:14.529,0,train,32.486060888043355,0
normal,N0024,874,25,36,2022-07-12 00:03:14.629,0,train,34.09032410839489,0
normal,N0024,875,26,36,2022-07-12 00:03:14.729,0,train,32.84506693195153,0
normal,N0024,876,27,36,2022-07-12 00:03:14.829,0,train,39.5064008073047,0
normal,N0024,877,28,36,2022-07-12 00:03:14.929,0,train,41.0332643912334,0
normal,N0024,878,29,36,2022-07-12 00:03:15.029,0,train,34.80562690046963,0
normal,N0024,879,30,36,2022-07-12 00:03:15.129,0,train,34.95773526704038,0
normal,N0024,880,31,36,2022-07-12 00:03:15.229,0,train,43.961599949365414,0
normal,N0024,881,32,36,2022-07-12 00:03:15.329,0,train,61.63286301501155,0
normal,N0024,882,33,36,2022-07-12 00:03:15.429,0,train,45.2264759743586,0
normal,N0024,883,34,36,2022-07-12 00:03:15.529,0,train,35.901876884570065,0
normal,N0024,884,35,36,2022-07-12 00:03:15.629,0,train,42.06688919486783,0
normal,N0025,894,9,26,2022-07-12 00:03:21.115,0,train,89.35333211414132,0
normal,N0025,895,10,26,2022-07-12 00:03:21.215,0,train,49.99677528070274,0
normal,N0025,896,11,26,2022-07-12 00:03:21.315,0,train,71.01963546012274,0
normal,N0025,897,12,26,2022-07-12 00:03:21.415,0,train,46.476402914122346,0
normal,N0025,898,13,26,2022-07-12 00:03:21.515,0,train,61.39117689036834,0
normal,N0025,899,14,26,2022-07-12 00:03:21.615,0,train,57.52501166852098,0
normal,N0025,900,15,26,2022-07-12 00:03:21.715,0,train,60.337735814845885,0
normal,N0025,901,16,26,2022-07-12 00:03:21.815,0,train,68.92537487613725,0
normal,N0025,902,17,26,2022-07-12 00:03:21.915,0,train,41.426925206874685,0
normal,N0025,903,18,26,2022-07-12 00:03:22.015,0,train,31.57935421649424,0
normal,N0025,904,19,26,2022-07-12 00:03:22.115,0,train,26.09989668819838,0
normal,N0025,905,20,26,2022-07-12 00:03:22.215,0,train,30.818414841877257,0
normal,N0025,906,21,26,2022-07-12 00:03:22.315,0,train,27.741657585772344,0
normal,N0025,907,22,26,2022-07-12 00:03:22.415,0,train,34.473496000745634,0
normal,N0025,908,23,26,2022-07-12 00:03:22.515,0,train,40.779546526375086,0
normal,N0025,909,24,26,2022-07-12 00:03:22.615,0,train,45.12388491579239,0
normal,N0025,910,25,26,2022-07-12 00:03:22.715,0,train,41.93964157849469,0
normal,N0026,920,9,12,2022-07-12 00:03:29.082,0,train,34.788890328068035,0
normal,N0026,921,10,12,2022-07-12 00:03:29.182,0,train,64.43966392392016,0
normal,N0026,922,11,12,2022-07-12 00:03:29.282,0,train,53.90466091207307,0
normal,N0028,982,9,50,2022-07-12 00:03:53.444,0,train,24.08833218285361,0
normal,N0028,983,10,50,2022-07-12 00:03:53.544,0,train,27.119509649062078,0
normal,N0028,984,11,50,2022-07-12 00:03:53.644,0,train,31.657185385936934,0
normal,N0028,985,12,50,2022-07-12 00:03:53.744,0,train,31.139553177700538,0
normal,N0028,986,13,50,2022-07-12 00:03:53.844,0,train,27.097859037480067,0
normal,N0028,987,14,50,2022-07-12 00:03:53.944,0,train,17.33860521296395,0
normal,N0028,988,15,50,2022-07-12 00:03:54.044,0,train,31.1961489588913,0
normal,N0028,989,16,50,2022-07-12 00:03:54.144,0,train,20.202729591375313,0
normal,N0028,990,17,50,2022-07-12 00:03:54.244,0,train,41.21011198184438,0
normal,N0028,991,18,50,2022-07-12 00:03:54.344,0,train,31.75688341376448,0
normal,N0028,992,19,50,2022-07-12 00:03:54.444,0,train,30.29734389812681,0
normal,N0028,993,20,50,2022-07-12 00:03:54.544,0,train,32.02966785742457,0
normal,N0028,994,21,50,2022-07-12 00:03:54.644,0,train,40.976952169944575,0
normal,N0028,995,22,50,2022-07-12 00:03:54.744,0,train,35.201633605013136,0
normal,N0028,996,23,50,2022-07-12 00:03:54.844,0,train,35.74025284242697,0
normal,N0028,997,24,50,2022-07-12 00:03:54.944,0,train,31.856894754076823,0
normal,N0028,998,25,50,2022-07-12 00:03:55.044,0,train,33.02601969882447,0
normal,N0028,999,26,50,2022-07-12 00:03:55.144,0,train,30.469764693548075,0
normal,N0028,1000,27,50,2022-07-12 00:03:55.244,0,train,28.82321832803826,0
normal,N0028,1001,28,50,2022-07-12 00:03:55.344,0,train,37.10486322288209,0
normal,N0028,1002,29,50,2022-07-12 00:03:55.444,0,train,26.177142473074316,0
normal,N0028,1003,30,50,2022-07-12 00:03:55.544,0,train,29.14866900125734,0
normal,N0028,1004,31,50,2022-07-12 00:03:55.644,0,train,25.18144995533526,0
normal,N0028,1005,32,50,2022-07-12 00:03:55.744,0,train,37.85978190861312,0
normal,N0028,1006,33,50,2022-07-12 00:03:55.844,0,train,19.18461245422627,0
normal,N0028,1007,34,50,2022-07-12 00:03:55.944,0,train,30.301418949554684,0
normal,N0028,1008,35,50,2022-07-12 00:03:56.044,0,train,27.3642756623334,0
normal,N0028,1009,36,50,2022-07-12 00:03:56.144,0,train,32.11147575994046,0
normal,N0028,1010,37,50,2022-07-12 00:03:56.244,0,train,29.2411024265189,0
normal,N0028,1011,38,50,2022-07-12 00:03:56.344,0,train,31.163070935058236,0
normal,N0028,1012,39,50,2022-07-12 00:03:56.444,0,train,48.25086283827046,0
normal,N0028,1013,40,50,2022-07-12 00:03:56.544,0,train,27.580495084322646,0
normal,N0028,1014,41,50,2022-07-12 00:03:56.644,0,train,27.84409518519583,0
normal,N0028,1015,42,50,2022-07-12 00:03:56.744,0,train,33.656946198811774,0
normal,N0028,1016,43,50,2022-07-12 00:03:56.844,0,train,46.21377519482213,0
normal,N0028,1017,44,50,2022-07-12 00:03:56.944,0,train,43.31448551409335,0
normal,N0028,1018,45,50,2022-07-12 00:03:57.044,0,train,73.64193629489976,0
normal,N0028,1019,46,50,2022-07-12 00:03:57.144,0,train,42.0933839038235,0
normal,N0028,1020,47,50,2022-07-12 00:03:57.244,0,train,33.38753759762085,0
normal,N0028,1021,48,50,2022-07-12 00:03:57.344,0,train,31.296924628127407,0
normal,N0028,1022,49,50,2022-07-12 00:03:57.444,0,train,27.575588850402735,0
normal,N0029,1032,9,42,2022-07-12 00:04:01.040,0,train,37.27627608118638,0
normal,N0029,1033,10,42,2022-07-12 00:04:01.140,0,train,34.027396614278516,0
normal,N0029,1034,11,42,2022-07-12 00:04:01.240,0,train,32.718220195721074,0
normal,N0029,1035,12,42,2022-07-12 00:04:01.340,0,train,35.521978690724126,0
normal,N0029,1036,13,42,2022-07-12 00:04:01.440,0,train,51.86383411471353,0
normal,N0029,1037,14,42,2022-07-12 00:04:01.540,0,train,36.8943820998442,0
normal,N0029,1038,15,42,2022-07-12 00:04:01.640,0,train,36.02636660056659,0
normal,N0029,1039,16,42,2022-07-12 00:04:01.740,0,train,28.93086346108775,0
normal,N0029,1040,17,42,2022-07-12 00:04:01.840,0,train,20.040340847329315,0
normal,N0029,1041,18,42,2022-07-12 00:04:01.940,0,train,19.081571872400037,0
normal,N0029,1042,19,42,2022-07-12 00:04:02.040,0,train,26.07281044530848,0
normal,N0029,1043,20,42,2022-07-12 00:04:02.140,0,train,31.590651838419934,0
normal,N0029,1044,21,42,2022-07-12 00:04:02.240,0,train,25.729359915445727,0
normal,N0029,1045,22,42,2022-07-12 00:04:02.340,0,train,38.47547285892968,0
normal,N0029,1046,23,42,2022-07-12 00:04:02.440,0,train,25.99145978668881,0
normal,N0029,1047,24,42,2022-07-12 00:04:02.540,0,train,18.947840431410373,0
normal,N0029,1048,25,42,2022-07-12 00:04:02.640,0,train,31.232422645634262,0
normal,N0029,1049,26,42,2022-07-12 00:04:02.740,0,train,44.325427532084134,0
normal,N0029,1050,27,42,2022-07-12 00:04:02.840,0,train,69.94593248927956,0
normal,N0029,1051,28,42,2022-07-12 00:04:02.940,0,train,65.75781857297451,0
normal,N0029,1052,29,42,2022-07-12 00:04:03.040,0,train,55.90165292926088,0
normal,N0029,1053,30,42,2022-07-12 00:04:03.140,0,train,61.37773036657708,0
normal,N0029,1054,31,42,2022-07-12 00:04:03.240,0,train,65.15143709667569,0
normal,N0029,1055,32,42,2022-07-12 00:04:03.340,0,train,79.33628190065411,0
normal,N0029,1056,33,42,2022-07-12 00:04:03.440,0,train,54.452244678299124,0
normal,N0029,1057,34,42,2022-07-12 00:04:03.540,0,train,71.74597575695788,0
normal,N0029,1058,35,42,2022-07-12 00:04:03.640,0,train,54.93184962782382,0
normal,N0029,1059,36,42,2022-07-12 00:04:03.740,0,train,44.43409320788725,0
normal,N0029,1060,37,42,2022-07-12 00:04:03.840,0,train,31.356106130760637,0
normal,N0029,1061,38,42,2022-07-12 00:04:03.940,0,train,34.42011126020763,0
normal,N0029,1062,39,42,2022-07-12 00:04:04.040,0,train,34.97408295780793,0
normal,N0029,1063,40,42,2022-07-12 00:04:04.140,0,train,33.915691678159796,0
normal,N0029,1064,41,42,2022-07-12 00:04:04.240,0,train,37.66900382751556,0
normal,N0030,1074,9,27,2022-07-12 00:04:09.113,0,train,40.35552135945601,0
normal,N0030,1075,10,27,2022-07-12 00:04:09.213,0,train,27.032712808434802,0
normal,N0030,1076,11,27,2022-07-12 00:04:09.313,0,train,34.45867227682959,0
normal,N0030,1077,12,27,2022-07-12 00:04:09.413,0,train,29.886316980536687,0
normal,N0030,1078,13,27,2022-07-12 00:04:09.513,0,train,51.21229837216277,0
normal,N0030,1079,14,27,2022-07-12 00:04:09.613,0,train,45.72034176351253,0
normal,N0030,1080,15,27,2022-07-12 00:04:09.713,0,train,57.44884585322036,0
normal,N0030,1081,16,27,2022-07-12 00:04:09.813,0,train,40.0303971791471,0
normal,N0030,1082,17,27,2022-07-12 00:04:09.913,0,train,43.45895474212461,0
normal,N0030,1083,18,27,2022-07-12 00:04:10.013,0,train,35.752456610181724,0
normal,N0030,1084,19,27,2022-07-12 00:04:10.113,0,train,33.69807198501113,0
normal,N0030,1085,20,27,2022-07-12 00:04:10.213,0,train,40.90240216639292,0
normal,N0030,1086,21,27,2022-07-12 00:04:10.313,0,train,54.9071446620488,0
normal,N0030,1087,22,27,2022-07-12 00:04:10.413,0,train,68.72309013134705,0
normal,N0030,1088,23,27,2022-07-12 00:04:10.513,0,train,49.69452445852873,0
normal,N0030,1089,24,27,2022-07-12 00:04:10.613,0,train,41.182725119120285,0
normal,N0030,1090,25,27,2022-07-12 00:04:10.713,0,train,36.882444264440444,0
normal,N0030,1091,26,27,2022-07-12 00:04:10.813,0,train,49.16034629636231,0
normal,N0031,1101,9,13,2022-07-12 00:04:17.124,0,train,30.41169033641187,0
normal,N0031,1102,10,13,2022-07-12 00:04:17.224,0,train,35.55470205211803,0
normal,N0031,1103,11,13,2022-07-12 00:04:17.324,0,train,21.33941013177393,0
normal,N0031,1104,12,13,2022-07-12 00:04:17.424,0,train,26.763276125208847,0
normal,N0033,1116,9,50,2022-07-12 00:04:26.727,0,train,30.755410323487666,0
normal,N0033,1117,10,50,2022-07-12 00:04:26.827,0,train,31.13814919437428,0
normal,N0033,1118,11,50,2022-07-12 00:04:26.927,0,train,42.49759390287734,0
normal,N0033,1119,12,50,2022-07-12 00:04:27.027,0,train,45.73327828254628,0
normal,N0033,1120,13,50,2022-07-12 00:04:27.127,0,train,53.91913686095943,0
normal,N0033,1121,14,50,2022-07-12 00:04:27.227,0,train,62.82185195625773,0
normal,N0033,1122,15,50,2022-07-12 00:04:27.327,0,train,34.37320768305516,0
normal,N0033,1123,16,50,2022-07-12 00:04:27.427,0,train,36.80733533962626,0
normal,N0033,1124,17,50,2022-07-12 00:04:27.527,0,train,26.1310228980245,0
normal,N0033,1125,18,50,2022-07-12 00:04:27.627,0,train,23.75058900947414,0
normal,N0033,1126,19,50,2022-07-12 00:04:27.727,0,train,26.414765336476805,0
normal,N0033,1127,20,50,2022-07-12 00:04:27.827,0,train,40.18041793266961,0
normal,N0033,1128,21,50,2022-07-12 00:04:27.927,0,train,45.69888354090985,0
normal,N0033,1129,22,50,2022-07-12 00:04:28.027,0,train,31.07538737007141,0
normal,N0033,1130,23,50,2022-07-12 00:04:28.127,0,train,27.563656441542996,0
normal,N0033,1131,24,50,2022-07-12 00:04:28.227,0,train,66.56813446342274,0
normal,N0033,1132,25,50,2022-07-12 00:04:28.327,0,train,34.564620237109345,0
normal,N0033,1133,26,50,2022-07-12 00:04:28.427,0,train,65.32974897580188,0
normal,N0033,1134,27,50,2022-07-12 00:04:28.527,0,train,56.84782041521569,0
normal,N0033,1135,28,50,2022-07-12 00:04:28.627,0,train,80.47602907753868,0
normal,N0033,1136,29,50,2022-07-12 00:04:28.727,0,train,60.17269903900848,0
normal,N0033,1137,30,50,2022-07-12 00:04:28.827,0,train,47.74453900244826,0
normal,N0033,1138,31,50,2022-07-12 00:04:28.927,0,train,44.14199856736786,0
normal,N0033,1139,32,50,2022-07-12 00:04:29.027,0,train,88.05443039737347,0
normal,N0033,1140,33,50,2022-07-12 00:04:29.127,0,train,78.0294463979722,0
normal,N0033,1141,34,50,2022-07-12 00:04:29.227,0,train,78.50413416260007,0
normal,N0033,1142,35,50,2022-07-12 00:04:29.327,0,train,64.980345438661,0
normal,N0033,1143,36,50,2022-07-12 00:04:29.427,0,train,70.5010112487926,0
normal,N0033,1144,37,50,2022-07-12 00:04:29.527,0,train,77.2005897685752,0
normal,N0033,1145,38,50,2022-07-12 00:04:29.627,0,train,50.69620424345309,0
normal,N0033,1146,39,50,2022-07-12 00:04:29.727,0,train,52.76782966835377,0
normal,N0033,1147,40,50,2022-07-12 00:04:29.827,0,train,67.03741915936257,0
normal,N0033,1148,41,50,2022-07-12 00:04:29.927,0,train,88.59149505022384,0
normal,N0033,1149,42,50,2022-07-12 00:04:30.027,0,train,66.34242117291743,0
normal,N0033,1150,43,50,2022-07-12 00:04:30.127,0,train,64.28983085298505,0
normal,N0033,1151,44,50,2022-07-12 00:04:30.227,0,train,57.51257686581838,0
normal,N0033,1152,45,50,2022-07-12 00:04:30.327,0,train,61.6189100098968,0
normal,N0033,1153,46,50,2022-07-12 00:04:30.427,0,train,47.675123885300614,0
normal,N0033,1154,47,50,2022-07-12 00:04:30.527,0,train,51.06938072967245,0
normal,N0033,1155,48,50,2022-07-12 00:04:30.627,0,train,54.52515916486744,0
normal,N0033,1156,49,50,2022-07-12 00:04:30.727,0,train,85.52102175076625,0
normal,N0034,1166,9,50,2022-07-12 00:04:33.437,0,train,39.84723132760222,0
normal,N0034,1167,10,50,2022-07-12 00:04:33.537,0,train,29.585317891180285,0
normal,N0034,1168,11,50,2022-07-12 00:04:33.637,0,train,46.414931779834056,0
normal,N0034,1169,12,50,2022-07-12 00:04:33.737,0,train,44.41136613537672,0
normal,N0034,1170,13,50,2022-07-12 00:04:33.837,0,train,37.968310284784856,0
normal,N0034,1171,14,50,2022-07-12 00:04:33.937,0,train,37.51390730034252,0
normal,N0034,1172,15,50,2022-07-12 00:04:34.037,0,train,53.03818657750939,0
normal,N0034,1173,16,50,2022-07-12 00:04:34.137,0,train,54.913711260096754,0
normal,N0034,1174,17,50,2022-07-12 00:04:34.237,0,train,55.83110585857451,0
normal,N0034,1175,18,50,2022-07-12 00:04:34.337,0,train,43.3080856370118,0
normal,N0034,1176,19,50,2022-07-12 00:04:34.437,0,train,52.4530183126598,0
normal,N0034,1177,20,50,2022-07-12 00:04:34.537,0,train,47.951781946729156,0
normal,N0034,1178,21,50,2022-07-12 00:04:34.637,0,train,36.75765134889594,0
normal,N0034,1179,22,50,2022-07-12 00:04:34.737,0,train,32.60825056017712,0
normal,N0034,1180,23,50,2022-07-12 00:04:34.837,0,train,31.049029208381928,0
normal,N0034,1181,24,50,2022-07-12 00:04:34.937,0,train,30.13242898366649,0
normal,N0034,1182,25,50,2022-07-12 00:04:35.037,0,train,22.97070249587029,0
normal,N0034,1183,26,50,2022-07-12 00:04:35.137,0,train,30.219433792774403,0
normal,N0034,1184,27,50,2022-07-12 00:04:35.237,0,train,30.46540953681169,0
normal,N0034,1185,28,50,2022-07-12 00:04:35.337,0,train,59.207955250856955,0
normal,N0034,1186,29,50,2022-07-12 00:04:35.437,0,train,59.520109667807965,0
normal,N0034,1187,30,50,2022-07-12 00:04:35.537,0,train,40.85062591206155,0
normal,N0034,1188,31,50,2022-07-12 00:04:35.637,0,train,44.90116300356093,0
normal,N0034,1189,32,50,2022-07-12 00:04:35.737,0,train,64.75249968111153,0
normal,N0034,1190,33,50,2022-07-12 00:04:35.837,0,train,65.72816917007489,0
normal,N0034,1191,34,50,2022-07-12 00:04:35.937,0,train,58.142278807337625,0
normal,N0034,1192,35,50,2022-07-12 00:04:36.037,0,train,74.53215911374326,0
normal,N0034,1193,36,50,2022-07-12 00:04:36.137,0,train,56.44834099786852,0
normal,N0034,1194,37,50,2022-07-12 00:04:36.237,0,train,51.372307575905324,0
normal,N0034,1195,38,50,2022-07-12 00:04:36.337,0,train,49.05320273344743,0
normal,N0034,1196,39,50,2022-07-12 00:04:36.437,0,train,34.19602104679944,0
normal,N0034,1197,40,50,2022-07-12 00:04:36.537,0,train,43.66751279250242,0
normal,N0034,1198,41,50,2022-07-12 00:04:36.637,0,train,37.076909497283964,0
normal,N0034,1199,42,50,2022-07-12 00:04:36.737,0,train,31.702835333595562,0
normal,N0034,1200,43,50,2022-07-12 00:04:36.837,0,train,50.68578469564883,0
normal,N0034,1201,44,50,2022-07-12 00:04:36.937,0,train,39.900256669786415,0
normal,N0034,1202,45,50,2022-07-12 00:04:37.037,0,train,46.37827342919449,0
normal,N0034,1203,46,50,2022-07-12 00:04:37.137,0,train,53.69971130962722,0
normal,N0034,1204,47,50,2022-07-12 00:04:37.237,0,train,35.46912762088,0
normal,N0034,1205,48,50,2022-07-12 00:04:37.337,0,train,48.80482798485563,0
normal,N0034,1206,49,50,2022-07-12 00:04:37.437,0,train,37.356851579707666,0
normal,N0035,1216,9,38,2022-07-12 00:04:41.316,0,train,66.29241892521439,0
normal,N0035,1217,10,38,2022-07-12 00:04:41.416,0,train,55.21996149815337,0
normal,N0035,1218,11,38,2022-07-12 00:04:41.516,0,train,47.28838241716936,0
normal,N0035,1219,12,38,2022-07-12 00:04:41.616,0,train,76.23979005327477,0
normal,N0035,1220,13,38,2022-07-12 00:04:41.716,0,train,76.34681142768329,0
normal,N0035,1221,14,38,2022-07-12 00:04:41.816,0,train,71.78390695334953,0
normal,N0035,1222,15,38,2022-07-12 00:04:41.916,0,train,80.57975859164303,0
normal,N0035,1223,16,38,2022-07-12 00:04:42.016,0,train,65.98355639160532,0
normal,N0035,1224,17,38,2022-07-12 00:04:42.116,0,train,45.18273674346289,0
normal,N0035,1225,18,38,2022-07-12 00:04:42.216,0,train,49.768485317250516,0
normal,N0035,1226,19,38,2022-07-12 00:04:42.316,0,train,48.9932141549139,0
normal,N0035,1227,20,38,2022-07-12 00:04:42.416,0,train,43.71207492125875,0
normal,N0035,1228,21,38,2022-07-12 00:04:42.516,0,train,34.85608856473919,0
normal,N0035,1229,22,38,2022-07-12 00:04:42.616,0,train,37.09458157910233,0
normal,N0035,1230,23,38,2022-07-12 00:04:42.716,0,train,47.328412589296256,0
normal,N0035,1231,24,38,2022-07-12 00:04:42.816,0,train,53.36160932986393,0
normal,N0035,1232,25,38,2022-07-12 00:04:42.916,0,train,55.29125859283175,0
normal,N0035,1233,26,38,2022-07-12 00:04:43.016,0,train,63.11977359725175,0
normal,N0035,1234,27,38,2022-07-12 00:04:43.116,0,train,75.08030205050586,0
normal,N0035,1235,28,38,2022-07-12 00:04:43.216,0,train,147.90736114198546,1
normal,N0035,1236,29,38,2022-07-12 00:04:43.316,0,train,100.73205300208548,0
normal,N0035,1237,30,38,2022-07-12 00:04:43.416,0,train,85.45258870026986,0
normal,N0035,1238,31,38,2022-07-12 00:04:43.516,0,train,50.36735999597379,0
normal,N0035,1239,32,38,2022-07-12 00:04:43.616,0,train,47.13539874639815,0
normal,N0035,1240,33,38,2022-07-12 00:04:43.716,0,train,49.86377686698638,0
normal,N0035,1241,34,38,2022-07-12 00:04:43.816,0,train,48.52425166138603,0
normal,N0035,1242,35,38,2022-07-12 00:04:43.916,0,train,78.06083349665994,0
normal,N0035,1243,36,38,2022-07-12 00:04:44.016,0,train,75.61002067377463,0
normal,N0035,1244,37,38,2022-07-12 00:04:44.116,0,train,72.0162333082943,0
normal,N0036,1254,9,37,2022-07-12 00:04:49.355,0,train,29.60769588457131,0
normal,N0036,1255,10,37,2022-07-12 00:04:49.455,0,train,21.191265314047445,0
normal,N0036,1256,11,37,2022-07-12 00:04:49.555,0,train,23.67240154148148,0
normal,N0036,1257,12,37,2022-07-12 00:04:49.655,0,train,23.4591267310801,0
normal,N0036,1258,13,37,2022-07-12 00:04:49.755,0,train,32.23960905155721,0
normal,N0036,1259,14,37,2022-07-12 00:04:49.855,0,train,23.579626090667617,0
normal,N0036,1260,15,37,2022-07-12 00:04:49.955,0,train,25.174357206072283,0
normal,N0036,1261,16,37,2022-07-12 00:04:50.055,0,train,23.877312396917507,0
normal,N0036,1262,17,37,2022-07-12 00:04:50.155,0,train,42.12979812888789,0
normal,N0036,1263,18,37,2022-07-12 00:04:50.255,0,train,38.15722735391843,0
normal,N0036,1264,19,37,2022-07-12 00:04:50.355,0,train,24.318150461397032,0
normal,N0036,1265,20,37,2022-07-12 00:04:50.455,0,train,23.084381863995,0
normal,N0036,1266,21,37,2022-07-12 00:04:50.555,0,train,25.11638777251013,0
normal,N0036,1267,22,37,2022-07-12 00:04:50.655,0,train,24.365189891874714,0
normal,N0036,1268,23,37,2022-07-12 00:04:50.755,0,train,21.538792757140314,0
normal,N0036,1269,24,37,2022-07-12 00:04:50.855,0,train,21.210054038523623,0
normal,N0036,1270,25,37,2022-07-12 00:04:50.955,0,train,25.00570677979901,0
normal,N0036,1271,26,37,2022-07-12 00:04:51.055,0,train,60.56229279319624,0
normal,N0036,1272,27,37,2022-07-12 00:04:51.155,0,train,27.81386150902444,0
normal,N0036,1273,28,37,2022-07-12 00:04:51.255,0,train,33.075350068104804,0
normal,N0036,1274,29,37,2022-07-12 00:04:51.355,0,train,34.71112942889258,0
normal,N0036,1275,30,37,2022-07-12 00:04:51.455,0,train,36.18570409721916,0
normal,N0036,1276,31,37,2022-07-12 00:04:51.555,0,train,40.939196730343944,0
normal,N0036,1277,32,37,2022-07-12 00:04:51.655,0,train,62.46200854461504,0
normal,N0036,1278,33,37,2022-07-12 00:04:51.755,0,train,42.517938152776956,0
normal,N0036,1279,34,37,2022-07-12 00:04:51.855,0,train,42.26328879792954,0
normal,N0036,1280,35,37,2022-07-12 00:04:51.955,0,train,50.30811533144765,0
normal,N0036,1281,36,37,2022-07-12 00:04:52.055,0,train,30.106814555861618,0
normal,N0038,1315,9,12,2022-07-12 00:05:05.536,0,train,48.747381441552214,0
normal,N0038,1316,10,12,2022-07-12 00:05:05.636,0,train,35.86467301683663,0
normal,N0038,1317,11,12,2022-07-12 00:05:05.736,0,train,55.68334487539317,0
normal,N0039,1327,9,12,2022-07-12 00:05:13.466,0,train,79.68417161805043,0
normal,N0039,1328,10,12,2022-07-12 00:05:13.566,0,train,75.34399854548381,0
normal,N0039,1329,11,12,2022-07-12 00:05:13.666,0,train,85.08637746026217,0
normal,N0041,1340,9,50,2022-07-12 00:05:23.396,0,train,44.44548567998161,0
normal,N0041,1341,10,50,2022-07-12 00:05:23.496,0,train,49.96352190645419,0
normal,N0041,1342,11,50,2022-07-12 00:05:23.596,0,train,29.209572401407744,0
normal,N0041,1343,12,50,2022-07-12 00:05:23.696,0,train,39.59160712845966,0
normal,N0041,1344,13,50,2022-07-12 00:05:23.796,0,train,30.303981354772585,0
normal,N0041,1345,14,50,2022-07-12 00:05:23.896,0,train,31.70258870952291,0
normal,N0041,1346,15,50,2022-07-12 00:05:23.996,0,train,30.8363852317269,0
normal,N0041,1347,16,50,2022-07-12 00:05:24.096,0,train,28.554125900839527,0
normal,N0041,1348,17,50,2022-07-12 00:05:24.196,0,train,38.597103210372964,0
normal,N0041,1349,18,50,2022-07-12 00:05:24.296,0,train,36.275038156144745,0
normal,N0041,1350,19,50,2022-07-12 00:05:24.396,0,train,27.63299662262467,0
normal,N0041,1351,20,50,2022-07-12 00:05:24.496,0,train,25.432976798949966,0
normal,N0041,1352,21,50,2022-07-12 00:05:24.596,0,train,33.59723237091446,0
normal,N0041,1353,22,50,2022-07-12 00:05:24.696,0,train,32.0492798856144,0
normal,N0041,1354,23,50,2022-07-12 00:05:24.796,0,train,29.51111764312694,0
normal,N0041,1355,24,50,2022-07-12 00:05:24.896,0,train,46.1973325507536,0
normal,N0041,1356,25,50,2022-07-12 00:05:24.996,0,train,35.77807161206656,0
normal,N0041,1357,26,50,2022-07-12 00:05:25.096,0,train,41.80120696998562,0
normal,N0041,1358,27,50,2022-07-12 00:05:25.196,0,train,54.255096254327434,0
normal,N0041,1359,28,50,2022-07-12 00:05:25.296,0,train,27.58980252188219,0
normal,N0041,1360,29,50,2022-07-12 00:05:25.396,0,train,35.261541057982996,0
normal,N0041,1361,30,50,2022-07-12 00:05:25.496,0,train,31.899372312035002,0
normal,N0041,1362,31,50,2022-07-12 00:05:25.596,0,train,26.938274878270313,0
normal,N0041,1363,32,50,2022-07-12 00:05:25.696,0,train,31.92851499136586,0
normal,N0041,1364,33,50,2022-07-12 00:05:25.796,0,train,34.74782135586288,0
normal,N0041,1365,34,50,2022-07-12 00:05:25.896,0,train,30.00919032685899,0
normal,N0041,1366,35,50,2022-07-12 00:05:25.996,0,train,34.718183720147266,0
normal,N0041,1367,36,50,2022-07-12 00:05:26.096,0,train,41.82471064111335,0
normal,N0041,1368,37,50,2022-07-12 00:05:26.196,0,train,54.53979105749681,0
normal,N0041,1369,38,50,2022-07-12 00:05:26.296,0,train,26.26443225033423,0
normal,N0041,1370,39,50,2022-07-12 00:05:26.396,0,train,27.339223465578947,0
normal,N0041,1371,40,50,2022-07-12 00:05:26.496,0,train,27.067827775113617,0
normal,N0041,1372,41,50,2022-07-12 00:05:26.596,0,train,34.31704437349233,0
normal,N0041,1373,42,50,2022-07-12 00:05:26.696,0,train,30.328238276815938,0
normal,N0041,1374,43,50,2022-07-12 00:05:26.796,0,train,36.962131783593975,0
normal,N0041,1375,44,50,2022-07-12 00:05:26.896,0,train,37.267502559411184,0
normal,N0041,1376,45,50,2022-07-12 00:05:26.996,0,train,31.47801256223564,0
normal,N0041,1377,46,50,2022-07-12 00:05:27.096,0,train,40.946687308670796,0
normal,N0041,1378,47,50,2022-07-12 00:05:27.196,0,train,35.40279249822235,0
normal,N0041,1379,48,50,2022-07-12 00:05:27.296,0,train,32.08312053446511,0
normal,N0041,1380,49,50,2022-07-12 00:05:27.396,0,train,34.65306617274253,0
normal,N0043,1440,9,43,2022-07-12 00:05:37.399,0,train,81.16354772563156,0
normal,N0043,1441,10,43,2022-07-12 00:05:37.499,0,train,42.195746226192234,0
normal,N0043,1442,11,43,2022-07-12 00:05:37.599,0,train,68.28757625289819,0
normal,N0043,1443,12,43,2022-07-12 00:05:37.699,0,train,38.54010047850262,0
normal,N0043,1444,13,43,2022-07-12 00:05:37.799,0,train,30.218830535171424,0
normal,N0043,1445,14,43,2022-07-12 00:05:37.899,0,train,21.753143153945526,0
normal,N0043,1446,15,43,2022-07-12 00:05:37.999,0,train,28.18470578605579,0
normal,N0043,1447,16,43,2022-07-12 00:05:38.099,0,train,26.202114164814883,0
normal,N0043,1448,17,43,2022-07-12 00:05:38.199,0,train,47.35265588013103,0
normal,N0043,1449,18,43,2022-07-12 00:05:38.299,0,train,31.35138572563524,0
normal,N0043,1450,19,43,2022-07-12 00:05:38.399,0,train,31.58464945277504,0
normal,N0043,1451,20,43,2022-07-12 00:05:38.499,0,train,30.458463599507173,0
normal,N0043,1452,21,43,2022-07-12 00:05:38.599,0,train,30.758216479964755,0
normal,N0043,1453,22,43,2022-07-12 00:05:38.699,0,train,29.919267261751326,0
normal,N0043,1454,23,43,2022-07-12 00:05:38.799,0,train,24.86111385925471,0
normal,N0043,1455,24,43,2022-07-12 00:05:38.899,0,train,26.14835013180651,0
normal,N0043,1456,25,43,2022-07-12 00:05:38.999,0,train,45.135545320258764,0
normal,N0043,1457,26,43,2022-07-12 00:05:39.099,0,train,47.315933467424856,0
normal,N0043,1458,27,43,2022-07-12 00:05:39.199,0,train,36.20411717494498,0
normal,N0043,1459,28,43,2022-07-12 00:05:39.299,0,train,25.85235769991538,0
normal,N0043,1460,29,43,2022-07-12 00:05:39.399,0,train,30.672919861227708,0
normal,N0043,1461,30,43,2022-07-12 00:05:39.499,0,train,35.200451899366854,0
normal,N0043,1462,31,43,2022-07-12 00:05:39.599,0,train,31.50619341021331,0
normal,N0043,1463,32,43,2022-07-12 00:05:39.699,0,train,45.606145048785045,0
normal,N0043,1464,33,43,2022-07-12 00:05:39.799,0,train,47.798204127022565,0
normal,N0043,1465,34,43,2022-07-12 00:05:39.899,0,train,81.34551781606667,0
normal,N0043,1466,35,43,2022-07-12 00:05:39.999,0,train,63.35848190047858,0
normal,N0043,1467,36,43,2022-07-12 00:05:40.099,0,train,59.28910089439969,0
normal,N0043,1468,37,43,2022-07-12 00:05:40.199,0,train,45.38792273131726,0
normal,N0043,1469,38,43,2022-07-12 00:05:40.299,0,train,55.97551280074735,0
normal,N0043,1470,39,43,2022-07-12 00:05:40.399,0,train,49.50164600539516,0
normal,N0043,1471,40,43,2022-07-12 00:05:40.499,0,train,45.93353011994111,0
normal,N0043,1472,41,43,2022-07-12 00:05:40.599,0,train,48.27636985873763,0
normal,N0043,1473,42,43,2022-07-12 00:05:40.699,0,train,61.92768122554613,0
normal,N0044,1483,9,29,2022-07-12 00:05:45.504,0,train,29.328575764459988,0
normal,N0044,1484,10,29,2022-07-12 00:05:45.604,0,train,23.4913338118091,0
normal,N0044,1485,11,29,2022-07-12 00:05:45.704,0,train,18.052064491386254,0
normal,N0044,1486,12,29,2022-07-12 00:05:45.804,0,train,19.694496831489843,0
normal,N0044,1487,13,29,2022-07-12 00:05:45.904,0,train,36.01646775334596,0
normal,N0044,1488,14,29,2022-07-12 00:05:46.004,0,train,25.139980576749572,0
normal,N0044,1489,15,29,2022-07-12 00:05:46.104,0,train,19.97274093786654,0
normal,N0044,1490,16,29,2022-07-12 00:05:46.204,0,train,16.912918880538932,0
normal,N0044,1491,17,29,2022-07-12 00:05:46.304,0,train,23.231515119412837,0
normal,N0044,1492,18,29,2022-07-12 00:05:46.404,0,train,17.922743568019538,0
normal,N0044,1493,19,29,2022-07-12 00:05:46.504,0,train,18.327046986110616,0
normal,N0044,1494,20,29,2022-07-12 00:05:46.604,0,train,18.74931943059165,0
normal,N0044,1495,21,29,2022-07-12 00:05:46.704,0,train,26.465519189557106,0
normal,N0044,1496,22,29,2022-07-12 00:05:46.804,0,train,48.76621981161083,0
normal,N0044,1497,23,29,2022-07-12 00:05:46.904,0,train,27.380924031455333,0
normal,N0044,1498,24,29,2022-07-12 00:05:47.004,0,train,42.6100927741119,0
normal,N0044,1499,25,29,2022-07-12 00:05:47.104,0,train,24.571071815791974,0
normal,N0044,1500,26,29,2022-07-12 00:05:47.204,0,train,26.78460161158161,0
normal,N0044,1501,27,29,2022-07-12 00:05:47.304,0,train,33.15497105438143,0
normal,N0044,1502,28,29,2022-07-12 00:05:47.404,0,train,27.801349937624128,0
normal,N0045,1512,9,17,2022-07-12 00:05:53.392,0,train,43.9043814102315,0
normal,N0045,1513,10,17,2022-07-12 00:05:53.492,0,train,29.74113976922212,0
normal,N0045,1514,11,17,2022-07-12 00:05:53.592,0,train,45.256921927643106,0
normal,N0045,1515,12,17,2022-07-12 00:05:53.692,0,train,61.90624748235961,0
normal,N0045,1516,13,17,2022-07-12 00:05:53.792,0,train,49.90284881563023,0
normal,N0045,1517,14,17,2022-07-12 00:05:53.892,0,train,82.41240047334126,0
normal,N0045,1518,15,17,2022-07-12 00:05:53.992,0,train,88.65749960926152,0
normal,N0045,1519,16,17,2022-07-12 00:05:54.092,0,train,113.53422410364269,0
normal,N0048,1584,9,50,2022-07-12 00:06:10.077,0,train,141.5534115332771,0
normal,N0048,1585,10,50,2022-07-12 00:06:10.177,0,train,168.18252852887457,1
normal,N0048,1586,11,50,2022-07-12 00:06:10.277,0,train,145.55778048875652,1
normal,N0048,1587,12,50,2022-07-12 00:06:10.377,0,train,74.53216320012447,0
normal,N0048,1588,13,50,2022-07-12 00:06:10.477,0,train,78.63103106632698,0
normal,N0048,1589,14,50,2022-07-12 00:06:10.577,0,train,81.86622799195901,0
normal,N0048,1590,15,50,2022-07-12 00:06:10.677,0,train,91.0292645965201,0
normal,N0048,1591,16,50,2022-07-12 00:06:10.777,0,train,70.91101074079221,0
normal,N0048,1592,17,50,2022-07-12 00:06:10.877,0,train,63.551855254358394,0
normal,N0048,1593,18,50,2022-07-12 00:06:10.977,0,train,44.23960224896868,0
normal,N0048,1594,19,50,2022-07-12 00:06:11.077,0,train,37.74442666014245,0
normal,N0048,1595,20,50,2022-07-12 00:06:11.177,0,train,46.92713342779619,0
normal,N0048,1596,21,50,2022-07-12 00:06:11.277,0,train,45.186236482789894,0
normal,N0048,1597,22,50,2022-07-12 00:06:11.377,0,train,36.44707425902399,0
normal,N0048,1598,23,50,2022-07-12 00:06:11.477,0,train,35.48565500326941,0
normal,N0048,1599,24,50,2022-07-12 00:06:11.577,0,train,47.651108885795324,0
normal,N0048,1600,25,50,2022-07-12 00:06:11.677,0,train,43.87638760015726,0
normal,N0048,1601,26,50,2022-07-12 00:06:11.777,0,train,55.433407824721435,0
normal,N0048,1602,27,50,2022-07-12 00:06:11.877,0,train,57.50714500931013,0
normal,N0048,1603,28,50,2022-07-12 00:06:11.977,0,train,51.50448512082348,0
normal,N0048,1604,29,50,2022-07-12 00:06:12.077,0,train,55.053150843614105,0
normal,N0048,1605,30,50,2022-07-12 00:06:12.177,0,train,89.09905439987556,0
normal,N0048,1606,31,50,2022-07-12 00:06:12.277,0,train,76.00710934207045,0
normal,N0048,1607,32,50,2022-07-12 00:06:12.377,0,train,66.71461125661472,0
normal,N0048,1608,33,50,2022-07-12 00:06:12.477,0,train,74.25703954859006,0
normal,N0048,1609,34,50,2022-07-12 00:06:12.577,0,train,87.27572443048088,0
normal,N0048,1610,35,50,2022-07-12 00:06:12.677,0,train,61.726382819072576,0
normal,N0048,1611,36,50,2022-07-12 00:06:12.777,0,train,44.14149629318268,0
normal,N0048,1612,37,50,2022-07-12 00:06:12.877,0,train,49.317125400091825,0
normal,N0048,1613,38,50,2022-07-12 00:06:12.977,0,train,54.22861221910044,0
normal,N0048,1614,39,50,2022-07-12 00:06:13.077,0,train,47.567269427527854,0
normal,N0048,1615,40,50,2022-07-12 00:06:13.177,0,train,36.91422963134669,0
normal,N0048,1616,41,50,2022-07-12 00:06:13.277,0,train,63.28570665133971,0
normal,N0048,1617,42,50,2022-07-12 00:06:13.377,0,train,56.24231661074324,0
normal,N0048,1618,43,50,2022-07-12 00:06:13.477,0,train,42.71522353247007,0
normal,N0048,1619,44,50,2022-07-12 00:06:13.577,0,train,50.07356403162259,0
normal,N0048,1620,45,50,2022-07-12 00:06:13.677,0,train,39.99694938157762,0
normal,N0048,1621,46,50,2022-07-12 00:06:13.777,0,train,58.45208443357836,0
normal,N0048,1622,47,50,2022-07-12 00:06:13.877,0,train,52.339394142434955,0
normal,N0048,1623,48,50,2022-07-12 00:06:13.977,0,train,55.203902892614515,0
normal,N0048,1624,49,50,2022-07-12 00:06:14.077,0,train,44.10986234546912,0
normal,N0049,1634,9,40,2022-07-12 00:06:17.834,0,train,104.81832856764505,0
normal,N0049,1635,10,40,2022-07-12 00:06:17.934,0,train,104.15683488536214,0
normal,N0049,1636,11,40,2022-07-12 00:06:18.034,0,train,106.22153582086193,0
normal,N0049,1637,12,40,2022-07-12 00:06:18.134,0,train,96.85150120750198,0
normal,N0049,1638,13,40,2022-07-12 00:06:18.234,0,train,142.7724207813003,1
normal,N0049,1639,14,40,2022-07-12 00:06:18.334,0,train,192.38749588345812,1
normal,N0049,1640,15,40,2022-07-12 00:06:18.434,0,train,79.4155517414448,0
normal,N0049,1641,16,40,2022-07-12 00:06:18.534,0,train,56.7821735282295,0
normal,N0049,1642,17,40,2022-07-12 00:06:18.634,0,train,27.03251276591748,0
normal,N0049,1643,18,40,2022-07-12 00:06:18.734,0,train,23.585977162549945,0
normal,N0049,1644,19,40,2022-07-12 00:06:18.834,0,train,39.0017131473631,0
normal,N0049,1645,20,40,2022-07-12 00:06:18.934,0,train,32.319878283682236,0
normal,N0049,1646,21,40,2022-07-12 00:06:19.034,0,train,25.330972465426548,0
normal,N0049,1647,22,40,2022-07-12 00:06:19.134,0,train,28.858891691047358,0
normal,N0049,1648,23,40,2022-07-12 00:06:19.234,0,train,36.03621524536267,0
normal,N0049,1649,24,40,2022-07-12 00:06:19.334,0,train,49.89897312578737,0
normal,N0049,1650,25,40,2022-07-12 00:06:19.434,0,train,60.577112242622384,0
normal,N0049,1651,26,40,2022-07-12 00:06:19.534,0,train,64.55955517920887,0
normal,N0049,1652,27,40,2022-07-12 00:06:19.634,0,train,61.244041569233836,0
normal,N0049,1653,28,40,2022-07-12 00:06:19.734,0,train,73.44337689631335,0
normal,N0049,1654,29,40,2022-07-12 00:06:19.834,0,train,50.98700919546301,0
normal,N0049,1655,30,40,2022-07-12 00:06:19.934,0,train,63.02795911194118,0
normal,N0049,1656,31,40,2022-07-12 00:06:20.034,0,train,145.3249421469815,1
normal,N0049,1657,32,40,2022-07-12 00:06:20.134,0,train,111.36318452416255,0
normal,N0049,1658,33,40,2022-07-12 00:06:20.234,0,train,88.03237953728019,0
normal,N0049,1659,34,40,2022-07-12 00:06:20.334,0,train,79.85615087088993,0
normal,N0049,1660,35,40,2022-07-12 00:06:20.434,0,train,84.1445720041804,0
normal,N0049,1661,36,40,2022-07-12 00:06:20.534,0,train,160.57912615039376,1
normal,N0049,1662,37,40,2022-07-12 00:06:20.634,0,train,211.4996946709422,1
normal,N0049,1663,38,40,2022-07-12 00:06:20.734,0,train,181.7122590297333,1
normal,N0049,1664,39,40,2022-07-12 00:06:20.834,0,train,183.32550345279276,1
normal,N0050,1674,9,22,2022-07-12 00:06:26.447,0,train,39.06403393360199,0
normal,N0050,1675,10,22,2022-07-12 00:06:26.547,0,train,27.86320229798144,0
normal,N0050,1676,11,22,2022-07-12 00:06:26.647,0,train,42.17404282702356,0
normal,N0050,1677,12,22,2022-07-12 00:06:26.747,0,train,37.65277462721546,0
normal,N0050,1678,13,22,2022-07-12 00:06:26.847,0,train,43.64963238208211,0
normal,N0050,1679,14,22,2022-07-12 00:06:26.947,0,train,30.878741016486263,0
normal,N0050,1680,15,22,2022-07-12 00:06:27.047,0,train,42.118583990250706,0
normal,N0050,1681,16,22,2022-07-12 00:06:27.147,0,train,31.19606298591508,0
normal,N0050,1682,17,22,2022-07-12 00:06:27.247,0,train,27.62243959883609,0
normal,N0050,1683,18,22,2022-07-12 00:06:27.347,0,train,25.20386095958729,0
normal,N0050,1684,19,22,2022-07-12 00:06:27.447,0,train,26.502977304954467,0
normal,N0050,1685,20,22,2022-07-12 00:06:27.547,0,train,29.369584169494157,0
normal,N0050,1686,21,22,2022-07-12 00:06:27.647,0,train,49.965156918768656,0
normal,N0051,1696,9,50,2022-07-12 00:06:30.284,0,train,40.85326922811181,0
normal,N0051,1697,10,50,2022-07-12 00:06:30.384,0,train,35.59087747562683,0
normal,N0051,1698,11,50,2022-07-12 00:06:30.484,0,train,30.624185553682306,0
normal,N0051,1699,12,50,2022-07-12 00:06:30.584,0,train,35.092978089287854,0
normal,N0051,1700,13,50,2022-07-12 00:06:30.684,0,train,41.244055687690164,0
normal,N0051,1701,14,50,2022-07-12 00:06:30.784,0,train,59.85540374877938,0
normal,N0051,1702,15,50,2022-07-12 00:06:30.884,0,train,51.82476072936427,0
normal,N0051,1703,16,50,2022-07-12 00:06:30.984,0,train,50.954205028450595,0
normal,N0051,1704,17,50,2022-07-12 00:06:31.084,0,train,91.98935400467538,0
normal,N0051,1705,18,50,2022-07-12 00:06:31.184,0,train,65.39683022855777,0
normal,N0051,1706,19,50,2022-07-12 00:06:31.284,0,train,45.791369659146525,0
normal,N0051,1707,20,50,2022-07-12 00:06:31.384,0,train,53.55182269653629,0
normal,N0051,1708,21,50,2022-07-12 00:06:31.484,0,train,58.484297376262056,0
normal,N0051,1709,22,50,2022-07-12 00:06:31.584,0,train,68.38855054539832,0
normal,N0051,1710,23,50,2022-07-12 00:06:31.684,0,train,59.9707858578881,0
normal,N0051,1711,24,50,2022-07-12 00:06:31.784,0,train,51.277108108393165,0
normal,N0051,1712,25,50,2022-07-12 00:06:31.884,0,train,39.8377474618728,0
normal,N0051,1713,26,50,2022-07-12 00:06:31.984,0,train,28.696018627500848,0
normal,N0051,1714,27,50,2022-07-12 00:06:32.084,0,train,34.66785076190648,0
normal,N0051,1715,28,50,2022-07-12 00:06:32.184,0,train,48.14823447850262,0
normal,N0051,1716,29,50,2022-07-12 00:06:32.284,0,train,36.96922256333195,0
normal,N0051,1717,30,50,2022-07-12 00:06:32.384,0,train,27.733574228684354,0
normal,N0051,1718,31,50,2022-07-12 00:06:32.484,0,train,30.351882315370524,0
normal,N0051,1719,32,50,2022-07-12 00:06:32.584,0,train,44.957641696325915,0
normal,N0051,1720,33,50,2022-07-12 00:06:32.684,0,train,43.752837228371554,0
normal,N0051,1721,34,50,2022-07-12 00:06:32.784,0,train,35.6557072001449,0
normal,N0051,1722,35,50,2022-07-12 00:06:32.884,0,train,48.54915142052498,0
normal,N0051,1723,36,50,2022-07-12 00:06:32.984,0,train,37.98982105340159,0
normal,N0051,1724,37,50,2022-07-12 00:06:33.084,0,train,38.636687413440015,0
normal,N0051,1725,38,50,2022-07-12 00:06:33.184,0,train,52.151990504056464,0
normal,N0051,1726,39,50,2022-07-12 00:06:33.284,0,train,53.68174546234667,0
normal,N0051,1727,40,50,2022-07-12 00:06:33.384,0,train,58.85540462621463,0
normal,N0051,1728,41,50,2022-07-12 00:06:33.484,0,train,49.5504954917977,0
normal,N0051,1729,42,50,2022-07-12 00:06:33.584,0,train,49.572430690553894,0
normal,N0051,1730,43,50,2022-07-12 00:06:33.684,0,train,79.3150152729651,0
normal,N0051,1731,44,50,2022-07-12 00:06:33.784,0,train,71.47600835082447,0
normal,N0051,1732,45,50,2022-07-12 00:06:33.884,0,train,48.68899676029837,0
normal,N0051,1733,46,50,2022-07-12 00:06:33.984,0,train,38.20747009336084,0
normal,N0051,1734,47,50,2022-07-12 00:06:34.084,0,train,43.46393323777904,0
normal,N0051,1735,48,50,2022-07-12 00:06:34.184,0,train,46.51000697996509,0
normal,N0051,1736,49,50,2022-07-12 00:06:34.284,0,train,68.38897012479967,0
normal,N0053,1796,9,50,2022-07-12 00:06:43.940,0,train,60.08749387933914,0
normal,N0053,1797,10,50,2022-07-12 00:06:44.040,0,train,59.24203874520592,0
normal,N0053,1798,11,50,2022-07-12 00:06:44.140,0,train,56.27471563373656,0
normal,N0053,1799,12,50,2022-07-12 00:06:44.240,0,train,81.2300808652199,0
normal,N0053,1800,13,50,2022-07-12 00:06:44.340,0,train,36.2497245863882,0
normal,N0053,1801,14,50,2022-07-12 00:06:44.440,0,train,29.65908596093888,0
normal,N0053,1802,15,50,2022-07-12 00:06:44.540,0,train,35.60592661429598,0
normal,N0053,1803,16,50,2022-07-12 00:06:44.640,0,train,26.028998503499373,0
normal,N0053,1804,17,50,2022-07-12 00:06:44.740,0,train,29.66482563633995,0
normal,N0053,1805,18,50,2022-07-12 00:06:44.840,0,train,28.97574155631814,0
normal,N0053,1806,19,50,2022-07-12 00:06:44.940,0,train,59.473168853786724,0
normal,N0053,1807,20,50,2022-07-12 00:06:45.040,0,train,34.63137816840102,0
normal,N0053,1808,21,50,2022-07-12 00:06:45.140,0,train,25.4687882417856,0
normal,N0053,1809,22,50,2022-07-12 00:06:45.240,0,train,26.573439980619607,0
normal,N0053,1810,23,50,2022-07-12 00:06:45.340,0,train,28.051385241975105,0
normal,N0053,1811,24,50,2022-07-12 00:06:45.440,0,train,32.10833877041997,0
normal,N0053,1812,25,50,2022-07-12 00:06:45.540,0,train,22.188920437135664,0
normal,N0053,1813,26,50,2022-07-12 00:06:45.640,0,train,33.70295024251534,0
normal,N0053,1814,27,50,2022-07-12 00:06:45.740,0,train,47.59447369243636,0
normal,N0053,1815,28,50,2022-07-12 00:06:45.840,0,train,52.50920825642018,0
normal,N0053,1816,29,50,2022-07-12 00:06:45.940,0,train,65.60148344537212,0
normal,N0053,1817,30,50,2022-07-12 00:06:46.040,0,train,73.62094921706202,0
normal,N0053,1818,31,50,2022-07-12 00:06:46.140,0,train,65.9566142208367,0
normal,N0053,1819,32,50,2022-07-12 00:06:46.240,0,train,56.35370183405498,0
normal,N0053,1820,33,50,2022-07-12 00:06:46.340,0,train,46.43244651346691,0
normal,N0053,1821,34,50,2022-07-12 00:06:46.440,0,train,51.34537644414902,0
normal,N0053,1822,35,50,2022-07-12 00:06:46.540,0,train,44.70235058771217,0
normal,N0053,1823,36,50,2022-07-12 00:06:46.640,0,train,49.17693859162607,0
normal,N0053,1824,37,50,2022-07-12 00:06:46.740,0,train,40.82404417173395,0
normal,N0053,1825,38,50,2022-07-12 00:06:46.840,0,train,40.50626188557929,0
normal,N0053,1826,39,50,2022-07-12 00:06:46.940,0,train,42.18432690396966,0
normal,N0053,1827,40,50,2022-07-12 00:06:47.040,0,train,50.160270770826024,0
normal,N0053,1828,41,50,2022-07-12 00:06:47.140,0,train,57.85409965972907,0
normal,N0053,1829,42,50,2022-07-12 00:06:47.240,0,train,74.8354766513247,0
normal,N0053,1830,43,50,2022-07-12 00:06:47.340,0,train,77.21069941862677,0
normal,N0053,1831,44,50,2022-07-12 00:06:47.440,0,train,97.78507688731649,0
normal,N0053,1832,45,50,2022-07-12 00:06:47.540,0,train,56.15895316397286,0
normal,N0053,1833,46,50,2022-07-12 00:06:47.640,0,train,64.13975272340879,0
normal,N0053,1834,47,50,2022-07-12 00:06:47.740,0,train,33.54350033285719,0
normal,N0053,1835,48,50,2022-07-12 00:06:47.840,0,train,37.26952931365019,0
normal,N0053,1836,49,50,2022-07-12 00:06:47.940,0,train,23.68768415143081,0
normal,N0054,1846,9,50,2022-07-12 00:06:50.546,0,train,30.50966219469632,0
normal,N0054,1847,10,50,2022-07-12 00:06:50.646,0,train,44.06216786141294,0
normal,N0054,1848,11,50,2022-07-12 00:06:50.746,0,train,41.41814782392876,0
normal,N0054,1849,12,50,2022-07-12 00:06:50.846,0,train,37.608046820548466,0
normal,N0054,1850,13,50,2022-07-12 00:06:50.946,0,train,27.04782831774633,0
normal,N0054,1851,14,50,2022-07-12 00:06:51.046,0,train,25.554939862767423,0
normal,N0054,1852,15,50,2022-07-12 00:06:51.146,0,train,40.0844275235349,0
normal,N0054,1853,16,50,2022-07-12 00:06:51.246,0,train,37.817086650978396,0
normal,N0054,1854,17,50,2022-07-12 00:06:51.346,0,train,52.55031062993206,0
normal,N0054,1855,18,50,2022-07-12 00:06:51.446,0,train,39.52107483334683,0
normal,N0054,1856,19,50,2022-07-12 00:06:51.546,0,train,33.82872128621017,0
normal,N0054,1857,20,50,2022-07-12 00:06:51.646,0,train,38.32601466969732,0
normal,N0054,1858,21,50,2022-07-12 00:06:51.746,0,train,32.55438441533235,0
normal,N0054,1859,22,50,2022-07-12 00:06:51.846,0,train,27.1437044930287,0
normal,N0054,1860,23,50,2022-07-12 00:06:51.946,0,train,54.47702767413683,0
normal,N0054,1861,24,50,2022-07-12 00:06:52.046,0,train,47.93744624783919,0
normal,N0054,1862,25,50,2022-07-12 00:06:52.146,0,train,51.798497774942874,0
normal,N0054,1863,26,50,2022-07-12 00:06:52.246,0,train,64.9069397905793,0
normal,N0054,1864,27,50,2022-07-12 00:06:52.346,0,train,75.89990870890935,0
normal,N0054,1865,28,50,2022-07-12 00:06:52.446,0,train,77.79905742761946,0
normal,N0054,1866,29,50,2022-07-12 00:06:52.546,0,train,64.78275817762656,0
normal,N0054,1867,30,50,2022-07-12 00:06:52.646,0,train,55.74139646741872,0
normal,N0054,1868,31,50,2022-07-12 00:06:52.746,0,train,68.2690670377462,0
normal,N0054,1869,32,50,2022-07-12 00:06:52.846,0,train,57.68476474682734,0
normal,N0054,1870,33,50,2022-07-12 00:06:52.946,0,train,60.89066188423439,0
normal,N0054,1871,34,50,2022-07-12 00:06:53.046,0,train,48.45940384200766,0
normal,N0054,1872,35,50,2022-07-12 00:06:53.146,0,train,47.24822851545239,0
normal,N0054,1873,36,50,2022-07-12 00:06:53.246,0,train,40.04266058933565,0
normal,N0054,1874,37,50,2022-07-12 00:06:53.346,0,train,38.351967611535954,0
normal,N0054,1875,38,50,2022-07-12 00:06:53.446,0,train,49.1961674630317,0
normal,N0054,1876,39,50,2022-07-12 00:06:53.546,0,train,60.67900964290214,0
normal,N0054,1877,40,50,2022-07-12 00:06:53.646,0,train,53.899263775289164,0
normal,N0054,1878,41,50,2022-07-12 00:06:53.746,0,train,49.5053610557776,0
normal,N0054,1879,42,50,2022-07-12 00:06:53.846,0,train,40.09000900415729,0
normal,N0054,1880,43,50,2022-07-12 00:06:53.946,0,train,52.22092603975227,0
normal,N0054,1881,44,50,2022-07-12 00:06:54.046,0,train,47.73289895568604,0
normal,N0054,1882,45,50,2022-07-12 00:06:54.146,0,train,51.85982277540678,0
normal,N0054,1883,46,50,2022-07-12 00:06:54.246,0,train,66.67805749289435,0
normal,N0054,1884,47,50,2022-07-12 00:06:54.346,0,train,79.3909314809494,0
normal,N0054,1885,48,50,2022-07-12 00:06:54.446,0,train,54.72622049250745,0
normal,N0054,1886,49,50,2022-07-12 00:06:54.546,0,train,65.92061803409682,0
normal,N0055,1896,9,50,2022-07-12 00:06:58.698,0,train,20.318726990709763,0
normal,N0055,1897,10,50,2022-07-12 00:06:58.798,0,train,38.4318287129211,0
normal,N0055,1898,11,50,2022-07-12 00:06:58.898,0,train,43.76888874712246,0
normal,N0055,1899,12,50,2022-07-12 00:06:58.998,0,train,37.59574335738973,0
normal,N0055,1900,13,50,2022-07-12 00:06:59.098,0,train,31.014817084167714,0
normal,N0055,1901,14,50,2022-07-12 00:06:59.198,0,train,25.92196320950307,0
normal,N0055,1902,15,50,2022-07-12 00:06:59.298,0,train,27.865832849549275,0
normal,N0055,1903,16,50,2022-07-12 00:06:59.398,0,train,25.666210424205953,0
normal,N0055,1904,17,50,2022-07-12 00:06:59.498,0,train,30.444173548053357,0
normal,N0055,1905,18,50,2022-07-12 00:06:59.598,0,train,19.492719109690917,0
normal,N0055,1906,19,50,2022-07-12 00:06:59.698,0,train,23.898039756335685,0
normal,N0055,1907,20,50,2022-07-12 00:06:59.798,0,train,29.69231043765931,0
normal,N0055,1908,21,50,2022-07-12 00:06:59.898,0,train,28.419057711013433,0
normal,N0055,1909,22,50,2022-07-12 00:06:59.998,0,train,29.210710151358132,0
normal,N0055,1910,23,50,2022-07-12 00:07:00.098,0,train,48.05835661990299,0
normal,N0055,1911,24,50,2022-07-12 00:07:00.198,0,train,26.756587991836412,0
normal,N0055,1912,25,50,2022-07-12 00:07:00.298,0,train,28.889723449618227,0
normal,N0055,1913,26,50,2022-07-12 00:07:00.398,0,train,18.42818640418246,0
normal,N0055,1914,27,50,2022-07-12 00:07:00.498,0,train,19.222440194840605,0
normal,N0055,1915,28,50,2022-07-12 00:07:00.598,0,train,33.56584631357292,0
normal,N0055,1916,29,50,2022-07-12 00:07:00.698,0,train,27.908079892906105,0
normal,N0055,1917,30,50,2022-07-12 00:07:00.798,0,train,29.08165535101198,0
normal,N0055,1918,31,50,2022-07-12 00:07:00.898,0,train,28.558861569988782,0
normal,N0055,1919,32,50,2022-07-12 00:07:00.998,0,train,27.85677375984538,0
normal,N0055,1920,33,50,2022-07-12 00:07:01.098,0,train,24.83523387139083,0
normal,N0055,1921,34,50,2022-07-12 00:07:01.198,0,train,30.30325817328124,0
normal,N0055,1922,35,50,2022-07-12 00:07:01.298,0,train,25.889484061251526,0
normal,N0055,1923,36,50,2022-07-12 00:07:01.398,0,train,21.837694128943028,0
normal,N0055,1924,37,50,2022-07-12 00:07:01.498,0,train,19.971623084322037,0
normal,N0055,1925,38,50,2022-07-12 00:07:01.598,0,train,23.866457213675506,0
normal,N0055,1926,39,50,2022-07-12 00:07:01.698,0,train,25.30097073375314,0
normal,N0055,1927,40,50,2022-07-12 00:07:01.798,0,train,29.43424906154587,0
normal,N0055,1928,41,50,2022-07-12 00:07:01.898,0,train,40.5905481568205,0
normal,N0055,1929,42,50,2022-07-12 00:07:01.998,0,train,33.522413246243886,0
normal,N0055,1930,43,50,2022-07-12 00:07:02.098,0,train,30.289081553322067,0
normal,N0055,1931,44,50,2022-07-12 00:07:02.198,0,train,29.41042414528917,0
normal,N0055,1932,45,50,2022-07-12 00:07:02.298,0,train,22.20147234131788,0
normal,N0055,1933,46,50,2022-07-12 00:07:02.398,0,train,20.289322752099142,0
normal,N0055,1934,47,50,2022-07-12 00:07:02.498,0,train,35.02456815048612,0
normal,N0055,1935,48,50,2022-07-12 00:07:02.598,0,train,26.744155645232947,0
normal,N0055,1936,49,50,2022-07-12 00:07:02.698,0,train,21.216508699179656,0
normal,N0056,1946,9,50,2022-07-12 00:07:05.744,0,train,46.74209393023273,0
normal,N0056,1947,10,50,2022-07-12 00:07:05.844,0,train,22.87331393547051,0
normal,N0056,1948,11,50,2022-07-12 00:07:05.944,0,train,24.62280985734653,0
normal,N0056,1949,12,50,2022-07-12 00:07:06.044,0,train,22.605416955356244,0
normal,N0056,1950,13,50,2022-07-12 00:07:06.144,0,train,30.717139623659566,0
normal,N0056,1951,14,50,2022-07-12 00:07:06.244,0,train,36.33424512709206,0
normal,N0056,1952,15,50,2022-07-12 00:07:06.344,0,train,36.93845002133883,0
normal,N0056,1953,16,50,2022-07-12 00:07:06.444,0,train,30.348328392583934,0
normal,N0056,1954,17,50,2022-07-12 00:07:06.544,0,train,37.26415175887319,0
normal,N0056,1955,18,50,2022-07-12 00:07:06.644,0,train,36.1479989036353,0
normal,N0056,1956,19,50,2022-07-12 00:07:06.744,0,train,45.00864733478912,0
normal,N0056,1957,20,50,2022-07-12 00:07:06.844,0,train,45.81579489149434,0
normal,N0056,1958,21,50,2022-07-12 00:07:06.944,0,train,47.63660630113422,0
normal,N0056,1959,22,50,2022-07-12 00:07:07.044,0,train,49.22971286858365,0
normal,N0056,1960,23,50,2022-07-12 00:07:07.144,0,train,40.98616879654072,0
normal,N0056,1961,24,50,2022-07-12 00:07:07.244,0,train,42.15482283856948,0
normal,N0056,1962,25,50,2022-07-12 00:07:07.344,0,train,48.3175210721366,0
normal,N0056,1963,26,50,2022-07-12 00:07:07.444,0,train,51.77615304223046,0
normal,N0056,1964,27,50,2022-07-12 00:07:07.544,0,train,62.865622615248384,0
normal,N0056,1965,28,50,2022-07-12 00:07:07.644,0,train,37.45960092095205,0
normal,N0056,1966,29,50,2022-07-12 00:07:07.744,0,train,40.67657773180594,0
normal,N0056,1967,30,50,2022-07-12 00:07:07.844,0,train,48.273514383943414,0
normal,N0056,1968,31,50,2022-07-12 00:07:07.944,0,train,58.07499087532415,0
normal,N0056,1969,32,50,2022-07-12 00:07:08.044,0,train,56.51462655396613,0
normal,N0056,1970,33,50,2022-07-12 00:07:08.144,0,train,38.54824533889944,0
normal,N0056,1971,34,50,2022-07-12 00:07:08.244,0,train,33.284062260838084,0
normal,N0056,1972,35,50,2022-07-12 00:07:08.344,0,train,26.310330379977813,0
normal,N0056,1973,36,50,2022-07-12 00:07:08.444,0,train,37.38398175215934,0
normal,N0056,1974,37,50,2022-07-12 00:07:08.544,0,train,43.763336334724464,0
normal,N0056,1975,38,50,2022-07-12 00:07:08.644,0,train,64.28523616934335,0
normal,N0056,1976,39,50,2022-07-12 00:07:08.744,0,train,58.69331689384313,0
normal,N0056,1977,40,50,2022-07-12 00:07:08.844,0,train,69.99582066689388,0
normal,N0056,1978,41,50,2022-07-12 00:07:08.944,0,train,62.45973926085667,0
normal,N0056,1979,42,50,2022-07-12 00:07:09.044,0,train,29.180423805597872,0
normal,N0056,1980,43,50,2022-07-12 00:07:09.144,0,train,27.203446475756117,0
normal,N0056,1981,44,50,2022-07-12 00:07:09.244,0,train,31.492785169432224,0
normal,N0056,1982,45,50,2022-07-12 00:07:09.344,0,train,39.38214870035405,0
normal,N0056,1983,46,50,2022-07-12 00:07:09.444,0,train,65.16802510428204,0
normal,N0056,1984,47,50,2022-07-12 00:07:09.544,0,train,66.90144232887954,0
normal,N0056,1985,48,50,2022-07-12 00:07:09.644,0,train,112.6310281938697,0
normal,N0056,1986,49,50,2022-07-12 00:07:09.744,0,train,78.78326439777737,0
normal,N0058,2046,9,50,2022-07-12 00:07:20.248,0,train,67.93110583369315,0
normal,N0058,2047,10,50,2022-07-12 00:07:20.348,0,train,52.3544312395427,0
normal,N0058,2048,11,50,2022-07-12 00:07:20.448,0,train,66.0123805802592,0
normal,N0058,2049,12,50,2022-07-12 00:07:20.548,0,train,67.07248062224001,0
normal,N0058,2050,13,50,2022-07-12 00:07:20.648,0,train,55.98112084515386,0
normal,N0058,2051,14,50,2022-07-12 00:07:20.748,0,train,65.08027170210951,0
normal,N0058,2052,15,50,2022-07-12 00:07:20.848,0,train,46.35844505922353,0
normal,N0058,2053,16,50,2022-07-12 00:07:20.948,0,train,50.56642281566043,0
normal,N0058,2054,17,50,2022-07-12 00:07:21.048,0,train,34.373375104256425,0
normal,N0058,2055,18,50,2022-07-12 00:07:21.148,0,train,34.59934758062462,0
normal,N0058,2056,19,50,2022-07-12 00:07:21.248,0,train,54.53005234297053,0
normal,N0058,2057,20,50,2022-07-12 00:07:21.348,0,train,61.519190953250316,0
normal,N0058,2058,21,50,2022-07-12 00:07:21.448,0,train,70.84775282920923,0
normal,N0058,2059,22,50,2022-07-12 00:07:21.548,0,train,52.1816901799428,0
normal,N0058,2060,23,50,2022-07-12 00:07:21.648,0,train,47.059317912172446,0
normal,N0058,2061,24,50,2022-07-12 00:07:21.748,0,train,36.699957974445304,0
normal,N0058,2062,25,50,2022-07-12 00:07:21.848,0,train,41.043407227511935,0
normal,N0058,2063,26,50,2022-07-12 00:07:21.948,0,train,71.91295439768612,0
normal,N0058,2064,27,50,2022-07-12 00:07:22.048,0,train,52.775744297125726,0
normal,N0058,2065,28,50,2022-07-12 00:07:22.148,0,train,44.23470626884193,0
normal,N0058,2066,29,50,2022-07-12 00:07:22.248,0,train,47.011728835716525,0
normal,N0058,2067,30,50,2022-07-12 00:07:22.348,0,train,46.173661927541964,0
normal,N0058,2068,31,50,2022-07-12 00:07:22.448,0,train,37.82049430995474,0
normal,N0058,2069,32,50,2022-07-12 00:07:22.548,0,train,32.32917237065773,0
normal,N0058,2070,33,50,2022-07-12 00:07:22.648,0,train,34.58509476203064,0
normal,N0058,2071,34,50,2022-07-12 00:07:22.748,0,train,37.0454714349058,0
normal,N0058,2072,35,50,2022-07-12 00:07:22.848,0,train,53.673886743361194,0
normal,N0058,2073,36,50,2022-07-12 00:07:22.948,0,train,48.84823276173705,0
normal,N0058,2074,37,50,2022-07-12 00:07:23.048,0,train,37.9515766632361,0
normal,N0058,2075,38,50,2022-07-12 00:07:23.148,0,train,42.18136699775539,0
normal,N0058,2076,39,50,2022-07-12 00:07:23.248,0,train,33.34685198543626,0
normal,N0058,2077,40,50,2022-07-12 00:07:23.348,0,train,31.62522641640918,0
normal,N0058,2078,41,50,2022-07-12 00:07:23.448,0,train,39.79838310787445,0
normal,N0058,2079,42,50,2022-07-12 00:07:23.548,0,train,67.51358767168544,0
normal,N0058,2080,43,50,2022-07-12 00:07:23.648,0,train,63.92950071143885,0
normal,N0058,2081,44,50,2022-07-12 00:07:23.748,0,train,83.05333880005625,0
normal,N0058,2082,45,50,2022-07-12 00:07:23.848,0,train,99.29838419226142,0
normal,N0058,2083,46,50,2022-07-12 00:07:23.948,0,train,63.782199103518536,0
normal,N0058,2084,47,50,2022-07-12 00:07:24.048,0,train,81.79350602144386,0
normal,N0058,2085,48,50,2022-07-12 00:07:24.148,0,train,116.5711351167308,0
normal,N0058,2086,49,50,2022-07-12 00:07:24.248,0,train,52.5023264565669,0
normal,N0059,2096,9,50,2022-07-12 00:07:26.871,0,train,26.47028536076664,0
normal,N0059,2097,10,50,2022-07-12 00:07:26.971,0,train,59.20898799221943,0
normal,N0059,2098,11,50,2022-07-12 00:07:27.071,0,train,35.859435222695744,0
normal,N0059,2099,12,50,2022-07-12 00:07:27.171,0,train,28.312536867590932,0
normal,N0059,2100,13,50,2022-07-12 00:07:27.271,0,train,30.779339692700912,0
normal,N0059,2101,14,50,2022-07-12 00:07:27.371,0,train,33.574030558492495,0
normal,N0059,2102,15,50,2022-07-12 00:07:27.471,0,train,31.39986635752191,0
normal,N0059,2103,16,50,2022-07-12 00:07:27.571,0,train,18.327228025536932,0
normal,N0059,2104,17,50,2022-07-12 00:07:27.671,0,train,27.809261695229957,0
normal,N0059,2105,18,50,2022-07-12 00:07:27.771,0,train,35.00610564328768,0
normal,N0059,2106,19,50,2022-07-12 00:07:27.871,0,train,36.94905045915202,0
normal,N0059,2107,20,50,2022-07-12 00:07:27.971,0,train,18.371544741965756,0
normal,N0059,2108,21,50,2022-07-12 00:07:28.071,0,train,26.088631439611472,0
normal,N0059,2109,22,50,2022-07-12 00:07:28.171,0,train,37.73773280964075,0
normal,N0059,2110,23,50,2022-07-12 00:07:28.271,0,train,24.466576210154617,0
normal,N0059,2111,24,50,2022-07-12 00:07:28.371,0,train,17.060326108591017,0
normal,N0059,2112,25,50,2022-07-12 00:07:28.471,0,train,21.105434129882546,0
normal,N0059,2113,26,50,2022-07-12 00:07:28.571,0,train,24.95758841613462,0
normal,N0059,2114,27,50,2022-07-12 00:07:28.671,0,train,36.03458647383504,0
normal,N0059,2115,28,50,2022-07-12 00:07:28.771,0,train,37.417831418887424,0
normal,N0059,2116,29,50,2022-07-12 00:07:28.871,0,train,26.23282080314536,0
normal,N0059,2117,30,50,2022-07-12 00:07:28.971,0,train,23.80171612954839,0
normal,N0059,2118,31,50,2022-07-12 00:07:29.071,0,train,26.406335452588934,0
normal,N0059,2119,32,50,2022-07-12 00:07:29.171,0,train,31.509338712136636,0
normal,N0059,2120,33,50,2022-07-12 00:07:29.271,0,train,29.64837803918808,0
normal,N0059,2121,34,50,2022-07-12 00:07:29.371,0,train,31.015821732512183,0
normal,N0059,2122,35,50,2022-07-12 00:07:29.471,0,train,51.049053021619976,0
normal,N0059,2123,36,50,2022-07-12 00:07:29.571,0,train,37.77488471464575,0
normal,N0059,2124,37,50,2022-07-12 00:07:29.671,0,train,28.52205353016806,0
normal,N0059,2125,38,50,2022-07-12 00:07:29.771,0,train,31.41862623392232,0
normal,N0059,2126,39,50,2022-07-12 00:07:29.871,0,train,33.248033826486626,0
normal,N0059,2127,40,50,2022-07-12 00:07:29.971,0,train,28.787424100707987,0
normal,N0059,2128,41,50,2022-07-12 00:07:30.071,0,train,32.131499613233984,0
normal,N0059,2129,42,50,2022-07-12 00:07:30.171,0,train,34.43782292574315,0
normal,N0059,2130,43,50,2022-07-12 00:07:30.271,0,train,40.52807032934174,0
normal,N0059,2131,44,50,2022-07-12 00:07:30.371,0,train,30.359026527973537,0
normal,N0059,2132,45,50,2022-07-12 00:07:30.471,0,train,25.839253218999346,0
normal,N0059,2133,46,50,2022-07-12 00:07:30.571,0,train,26.60261106823187,0
normal,N0059,2134,47,50,2022-07-12 00:07:30.671,0,train,30.50798653627866,0
normal,N0059,2135,48,50,2022-07-12 00:07:30.771,0,train,21.195037358723855,0
normal,N0059,2136,49,50,2022-07-12 00:07:30.871,0,train,24.563410004106185,0
normal,N0060,2146,9,50,2022-07-12 00:07:33.747,0,train,22.29472947255105,0
normal,N0060,2147,10,50,2022-07-12 00:07:33.847,0,train,24.52906769050156,0
normal,N0060,2148,11,50,2022-07-12 00:07:33.947,0,train,16.432787967037804,0
normal,N0060,2149,12,50,2022-07-12 00:07:34.047,0,train,20.926651012595038,0
normal,N0060,2150,13,50,2022-07-12 00:07:34.147,0,train,18.83947404184656,0
normal,N0060,2151,14,50,2022-07-12 00:07:34.247,0,train,25.03742406783305,0
normal,N0060,2152,15,50,2022-07-12 00:07:34.347,0,train,30.723059328416678,0
normal,N0060,2153,16,50,2022-07-12 00:07:34.447,0,train,25.844703276263207,0
normal,N0060,2154,17,50,2022-07-12 00:07:34.547,0,train,22.94921099086706,0
normal,N0060,2155,18,50,2022-07-12 00:07:34.647,0,train,33.637181819063905,0
normal,N0060,2156,19,50,2022-07-12 00:07:34.747,0,train,30.603226622575676,0
normal,N0060,2157,20,50,2022-07-12 00:07:34.847,0,train,31.622637529533314,0
normal,N0060,2158,21,50,2022-07-12 00:07:34.947,0,train,34.91562828544372,0
normal,N0060,2159,22,50,2022-07-12 00:07:35.047,0,train,32.606331976653955,0
normal,N0060,2160,23,50,2022-07-12 00:07:35.147,0,train,38.916315084787875,0
normal,N0060,2161,24,50,2022-07-12 00:07:35.247,0,train,40.844336502230036,0
normal,N0060,2162,25,50,2022-07-12 00:07:35.347,0,train,32.93999194826339,0
normal,N0060,2163,26,50,2022-07-12 00:07:35.447,0,train,39.357630345384926,0
normal,N0060,2164,27,50,2022-07-12 00:07:35.547,0,train,33.43477456775527,0
normal,N0060,2165,28,50,2022-07-12 00:07:35.647,0,train,30.932723727476525,0
normal,N0060,2166,29,50,2022-07-12 00:07:35.747,0,train,29.2266353077767,0
normal,N0060,2167,30,50,2022-07-12 00:07:35.847,0,train,32.19402590781939,0
normal,N0060,2168,31,50,2022-07-12 00:07:35.947,0,train,30.177390454180102,0
normal,N0060,2169,32,50,2022-07-12 00:07:36.047,0,train,38.92663699420286,0
normal,N0060,2170,33,50,2022-07-12 00:07:36.147,0,train,22.590059429409326,0
normal,N0060,2171,34,50,2022-07-12 00:07:36.247,0,train,34.50244239855718,0
normal,N0060,2172,35,50,2022-07-12 00:07:36.347,0,train,28.038610588737647,0
normal,N0060,2173,36,50,2022-07-12 00:07:36.447,0,train,19.30728574515709,0
normal,N0060,2174,37,50,2022-07-12 00:07:36.547,0,train,17.48858023740896,0
normal,N0060,2175,38,50,2022-07-12 00:07:36.647,0,train,25.108526471623264,0
normal,N0060,2176,39,50,2022-07-12 00:07:36.747,0,train,19.96275612498647,0
normal,N0060,2177,40,50,2022-07-12 00:07:36.847,0,train,25.407812479705488,0
normal,N0060,2178,41,50,2022-07-12 00:07:36.947,0,train,31.73141037857932,0
normal,N0060,2179,42,50,2022-07-12 00:07:37.047,0,train,21.67472775915711,0
normal,N0060,2180,43,50,2022-07-12 00:07:37.147,0,train,29.563346302007545,0
normal,N0060,2181,44,50,2022-07-12 00:07:37.247,0,train,33.058667490124535,0
normal,N0060,2182,45,50,2022-07-12 00:07:37.347,0,train,28.154431468787436,0
normal,N0060,2183,46,50,2022-07-12 00:07:37.447,0,train,27.539392379878574,0
normal,N0060,2184,47,50,2022-07-12 00:07:37.547,0,train,27.571733487145718,0
normal,N0060,2185,48,50,2022-07-12 00:07:37.647,0,train,24.606319676933254,0
normal,N0060,2186,49,50,2022-07-12 00:07:37.747,0,train,36.28213359731538,0
normal,N0061,2196,9,50,2022-07-12 00:07:40.460,0,train,49.07925600608041,0
normal,N0061,2197,10,50,2022-07-12 00:07:40.560,0,train,46.624149108402996,0
normal,N0061,2198,11,50,2022-07-12 00:07:40.660,0,train,37.29229706379992,0
normal,N0061,2199,12,50,2022-07-12 00:07:40.760,0,train,50.96405405348054,0
normal,N0061,2200,13,50,2022-07-12 00:07:40.860,0,train,61.46193282119518,0
normal,N0061,2201,14,50,2022-07-12 00:07:40.960,0,train,47.91083938298844,0
normal,N0061,2202,15,50,2022-07-12 00:07:41.060,0,train,44.456470585876296,0
normal,N0061,2203,16,50,2022-07-12 00:07:41.160,0,train,35.08394190089612,0
normal,N0061,2204,17,50,2022-07-12 00:07:41.260,0,train,67.86097502602193,0
normal,N0061,2205,18,50,2022-07-12 00:07:41.360,0,train,76.99046761609969,0
normal,N0061,2206,19,50,2022-07-12 00:07:41.460,0,train,84.68235054910974,0
normal,N0061,2207,20,50,2022-07-12 00:07:41.560,0,train,52.51341030799931,0
normal,N0061,2208,21,50,2022-07-12 00:07:41.660,0,train,47.223297937915845,0
normal,N0061,2209,22,50,2022-07-12 00:07:41.760,0,train,54.12285719117583,0
normal,N0061,2210,23,50,2022-07-12 00:07:41.860,0,train,48.88617571148899,0
normal,N0061,2211,24,50,2022-07-12 00:07:41.960,0,train,43.246705968682974,0
normal,N0061,2212,25,50,2022-07-12 00:07:42.060,0,train,35.66822099062939,0
normal,N0061,2213,26,50,2022-07-12 00:07:42.160,0,train,33.64299558511803,0
normal,N0061,2214,27,50,2022-07-12 00:07:42.260,0,train,33.14191660701481,0
normal,N0061,2215,28,50,2022-07-12 00:07:42.360,0,train,53.4646540118527,0
normal,N0061,2216,29,50,2022-07-12 00:07:42.460,0,train,53.72527024510705,0
normal,N0061,2217,30,50,2022-07-12 00:07:42.560,0,train,88.55620142959081,0
normal,N0061,2218,31,50,2022-07-12 00:07:42.660,0,train,69.92475334150467,0
normal,N0061,2219,32,50,2022-07-12 00:07:42.760,0,train,98.12299127208377,0
normal,N0061,2220,33,50,2022-07-12 00:07:42.860,0,train,73.72561578399136,0
normal,N0061,2221,34,50,2022-07-12 00:07:42.960,0,train,91.14580833926813,0
normal,N0061,2222,35,50,2022-07-12 00:07:43.060,0,train,52.340535395272155,0
normal,N0061,2223,36,50,2022-07-12 00:07:43.160,0,train,56.72577887130572,0
normal,N0061,2224,37,50,2022-07-12 00:07:43.260,0,train,60.93083031416624,0
normal,N0061,2225,38,50,2022-07-12 00:07:43.360,0,train,47.683873047128124,0
normal,N0061,2226,39,50,2022-07-12 00:07:43.460,0,train,60.48240566237857,0
normal,N0061,2227,40,50,2022-07-12 00:07:43.560,0,train,68.6772015095235,0
normal,N0061,2228,41,50,2022-07-12 00:07:43.660,0,train,61.07977590489289,0
normal,N0061,2229,42,50,2022-07-12 00:07:43.760,0,train,55.25405542551268,0
normal,N0061,2230,43,50,2022-07-12 00:07:43.860,0,train,42.05638816209488,0
normal,N0061,2231,44,50,2022-07-12 00:07:43.960,0,train,45.69875549924183,0
normal,N0061,2232,45,50,2022-07-12 00:07:44.060,0,train,77.43393168619806,0
normal,N0061,2233,46,50,2022-07-12 00:07:44.160,0,train,45.94837143828824,0
normal,N0061,2234,47,50,2022-07-12 00:07:44.260,0,train,61.12893931345292,0
normal,N0061,2235,48,50,2022-07-12 00:07:44.360,0,train,84.17496921658696,0
normal,N0061,2236,49,50,2022-07-12 00:07:44.460,0,train,57.32172576642044,0
normal,N0063,2296,9,50,2022-07-12 00:07:53.779,0,train,44.676966592851876,0
normal,N0063,2297,10,50,2022-07-12 00:07:53.879,0,train,61.04679926898603,0
normal,N0063,2298,11,50,2022-07-12 00:07:53.979,0,train,31.082997704433005,0
normal,N0063,2299,12,50,2022-07-12 00:07:54.079,0,train,30.721741378186138,0
normal,N0063,2300,13,50,2022-07-12 00:07:54.179,0,train,44.29542620563847,0
normal,N0063,2301,14,50,2022-07-12 00:07:54.279,0,train,30.40944746501534,0
normal,N0063,2302,15,50,2022-07-12 00:07:54.379,0,train,25.693384052966568,0
normal,N0063,2303,16,50,2022-07-12 00:07:54.479,0,train,58.37726755218407,0
normal,N0063,2304,17,50,2022-07-12 00:07:54.579,0,train,38.031773600421246,0
normal,N0063,2305,18,50,2022-07-12 00:07:54.679,0,train,48.10406995659838,0
normal,N0063,2306,19,50,2022-07-12 00:07:54.779,0,train,32.13026291785116,0
normal,N0063,2307,20,50,2022-07-12 00:07:54.879,0,train,33.25701337374014,0
normal,N0063,2308,21,50,2022-07-12 00:07:54.979,0,train,30.057294684066747,0
normal,N0063,2309,22,50,2022-07-12 00:07:55.079,0,train,26.48412956746207,0
normal,N0063,2310,23,50,2022-07-12 00:07:55.179,0,train,23.37981252725278,0
normal,N0063,2311,24,50,2022-07-12 00:07:55.279,0,train,33.39446534439092,0
normal,N0063,2312,25,50,2022-07-12 00:07:55.379,0,train,23.627682979347927,0
normal,N0063,2313,26,50,2022-07-12 00:07:55.479,0,train,25.67139862788529,0
normal,N0063,2314,27,50,2022-07-12 00:07:55.579,0,train,39.2710414950655,0
normal,N0063,2315,28,50,2022-07-12 00:07:55.679,0,train,42.51983550131848,0
normal,N0063,2316,29,50,2022-07-12 00:07:55.779,0,train,29.612529617475264,0
normal,N0063,2317,30,50,2022-07-12 00:07:55.879,0,train,35.20056243771568,0
normal,N0063,2318,31,50,2022-07-12 00:07:55.979,0,train,26.231131515403746,0
normal,N0063,2319,32,50,2022-07-12 00:07:56.079,0,train,25.449818072015034,0
normal,N0063,2320,33,50,2022-07-12 00:07:56.179,0,train,20.13632594643921,0
normal,N0063,2321,34,50,2022-07-12 00:07:56.279,0,train,26.736166078070458,0
normal,N0063,2322,35,50,2022-07-12 00:07:56.379,0,train,43.66244334546771,0
normal,N0063,2323,36,50,2022-07-12 00:07:56.479,0,train,25.650056683289947,0
normal,N0063,2324,37,50,2022-07-12 00:07:56.579,0,train,28.738654454251336,0
normal,N0063,2325,38,50,2022-07-12 00:07:56.679,0,train,33.59453716720266,0
normal,N0063,2326,39,50,2022-07-12 00:07:56.779,0,train,39.71700958082106,0
normal,N0063,2327,40,50,2022-07-12 00:07:56.879,0,train,30.72557541909802,0
normal,N0063,2328,41,50,2022-07-12 00:07:56.979,0,train,29.42377759436662,0
normal,N0063,2329,42,50,2022-07-12 00:07:57.079,0,train,32.35203778841861,0
normal,N0063,2330,43,50,2022-07-12 00:07:57.179,0,train,32.15084667162012,0
normal,N0063,2331,44,50,2022-07-12 00:07:57.279,0,train,36.361250468289484,0
normal,N0063,2332,45,50,2022-07-12 00:07:57.379,0,train,29.689231301888253,0
normal,N0063,2333,46,50,2022-07-12 00:07:57.479,0,train,41.62245852430025,0
normal,N0063,2334,47,50,2022-07-12 00:07:57.579,0,train,28.655297900479134,0
normal,N0063,2335,48,50,2022-07-12 00:07:57.679,0,train,31.74373127353999,0
normal,N0063,2336,49,50,2022-07-12 00:07:57.779,0,train,30.632775848237106,0
normal,N0064,2346,9,50,2022-07-12 00:08:00.667,0,train,92.9835862261783,0
normal,N0064,2347,10,50,2022-07-12 00:08:00.767,0,train,121.00564515309209,0
normal,N0064,2348,11,50,2022-07-12 00:08:00.867,0,train,97.05913454999884,0
normal,N0064,2349,12,50,2022-07-12 00:08:00.967,0,train,69.06482526527115,0
normal,N0064,2350,13,50,2022-07-12 00:08:01.067,0,train,66.51741381326985,0
normal,N0064,2351,14,50,2022-07-12 00:08:01.167,0,train,64.03096526569203,0
normal,N0064,2352,15,50,2022-07-12 00:08:01.267,0,train,75.44279082375336,0
normal,N0064,2353,16,50,2022-07-12 00:08:01.367,0,train,103.52624325037627,0
normal,N0064,2354,17,50,2022-07-12 00:08:01.467,0,train,143.86885193703523,1
normal,N0064,2355,18,50,2022-07-12 00:08:01.567,0,train,163.8565070033381,1
normal,N0064,2356,19,50,2022-07-12 00:08:01.667,0,train,226.22459684334478,1
normal,N0064,2357,20,50,2022-07-12 00:08:01.767,0,train,261.88870708695333,1
normal,N0064,2358,21,50,2022-07-12 00:08:01.867,0,train,157.00376444880322,1
normal,N0064,2359,22,50,2022-07-12 00:08:01.967,0,train,140.72504679962915,0
normal,N0064,2360,23,50,2022-07-12 00:08:02.067,0,train,223.1142815001227,1
normal,N0064,2361,24,50,2022-07-12 00:08:02.167,0,train,133.3278273586746,0
normal,N0064,2362,25,50,2022-07-12 00:08:02.267,0,train,124.17517100190307,0
normal,N0064,2363,26,50,2022-07-12 00:08:02.367,0,train,109.20478235424059,0
normal,N0064,2364,27,50,2022-07-12 00:08:02.467,0,train,60.3109872897266,0
normal,N0064,2365,28,50,2022-07-12 00:08:02.567,0,train,85.8873203336025,0
normal,N0064,2366,29,50,2022-07-12 00:08:02.667,0,train,130.0857403779137,0
normal,N0064,2367,30,50,2022-07-12 00:08:02.767,0,train,55.73094205319611,0
normal,N0064,2368,31,50,2022-07-12 00:08:02.867,0,train,39.107917935936314,0
normal,N0064,2369,32,50,2022-07-12 00:08:02.967,0,train,30.320353805807585,0
normal,N0064,2370,33,50,2022-07-12 00:08:03.067,0,train,23.50007657146404,0
normal,N0064,2371,34,50,2022-07-12 00:08:03.167,0,train,37.76845028918841,0
normal,N0064,2372,35,50,2022-07-12 00:08:03.267,0,train,43.16792703123251,0
normal,N0064,2373,36,50,2022-07-12 00:08:03.367,0,train,42.84882999746736,0
normal,N0064,2374,37,50,2022-07-12 00:08:03.467,0,train,45.073389719533075,0
normal,N0064,2375,38,50,2022-07-12 00:08:03.567,0,train,39.20999602268608,0
normal,N0064,2376,39,50,2022-07-12 00:08:03.667,0,train,44.51778130614462,0
normal,N0064,2377,40,50,2022-07-12 00:08:03.767,0,train,66.12547676360975,0
normal,N0064,2378,41,50,2022-07-12 00:08:03.867,0,train,79.27678362131876,0
normal,N0064,2379,42,50,2022-07-12 00:08:03.967,0,train,92.75665541084233,0
normal,N0064,2380,43,50,2022-07-12 00:08:04.067,0,train,129.0969003514929,0
normal,N0064,2381,44,50,2022-07-12 00:08:04.167,0,train,87.76140657190015,0
normal,N0064,2382,45,50,2022-07-12 00:08:04.267,0,train,165.72410776777483,1
normal,N0064,2383,46,50,2022-07-12 00:08:04.367,0,train,192.10033148511224,1
normal,N0064,2384,47,50,2022-07-12 00:08:04.467,0,train,162.61702512395354,1
normal,N0064,2385,48,50,2022-07-12 00:08:04.567,0,train,254.35917291897573,1
normal,N0064,2386,49,50,2022-07-12 00:08:04.667,0,train,209.0612535570838,1
normal,N0065,2396,9,50,2022-07-12 00:08:07.237,0,train,40.0540920272854,0
normal,N0065,2397,10,50,2022-07-12 00:08:07.337,0,train,25.679455214878367,0
normal,N0065,2398,11,50,2022-07-12 00:08:07.437,0,train,28.750233450819845,0
normal,N0065,2399,12,50,2022-07-12 00:08:07.537,0,train,42.828828927606686,0
normal,N0065,2400,13,50,2022-07-12 00:08:07.637,0,train,27.738074207395798,0
normal,N0065,2401,14,50,2022-07-12 00:08:07.737,0,train,26.350036344629704,0
normal,N0065,2402,15,50,2022-07-12 00:08:07.837,0,train,28.562740726677948,0
normal,N0065,2403,16,50,2022-07-12 00:08:07.937,0,train,34.09178373190357,0
normal,N0065,2404,17,50,2022-07-12 00:08:08.037,0,train,29.259371739962035,0
normal,N0065,2405,18,50,2022-07-12 00:08:08.137,0,train,29.936858332137813,0
normal,N0065,2406,19,50,2022-07-12 00:08:08.237,0,train,23.571671687162382,0
normal,N0065,2407,20,50,2022-07-12 00:08:08.337,0,train,50.52410758443907,0
normal,N0065,2408,21,50,2022-07-12 00:08:08.437,0,train,23.745464051395498,0
normal,N0065,2409,22,50,2022-07-12 00:08:08.537,0,train,26.28321460174862,0
normal,N0065,2410,23,50,2022-07-12 00:08:08.637,0,train,33.198242293951715,0
normal,N0065,2411,24,50,2022-07-12 00:08:08.737,0,train,36.31637614759858,0
normal,N0065,2412,25,50,2022-07-12 00:08:08.837,0,train,27.93746773721786,0
normal,N0065,2413,26,50,2022-07-12 00:08:08.937,0,train,22.926322648361158,0
normal,N0065,2414,27,50,2022-07-12 00:08:09.037,0,train,25.06876290481976,0
normal,N0065,2415,28,50,2022-07-12 00:08:09.137,0,train,38.28533230839389,0
normal,N0065,2416,29,50,2022-07-12 00:08:09.237,0,train,34.46216260251227,0
normal,N0065,2417,30,50,2022-07-12 00:08:09.337,0,train,37.821250033582864,0
normal,N0065,2418,31,50,2022-07-12 00:08:09.437,0,train,39.68941742532465,0
normal,N0065,2419,32,50,2022-07-12 00:08:09.537,0,train,37.77619495210622,0
normal,N0065,2420,33,50,2022-07-12 00:08:09.637,0,train,37.65157003666275,0
normal,N0065,2421,34,50,2022-07-12 00:08:09.737,0,train,41.589484716926734,0
normal,N0065,2422,35,50,2022-07-12 00:08:09.837,0,train,47.52624687390186,0
normal,N0065,2423,36,50,2022-07-12 00:08:09.937,0,train,47.931901654426774,0
normal,N0065,2424,37,50,2022-07-12 00:08:10.037,0,train,53.33009362393874,0
normal,N0065,2425,38,50,2022-07-12 00:08:10.137,0,train,41.55944936271007,0
normal,N0065,2426,39,50,2022-07-12 00:08:10.237,0,train,32.76431053040024,0
normal,N0065,2427,40,50,2022-07-12 00:08:10.337,0,train,36.03761039836954,0
normal,N0065,2428,41,50,2022-07-12 00:08:10.437,0,train,46.91795809572951,0
normal,N0065,2429,42,50,2022-07-12 00:08:10.537,0,train,31.357678202166927,0
normal,N0065,2430,43,50,2022-07-12 00:08:10.637,0,train,27.851780655485037,0
normal,N0065,2431,44,50,2022-07-12 00:08:10.737,0,train,39.2512758371496,0
normal,N0065,2432,45,50,2022-07-12 00:08:10.837,0,train,49.768396967187584,0
normal,N0065,2433,46,50,2022-07-12 00:08:10.937,0,train,47.397084324765146,0
normal,N0065,2434,47,50,2022-07-12 00:08:11.037,0,train,41.44937526574463,0
normal,N0065,2435,48,50,2022-07-12 00:08:11.137,0,train,35.645657224824866,0
normal,N0065,2436,49,50,2022-07-12 00:08:11.237,0,train,35.1467718628532,0
normal,N0066,2446,9,50,2022-07-12 00:08:13.992,0,train,50.290585041803894,0
normal,N0066,2447,10,50,2022-07-12 00:08:14.092,0,train,36.784994891996284,0
normal,N0066,2448,11,50,2022-07-12 00:08:14.192,0,train,34.30313435282468,0
normal,N0066,2449,12,50,2022-07-12 00:08:14.292,0,train,55.28259555662426,0
normal,N0066,2450,13,50,2022-07-12 00:08:14.392,0,train,50.6109233967174,0
normal,N0066,2451,14,50,2022-07-12 00:08:14.492,0,train,44.03337724341771,0
normal,N0066,2452,15,50,2022-07-12 00:08:14.592,0,train,47.389580773669124,0
normal,N0066,2453,16,50,2022-07-12 00:08:14.692,0,train,30.700472494083872,0
normal,N0066,2454,17,50,2022-07-12 00:08:14.792,0,train,63.01263654741179,0
normal,N0066,2455,18,50,2022-07-12 00:08:14.892,0,train,33.136835873417716,0
normal,N0066,2456,19,50,2022-07-12 00:08:14.992,0,train,33.79866369313765,0
normal,N0066,2457,20,50,2022-07-12 00:08:15.092,0,train,36.30545375615605,0
normal,N0066,2458,21,50,2022-07-12 00:08:15.192,0,train,31.27400003722117,0
normal,N0066,2459,22,50,2022-07-12 00:08:15.292,0,train,32.91392252218791,0
normal,N0066,2460,23,50,2022-07-12 00:08:15.392,0,train,29.4209183500652,0
normal,N0066,2461,24,50,2022-07-12 00:08:15.492,0,train,21.76898477684698,0
normal,N0066,2462,25,50,2022-07-12 00:08:15.592,0,train,35.56756264679134,0
normal,N0066,2463,26,50,2022-07-12 00:08:15.692,0,train,28.263653180296174,0
normal,N0066,2464,27,50,2022-07-12 00:08:15.792,0,train,27.41811500920498,0
normal,N0066,2465,28,50,2022-07-12 00:08:15.892,0,train,25.799128704982213,0
normal,N0066,2466,29,50,2022-07-12 00:08:15.992,0,train,42.81084261828883,0
normal,N0066,2467,30,50,2022-07-12 00:08:16.092,0,train,32.76687699841075,0
normal,N0066,2468,31,50,2022-07-12 00:08:16.192,0,train,34.14234706816084,0
normal,N0066,2469,32,50,2022-07-12 00:08:16.292,0,train,31.48432641963283,0
normal,N0066,2470,33,50,2022-07-12 00:08:16.392,0,train,41.2946310073395,0
normal,N0066,2471,34,50,2022-07-12 00:08:16.492,0,train,57.08662592786525,0
normal,N0066,2472,35,50,2022-07-12 00:08:16.592,0,train,39.10858094281984,0
normal,N0066,2473,36,50,2022-07-12 00:08:16.692,0,train,37.753244165784665,0
normal,N0066,2474,37,50,2022-07-12 00:08:16.792,0,train,38.89989852130898,0
normal,N0066,2475,38,50,2022-07-12 00:08:16.892,0,train,42.103443199202594,0
normal,N0066,2476,39,50,2022-07-12 00:08:16.992,0,train,30.24208408529021,0
normal,N0066,2477,40,50,2022-07-12 00:08:17.092,0,train,51.93551534236943,0
normal,N0066,2478,41,50,2022-07-12 00:08:17.192,0,train,57.487207221750936,0
normal,N0066,2479,42,50,2022-07-12 00:08:17.292,0,train,98.64041511194002,0
normal,N0066,2480,43,50,2022-07-12 00:08:17.392,0,train,43.10047465324636,0
normal,N0066,2481,44,50,2022-07-12 00:08:17.492,0,train,53.14455549143007,0
normal,N0066,2482,45,50,2022-07-12 00:08:17.592,0,train,35.8147175371928,0
normal,N0066,2483,46,50,2022-07-12 00:08:17.692,0,train,33.85249289664832,0
normal,N0066,2484,47,50,2022-07-12 00:08:17.792,0,train,29.305013824507594,0
normal,N0066,2485,48,50,2022-07-12 00:08:17.892,0,train,37.62897543419801,0
normal,N0066,2486,49,50,2022-07-12 00:08:17.992,0,train,28.824196279189295,0
normal,N0068,2546,9,50,2022-07-12 00:08:34.106,0,train,31.04897487786576,0
normal,N0068,2547,10,50,2022-07-12 00:08:34.206,0,train,38.35002046405085,0
normal,N0068,2548,11,50,2022-07-12 00:08:34.306,0,train,38.82204502784631,0
normal,N0068,2549,12,50,2022-07-12 00:08:34.406,0,train,31.54554990561563,0
normal,N0068,2550,13,50,2022-07-12 00:08:34.506,0,train,29.719256724458898,0
normal,N0068,2551,14,50,2022-07-12 00:08:34.606,0,train,28.17706447249477,0
normal,N0068,2552,15,50,2022-07-12 00:08:34.706,0,train,43.35495012255621,0
normal,N0068,2553,16,50,2022-07-12 00:08:34.806,0,train,49.627467400254616,0
normal,N0068,2554,17,50,2022-07-12 00:08:34.906,0,train,35.563946581236394,0
normal,N0068,2555,18,50,2022-07-12 00:08:35.006,0,train,35.67090397052297,0
normal,N0068,2556,19,50,2022-07-12 00:08:35.106,0,train,38.53145693554991,0
normal,N0068,2557,20,50,2022-07-12 00:08:35.206,0,train,32.58804936036782,0
normal,N0068,2558,21,50,2022-07-12 00:08:35.306,0,train,35.11368561037721,0
normal,N0068,2559,22,50,2022-07-12 00:08:35.406,0,train,49.33106796177812,0
normal,N0068,2560,23,50,2022-07-12 00:08:35.506,0,train,56.15970700219346,0
normal,N0068,2561,24,50,2022-07-12 00:08:35.606,0,train,50.757053019362885,0
normal,N0068,2562,25,50,2022-07-12 00:08:35.706,0,train,40.260136567493575,0
normal,N0068,2563,26,50,2022-07-12 00:08:35.806,0,train,32.87060774662305,0
normal,N0068,2564,27,50,2022-07-12 00:08:35.906,0,train,38.878865342171274,0
normal,N0068,2565,28,50,2022-07-12 00:08:36.006,0,train,32.74144570235322,0
normal,N0068,2566,29,50,2022-07-12 00:08:36.106,0,train,36.58320291873353,0
normal,N0068,2567,30,50,2022-07-12 00:08:36.206,0,train,32.19537674592556,0
normal,N0068,2568,31,50,2022-07-12 00:08:36.306,0,train,39.896084050918965,0
normal,N0068,2569,32,50,2022-07-12 00:08:36.406,0,train,65.82464786239537,0
normal,N0068,2570,33,50,2022-07-12 00:08:36.506,0,train,56.73031883333816,0
normal,N0068,2571,34,50,2022-07-12 00:08:36.606,0,train,35.98899961017767,0
normal,N0068,2572,35,50,2022-07-12 00:08:36.706,0,train,48.25044826488877,0
normal,N0068,2573,36,50,2022-07-12 00:08:36.806,0,train,43.43253019750605,0
normal,N0068,2574,37,50,2022-07-12 00:08:36.906,0,train,33.822331870159815,0
normal,N0068,2575,38,50,2022-07-12 00:08:37.006,0,train,32.343883661427554,0
normal,N0068,2576,39,50,2022-07-12 00:08:37.106,0,train,41.85941593181816,0
normal,N0068,2577,40,50,2022-07-12 00:08:37.206,0,train,43.42303257726682,0
normal,N0068,2578,41,50,2022-07-12 00:08:37.306,0,train,49.52608641008844,0
normal,N0068,2579,42,50,2022-07-12 00:08:37.406,0,train,39.981586226638306,0
normal,N0068,2580,43,50,2022-07-12 00:08:37.506,0,train,51.48157267641672,0
normal,N0068,2581,44,50,2022-07-12 00:08:37.606,0,train,49.60812511789744,0
normal,N0068,2582,45,50,2022-07-12 00:08:37.706,0,train,42.22146851075154,0
normal,N0068,2583,46,50,2022-07-12 00:08:37.806,0,train,36.536835735163905,0
normal,N0068,2584,47,50,2022-07-12 00:08:37.906,0,train,37.33765915886598,0
normal,N0068,2585,48,50,2022-07-12 00:08:38.006,0,train,40.889220238248136,0
normal,N0068,2586,49,50,2022-07-12 00:08:38.106,0,train,58.135665735226844,0
normal,N0069,2596,9,50,2022-07-12 00:08:40.856,0,train,66.15733679224071,0
normal,N0069,2597,10,50,2022-07-12 00:08:40.956,0,train,74.23552670828633,0
normal,N0069,2598,11,50,2022-07-12 00:08:41.056,0,train,62.38738074295224,0
normal,N0069,2599,12,50,2022-07-12 00:08:41.156,0,train,60.95366057879477,0
normal,N0069,2600,13,50,2022-07-12 00:08:41.256,0,train,68.41603252584311,0
normal,N0069,2601,14,50,2022-07-12 00:08:41.356,0,train,56.55880841778553,0
normal,N0069,2602,15,50,2022-07-12 00:08:41.456,0,train,73.7314810266147,0
normal,N0069,2603,16,50,2022-07-12 00:08:41.556,0,train,60.22220131278144,0
normal,N0069,2604,17,50,2022-07-12 00:08:41.656,0,train,43.824122187740485,0
normal,N0069,2605,18,50,2022-07-12 00:08:41.756,0,train,53.39454618956488,0
normal,N0069,2606,19,50,2022-07-12 00:08:41.856,0,train,53.40709959791037,0
normal,N0069,2607,20,50,2022-07-12 00:08:41.956,0,train,42.55488640739627,0
normal,N0069,2608,21,50,2022-07-12 00:08:42.056,0,train,46.90926205001726,0
normal,N0069,2609,22,50,2022-07-12 00:08:42.156,0,train,53.4749374246788,0
normal,N0069,2610,23,50,2022-07-12 00:08:42.256,0,train,50.4374133128105,0
normal,N0069,2611,24,50,2022-07-12 00:08:42.356,0,train,47.112803240350615,0
normal,N0069,2612,25,50,2022-07-12 00:08:42.456,0,train,45.89187698895957,0
normal,N0069,2613,26,50,2022-07-12 00:08:42.556,0,train,46.018415765155076,0
normal,N0069,2614,27,50,2022-07-12 00:08:42.656,0,train,47.0297972270309,0
normal,N0069,2615,28,50,2022-07-12 00:08:42.756,0,train,62.770036974851074,0
normal,N0069,2616,29,50,2022-07-12 00:08:42.856,0,train,58.89501746418731,0
normal,N0069,2617,30,50,2022-07-12 00:08:42.956,0,train,53.58286543517381,0
normal,N0069,2618,31,50,2022-07-12 00:08:43.056,0,train,63.37325057897121,0
normal,N0069,2619,32,50,2022-07-12 00:08:43.156,0,train,63.18475623679611,0
normal,N0069,2620,33,50,2022-07-12 00:08:43.256,0,train,56.744273204304356,0
normal,N0069,2621,34,50,2022-07-12 00:08:43.356,0,train,61.23420769828288,0
normal,N0069,2622,35,50,2022-07-12 00:08:43.456,0,train,32.55506711556616,0
normal,N0069,2623,36,50,2022-07-12 00:08:43.556,0,train,44.0559258219912,0
normal,N0069,2624,37,50,2022-07-12 00:08:43.656,0,train,48.001301576883584,0
normal,N0069,2625,38,50,2022-07-12 00:08:43.756,0,train,43.63447251239069,0
normal,N0069,2626,39,50,2022-07-12 00:08:43.856,0,train,54.57934758803794,0
normal,N0069,2627,40,50,2022-07-12 00:08:43.956,0,train,63.34423680417232,0
normal,N0069,2628,41,50,2022-07-12 00:08:44.056,0,train,49.87857129762885,0
normal,N0069,2629,42,50,2022-07-12 00:08:44.156,0,train,45.87986167258552,0
normal,N0069,2630,43,50,2022-07-12 00:08:44.256,0,train,37.65234037267046,0
normal,N0069,2631,44,50,2022-07-12 00:08:44.356,0,train,30.970532173693467,0
normal,N0069,2632,45,50,2022-07-12 00:08:44.456,0,train,28.409587245794892,0
normal,N0069,2633,46,50,2022-07-12 00:08:44.556,0,train,38.35822204406646,0
normal,N0069,2634,47,50,2022-07-12 00:08:44.656,0,train,35.39029245175798,0
normal,N0069,2635,48,50,2022-07-12 00:08:44.756,0,train,54.54744763058548,0
normal,N0069,2636,49,50,2022-07-12 00:08:44.856,0,train,39.17215939268415,0
normal,N0070,2646,9,50,2022-07-12 00:08:47.562,0,train,19.179459000172578,0
normal,N0070,2647,10,50,2022-07-12 00:08:47.662,0,train,16.442104229542366,0
normal,N0070,2648,11,50,2022-07-12 00:08:47.762,0,train,22.18049542848137,0
normal,N0070,2649,12,50,2022-07-12 00:08:47.862,0,train,24.548342424129913,0
normal,N0070,2650,13,50,2022-07-12 00:08:47.962,0,train,29.605236915502527,0
normal,N0070,2651,14,50,2022-07-12 00:08:48.062,0,train,20.819295792036726,0
normal,N0070,2652,15,50,2022-07-12 00:08:48.162,0,train,16.60052316668516,0
normal,N0070,2653,16,50,2022-07-12 00:08:48.262,0,train,24.39628640981058,0
normal,N0070,2654,17,50,2022-07-12 00:08:48.362,0,train,29.791293891968394,0
normal,N0070,2655,18,50,2022-07-12 00:08:48.462,0,train,32.11592384320536,0
normal,N0070,2656,19,50,2022-07-12 00:08:48.562,0,train,21.892374321412415,0
normal,N0070,2657,20,50,2022-07-12 00:08:48.662,0,train,17.805492804334868,0
normal,N0070,2658,21,50,2022-07-12 00:08:48.762,0,train,35.065123208509355,0
normal,N0070,2659,22,50,2022-07-12 00:08:48.862,0,train,34.51696439008891,0
normal,N0070,2660,23,50,2022-07-12 00:08:48.962,0,train,26.041309313564962,0
normal,N0070,2661,24,50,2022-07-12 00:08:49.062,0,train,26.33105465057677,0
normal,N0070,2662,25,50,2022-07-12 00:08:49.162,0,train,19.264619779765265,0
normal,N0070,2663,26,50,2022-07-12 00:08:49.262,0,train,17.685672838207896,0
normal,N0070,2664,27,50,2022-07-12 00:08:49.362,0,train,16.839871835335213,0
normal,N0070,2665,28,50,2022-07-12 00:08:49.462,0,train,21.242012033914346,0
normal,N0070,2666,29,50,2022-07-12 00:08:49.562,0,train,38.33826946535976,0
normal,N0070,2667,30,50,2022-07-12 00:08:49.662,0,train,30.440371137060982,0
normal,N0070,2668,31,50,2022-07-12 00:08:49.762,0,train,21.559093405872446,0
normal,N0070,2669,32,50,2022-07-12 00:08:49.862,0,train,18.81006094148641,0
normal,N0070,2670,33,50,2022-07-12 00:08:49.962,0,train,21.631208320571968,0
normal,N0070,2671,34,50,2022-07-12 00:08:50.062,0,train,21.109101625244374,0
normal,N0070,2672,35,50,2022-07-12 00:08:50.162,0,train,27.820843608703626,0
normal,N0070,2673,36,50,2022-07-12 00:08:50.262,0,train,18.05214004142346,0
normal,N0070,2674,37,50,2022-07-12 00:08:50.362,0,train,26.22116513948468,0
normal,N0070,2675,38,50,2022-07-12 00:08:50.462,0,train,29.209681689412076,0
normal,N0070,2676,39,50,2022-07-12 00:08:50.562,0,train,30.440368060686392,0
normal,N0070,2677,40,50,2022-07-12 00:08:50.662,0,train,31.70755873354183,0
normal,N0070,2678,41,50,2022-07-12 00:08:50.762,0,train,24.84142815555581,0
normal,N0070,2679,42,50,2022-07-12 00:08:50.862,0,train,24.02939324974512,0
normal,N0070,2680,43,50,2022-07-12 00:08:50.962,0,train,21.888381612817803,0
normal,N0070,2681,44,50,2022-07-12 00:08:51.062,0,train,18.230683870020957,0
normal,N0070,2682,45,50,2022-07-12 00:08:51.162,0,train,25.24774513101194,0
normal,N0070,2683,46,50,2022-07-12 00:08:51.262,0,train,46.30045810453458,0
normal,N0070,2684,47,50,2022-07-12 00:08:51.362,0,train,44.464328785538804,0
normal,N0070,2685,48,50,2022-07-12 00:08:51.462,0,train,21.837584967569125,0
normal,N0070,2686,49,50,2022-07-12 00:08:51.562,0,train,33.077901657981414,0
normal,N0071,2696,9,50,2022-07-12 00:08:54.380,0,train,41.32148483131141,0
normal,N0071,2697,10,50,2022-07-12 00:08:54.480,0,train,48.28098264112936,0
normal,N0071,2698,11,50,2022-07-12 00:08:54.580,0,train,36.672646282936974,0
normal,N0071,2699,12,50,2022-07-12 00:08:54.680,0,train,32.78535919843806,0
normal,N0071,2700,13,50,2022-07-12 00:08:54.780,0,train,29.807652931024748,0
normal,N0071,2701,14,50,2022-07-12 00:08:54.880,0,train,35.38018481470149,0
normal,N0071,2702,15,50,2022-07-12 00:08:54.980,0,train,30.962230441308964,0
normal,N0071,2703,16,50,2022-07-12 00:08:55.080,0,train,30.94466292691746,0
normal,N0071,2704,17,50,2022-07-12 00:08:55.180,0,train,32.23345831859644,0
normal,N0071,2705,18,50,2022-07-12 00:08:55.280,0,train,40.650748641566715,0
normal,N0071,2706,19,50,2022-07-12 00:08:55.380,0,train,29.66843725233132,0
normal,N0071,2707,20,50,2022-07-12 00:08:55.480,0,train,29.626514858136932,0
normal,N0071,2708,21,50,2022-07-12 00:08:55.580,0,train,23.223408217253116,0
normal,N0071,2709,22,50,2022-07-12 00:08:55.680,0,train,30.485666891581346,0
normal,N0071,2710,23,50,2022-07-12 00:08:55.780,0,train,33.51986202223254,0
normal,N0071,2711,24,50,2022-07-12 00:08:55.880,0,train,28.16082405056304,0
normal,N0071,2712,25,50,2022-07-12 00:08:55.980,0,train,35.93610480688344,0
normal,N0071,2713,26,50,2022-07-12 00:08:56.080,0,train,55.39304820232782,0
normal,N0071,2714,27,50,2022-07-12 00:08:56.180,0,train,41.8723077654369,0
normal,N0071,2715,28,50,2022-07-12 00:08:56.280,0,train,39.326747094886315,0
normal,N0071,2716,29,50,2022-07-12 00:08:56.380,0,train,35.74022464562552,0
normal,N0071,2717,30,50,2022-07-12 00:08:56.480,0,train,35.11369288061778,0
normal,N0071,2718,31,50,2022-07-12 00:08:56.580,0,train,44.0738940681169,0
normal,N0071,2719,32,50,2022-07-12 00:08:56.680,0,train,25.677519610793357,0
normal,N0071,2720,33,50,2022-07-12 00:08:56.780,0,train,27.399554140482532,0
normal,N0071,2721,34,50,2022-07-12 00:08:56.880,0,train,37.673478389172935,0
normal,N0071,2722,35,50,2022-07-12 00:08:56.980,0,train,49.28809876699617,0
normal,N0071,2723,36,50,2022-07-12 00:08:57.080,0,train,44.34346585265906,0
normal,N0071,2724,37,50,2022-07-12 00:08:57.180,0,train,68.3858202807933,0
normal,N0071,2725,38,50,2022-07-12 00:08:57.280,0,train,66.84435190214322,0
normal,N0071,2726,39,50,2022-07-12 00:08:57.380,0,train,92.46328185527265,0
normal,N0071,2727,40,50,2022-07-12 00:08:57.480,0,train,110.1018989408718,0
normal,N0071,2728,41,50,2022-07-12 00:08:57.580,0,train,81.98488929747508,0
normal,N0071,2729,42,50,2022-07-12 00:08:57.680,0,train,51.56631440667364,0
normal,N0071,2730,43,50,2022-07-12 00:08:57.780,0,train,51.557698088933115,0
normal,N0071,2731,44,50,2022-07-12 00:08:57.880,0,train,41.42116092195096,0
normal,N0071,2732,45,50,2022-07-12 00:08:57.980,0,train,39.034744577033926,0
normal,N0071,2733,46,50,2022-07-12 00:08:58.080,0,train,47.10563351396903,0
normal,N0071,2734,47,50,2022-07-12 00:08:58.180,0,train,36.7051156502007,0
normal,N0071,2735,48,50,2022-07-12 00:08:58.280,0,train,33.817383434688864,0
normal,N0071,2736,49,50,2022-07-12 00:08:58.380,0,train,40.574145220892774,0
normal,N0073,2796,9,50,2022-07-12 00:09:07.733,0,train,77.06360849763838,0
normal,N0073,2797,10,50,2022-07-12 00:09:07.833,0,train,96.36354056179404,0
normal,N0073,2798,11,50,2022-07-12 00:09:07.933,0,train,81.627430091037,0
normal,N0073,2799,12,50,2022-07-12 00:09:08.033,0,train,58.394679765784716,0
normal,N0073,2800,13,50,2022-07-12 00:09:08.133,0,train,63.30639799959506,0
normal,N0073,2801,14,50,2022-07-12 00:09:08.233,0,train,37.40578455012114,0
normal,N0073,2802,15,50,2022-07-12 00:09:08.333,0,train,31.562024570831813,0
normal,N0073,2803,16,50,2022-07-12 00:09:08.433,0,train,34.1192104065845,0
normal,N0073,2804,17,50,2022-07-12 00:09:08.533,0,train,40.451095672829,0
normal,N0073,2805,18,50,2022-07-12 00:09:08.633,0,train,52.06765341217533,0
normal,N0073,2806,19,50,2022-07-12 00:09:08.733,0,train,31.361509007904708,0
normal,N0073,2807,20,50,2022-07-12 00:09:08.833,0,train,41.28884440032749,0
normal,N0073,2808,21,50,2022-07-12 00:09:08.933,0,train,35.69898726505724,0
normal,N0073,2809,22,50,2022-07-12 00:09:09.033,0,train,42.25011271285389,0
normal,N0073,2810,23,50,2022-07-12 00:09:09.133,0,train,36.180779572617865,0
normal,N0073,2811,24,50,2022-07-12 00:09:09.233,0,train,37.409889102540575,0
normal,N0073,2812,25,50,2022-07-12 00:09:09.333,0,train,29.015531074819712,0
normal,N0073,2813,26,50,2022-07-12 00:09:09.433,0,train,26.12747268888961,0
normal,N0073,2814,27,50,2022-07-12 00:09:09.533,0,train,25.17683053391184,0
normal,N0073,2815,28,50,2022-07-12 00:09:09.633,0,train,37.73183032149193,0
normal,N0073,2816,29,50,2022-07-12 00:09:09.733,0,train,38.01686695041005,0
normal,N0073,2817,30,50,2022-07-12 00:09:09.833,0,train,32.85489990221571,0
normal,N0073,2818,31,50,2022-07-12 00:09:09.933,0,train,38.596262529198555,0
normal,N0073,2819,32,50,2022-07-12 00:09:10.033,0,train,28.28131970534988,0
normal,N0073,2820,33,50,2022-07-12 00:09:10.133,0,train,26.619872937558547,0
normal,N0073,2821,34,50,2022-07-12 00:09:10.233,0,train,38.125244774977666,0
normal,N0073,2822,35,50,2022-07-12 00:09:10.333,0,train,33.75557273572194,0
normal,N0073,2823,36,50,2022-07-12 00:09:10.433,0,train,41.5164822970674,0
normal,N0073,2824,37,50,2022-07-12 00:09:10.533,0,train,54.628295747922124,0
normal,N0073,2825,38,50,2022-07-12 00:09:10.633,0,train,37.06841375718282,0
normal,N0073,2826,39,50,2022-07-12 00:09:10.733,0,train,37.844112436995424,0
normal,N0073,2827,40,50,2022-07-12 00:09:10.833,0,train,47.28223262643393,0
normal,N0073,2828,41,50,2022-07-12 00:09:10.933,0,train,62.122932507677525,0
normal,N0073,2829,42,50,2022-07-12 00:09:11.033,0,train,102.46034524073782,0
normal,N0073,2830,43,50,2022-07-12 00:09:11.133,0,train,104.04193574205826,0
normal,N0073,2831,44,50,2022-07-12 00:09:11.233,0,train,57.72870474775753,0
normal,N0073,2832,45,50,2022-07-12 00:09:11.333,0,train,127.81201327571338,0
normal,N0073,2833,46,50,2022-07-12 00:09:11.433,0,train,89.03656106353735,0
normal,N0073,2834,47,50,2022-07-12 00:09:11.533,0,train,68.50151375833158,0
normal,N0073,2835,48,50,2022-07-12 00:09:11.633,0,train,75.29497884520977,0
normal,N0073,2836,49,50,2022-07-12 00:09:11.733,0,train,82.46795950542939,0
normal,N0074,2846,9,50,2022-07-12 00:09:14.336,0,train,34.64678354500026,0
normal,N0074,2847,10,50,2022-07-12 00:09:14.436,0,train,40.36204392552282,0
normal,N0074,2848,11,50,2022-07-12 00:09:14.536,0,train,43.17482964501053,0
normal,N0074,2849,12,50,2022-07-12 00:09:14.636,0,train,43.11279843114867,0
normal,N0074,2850,13,50,2022-07-12 00:09:14.736,0,train,88.80191429790791,0
normal,N0074,2851,14,50,2022-07-12 00:09:14.836,0,train,42.560206277182054,0
normal,N0074,2852,15,50,2022-07-12 00:09:14.936,0,train,45.473926946341784,0
normal,N0074,2853,16,50,2022-07-12 00:09:15.036,0,train,52.8407294298992,0
normal,N0074,2854,17,50,2022-07-12 00:09:15.136,0,train,40.91678652836691,0
normal,N0074,2855,18,50,2022-07-12 00:09:15.236,0,train,47.13063482104067,0
normal,N0074,2856,19,50,2022-07-12 00:09:15.336,0,train,46.08106983646161,0
normal,N0074,2857,20,50,2022-07-12 00:09:15.436,0,train,41.404434394968995,0
normal,N0074,2858,21,50,2022-07-12 00:09:15.536,0,train,55.34434760164938,0
normal,N0074,2859,22,50,2022-07-12 00:09:15.636,0,train,50.97273869866155,0
normal,N0074,2860,23,50,2022-07-12 00:09:15.736,0,train,28.086632302321327,0
normal,N0074,2861,24,50,2022-07-12 00:09:15.836,0,train,28.60025119623273,0
normal,N0074,2862,25,50,2022-07-12 00:09:15.936,0,train,27.27001476523219,0
normal,N0074,2863,26,50,2022-07-12 00:09:16.036,0,train,24.720089805270547,0
normal,N0074,2864,27,50,2022-07-12 00:09:16.136,0,train,26.483919616740117,0
normal,N0074,2865,28,50,2022-07-12 00:09:16.236,0,train,44.99944704710066,0
normal,N0074,2866,29,50,2022-07-12 00:09:16.336,0,train,42.90370337777957,0
normal,N0074,2867,30,50,2022-07-12 00:09:16.436,0,train,54.55127131999262,0
normal,N0074,2868,31,50,2022-07-12 00:09:16.536,0,train,41.192543950641706,0
normal,N0074,2869,32,50,2022-07-12 00:09:16.636,0,train,36.95931589719832,0
normal,N0074,2870,33,50,2022-07-12 00:09:16.736,0,train,51.42963498953366,0
normal,N0074,2871,34,50,2022-07-12 00:09:16.836,0,train,49.20365204407948,0
normal,N0074,2872,35,50,2022-07-12 00:09:16.936,0,train,47.19342360372054,0
normal,N0074,2873,36,50,2022-07-12 00:09:17.036,0,train,45.77204475223703,0
normal,N0074,2874,37,50,2022-07-12 00:09:17.136,0,train,38.066506045217004,0
normal,N0074,2875,38,50,2022-07-12 00:09:17.236,0,train,68.69154896524236,0
normal,N0074,2876,39,50,2022-07-12 00:09:17.336,0,train,65.3170742197159,0
normal,N0074,2877,40,50,2022-07-12 00:09:17.436,0,train,34.9357563259896,0
normal,N0074,2878,41,50,2022-07-12 00:09:17.536,0,train,42.61435675756958,0
normal,N0074,2879,42,50,2022-07-12 00:09:17.636,0,train,37.99926840295723,0
normal,N0074,2880,43,50,2022-07-12 00:09:17.736,0,train,33.213443675097864,0
normal,N0074,2881,44,50,2022-07-12 00:09:17.836,0,train,38.03348030250791,0
normal,N0074,2882,45,50,2022-07-12 00:09:17.936,0,train,34.042398431790765,0
normal,N0074,2883,46,50,2022-07-12 00:09:18.036,0,train,56.15171386019615,0
normal,N0074,2884,47,50,2022-07-12 00:09:18.136,0,train,49.10677195918105,0
normal,N0074,2885,48,50,2022-07-12 00:09:18.236,0,train,43.496752386249334,0
normal,N0074,2886,49,50,2022-07-12 00:09:18.336,0,train,32.15069044223006,0
normal,N0075,2896,9,50,2022-07-12 00:09:20.984,0,train,28.460289748092087,0
normal,N0075,2897,10,50,2022-07-12 00:09:21.084,0,train,23.79407363428697,0
normal,N0075,2898,11,50,2022-07-12 00:09:21.184,0,train,39.82635678875773,0
normal,N0075,2899,12,50,2022-07-12 00:09:21.284,0,train,24.841721712601185,0
normal,N0075,2900,13,50,2022-07-12 00:09:21.384,0,train,17.801836134506722,0
normal,N0075,2901,14,50,2022-07-12 00:09:21.484,0,train,23.001182371240258,0
normal,N0075,2902,15,50,2022-07-12 00:09:21.584,0,train,19.00162528619445,0
normal,N0075,2903,16,50,2022-07-12 00:09:21.684,0,train,22.488311513934384,0
normal,N0075,2904,17,50,2022-07-12 00:09:21.784,0,train,28.190067377266832,0
normal,N0075,2905,18,50,2022-07-12 00:09:21.884,0,train,30.188846783220065,0
normal,N0075,2906,19,50,2022-07-12 00:09:21.984,0,train,29.635941709638505,0
normal,N0075,2907,20,50,2022-07-12 00:09:22.084,0,train,24.892780538009504,0
normal,N0075,2908,21,50,2022-07-12 00:09:22.184,0,train,26.636531444188847,0
normal,N0075,2909,22,50,2022-07-12 00:09:22.284,0,train,33.24928176520746,0
normal,N0075,2910,23,50,2022-07-12 00:09:22.384,0,train,27.057763623359083,0
normal,N0075,2911,24,50,2022-07-12 00:09:22.484,0,train,33.914989765600374,0
normal,N0075,2912,25,50,2022-07-12 00:09:22.584,0,train,33.59503442228131,0
normal,N0075,2913,26,50,2022-07-12 00:09:22.684,0,train,27.690551851960457,0
normal,N0075,2914,27,50,2022-07-12 00:09:22.784,0,train,35.60373017495612,0
normal,N0075,2915,28,50,2022-07-12 00:09:22.884,0,train,39.45934497837257,0
normal,N0075,2916,29,50,2022-07-12 00:09:22.984,0,train,34.09825677223685,0
normal,N0075,2917,30,50,2022-07-12 00:09:23.084,0,train,25.149058351205795,0
normal,N0075,2918,31,50,2022-07-12 00:09:23.184,0,train,25.469825781763685,0
normal,N0075,2919,32,50,2022-07-12 00:09:23.284,0,train,42.49860936431482,0
normal,N0075,2920,33,50,2022-07-12 00:09:23.384,0,train,42.99140158729631,0
normal,N0075,2921,34,50,2022-07-12 00:09:23.484,0,train,26.753018020963804,0
normal,N0075,2922,35,50,2022-07-12 00:09:23.584,0,train,35.492807788280096,0
normal,N0075,2923,36,50,2022-07-12 00:09:23.684,0,train,49.35985305644017,0
normal,N0075,2924,37,50,2022-07-12 00:09:23.784,0,train,26.72262859979869,0
normal,N0075,2925,38,50,2022-07-12 00:09:23.884,0,train,31.12613247575643,0
normal,N0075,2926,39,50,2022-07-12 00:09:23.984,0,train,36.13825460346385,0
normal,N0075,2927,40,50,2022-07-12 00:09:24.084,0,train,31.02137237680705,0
normal,N0075,2928,41,50,2022-07-12 00:09:24.184,0,train,24.133168681831936,0
normal,N0075,2929,42,50,2022-07-12 00:09:24.284,0,train,23.10708520927613,0
normal,N0075,2930,43,50,2022-07-12 00:09:24.384,0,train,25.96799237207114,0
normal,N0075,2931,44,50,2022-07-12 00:09:24.484,0,train,39.97796872157296,0
normal,N0075,2932,45,50,2022-07-12 00:09:24.584,0,train,28.756774381405172,0
normal,N0075,2933,46,50,2022-07-12 00:09:24.684,0,train,20.46023151189727,0
normal,N0075,2934,47,50,2022-07-12 00:09:24.784,0,train,24.217622203816617,0
normal,N0075,2935,48,50,2022-07-12 00:09:24.884,0,train,19.31484859737897,0
normal,N0075,2936,49,50,2022-07-12 00:09:24.984,0,train,22.281986490970088,0
normal,N0076,2946,9,50,2022-07-12 00:09:29.052,0,train,55.171122278393014,0
normal,N0076,2947,10,50,2022-07-12 00:09:29.152,0,train,46.95424662631274,0
normal,N0076,2948,11,50,2022-07-12 00:09:29.252,0,train,66.72401753421255,0
normal,N0076,2949,12,50,2022-07-12 00:09:29.352,0,train,77.46832247268036,0
normal,N0076,2950,13,50,2022-07-12 00:09:29.452,0,train,99.90514741015352,0
normal,N0076,2951,14,50,2022-07-12 00:09:29.552,0,train,98.73942923700925,0
normal,N0076,2952,15,50,2022-07-12 00:09:29.652,0,train,96.29642352304793,0
normal,N0076,2953,16,50,2022-07-12 00:09:29.752,0,train,70.45156494893857,0
normal,N0076,2954,17,50,2022-07-12 00:09:29.852,0,train,47.43816705150654,0
normal,N0076,2955,18,50,2022-07-12 00:09:29.952,0,train,43.29900620364735,0
normal,N0076,2956,19,50,2022-07-12 00:09:30.052,0,train,44.447564958395816,0
normal,N0076,2957,20,50,2022-07-12 00:09:30.152,0,train,54.729292028979756,0
normal,N0076,2958,21,50,2022-07-12 00:09:30.252,0,train,36.43382878664583,0
normal,N0076,2959,22,50,2022-07-12 00:09:30.352,0,train,37.822365358934725,0
normal,N0076,2960,23,50,2022-07-12 00:09:30.452,0,train,35.869107773517506,0
normal,N0076,2961,24,50,2022-07-12 00:09:30.552,0,train,32.92369391863345,0
normal,N0076,2962,25,50,2022-07-12 00:09:30.652,0,train,35.52445794969439,0
normal,N0076,2963,26,50,2022-07-12 00:09:30.752,0,train,46.93137786208781,0
normal,N0076,2964,27,50,2022-07-12 00:09:30.852,0,train,37.79218570135054,0
normal,N0076,2965,28,50,2022-07-12 00:09:30.952,0,train,72.96139327491227,0
normal,N0076,2966,29,50,2022-07-12 00:09:31.052,0,train,37.54717187889908,0
normal,N0076,2967,30,50,2022-07-12 00:09:31.152,0,train,33.75552571308146,0
normal,N0076,2968,31,50,2022-07-12 00:09:31.252,0,train,31.322116097013872,0
normal,N0076,2969,32,50,2022-07-12 00:09:31.352,0,train,45.35464215991287,0
normal,N0076,2970,33,50,2022-07-12 00:09:31.452,0,train,42.0673111101349,0
normal,N0076,2971,34,50,2022-07-12 00:09:31.552,0,train,46.12326447301788,0
normal,N0076,2972,35,50,2022-07-12 00:09:31.652,0,train,32.985725094514045,0
normal,N0076,2973,36,50,2022-07-12 00:09:31.752,0,train,47.77995452640846,0
normal,N0076,2974,37,50,2022-07-12 00:09:31.852,0,train,67.23370370863285,0
normal,N0076,2975,38,50,2022-07-12 00:09:31.952,0,train,48.153527932177006,0
normal,N0076,2976,39,50,2022-07-12 00:09:32.052,0,train,78.03045054649375,0
normal,N0076,2977,40,50,2022-07-12 00:09:32.152,0,train,67.3119577558388,0
normal,N0076,2978,41,50,2022-07-12 00:09:32.252,0,train,39.750500671760875,0
normal,N0076,2979,42,50,2022-07-12 00:09:32.352,0,train,45.10461349725297,0
normal,N0076,2980,43,50,2022-07-12 00:09:32.452,0,train,58.56121586248432,0
normal,N0076,2981,44,50,2022-07-12 00:09:32.552,0,train,58.24024223536531,0
normal,N0076,2982,45,50,2022-07-12 00:09:32.652,0,train,53.7550553357009,0
normal,N0076,2983,46,50,2022-07-12 00:09:32.752,0,train,34.901481637317225,0
normal,N0076,2984,47,50,2022-07-12 00:09:32.852,0,train,28.398118589867007,0
normal,N0076,2985,48,50,2022-07-12 00:09:32.952,0,train,46.052239105760904,0
normal,N0076,2986,49,50,2022-07-12 00:09:33.052,0,train,40.165665042340024,0
normal,N0078,3008,9,50,2022-07-12 00:09:42.591,0,train,31.371037815691256,0
normal,N0078,3009,10,50,2022-07-12 00:09:42.691,0,train,27.510640852550214,0
normal,N0078,3010,11,50,2022-07-12 00:09:42.791,0,train,29.171561793569175,0
normal,N0078,3011,12,50,2022-07-12 00:09:42.891,0,train,28.65847584498153,0
normal,N0078,3012,13,50,2022-07-12 00:09:42.991,0,train,28.84946164017153,0
normal,N0078,3013,14,50,2022-07-12 00:09:43.091,0,train,24.98305893621102,0
normal,N0078,3014,15,50,2022-07-12 00:09:43.191,0,train,24.426510343183434,0
normal,N0078,3015,16,50,2022-07-12 00:09:43.291,0,train,37.74427900659597,0
normal,N0078,3016,17,50,2022-07-12 00:09:43.391,0,train,36.363815562236546,0
normal,N0078,3017,18,50,2022-07-12 00:09:43.491,0,train,26.889194503333453,0
normal,N0078,3018,19,50,2022-07-12 00:09:43.591,0,train,22.55637527097189,0
normal,N0078,3019,20,50,2022-07-12 00:09:43.691,0,train,17.912353430480767,0
normal,N0078,3020,21,50,2022-07-12 00:09:43.791,0,train,16.12231976121116,0
normal,N0078,3021,22,50,2022-07-12 00:09:43.891,0,train,25.78341328799405,0
normal,N0078,3022,23,50,2022-07-12 00:09:43.991,0,train,38.26920898511066,0
normal,N0078,3023,24,50,2022-07-12 00:09:44.091,0,train,34.54869044407437,0
normal,N0078,3024,25,50,2022-07-12 00:09:44.191,0,train,36.16365494247503,0
normal,N0078,3025,26,50,2022-07-12 00:09:44.291,0,train,31.108180994316402,0
normal,N0078,3026,27,50,2022-07-12 00:09:44.391,0,train,34.536696420969356,0
normal,N0078,3027,28,50,2022-07-12 00:09:44.491,0,train,55.68912579434874,0
normal,N0078,3028,29,50,2022-07-12 00:09:44.591,0,train,50.054531443930266,0
normal,N0078,3029,30,50,2022-07-12 00:09:44.691,0,train,40.19609665392788,0
normal,N0078,3030,31,50,2022-07-12 00:09:44.791,0,train,28.239652978926724,0
normal,N0078,3031,32,50,2022-07-12 00:09:44.891,0,train,23.238273348963673,0
normal,N0078,3032,33,50,2022-07-12 00:09:44.991,0,train,31.610462358042344,0
normal,N0078,3033,34,50,2022-07-12 00:09:45.091,0,train,40.33209474595296,0
normal,N0078,3034,35,50,2022-07-12 00:09:45.191,0,train,26.470471665055353,0
normal,N0078,3035,36,50,2022-07-12 00:09:45.291,0,train,37.63235108097179,0
normal,N0078,3036,37,50,2022-07-12 00:09:45.391,0,train,34.494130647599555,0
normal,N0078,3037,38,50,2022-07-12 00:09:45.491,0,train,31.927565005976962,0
normal,N0078,3038,39,50,2022-07-12 00:09:45.591,0,train,35.73816816710652,0
normal,N0078,3039,40,50,2022-07-12 00:09:45.691,0,train,32.49505930463687,0
normal,N0078,3040,41,50,2022-07-12 00:09:45.791,0,train,30.551354733968218,0
normal,N0078,3041,42,50,2022-07-12 00:09:45.891,0,train,39.49854905110486,0
normal,N0078,3042,43,50,2022-07-12 00:09:45.991,0,train,28.722070954530594,0
normal,N0078,3043,44,50,2022-07-12 00:09:46.091,0,train,36.038999766413355,0
normal,N0078,3044,45,50,2022-07-12 00:09:46.191,0,train,30.294751152721016,0
normal,N0078,3045,46,50,2022-07-12 00:09:46.291,0,train,20.34969094719688,0
normal,N0078,3046,47,50,2022-07-12 00:09:46.391,0,train,18.465485519319657,0
normal,N0078,3047,48,50,2022-07-12 00:09:46.491,0,train,28.372720624425106,0
normal,N0078,3048,49,50,2022-07-12 00:09:46.591,0,train,29.653720704474498,0
normal,N0079,3058,9,50,2022-07-12 00:09:49.266,0,train,59.01321401383003,0
normal,N0079,3059,10,50,2022-07-12 00:09:49.366,0,train,55.70992733866019,0
normal,N0079,3060,11,50,2022-07-12 00:09:49.466,0,train,72.13125479991056,0
normal,N0079,3061,12,50,2022-07-12 00:09:49.566,0,train,59.93736148096392,0
normal,N0079,3062,13,50,2022-07-12 00:09:49.666,0,train,52.831046612656266,0
normal,N0079,3063,14,50,2022-07-12 00:09:49.766,0,train,48.915259713322214,0
normal,N0079,3064,15,50,2022-07-12 00:09:49.866,0,train,49.4609857572811,0
normal,N0079,3065,16,50,2022-07-12 00:09:49.966,0,train,47.788800067421754,0
normal,N0079,3066,17,50,2022-07-12 00:09:50.066,0,train,46.77636441336264,0
normal,N0079,3067,18,50,2022-07-12 00:09:50.166,0,train,40.0317517777044,0
normal,N0079,3068,19,50,2022-07-12 00:09:50.266,0,train,77.42498185681214,0
normal,N0079,3069,20,50,2022-07-12 00:09:50.366,0,train,59.28164877854277,0
normal,N0079,3070,21,50,2022-07-12 00:09:50.466,0,train,51.93148096372165,0
normal,N0079,3071,22,50,2022-07-12 00:09:50.566,0,train,55.032405703405274,0
normal,N0079,3072,23,50,2022-07-12 00:09:50.666,0,train,64.22247055270647,0
normal,N0079,3073,24,50,2022-07-12 00:09:50.766,0,train,51.267727971299195,0
normal,N0079,3074,25,50,2022-07-12 00:09:50.866,0,train,64.2937657499015,0
normal,N0079,3075,26,50,2022-07-12 00:09:50.966,0,train,68.73995127708427,0
normal,N0079,3076,27,50,2022-07-12 00:09:51.066,0,train,78.03251299310321,0
normal,N0079,3077,28,50,2022-07-12 00:09:51.166,0,train,67.14718120933335,0
normal,N0079,3078,29,50,2022-07-12 00:09:51.266,0,train,48.17193288882694,0
normal,N0079,3079,30,50,2022-07-12 00:09:51.366,0,train,62.58982868425796,0
normal,N0079,3080,31,50,2022-07-12 00:09:51.466,0,train,56.069773376602825,0
normal,N0079,3081,32,50,2022-07-12 00:09:51.566,0,train,45.07075622304655,0
normal,N0079,3082,33,50,2022-07-12 00:09:51.666,0,train,49.63648620857255,0
normal,N0079,3083,34,50,2022-07-12 00:09:51.766,0,train,50.122492581450594,0
normal,N0079,3084,35,50,2022-07-12 00:09:51.866,0,train,29.866238763684137,0
normal,N0079,3085,36,50,2022-07-12 00:09:51.966,0,train,53.8025906585208,0
normal,N0079,3086,37,50,2022-07-12 00:09:52.066,0,train,45.83763724954686,0
normal,N0079,3087,38,50,2022-07-12 00:09:52.166,0,train,51.449047247793445,0
normal,N0079,3088,39,50,2022-07-12 00:09:52.266,0,train,67.88013255787891,0
normal,N0079,3089,40,50,2022-07-12 00:09:52.366,0,train,52.998253106658595,0
normal,N0079,3090,41,50,2022-07-12 00:09:52.466,0,train,45.46465246058928,0
normal,N0079,3091,42,50,2022-07-12 00:09:52.566,0,train,46.53498272800055,0
normal,N0079,3092,43,50,2022-07-12 00:09:52.666,0,train,37.156285578626374,0
normal,N0079,3093,44,50,2022-07-12 00:09:52.766,0,train,73.35745348156496,0
normal,N0079,3094,45,50,2022-07-12 00:09:52.866,0,train,39.19628171391572,0
normal,N0079,3095,46,50,2022-07-12 00:09:52.966,0,train,29.488696106746616,0
normal,N0079,3096,47,50,2022-07-12 00:09:53.066,0,train,35.8848263416003,0
normal,N0079,3097,48,50,2022-07-12 00:09:53.166,0,train,44.103768672247675,0
normal,N0079,3098,49,50,2022-07-12 00:09:53.266,0,train,61.43636971037344,0
normal,N0080,3108,9,42,2022-07-12 00:09:56.727,0,train,35.64534840992285,0
normal,N0080,3109,10,42,2022-07-12 00:09:56.827,0,train,19.580507067405225,0
normal,N0080,3110,11,42,2022-07-12 00:09:56.927,0,train,30.888426836411877,0
normal,N0080,3111,12,42,2022-07-12 00:09:57.027,0,train,27.14193764884493,0
normal,N0080,3112,13,42,2022-07-12 00:09:57.127,0,train,37.32946320868262,0
normal,N0080,3113,14,42,2022-07-12 00:09:57.227,0,train,27.664849721446675,0
normal,N0080,3114,15,42,2022-07-12 00:09:57.327,0,train,33.98987184905837,0
normal,N0080,3115,16,42,2022-07-12 00:09:57.427,0,train,22.036393425614587,0
normal,N0080,3116,17,42,2022-07-12 00:09:57.527,0,train,42.973824092419036,0
normal,N0080,3117,18,42,2022-07-12 00:09:57.627,0,train,38.33620184974802,0
normal,N0080,3118,19,42,2022-07-12 00:09:57.727,0,train,28.930512537853396,0
normal,N0080,3119,20,42,2022-07-12 00:09:57.827,0,train,28.445472460629272,0
normal,N0080,3120,21,42,2022-07-12 00:09:57.927,0,train,31.83086080061796,0
normal,N0080,3121,22,42,2022-07-12 00:09:58.027,0,train,31.641938579193045,0
normal,N0080,3122,23,42,2022-07-12 00:09:58.127,0,train,27.225641887940753,0
normal,N0080,3123,24,42,2022-07-12 00:09:58.227,0,train,31.247987894948118,0
normal,N0080,3124,25,42,2022-07-12 00:09:58.327,0,train,25.139058910674617,0
normal,N0080,3125,26,42,2022-07-12 00:09:58.427,0,train,27.40072269460152,0
normal,N0080,3126,27,42,2022-07-12 00:09:58.527,0,train,22.930616363431866,0
normal,N0080,3127,28,42,2022-07-12 00:09:58.627,0,train,37.49328601075839,0
normal,N0080,3128,29,42,2022-07-12 00:09:58.727,0,train,20.04696713961965,0
normal,N0080,3129,30,42,2022-07-12 00:09:58.827,0,train,16.22580045997942,0
normal,N0080,3130,31,42,2022-07-12 00:09:58.927,0,train,25.133977149794166,0
normal,N0080,3131,32,42,2022-07-12 00:09:59.027,0,train,34.79897174281898,0
normal,N0080,3132,33,42,2022-07-12 00:09:59.127,0,train,29.510545398140316,0
normal,N0080,3133,34,42,2022-07-12 00:09:59.227,0,train,44.208014383606645,0
normal,N0080,3134,35,42,2022-07-12 00:09:59.327,0,train,36.86096556490976,0
normal,N0080,3135,36,42,2022-07-12 00:09:59.427,0,train,46.46627873676624,0
normal,N0080,3136,37,42,2022-07-12 00:09:59.527,0,train,27.887527252161906,0
normal,N0080,3137,38,42,2022-07-12 00:09:59.627,0,train,22.75632212329218,0
normal,N0080,3138,39,42,2022-07-12 00:09:59.727,0,train,34.72955577828207,0
normal,N0080,3139,40,42,2022-07-12 00:09:59.827,0,train,21.73484245487533,0
normal,N0080,3140,41,42,2022-07-12 00:09:59.927,0,train,29.571966015618067,0
normal,N0081,3150,9,31,2022-07-12 00:10:04.767,0,train,38.30043327135035,0
normal,N0081,3151,10,31,2022-07-12 00:10:04.867,0,train,49.926873566047085,0
normal,N0081,3152,11,31,2022-07-12 00:10:04.967,0,train,24.43477113537673,0
normal,N0081,3153,12,31,2022-07-12 00:10:05.067,0,train,24.76477681924803,0
normal,N0081,3154,13,31,2022-07-12 00:10:05.167,0,train,28.94491774097679,0
normal,N0081,3155,14,31,2022-07-12 00:10:05.267,0,train,22.189309308963622,0
normal,N0081,3156,15,31,2022-07-12 00:10:05.367,0,train,24.987320534135062,0
normal,N0081,3157,16,31,2022-07-12 00:10:05.467,0,train,20.223509507017543,0
normal,N0081,3158,17,31,2022-07-12 00:10:05.567,0,train,21.49205853048903,0
normal,N0081,3159,18,31,2022-07-12 00:10:05.667,0,train,40.56800297001905,0
normal,N0081,3160,19,31,2022-07-12 00:10:05.767,0,train,27.794945924471573,0
normal,N0081,3161,20,31,2022-07-12 00:10:05.867,0,train,24.89663381799138,0
normal,N0081,3162,21,31,2022-07-12 00:10:05.967,0,train,35.046579701326344,0
normal,N0081,3163,22,31,2022-07-12 00:10:06.067,0,train,34.56281709237544,0
normal,N0081,3164,23,31,2022-07-12 00:10:06.167,0,train,33.71520139151899,0
normal,N0081,3165,24,31,2022-07-12 00:10:06.267,0,train,24.709551165949925,0
normal,N0081,3166,25,31,2022-07-12 00:10:06.367,0,train,23.962892054106444,0
normal,N0081,3167,26,31,2022-07-12 00:10:06.467,0,train,24.579437574341924,0
normal,N0081,3168,27,31,2022-07-12 00:10:06.567,0,train,64.52935974442146,0
normal,N0081,3169,28,31,2022-07-12 00:10:06.667,0,train,44.27581800869776,0
normal,N0081,3170,29,31,2022-07-12 00:10:06.767,0,train,42.1396214288156,0
normal,N0081,3171,30,31,2022-07-12 00:10:06.867,0,train,47.00486030211163,0
normal,N0084,3202,9,50,2022-07-12 00:10:29.556,0,train,44.54857014930803,0
normal,N0084,3203,10,50,2022-07-12 00:10:29.656,0,train,34.56370973559225,0
normal,N0084,3204,11,50,2022-07-12 00:10:29.756,0,train,26.809807810568163,0
normal,N0084,3205,12,50,2022-07-12 00:10:29.856,0,train,40.104839772729925,0
normal,N0084,3206,13,50,2022-07-12 00:10:29.956,0,train,38.23956950605041,0
normal,N0084,3207,14,50,2022-07-12 00:10:30.056,0,train,31.77791354647133,0
normal,N0084,3208,15,50,2022-07-12 00:10:30.156,0,train,37.58013042393878,0
normal,N0084,3209,16,50,2022-07-12 00:10:30.256,0,train,28.00305567723877,0
normal,N0084,3210,17,50,2022-07-12 00:10:30.356,0,train,45.419853313592306,0
normal,N0084,3211,18,50,2022-07-12 00:10:30.456,0,train,45.754109636940036,0
normal,N0084,3212,19,50,2022-07-12 00:10:30.556,0,train,38.97398625957607,0
normal,N0084,3213,20,50,2022-07-12 00:10:30.656,0,train,37.06724608634278,0
normal,N0084,3214,21,50,2022-07-12 00:10:30.756,0,train,34.13021581478766,0
normal,N0084,3215,22,50,2022-07-12 00:10:30.856,0,train,30.757801986148735,0
normal,N0084,3216,23,50,2022-07-12 00:10:30.956,0,train,27.66648098687087,0
normal,N0084,3217,24,50,2022-07-12 00:10:31.056,0,train,30.48142223053327,0
normal,N0084,3218,25,50,2022-07-12 00:10:31.156,0,train,46.97110753191882,0
normal,N0084,3219,26,50,2022-07-12 00:10:31.256,0,train,74.52005078464578,0
normal,N0084,3220,27,50,2022-07-12 00:10:31.356,0,train,40.90632281776191,0
normal,N0084,3221,28,50,2022-07-12 00:10:31.456,0,train,35.57559010538384,0
normal,N0084,3222,29,50,2022-07-12 00:10:31.556,0,train,44.11543245146397,0
normal,N0084,3223,30,50,2022-07-12 00:10:31.656,0,train,40.807362649759156,0
normal,N0084,3224,31,50,2022-07-12 00:10:31.756,0,train,33.90340660711659,0
normal,N0084,3225,32,50,2022-07-12 00:10:31.856,0,train,34.76030703527011,0
normal,N0084,3226,33,50,2022-07-12 00:10:31.956,0,train,47.56711047003545,0
normal,N0084,3227,34,50,2022-07-12 00:10:32.056,0,train,45.547455271948074,0
normal,N0084,3228,35,50,2022-07-12 00:10:32.156,0,train,41.751941656479545,0
normal,N0084,3229,36,50,2022-07-12 00:10:32.256,0,train,41.11803754251878,0
normal,N0084,3230,37,50,2022-07-12 00:10:32.356,0,train,36.19835740586286,0
normal,N0084,3231,38,50,2022-07-12 00:10:32.456,0,train,35.28781298649487,0
normal,N0084,3232,39,50,2022-07-12 00:10:32.556,0,train,44.40328421095391,0
normal,N0084,3233,40,50,2022-07-12 00:10:32.656,0,train,29.13861089847511,0
normal,N0084,3234,41,50,2022-07-12 00:10:32.756,0,train,34.934077342922045,0
normal,N0084,3235,42,50,2022-07-12 00:10:32.856,0,train,34.63741892862533,0
normal,N0084,3236,43,50,2022-07-12 00:10:32.956,0,train,54.50521839283502,0
normal,N0084,3237,44,50,2022-07-12 00:10:33.056,0,train,37.2101576757595,0
normal,N0084,3238,45,50,2022-07-12 00:10:33.156,0,train,37.181197702308594,0
normal,N0084,3239,46,50,2022-07-12 00:10:33.256,0,train,43.537800740638666,0
normal,N0084,3240,47,50,2022-07-12 00:10:33.356,0,train,36.103466507249266,0
normal,N0084,3241,48,50,2022-07-12 00:10:33.456,0,train,27.916251999494722,0
normal,N0084,3242,49,50,2022-07-12 00:10:33.556,0,train,35.74579786900776,0
normal,N0085,3252,9,46,2022-07-12 00:10:36.772,0,train,20.749315940788044,0
normal,N0085,3253,10,46,2022-07-12 00:10:36.872,0,train,21.60794232811365,0
normal,N0085,3254,11,46,2022-07-12 00:10:36.972,0,train,33.667318795328356,0
normal,N0085,3255,12,46,2022-07-12 00:10:37.072,0,train,23.13412701677009,0
normal,N0085,3256,13,46,2022-07-12 00:10:37.172,0,train,21.983840607815807,0
normal,N0085,3257,14,46,2022-07-12 00:10:37.272,0,train,25.176433695461714,0
normal,N0085,3258,15,46,2022-07-12 00:10:37.372,0,train,33.32090139925083,0
normal,N0085,3259,16,46,2022-07-12 00:10:37.472,0,train,32.381406171472015,0
normal,N0085,3260,17,46,2022-07-12 00:10:37.572,0,train,25.40314932618524,0
normal,N0085,3261,18,46,2022-07-12 00:10:37.672,0,train,38.39342857166457,0
normal,N0085,3262,19,46,2022-07-12 00:10:37.772,0,train,23.13394773959762,0
normal,N0085,3263,20,46,2022-07-12 00:10:37.872,0,train,16.48083133340691,0
normal,N0085,3264,21,46,2022-07-12 00:10:37.972,0,train,17.472764041653694,0
normal,N0085,3265,22,46,2022-07-12 00:10:38.072,0,train,19.088895182998442,0
normal,N0085,3266,23,46,2022-07-12 00:10:38.172,0,train,23.33169367169533,0
normal,N0085,3267,24,46,2022-07-12 00:10:38.272,0,train,27.027200839886483,0
normal,N0085,3268,25,46,2022-07-12 00:10:38.372,0,train,26.06486124254927,0
normal,N0085,3269,26,46,2022-07-12 00:10:38.472,0,train,23.83060334663643,0
normal,N0085,3270,27,46,2022-07-12 00:10:38.572,0,train,23.47882661893699,0
normal,N0085,3271,28,46,2022-07-12 00:10:38.672,0,train,24.248060475300992,0
normal,N0085,3272,29,46,2022-07-12 00:10:38.772,0,train,19.411900241791216,0
normal,N0085,3273,30,46,2022-07-12 00:10:38.872,0,train,18.2964261362331,0
normal,N0085,3274,31,46,2022-07-12 00:10:38.972,0,train,21.558269329537488,0
normal,N0085,3275,32,46,2022-07-12 00:10:39.072,0,train,22.63370787550157,0
normal,N0085,3276,33,46,2022-07-12 00:10:39.172,0,train,29.312230164188836,0
normal,N0085,3277,34,46,2022-07-12 00:10:39.272,0,train,17.43928122492052,0
normal,N0085,3278,35,46,2022-07-12 00:10:39.372,0,train,19.228066715756682,0
normal,N0085,3279,36,46,2022-07-12 00:10:39.472,0,train,25.01948985481235,0
normal,N0085,3280,37,46,2022-07-12 00:10:39.572,0,train,21.731845842482013,0
normal,N0085,3281,38,46,2022-07-12 00:10:39.672,0,train,17.60642001704709,0
normal,N0085,3282,39,46,2022-07-12 00:10:39.772,0,train,19.492826610260288,0
normal,N0085,3283,40,46,2022-07-12 00:10:39.872,0,train,23.84628541178445,0
normal,N0085,3284,41,46,2022-07-12 00:10:39.972,0,train,20.7409370934784,0
normal,N0085,3285,42,46,2022-07-12 00:10:40.072,0,train,22.061890656723953,0
normal,N0085,3286,43,46,2022-07-12 00:10:40.172,0,train,19.361885212385417,0
normal,N0085,3287,44,46,2022-07-12 00:10:40.272,0,train,24.302712604411607,0
normal,N0085,3288,45,46,2022-07-12 00:10:40.372,0,train,16.998237789028387,0
normal,N0086,3298,9,33,2022-07-12 00:10:44.751,0,train,73.12747270131943,0
normal,N0086,3299,10,33,2022-07-12 00:10:44.851,0,train,61.65255757746976,0
normal,N0086,3300,11,33,2022-07-12 00:10:44.951,0,train,40.900007743440554,0
normal,N0086,3301,12,33,2022-07-12 00:10:45.051,0,train,32.76314382768423,0
normal,N0086,3302,13,33,2022-07-12 00:10:45.151,0,train,37.45089392001349,0
normal,N0086,3303,14,33,2022-07-12 00:10:45.251,0,train,38.091674573282816,0
normal,N0086,3304,15,33,2022-07-12 00:10:45.351,0,train,39.1672970828118,0
normal,N0086,3305,16,33,2022-07-12 00:10:45.451,0,train,35.50585413201461,0
normal,N0086,3306,17,33,2022-07-12 00:10:45.551,0,train,39.87477957065213,0
normal,N0086,3307,18,33,2022-07-12 00:10:45.651,0,train,37.30006117612332,0
normal,N0086,3308,19,33,2022-07-12 00:10:45.751,0,train,33.2782913013262,0
normal,N0086,3309,20,33,2022-07-12 00:10:45.851,0,train,30.887078746418172,0
normal,N0086,3310,21,33,2022-07-12 00:10:45.951,0,train,26.315182598424265,0
normal,N0086,3311,22,33,2022-07-12 00:10:46.051,0,train,29.7755270246586,0
normal,N0086,3312,23,33,2022-07-12 00:10:46.151,0,train,29.6591650783357,0
normal,N0086,3313,24,33,2022-07-12 00:10:46.251,0,train,35.47588009222713,0
normal,N0086,3314,25,33,2022-07-12 00:10:46.351,0,train,33.11653830668602,0
normal,N0086,3315,26,33,2022-07-12 00:10:46.451,0,train,34.13917606160235,0
normal,N0086,3316,27,33,2022-07-12 00:10:46.551,0,train,44.91029568545838,0
normal,N0086,3317,28,33,2022-07-12 00:10:46.651,0,train,35.612437974581496,0
normal,N0086,3318,29,33,2022-07-12 00:10:46.751,0,train,34.929746346088855,0
normal,N0086,3319,30,33,2022-07-12 00:10:46.851,0,train,49.60055929792448,0
normal,N0086,3320,31,33,2022-07-12 00:10:46.951,0,train,48.93998933693477,0
normal,N0086,3321,32,33,2022-07-12 00:10:47.051,0,train,52.31180482497305,0
normal,N0088,3354,9,12,2022-07-12 00:11:00.656,0,train,21.72337950851331,0
normal,N0088,3355,10,12,2022-07-12 00:11:00.756,0,train,32.23499936581204,0
normal,N0088,3356,11,12,2022-07-12 00:11:00.856,0,train,28.63523512602043,0
normal,N0089,3366,9,50,2022-07-12 00:11:10.194,0,train,31.29295554589879,0
normal,N0089,3367,10,50,2022-07-12 00:11:10.294,0,train,26.339794085088197,0
normal,N0089,3368,11,50,2022-07-12 00:11:10.394,0,train,31.11008024777577,0
normal,N0089,3369,12,50,2022-07-12 00:11:10.494,0,train,37.33283216264902,0
normal,N0089,3370,13,50,2022-07-12 00:11:10.594,0,train,50.64537859780652,0
normal,N0089,3371,14,50,2022-07-12 00:11:10.694,0,train,78.67596344353997,0
normal,N0089,3372,15,50,2022-07-12 00:11:10.794,0,train,33.95158698347786,0
normal,N0089,3373,16,50,2022-07-12 00:11:10.894,0,train,44.86699526413351,0
normal,N0089,3374,17,50,2022-07-12 00:11:10.994,0,train,42.76240890134085,0
normal,N0089,3375,18,50,2022-07-12 00:11:11.094,0,train,38.18808470383655,0
normal,N0089,3376,19,50,2022-07-12 00:11:11.194,0,train,32.52724955898668,0
normal,N0089,3377,20,50,2022-07-12 00:11:11.294,0,train,42.12470168191851,0
normal,N0089,3378,21,50,2022-07-12 00:11:11.394,0,train,32.59054373370957,0
normal,N0089,3379,22,50,2022-07-12 00:11:11.494,0,train,55.77984112351977,0
normal,N0089,3380,23,50,2022-07-12 00:11:11.594,0,train,49.06760170656367,0
normal,N0089,3381,24,50,2022-07-12 00:11:11.694,0,train,45.257015010250164,0
normal,N0089,3382,25,50,2022-07-12 00:11:11.794,0,train,60.06806389467037,0
normal,N0089,3383,26,50,2022-07-12 00:11:11.894,0,train,57.166865832856615,0
normal,N0089,3384,27,50,2022-07-12 00:11:11.994,0,train,48.95096059722621,0
normal,N0089,3385,28,50,2022-07-12 00:11:12.094,0,train,37.27900050189588,0
normal,N0089,3386,29,50,2022-07-12 00:11:12.194,0,train,60.60912137251706,0
normal,N0089,3387,30,50,2022-07-12 00:11:12.294,0,train,79.00463293023617,0
normal,N0089,3388,31,50,2022-07-12 00:11:12.394,0,train,50.04171526354312,0
normal,N0089,3389,32,50,2022-07-12 00:11:12.494,0,train,41.31191597501502,0
normal,N0089,3390,33,50,2022-07-12 00:11:12.594,0,train,36.30517576164128,0
normal,N0089,3391,34,50,2022-07-12 00:11:12.694,0,train,40.92476129323333,0
normal,N0089,3392,35,50,2022-07-12 00:11:12.794,0,train,64.55097518114167,0
normal,N0089,3393,36,50,2022-07-12 00:11:12.894,0,train,54.51518859035091,0
normal,N0089,3394,37,50,2022-07-12 00:11:12.994,0,train,51.04907177753238,0
normal,N0089,3395,38,50,2022-07-12 00:11:13.094,0,train,43.476159183641634,0
normal,N0089,3396,39,50,2022-07-12 00:11:13.194,0,train,73.5947467846781,0
normal,N0089,3397,40,50,2022-07-12 00:11:13.294,0,train,37.83936920427153,0
normal,N0089,3398,41,50,2022-07-12 00:11:13.394,0,train,38.1326919785544,0
normal,N0089,3399,42,50,2022-07-12 00:11:13.494,0,train,52.00261845917507,0
normal,N0089,3400,43,50,2022-07-12 00:11:13.594,0,train,61.23275963523717,0
normal,N0089,3401,44,50,2022-07-12 00:11:13.694,0,train,65.22011394974749,0
normal,N0089,3402,45,50,2022-07-12 00:11:13.794,0,train,46.48842336665386,0
normal,N0089,3403,46,50,2022-07-12 00:11:13.894,0,train,35.97986870797089,0
normal,N0089,3404,47,50,2022-07-12 00:11:13.994,0,train,50.827156672947936,0
normal,N0089,3405,48,50,2022-07-12 00:11:14.094,0,train,62.67989348364486,0
normal,N0089,3406,49,50,2022-07-12 00:11:14.194,0,train,29.662264693753446,0
normal,N0090,3416,9,49,2022-07-12 00:11:16.940,0,train,30.353931978958812,0
normal,N0090,3417,10,49,2022-07-12 00:11:17.040,0,train,19.031460532620397,0
normal,N0090,3418,11,49,2022-07-12 00:11:17.140,0,train,29.53923425256021,0
normal,N0090,3419,12,49,2022-07-12 00:11:17.240,0,train,34.271586823981046,0
normal,N0090,3420,13,49,2022-07-12 00:11:17.340,0,train,14.734507323272373,0
normal,N0090,3421,14,49,2022-07-12 00:11:17.440,0,train,21.36225705483536,0
normal,N0090,3422,15,49,2022-07-12 00:11:17.540,0,train,19.86129215748401,0
normal,N0090,3423,16,49,2022-07-12 00:11:17.640,0,train,20.483764936896076,0
normal,N0090,3424,17,49,2022-07-12 00:11:17.740,0,train,26.108384670546013,0
normal,N0090,3425,18,49,2022-07-12 00:11:17.840,0,train,33.93081476337904,0
normal,N0090,3426,19,49,2022-07-12 00:11:17.940,0,train,39.14251615801766,0
normal,N0090,3427,20,49,2022-07-12 00:11:18.040,0,train,35.57575575184527,0
normal,N0090,3428,21,49,2022-07-12 00:11:18.140,0,train,27.659825707624027,0
normal,N0090,3429,22,49,2022-07-12 00:11:18.240,0,train,32.093028190329115,0
normal,N0090,3430,23,49,2022-07-12 00:11:18.340,0,train,48.1465942791856,0
normal,N0090,3431,24,49,2022-07-12 00:11:18.440,0,train,37.27674592838551,0
normal,N0090,3432,25,49,2022-07-12 00:11:18.540,0,train,31.160747238021646,0
normal,N0090,3433,26,49,2022-07-12 00:11:18.640,0,train,34.72335947366759,0
normal,N0090,3434,27,49,2022-07-12 00:11:18.740,0,train,36.809612882005496,0
normal,N0090,3435,28,49,2022-07-12 00:11:18.840,0,train,42.50314444189953,0
normal,N0090,3436,29,49,2022-07-12 00:11:18.940,0,train,26.913798612051263,0
normal,N0090,3437,30,49,2022-07-12 00:11:19.040,0,train,18.26688222435842,0
normal,N0090,3438,31,49,2022-07-12 00:11:19.140,0,train,21.477366337854427,0
normal,N0090,3439,32,49,2022-07-12 00:11:19.240,0,train,20.959949892303694,0
normal,N0090,3440,33,49,2022-07-12 00:11:19.340,0,train,31.133932380012542,0
normal,N0090,3441,34,49,2022-07-12 00:11:19.440,0,train,17.29732577423211,0
normal,N0090,3442,35,49,2022-07-12 00:11:19.540,0,train,24.093474874832324,0
normal,N0090,3443,36,49,2022-07-12 00:11:19.640,0,train,37.56188659929399,0
normal,N0090,3444,37,49,2022-07-12 00:11:19.740,0,train,30.524679078462107,0
normal,N0090,3445,38,49,2022-07-12 00:11:19.840,0,train,28.931877423169546,0
normal,N0090,3446,39,49,2022-07-12 00:11:19.940,0,train,37.405397167676284,0
normal,N0090,3447,40,49,2022-07-12 00:11:20.040,0,train,38.988347018058036,0
normal,N0090,3448,41,49,2022-07-12 00:11:20.140,0,train,28.69846407806515,0
normal,N0090,3449,42,49,2022-07-12 00:11:20.240,0,train,22.52339162487947,0
normal,N0090,3450,43,49,2022-07-12 00:11:20.340,0,train,23.734928143721525,0
normal,N0090,3451,44,49,2022-07-12 00:11:20.440,0,train,30.815352013158684,0
normal,N0090,3452,45,49,2022-07-12 00:11:20.540,0,train,32.980253802525546,0
normal,N0090,3453,46,49,2022-07-12 00:11:20.640,0,train,22.089497911131485,0
normal,N0090,3454,47,49,2022-07-12 00:11:20.740,0,train,19.598338102180513,0
normal,N0090,3455,48,49,2022-07-12 00:11:20.840,0,train,30.744642363792554,0
normal,N0091,3465,9,36,2022-07-12 00:11:24.956,0,train,106.64069786212691,0
normal,N0091,3466,10,36,2022-07-12 00:11:25.056,0,train,115.05376008737522,0
normal,N0091,3467,11,36,2022-07-12 00:11:25.156,0,train,147.74868406433228,1
normal,N0091,3468,12,36,2022-07-12 00:11:25.256,0,train,145.696304933247,1
normal,N0091,3469,13,36,2022-07-12 00:11:25.356,0,train,102.7021555685515,0
normal,N0091,3470,14,36,2022-07-12 00:11:25.456,0,train,58.71955697816368,0
normal,N0091,3471,15,36,2022-07-12 00:11:25.556,0,train,139.76859328064947,0
normal,N0091,3472,16,36,2022-07-12 00:11:25.656,0,train,131.8823807400282,0
normal,N0091,3473,17,36,2022-07-12 00:11:25.756,0,train,114.57105387252777,0
normal,N0091,3474,18,36,2022-07-12 00:11:25.856,0,train,127.05363835184666,0
normal,N0091,3475,19,36,2022-07-12 00:11:25.956,0,train,104.99147876442797,0
normal,N0091,3476,20,36,2022-07-12 00:11:26.056,0,train,65.80810786943884,0
normal,N0091,3477,21,36,2022-07-12 00:11:26.156,0,train,42.70599715700115,0
normal,N0091,3478,22,36,2022-07-12 00:11:26.256,0,train,38.43801819398023,0
normal,N0091,3479,23,36,2022-07-12 00:11:26.356,0,train,47.13068690599401,0
normal,N0091,3480,24,36,2022-07-12 00:11:26.456,0,train,57.061371939620265,0
normal,N0091,3481,25,36,2022-07-12 00:11:26.556,0,train,115.49313584159607,0
normal,N0091,3482,26,36,2022-07-12 00:11:26.656,0,train,60.13435573947722,0
normal,N0091,3483,27,36,2022-07-12 00:11:26.756,0,train,38.60167207357309,0
normal,N0091,3484,28,36,2022-07-12 00:11:26.856,0,train,34.47762354572425,0
normal,N0091,3485,29,36,2022-07-12 00:11:26.956,0,train,48.62586503778219,0
normal,N0091,3486,30,36,2022-07-12 00:11:27.056,0,train,59.55486701215476,0
normal,N0091,3487,31,36,2022-07-12 00:11:27.156,0,train,59.094365772955925,0
normal,N0091,3488,32,36,2022-07-12 00:11:27.256,0,train,48.973033799848466,0
normal,N0091,3489,33,36,2022-07-12 00:11:27.356,0,train,27.43207456497332,0
normal,N0091,3490,34,36,2022-07-12 00:11:27.456,0,train,74.12874203746277,0
normal,N0091,3491,35,36,2022-07-12 00:11:27.556,0,train,79.4982866837559,0
normal,N0094,3532,9,50,2022-07-12 00:11:50.426,0,train,19.490972233679805,0
normal,N0094,3533,10,50,2022-07-12 00:11:50.526,0,train,30.561045202398773,0
normal,N0094,3534,11,50,2022-07-12 00:11:50.626,0,train,27.390943707399803,0
normal,N0094,3535,12,50,2022-07-12 00:11:50.726,0,train,32.06121650678014,0
normal,N0094,3536,13,50,2022-07-12 00:11:50.826,0,train,28.37571447544687,0
normal,N0094,3537,14,50,2022-07-12 00:11:50.926,0,train,27.006973206309272,0
normal,N0094,3538,15,50,2022-07-12 00:11:51.026,0,train,32.13350412747384,0
normal,N0094,3539,16,50,2022-07-12 00:11:51.126,0,train,45.2843609597381,0
normal,N0094,3540,17,50,2022-07-12 00:11:51.226,0,train,32.36488704386905,0
normal,N0094,3541,18,50,2022-07-12 00:11:51.326,0,train,54.00603403877613,0
normal,N0094,3542,19,50,2022-07-12 00:11:51.426,0,train,58.09725260318134,0
normal,N0094,3543,20,50,2022-07-12 00:11:51.526,0,train,49.381056117067544,0
normal,N0094,3544,21,50,2022-07-12 00:11:51.626,0,train,50.771263207624635,0
normal,N0094,3545,22,50,2022-07-12 00:11:51.726,0,train,63.84211816287847,0
normal,N0094,3546,23,50,2022-07-12 00:11:51.826,0,train,47.053089768703394,0
normal,N0094,3547,24,50,2022-07-12 00:11:51.926,0,train,57.819869558662084,0
normal,N0094,3548,25,50,2022-07-12 00:11:52.026,0,train,39.92941179100817,0
normal,N0094,3549,26,50,2022-07-12 00:11:52.126,0,train,46.954830778618216,0
normal,N0094,3550,27,50,2022-07-12 00:11:52.226,0,train,48.97563401989979,0
normal,N0094,3551,28,50,2022-07-12 00:11:52.326,0,train,34.919024886223255,0
normal,N0094,3552,29,50,2022-07-12 00:11:52.426,0,train,26.897025346351672,0
normal,N0094,3553,30,50,2022-07-12 00:11:52.526,0,train,39.195666430462886,0
normal,N0094,3554,31,50,2022-07-12 00:11:52.626,0,train,48.12998550380309,0
normal,N0094,3555,32,50,2022-07-12 00:11:52.726,0,train,160.8123286613471,1
normal,N0094,3556,33,50,2022-07-12 00:11:52.826,0,train,187.38625772918897,1
normal,N0094,3557,34,50,2022-07-12 00:11:52.926,0,train,112.52751818547115,0
normal,N0094,3558,35,50,2022-07-12 00:11:53.026,0,train,111.92796191280702,0
normal,N0094,3559,36,50,2022-07-12 00:11:53.126,0,train,172.06685972493898,1
normal,N0094,3560,37,50,2022-07-12 00:11:53.226,0,train,108.18955524925282,0
normal,N0094,3561,38,50,2022-07-12 00:11:53.326,0,train,79.20638130169083,0
normal,N0094,3562,39,50,2022-07-12 00:11:53.426,0,train,108.90536019276371,0
normal,N0094,3563,40,50,2022-07-12 00:11:53.526,0,train,82.40414318191232,0
normal,N0094,3564,41,50,2022-07-12 00:11:53.626,0,train,111.21254720954131,0
normal,N0094,3565,42,50,2022-07-12 00:11:53.726,0,train,43.97209399070514,0
normal,N0094,3566,43,50,2022-07-12 00:11:53.826,0,train,40.84250570634153,0
normal,N0094,3567,44,50,2022-07-12 00:11:53.926,0,train,68.82719427612687,0
normal,N0094,3568,45,50,2022-07-12 00:11:54.026,0,train,48.16992651638289,0
normal,N0094,3569,46,50,2022-07-12 00:11:54.126,0,train,89.81950029502602,0
normal,N0094,3570,47,50,2022-07-12 00:11:54.226,0,train,64.75771876885248,0
normal,N0094,3571,48,50,2022-07-12 00:11:54.326,0,train,48.44472889104128,0
normal,N0094,3572,49,50,2022-07-12 00:11:54.426,0,train,64.71152798951715,0
normal,N0095,3582,9,50,2022-07-12 00:11:57.144,0,train,26.088839102510523,0
normal,N0095,3583,10,50,2022-07-12 00:11:57.244,0,train,28.238778187006105,0
normal,N0095,3584,11,50,2022-07-12 00:11:57.344,0,train,24.585619833193118,0
normal,N0095,3585,12,50,2022-07-12 00:11:57.444,0,train,28.080577802534226,0
normal,N0095,3586,13,50,2022-07-12 00:11:57.544,0,train,26.57662426696231,0
normal,N0095,3587,14,50,2022-07-12 00:11:57.644,0,train,23.14587342163609,0
normal,N0095,3588,15,50,2022-07-12 00:11:57.744,0,train,49.90997963072692,0
normal,N0095,3589,16,50,2022-07-12 00:11:57.844,0,train,32.46539932807337,0
normal,N0095,3590,17,50,2022-07-12 00:11:57.944,0,train,27.767747444352686,0
normal,N0095,3591,18,50,2022-07-12 00:11:58.044,0,train,28.695914099980055,0
normal,N0095,3592,19,50,2022-07-12 00:11:58.144,0,train,28.735045368946103,0
normal,N0095,3593,20,50,2022-07-12 00:11:58.244,0,train,21.69300203521584,0
normal,N0095,3594,21,50,2022-07-12 00:11:58.344,0,train,16.07891155027495,0
normal,N0095,3595,22,50,2022-07-12 00:11:58.444,0,train,17.12876649552621,0
normal,N0095,3596,23,50,2022-07-12 00:11:58.544,0,train,33.97879098155511,0
normal,N0095,3597,24,50,2022-07-12 00:11:58.644,0,train,17.71307578388842,0
normal,N0095,3598,25,50,2022-07-12 00:11:58.744,0,train,17.07721630859582,0
normal,N0095,3599,26,50,2022-07-12 00:11:58.844,0,train,25.77720774607062,0
normal,N0095,3600,27,50,2022-07-12 00:11:58.944,0,train,26.22825502958988,0
normal,N0095,3601,28,50,2022-07-12 00:11:59.044,0,train,29.021565201226387,0
normal,N0095,3602,29,50,2022-07-12 00:11:59.144,0,train,33.02812651163113,0
normal,N0095,3603,30,50,2022-07-12 00:11:59.244,0,train,31.270756945164234,0
normal,N0095,3604,31,50,2022-07-12 00:11:59.344,0,train,32.582947297773586,0
normal,N0095,3605,32,50,2022-07-12 00:11:59.444,0,train,38.00418388376434,0
normal,N0095,3606,33,50,2022-07-12 00:11:59.544,0,train,44.92130009032355,0
normal,N0095,3607,34,50,2022-07-12 00:11:59.644,0,train,38.92275417401764,0
normal,N0095,3608,35,50,2022-07-12 00:11:59.744,0,train,79.76935643853794,0
normal,N0095,3609,36,50,2022-07-12 00:11:59.844,0,train,66.06036068933685,0
normal,N0095,3610,37,50,2022-07-12 00:11:59.944,0,train,83.83032530266641,0
normal,N0095,3611,38,50,2022-07-12 00:12:00.044,0,train,107.13182484338077,0
normal,N0095,3612,39,50,2022-07-12 00:12:00.144,0,train,82.62260630135138,0
normal,N0095,3613,40,50,2022-07-12 00:12:00.244,0,train,104.8081730024161,0
normal,N0095,3614,41,50,2022-07-12 00:12:00.344,0,train,28.654052952816826,0
normal,N0095,3615,42,50,2022-07-12 00:12:00.444,0,train,19.50467240827037,0
normal,N0095,3616,43,50,2022-07-12 00:12:00.544,0,train,25.06495750772094,0
normal,N0095,3617,44,50,2022-07-12 00:12:00.644,0,train,20.155254537056667,0
normal,N0095,3618,45,50,2022-07-12 00:12:00.744,0,train,20.217467149269645,0
normal,N0095,3619,46,50,2022-07-12 00:12:00.844,0,train,24.224315495299848,0
normal,N0095,3620,47,50,2022-07-12 00:12:00.944,0,train,30.41314257221877,0
normal,N0095,3621,48,50,2022-07-12 00:12:01.044,0,train,37.600935340319126,0
normal,N0095,3622,49,50,2022-07-12 00:12:01.144,0,train,38.13753445138746,0
normal,N0096,3632,9,38,2022-07-12 00:12:05.043,0,train,60.66914296693105,0
normal,N0096,3633,10,38,2022-07-12 00:12:05.143,0,train,44.63616935726005,0
normal,N0096,3634,11,38,2022-07-12 00:12:05.243,0,train,30.25721645087632,0
normal,N0096,3635,12,38,2022-07-12 00:12:05.343,0,train,31.620527969885636,0
normal,N0096,3636,13,38,2022-07-12 00:12:05.443,0,train,25.795188848859773,0
normal,N0096,3637,14,38,2022-07-12 00:12:05.543,0,train,34.03504342511746,0
normal,N0096,3638,15,38,2022-07-12 00:12:05.643,0,train,60.10045799119752,0
normal,N0096,3639,16,38,2022-07-12 00:12:05.743,0,train,56.263546319637975,0
normal,N0096,3640,17,38,2022-07-12 00:12:05.843,0,train,106.54747892697239,0
normal,N0096,3641,18,38,2022-07-12 00:12:05.943,0,train,68.3507982130891,0
normal,N0096,3642,19,38,2022-07-12 00:12:06.043,0,train,47.82280917885887,0
normal,N0096,3643,20,38,2022-07-12 00:12:06.143,0,train,50.132851222777695,0
normal,N0096,3644,21,38,2022-07-12 00:12:06.243,0,train,26.646612521976298,0
normal,N0096,3645,22,38,2022-07-12 00:12:06.343,0,train,30.071424144544377,0
normal,N0096,3646,23,38,2022-07-12 00:12:06.443,0,train,35.462393719566485,0
normal,N0096,3647,24,38,2022-07-12 00:12:06.543,0,train,44.61696102978977,0
normal,N0096,3648,25,38,2022-07-12 00:12:06.643,0,train,31.45939859906292,0
normal,N0096,3649,26,38,2022-07-12 00:12:06.743,0,train,50.87484607598886,0
normal,N0096,3650,27,38,2022-07-12 00:12:06.843,0,train,28.436076956975924,0
normal,N0096,3651,28,38,2022-07-12 00:12:06.943,0,train,25.01171467326167,0
normal,N0096,3652,29,38,2022-07-12 00:12:07.043,0,train,48.11813624667873,0
normal,N0096,3653,30,38,2022-07-12 00:12:07.143,0,train,45.61490924512582,0
normal,N0096,3654,31,38,2022-07-12 00:12:07.243,0,train,37.199133399428405,0
normal,N0096,3655,32,38,2022-07-12 00:12:07.343,0,train,29.71246583501826,0
normal,N0096,3656,33,38,2022-07-12 00:12:07.443,0,train,41.45693174494744,0
normal,N0096,3657,34,38,2022-07-12 00:12:07.543,0,train,39.281720329928504,0
normal,N0096,3658,35,38,2022-07-12 00:12:07.643,0,train,30.63603268865522,0
normal,N0096,3659,36,38,2022-07-12 00:12:07.743,0,train,31.292410107651925,0
normal,N0096,3660,37,38,2022-07-12 00:12:07.843,0,train,40.44468429633623,0
normal,N0098,3695,9,24,2022-07-12 00:12:21.077,0,train,84.44920549619992,0
normal,N0098,3696,10,24,2022-07-12 00:12:21.177,0,train,76.9955951234391,0
normal,N0098,3697,11,24,2022-07-12 00:12:21.277,0,train,72.25618106958473,0
normal,N0098,3698,12,24,2022-07-12 00:12:21.377,0,train,74.68238885701177,0
normal,N0098,3699,13,24,2022-07-12 00:12:21.477,0,train,69.69338052902549,0
normal,N0098,3700,14,24,2022-07-12 00:12:21.577,0,train,55.6241677059428,0
normal,N0098,3701,15,24,2022-07-12 00:12:21.677,0,train,43.56252600650257,0
normal,N0098,3702,16,24,2022-07-12 00:12:21.777,0,train,42.36706063882544,0
normal,N0098,3703,17,24,2022-07-12 00:12:21.877,0,train,62.664137014540636,0
normal,N0098,3704,18,24,2022-07-12 00:12:21.977,0,train,128.2393953051313,0
normal,N0098,3705,19,24,2022-07-12 00:12:22.077,0,train,95.08443908209422,0
normal,N0098,3706,20,24,2022-07-12 00:12:22.177,0,train,81.90903059953881,0
normal,N0098,3707,21,24,2022-07-12 00:12:22.277,0,train,75.18960157614005,0
normal,N0098,3708,22,24,2022-07-12 00:12:22.377,0,train,141.5780730686691,1
normal,N0098,3709,23,24,2022-07-12 00:12:22.477,0,train,67.6271433073824,0
normal,N0099,3719,9,12,2022-07-12 00:12:29.075,0,train,57.94787778679176,0
normal,N0099,3720,10,12,2022-07-12 00:12:29.175,0,train,60.33462469940789,0
normal,N0099,3721,11,12,2022-07-12 00:12:29.275,0,train,58.69829196678615,0
normal,N0100,3731,9,50,2022-07-12 00:12:39.092,0,train,37.44077572914131,0
normal,N0100,3732,10,50,2022-07-12 00:12:39.192,0,train,66.17366877447296,0
normal,N0100,3733,11,50,2022-07-12 00:12:39.292,0,train,38.77069092611516,0
normal,N0100,3734,12,50,2022-07-12 00:12:39.392,0,train,46.444260789993905,0
normal,N0100,3735,13,50,2022-07-12 00:12:39.492,0,train,42.20314568797049,0
normal,N0100,3736,14,50,2022-07-12 00:12:39.592,0,train,38.95992213247079,0
normal,N0100,3737,15,50,2022-07-12 00:12:39.692,0,train,30.025969765109817,0
normal,N0100,3738,16,50,2022-07-12 00:12:39.792,0,train,36.21505290446486,0
normal,N0100,3739,17,50,2022-07-12 00:12:39.892,0,train,28.64168374813542,0
normal,N0100,3740,18,50,2022-07-12 00:12:39.992,0,train,27.708298677533257,0
normal,N0100,3741,19,50,2022-07-12 00:12:40.092,0,train,23.604640876344455,0
normal,N0100,3742,20,50,2022-07-12 00:12:40.192,0,train,48.63965881271707,0
normal,N0100,3743,21,50,2022-07-12 00:12:40.292,0,train,61.348316696150924,0
normal,N0100,3744,22,50,2022-07-12 00:12:40.392,0,train,53.663336680241116,0
normal,N0100,3745,23,50,2022-07-12 00:12:40.492,0,train,50.18950618240326,0
normal,N0100,3746,24,50,2022-07-12 00:12:40.592,0,train,37.72680190324113,0
normal,N0100,3747,25,50,2022-07-12 00:12:40.692,0,train,45.1493751135046,0
normal,N0100,3748,26,50,2022-07-12 00:12:40.792,0,train,55.56363275671991,0
normal,N0100,3749,27,50,2022-07-12 00:12:40.892,0,train,73.24269955366992,0
normal,N0100,3750,28,50,2022-07-12 00:12:40.992,0,train,55.96028251197137,0
normal,N0100,3751,29,50,2022-07-12 00:12:41.092,0,train,64.11836351475378,0
normal,N0100,3752,30,50,2022-07-12 00:12:41.192,0,train,59.54568195211025,0
normal,N0100,3753,31,50,2022-07-12 00:12:41.292,0,train,52.41181090456731,0
normal,N0100,3754,32,50,2022-07-12 00:12:41.392,0,train,55.12092127887314,0
normal,N0100,3755,33,50,2022-07-12 00:12:41.492,0,train,64.70028625097775,0
normal,N0100,3756,34,50,2022-07-12 00:12:41.592,0,train,39.96461785439117,0
normal,N0100,3757,35,50,2022-07-12 00:12:41.692,0,train,47.94021411888335,0
normal,N0100,3758,36,50,2022-07-12 00:12:41.792,0,train,43.18427859496168,0
normal,N0100,3759,37,50,2022-07-12 00:12:41.892,0,train,53.58011934435505,0
normal,N0100,3760,38,50,2022-07-12 00:12:41.992,0,train,41.10460706080734,0
normal,N0100,3761,39,50,2022-07-12 00:12:42.092,0,train,38.196577736444404,0
normal,N0100,3762,40,50,2022-07-12 00:12:42.192,0,train,35.70460985024175,0
normal,N0100,3763,41,50,2022-07-12 00:12:42.292,0,train,24.32986305624464,0
normal,N0100,3764,42,50,2022-07-12 00:12:42.392,0,train,21.079359074876162,0
normal,N0100,3765,43,50,2022-07-12 00:12:42.492,0,train,24.97349913312096,0
normal,N0100,3766,44,50,2022-07-12 00:12:42.592,0,train,25.522966360052116,0
normal,N0100,3767,45,50,2022-07-12 00:12:42.692,0,train,24.50662822326971,0
normal,N0100,3768,46,50,2022-07-12 00:12:42.792,0,train,32.85213515498727,0
normal,N0100,3769,47,50,2022-07-12 00:12:42.892,0,train,33.834277273248524,0
normal,N0100,3770,48,50,2022-07-12 00:12:42.992,0,train,32.32335447545472,0
normal,N0100,3771,49,50,2022-07-12 00:12:43.092,0,train,35.38459490819139,0
normal,N0101,3781,9,50,2022-07-12 00:12:45.647,0,train,36.81440878779916,0
normal,N0101,3782,10,50,2022-07-12 00:12:45.747,0,train,40.58639220406986,0
normal,N0101,3783,11,50,2022-07-12 00:12:45.847,0,train,27.526510028338826,0
normal,N0101,3784,12,50,2022-07-12 00:12:45.947,0,train,25.794190284468723,0
normal,N0101,3785,13,50,2022-07-12 00:12:46.047,0,train,37.35866478763645,0
normal,N0101,3786,14,50,2022-07-12 00:12:46.147,0,train,37.529012430194086,0
normal,N0101,3787,15,50,2022-07-12 00:12:46.247,0,train,36.41443758872225,0
normal,N0101,3788,16,50,2022-07-12 00:12:46.347,0,train,40.72539116260709,0
normal,N0101,3789,17,50,2022-07-12 00:12:46.447,0,train,37.43445887840926,0
normal,N0101,3790,18,50,2022-07-12 00:12:46.547,0,train,49.681161261097756,0
normal,N0101,3791,19,50,2022-07-12 00:12:46.647,0,train,38.831057568132714,0
normal,N0101,3792,20,50,2022-07-12 00:12:46.747,0,train,32.85041384318323,0
normal,N0101,3793,21,50,2022-07-12 00:12:46.847,0,train,36.34373811086661,0
normal,N0101,3794,22,50,2022-07-12 00:12:46.947,0,train,63.063472398640805,0
normal,N0101,3795,23,50,2022-07-12 00:12:47.047,0,train,35.43304892503892,0
normal,N0101,3796,24,50,2022-07-12 00:12:47.147,0,train,41.04482041781821,0
normal,N0101,3797,25,50,2022-07-12 00:12:47.247,0,train,41.92356643356018,0
normal,N0101,3798,26,50,2022-07-12 00:12:47.347,0,train,45.14740054558822,0
normal,N0101,3799,27,50,2022-07-12 00:12:47.447,0,train,46.51284206098835,0
normal,N0101,3800,28,50,2022-07-12 00:12:47.547,0,train,46.21477802736317,0
normal,N0101,3801,29,50,2022-07-12 00:12:47.647,0,train,43.985822219337486,0
normal,N0101,3802,30,50,2022-07-12 00:12:47.747,0,train,46.942162865828685,0
normal,N0101,3803,31,50,2022-07-12 00:12:47.847,0,train,42.52633085657553,0
normal,N0101,3804,32,50,2022-07-12 00:12:47.947,0,train,31.566900372192446,0
normal,N0101,3805,33,50,2022-07-12 00:12:48.047,0,train,33.496510701682524,0
normal,N0101,3806,34,50,2022-07-12 00:12:48.147,0,train,29.903651962172088,0
normal,N0101,3807,35,50,2022-07-12 00:12:48.247,0,train,34.07736844153884,0
normal,N0101,3808,36,50,2022-07-12 00:12:48.347,0,train,29.976649019697923,0
normal,N0101,3809,37,50,2022-07-12 00:12:48.447,0,train,34.148456146672515,0
normal,N0101,3810,38,50,2022-07-12 00:12:48.547,0,train,46.49177516038693,0
normal,N0101,3811,39,50,2022-07-12 00:12:48.647,0,train,47.57911574171295,0
normal,N0101,3812,40,50,2022-07-12 00:12:48.747,0,train,40.22554776265441,0
normal,N0101,3813,41,50,2022-07-12 00:12:48.847,0,train,46.68396013013421,0
normal,N0101,3814,42,50,2022-07-12 00:12:48.947,0,train,31.25501312794999,0
normal,N0101,3815,43,50,2022-07-12 00:12:49.047,0,train,36.92815324144911,0
normal,N0101,3816,44,50,2022-07-12 00:12:49.147,0,train,60.22467596432838,0
normal,N0101,3817,45,50,2022-07-12 00:12:49.247,0,train,48.12818085358828,0
normal,N0101,3818,46,50,2022-07-12 00:12:49.347,0,train,39.708758835600214,0
normal,N0101,3819,47,50,2022-07-12 00:12:49.447,0,train,74.51072934496601,0
normal,N0101,3820,48,50,2022-07-12 00:12:49.547,0,train,34.051132681939514,0
normal,N0101,3821,49,50,2022-07-12 00:12:49.647,0,train,32.5008448653757,0
normal,N0103,3876,9,34,2022-07-12 00:13:00.989,0,train,30.593551413811234,0
normal,N0103,3877,10,34,2022-07-12 00:13:01.089,0,train,31.920827608702826,0
normal,N0103,3878,11,34,2022-07-12 00:13:01.189,0,train,25.10609030707391,0
normal,N0103,3879,12,34,2022-07-12 00:13:01.289,0,train,38.15501175181473,0
normal,N0103,3880,13,34,2022-07-12 00:13:01.389,0,train,26.18770471163848,0
normal,N0103,3881,14,34,2022-07-12 00:13:01.489,0,train,19.9204866518198,0
normal,N0103,3882,15,34,2022-07-12 00:13:01.589,0,train,34.65272191002761,0
normal,N0103,3883,16,34,2022-07-12 00:13:01.689,0,train,63.79785374745347,0
normal,N0103,3884,17,34,2022-07-12 00:13:01.789,0,train,34.68939741281527,0
normal,N0103,3885,18,34,2022-07-12 00:13:01.889,0,train,50.13873955777038,0
normal,N0103,3886,19,34,2022-07-12 00:13:01.989,0,train,61.66277235089007,0
normal,N0103,3887,20,34,2022-07-12 00:13:02.089,0,train,75.85101424528365,0
normal,N0103,3888,21,34,2022-07-12 00:13:02.189,0,train,42.2550388111036,0
normal,N0103,3889,22,34,2022-07-12 00:13:02.289,0,train,49.34789399265798,0
normal,N0103,3890,23,34,2022-07-12 00:13:02.389,0,train,48.37748132537408,0
normal,N0103,3891,24,34,2022-07-12 00:13:02.489,0,train,35.47680499518714,0
normal,N0103,3892,25,34,2022-07-12 00:13:02.589,0,train,44.01837069146348,0
normal,N0103,3893,26,34,2022-07-12 00:13:02.689,0,train,61.98914571571201,0
normal,N0103,3894,27,34,2022-07-12 00:13:02.789,0,train,38.90791201699773,0
normal,N0103,3895,28,34,2022-07-12 00:13:02.889,0,train,33.26995947934812,0
normal,N0103,3896,29,34,2022-07-12 00:13:02.989,0,train,49.607152441796934,0
normal,N0103,3897,30,34,2022-07-12 00:13:03.089,0,train,32.30807857664562,0
normal,N0103,3898,31,34,2022-07-12 00:13:03.189,0,train,32.57596009238915,0
normal,N0103,3899,32,34,2022-07-12 00:13:03.289,0,train,23.86892083277699,0
normal,N0103,3900,33,34,2022-07-12 00:13:03.389,0,train,29.151400658145786,0
normal,N0104,3910,9,34,2022-07-12 00:13:08.871,0,train,68.57616541602323,0
normal,N0104,3911,10,34,2022-07-12 00:13:08.971,0,train,77.88751341423489,0
normal,N0104,3912,11,34,2022-07-12 00:13:09.071,0,train,51.419395528625444,0
normal,N0104,3913,12,34,2022-07-12 00:13:09.171,0,train,75.33836265971877,0
normal,N0104,3914,13,34,2022-07-12 00:13:09.271,0,train,68.75482617418176,0
normal,N0104,3915,14,34,2022-07-12 00:13:09.371,0,train,54.77784194260483,0
normal,N0104,3916,15,34,2022-07-12 00:13:09.471,0,train,44.5012062918877,0
normal,N0104,3917,16,34,2022-07-12 00:13:09.571,0,train,36.14949883286673,0
normal,N0104,3918,17,34,2022-07-12 00:13:09.671,0,train,29.97010948435767,0
normal,N0104,3919,18,34,2022-07-12 00:13:09.771,0,train,40.95634669832918,0
normal,N0104,3920,19,34,2022-07-12 00:13:09.871,0,train,29.77320339614999,0
normal,N0104,3921,20,34,2022-07-12 00:13:09.971,0,train,51.935191117729396,0
normal,N0104,3922,21,34,2022-07-12 00:13:10.071,0,train,50.03001607223934,0
normal,N0104,3923,22,34,2022-07-12 00:13:10.171,0,train,53.410775584479325,0
normal,N0104,3924,23,34,2022-07-12 00:13:10.271,0,train,44.47368080581569,0
normal,N0104,3925,24,34,2022-07-12 00:13:10.371,0,train,52.51276473584886,0
normal,N0104,3926,25,34,2022-07-12 00:13:10.471,0,train,59.95813616034455,0
normal,N0104,3927,26,34,2022-07-12 00:13:10.571,0,train,41.26325222077959,0
normal,N0104,3928,27,34,2022-07-12 00:13:10.671,0,train,48.01946334204308,0
normal,N0104,3929,28,34,2022-07-12 00:13:10.771,0,train,69.76855388177376,0
normal,N0104,3930,29,34,2022-07-12 00:13:10.871,0,train,63.40714277717977,0
normal,N0104,3931,30,34,2022-07-12 00:13:10.971,0,train,57.4064541760697,0
normal,N0104,3932,31,34,2022-07-12 00:13:11.071,0,train,82.4427787611643,0
normal,N0104,3933,32,34,2022-07-12 00:13:11.171,0,train,49.17984993138855,0
normal,N0104,3934,33,34,2022-07-12 00:13:11.271,0,train,49.22678664463815,0
normal,N0105,3944,9,22,2022-07-12 00:13:16.773,0,train,35.17376882026844,0
normal,N0105,3945,10,22,2022-07-12 00:13:16.873,0,train,27.5612867178692,0
normal,N0105,3946,11,22,2022-07-12 00:13:16.973,0,train,25.222173226106804,0
normal,N0105,3947,12,22,2022-07-12 00:13:17.073,0,train,23.23368296676907,0
normal,N0105,3948,13,22,2022-07-12 00:13:17.173,0,train,26.768473099124012,0
normal,N0105,3949,14,22,2022-07-12 00:13:17.273,0,train,25.725155341991105,0
normal,N0105,3950,15,22,2022-07-12 00:13:17.373,0,train,29.684634011614985,0
normal,N0105,3951,16,22,2022-07-12 00:13:17.473,0,train,33.268648283152395,0
normal,N0105,3952,17,22,2022-07-12 00:13:17.573,0,train,40.81246458837636,0
normal,N0105,3953,18,22,2022-07-12 00:13:17.673,0,train,36.87244844095265,0
normal,N0105,3954,19,22,2022-07-12 00:13:17.773,0,train,44.61668079226831,0
normal,N0105,3955,20,22,2022-07-12 00:13:17.873,0,train,28.853729435776586,0
normal,N0105,3956,21,22,2022-07-12 00:13:17.973,0,train,29.505509121486895,0
normal,N0108,4025,9,50,2022-07-12 00:13:40.786,0,train,27.552839144702045,0
normal,N0108,4026,10,50,2022-07-12 00:13:40.886,0,train,23.916990267571908,0
normal,N0108,4027,11,50,2022-07-12 00:13:40.986,0,train,28.422500332644564,0
normal,N0108,4028,12,50,2022-07-12 00:13:41.086,0,train,33.19393120123115,0
normal,N0108,4029,13,50,2022-07-12 00:13:41.186,0,train,45.26323720790722,0
normal,N0108,4030,14,50,2022-07-12 00:13:41.286,0,train,60.7413320205618,0
normal,N0108,4031,15,50,2022-07-12 00:13:41.386,0,train,36.11070984562066,0
normal,N0108,4032,16,50,2022-07-12 00:13:41.486,0,train,45.04277276209977,0
normal,N0108,4033,17,50,2022-07-12 00:13:41.586,0,train,43.635490914980984,0
normal,N0108,4034,18,50,2022-07-12 00:13:41.686,0,train,55.085445890979344,0
normal,N0108,4035,19,50,2022-07-12 00:13:41.786,0,train,37.054657627201095,0
normal,N0108,4036,20,50,2022-07-12 00:13:41.886,0,train,41.25386128849812,0
normal,N0108,4037,21,50,2022-07-12 00:13:41.986,0,train,42.8579113474789,0
normal,N0108,4038,22,50,2022-07-12 00:13:42.086,0,train,61.10627947375192,0
normal,N0108,4039,23,50,2022-07-12 00:13:42.186,0,train,50.124959162891095,0
normal,N0108,4040,24,50,2022-07-12 00:13:42.286,0,train,39.986342329071924,0
normal,N0108,4041,25,50,2022-07-12 00:13:42.386,0,train,52.3762744489921,0
normal,N0108,4042,26,50,2022-07-12 00:13:42.486,0,train,54.282284767128736,0
normal,N0108,4043,27,50,2022-07-12 00:13:42.586,0,train,37.11320237068717,0
normal,N0108,4044,28,50,2022-07-12 00:13:42.686,0,train,34.59357899236004,0
normal,N0108,4045,29,50,2022-07-12 00:13:42.786,0,train,69.6976665044905,0
normal,N0108,4046,30,50,2022-07-12 00:13:42.886,0,train,58.59020360448223,0
normal,N0108,4047,31,50,2022-07-12 00:13:42.986,0,train,44.66991687511256,0
normal,N0108,4048,32,50,2022-07-12 00:13:43.086,0,train,35.49145742310563,0
normal,N0108,4049,33,50,2022-07-12 00:13:43.186,0,train,36.657725094939714,0
normal,N0108,4050,34,50,2022-07-12 00:13:43.286,0,train,42.391402428588194,0
normal,N0108,4051,35,50,2022-07-12 00:13:43.386,0,train,57.275529464123956,0
normal,N0108,4052,36,50,2022-07-12 00:13:43.486,0,train,54.987989212993895,0
normal,N0108,4053,37,50,2022-07-12 00:13:43.586,0,train,45.901067754487485,0
normal,N0108,4054,38,50,2022-07-12 00:13:43.686,0,train,45.6270999213044,0
normal,N0108,4055,39,50,2022-07-12 00:13:43.786,0,train,63.55199446317512,0
normal,N0108,4056,40,50,2022-07-12 00:13:43.886,0,train,52.9936212081441,0
normal,N0108,4057,41,50,2022-07-12 00:13:43.986,0,train,43.862683051977555,0
normal,N0108,4058,42,50,2022-07-12 00:13:44.086,0,train,49.64124097823996,0
normal,N0108,4059,43,50,2022-07-12 00:13:44.186,0,train,57.3607345776421,0
normal,N0108,4060,44,50,2022-07-12 00:13:44.286,0,train,64.95516793932293,0
normal,N0108,4061,45,50,2022-07-12 00:13:44.386,0,train,53.95992275805868,0
normal,N0108,4062,46,50,2022-07-12 00:13:44.486,0,train,57.298713378816004,0
normal,N0108,4063,47,50,2022-07-12 00:13:44.586,0,train,65.32110049814456,0
normal,N0108,4064,48,50,2022-07-12 00:13:44.686,0,train,75.75480062682821,0
normal,N0108,4065,49,50,2022-07-12 00:13:44.786,0,train,43.48328087293334,0
normal,N0109,4075,9,37,2022-07-12 00:13:48.857,0,train,24.07100095696356,0
normal,N0109,4076,10,37,2022-07-12 00:13:48.957,0,train,25.049848263053732,0
normal,N0109,4077,11,37,2022-07-12 00:13:49.057,0,train,24.611642586059748,0
normal,N0109,4078,12,37,2022-07-12 00:13:49.157,0,train,32.7662831982995,0
normal,N0109,4079,13,37,2022-07-12 00:13:49.257,0,train,27.826221460124195,0
normal,N0109,4080,14,37,2022-07-12 00:13:49.357,0,train,18.166030679386594,0
normal,N0109,4081,15,37,2022-07-12 00:13:49.457,0,train,31.94968141576767,0
normal,N0109,4082,16,37,2022-07-12 00:13:49.557,0,train,30.553016981723268,0
normal,N0109,4083,17,37,2022-07-12 00:13:49.657,0,train,20.660929741809284,0
normal,N0109,4084,18,37,2022-07-12 00:13:49.757,0,train,18.753732112795564,0
normal,N0109,4085,19,37,2022-07-12 00:13:49.857,0,train,22.78504439419991,0
normal,N0109,4086,20,37,2022-07-12 00:13:49.957,0,train,26.441271967576345,0
normal,N0109,4087,21,37,2022-07-12 00:13:50.057,0,train,42.460592314720365,0
normal,N0109,4088,22,37,2022-07-12 00:13:50.157,0,train,25.733072852653716,0
normal,N0109,4089,23,37,2022-07-12 00:13:50.257,0,train,22.511427887417657,0
normal,N0109,4090,24,37,2022-07-12 00:13:50.357,0,train,19.035974986503465,0
normal,N0109,4091,25,37,2022-07-12 00:13:50.457,0,train,14.688496766433339,0
normal,N0109,4092,26,37,2022-07-12 00:13:50.557,0,train,20.525742087065897,0
normal,N0109,4093,27,37,2022-07-12 00:13:50.657,0,train,49.04877695164454,0
normal,N0109,4094,28,37,2022-07-12 00:13:50.757,0,train,25.66370844040455,0
normal,N0109,4095,29,37,2022-07-12 00:13:50.857,0,train,38.48694357389673,0
normal,N0109,4096,30,37,2022-07-12 00:13:50.957,0,train,25.961468248321623,0
normal,N0109,4097,31,37,2022-07-12 00:13:51.057,0,train,21.129153278185324,0
normal,N0109,4098,32,37,2022-07-12 00:13:51.157,0,train,34.32026076788938,0
normal,N0109,4099,33,37,2022-07-12 00:13:51.257,0,train,25.547972454557375,0
normal,N0109,4100,34,37,2022-07-12 00:13:51.357,0,train,36.108813862209615,0
normal,N0109,4101,35,37,2022-07-12 00:13:51.457,0,train,36.45502743799735,0
normal,N0109,4102,36,37,2022-07-12 00:13:51.557,0,train,42.370686923210556,0
normal,N0110,4112,9,23,2022-07-12 00:13:56.876,0,train,62.89612145442711,0
normal,N0110,4113,10,23,2022-07-12 00:13:56.976,0,train,42.24098020513017,0
normal,N0110,4114,11,23,2022-07-12 00:13:57.076,0,train,42.74847158324142,0
normal,N0110,4115,12,23,2022-07-12 00:13:57.176,0,train,38.716402667058,0
normal,N0110,4116,13,23,2022-07-12 00:13:57.276,0,train,44.92705082774482,0
normal,N0110,4117,14,23,2022-07-12 00:13:57.376,0,train,45.814893474142906,0
normal,N0110,4118,15,23,2022-07-12 00:13:57.476,0,train,56.80188408882907,0
normal,N0110,4119,16,23,2022-07-12 00:13:57.576,0,train,56.31784705121638,0
normal,N0110,4120,17,23,2022-07-12 00:13:57.676,0,train,53.165481295532715,0
normal,N0110,4121,18,23,2022-07-12 00:13:57.776,0,train,75.16157414695412,0
normal,N0110,4122,19,23,2022-07-12 00:13:57.876,0,train,40.67499346645834,0
normal,N0110,4123,20,23,2022-07-12 00:13:57.976,0,train,38.81240770914084,0
normal,N0110,4124,21,23,2022-07-12 00:13:58.076,0,train,59.72707843052933,0
normal,N0110,4125,22,23,2022-07-12 00:13:58.176,0,train,61.734629677415,0
normal,N0111,4135,9,10,2022-07-12 00:14:04.804,0,train,29.61995834338239,0
normal,N0113,4195,9,50,2022-07-12 00:14:21.210,0,train,29.88020942671203,0
normal,N0113,4196,10,50,2022-07-12 00:14:21.310,0,train,28.63385623901626,0
normal,N0113,4197,11,50,2022-07-12 00:14:21.410,0,train,36.02919604187801,0
normal,N0113,4198,12,50,2022-07-12 00:14:21.510,0,train,30.896465376721093,0
normal,N0113,4199,13,50,2022-07-12 00:14:21.610,0,train,28.714840582896265,0
normal,N0113,4200,14,50,2022-07-12 00:14:21.710,0,train,32.456839481473516,0
normal,N0113,4201,15,50,2022-07-12 00:14:21.810,0,train,26.28553223239611,0
normal,N0113,4202,16,50,2022-07-12 00:14:21.910,0,train,47.88449617027563,0
normal,N0113,4203,17,50,2022-07-12 00:14:22.010,0,train,35.44512037733156,0
normal,N0113,4204,18,50,2022-07-12 00:14:22.110,0,train,41.038382034913894,0
normal,N0113,4205,19,50,2022-07-12 00:14:22.210,0,train,30.512559750155233,0
normal,N0113,4206,20,50,2022-07-12 00:14:22.310,0,train,30.99885630628909,0
normal,N0113,4207,21,50,2022-07-12 00:14:22.410,0,train,24.61369815940143,0
normal,N0113,4208,22,50,2022-07-12 00:14:22.510,0,train,29.7780944657322,0
normal,N0113,4209,23,50,2022-07-12 00:14:22.610,0,train,33.53923656481144,0
normal,N0113,4210,24,50,2022-07-12 00:14:22.710,0,train,57.98052548063139,0
normal,N0113,4211,25,50,2022-07-12 00:14:22.810,0,train,53.017492127040235,0
normal,N0113,4212,26,50,2022-07-12 00:14:22.910,0,train,32.81828439593066,0
normal,N0113,4213,27,50,2022-07-12 00:14:23.010,0,train,31.73053538829155,0
normal,N0113,4214,28,50,2022-07-12 00:14:23.110,0,train,31.25534541970017,0
normal,N0113,4215,29,50,2022-07-12 00:14:23.210,0,train,37.25258834755993,0
normal,N0113,4216,30,50,2022-07-12 00:14:23.310,0,train,37.102623155239634,0
normal,N0113,4217,31,50,2022-07-12 00:14:23.410,0,train,28.811903321749593,0
normal,N0113,4218,32,50,2022-07-12 00:14:23.510,0,train,37.17870888952586,0
normal,N0113,4219,33,50,2022-07-12 00:14:23.610,0,train,65.80667555222524,0
normal,N0113,4220,34,50,2022-07-12 00:14:23.710,0,train,44.927630769346216,0
normal,N0113,4221,35,50,2022-07-12 00:14:23.810,0,train,43.40137883158669,0
normal,N0113,4222,36,50,2022-07-12 00:14:23.910,0,train,44.858321117663515,0
normal,N0113,4223,37,50,2022-07-12 00:14:24.010,0,train,36.87886249585418,0
normal,N0113,4224,38,50,2022-07-12 00:14:24.110,0,train,34.313464070309465,0
normal,N0113,4225,39,50,2022-07-12 00:14:24.210,0,train,35.39106313190085,0
normal,N0113,4226,40,50,2022-07-12 00:14:24.310,0,train,29.330756623659735,0
normal,N0113,4227,41,50,2022-07-12 00:14:24.410,0,train,49.92862351291171,0
normal,N0113,4228,42,50,2022-07-12 00:14:24.510,0,train,53.675529428400274,0
normal,N0113,4229,43,50,2022-07-12 00:14:24.610,0,train,37.20247668109159,0
normal,N0113,4230,44,50,2022-07-12 00:14:24.710,0,train,38.69090721330905,0
normal,N0113,4231,45,50,2022-07-12 00:14:24.810,0,train,32.618225984388296,0
normal,N0113,4232,46,50,2022-07-12 00:14:24.910,0,train,33.48444217523699,0
normal,N0113,4233,47,50,2022-07-12 00:14:25.010,0,train,20.433343402822175,0
normal,N0113,4234,48,50,2022-07-12 00:14:25.110,0,train,17.826283915784867,0
normal,N0113,4235,49,50,2022-07-12 00:14:25.210,0,train,33.12467262493777,0
normal,N0114,4245,9,40,2022-07-12 00:14:28.808,0,train,18.27793469311471,0
normal,N0114,4246,10,40,2022-07-12 00:14:28.908,0,train,22.2102797935507,0
normal,N0114,4247,11,40,2022-07-12 00:14:29.008,0,train,23.64390889194983,0
normal,N0114,4248,12,40,2022-07-12 00:14:29.108,0,train,57.46257754767602,0
normal,N0114,4249,13,40,2022-07-12 00:14:29.208,0,train,22.926001620396804,0
normal,N0114,4250,14,40,2022-07-12 00:14:29.308,0,train,28.206768651085326,0
normal,N0114,4251,15,40,2022-07-12 00:14:29.408,0,train,24.902570029161335,0
normal,N0114,4252,16,40,2022-07-12 00:14:29.508,0,train,21.855203362331693,0
normal,N0114,4253,17,40,2022-07-12 00:14:29.608,0,train,21.97879390910779,0
normal,N0114,4254,18,40,2022-07-12 00:14:29.708,0,train,28.582251418576682,0
normal,N0114,4255,19,40,2022-07-12 00:14:29.808,0,train,23.95724093685335,0
normal,N0114,4256,20,40,2022-07-12 00:14:29.908,0,train,44.47379197217585,0
normal,N0114,4257,21,40,2022-07-12 00:14:30.008,0,train,27.33131834072628,0
normal,N0114,4258,22,40,2022-07-12 00:14:30.108,0,train,22.654275649796077,0
normal,N0114,4259,23,40,2022-07-12 00:14:30.208,0,train,29.472725537877196,0
normal,N0114,4260,24,40,2022-07-12 00:14:30.308,0,train,31.139297772006863,0
normal,N0114,4261,25,40,2022-07-12 00:14:30.408,0,train,34.445320250093374,0
normal,N0114,4262,26,40,2022-07-12 00:14:30.508,0,train,35.94035274180055,0
normal,N0114,4263,27,40,2022-07-12 00:14:30.608,0,train,26.229999088080795,0
normal,N0114,4264,28,40,2022-07-12 00:14:30.708,0,train,39.08803685337145,0
normal,N0114,4265,29,40,2022-07-12 00:14:30.808,0,train,37.23989414217194,0
normal,N0114,4266,30,40,2022-07-12 00:14:30.908,0,train,33.1692459207341,0
normal,N0114,4267,31,40,2022-07-12 00:14:31.008,0,train,29.010546773334067,0
normal,N0114,4268,32,40,2022-07-12 00:14:31.108,0,train,29.346250457051646,0
normal,N0114,4269,33,40,2022-07-12 00:14:31.208,0,train,21.5859043270117,0
normal,N0114,4270,34,40,2022-07-12 00:14:31.308,0,train,22.22116279402765,0
normal,N0114,4271,35,40,2022-07-12 00:14:31.408,0,train,22.96827282151124,0
normal,N0114,4272,36,40,2022-07-12 00:14:31.508,0,train,35.62898838235085,0
normal,N0114,4273,37,40,2022-07-12 00:14:31.608,0,train,48.2419514305266,0
normal,N0114,4274,38,40,2022-07-12 00:14:31.708,0,train,27.18352453342958,0
normal,N0114,4275,39,40,2022-07-12 00:14:31.808,0,train,26.700808143227622,0
normal,N0115,4285,9,27,2022-07-12 00:14:36.836,0,train,52.55282301491915,0
normal,N0115,4286,10,27,2022-07-12 00:14:36.936,0,train,29.26895294465619,0
normal,N0115,4287,11,27,2022-07-12 00:14:37.036,0,train,41.81485798787399,0
normal,N0115,4288,12,27,2022-07-12 00:14:37.136,0,train,38.53654026943405,0
normal,N0115,4289,13,27,2022-07-12 00:14:37.236,0,train,30.04720550497929,0
normal,N0115,4290,14,27,2022-07-12 00:14:37.336,0,train,26.469535018531783,0
normal,N0115,4291,15,27,2022-07-12 00:14:37.436,0,train,28.844598617189718,0
normal,N0115,4292,16,27,2022-07-12 00:14:37.536,0,train,38.00284940334699,0
normal,N0115,4293,17,27,2022-07-12 00:14:37.636,0,train,37.70131332450607,0
normal,N0115,4294,18,27,2022-07-12 00:14:37.736,0,train,46.269138856002314,0
normal,N0115,4295,19,27,2022-07-12 00:14:37.836,0,train,55.81351181547995,0
normal,N0115,4296,20,27,2022-07-12 00:14:37.936,0,train,38.716008750230216,0
normal,N0115,4297,21,27,2022-07-12 00:14:38.036,0,train,41.1205730061614,0
normal,N0115,4298,22,27,2022-07-12 00:14:38.136,0,train,35.05599143273998,0
normal,N0115,4299,23,27,2022-07-12 00:14:38.236,0,train,35.41558781327346,0
normal,N0115,4300,24,27,2022-07-12 00:14:38.336,0,train,34.86258652438249,0
normal,N0115,4301,25,27,2022-07-12 00:14:38.436,0,train,38.4608194337715,0
normal,N0115,4302,26,27,2022-07-12 00:14:38.536,0,train,43.781007750214634,0
normal,N0116,4312,9,27,2022-07-12 00:14:44.737,0,train,23.596749928057534,0
normal,N0116,4313,10,27,2022-07-12 00:14:44.837,0,train,21.663329260012347,0
normal,N0116,4314,11,27,2022-07-12 00:14:44.937,0,train,35.43830415371754,0
normal,N0116,4315,12,27,2022-07-12 00:14:45.037,0,train,17.8739458048624,0
normal,N0116,4316,13,27,2022-07-12 00:14:45.137,0,train,18.71780653974276,0
normal,N0116,4317,14,27,2022-07-12 00:14:45.237,0,train,24.7232781701839,0
normal,N0116,4318,15,27,2022-07-12 00:14:45.337,0,train,24.150071361831188,0
normal,N0116,4319,16,27,2022-07-12 00:14:45.437,0,train,31.95495870874468,0
normal,N0116,4320,17,27,2022-07-12 00:14:45.537,0,train,39.620413419937854,0
normal,N0116,4321,18,27,2022-07-12 00:14:45.637,0,train,31.845027559067283,0
normal,N0116,4322,19,27,2022-07-12 00:14:45.737,0,train,27.92618679208706,0
normal,N0116,4323,20,27,2022-07-12 00:14:45.837,0,train,29.247828649958354,0
normal,N0116,4324,21,27,2022-07-12 00:14:45.937,0,train,41.458148546381636,0
normal,N0116,4325,22,27,2022-07-12 00:14:46.037,0,train,54.21983365005448,0
normal,N0116,4326,23,27,2022-07-12 00:14:46.137,0,train,52.18053780831854,0
normal,N0116,4327,24,27,2022-07-12 00:14:46.237,0,train,48.80339291659971,0
normal,N0116,4328,25,27,2022-07-12 00:14:46.337,0,train,50.42249772974316,0
normal,N0116,4329,26,27,2022-07-12 00:14:46.437,0,train,47.34142781760156,0
normal,N0119,4358,9,50,2022-07-12 00:15:02.477,0,train,38.11665691589852,0
normal,N0119,4359,10,50,2022-07-12 00:15:02.577,0,train,50.19398102555849,0
normal,N0119,4360,11,50,2022-07-12 00:15:02.677,0,train,46.99532354378544,0
normal,N0119,4361,12,50,2022-07-12 00:15:02.777,0,train,35.355931652909184,0
normal,N0119,4362,13,50,2022-07-12 00:15:02.877,0,train,52.78409915774446,0
normal,N0119,4363,14,50,2022-07-12 00:15:02.977,0,train,47.93666465677098,0
normal,N0119,4364,15,50,2022-07-12 00:15:03.077,0,train,45.640965731930635,0
normal,N0119,4365,16,50,2022-07-12 00:15:03.177,0,train,41.40247657464649,0
normal,N0119,4366,17,50,2022-07-12 00:15:03.277,0,train,42.25740612891651,0
normal,N0119,4367,18,50,2022-07-12 00:15:03.377,0,train,57.54683237571391,0
normal,N0119,4368,19,50,2022-07-12 00:15:03.477,0,train,30.78401425334254,0
normal,N0119,4369,20,50,2022-07-12 00:15:03.577,0,train,23.51843707187792,0
normal,N0119,4370,21,50,2022-07-12 00:15:03.677,0,train,32.27722059014115,0
normal,N0119,4371,22,50,2022-07-12 00:15:03.777,0,train,25.950484011281905,0
normal,N0119,4372,23,50,2022-07-12 00:15:03.877,0,train,26.479866586330186,0
normal,N0119,4373,24,50,2022-07-12 00:15:03.977,0,train,20.111111970488132,0
normal,N0119,4374,25,50,2022-07-12 00:15:04.077,0,train,28.55685640569388,0
normal,N0119,4375,26,50,2022-07-12 00:15:04.177,0,train,32.79508176599102,0
normal,N0119,4376,27,50,2022-07-12 00:15:04.277,0,train,60.141210300567074,0
normal,N0119,4377,28,50,2022-07-12 00:15:04.377,0,train,36.86832399205152,0
normal,N0119,4378,29,50,2022-07-12 00:15:04.477,0,train,29.140587275081696,0
normal,N0119,4379,30,50,2022-07-12 00:15:04.577,0,train,28.17330344910649,0
normal,N0119,4380,31,50,2022-07-12 00:15:04.677,0,train,27.040967440320472,0
normal,N0119,4381,32,50,2022-07-12 00:15:04.777,0,train,27.371322127651446,0
normal,N0119,4382,33,50,2022-07-12 00:15:04.877,0,train,23.957984176772943,0
normal,N0119,4383,34,50,2022-07-12 00:15:04.977,0,train,18.431630929673016,0
normal,N0119,4384,35,50,2022-07-12 00:15:05.077,0,train,38.033517107253346,0
normal,N0119,4385,36,50,2022-07-12 00:15:05.177,0,train,31.672551117067265,0
normal,N0119,4386,37,50,2022-07-12 00:15:05.277,0,train,24.735677530613764,0
normal,N0119,4387,38,50,2022-07-12 00:15:05.377,0,train,23.41938029679724,0
normal,N0119,4388,39,50,2022-07-12 00:15:05.477,0,train,29.77338900194379,0
normal,N0119,4389,40,50,2022-07-12 00:15:05.577,0,train,30.834849143499863,0
normal,N0119,4390,41,50,2022-07-12 00:15:05.677,0,train,29.648363687122593,0
normal,N0119,4391,42,50,2022-07-12 00:15:05.777,0,train,25.052782710695375,0
normal,N0119,4392,43,50,2022-07-12 00:15:05.877,0,train,41.563732798888,0
normal,N0119,4393,44,50,2022-07-12 00:15:05.977,0,train,34.72728965937112,0
normal,N0119,4394,45,50,2022-07-12 00:15:06.077,0,train,31.481373236054775,0
normal,N0119,4395,46,50,2022-07-12 00:15:06.177,0,train,34.58733288342161,0
normal,N0119,4396,47,50,2022-07-12 00:15:06.277,0,train,27.01383001201775,0
normal,N0119,4397,48,50,2022-07-12 00:15:06.377,0,train,23.331800658168216,0
normal,N0119,4398,49,50,2022-07-12 00:15:06.477,0,train,28.663413123925594,0
normal,N0120,4408,9,50,2022-07-12 00:15:09.284,0,train,55.87118357577011,0
normal,N0120,4409,10,50,2022-07-12 00:15:09.384,0,train,33.86838826781101,0
normal,N0120,4410,11,50,2022-07-12 00:15:09.484,0,train,30.47771614132773,0
normal,N0120,4411,12,50,2022-07-12 00:15:09.584,0,train,31.709502952299058,0
normal,N0120,4412,13,50,2022-07-12 00:15:09.684,0,train,41.34689067964971,0
normal,N0120,4413,14,50,2022-07-12 00:15:09.784,0,train,50.09601937547301,0
normal,N0120,4414,15,50,2022-07-12 00:15:09.884,0,train,65.16610971876159,0
normal,N0120,4415,16,50,2022-07-12 00:15:09.984,0,train,54.59636754430177,0
normal,N0120,4416,17,50,2022-07-12 00:15:10.084,0,train,47.56595638803129,0
normal,N0120,4417,18,50,2022-07-12 00:15:10.184,0,train,40.99402694050806,0
normal,N0120,4418,19,50,2022-07-12 00:15:10.284,0,train,44.69717823928208,0
normal,N0120,4419,20,50,2022-07-12 00:15:10.384,0,train,36.11440304150045,0
normal,N0120,4420,21,50,2022-07-12 00:15:10.484,0,train,25.133404670889718,0
normal,N0120,4421,22,50,2022-07-12 00:15:10.584,0,train,33.06483498764597,0
normal,N0120,4422,23,50,2022-07-12 00:15:10.684,0,train,24.87692207700837,0
normal,N0120,4423,24,50,2022-07-12 00:15:10.784,0,train,57.40375297513712,0
normal,N0120,4424,25,50,2022-07-12 00:15:10.884,0,train,48.41913682609326,0
normal,N0120,4425,26,50,2022-07-12 00:15:10.984,0,train,92.2611359425622,0
normal,N0120,4426,27,50,2022-07-12 00:15:11.084,0,train,56.711614983408765,0
normal,N0120,4427,28,50,2022-07-12 00:15:11.184,0,train,41.990235098571524,0
normal,N0120,4428,29,50,2022-07-12 00:15:11.284,0,train,32.80267747965488,0
normal,N0120,4429,30,50,2022-07-12 00:15:11.384,0,train,60.95439131739501,0
normal,N0120,4430,31,50,2022-07-12 00:15:11.484,0,train,43.18965934193904,0
normal,N0120,4431,32,50,2022-07-12 00:15:11.584,0,train,60.93890192998061,0
normal,N0120,4432,33,50,2022-07-12 00:15:11.684,0,train,69.15311881579485,0
normal,N0120,4433,34,50,2022-07-12 00:15:11.784,0,train,62.197451111236475,0
normal,N0120,4434,35,50,2022-07-12 00:15:11.884,0,train,60.914497620666836,0
normal,N0120,4435,36,50,2022-07-12 00:15:11.984,0,train,122.07159038955169,0
normal,N0120,4436,37,50,2022-07-12 00:15:12.084,0,train,105.30208933140081,0
normal,N0120,4437,38,50,2022-07-12 00:15:12.184,0,train,142.38186084927884,1
normal,N0120,4438,39,50,2022-07-12 00:15:12.284,0,train,150.0019554840855,1
normal,N0120,4439,40,50,2022-07-12 00:15:12.384,0,train,128.7437500825309,0
normal,N0120,4440,41,50,2022-07-12 00:15:12.484,0,train,92.71067062279288,0
normal,N0120,4441,42,50,2022-07-12 00:15:12.584,0,train,82.15539240524565,0
normal,N0120,4442,43,50,2022-07-12 00:15:12.684,0,train,60.668234293822664,0
normal,N0120,4443,44,50,2022-07-12 00:15:12.784,0,train,52.908498387492635,0
normal,N0120,4444,45,50,2022-07-12 00:15:12.884,0,train,58.70188030927974,0
normal,N0120,4445,46,50,2022-07-12 00:15:12.984,0,train,53.9714109411383,0
normal,N0120,4446,47,50,2022-07-12 00:15:13.084,0,train,63.55850372461998,0
normal,N0120,4447,48,50,2022-07-12 00:15:13.184,0,train,44.05233882329905,0
normal,N0120,4448,49,50,2022-07-12 00:15:13.284,0,train,36.015758726472754,0
normal,N0121,4458,9,42,2022-07-12 00:15:16.640,0,train,27.233084723247092,0
normal,N0121,4459,10,42,2022-07-12 00:15:16.740,0,train,25.19624801480732,0
normal,N0121,4460,11,42,2022-07-12 00:15:16.840,0,train,23.292361034513355,0
normal,N0121,4461,12,42,2022-07-12 00:15:16.940,0,train,25.58224172457943,0
normal,N0121,4462,13,42,2022-07-12 00:15:17.040,0,train,30.716956858438998,0
normal,N0121,4463,14,42,2022-07-12 00:15:17.140,0,train,56.03903690189068,0
normal,N0121,4464,15,42,2022-07-12 00:15:17.240,0,train,95.77780613487563,0
normal,N0121,4465,16,42,2022-07-12 00:15:17.340,0,train,73.66589059998472,0
normal,N0121,4466,17,42,2022-07-12 00:15:17.440,0,train,86.21448607286007,0
normal,N0121,4467,18,42,2022-07-12 00:15:17.540,0,train,43.24065998347157,0
normal,N0121,4468,19,42,2022-07-12 00:15:17.640,0,train,28.549008062155977,0
normal,N0121,4469,20,42,2022-07-12 00:15:17.740,0,train,23.867729951114303,0
normal,N0121,4470,21,42,2022-07-12 00:15:17.840,0,train,29.444848097567235,0
normal,N0121,4471,22,42,2022-07-12 00:15:17.940,0,train,26.53046967282325,0
normal,N0121,4472,23,42,2022-07-12 00:15:18.040,0,train,53.743901400393185,0
normal,N0121,4473,24,42,2022-07-12 00:15:18.140,0,train,40.14030104494711,0
normal,N0121,4474,25,42,2022-07-12 00:15:18.240,0,train,25.512637444241875,0
normal,N0121,4475,26,42,2022-07-12 00:15:18.340,0,train,24.375758879944843,0
normal,N0121,4476,27,42,2022-07-12 00:15:18.440,0,train,24.249900975118823,0
normal,N0121,4477,28,42,2022-07-12 00:15:18.540,0,train,26.222854639847764,0
normal,N0121,4478,29,42,2022-07-12 00:15:18.640,0,train,30.25978176843613,0
normal,N0121,4479,30,42,2022-07-12 00:15:18.740,0,train,30.20378397286258,0
normal,N0121,4480,31,42,2022-07-12 00:15:18.840,0,train,28.474947705357597,0
normal,N0121,4481,32,42,2022-07-12 00:15:18.940,0,train,37.60114946238142,0
normal,N0121,4482,33,42,2022-07-12 00:15:19.040,0,train,29.713937539892406,0
normal,N0121,4483,34,42,2022-07-12 00:15:19.140,0,train,31.617532074348727,0
normal,N0121,4484,35,42,2022-07-12 00:15:19.240,0,train,37.290825311067664,0
normal,N0121,4485,36,42,2022-07-12 00:15:19.340,0,train,35.44102897414541,0
normal,N0121,4486,37,42,2022-07-12 00:15:19.440,0,train,29.63981426753928,0
normal,N0121,4487,38,42,2022-07-12 00:15:19.540,0,train,37.362611307632186,0
normal,N0121,4488,39,42,2022-07-12 00:15:19.640,0,train,43.504908214267026,0
normal,N0121,4489,40,42,2022-07-12 00:15:19.740,0,train,63.779244592413804,0
normal,N0121,4490,41,42,2022-07-12 00:15:19.840,0,train,42.91895811633102,0
normal,N0123,4529,9,18,2022-07-12 00:15:32.642,0,train,38.24594718616367,0
normal,N0123,4530,10,18,2022-07-12 00:15:32.742,0,train,42.482840646541746,0
normal,N0123,4531,11,18,2022-07-12 00:15:32.842,0,train,28.572236836224775,0
normal,N0123,4532,12,18,2022-07-12 00:15:32.942,0,train,25.477313414638356,0
normal,N0123,4533,13,18,2022-07-12 00:15:33.042,0,train,51.288791521413906,0
normal,N0123,4534,14,18,2022-07-12 00:15:33.142,0,train,52.297109843192075,0
normal,N0123,4535,15,18,2022-07-12 00:15:33.242,0,train,46.62231062637772,0
normal,N0123,4536,16,18,2022-07-12 00:15:33.342,0,train,40.59084895563298,0
normal,N0123,4537,17,18,2022-07-12 00:15:33.442,0,train,30.201692947556023,0
normal,N0125,4554,9,50,2022-07-12 00:15:42.848,0,train,79.51400420125226,0
normal,N0125,4555,10,50,2022-07-12 00:15:42.948,0,train,70.61572659762788,0
normal,N0125,4556,11,50,2022-07-12 00:15:43.048,0,train,126.40666992531068,0
normal,N0125,4557,12,50,2022-07-12 00:15:43.148,0,train,61.89112113670216,0
normal,N0125,4558,13,50,2022-07-12 00:15:43.248,0,train,55.718912375444916,0
normal,N0125,4559,14,50,2022-07-12 00:15:43.348,0,train,62.3575749785582,0
normal,N0125,4560,15,50,2022-07-12 00:15:43.448,0,train,71.15079972255467,0
normal,N0125,4561,16,50,2022-07-12 00:15:43.548,0,train,64.64591996410653,0
normal,N0125,4562,17,50,2022-07-12 00:15:43.648,0,train,67.9181965693093,0
normal,N0125,4563,18,50,2022-07-12 00:15:43.748,0,train,73.07376740097015,0
normal,N0125,4564,19,50,2022-07-12 00:15:43.848,0,train,77.95120737704663,0
normal,N0125,4565,20,50,2022-07-12 00:15:43.948,0,train,76.16792519258992,0
normal,N0125,4566,21,50,2022-07-12 00:15:44.048,0,train,47.66856351233038,0
normal,N0125,4567,22,50,2022-07-12 00:15:44.148,0,train,51.48733120342811,0
normal,N0125,4568,23,50,2022-07-12 00:15:44.248,0,train,50.656494742282064,0
normal,N0125,4569,24,50,2022-07-12 00:15:44.348,0,train,35.66372876410481,0
normal,N0125,4570,25,50,2022-07-12 00:15:44.448,0,train,28.964413409218825,0
normal,N0125,4571,26,50,2022-07-12 00:15:44.548,0,train,42.179751512935134,0
normal,N0125,4572,27,50,2022-07-12 00:15:44.648,0,train,35.49267062342041,0
normal,N0125,4573,28,50,2022-07-12 00:15:44.748,0,train,64.76174425287542,0
normal,N0125,4574,29,50,2022-07-12 00:15:44.848,0,train,50.07669203588065,0
normal,N0125,4575,30,50,2022-07-12 00:15:44.948,0,train,33.5714545448876,0
normal,N0125,4576,31,50,2022-07-12 00:15:45.048,0,train,51.99185042557483,0
normal,N0125,4577,32,50,2022-07-12 00:15:45.148,0,train,46.30882493003858,0
normal,N0125,4578,33,50,2022-07-12 00:15:45.248,0,train,45.68939130784881,0
normal,N0125,4579,34,50,2022-07-12 00:15:45.348,0,train,47.78598683592093,0
normal,N0125,4580,35,50,2022-07-12 00:15:45.448,0,train,33.955112698426746,0
normal,N0125,4581,36,50,2022-07-12 00:15:45.548,0,train,65.16038977186435,0
normal,N0125,4582,37,50,2022-07-12 00:15:45.648,0,train,55.96839680957947,0
normal,N0125,4583,38,50,2022-07-12 00:15:45.748,0,train,69.16047448851755,0
normal,N0125,4584,39,50,2022-07-12 00:15:45.848,0,train,64.13810394491308,0
normal,N0125,4585,40,50,2022-07-12 00:15:45.948,0,train,77.98433414952096,0
normal,N0125,4586,41,50,2022-07-12 00:15:46.048,0,train,60.83055419146839,0
normal,N0125,4587,42,50,2022-07-12 00:15:46.148,0,train,60.220620867214116,0
normal,N0125,4588,43,50,2022-07-12 00:15:46.248,0,train,49.536781042240875,0
normal,N0125,4589,44,50,2022-07-12 00:15:46.348,0,train,63.950169974845714,0
normal,N0125,4590,45,50,2022-07-12 00:15:46.448,0,train,70.41637656486989,0
normal,N0125,4591,46,50,2022-07-12 00:15:46.548,0,train,83.98874636837522,0
normal,N0125,4592,47,50,2022-07-12 00:15:46.648,0,train,60.24123704896749,0
normal,N0125,4593,48,50,2022-07-12 00:15:46.748,0,train,49.8702758580903,0
normal,N0125,4594,49,50,2022-07-12 00:15:46.848,0,train,40.73821698035472,0
normal,N0126,4604,9,50,2022-07-12 00:15:49.626,0,train,54.50525434801686,0
normal,N0126,4605,10,50,2022-07-12 00:15:49.726,0,train,36.21541437527976,0
normal,N0126,4606,11,50,2022-07-12 00:15:49.826,0,train,54.32572959249267,0
normal,N0126,4607,12,50,2022-07-12 00:15:49.926,0,train,64.47618809809937,0
normal,N0126,4608,13,50,2022-07-12 00:15:50.026,0,train,63.40763437894934,0
normal,N0126,4609,14,50,2022-07-12 00:15:50.126,0,train,57.39678225288677,0
normal,N0126,4610,15,50,2022-07-12 00:15:50.226,0,train,63.95391647153011,0
normal,N0126,4611,16,50,2022-07-12 00:15:50.326,0,train,46.63445686368747,0
normal,N0126,4612,17,50,2022-07-12 00:15:50.426,0,train,44.66468077499695,0
normal,N0126,4613,18,50,2022-07-12 00:15:50.526,0,train,41.19143212870211,0
normal,N0126,4614,19,50,2022-07-12 00:15:50.626,0,train,39.300051228138614,0
normal,N0126,4615,20,50,2022-07-12 00:15:50.726,0,train,36.219805873927626,0
normal,N0126,4616,21,50,2022-07-12 00:15:50.826,0,train,53.23065932547293,0
normal,N0126,4617,22,50,2022-07-12 00:15:50.926,0,train,48.52078315480973,0
normal,N0126,4618,23,50,2022-07-12 00:15:51.026,0,train,60.63606909449736,0
normal,N0126,4619,24,50,2022-07-12 00:15:51.126,0,train,56.99997660773387,0
normal,N0126,4620,25,50,2022-07-12 00:15:51.226,0,train,65.06641410257859,0
normal,N0126,4621,26,50,2022-07-12 00:15:51.326,0,train,47.54836729345132,0
normal,N0126,4622,27,50,2022-07-12 00:15:51.426,0,train,48.19076076683627,0
normal,N0126,4623,28,50,2022-07-12 00:15:51.526,0,train,43.913299011867785,0
normal,N0126,4624,29,50,2022-07-12 00:15:51.626,0,train,40.185776841879495,0
normal,N0126,4625,30,50,2022-07-12 00:15:51.726,0,train,57.335993645109184,0
normal,N0126,4626,31,50,2022-07-12 00:15:51.826,0,train,50.75581618764193,0
normal,N0126,4627,32,50,2022-07-12 00:15:51.926,0,train,47.58271637854725,0
normal,N0126,4628,33,50,2022-07-12 00:15:52.026,0,train,38.93909622780529,0
normal,N0126,4629,34,50,2022-07-12 00:15:52.126,0,train,45.24024317701239,0
normal,N0126,4630,35,50,2022-07-12 00:15:52.226,0,train,35.63287497478257,0
normal,N0126,4631,36,50,2022-07-12 00:15:52.326,0,train,40.34495991962169,0
normal,N0126,4632,37,50,2022-07-12 00:15:52.426,0,train,40.6767848917365,0
normal,N0126,4633,38,50,2022-07-12 00:15:52.526,0,train,35.79286136933715,0
normal,N0126,4634,39,50,2022-07-12 00:15:52.626,0,train,35.691666240958305,0
normal,N0126,4635,40,50,2022-07-12 00:15:52.726,0,train,44.179042563871505,0
normal,N0126,4636,41,50,2022-07-12 00:15:52.826,0,train,43.236798734155826,0
normal,N0126,4637,42,50,2022-07-12 00:15:52.926,0,train,55.74941004288735,0
normal,N0126,4638,43,50,2022-07-12 00:15:53.026,0,train,43.501244211435456,0
normal,N0126,4639,44,50,2022-07-12 00:15:53.126,0,train,35.6879591145914,0
normal,N0126,4640,45,50,2022-07-12 00:15:53.226,0,train,53.234220938648875,0
normal,N0126,4641,46,50,2022-07-12 00:15:53.326,0,train,56.34664947930974,0
normal,N0126,4642,47,50,2022-07-12 00:15:53.426,0,train,41.92811501783409,0
normal,N0126,4643,48,50,2022-07-12 00:15:53.526,0,train,68.16833173582673,0
normal,N0126,4644,49,50,2022-07-12 00:15:53.626,0,train,60.407024141089416,0
normal,N0128,4702,9,36,2022-07-12 00:16:04.704,0,train,96.12719307499698,0
normal,N0128,4703,10,36,2022-07-12 00:16:04.804,0,train,40.82674258670412,0
normal,N0128,4704,11,36,2022-07-12 00:16:04.904,0,train,32.909202034163705,0
normal,N0128,4705,12,36,2022-07-12 00:16:05.004,0,train,29.293352158875127,0
normal,N0128,4706,13,36,2022-07-12 00:16:05.104,0,train,43.13960147522194,0
normal,N0128,4707,14,36,2022-07-12 00:16:05.204,0,train,26.80840998877197,0
normal,N0128,4708,15,36,2022-07-12 00:16:05.304,0,train,29.902970477718927,0
normal,N0128,4709,16,36,2022-07-12 00:16:05.404,0,train,29.35940697687348,0
normal,N0128,4710,17,36,2022-07-12 00:16:05.504,0,train,51.92772806483869,0
normal,N0128,4711,18,36,2022-07-12 00:16:05.604,0,train,49.872867588874286,0
normal,N0128,4712,19,36,2022-07-12 00:16:05.704,0,train,37.15407588085425,0
normal,N0128,4713,20,36,2022-07-12 00:16:05.804,0,train,47.03929487331291,0
normal,N0128,4714,21,36,2022-07-12 00:16:05.904,0,train,41.32736235420959,0
normal,N0128,4715,22,36,2022-07-12 00:16:06.004,0,train,44.26494519004071,0
normal,N0128,4716,23,36,2022-07-12 00:16:06.104,0,train,39.21874850516632,0
normal,N0128,4717,24,36,2022-07-12 00:16:06.204,0,train,33.93658690531443,0
normal,N0128,4718,25,36,2022-07-12 00:16:06.304,0,train,48.74275003400957,0
normal,N0128,4719,26,36,2022-07-12 00:16:06.404,0,train,54.692764368461354,0
normal,N0128,4720,27,36,2022-07-12 00:16:06.504,0,train,40.81707793322979,0
normal,N0128,4721,28,36,2022-07-12 00:16:06.604,0,train,35.24010582633243,0
normal,N0128,4722,29,36,2022-07-12 00:16:06.704,0,train,28.156823183618503,0
normal,N0128,4723,30,36,2022-07-12 00:16:06.804,0,train,30.862139774546115,0
normal,N0128,4724,31,36,2022-07-12 00:16:06.904,0,train,30.731005026666352,0
normal,N0128,4725,32,36,2022-07-12 00:16:07.004,0,train,25.03570764411406,0
normal,N0128,4726,33,36,2022-07-12 00:16:07.104,0,train,26.344166263819613,0
normal,N0128,4727,34,36,2022-07-12 00:16:07.204,0,train,63.78697127457667,0
normal,N0128,4728,35,36,2022-07-12 00:16:07.304,0,train,37.43623946897023,0
normal,N0129,4738,9,20,2022-07-12 00:16:12.855,0,train,42.40441061559968,0
normal,N0129,4739,10,20,2022-07-12 00:16:12.955,0,train,43.19680897128584,0
normal,N0129,4740,11,20,2022-07-12 00:16:13.055,0,train,35.92658919974877,0
normal,N0129,4741,12,20,2022-07-12 00:16:13.155,0,train,25.370137628406987,0
normal,N0129,4742,13,20,2022-07-12 00:16:13.255,0,train,22.226164348526495,0
normal,N0129,4743,14,20,2022-07-12 00:16:13.355,0,train,32.735982608102034,0
normal,N0129,4744,15,20,2022-07-12 00:16:13.455,0,train,45.31931935148918,0
normal,N0129,4745,16,20,2022-07-12 00:16:13.555,0,train,41.7440257836101,0
normal,N0129,4746,17,20,2022-07-12 00:16:13.655,0,train,35.0780426426914,0
normal,N0129,4747,18,20,2022-07-12 00:16:13.755,0,train,37.83009957066885,0
normal,N0129,4748,19,20,2022-07-12 00:16:13.855,0,train,29.08063594907888,0
normal,N0131,4765,9,50,2022-07-12 00:16:30.264,0,train,51.12029228214677,0
normal,N0131,4766,10,50,2022-07-12 00:16:30.364,0,train,48.90752560219357,0
normal,N0131,4767,11,50,2022-07-12 00:16:30.464,0,train,61.73799119792073,0
normal,N0131,4768,12,50,2022-07-12 00:16:30.564,0,train,47.89051985589707,0
normal,N0131,4769,13,50,2022-07-12 00:16:30.664,0,train,37.32759865465014,0
normal,N0131,4770,14,50,2022-07-12 00:16:30.764,0,train,38.54246712827275,0
normal,N0131,4771,15,50,2022-07-12 00:16:30.864,0,train,46.63205739292984,0
normal,N0131,4772,16,50,2022-07-12 00:16:30.964,0,train,72.24796676145981,0
normal,N0131,4773,17,50,2022-07-12 00:16:31.064,0,train,49.80182093132991,0
normal,N0131,4774,18,50,2022-07-12 00:16:31.164,0,train,129.1119587364974,0
normal,N0131,4775,19,50,2022-07-12 00:16:31.264,0,train,71.22879124264486,0
normal,N0131,4776,20,50,2022-07-12 00:16:31.364,0,train,76.72464728651671,0
normal,N0131,4777,21,50,2022-07-12 00:16:31.464,0,train,36.43130129324831,0
normal,N0131,4778,22,50,2022-07-12 00:16:31.564,0,train,62.57968145234829,0
normal,N0131,4779,23,50,2022-07-12 00:16:31.664,0,train,53.519826258472264,0
normal,N0131,4780,24,50,2022-07-12 00:16:31.764,0,train,37.47427584112815,0
normal,N0131,4781,25,50,2022-07-12 00:16:31.864,0,train,31.738498992705434,0
normal,N0131,4782,26,50,2022-07-12 00:16:31.964,0,train,53.158248641714984,0
normal,N0131,4783,27,50,2022-07-12 00:16:32.064,0,train,56.540795942540605,0
normal,N0131,4784,28,50,2022-07-12 00:16:32.164,0,train,58.36323344812733,0
normal,N0131,4785,29,50,2022-07-12 00:16:32.264,0,train,52.19910179826126,0
normal,N0131,4786,30,50,2022-07-12 00:16:32.364,0,train,36.838182398652776,0
normal,N0131,4787,31,50,2022-07-12 00:16:32.464,0,train,28.199945259821515,0
normal,N0131,4788,32,50,2022-07-12 00:16:32.564,0,train,35.971628917253895,0
normal,N0131,4789,33,50,2022-07-12 00:16:32.664,0,train,44.134887282013445,0
normal,N0131,4790,34,50,2022-07-12 00:16:32.764,0,train,64.73195194164558,0
normal,N0131,4791,35,50,2022-07-12 00:16:32.864,0,train,82.59101524307015,0
normal,N0131,4792,36,50,2022-07-12 00:16:32.964,0,train,59.49474108749746,0
normal,N0131,4793,37,50,2022-07-12 00:16:33.064,0,train,41.897419722489474,0
normal,N0131,4794,38,50,2022-07-12 00:16:33.164,0,train,36.09648808642047,0
normal,N0131,4795,39,50,2022-07-12 00:16:33.264,0,train,51.965133646854,0
normal,N0131,4796,40,50,2022-07-12 00:16:33.364,0,train,37.19396545299751,0
normal,N0131,4797,41,50,2022-07-12 00:16:33.464,0,train,51.068430933787845,0
normal,N0131,4798,42,50,2022-07-12 00:16:33.564,0,train,51.12736613861651,0
normal,N0131,4799,43,50,2022-07-12 00:16:33.664,0,train,61.172394422095195,0
normal,N0131,4800,44,50,2022-07-12 00:16:33.764,0,train,77.72370464875823,0
normal,N0131,4801,45,50,2022-07-12 00:16:33.864,0,train,63.555024200610646,0
normal,N0131,4802,46,50,2022-07-12 00:16:33.964,0,train,44.30799106365067,0
normal,N0131,4803,47,50,2022-07-12 00:16:34.064,0,train,46.76702575838814,0
normal,N0131,4804,48,50,2022-07-12 00:16:34.164,0,train,83.0576371758471,0
normal,N0131,4805,49,50,2022-07-12 00:16:34.264,0,train,97.91484109231155,0
normal,N0133,4864,9,35,2022-07-12 00:16:45.225,0,train,36.45537179633665,0
normal,N0133,4865,10,35,2022-07-12 00:16:45.325,0,train,52.80186926995791,0
normal,N0133,4866,11,35,2022-07-12 00:16:45.425,0,train,36.085527571928374,0
normal,N0133,4867,12,35,2022-07-12 00:16:45.525,0,train,40.35504385766797,0
normal,N0133,4868,13,35,2022-07-12 00:16:45.625,0,train,39.70512864729191,0
normal,N0133,4869,14,35,2022-07-12 00:16:45.725,0,train,34.78458452113501,0
normal,N0133,4870,15,35,2022-07-12 00:16:45.825,0,train,64.06118725199255,0
normal,N0133,4871,16,35,2022-07-12 00:16:45.925,0,train,43.576858205228255,0
normal,N0133,4872,17,35,2022-07-12 00:16:46.025,0,train,31.325431020024222,0
normal,N0133,4873,18,35,2022-07-12 00:16:46.125,0,train,38.87576587183678,0
normal,N0133,4874,19,35,2022-07-12 00:16:46.225,0,train,63.90224558876348,0
normal,N0133,4875,20,35,2022-07-12 00:16:46.325,0,train,51.994445730843715,0
normal,N0133,4876,21,35,2022-07-12 00:16:46.425,0,train,45.761104848025795,0
normal,N0133,4877,22,35,2022-07-12 00:16:46.525,0,train,54.33898470907996,0
normal,N0133,4878,23,35,2022-07-12 00:16:46.625,0,train,57.027028915238446,0
normal,N0133,4879,24,35,2022-07-12 00:16:46.725,0,train,59.531292981620425,0
normal,N0133,4880,25,35,2022-07-12 00:16:46.825,0,train,80.74279304253277,0
normal,N0133,4881,26,35,2022-07-12 00:16:46.925,0,train,85.01555012155887,0
normal,N0133,4882,27,35,2022-07-12 00:16:47.025,0,train,80.0459908278381,0
normal,N0133,4883,28,35,2022-07-12 00:16:47.125,0,train,62.51095465299471,0
normal,N0133,4884,29,35,2022-07-12 00:16:47.225,0,train,47.75142370906454,0
normal,N0133,4885,30,35,2022-07-12 00:16:47.325,0,train,40.87757956874866,0
normal,N0133,4886,31,35,2022-07-12 00:16:47.425,0,train,60.49721238938505,0
normal,N0133,4887,32,35,2022-07-12 00:16:47.525,0,train,50.40816837036783,0
normal,N0133,4888,33,35,2022-07-12 00:16:47.625,0,train,53.722150826477936,0
normal,N0133,4889,34,35,2022-07-12 00:16:47.725,0,train,58.41047894247849,0
normal,N0134,4899,9,22,2022-07-12 00:16:53.251,0,train,32.371142559232595,0
normal,N0134,4900,10,22,2022-07-12 00:16:53.351,0,train,32.24212451793871,0
normal,N0134,4901,11,22,2022-07-12 00:16:53.451,0,train,30.2924675099666,0
normal,N0134,4902,12,22,2022-07-12 00:16:53.551,0,train,42.20160399173683,0
normal,N0134,4903,13,22,2022-07-12 00:16:53.651,0,train,48.74206053627743,0
normal,N0134,4904,14,22,2022-07-12 00:16:53.751,0,train,31.118251175371167,0
normal,N0134,4905,15,22,2022-07-12 00:16:53.851,0,train,27.618471908866734,0
normal,N0134,4906,16,22,2022-07-12 00:16:53.951,0,train,41.65586490988328,0
normal,N0134,4907,17,22,2022-07-12 00:16:54.051,0,train,32.75536619478309,0
normal,N0134,4908,18,22,2022-07-12 00:16:54.151,0,train,52.87136320114107,0
normal,N0134,4909,19,22,2022-07-12 00:16:54.251,0,train,20.283729565209278,0
normal,N0134,4910,20,22,2022-07-12 00:16:54.351,0,train,29.516980391136663,0
normal,N0134,4911,21,22,2022-07-12 00:16:54.451,0,train,33.17165942708005,0
normal,N0136,4930,9,50,2022-07-12 00:17:10.440,0,train,27.87573952630772,0
normal,N0136,4931,10,50,2022-07-12 00:17:10.540,0,train,19.805904644102178,0
normal,N0136,4932,11,50,2022-07-12 00:17:10.640,0,train,18.813911440997302,0
normal,N0136,4933,12,50,2022-07-12 00:17:10.740,0,train,14.952276084264508,0
normal,N0136,4934,13,50,2022-07-12 00:17:10.840,0,train,22.942893463812105,0
normal,N0136,4935,14,50,2022-07-12 00:17:10.940,0,train,24.929895664147523,0
normal,N0136,4936,15,50,2022-07-12 00:17:11.040,0,train,20.43084283278255,0
normal,N0136,4937,16,50,2022-07-12 00:17:11.140,0,train,16.730633932286697,0
normal,N0136,4938,17,50,2022-07-12 00:17:11.240,0,train,17.823216866673988,0
normal,N0136,4939,18,50,2022-07-12 00:17:11.340,0,train,16.708752233737165,0
normal,N0136,4940,19,50,2022-07-12 00:17:11.440,0,train,16.999458601222386,0
normal,N0136,4941,20,50,2022-07-12 00:17:11.540,0,train,27.388240484102546,0
normal,N0136,4942,21,50,2022-07-12 00:17:11.640,0,train,23.181320845197487,0
normal,N0136,4943,22,50,2022-07-12 00:17:11.740,0,train,29.20517209877895,0
normal,N0136,4944,23,50,2022-07-12 00:17:11.840,0,train,30.439171244882854,0
normal,N0136,4945,24,50,2022-07-12 00:17:11.940,0,train,40.11770661296635,0
normal,N0136,4946,25,50,2022-07-12 00:17:12.040,0,train,40.93714977067087,0
normal,N0136,4947,26,50,2022-07-12 00:17:12.140,0,train,33.32382456570885,0
normal,N0136,4948,27,50,2022-07-12 00:17:12.240,0,train,43.222619749373905,0
normal,N0136,4949,28,50,2022-07-12 00:17:12.340,0,train,28.802077826014646,0
normal,N0136,4950,29,50,2022-07-12 00:17:12.440,0,train,31.023812889710456,0
normal,N0136,4951,30,50,2022-07-12 00:17:12.540,0,train,28.31153952927281,0
normal,N0136,4952,31,50,2022-07-12 00:17:12.640,0,train,42.92002403715634,0
normal,N0136,4953,32,50,2022-07-12 00:17:12.740,0,train,24.449879917448534,0
normal,N0136,4954,33,50,2022-07-12 00:17:12.840,0,train,24.44653430691173,0
normal,N0136,4955,34,50,2022-07-12 00:17:12.940,0,train,24.538465112497878,0
normal,N0136,4956,35,50,2022-07-12 00:17:13.040,0,train,19.47344019599024,0
normal,N0136,4957,36,50,2022-07-12 00:17:13.140,0,train,19.690141106701983,0
normal,N0136,4958,37,50,2022-07-12 00:17:13.240,0,train,23.683306898760854,0
normal,N0136,4959,38,50,2022-07-12 00:17:13.340,0,train,22.413453954555177,0
normal,N0136,4960,39,50,2022-07-12 00:17:13.440,0,train,26.519198237104984,0
normal,N0136,4961,40,50,2022-07-12 00:17:13.540,0,train,23.11463351083866,0
normal,N0136,4962,41,50,2022-07-12 00:17:13.640,0,train,20.10650665707409,0
normal,N0136,4963,42,50,2022-07-12 00:17:13.740,0,train,23.911911247069792,0
normal,N0136,4964,43,50,2022-07-12 00:17:13.840,0,train,27.69888237028693,0
normal,N0136,4965,44,50,2022-07-12 00:17:13.940,0,train,26.223207754990412,0
normal,N0136,4966,45,50,2022-07-12 00:17:14.040,0,train,16.841614073318738,0
normal,N0136,4967,46,50,2022-07-12 00:17:14.140,0,train,23.092580475421773,0
normal,N0136,4968,47,50,2022-07-12 00:17:14.240,0,train,26.922543378725415,0
normal,N0136,4969,48,50,2022-07-12 00:17:14.340,0,train,35.05711067643767,0
normal,N0136,4970,49,50,2022-07-12 00:17:14.440,0,train,33.114981168352415,0
normal,N0138,5028,9,48,2022-07-12 00:17:25.427,0,train,31.37239482496218,0
normal,N0138,5029,10,48,2022-07-12 00:17:25.527,0,train,32.31255554776518,0
normal,N0138,5030,11,48,2022-07-12 00:17:25.627,0,train,35.85793374537676,0
normal,N0138,5031,12,48,2022-07-12 00:17:25.727,0,train,50.62412620674868,0
normal,N0138,5032,13,48,2022-07-12 00:17:25.827,0,train,43.73212816683102,0
normal,N0138,5033,14,48,2022-07-12 00:17:25.927,0,train,43.37783236818367,0
normal,N0138,5034,15,48,2022-07-12 00:17:26.027,0,train,26.973321831954603,0
normal,N0138,5035,16,48,2022-07-12 00:17:26.127,0,train,31.409047159399446,0
normal,N0138,5036,17,48,2022-07-12 00:17:26.227,0,train,28.796297305796216,0
normal,N0138,5037,18,48,2022-07-12 00:17:26.327,0,train,26.6051029444131,0
normal,N0138,5038,19,48,2022-07-12 00:17:26.427,0,train,34.20615071102107,0
normal,N0138,5039,20,48,2022-07-12 00:17:26.527,0,train,34.688681839697,0
normal,N0138,5040,21,48,2022-07-12 00:17:26.627,0,train,32.933003446106696,0
normal,N0138,5041,22,48,2022-07-12 00:17:26.727,0,train,40.13724002605962,0
normal,N0138,5042,23,48,2022-07-12 00:17:26.827,0,train,51.12293462557161,0
normal,N0138,5043,24,48,2022-07-12 00:17:26.927,0,train,44.37381168105426,0
normal,N0138,5044,25,48,2022-07-12 00:17:27.027,0,train,33.3419564311295,0
normal,N0138,5045,26,48,2022-07-12 00:17:27.127,0,train,35.48539516496302,0
normal,N0138,5046,27,48,2022-07-12 00:17:27.227,0,train,38.31583151629194,0
normal,N0138,5047,28,48,2022-07-12 00:17:27.327,0,train,28.9633813953008,0
normal,N0138,5048,29,48,2022-07-12 00:17:27.427,0,train,36.964767376514274,0
normal,N0138,5049,30,48,2022-07-12 00:17:27.527,0,train,52.00210554716131,0
normal,N0138,5050,31,48,2022-07-12 00:17:27.627,0,train,33.35077262703168,0
normal,N0138,5051,32,48,2022-07-12 00:17:27.727,0,train,23.631080814313048,0
normal,N0138,5052,33,48,2022-07-12 00:17:27.827,0,train,30.489403979829326,0
normal,N0138,5053,34,48,2022-07-12 00:17:27.927,0,train,30.74990393289432,0
normal,N0138,5054,35,48,2022-07-12 00:17:28.027,0,train,29.427693286032785,0
normal,N0138,5055,36,48,2022-07-12 00:17:28.127,0,train,32.38495904826993,0
normal,N0138,5056,37,48,2022-07-12 00:17:28.227,0,train,38.727904098482966,0
normal,N0138,5057,38,48,2022-07-12 00:17:28.327,0,train,43.83696486564289,0
normal,N0138,5058,39,48,2022-07-12 00:17:28.427,0,train,45.59133746217856,0
normal,N0138,5059,40,48,2022-07-12 00:17:28.527,0,train,35.14060682143799,0
normal,N0138,5060,41,48,2022-07-12 00:17:28.627,0,train,51.04355097854549,0
normal,N0138,5061,42,48,2022-07-12 00:17:28.727,0,train,48.10738954291301,0
normal,N0138,5062,43,48,2022-07-12 00:17:28.827,0,train,38.23269941180791,0
normal,N0138,5063,44,48,2022-07-12 00:17:28.927,0,train,37.38118299509559,0
normal,N0138,5064,45,48,2022-07-12 00:17:29.027,0,train,37.40683367011273,0
normal,N0138,5065,46,48,2022-07-12 00:17:29.127,0,train,39.5944930494243,0
normal,N0138,5066,47,48,2022-07-12 00:17:29.227,0,train,35.163638475968945,0
normal,N0139,5076,9,35,2022-07-12 00:17:33.380,0,train,34.538585062672084,0
normal,N0139,5077,10,35,2022-07-12 00:17:33.480,0,train,34.80187450426666,0
normal,N0139,5078,11,35,2022-07-12 00:17:33.580,0,train,47.719090673624045,0
normal,N0139,5079,12,35,2022-07-12 00:17:33.680,0,train,37.48576976073268,0
normal,N0139,5080,13,35,2022-07-12 00:17:33.780,0,train,21.37317871774182,0
normal,N0139,5081,14,35,2022-07-12 00:17:33.880,0,train,22.84723062845316,0
normal,N0139,5082,15,35,2022-07-12 00:17:33.980,0,train,20.54546264663909,0
normal,N0139,5083,16,35,2022-07-12 00:17:34.080,0,train,25.34247211873475,0
normal,N0139,5084,17,35,2022-07-12 00:17:34.180,0,train,27.738922602882486,0
normal,N0139,5085,18,35,2022-07-12 00:17:34.280,0,train,26.745096462539667,0
normal,N0139,5086,19,35,2022-07-12 00:17:34.380,0,train,24.52494264317469,0
normal,N0139,5087,20,35,2022-07-12 00:17:34.480,0,train,27.027402579256442,0
normal,N0139,5088,21,35,2022-07-12 00:17:34.580,0,train,30.280286719762728,0
normal,N0139,5089,22,35,2022-07-12 00:17:34.680,0,train,32.09968420641497,0
normal,N0139,5090,23,35,2022-07-12 00:17:34.780,0,train,30.267974532519347,0
normal,N0139,5091,24,35,2022-07-12 00:17:34.880,0,train,38.736323684951465,0
normal,N0139,5092,25,35,2022-07-12 00:17:34.980,0,train,42.84867891750372,0
normal,N0139,5093,26,35,2022-07-12 00:17:35.080,0,train,61.765681558763674,0
normal,N0139,5094,27,35,2022-07-12 00:17:35.180,0,train,76.1626788571734,0
normal,N0139,5095,28,35,2022-07-12 00:17:35.280,0,train,86.17321236659794,0
normal,N0139,5096,29,35,2022-07-12 00:17:35.380,0,train,109.55524750337952,0
normal,N0139,5097,30,35,2022-07-12 00:17:35.480,0,train,72.79281084340455,0
normal,N0139,5098,31,35,2022-07-12 00:17:35.580,0,train,88.52116755913578,0
normal,N0139,5099,32,35,2022-07-12 00:17:35.680,0,train,88.91056405761964,0
normal,N0139,5100,33,35,2022-07-12 00:17:35.780,0,train,30.75778601156148,0
normal,N0139,5101,34,35,2022-07-12 00:17:35.880,0,train,65.91119151119734,0
normal,N0140,5111,9,23,2022-07-12 00:17:41.404,0,train,104.18529043215817,0
normal,N0140,5112,10,23,2022-07-12 00:17:41.504,0,train,137.11525041630242,0
normal,N0140,5113,11,23,2022-07-12 00:17:41.604,0,train,156.20633206917265,1
normal,N0140,5114,12,23,2022-07-12 00:17:41.704,0,train,151.95822987122384,1
normal,N0140,5115,13,23,2022-07-12 00:17:41.804,0,train,147.05555408261142,1
normal,N0140,5116,14,23,2022-07-12 00:17:41.904,0,train,143.5799404588697,1
normal,N0140,5117,15,23,2022-07-12 00:17:42.004,0,train,101.57406494242623,0
normal,N0140,5118,16,23,2022-07-12 00:17:42.104,0,train,126.18316826353617,0
normal,N0140,5119,17,23,2022-07-12 00:17:42.204,0,train,73.06279414116877,0
normal,N0140,5120,18,23,2022-07-12 00:17:42.304,0,train,45.342072670892854,0
normal,N0140,5121,19,23,2022-07-12 00:17:42.404,0,train,61.68124594514641,0
normal,N0140,5122,20,23,2022-07-12 00:17:42.504,0,train,78.07131881818201,0
normal,N0140,5123,21,23,2022-07-12 00:17:42.604,0,train,60.37496076693904,0
normal,N0140,5124,22,23,2022-07-12 00:17:42.704,0,train,52.06987422303407,0
normal,N0141,5134,9,13,2022-07-12 00:17:49.387,0,train,48.22931983290279,0
normal,N0141,5135,10,13,2022-07-12 00:17:49.487,0,train,54.13865880333997,0
normal,N0141,5136,11,13,2022-07-12 00:17:49.587,0,train,64.92263819599818,0
normal,N0141,5137,12,13,2022-07-12 00:17:49.687,0,train,64.43267971982877,0
normal,N0144,5150,9,50,2022-07-12 00:18:07.204,0,train,31.791699605881636,0
normal,N0144,5151,10,50,2022-07-12 00:18:07.304,0,train,43.76961737708497,0
normal,N0144,5152,11,50,2022-07-12 00:18:07.404,0,train,42.43960771810849,0
normal,N0144,5153,12,50,2022-07-12 00:18:07.504,0,train,32.389749813054465,0
normal,N0144,5154,13,50,2022-07-12 00:18:07.604,0,train,29.796721408691333,0
normal,N0144,5155,14,50,2022-07-12 00:18:07.704,0,train,36.74637988858036,0
normal,N0144,5156,15,50,2022-07-12 00:18:07.804,0,train,49.48585891412905,0
normal,N0144,5157,16,50,2022-07-12 00:18:07.904,0,train,54.04621574907754,0
normal,N0144,5158,17,50,2022-07-12 00:18:08.004,0,train,36.796504426790634,0
normal,N0144,5159,18,50,2022-07-12 00:18:08.104,0,train,28.59883848716111,0
normal,N0144,5160,19,50,2022-07-12 00:18:08.204,0,train,42.155492155807224,0
normal,N0144,5161,20,50,2022-07-12 00:18:08.304,0,train,59.9980929745368,0
normal,N0144,5162,21,50,2022-07-12 00:18:08.404,0,train,40.97170261059711,0
normal,N0144,5163,22,50,2022-07-12 00:18:08.504,0,train,46.18392852482129,0
normal,N0144,5164,23,50,2022-07-12 00:18:08.604,0,train,52.90165463634887,0
normal,N0144,5165,24,50,2022-07-12 00:18:08.704,0,train,108.82644968981708,0
normal,N0144,5166,25,50,2022-07-12 00:18:08.804,0,train,139.7332699256375,0
normal,N0144,5167,26,50,2022-07-12 00:18:08.904,0,train,55.51996445254355,0
normal,N0144,5168,27,50,2022-07-12 00:18:09.004,0,train,55.66850954797065,0
normal,N0144,5169,28,50,2022-07-12 00:18:09.104,0,train,45.94047965381111,0
normal,N0144,5170,29,50,2022-07-12 00:18:09.204,0,train,28.495983839717358,0
normal,N0144,5171,30,50,2022-07-12 00:18:09.304,0,train,31.62097823124505,0
normal,N0144,5172,31,50,2022-07-12 00:18:09.404,0,train,26.0174175443333,0
normal,N0144,5173,32,50,2022-07-12 00:18:09.504,0,train,52.773603794401424,0
normal,N0144,5174,33,50,2022-07-12 00:18:09.604,0,train,31.2542204952295,0
normal,N0144,5175,34,50,2022-07-12 00:18:09.704,0,train,25.018968821279216,0
normal,N0144,5176,35,50,2022-07-12 00:18:09.804,0,train,39.484742774772506,0
normal,N0144,5177,36,50,2022-07-12 00:18:09.904,0,train,32.14713453876189,0
normal,N0144,5178,37,50,2022-07-12 00:18:10.004,0,train,23.166902357164936,0
normal,N0144,5179,38,50,2022-07-12 00:18:10.104,0,train,29.060968270571166,0
normal,N0144,5180,39,50,2022-07-12 00:18:10.204,0,train,29.043303270597992,0
normal,N0144,5181,40,50,2022-07-12 00:18:10.304,0,train,34.97019629717231,0
normal,N0144,5182,41,50,2022-07-12 00:18:10.404,0,train,26.844940399176718,0
normal,N0144,5183,42,50,2022-07-12 00:18:10.504,0,train,45.91145226897425,0
normal,N0144,5184,43,50,2022-07-12 00:18:10.604,0,train,68.6593931575848,0
normal,N0144,5185,44,50,2022-07-12 00:18:10.704,0,train,93.89734782943475,0
normal,N0144,5186,45,50,2022-07-12 00:18:10.804,0,train,91.62502910393025,0
normal,N0144,5187,46,50,2022-07-12 00:18:10.904,0,train,65.67497609897127,0
normal,N0144,5188,47,50,2022-07-12 00:18:11.004,0,train,59.28900504955571,0
normal,N0144,5189,48,50,2022-07-12 00:18:11.104,0,train,62.741774959995944,0
normal,N0144,5190,49,50,2022-07-12 00:18:11.204,0,train,64.9759476744512,0
normal,N0145,5200,9,50,2022-07-12 00:18:13.963,0,train,24.933089678214497,0
normal,N0145,5201,10,50,2022-07-12 00:18:14.063,0,train,25.061332753329015,0
normal,N0145,5202,11,50,2022-07-12 00:18:14.163,0,train,22.46183113475901,0
normal,N0145,5203,12,50,2022-07-12 00:18:14.263,0,train,21.93799598388779,0
normal,N0145,5204,13,50,2022-07-12 00:18:14.363,0,train,27.27899243504374,0
normal,N0145,5205,14,50,2022-07-12 00:18:14.463,0,train,37.60459031359828,0
normal,N0145,5206,15,50,2022-07-12 00:18:14.563,0,train,42.54740691945319,0
normal,N0145,5207,16,50,2022-07-12 00:18:14.663,0,train,37.09019572708773,0
normal,N0145,5208,17,50,2022-07-12 00:18:14.763,0,train,33.75353639219793,0
normal,N0145,5209,18,50,2022-07-12 00:18:14.863,0,train,29.541780440716536,0
normal,N0145,5210,19,50,2022-07-12 00:18:14.963,0,train,28.024661157144394,0
normal,N0145,5211,20,50,2022-07-12 00:18:15.063,0,train,32.61368606797001,0
normal,N0145,5212,21,50,2022-07-12 00:18:15.163,0,train,48.17909504209279,0
normal,N0145,5213,22,50,2022-07-12 00:18:15.263,0,train,35.41157467568261,0
normal,N0145,5214,23,50,2022-07-12 00:18:15.363,0,train,47.82703769106069,0
normal,N0145,5215,24,50,2022-07-12 00:18:15.463,0,train,29.554535802036014,0
normal,N0145,5216,25,50,2022-07-12 00:18:15.563,0,train,27.49593720915529,0
normal,N0145,5217,26,50,2022-07-12 00:18:15.663,0,train,31.880627161225245,0
normal,N0145,5218,27,50,2022-07-12 00:18:15.763,0,train,30.027202997624723,0
normal,N0145,5219,28,50,2022-07-12 00:18:15.863,0,train,31.083509556443534,0
normal,N0145,5220,29,50,2022-07-12 00:18:15.963,0,train,27.9821319865717,0
normal,N0145,5221,30,50,2022-07-12 00:18:16.063,0,train,28.708324030542816,0
normal,N0145,5222,31,50,2022-07-12 00:18:16.163,0,train,40.47817714573342,0
normal,N0145,5223,32,50,2022-07-12 00:18:16.263,0,train,47.6664192831657,0
normal,N0145,5224,33,50,2022-07-12 00:18:16.363,0,train,26.843248598976793,0
normal,N0145,5225,34,50,2022-07-12 00:18:16.463,0,train,33.452572502662285,0
normal,N0145,5226,35,50,2022-07-12 00:18:16.563,0,train,25.921199175222302,0
normal,N0145,5227,36,50,2022-07-12 00:18:16.663,0,train,47.602468983544696,0
normal,N0145,5228,37,50,2022-07-12 00:18:16.763,0,train,48.068124260423204,0
normal,N0145,5229,38,50,2022-07-12 00:18:16.863,0,train,56.02294219578737,0
normal,N0145,5230,39,50,2022-07-12 00:18:16.963,0,train,59.83534768738818,0
normal,N0145,5231,40,50,2022-07-12 00:18:17.063,0,train,47.52261149099793,0
normal,N0145,5232,41,50,2022-07-12 00:18:17.163,0,train,24.705820759953774,0
normal,N0145,5233,42,50,2022-07-12 00:18:17.263,0,train,37.45677301442321,0
normal,N0145,5234,43,50,2022-07-12 00:18:17.363,0,train,29.322250335685176,0
normal,N0145,5235,44,50,2022-07-12 00:18:17.463,0,train,37.706097508878884,0
normal,N0145,5236,45,50,2022-07-12 00:18:17.563,0,train,48.64347961690124,0
normal,N0145,5237,46,50,2022-07-12 00:18:17.663,0,train,43.3708453224326,0
normal,N0145,5238,47,50,2022-07-12 00:18:17.763,0,train,41.86419548879279,0
normal,N0145,5239,48,50,2022-07-12 00:18:17.863,0,train,54.75902785752207,0
normal,N0145,5240,49,50,2022-07-12 00:18:17.963,0,train,56.71434321825244,0
normal,N0146,5250,9,40,2022-07-12 00:18:21.624,0,train,61.88488326769938,0
normal,N0146,5251,10,40,2022-07-12 00:18:21.724,0,train,71.66955093269321,0
normal,N0146,5252,11,40,2022-07-12 00:18:21.824,0,train,29.0973727392849,0
normal,N0146,5253,12,40,2022-07-12 00:18:21.924,0,train,27.653811954391415,0
normal,N0146,5254,13,40,2022-07-12 00:18:22.024,0,train,29.58442476385737,0
normal,N0146,5255,14,40,2022-07-12 00:18:22.124,0,train,27.42199957988154,0
normal,N0146,5256,15,40,2022-07-12 00:18:22.224,0,train,48.95681203247539,0
normal,N0146,5257,16,40,2022-07-12 00:18:22.324,0,train,44.37434281546811,0
normal,N0146,5258,17,40,2022-07-12 00:18:22.424,0,train,49.076328826804364,0
normal,N0146,5259,18,40,2022-07-12 00:18:22.524,0,train,37.399972505920076,0
normal,N0146,5260,19,40,2022-07-12 00:18:22.624,0,train,57.02847769166558,0
normal,N0146,5261,20,40,2022-07-12 00:18:22.724,0,train,25.121387610630435,0
normal,N0146,5262,21,40,2022-07-12 00:18:22.824,0,train,22.39083447527296,0
normal,N0146,5263,22,40,2022-07-12 00:18:22.924,0,train,22.19340253139914,0
normal,N0146,5264,23,40,2022-07-12 00:18:23.024,0,train,23.781727874034196,0
normal,N0146,5265,24,40,2022-07-12 00:18:23.124,0,train,28.056083816797262,0
normal,N0146,5266,25,40,2022-07-12 00:18:23.224,0,train,38.565434363657204,0
normal,N0146,5267,26,40,2022-07-12 00:18:23.324,0,train,48.91101997520931,0
normal,N0146,5268,27,40,2022-07-12 00:18:23.424,0,train,51.05709634019114,0
normal,N0146,5269,28,40,2022-07-12 00:18:23.524,0,train,108.67678559290133,0
normal,N0146,5270,29,40,2022-07-12 00:18:23.624,0,train,87.52258931456284,0
normal,N0146,5271,30,40,2022-07-12 00:18:23.724,0,train,32.14259888531265,0
normal,N0146,5272,31,40,2022-07-12 00:18:23.824,0,train,40.403114803879,0
normal,N0146,5273,32,40,2022-07-12 00:18:23.924,0,train,37.0724291315997,0
normal,N0146,5274,33,40,2022-07-12 00:18:24.024,0,train,36.0446971135843,0
normal,N0146,5275,34,40,2022-07-12 00:18:24.124,0,train,65.57525730971147,0
normal,N0146,5276,35,40,2022-07-12 00:18:24.224,0,train,64.38127632146073,0
normal,N0146,5277,36,40,2022-07-12 00:18:24.324,0,train,54.020521316888754,0
normal,N0146,5278,37,40,2022-07-12 00:18:24.424,0,train,35.075141854361334,0
normal,N0146,5279,38,40,2022-07-12 00:18:24.524,0,train,30.538353820393077,0
normal,N0146,5280,39,40,2022-07-12 00:18:24.624,0,train,43.54492550300326,0
normal,N0148,5316,9,26,2022-07-12 00:18:37.600,0,train,45.33766069614702,0
normal,N0148,5317,10,26,2022-07-12 00:18:37.700,0,train,40.765638041893055,0
normal,N0148,5318,11,26,2022-07-12 00:18:37.800,0,train,27.720088906555052,0
normal,N0148,5319,12,26,2022-07-12 00:18:37.900,0,train,29.33131374209548,0
normal,N0148,5320,13,26,2022-07-12 00:18:38.000,0,train,27.805024214354344,0
normal,N0148,5321,14,26,2022-07-12 00:18:38.100,0,train,41.62635723858943,0
normal,N0148,5322,15,26,2022-07-12 00:18:38.200,0,train,45.20129837259309,0
normal,N0148,5323,16,26,2022-07-12 00:18:38.300,0,train,41.78669096994856,0
normal,N0148,5324,17,26,2022-07-12 00:18:38.400,0,train,26.74523586313618,0
normal,N0148,5325,18,26,2022-07-12 00:18:38.500,0,train,35.161684943157965,0
normal,N0148,5326,19,26,2022-07-12 00:18:38.600,0,train,32.31303054119433,0
normal,N0148,5327,20,26,2022-07-12 00:18:38.700,0,train,27.134794315435904,0
normal,N0148,5328,21,26,2022-07-12 00:18:38.800,0,train,26.958215432544197,0
normal,N0148,5329,22,26,2022-07-12 00:18:38.900,0,train,31.983541546724727,0
normal,N0148,5330,23,26,2022-07-12 00:18:39.000,0,train,46.86313449450663,0
normal,N0148,5331,24,26,2022-07-12 00:18:39.100,0,train,34.70977451900954,0
normal,N0148,5332,25,26,2022-07-12 00:18:39.200,0,train,44.47988799980842,0
normal,N0149,5342,9,15,2022-07-12 00:18:45.470,0,train,99.0164177205821,0
normal,N0149,5343,10,15,2022-07-12 00:18:45.570,0,train,71.53316946846994,0
normal,N0149,5344,11,15,2022-07-12 00:18:45.670,0,train,69.49135689808854,0
normal,N0149,5345,12,15,2022-07-12 00:18:45.770,0,train,101.09801907044299,0
normal,N0149,5346,13,15,2022-07-12 00:18:45.870,0,train,90.30818398453086,0
normal,N0149,5347,14,15,2022-07-12 00:18:45.970,0,train,89.00335886709856,0
normal,N0153,5413,9,50,2022-07-12 00:19:18.274,0,train,22.14240880950001,0
normal,N0153,5414,10,50,2022-07-12 00:19:18.374,0,train,23.855206528281588,0
normal,N0153,5415,11,50,2022-07-12 00:19:18.474,0,train,21.015044541740963,0
normal,N0153,5416,12,50,2022-07-12 00:19:18.574,0,train,25.01429187254004,0
normal,N0153,5417,13,50,2022-07-12 00:19:18.674,0,train,18.213227654002775,0
normal,N0153,5418,14,50,2022-07-12 00:19:18.774,0,train,18.355065970396016,0
normal,N0153,5419,15,50,2022-07-12 00:19:18.874,0,train,16.52893697658653,0
normal,N0153,5420,16,50,2022-07-12 00:19:18.974,0,train,31.18876437286553,0
normal,N0153,5421,17,50,2022-07-12 00:19:19.074,0,train,22.501430155536884,0
normal,N0153,5422,18,50,2022-07-12 00:19:19.174,0,train,27.960069089263072,0
normal,N0153,5423,19,50,2022-07-12 00:19:19.274,0,train,30.75118092986764,0
normal,N0153,5424,20,50,2022-07-12 00:19:19.374,0,train,26.992541911737558,0
normal,N0153,5425,21,50,2022-07-12 00:19:19.474,0,train,35.187703384517214,0
normal,N0153,5426,22,50,2022-07-12 00:19:19.574,0,train,36.1517478262132,0
normal,N0153,5427,23,50,2022-07-12 00:19:19.674,0,train,22.574834754849977,0
normal,N0153,5428,24,50,2022-07-12 00:19:19.774,0,train,30.021195607292455,0
normal,N0153,5429,25,50,2022-07-12 00:19:19.874,0,train,30.726415281444307,0
normal,N0153,5430,26,50,2022-07-12 00:19:19.974,0,train,32.48425646612376,0
normal,N0153,5431,27,50,2022-07-12 00:19:20.074,0,train,44.811335547900114,0
normal,N0153,5432,28,50,2022-07-12 00:19:20.174,0,train,30.662870412916412,0
normal,N0153,5433,29,50,2022-07-12 00:19:20.274,0,train,27.148677339115167,0
normal,N0153,5434,30,50,2022-07-12 00:19:20.374,0,train,16.687509788543295,0
normal,N0153,5435,31,50,2022-07-12 00:19:20.474,0,train,18.295496078593768,0
normal,N0153,5436,32,50,2022-07-12 00:19:20.574,0,train,19.49783197746375,0
normal,N0153,5437,33,50,2022-07-12 00:19:20.674,0,train,28.40833642806212,0
normal,N0153,5438,34,50,2022-07-12 00:19:20.774,0,train,21.903260072308143,0
normal,N0153,5439,35,50,2022-07-12 00:19:20.874,0,train,28.900810157882532,0
normal,N0153,5440,36,50,2022-07-12 00:19:20.974,0,train,26.378356990719578,0
normal,N0153,5441,37,50,2022-07-12 00:19:21.074,0,train,25.993671883506014,0
normal,N0153,5442,38,50,2022-07-12 00:19:21.174,0,train,31.56686889523457,0
normal,N0153,5443,39,50,2022-07-12 00:19:21.274,0,train,31.487199828708672,0
normal,N0153,5444,40,50,2022-07-12 00:19:21.374,0,train,19.829994546407693,0
normal,N0153,5445,41,50,2022-07-12 00:19:21.474,0,train,22.226846262352446,0
normal,N0153,5446,42,50,2022-07-12 00:19:21.574,0,train,30.31757107847289,0
normal,N0153,5447,43,50,2022-07-12 00:19:21.674,0,train,37.34957351906448,0
normal,N0153,5448,44,50,2022-07-12 00:19:21.774,0,train,43.98519988888796,0
normal,N0153,5449,45,50,2022-07-12 00:19:21.874,0,train,29.898583276553765,0
normal,N0153,5450,46,50,2022-07-12 00:19:21.974,0,train,29.869343075477317,0
normal,N0153,5451,47,50,2022-07-12 00:19:22.074,0,train,25.63502210713664,0
normal,N0153,5452,48,50,2022-07-12 00:19:22.174,0,train,30.96074342770426,0
normal,N0153,5453,49,50,2022-07-12 00:19:22.274,0,train,41.2929835452948,0
normal,N0154,5463,9,47,2022-07-12 00:19:25.371,0,train,51.40102541683161,0
normal,N0154,5464,10,47,2022-07-12 00:19:25.471,0,train,63.938128587597106,0
normal,N0154,5465,11,47,2022-07-12 00:19:25.571,0,train,96.0676863668553,0
normal,N0154,5466,12,47,2022-07-12 00:19:25.671,0,train,42.48875666866586,0
normal,N0154,5467,13,47,2022-07-12 00:19:25.771,0,train,44.11111403373546,0
normal,N0154,5468,14,47,2022-07-12 00:19:25.871,0,train,45.72854941856007,0
normal,N0154,5469,15,47,2022-07-12 00:19:25.971,0,train,40.402355924489534,0
normal,N0154,5470,16,47,2022-07-12 00:19:26.071,0,train,32.25665429951387,0
normal,N0154,5471,17,47,2022-07-12 00:19:26.171,0,train,49.32457905339697,0
normal,N0154,5472,18,47,2022-07-12 00:19:26.271,0,train,92.10762149950574,0
normal,N0154,5473,19,47,2022-07-12 00:19:26.371,0,train,76.10973646539404,0
normal,N0154,5474,20,47,2022-07-12 00:19:26.471,0,train,58.06113043892857,0
normal,N0154,5475,21,47,2022-07-12 00:19:26.571,0,train,53.801215329638296,0
normal,N0154,5476,22,47,2022-07-12 00:19:26.671,0,train,49.97746803308209,0
normal,N0154,5477,23,47,2022-07-12 00:19:26.771,0,train,39.69618262630842,0
normal,N0154,5478,24,47,2022-07-12 00:19:26.871,0,train,46.017639380444166,0
normal,N0154,5479,25,47,2022-07-12 00:19:26.971,0,train,34.02650779587504,0
normal,N0154,5480,26,47,2022-07-12 00:19:27.071,0,train,39.81483863076522,0
normal,N0154,5481,27,47,2022-07-12 00:19:27.171,0,train,28.784986131830927,0
normal,N0154,5482,28,47,2022-07-12 00:19:27.271,0,train,29.18790454907968,0
normal,N0154,5483,29,47,2022-07-12 00:19:27.371,0,train,24.386308756217517,0
normal,N0154,5484,30,47,2022-07-12 00:19:27.471,0,train,35.8730764532446,0
normal,N0154,5485,31,47,2022-07-12 00:19:27.571,0,train,33.98068995387431,0
normal,N0154,5486,32,47,2022-07-12 00:19:27.671,0,train,29.3085680154604,0
normal,N0154,5487,33,47,2022-07-12 00:19:27.771,0,train,27.58946143180939,0
normal,N0154,5488,34,47,2022-07-12 00:19:27.871,0,train,35.01279504530216,0
normal,N0154,5489,35,47,2022-07-12 00:19:27.971,0,train,37.617640130801846,0
normal,N0154,5490,36,47,2022-07-12 00:19:28.071,0,train,37.4813886836589,0
normal,N0154,5491,37,47,2022-07-12 00:19:28.171,0,train,47.22492503587258,0
normal,N0154,5492,38,47,2022-07-12 00:19:28.271,0,train,43.84691330379382,0
normal,N0154,5493,39,47,2022-07-12 00:19:28.371,0,train,50.7754508138562,0
normal,N0154,5494,40,47,2022-07-12 00:19:28.471,0,train,38.05138639763582,0
normal,N0154,5495,41,47,2022-07-12 00:19:28.571,0,train,41.666716256572286,0
normal,N0154,5496,42,47,2022-07-12 00:19:28.671,0,train,54.58404241270649,0
normal,N0154,5497,43,47,2022-07-12 00:19:28.771,0,train,61.90438341930408,0
normal,N0154,5498,44,47,2022-07-12 00:19:28.871,0,train,31.379870521716338,0
normal,N0154,5499,45,47,2022-07-12 00:19:28.971,0,train,35.45829309501141,0
normal,N0154,5500,46,47,2022-07-12 00:19:29.071,0,train,32.000777368054266,0
normal,N0155,5510,9,34,2022-07-12 00:19:33.376,0,train,31.294367630930758,0
normal,N0155,5511,10,34,2022-07-12 00:19:33.476,0,train,31.557765843836524,0
normal,N0155,5512,11,34,2022-07-12 00:19:33.576,0,train,29.49551013863574,0
normal,N0155,5513,12,34,2022-07-12 00:19:33.676,0,train,37.03691761276662,0
normal,N0155,5514,13,34,2022-07-12 00:19:33.776,0,train,38.377914343000086,0
normal,N0155,5515,14,34,2022-07-12 00:19:33.876,0,train,32.33779051511794,0
normal,N0155,5516,15,34,2022-07-12 00:19:33.976,0,train,41.92703745128528,0
normal,N0155,5517,16,34,2022-07-12 00:19:34.076,0,train,72.09307263577688,0
normal,N0155,5518,17,34,2022-07-12 00:19:34.176,0,train,40.07984350102494,0
normal,N0155,5519,18,34,2022-07-12 00:19:34.276,0,train,32.866598086649375,0
normal,N0155,5520,19,34,2022-07-12 00:19:34.376,0,train,40.42797171107447,0
normal,N0155,5521,20,34,2022-07-12 00:19:34.476,0,train,72.78544135752865,0
normal,N0155,5522,21,34,2022-07-12 00:19:34.576,0,train,51.6690051559165,0
normal,N0155,5523,22,34,2022-07-12 00:19:34.676,0,train,51.30644366927605,0
normal,N0155,5524,23,34,2022-07-12 00:19:34.776,0,train,53.030891783953344,0
normal,N0155,5525,24,34,2022-07-12 00:19:34.876,0,train,58.03787503147173,0
normal,N0155,5526,25,34,2022-07-12 00:19:34.976,0,train,79.6645302725489,0
normal,N0155,5527,26,34,2022-07-12 00:19:35.076,0,train,41.306971436420845,0
normal,N0155,5528,27,34,2022-07-12 00:19:35.176,0,train,45.37467857611153,0
normal,N0155,5529,28,34,2022-07-12 00:19:35.276,0,train,52.44439187896064,0
normal,N0155,5530,29,34,2022-07-12 00:19:35.376,0,train,54.87513830282703,0
normal,N0155,5531,30,34,2022-07-12 00:19:35.476,0,train,55.501895581301525,0
normal,N0155,5532,31,34,2022-07-12 00:19:35.576,0,train,40.84374206427842,0
normal,N0155,5533,32,34,2022-07-12 00:19:35.676,0,train,48.0331654501557,0
normal,N0155,5534,33,34,2022-07-12 00:19:35.776,0,train,59.46452107677285,0
normal,N0156,5544,9,19,2022-07-12 00:19:41.468,0,train,27.211012751391717,0
normal,N0156,5545,10,19,2022-07-12 00:19:41.568,0,train,20.19681293703601,0
normal,N0156,5546,11,19,2022-07-12 00:19:41.668,0,train,21.33819727709605,0
normal,N0156,5547,12,19,2022-07-12 00:19:41.768,0,train,24.720254549638028,0
normal,N0156,5548,13,19,2022-07-12 00:19:41.868,0,train,20.321111982142284,0
normal,N0156,5549,14,19,2022-07-12 00:19:41.968,0,train,21.512536680457,0
normal,N0156,5550,15,19,2022-07-12 00:19:42.068,0,train,25.029110682321484,0
normal,N0156,5551,16,19,2022-07-12 00:19:42.168,0,train,26.5776688965846,0
normal,N0156,5552,17,19,2022-07-12 00:19:42.268,0,train,39.30815007696521,0
normal,N0156,5553,18,19,2022-07-12 00:19:42.368,0,train,26.79165412453825,0
normal,N0158,5569,9,50,2022-07-12 00:19:58.744,0,train,18.36595541905576,0
normal,N0158,5570,10,50,2022-07-12 00:19:58.844,0,train,26.26696025043792,0
normal,N0158,5571,11,50,2022-07-12 00:19:58.944,0,train,22.3403979620497,0
normal,N0158,5572,12,50,2022-07-12 00:19:59.044,0,train,23.67684931608082,0
normal,N0158,5573,13,50,2022-07-12 00:19:59.144,0,train,36.24928041522173,0
normal,N0158,5574,14,50,2022-07-12 00:19:59.244,0,train,24.041908644662882,0
normal,N0158,5575,15,50,2022-07-12 00:19:59.344,0,train,22.33036553238235,0
normal,N0158,5576,16,50,2022-07-12 00:19:59.444,0,train,20.713544800697512,0
normal,N0158,5577,17,50,2022-07-12 00:19:59.544,0,train,18.75390075871188,0
normal,N0158,5578,18,50,2022-07-12 00:19:59.644,0,train,21.69044446421241,0
normal,N0158,5579,19,50,2022-07-12 00:19:59.744,0,train,25.86067249994701,0
normal,N0158,5580,20,50,2022-07-12 00:19:59.844,0,train,21.96858802126868,0
normal,N0158,5581,21,50,2022-07-12 00:19:59.944,0,train,31.43738361470702,0
normal,N0158,5582,22,50,2022-07-12 00:20:00.044,0,train,25.930963779850245,0
normal,N0158,5583,23,50,2022-07-12 00:20:00.144,0,train,22.881859565848387,0
normal,N0158,5584,24,50,2022-07-12 00:20:00.244,0,train,30.19032030054534,0
normal,N0158,5585,25,50,2022-07-12 00:20:00.344,0,train,42.85430188649518,0
normal,N0158,5586,26,50,2022-07-12 00:20:00.444,0,train,35.05845130262242,0
normal,N0158,5587,27,50,2022-07-12 00:20:00.544,0,train,32.678919135949485,0
normal,N0158,5588,28,50,2022-07-12 00:20:00.644,0,train,40.07942114354271,0
normal,N0158,5589,29,50,2022-07-12 00:20:00.744,0,train,40.88108643476649,0
normal,N0158,5590,30,50,2022-07-12 00:20:00.844,0,train,45.16043519583846,0
normal,N0158,5591,31,50,2022-07-12 00:20:00.944,0,train,39.3998874445326,0
normal,N0158,5592,32,50,2022-07-12 00:20:01.044,0,train,31.659909738955935,0
normal,N0158,5593,33,50,2022-07-12 00:20:01.144,0,train,22.305762874144513,0
normal,N0158,5594,34,50,2022-07-12 00:20:01.244,0,train,26.537396497836443,0
normal,N0158,5595,35,50,2022-07-12 00:20:01.344,0,train,37.25800065293764,0
normal,N0158,5596,36,50,2022-07-12 00:20:01.444,0,train,42.585008034437635,0
normal,N0158,5597,37,50,2022-07-12 00:20:01.544,0,train,30.38983040209475,0
normal,N0158,5598,38,50,2022-07-12 00:20:01.644,0,train,31.78124898918022,0
normal,N0158,5599,39,50,2022-07-12 00:20:01.744,0,train,25.48011435091085,0
normal,N0158,5600,40,50,2022-07-12 00:20:01.844,0,train,22.211789340514137,0
normal,N0158,5601,41,50,2022-07-12 00:20:01.944,0,train,28.541955627493074,0
normal,N0158,5602,42,50,2022-07-12 00:20:02.044,0,train,16.622368650238787,0
normal,N0158,5603,43,50,2022-07-12 00:20:02.144,0,train,13.47483000403833,0
normal,N0158,5604,44,50,2022-07-12 00:20:02.244,0,train,15.758188330068817,0
normal,N0158,5605,45,50,2022-07-12 00:20:02.344,0,train,15.274125589034988,0
normal,N0158,5606,46,50,2022-07-12 00:20:02.444,0,train,18.469271777376715,0
normal,N0158,5607,47,50,2022-07-12 00:20:02.544,0,train,31.076486104444456,0
normal,N0158,5608,48,50,2022-07-12 00:20:02.644,0,train,25.200905517791647,0
normal,N0158,5609,49,50,2022-07-12 00:20:02.744,0,train,23.250175553729683,0
normal,N0159,5619,9,50,2022-07-12 00:20:05.536,0,train,114.51150953920721,0
normal,N0159,5620,10,50,2022-07-12 00:20:05.636,0,train,105.85683073588005,0
normal,N0159,5621,11,50,2022-07-12 00:20:05.736,0,train,144.59418290441772,1
normal,N0159,5622,12,50,2022-07-12 00:20:05.836,0,train,205.38801835551413,1
normal,N0159,5623,13,50,2022-07-12 00:20:05.936,0,train,116.01486883761366,0
normal,N0159,5624,14,50,2022-07-12 00:20:06.036,0,train,102.94174041969875,0
normal,N0159,5625,15,50,2022-07-12 00:20:06.136,0,train,58.232290731343866,0
normal,N0159,5626,16,50,2022-07-12 00:20:06.236,0,train,45.13737447510092,0
normal,N0159,5627,17,50,2022-07-12 00:20:06.336,0,train,49.87302888431295,0
normal,N0159,5628,18,50,2022-07-12 00:20:06.436,0,train,46.4950564056209,0
normal,N0159,5629,19,50,2022-07-12 00:20:06.536,0,train,49.6436460441176,0
normal,N0159,5630,20,50,2022-07-12 00:20:06.636,0,train,35.329031590659035,0
normal,N0159,5631,21,50,2022-07-12 00:20:06.736,0,train,41.297402122041134,0
normal,N0159,5632,22,50,2022-07-12 00:20:06.836,0,train,34.322003869174154,0
normal,N0159,5633,23,50,2022-07-12 00:20:06.936,0,train,26.511074237503102,0
normal,N0159,5634,24,50,2022-07-12 00:20:07.036,0,train,33.69318340564507,0
normal,N0159,5635,25,50,2022-07-12 00:20:07.136,0,train,45.49810374887855,0
normal,N0159,5636,26,50,2022-07-12 00:20:07.236,0,train,32.88061921429812,0
normal,N0159,5637,27,50,2022-07-12 00:20:07.336,0,train,57.398350289016506,0
normal,N0159,5638,28,50,2022-07-12 00:20:07.436,0,train,44.44817469731283,0
normal,N0159,5639,29,50,2022-07-12 00:20:07.536,0,train,37.185538338926285,0
normal,N0159,5640,30,50,2022-07-12 00:20:07.636,0,train,62.41054102600675,0
normal,N0159,5641,31,50,2022-07-12 00:20:07.736,0,train,28.429312781388187,0
normal,N0159,5642,32,50,2022-07-12 00:20:07.836,0,train,34.03399019978556,0
normal,N0159,5643,33,50,2022-07-12 00:20:07.936,0,train,34.239561305679366,0
normal,N0159,5644,34,50,2022-07-12 00:20:08.036,0,train,35.036938059332996,0
normal,N0159,5645,35,50,2022-07-12 00:20:08.136,0,train,38.936544155687734,0
normal,N0159,5646,36,50,2022-07-12 00:20:08.236,0,train,88.3009336988676,0
normal,N0159,5647,37,50,2022-07-12 00:20:08.336,0,train,39.86031049141343,0
normal,N0159,5648,38,50,2022-07-12 00:20:08.436,0,train,43.58973428061057,0
normal,N0159,5649,39,50,2022-07-12 00:20:08.536,0,train,40.10158877292994,0
normal,N0159,5650,40,50,2022-07-12 00:20:08.636,0,train,40.063351508410946,0
normal,N0159,5651,41,50,2022-07-12 00:20:08.736,0,train,40.95089655544567,0
normal,N0159,5652,42,50,2022-07-12 00:20:08.836,0,train,25.032859025444694,0
normal,N0159,5653,43,50,2022-07-12 00:20:08.936,0,train,29.368759962703532,0
normal,N0159,5654,44,50,2022-07-12 00:20:09.036,0,train,42.35725450496346,0
normal,N0159,5655,45,50,2022-07-12 00:20:09.136,0,train,24.278165687731754,0
normal,N0159,5656,46,50,2022-07-12 00:20:09.236,0,train,21.215644520999845,0
normal,N0159,5657,47,50,2022-07-12 00:20:09.336,0,train,33.40938033694445,0
normal,N0159,5658,48,50,2022-07-12 00:20:09.436,0,train,24.502935369471547,0
normal,N0159,5659,49,50,2022-07-12 00:20:09.536,0,train,38.49599730360888,0
normal,N0160,5669,9,38,2022-07-12 00:20:13.469,0,train,54.34705852304776,0
normal,N0160,5670,10,38,2022-07-12 00:20:13.569,0,train,29.56885296730453,0
normal,N0160,5671,11,38,2022-07-12 00:20:13.669,0,train,33.35184375269096,0
normal,N0160,5672,12,38,2022-07-12 00:20:13.769,0,train,33.054583242900584,0
normal,N0160,5673,13,38,2022-07-12 00:20:13.869,0,train,48.745508226051385,0
normal,N0160,5674,14,38,2022-07-12 00:20:13.969,0,train,38.87859172377127,0
normal,N0160,5675,15,38,2022-07-12 00:20:14.069,0,train,41.44948112202887,0
normal,N0160,5676,16,38,2022-07-12 00:20:14.169,0,train,40.28918645405172,0
normal,N0160,5677,17,38,2022-07-12 00:20:14.269,0,train,58.57498559132156,0
normal,N0160,5678,18,38,2022-07-12 00:20:14.369,0,train,43.86862425810772,0
normal,N0160,5679,19,38,2022-07-12 00:20:14.469,0,train,37.83770129739119,0
normal,N0160,5680,20,38,2022-07-12 00:20:14.569,0,train,45.03076118027619,0
normal,N0160,5681,21,38,2022-07-12 00:20:14.669,0,train,50.60415261314314,0
normal,N0160,5682,22,38,2022-07-12 00:20:14.769,0,train,31.364682080608166,0
normal,N0160,5683,23,38,2022-07-12 00:20:14.869,0,train,38.691538247338364,0
normal,N0160,5684,24,38,2022-07-12 00:20:14.969,0,train,52.67034018364703,0
normal,N0160,5685,25,38,2022-07-12 00:20:15.069,0,train,53.7067641021552,0
normal,N0160,5686,26,38,2022-07-12 00:20:15.169,0,train,48.36283780430891,0
normal,N0160,5687,27,38,2022-07-12 00:20:15.269,0,train,41.25649516651883,0
normal,N0160,5688,28,38,2022-07-12 00:20:15.369,0,train,29.643218570033863,0
normal,N0160,5689,29,38,2022-07-12 00:20:15.469,0,train,28.886929112457175,0
normal,N0160,5690,30,38,2022-07-12 00:20:15.569,0,train,25.942099048235235,0
normal,N0160,5691,31,38,2022-07-12 00:20:15.669,0,train,39.384477679474834,0
normal,N0160,5692,32,38,2022-07-12 00:20:15.769,0,train,36.94190535257758,0
normal,N0160,5693,33,38,2022-07-12 00:20:15.869,0,train,44.44077251173282,0
normal,N0160,5694,34,38,2022-07-12 00:20:15.969,0,train,56.241059727142485,0
normal,N0160,5695,35,38,2022-07-12 00:20:16.069,0,train,34.58197887232776,0
normal,N0160,5696,36,38,2022-07-12 00:20:16.169,0,train,33.342879345584414,0
normal,N0160,5697,37,38,2022-07-12 00:20:16.269,0,train,33.78990326070021,0
normal,N0161,5707,9,26,2022-07-12 00:20:21.437,0,train,29.59651651559798,0
normal,N0161,5708,10,26,2022-07-12 00:20:21.537,0,train,34.77001919682656,0
normal,N0161,5709,11,26,2022-07-12 00:20:21.637,0,train,27.789177766313923,0
normal,N0161,5710,12,26,2022-07-12 00:20:21.737,0,train,26.12668575960083,0
normal,N0161,5711,13,26,2022-07-12 00:20:21.837,0,train,34.523122696130066,0
normal,N0161,5712,14,26,2022-07-12 00:20:21.937,0,train,35.877349430250085,0
normal,N0161,5713,15,26,2022-07-12 00:20:22.037,0,train,22.503050235824972,0
normal,N0161,5714,16,26,2022-07-12 00:20:22.137,0,train,28.94643808814418,0
normal,N0161,5715,17,26,2022-07-12 00:20:22.237,0,train,28.135680860151826,0
normal,N0161,5716,18,26,2022-07-12 00:20:22.337,0,train,30.90236404293193,0
normal,N0161,5717,19,26,2022-07-12 00:20:22.437,0,train,47.68045546828357,0
normal,N0161,5718,20,26,2022-07-12 00:20:22.537,0,train,50.67276519077091,0
normal,N0161,5719,21,26,2022-07-12 00:20:22.637,0,train,45.95468631658936,0
normal,N0161,5720,22,26,2022-07-12 00:20:22.737,0,train,46.22033888118744,0
normal,N0161,5721,23,26,2022-07-12 00:20:22.837,0,train,56.685702675936206,0
normal,N0161,5722,24,26,2022-07-12 00:20:22.937,0,train,37.7835147821692,0
normal,N0161,5723,25,26,2022-07-12 00:20:23.037,0,train,30.550627885826046,0
normal,N0164,5748,9,50,2022-07-12 00:20:46.031,0,train,44.03184966123841,0
normal,N0164,5749,10,50,2022-07-12 00:20:46.131,0,train,30.044196760307504,0
normal,N0164,5750,11,50,2022-07-12 00:20:46.231,0,train,28.479274271801344,0
normal,N0164,5751,12,50,2022-07-12 00:20:46.331,0,train,44.95892725241947,0
normal,N0164,5752,13,50,2022-07-12 00:20:46.431,0,train,52.123690100616884,0
normal,N0164,5753,14,50,2022-07-12 00:20:46.531,0,train,56.65721680745571,0
normal,N0164,5754,15,50,2022-07-12 00:20:46.631,0,train,68.35739534560035,0
normal,N0164,5755,16,50,2022-07-12 00:20:46.731,0,train,70.10289699508458,0
normal,N0164,5756,17,50,2022-07-12 00:20:46.831,0,train,77.19964020606604,0
normal,N0164,5757,18,50,2022-07-12 00:20:46.931,0,train,69.95485394271283,0
normal,N0164,5758,19,50,2022-07-12 00:20:47.031,0,train,44.55198288280548,0
normal,N0164,5759,20,50,2022-07-12 00:20:47.131,0,train,48.541953382984474,0
normal,N0164,5760,21,50,2022-07-12 00:20:47.231,0,train,102.75190730377022,0
normal,N0164,5761,22,50,2022-07-12 00:20:47.331,0,train,92.15864899934175,0
normal,N0164,5762,23,50,2022-07-12 00:20:47.431,0,train,108.98132990004923,0
normal,N0164,5763,24,50,2022-07-12 00:20:47.531,0,train,149.07513337835266,1
normal,N0164,5764,25,50,2022-07-12 00:20:47.631,0,train,105.51916016234614,0
normal,N0164,5765,26,50,2022-07-12 00:20:47.731,0,train,76.4481021330413,0
normal,N0164,5766,27,50,2022-07-12 00:20:47.831,0,train,116.15377516596284,0
normal,N0164,5767,28,50,2022-07-12 00:20:47.931,0,train,81.46932256704605,0
normal,N0164,5768,29,50,2022-07-12 00:20:48.031,0,train,60.98773057303871,0
normal,N0164,5769,30,50,2022-07-12 00:20:48.131,0,train,50.31049023477915,0
normal,N0164,5770,31,50,2022-07-12 00:20:48.231,0,train,50.877836480554,0
normal,N0164,5771,32,50,2022-07-12 00:20:48.331,0,train,53.27818476431345,0
normal,N0164,5772,33,50,2022-07-12 00:20:48.431,0,train,42.56794544036937,0
normal,N0164,5773,34,50,2022-07-12 00:20:48.531,0,train,86.38943127520652,0
normal,N0164,5774,35,50,2022-07-12 00:20:48.631,0,train,59.14284869847172,0
normal,N0164,5775,36,50,2022-07-12 00:20:48.731,0,train,107.74039121199253,0
normal,N0164,5776,37,50,2022-07-12 00:20:48.831,0,train,101.22423456257924,0
normal,N0164,5777,38,50,2022-07-12 00:20:48.931,0,train,101.2437146850273,0
normal,N0164,5778,39,50,2022-07-12 00:20:49.031,0,train,144.44544809355818,1
normal,N0164,5779,40,50,2022-07-12 00:20:49.131,0,train,182.78828084252007,1
normal,N0164,5780,41,50,2022-07-12 00:20:49.231,0,train,171.78674009628037,1
normal,N0164,5781,42,50,2022-07-12 00:20:49.331,0,train,132.8823691260983,0
normal,N0164,5782,43,50,2022-07-12 00:20:49.431,0,train,93.902205863895,0
normal,N0164,5783,44,50,2022-07-12 00:20:49.531,0,train,101.08245314046253,0
normal,N0164,5784,45,50,2022-07-12 00:20:49.631,0,train,131.80845248130385,0
normal,N0164,5785,46,50,2022-07-12 00:20:49.731,0,train,126.88180247977718,0
normal,N0164,5786,47,50,2022-07-12 00:20:49.831,0,train,174.68039674220353,1
normal,N0164,5787,48,50,2022-07-12 00:20:49.931,0,train,119.35927127483856,0
normal,N0164,5788,49,50,2022-07-12 00:20:50.031,0,train,122.85374898186181,0
normal,N0165,5798,9,43,2022-07-12 00:20:53.336,0,train,38.208193373502915,0
normal,N0165,5799,10,43,2022-07-12 00:20:53.436,0,train,32.517992356856254,0
normal,N0165,5800,11,43,2022-07-12 00:20:53.536,0,train,47.663270558676984,0
normal,N0165,5801,12,43,2022-07-12 00:20:53.636,0,train,46.37480627765592,0
normal,N0165,5802,13,43,2022-07-12 00:20:53.736,0,train,58.67556509116616,0
normal,N0165,5803,14,43,2022-07-12 00:20:53.836,0,train,46.795822068656385,0
normal,N0165,5804,15,43,2022-07-12 00:20:53.936,0,train,54.13257159579878,0
normal,N0165,5805,16,43,2022-07-12 00:20:54.036,0,train,55.583245168014486,0
normal,N0165,5806,17,43,2022-07-12 00:20:54.136,0,train,39.92003400560169,0
normal,N0165,5807,18,43,2022-07-12 00:20:54.236,0,train,31.684538342632564,0
normal,N0165,5808,19,43,2022-07-12 00:20:54.336,0,train,39.748804491274704,0
normal,N0165,5809,20,43,2022-07-12 00:20:54.436,0,train,38.48741495377144,0
normal,N0165,5810,21,43,2022-07-12 00:20:54.536,0,train,44.53671621173675,0
normal,N0165,5811,22,43,2022-07-12 00:20:54.636,0,train,31.61674734595252,0
normal,N0165,5812,23,43,2022-07-12 00:20:54.736,0,train,47.41860279820681,0
normal,N0165,5813,24,43,2022-07-12 00:20:54.836,0,train,29.691796442511347,0
normal,N0165,5814,25,43,2022-07-12 00:20:54.936,0,train,38.63597075700527,0
normal,N0165,5815,26,43,2022-07-12 00:20:55.036,0,train,30.915369954208973,0
normal,N0165,5816,27,43,2022-07-12 00:20:55.136,0,train,43.521980912385004,0
normal,N0165,5817,28,43,2022-07-12 00:20:55.236,0,train,30.731173668340364,0
normal,N0165,5818,29,43,2022-07-12 00:20:55.336,0,train,48.577358110715906,0
normal,N0165,5819,30,43,2022-07-12 00:20:55.436,0,train,42.77439137838125,0
normal,N0165,5820,31,43,2022-07-12 00:20:55.536,0,train,39.03164873176447,0
normal,N0165,5821,32,43,2022-07-12 00:20:55.636,0,train,35.70893324832013,0
normal,N0165,5822,33,43,2022-07-12 00:20:55.736,0,train,70.44822820698138,0
normal,N0165,5823,34,43,2022-07-12 00:20:55.836,0,train,45.156108966644126,0
normal,N0165,5824,35,43,2022-07-12 00:20:55.936,0,train,47.495687725800614,0
normal,N0165,5825,36,43,2022-07-12 00:20:56.036,0,train,40.529429969067735,0
normal,N0165,5826,37,43,2022-07-12 00:20:56.136,0,train,39.73258010908528,0
normal,N0165,5827,38,43,2022-07-12 00:20:56.236,0,train,43.600027307729995,0
normal,N0165,5828,39,43,2022-07-12 00:20:56.336,0,train,45.276690824632745,0
normal,N0165,5829,40,43,2022-07-12 00:20:56.436,0,train,37.75272289933776,0
normal,N0165,5830,41,43,2022-07-12 00:20:56.536,0,train,37.21929946482804,0
normal,N0165,5831,42,43,2022-07-12 00:20:56.636,0,train,48.72818079775861,0
normal,N0166,5841,9,32,2022-07-12 00:21:01.316,0,train,49.731692895171975,0
normal,N0166,5842,10,32,2022-07-12 00:21:01.416,0,train,46.560259709285596,0
normal,N0166,5843,11,32,2022-07-12 00:21:01.516,0,train,33.50093965207317,0
normal,N0166,5844,12,32,2022-07-12 00:21:01.616,0,train,40.19617846308822,0
normal,N0166,5845,13,32,2022-07-12 00:21:01.716,0,train,30.71656574128658,0
normal,N0166,5846,14,32,2022-07-12 00:21:01.816,0,train,23.7033190651041,0
normal,N0166,5847,15,32,2022-07-12 00:21:01.916,0,train,41.85969664502173,0
normal,N0166,5848,16,32,2022-07-12 00:21:02.016,0,train,38.2882178060489,0
normal,N0166,5849,17,32,2022-07-12 00:21:02.116,0,train,18.487181475181416,0
normal,N0166,5850,18,32,2022-07-12 00:21:02.216,0,train,28.495569032233902,0
normal,N0166,5851,19,32,2022-07-12 00:21:02.316,0,train,37.24044256634095,0
normal,N0166,5852,20,32,2022-07-12 00:21:02.416,0,train,31.135492634696877,0
normal,N0166,5853,21,32,2022-07-12 00:21:02.516,0,train,29.86885296115134,0
normal,N0166,5854,22,32,2022-07-12 00:21:02.616,0,train,23.54457119240635,0
normal,N0166,5855,23,32,2022-07-12 00:21:02.716,0,train,33.34070543257811,0
normal,N0166,5856,24,32,2022-07-12 00:21:02.816,0,train,31.646206102388774,0
normal,N0166,5857,25,32,2022-07-12 00:21:02.916,0,train,21.047026585017665,0
normal,N0166,5858,26,32,2022-07-12 00:21:03.016,0,train,24.600375348330246,0
normal,N0166,5859,27,32,2022-07-12 00:21:03.116,0,train,28.133062545009732,0
normal,N0166,5860,28,32,2022-07-12 00:21:03.216,0,train,17.55774639685918,0
normal,N0166,5861,29,32,2022-07-12 00:21:03.316,0,train,23.86880701529341,0
normal,N0166,5862,30,32,2022-07-12 00:21:03.416,0,train,21.530978900959237,0
normal,N0166,5863,31,32,2022-07-12 00:21:03.516,0,train,15.219646946916424,0
normal,N0169,5899,9,50,2022-07-12 00:21:26.704,0,train,75.15185077148142,0
normal,N0169,5900,10,50,2022-07-12 00:21:26.804,0,train,69.02232237736008,0
normal,N0169,5901,11,50,2022-07-12 00:21:26.904,0,train,56.7629316975066,0
normal,N0169,5902,12,50,2022-07-12 00:21:27.004,0,train,76.71053242084061,0
normal,N0169,5903,13,50,2022-07-12 00:21:27.104,0,train,53.06943235235721,0
normal,N0169,5904,14,50,2022-07-12 00:21:27.204,0,train,49.32353297393546,0
normal,N0169,5905,15,50,2022-07-12 00:21:27.304,0,train,69.3534989790457,0
normal,N0169,5906,16,50,2022-07-12 00:21:27.404,0,train,45.21672674782728,0
normal,N0169,5907,17,50,2022-07-12 00:21:27.504,0,train,40.18087836755236,0
normal,N0169,5908,18,50,2022-07-12 00:21:27.604,0,train,50.70101178171515,0
normal,N0169,5909,19,50,2022-07-12 00:21:27.704,0,train,34.925559373116236,0
normal,N0169,5910,20,50,2022-07-12 00:21:27.804,0,train,37.01261495398525,0
normal,N0169,5911,21,50,2022-07-12 00:21:27.904,0,train,120.89151417760134,0
normal,N0169,5912,22,50,2022-07-12 00:21:28.004,0,train,46.94112749428148,0
normal,N0169,5913,23,50,2022-07-12 00:21:28.104,0,train,37.5439821635079,0
normal,N0169,5914,24,50,2022-07-12 00:21:28.204,0,train,33.39922426998608,0
normal,N0169,5915,25,50,2022-07-12 00:21:28.304,0,train,30.963598476974575,0
normal,N0169,5916,26,50,2022-07-12 00:21:28.404,0,train,29.59307324488519,0
normal,N0169,5917,27,50,2022-07-12 00:21:28.504,0,train,29.963916579676464,0
normal,N0169,5918,28,50,2022-07-12 00:21:28.604,0,train,28.422450816901716,0
normal,N0169,5919,29,50,2022-07-12 00:21:28.704,0,train,27.44334501595192,0
normal,N0169,5920,30,50,2022-07-12 00:21:28.804,0,train,39.95155019965434,0
normal,N0169,5921,31,50,2022-07-12 00:21:28.904,0,train,37.873772832344756,0
normal,N0169,5922,32,50,2022-07-12 00:21:29.004,0,train,29.51533475493598,0
normal,N0169,5923,33,50,2022-07-12 00:21:29.104,0,train,34.845666940789265,0
normal,N0169,5924,34,50,2022-07-12 00:21:29.204,0,train,40.358276826770144,0
normal,N0169,5925,35,50,2022-07-12 00:21:29.304,0,train,38.08925450355742,0
normal,N0169,5926,36,50,2022-07-12 00:21:29.404,0,train,64.08596585520728,0
normal,N0169,5927,37,50,2022-07-12 00:21:29.504,0,train,67.83450028844439,0
normal,N0169,5928,38,50,2022-07-12 00:21:29.604,0,train,67.80630343247489,0
normal,N0169,5929,39,50,2022-07-12 00:21:29.704,0,train,52.17475603365254,0
normal,N0169,5930,40,50,2022-07-12 00:21:29.804,0,train,39.5955016338004,0
normal,N0169,5931,41,50,2022-07-12 00:21:29.904,0,train,49.04194978866397,0
normal,N0169,5932,42,50,2022-07-12 00:21:30.004,0,train,49.331187437997286,0
normal,N0169,5933,43,50,2022-07-12 00:21:30.104,0,train,37.38210432998344,0
normal,N0169,5934,44,50,2022-07-12 00:21:30.204,0,train,32.703403241653554,0
normal,N0169,5935,45,50,2022-07-12 00:21:30.304,0,train,34.07560953293488,0
normal,N0169,5936,46,50,2022-07-12 00:21:30.404,0,train,57.001353376207334,0
normal,N0169,5937,47,50,2022-07-12 00:21:30.504,0,train,65.89348118889242,0
normal,N0169,5938,48,50,2022-07-12 00:21:30.604,0,train,56.57860390719135,0
normal,N0169,5939,49,50,2022-07-12 00:21:30.704,0,train,61.26260107176778,0
normal,N0170,5949,9,42,2022-07-12 00:21:34.258,0,train,50.33049800228943,0
normal,N0170,5950,10,42,2022-07-12 00:21:34.358,0,train,61.962797623929006,0
normal,N0170,5951,11,42,2022-07-12 00:21:34.458,0,train,65.66554912505282,0
normal,N0170,5952,12,42,2022-07-12 00:21:34.558,0,train,46.38959627863664,0
normal,N0170,5953,13,42,2022-07-12 00:21:34.658,0,train,34.65860852738403,0
normal,N0170,5954,14,42,2022-07-12 00:21:34.758,0,train,51.89351417986428,0
normal,N0170,5955,15,42,2022-07-12 00:21:34.858,0,train,52.40947965847655,0
normal,N0170,5956,16,42,2022-07-12 00:21:34.958,0,train,32.422915453378266,0
normal,N0170,5957,17,42,2022-07-12 00:21:35.058,0,train,40.04996219016387,0
normal,N0170,5958,18,42,2022-07-12 00:21:35.158,0,train,44.925809742734025,0
normal,N0170,5959,19,42,2022-07-12 00:21:35.258,0,train,53.33199663303205,0
normal,N0170,5960,20,42,2022-07-12 00:21:35.358,0,train,41.2830026686431,0
normal,N0170,5961,21,42,2022-07-12 00:21:35.458,0,train,38.424622085782,0
normal,N0170,5962,22,42,2022-07-12 00:21:35.558,0,train,29.97032161500279,0
normal,N0170,5963,23,42,2022-07-12 00:21:35.658,0,train,62.856328442425145,0
normal,N0170,5964,24,42,2022-07-12 00:21:35.758,0,train,41.54598757990219,0
normal,N0170,5965,25,42,2022-07-12 00:21:35.858,0,train,72.19088452896325,0
normal,N0170,5966,26,42,2022-07-12 00:21:35.958,0,train,81.42661225757867,0
normal,N0170,5967,27,42,2022-07-12 00:21:36.058,0,train,59.9209661678427,0
normal,N0170,5968,28,42,2022-07-12 00:21:36.158,0,train,61.98491190526767,0
normal,N0170,5969,29,42,2022-07-12 00:21:36.258,0,train,65.08881173999923,0
normal,N0170,5970,30,42,2022-07-12 00:21:36.358,0,train,62.27885935107603,0
normal,N0170,5971,31,42,2022-07-12 00:21:36.458,0,train,70.41562896660692,0
normal,N0170,5972,32,42,2022-07-12 00:21:36.558,0,train,102.13856684068801,0
normal,N0170,5973,33,42,2022-07-12 00:21:36.658,0,train,66.4127910158934,0
normal,N0170,5974,34,42,2022-07-12 00:21:36.758,0,train,75.26046666081709,0
normal,N0170,5975,35,42,2022-07-12 00:21:36.858,0,train,74.29839066201552,0
normal,N0170,5976,36,42,2022-07-12 00:21:36.958,0,train,55.91462317021564,0
normal,N0170,5977,37,42,2022-07-12 00:21:37.058,0,train,65.59032802487218,0
normal,N0170,5978,38,42,2022-07-12 00:21:37.158,0,train,53.41829779279055,0
normal,N0170,5979,39,42,2022-07-12 00:21:37.258,0,train,43.551486723841414,0
normal,N0170,5980,40,42,2022-07-12 00:21:37.358,0,train,50.991140037662504,0
normal,N0170,5981,41,42,2022-07-12 00:21:37.458,0,train,57.80697886308495,0
normal,N0171,5991,9,27,2022-07-12 00:21:42.400,0,train,23.322243146659734,0
normal,N0171,5992,10,27,2022-07-12 00:21:42.500,0,train,28.92856796970828,0
normal,N0171,5993,11,27,2022-07-12 00:21:42.600,0,train,42.60894568920686,0
normal,N0171,5994,12,27,2022-07-12 00:21:42.700,0,train,35.39685895164386,0
normal,N0171,5995,13,27,2022-07-12 00:21:42.800,0,train,34.631936934519544,0
normal,N0171,5996,14,27,2022-07-12 00:21:42.900,0,train,39.2213374244859,0
normal,N0171,5997,15,27,2022-07-12 00:21:43.000,0,train,36.78901958961294,0
normal,N0171,5998,16,27,2022-07-12 00:21:43.100,0,train,30.671839580374403,0
normal,N0171,5999,17,27,2022-07-12 00:21:43.200,0,train,40.471943100676896,0
normal,N0171,6000,18,27,2022-07-12 00:21:43.300,0,train,37.221409799046015,0
normal,N0171,6001,19,27,2022-07-12 00:21:43.400,0,train,56.084481249249336,0
normal,N0171,6002,20,27,2022-07-12 00:21:43.500,0,train,37.51761591462623,0
normal,N0171,6003,21,27,2022-07-12 00:21:43.600,0,train,42.25295157672947,0
normal,N0171,6004,22,27,2022-07-12 00:21:43.700,0,train,45.90817303774662,0
normal,N0171,6005,23,27,2022-07-12 00:21:43.800,0,train,25.34174071366711,0
normal,N0171,6006,24,27,2022-07-12 00:21:43.900,0,train,27.637606852474285,0
normal,N0171,6007,25,27,2022-07-12 00:21:44.000,0,train,40.915764509331915,0
normal,N0171,6008,26,27,2022-07-12 00:21:44.100,0,train,30.17463097171249,0
normal,N0173,6044,9,14,2022-07-12 00:21:58.162,0,train,31.764884448338215,0
normal,N0173,6045,10,14,2022-07-12 00:21:58.262,0,train,25.780082948118594,0
normal,N0173,6046,11,14,2022-07-12 00:21:58.362,0,train,33.4473801773191,0
normal,N0173,6047,12,14,2022-07-12 00:21:58.462,0,train,31.502375257887824,0
normal,N0173,6048,13,14,2022-07-12 00:21:58.562,0,train,43.06204929571117,0
normal,N0175,6061,9,50,2022-07-12 00:22:07.978,0,train,33.734949394502905,0
normal,N0175,6062,10,50,2022-07-12 00:22:08.078,0,train,28.386000049087777,0
normal,N0175,6063,11,50,2022-07-12 00:22:08.178,0,train,44.52934221985619,0
normal,N0175,6064,12,50,2022-07-12 00:22:08.278,0,train,38.85186968402005,0
normal,N0175,6065,13,50,2022-07-12 00:22:08.378,0,train,25.998630559687566,0
normal,N0175,6066,14,50,2022-07-12 00:22:08.478,0,train,26.14887109692042,0
normal,N0175,6067,15,50,2022-07-12 00:22:08.578,0,train,31.229791526224023,0
normal,N0175,6068,16,50,2022-07-12 00:22:08.678,0,train,20.697276382493573,0
normal,N0175,6069,17,50,2022-07-12 00:22:08.778,0,train,31.68313388553821,0
normal,N0175,6070,18,50,2022-07-12 00:22:08.878,0,train,19.19842344596459,0
normal,N0175,6071,19,50,2022-07-12 00:22:08.978,0,train,19.454380035735326,0
normal,N0175,6072,20,50,2022-07-12 00:22:09.078,0,train,18.22295989354017,0
normal,N0175,6073,21,50,2022-07-12 00:22:09.178,0,train,24.20415420237347,0
normal,N0175,6074,22,50,2022-07-12 00:22:09.278,0,train,25.82435112284802,0
normal,N0175,6075,23,50,2022-07-12 00:22:09.378,0,train,49.021010192152836,0
normal,N0175,6076,24,50,2022-07-12 00:22:09.478,0,train,47.104228327254255,0
normal,N0175,6077,25,50,2022-07-12 00:22:09.578,0,train,20.64040751510671,0
normal,N0175,6078,26,50,2022-07-12 00:22:09.678,0,train,19.910410886853125,0
normal,N0175,6079,27,50,2022-07-12 00:22:09.778,0,train,29.602663666859446,0
normal,N0175,6080,28,50,2022-07-12 00:22:09.878,0,train,22.602028973940207,0
normal,N0175,6081,29,50,2022-07-12 00:22:09.978,0,train,30.454501629386215,0
normal,N0175,6082,30,50,2022-07-12 00:22:10.078,0,train,46.694402925085484,0
normal,N0175,6083,31,50,2022-07-12 00:22:10.178,0,train,24.034636576451646,0
normal,N0175,6084,32,50,2022-07-12 00:22:10.278,0,train,36.74843919631412,0
normal,N0175,6085,33,50,2022-07-12 00:22:10.378,0,train,28.467575932613347,0
normal,N0175,6086,34,50,2022-07-12 00:22:10.478,0,train,23.283271004112624,0
normal,N0175,6087,35,50,2022-07-12 00:22:10.578,0,train,47.897080131306325,0
normal,N0175,6088,36,50,2022-07-12 00:22:10.678,0,train,43.76868093990598,0
normal,N0175,6089,37,50,2022-07-12 00:22:10.778,0,train,23.240189663145024,0
normal,N0175,6090,38,50,2022-07-12 00:22:10.878,0,train,29.064922548356495,0
normal,N0175,6091,39,50,2022-07-12 00:22:10.978,0,train,37.42846602278937,0
normal,N0175,6092,40,50,2022-07-12 00:22:11.078,0,train,45.04668512956997,0
normal,N0175,6093,41,50,2022-07-12 00:22:11.178,0,train,65.38493526205247,0
normal,N0175,6094,42,50,2022-07-12 00:22:11.278,0,train,54.68682489401387,0
normal,N0175,6095,43,50,2022-07-12 00:22:11.378,0,train,71.25041471251049,0
normal,N0175,6096,44,50,2022-07-12 00:22:11.478,0,train,72.08276978677047,0
normal,N0175,6097,45,50,2022-07-12 00:22:11.578,0,train,74.35776890241574,0
normal,N0175,6098,46,50,2022-07-12 00:22:11.678,0,train,64.09793655077476,0
normal,N0175,6099,47,50,2022-07-12 00:22:11.778,0,train,65.07436937467261,0
normal,N0175,6100,48,50,2022-07-12 00:22:11.878,0,train,54.93894895773523,0
normal,N0175,6101,49,50,2022-07-12 00:22:11.978,0,train,58.18159734817399,0
normal,N0176,6111,9,50,2022-07-12 00:22:14.749,0,train,25.473877952780978,0
normal,N0176,6112,10,50,2022-07-12 00:22:14.849,0,train,30.107979683027754,0
normal,N0176,6113,11,50,2022-07-12 00:22:14.949,0,train,35.682906107816315,0
normal,N0176,6114,12,50,2022-07-12 00:22:15.049,0,train,48.87819351569471,0
normal,N0176,6115,13,50,2022-07-12 00:22:15.149,0,train,41.569402984806324,0
normal,N0176,6116,14,50,2022-07-12 00:22:15.249,0,train,41.91615119013757,0
normal,N0176,6117,15,50,2022-07-12 00:22:15.349,0,train,69.6736026788724,0
normal,N0176,6118,16,50,2022-07-12 00:22:15.449,0,train,25.97656687253521,0
normal,N0176,6119,17,50,2022-07-12 00:22:15.549,0,train,27.93144123856245,0
normal,N0176,6120,18,50,2022-07-12 00:22:15.649,0,train,46.15080303406449,0
normal,N0176,6121,19,50,2022-07-12 00:22:15.749,0,train,29.550085069484336,0
normal,N0176,6122,20,50,2022-07-12 00:22:15.849,0,train,30.35095935064046,0
normal,N0176,6123,21,50,2022-07-12 00:22:15.949,0,train,46.7733956069231,0
normal,N0176,6124,22,50,2022-07-12 00:22:16.049,0,train,37.868790773631,0
normal,N0176,6125,23,50,2022-07-12 00:22:16.149,0,train,45.118226103002,0
normal,N0176,6126,24,50,2022-07-12 00:22:16.249,0,train,28.44128981588051,0
normal,N0176,6127,25,50,2022-07-12 00:22:16.349,0,train,30.556603709358548,0
normal,N0176,6128,26,50,2022-07-12 00:22:16.449,0,train,32.13346288271638,0
normal,N0176,6129,27,50,2022-07-12 00:22:16.549,0,train,35.21200470892032,0
normal,N0176,6130,28,50,2022-07-12 00:22:16.649,0,train,35.6728580997701,0
normal,N0176,6131,29,50,2022-07-12 00:22:16.749,0,train,42.84763789700309,0
normal,N0176,6132,30,50,2022-07-12 00:22:16.849,0,train,50.873933716826,0
normal,N0176,6133,31,50,2022-07-12 00:22:16.949,0,train,53.34222581993547,0
normal,N0176,6134,32,50,2022-07-12 00:22:17.049,0,train,56.02207555408709,0
normal,N0176,6135,33,50,2022-07-12 00:22:17.149,0,train,55.47422155815464,0
normal,N0176,6136,34,50,2022-07-12 00:22:17.249,0,train,48.355027657225186,0
normal,N0176,6137,35,50,2022-07-12 00:22:17.349,0,train,52.43605449541767,0
normal,N0176,6138,36,50,2022-07-12 00:22:17.449,0,train,61.60782469653425,0
normal,N0176,6139,37,50,2022-07-12 00:22:17.549,0,train,44.92727628830877,0
normal,N0176,6140,38,50,2022-07-12 00:22:17.649,0,train,33.1798184520921,0
normal,N0176,6141,39,50,2022-07-12 00:22:17.749,0,train,35.74340602276335,0
normal,N0176,6142,40,50,2022-07-12 00:22:17.849,0,train,66.56824567724907,0
normal,N0176,6143,41,50,2022-07-12 00:22:17.949,0,train,30.92125953746422,0
normal,N0176,6144,42,50,2022-07-12 00:22:18.049,0,train,33.58565433070905,0
normal,N0176,6145,43,50,2022-07-12 00:22:18.149,0,train,26.304390303886983,0
normal,N0176,6146,44,50,2022-07-12 00:22:18.249,0,train,29.535343161429388,0
normal,N0176,6147,45,50,2022-07-12 00:22:18.349,0,train,37.64190684221546,0
normal,N0176,6148,46,50,2022-07-12 00:22:18.449,0,train,50.48038873098484,0
normal,N0176,6149,47,50,2022-07-12 00:22:18.549,0,train,35.48769075934117,0
normal,N0176,6150,48,50,2022-07-12 00:22:18.649,0,train,40.43349129541044,0
normal,N0176,6151,49,50,2022-07-12 00:22:18.749,0,train,33.19200197296916,0
normal,N0178,6207,9,32,2022-07-12 00:22:29.976,0,train,183.0174993413638,1
normal,N0178,6208,10,32,2022-07-12 00:22:30.076,0,train,172.98243574438553,1
normal,N0178,6209,11,32,2022-07-12 00:22:30.176,0,train,189.82328012368043,1
normal,N0178,6210,12,32,2022-07-12 00:22:30.276,0,train,159.2938463961648,1
normal,N0178,6211,13,32,2022-07-12 00:22:30.376,0,train,176.07591414268535,1
normal,N0178,6212,14,32,2022-07-12 00:22:30.476,0,train,267.1125772833995,1
normal,N0178,6213,15,32,2022-07-12 00:22:30.576,0,train,202.02150489877556,1
normal,N0178,6214,16,32,2022-07-12 00:22:30.676,0,train,217.11467956028952,1
normal,N0178,6215,17,32,2022-07-12 00:22:30.776,0,train,216.2890089637949,1
normal,N0178,6216,18,32,2022-07-12 00:22:30.876,0,train,294.1591430311793,1
normal,N0178,6217,19,32,2022-07-12 00:22:30.976,0,train,171.0883389981618,1
normal,N0178,6218,20,32,2022-07-12 00:22:31.076,0,train,197.20152353296916,1
normal,N0178,6219,21,32,2022-07-12 00:22:31.176,0,train,130.7916712280618,0
normal,N0178,6220,22,32,2022-07-12 00:22:31.276,0,train,136.78055569783078,0
normal,N0178,6221,23,32,2022-07-12 00:22:31.376,0,train,132.39251028648482,0
normal,N0178,6222,24,32,2022-07-12 00:22:31.476,0,train,110.54125911813479,0
normal,N0178,6223,25,32,2022-07-12 00:22:31.576,0,train,118.8424664092383,0
normal,N0178,6224,26,32,2022-07-12 00:22:31.676,0,train,91.2748858500066,0
normal,N0178,6225,27,32,2022-07-12 00:22:31.776,0,train,88.95171448913611,0
normal,N0178,6226,28,32,2022-07-12 00:22:31.876,0,train,119.2823001409681,0
normal,N0178,6227,29,32,2022-07-12 00:22:31.976,0,train,64.39923713385595,0
normal,N0178,6228,30,32,2022-07-12 00:22:32.076,0,train,62.69594971386628,0
normal,N0178,6229,31,32,2022-07-12 00:22:32.176,0,train,55.60601813521022,0
normal,N0179,6239,9,20,2022-07-12 00:22:37.972,0,train,19.610223629236824,0
normal,N0179,6240,10,20,2022-07-12 00:22:38.072,0,train,44.79338380521475,0
normal,N0179,6241,11,20,2022-07-12 00:22:38.172,0,train,57.25490113036896,0
normal,N0179,6242,12,20,2022-07-12 00:22:38.272,0,train,34.950237126365735,0
normal,N0179,6243,13,20,2022-07-12 00:22:38.372,0,train,28.29295998728351,0
normal,N0179,6244,14,20,2022-07-12 00:22:38.472,0,train,30.27155950201321,0
normal,N0179,6245,15,20,2022-07-12 00:22:38.572,0,train,30.57294851429754,0
normal,N0179,6246,16,20,2022-07-12 00:22:38.672,0,train,26.245615164986205,0
normal,N0179,6247,17,20,2022-07-12 00:22:38.772,0,train,35.872413910263994,0
normal,N0179,6248,18,20,2022-07-12 00:22:38.872,0,train,34.83830976263781,0
normal,N0179,6249,19,20,2022-07-12 00:22:38.972,0,train,48.48927424881442,0
normal,N0181,6266,9,50,2022-07-12 00:22:54.836,0,train,56.1048359282892,0
normal,N0181,6267,10,50,2022-07-12 00:22:54.936,0,train,44.9244294623302,0
normal,N0181,6268,11,50,2022-07-12 00:22:55.036,0,train,65.99294614503297,0
normal,N0181,6269,12,50,2022-07-12 00:22:55.136,0,train,68.69115034627121,0
normal,N0181,6270,13,50,2022-07-12 00:22:55.236,0,train,48.19578883510899,0
normal,N0181,6271,14,50,2022-07-12 00:22:55.336,0,train,72.0988609417545,0
normal,N0181,6272,15,50,2022-07-12 00:22:55.436,0,train,60.20705600907455,0
normal,N0181,6273,16,50,2022-07-12 00:22:55.536,0,train,41.61080408005789,0
normal,N0181,6274,17,50,2022-07-12 00:22:55.636,0,train,37.8254115675111,0
normal,N0181,6275,18,50,2022-07-12 00:22:55.736,0,train,43.2461252897241,0
normal,N0181,6276,19,50,2022-07-12 00:22:55.836,0,train,40.923977515324594,0
normal,N0181,6277,20,50,2022-07-12 00:22:55.936,0,train,57.106793944313175,0
normal,N0181,6278,21,50,2022-07-12 00:22:56.036,0,train,48.28335982569749,0
normal,N0181,6279,22,50,2022-07-12 00:22:56.136,0,train,40.20102020741444,0
normal,N0181,6280,23,50,2022-07-12 00:22:56.236,0,train,54.47823694133983,0
normal,N0181,6281,24,50,2022-07-12 00:22:56.336,0,train,52.614899267597764,0
normal,N0181,6282,25,50,2022-07-12 00:22:56.436,0,train,47.102913351537815,0
normal,N0181,6283,26,50,2022-07-12 00:22:56.536,0,train,52.59128224318179,0
normal,N0181,6284,27,50,2022-07-12 00:22:56.636,0,train,79.64771148540642,0
normal,N0181,6285,28,50,2022-07-12 00:22:56.736,0,train,98.6656068420053,0
normal,N0181,6286,29,50,2022-07-12 00:22:56.836,0,train,37.393792135877035,0
normal,N0181,6287,30,50,2022-07-12 00:22:56.936,0,train,35.20832297825773,0
normal,N0181,6288,31,50,2022-07-12 00:22:57.036,0,train,46.597634749470004,0
normal,N0181,6289,32,50,2022-07-12 00:22:57.136,0,train,56.173335085938525,0
normal,N0181,6290,33,50,2022-07-12 00:22:57.236,0,train,45.686727480689335,0
normal,N0181,6291,34,50,2022-07-12 00:22:57.336,0,train,33.73260110467237,0
normal,N0181,6292,35,50,2022-07-12 00:22:57.436,0,train,33.7536911075233,0
normal,N0181,6293,36,50,2022-07-12 00:22:57.536,0,train,44.993774506670114,0
normal,N0181,6294,37,50,2022-07-12 00:22:57.636,0,train,37.14540744005888,0
normal,N0181,6295,38,50,2022-07-12 00:22:57.736,0,train,39.86885972756966,0
normal,N0181,6296,39,50,2022-07-12 00:22:57.836,0,train,38.716617406739374,0
normal,N0181,6297,40,50,2022-07-12 00:22:57.936,0,train,69.77719266718277,0
normal,N0181,6298,41,50,2022-07-12 00:22:58.036,0,train,37.34334612898412,0
normal,N0181,6299,42,50,2022-07-12 00:22:58.136,0,train,41.13716469319578,0
normal,N0181,6300,43,50,2022-07-12 00:22:58.236,0,train,45.13790047696531,0
normal,N0181,6301,44,50,2022-07-12 00:22:58.336,0,train,50.01826686150487,0
normal,N0181,6302,45,50,2022-07-12 00:22:58.436,0,train,52.6985383999399,0
normal,N0181,6303,46,50,2022-07-12 00:22:58.536,0,train,43.98743205740458,0
normal,N0181,6304,47,50,2022-07-12 00:22:58.636,0,train,28.199433606967457,0
normal,N0181,6305,48,50,2022-07-12 00:22:58.736,0,train,36.82322021076874,0
normal,N0181,6306,49,50,2022-07-12 00:22:58.836,0,train,38.47757095659023,0
normal,N0183,6363,9,32,2022-07-12 00:23:10.120,0,train,38.48460858843283,0
normal,N0183,6364,10,32,2022-07-12 00:23:10.220,0,train,45.81580368160683,0
normal,N0183,6365,11,32,2022-07-12 00:23:10.320,0,train,54.38047111675179,0
normal,N0183,6366,12,32,2022-07-12 00:23:10.420,0,train,43.318736763035545,0
normal,N0183,6367,13,32,2022-07-12 00:23:10.520,0,train,53.806114243133194,0
normal,N0183,6368,14,32,2022-07-12 00:23:10.620,0,train,48.08363513536907,0
normal,N0183,6369,15,32,2022-07-12 00:23:10.720,0,train,28.168014340550208,0
normal,N0183,6370,16,32,2022-07-12 00:23:10.820,0,train,28.47264142396883,0
normal,N0183,6371,17,32,2022-07-12 00:23:10.920,0,train,33.50227168255774,0
normal,N0183,6372,18,32,2022-07-12 00:23:11.020,0,train,16.81458121625826,0
normal,N0183,6373,19,32,2022-07-12 00:23:11.120,0,train,23.852543263970926,0
normal,N0183,6374,20,32,2022-07-12 00:23:11.220,0,train,47.8695190892447,0
normal,N0183,6375,21,32,2022-07-12 00:23:11.320,0,train,34.147738678307306,0
normal,N0183,6376,22,32,2022-07-12 00:23:11.420,0,train,41.978091892665866,0
normal,N0183,6377,23,32,2022-07-12 00:23:11.520,0,train,36.492022307632105,0
normal,N0183,6378,24,32,2022-07-12 00:23:11.620,0,train,40.88467036564506,0
normal,N0183,6379,25,32,2022-07-12 00:23:11.720,0,train,38.36661739896861,0
normal,N0183,6380,26,32,2022-07-12 00:23:11.820,0,train,34.2094655159236,0
normal,N0183,6381,27,32,2022-07-12 00:23:11.920,0,train,26.14047555162403,0
normal,N0183,6382,28,32,2022-07-12 00:23:12.020,0,train,39.91771823145713,0
normal,N0183,6383,29,32,2022-07-12 00:23:12.120,0,train,31.295633871382996,0
normal,N0183,6384,30,32,2022-07-12 00:23:12.220,0,train,29.350602596961807,0
normal,N0183,6385,31,32,2022-07-12 00:23:12.320,0,train,31.996835291962917,0
normal,N0184,6395,9,33,2022-07-12 00:23:18.104,0,train,28.98108527880955,0
normal,N0184,6396,10,33,2022-07-12 00:23:18.204,0,train,23.851312334885037,0
normal,N0184,6397,11,33,2022-07-12 00:23:18.304,0,train,18.68347348942112,0
normal,N0184,6398,12,33,2022-07-12 00:23:18.404,0,train,37.417184327009664,0
normal,N0184,6399,13,33,2022-07-12 00:23:18.504,0,train,25.053779175057414,0
normal,N0184,6400,14,33,2022-07-12 00:23:18.604,0,train,44.243962841867926,0
normal,N0184,6401,15,33,2022-07-12 00:23:18.704,0,train,33.78650660845213,0
normal,N0184,6402,16,33,2022-07-12 00:23:18.804,0,train,32.05411919831485,0
normal,N0184,6403,17,33,2022-07-12 00:23:18.904,0,train,21.22808481225148,0
normal,N0184,6404,18,33,2022-07-12 00:23:19.004,0,train,26.71052416140407,0
normal,N0184,6405,19,33,2022-07-12 00:23:19.104,0,train,47.12666695149396,0
normal,N0184,6406,20,33,2022-07-12 00:23:19.204,0,train,40.52432926467121,0
normal,N0184,6407,21,33,2022-07-12 00:23:19.304,0,train,41.12852574852042,0
normal,N0184,6408,22,33,2022-07-12 00:23:19.404,0,train,40.49559049414615,0
normal,N0184,6409,23,33,2022-07-12 00:23:19.504,0,train,31.863041983969893,0
normal,N0184,6410,24,33,2022-07-12 00:23:19.604,0,train,24.98291287685183,0
normal,N0184,6411,25,33,2022-07-12 00:23:19.704,0,train,30.634009109729693,0
normal,N0184,6412,26,33,2022-07-12 00:23:19.804,0,train,36.23733787502424,0
normal,N0184,6413,27,33,2022-07-12 00:23:19.904,0,train,33.037619487329415,0
normal,N0184,6414,28,33,2022-07-12 00:23:20.004,0,train,49.770173183811245,0
normal,N0184,6415,29,33,2022-07-12 00:23:20.104,0,train,69.55005572588205,0
normal,N0184,6416,30,33,2022-07-12 00:23:20.204,0,train,49.32584313154358,0
normal,N0184,6417,31,33,2022-07-12 00:23:20.304,0,train,37.94397315469196,0
normal,N0184,6418,32,33,2022-07-12 00:23:20.404,0,train,34.22561404855125,0
normal,N0185,6428,9,22,2022-07-12 00:23:26.044,0,train,37.58738577216426,0
normal,N0185,6429,10,22,2022-07-12 00:23:26.144,0,train,35.52544304522087,0
normal,N0185,6430,11,22,2022-07-12 00:23:26.244,0,train,24.76962898353108,0
normal,N0185,6431,12,22,2022-07-12 00:23:26.344,0,train,27.874055068308525,0
normal,N0185,6432,13,22,2022-07-12 00:23:26.444,0,train,51.917875325201635,0
normal,N0185,6433,14,22,2022-07-12 00:23:26.544,0,train,25.352652347381966,0
normal,N0185,6434,15,22,2022-07-12 00:23:26.644,0,train,24.35008701601617,0
normal,N0185,6435,16,22,2022-07-12 00:23:26.744,0,train,25.47409026290941,0
normal,N0185,6436,17,22,2022-07-12 00:23:26.844,0,train,31.581206145345732,0
normal,N0185,6437,18,22,2022-07-12 00:23:26.944,0,train,45.30304499229722,0
normal,N0185,6438,19,22,2022-07-12 00:23:27.044,0,train,38.331598860475324,0
normal,N0185,6439,20,22,2022-07-12 00:23:27.144,0,train,27.392681923889747,0
normal,N0185,6440,21,22,2022-07-12 00:23:27.244,0,train,28.38841737828023,0
normal,N0188,6509,9,50,2022-07-12 00:23:49.875,0,train,46.418838321823266,0
normal,N0188,6510,10,50,2022-07-12 00:23:49.975,0,train,31.66150922240984,0
normal,N0188,6511,11,50,2022-07-12 00:23:50.075,0,train,22.92161925844264,0
normal,N0188,6512,12,50,2022-07-12 00:23:50.175,0,train,33.488539956535135,0
normal,N0188,6513,13,50,2022-07-12 00:23:50.275,0,train,39.981268621197216,0
normal,N0188,6514,14,50,2022-07-12 00:23:50.375,0,train,58.195068607367034,0
normal,N0188,6515,15,50,2022-07-12 00:23:50.475,0,train,49.1529148154873,0
normal,N0188,6516,16,50,2022-07-12 00:23:50.575,0,train,49.09731723707063,0
normal,N0188,6517,17,50,2022-07-12 00:23:50.675,0,train,59.71511550036903,0
normal,N0188,6518,18,50,2022-07-12 00:23:50.775,0,train,84.86603085565584,0
normal,N0188,6519,19,50,2022-07-12 00:23:50.875,0,train,70.72964283196885,0
normal,N0188,6520,20,50,2022-07-12 00:23:50.975,0,train,54.4676008240169,0
normal,N0188,6521,21,50,2022-07-12 00:23:51.075,0,train,58.42210445965793,0
normal,N0188,6522,22,50,2022-07-12 00:23:51.175,0,train,54.18043959097596,0
normal,N0188,6523,23,50,2022-07-12 00:23:51.275,0,train,52.76681441614348,0
normal,N0188,6524,24,50,2022-07-12 00:23:51.375,0,train,33.13901884858527,0
normal,N0188,6525,25,50,2022-07-12 00:23:51.475,0,train,33.100991206343565,0
normal,N0188,6526,26,50,2022-07-12 00:23:51.575,0,train,53.648600750215,0
normal,N0188,6527,27,50,2022-07-12 00:23:51.675,0,train,40.81781330543948,0
normal,N0188,6528,28,50,2022-07-12 00:23:51.775,0,train,63.43072903401247,0
normal,N0188,6529,29,50,2022-07-12 00:23:51.875,0,train,54.57173939450674,0
normal,N0188,6530,30,50,2022-07-12 00:23:51.975,0,train,48.29806440762315,0
normal,N0188,6531,31,50,2022-07-12 00:23:52.075,0,train,41.53988123983626,0
normal,N0188,6532,32,50,2022-07-12 00:23:52.175,0,train,45.61315002738024,0
normal,N0188,6533,33,50,2022-07-12 00:23:52.275,0,train,46.055263241617055,0
normal,N0188,6534,34,50,2022-07-12 00:23:52.375,0,train,58.041967759349745,0
normal,N0188,6535,35,50,2022-07-12 00:23:52.475,0,train,59.51208792464568,0
normal,N0188,6536,36,50,2022-07-12 00:23:52.575,0,train,55.22955514358794,0
normal,N0188,6537,37,50,2022-07-12 00:23:52.675,0,train,46.754171502155096,0
normal,N0188,6538,38,50,2022-07-12 00:23:52.775,0,train,40.99766936398833,0
normal,N0188,6539,39,50,2022-07-12 00:23:52.875,0,train,27.299743771184534,0
normal,N0188,6540,40,50,2022-07-12 00:23:52.975,0,train,33.48943739989644,0
normal,N0188,6541,41,50,2022-07-12 00:23:53.075,0,train,45.86995907546872,0
normal,N0188,6542,42,50,2022-07-12 00:23:53.175,0,train,49.78580234949981,0
normal,N0188,6543,43,50,2022-07-12 00:23:53.275,0,train,48.291667062830584,0
normal,N0188,6544,44,50,2022-07-12 00:23:53.375,0,train,34.08307916245142,0
normal,N0188,6545,45,50,2022-07-12 00:23:53.475,0,train,40.228118486686014,0
normal,N0188,6546,46,50,2022-07-12 00:23:53.575,0,train,44.48314761871367,0
normal,N0188,6547,47,50,2022-07-12 00:23:53.675,0,train,45.309335341280196,0
normal,N0188,6548,48,50,2022-07-12 00:23:53.775,0,train,40.47902577897334,0
normal,N0188,6549,49,50,2022-07-12 00:23:53.875,0,train,48.81341361899693,0
normal,N0189,6559,9,36,2022-07-12 00:23:57.887,0,train,26.017126933450072,0
normal,N0189,6560,10,36,2022-07-12 00:23:57.987,0,train,30.547360746988733,0
normal,N0189,6561,11,36,2022-07-12 00:23:58.087,0,train,27.43975827906361,0
normal,N0189,6562,12,36,2022-07-12 00:23:58.187,0,train,26.795138481603143,0
normal,N0189,6563,13,36,2022-07-12 00:23:58.287,0,train,22.244254517033998,0
normal,N0189,6564,14,36,2022-07-12 00:23:58.387,0,train,21.611926074980023,0
normal,N0189,6565,15,36,2022-07-12 00:23:58.487,0,train,18.347834226386237,0
normal,N0189,6566,16,36,2022-07-12 00:23:58.587,0,train,23.83856073822815,0
normal,N0189,6567,17,36,2022-07-12 00:23:58.687,0,train,28.13284258666764,0
normal,N0189,6568,18,36,2022-07-12 00:23:58.787,0,train,28.45709278752088,0
normal,N0189,6569,19,36,2022-07-12 00:23:58.887,0,train,29.76782036597879,0
normal,N0189,6570,20,36,2022-07-12 00:23:58.987,0,train,32.09291140544541,0
normal,N0189,6571,21,36,2022-07-12 00:23:59.087,0,train,31.237526045960614,0
normal,N0189,6572,22,36,2022-07-12 00:23:59.187,0,train,31.67091695537177,0
normal,N0189,6573,23,36,2022-07-12 00:23:59.287,0,train,27.396118729559422,0
normal,N0189,6574,24,36,2022-07-12 00:23:59.387,0,train,60.2209805067473,0
normal,N0189,6575,25,36,2022-07-12 00:23:59.487,0,train,54.95895366826257,0
normal,N0189,6576,26,36,2022-07-12 00:23:59.587,0,train,60.62324280854666,0
normal,N0189,6577,27,36,2022-07-12 00:23:59.687,0,train,50.60543055457745,0
normal,N0189,6578,28,36,2022-07-12 00:23:59.787,0,train,55.04048777247616,0
normal,N0189,6579,29,36,2022-07-12 00:23:59.887,0,train,46.77983153790537,0
normal,N0189,6580,30,36,2022-07-12 00:23:59.987,0,train,42.551651744049835,0
normal,N0189,6581,31,36,2022-07-12 00:24:00.087,0,train,44.84411268138861,0
normal,N0189,6582,32,36,2022-07-12 00:24:00.187,0,train,45.98928824892756,0
normal,N0189,6583,33,36,2022-07-12 00:24:00.287,0,train,63.25995581997549,0
normal,N0189,6584,34,36,2022-07-12 00:24:00.387,0,train,52.27461834469292,0
normal,N0189,6585,35,36,2022-07-12 00:24:00.487,0,train,31.223036948712007,0
normal,N0190,6595,9,26,2022-07-12 00:24:05.840,0,train,54.05087007824823,0
normal,N0190,6596,10,26,2022-07-12 00:24:05.940,0,train,51.156846193021664,0
normal,N0190,6597,11,26,2022-07-12 00:24:06.040,0,train,58.24375932491711,0
normal,N0190,6598,12,26,2022-07-12 00:24:06.140,0,train,51.58941501494507,0
normal,N0190,6599,13,26,2022-07-12 00:24:06.240,0,train,60.84852306023455,0
normal,N0190,6600,14,26,2022-07-12 00:24:06.340,0,train,109.21145616632447,0
normal,N0190,6601,15,26,2022-07-12 00:24:06.440,0,train,100.69179778634006,0
normal,N0190,6602,16,26,2022-07-12 00:24:06.540,0,train,99.67543050331966,0
normal,N0190,6603,17,26,2022-07-12 00:24:06.640,0,train,90.80880970000204,0
normal,N0190,6604,18,26,2022-07-12 00:24:06.740,0,train,96.66495194098685,0
normal,N0190,6605,19,26,2022-07-12 00:24:06.840,0,train,53.15352241029595,0
normal,N0190,6606,20,26,2022-07-12 00:24:06.940,0,train,61.23393493964156,0
normal,N0190,6607,21,26,2022-07-12 00:24:07.040,0,train,48.89425891216725,0
normal,N0190,6608,22,26,2022-07-12 00:24:07.140,0,train,75.1303027290792,0
normal,N0190,6609,23,26,2022-07-12 00:24:07.240,0,train,65.6480830616725,0
normal,N0190,6610,24,26,2022-07-12 00:24:07.340,0,train,53.656896060354754,0
normal,N0190,6611,25,26,2022-07-12 00:24:07.440,0,train,44.795956096990864,0
normal,N0191,6621,9,12,2022-07-12 00:24:13.820,0,train,28.443390717620467,0
normal,N0191,6622,10,12,2022-07-12 00:24:13.920,0,train,32.13780946987066,0
normal,N0191,6623,11,12,2022-07-12 00:24:14.020,0,train,28.786781518848276,0
normal,N0193,6683,9,50,2022-07-12 00:24:30.496,0,train,51.55177494205565,0
normal,N0193,6684,10,50,2022-07-12 00:24:30.596,0,train,107.57193258609676,0
normal,N0193,6685,11,50,2022-07-12 00:24:30.696,0,train,47.88123287993567,0
normal,N0193,6686,12,50,2022-07-12 00:24:30.796,0,train,45.39386461756321,0
normal,N0193,6687,13,50,2022-07-12 00:24:30.896,0,train,52.18829490270062,0
normal,N0193,6688,14,50,2022-07-12 00:24:30.996,0,train,32.54219251346141,0
normal,N0193,6689,15,50,2022-07-12 00:24:31.096,0,train,46.410235788747414,0
normal,N0193,6690,16,50,2022-07-12 00:24:31.196,0,train,71.18608224773685,0
normal,N0193,6691,17,50,2022-07-12 00:24:31.296,0,train,56.03424560467858,0
normal,N0193,6692,18,50,2022-07-12 00:24:31.396,0,train,45.515899508891785,0
normal,N0193,6693,19,50,2022-07-12 00:24:31.496,0,train,40.06307273716011,0
normal,N0193,6694,20,50,2022-07-12 00:24:31.596,0,train,41.51213025426894,0
normal,N0193,6695,21,50,2022-07-12 00:24:31.696,0,train,42.979827248211336,0
normal,N0193,6696,22,50,2022-07-12 00:24:31.796,0,train,51.443904826450584,0
normal,N0193,6697,23,50,2022-07-12 00:24:31.896,0,train,50.6357279973825,0
normal,N0193,6698,24,50,2022-07-12 00:24:31.996,0,train,62.06349086978122,0
normal,N0193,6699,25,50,2022-07-12 00:24:32.096,0,train,57.83104543671853,0
normal,N0193,6700,26,50,2022-07-12 00:24:32.196,0,train,39.41322690074877,0
normal,N0193,6701,27,50,2022-07-12 00:24:32.296,0,train,46.00953294265809,0
normal,N0193,6702,28,50,2022-07-12 00:24:32.396,0,train,45.22282459542955,0
normal,N0193,6703,29,50,2022-07-12 00:24:32.496,0,train,49.4824369452595,0
normal,N0193,6704,30,50,2022-07-12 00:24:32.596,0,train,45.879021294551606,0
normal,N0193,6705,31,50,2022-07-12 00:24:32.696,0,train,40.2675873169245,0
normal,N0193,6706,32,50,2022-07-12 00:24:32.796,0,train,45.31153774651785,0
normal,N0193,6707,33,50,2022-07-12 00:24:32.896,0,train,52.212065580893935,0
normal,N0193,6708,34,50,2022-07-12 00:24:32.996,0,train,38.189583973552274,0
normal,N0193,6709,35,50,2022-07-12 00:24:33.096,0,train,36.26450914915029,0
normal,N0193,6710,36,50,2022-07-12 00:24:33.196,0,train,43.01985653340818,0
normal,N0193,6711,37,50,2022-07-12 00:24:33.296,0,train,43.99140785508992,0
normal,N0193,6712,38,50,2022-07-12 00:24:33.396,0,train,48.95394121307372,0
normal,N0193,6713,39,50,2022-07-12 00:24:33.496,0,train,30.359964441304584,0
normal,N0193,6714,40,50,2022-07-12 00:24:33.596,0,train,31.501084508735435,0
normal,N0193,6715,41,50,2022-07-12 00:24:33.696,0,train,61.55791399387087,0
normal,N0193,6716,42,50,2022-07-12 00:24:33.796,0,train,42.908199920796314,0
normal,N0193,6717,43,50,2022-07-12 00:24:33.896,0,train,38.07132699940725,0
normal,N0193,6718,44,50,2022-07-12 00:24:33.996,0,train,47.49614530635231,0
normal,N0193,6719,45,50,2022-07-12 00:24:34.096,0,train,67.56260573174953,0
normal,N0193,6720,46,50,2022-07-12 00:24:34.196,0,train,52.26702196130018,0
normal,N0193,6721,47,50,2022-07-12 00:24:34.296,0,train,49.621409530969736,0
normal,N0193,6722,48,50,2022-07-12 00:24:34.396,0,train,42.93751887018265,0
normal,N0193,6723,49,50,2022-07-12 00:24:34.496,0,train,74.62532559543162,0
normal,N0194,6733,9,42,2022-07-12 00:24:37.906,0,train,27.733390692859103,0
normal,N0194,6734,10,42,2022-07-12 00:24:38.006,0,train,29.663147732087587,0
normal,N0194,6735,11,42,2022-07-12 00:24:38.106,0,train,33.996848275459925,0
normal,N0194,6736,12,42,2022-07-12 00:24:38.206,0,train,38.16305283008189,0
normal,N0194,6737,13,42,2022-07-12 00:24:38.306,0,train,35.90864626839789,0
normal,N0194,6738,14,42,2022-07-12 00:24:38.406,0,train,23.655209828077215,0
normal,N0194,6739,15,42,2022-07-12 00:24:38.506,0,train,20.948140779300115,0
normal,N0194,6740,16,42,2022-07-12 00:24:38.606,0,train,36.12168805827435,0
normal,N0194,6741,17,42,2022-07-12 00:24:38.706,0,train,25.120920267785433,0
normal,N0194,6742,18,42,2022-07-12 00:24:38.806,0,train,23.190841599875913,0
normal,N0194,6743,19,42,2022-07-12 00:24:38.906,0,train,21.322371939549416,0
normal,N0194,6744,20,42,2022-07-12 00:24:39.006,0,train,23.22702170180593,0
normal,N0194,6745,21,42,2022-07-12 00:24:39.106,0,train,35.8922140783749,0
normal,N0194,6746,22,42,2022-07-12 00:24:39.206,0,train,34.991072590510775,0
normal,N0194,6747,23,42,2022-07-12 00:24:39.306,0,train,22.864112870208434,0
normal,N0194,6748,24,42,2022-07-12 00:24:39.406,0,train,34.0166836673346,0
normal,N0194,6749,25,42,2022-07-12 00:24:39.506,0,train,25.662079103362608,0
normal,N0194,6750,26,42,2022-07-12 00:24:39.606,0,train,22.537107326784238,0
normal,N0194,6751,27,42,2022-07-12 00:24:39.706,0,train,24.026195187958404,0
normal,N0194,6752,28,42,2022-07-12 00:24:39.806,0,train,29.875421246424942,0
normal,N0194,6753,29,42,2022-07-12 00:24:39.906,0,train,21.263791062595313,0
normal,N0194,6754,30,42,2022-07-12 00:24:40.006,0,train,49.92714870335597,0
normal,N0194,6755,31,42,2022-07-12 00:24:40.106,0,train,28.3997050272025,0
normal,N0194,6756,32,42,2022-07-12 00:24:40.206,0,train,40.332323104644765,0
normal,N0194,6757,33,42,2022-07-12 00:24:40.306,0,train,59.86304678353906,0
normal,N0194,6758,34,42,2022-07-12 00:24:40.406,0,train,54.88390619982982,0
normal,N0194,6759,35,42,2022-07-12 00:24:40.506,0,train,42.08068180282833,0
normal,N0194,6760,36,42,2022-07-12 00:24:40.606,0,train,45.65981628067524,0
normal,N0194,6761,37,42,2022-07-12 00:24:40.706,0,train,40.037972171536225,0
normal,N0194,6762,38,42,2022-07-12 00:24:40.806,0,train,51.463139978786714,0
normal,N0194,6763,39,42,2022-07-12 00:24:40.906,0,train,31.72581628400214,0
normal,N0194,6764,40,42,2022-07-12 00:24:41.006,0,train,31.41777864808077,0
normal,N0194,6765,41,42,2022-07-12 00:24:41.106,0,train,27.28771293105244,0
normal,N0195,6775,9,29,2022-07-12 00:24:45.975,0,train,83.92969699372661,0
normal,N0195,6776,10,29,2022-07-12 00:24:46.075,0,train,140.06107609618874,0
normal,N0195,6777,11,29,2022-07-12 00:24:46.175,0,train,120.89832591796362,0
normal,N0195,6778,12,29,2022-07-12 00:24:46.275,0,train,72.29065934329732,0
normal,N0195,6779,13,29,2022-07-12 00:24:46.375,0,train,59.91200561606833,0
normal,N0195,6780,14,29,2022-07-12 00:24:46.475,0,train,78.02644939403447,0
normal,N0195,6781,15,29,2022-07-12 00:24:46.575,0,train,72.3365480856751,0
normal,N0195,6782,16,29,2022-07-12 00:24:46.675,0,train,62.463759698008836,0
normal,N0195,6783,17,29,2022-07-12 00:24:46.775,0,train,74.42308539526599,0
normal,N0195,6784,18,29,2022-07-12 00:24:46.875,0,train,93.48505303274567,0
normal,N0195,6785,19,29,2022-07-12 00:24:46.975,0,train,84.48188032268631,0
normal,N0195,6786,20,29,2022-07-12 00:24:47.075,0,train,105.74577696811328,0
normal,N0195,6787,21,29,2022-07-12 00:24:47.175,0,train,53.69163633184104,0
normal,N0195,6788,22,29,2022-07-12 00:24:47.275,0,train,42.856593007396164,0
normal,N0195,6789,23,29,2022-07-12 00:24:47.375,0,train,31.66984374085154,0
normal,N0195,6790,24,29,2022-07-12 00:24:47.475,0,train,35.81490097931976,0
normal,N0195,6791,25,29,2022-07-12 00:24:47.575,0,train,34.13248769779178,0
normal,N0195,6792,26,29,2022-07-12 00:24:47.675,0,train,34.135491691321626,0
normal,N0195,6793,27,29,2022-07-12 00:24:47.775,0,train,39.844712072874806,0
normal,N0195,6794,28,29,2022-07-12 00:24:47.875,0,train,40.65118761144722,0
normal,N0196,6804,9,18,2022-07-12 00:24:54.036,0,train,34.92878200875405,0
normal,N0196,6805,10,18,2022-07-12 00:24:54.136,0,train,27.42793014290339,0
normal,N0196,6806,11,18,2022-07-12 00:24:54.236,0,train,29.779954352249955,0
normal,N0196,6807,12,18,2022-07-12 00:24:54.336,0,train,42.57364002893742,0
normal,N0196,6808,13,18,2022-07-12 00:24:54.436,0,train,33.56840844877571,0
normal,N0196,6809,14,18,2022-07-12 00:24:54.536,0,train,34.776130817154765,0
normal,N0196,6810,15,18,2022-07-12 00:24:54.636,0,train,26.02293479081795,0
normal,N0196,6811,16,18,2022-07-12 00:24:54.736,0,train,33.12997879735761,0
normal,N0196,6812,17,18,2022-07-12 00:24:54.836,0,train,58.24996638193877,0
normal,N0198,6828,9,50,2022-07-12 00:25:11.048,0,train,46.25563261439142,0
normal,N0198,6829,10,50,2022-07-12 00:25:11.148,0,train,54.4663794690535,0
normal,N0198,6830,11,50,2022-07-12 00:25:11.248,0,train,48.82939398931553,0
normal,N0198,6831,12,50,2022-07-12 00:25:11.348,0,train,43.37437450634042,0
normal,N0198,6832,13,50,2022-07-12 00:25:11.448,0,train,30.332859230336062,0
normal,N0198,6833,14,50,2022-07-12 00:25:11.548,0,train,26.707867011671773,0
normal,N0198,6834,15,50,2022-07-12 00:25:11.648,0,train,34.18922574853876,0
normal,N0198,6835,16,50,2022-07-12 00:25:11.748,0,train,42.00696176185806,0
normal,N0198,6836,17,50,2022-07-12 00:25:11.848,0,train,55.67166732001471,0
normal,N0198,6837,18,50,2022-07-12 00:25:11.948,0,train,63.05003698974006,0
normal,N0198,6838,19,50,2022-07-12 00:25:12.048,0,train,32.946106430651156,0
normal,N0198,6839,20,50,2022-07-12 00:25:12.148,0,train,34.968372992500164,0
normal,N0198,6840,21,50,2022-07-12 00:25:12.248,0,train,43.546113428524194,0
normal,N0198,6841,22,50,2022-07-12 00:25:12.348,0,train,45.830830516306726,0
normal,N0198,6842,23,50,2022-07-12 00:25:12.448,0,train,42.784055459940845,0
normal,N0198,6843,24,50,2022-07-12 00:25:12.548,0,train,45.612627672116474,0
normal,N0198,6844,25,50,2022-07-12 00:25:12.648,0,train,48.09330853101862,0
normal,N0198,6845,26,50,2022-07-12 00:25:12.748,0,train,76.93048034420535,0
normal,N0198,6846,27,50,2022-07-12 00:25:12.848,0,train,64.15858845756262,0
normal,N0198,6847,28,50,2022-07-12 00:25:12.948,0,train,41.27217812016002,0
normal,N0198,6848,29,50,2022-07-12 00:25:13.048,0,train,48.44433819239686,0
normal,N0198,6849,30,50,2022-07-12 00:25:13.148,0,train,47.15389642452239,0
normal,N0198,6850,31,50,2022-07-12 00:25:13.248,0,train,42.26426533768658,0
normal,N0198,6851,32,50,2022-07-12 00:25:13.348,0,train,38.70240024782452,0
normal,N0198,6852,33,50,2022-07-12 00:25:13.448,0,train,56.66032856780073,0
normal,N0198,6853,34,50,2022-07-12 00:25:13.548,0,train,67.29395414323845,0
normal,N0198,6854,35,50,2022-07-12 00:25:13.648,0,train,45.554374753784415,0
normal,N0198,6855,36,50,2022-07-12 00:25:13.748,0,train,34.04046903629856,0
normal,N0198,6856,37,50,2022-07-12 00:25:13.848,0,train,30.91598540784129,0
normal,N0198,6857,38,50,2022-07-12 00:25:13.948,0,train,35.86282503740099,0
normal,N0198,6858,39,50,2022-07-12 00:25:14.048,0,train,44.357372685722716,0
normal,N0198,6859,40,50,2022-07-12 00:25:14.148,0,train,36.40084761348619,0
normal,N0198,6860,41,50,2022-07-12 00:25:14.248,0,train,38.233489246057175,0
normal,N0198,6861,42,50,2022-07-12 00:25:14.348,0,train,32.71180077543761,0
normal,N0198,6862,43,50,2022-07-12 00:25:14.448,0,train,62.878756980709284,0
normal,N0198,6863,44,50,2022-07-12 00:25:14.548,0,train,39.86271626349559,0
normal,N0198,6864,45,50,2022-07-12 00:25:14.648,0,train,39.02852663028908,0
normal,N0198,6865,46,50,2022-07-12 00:25:14.748,0,train,35.86052702574335,0
normal,N0198,6866,47,50,2022-07-12 00:25:14.848,0,train,38.995195093274035,0
normal,N0198,6867,48,50,2022-07-12 00:25:14.948,0,train,43.166650446699514,0
normal,N0198,6868,49,50,2022-07-12 00:25:15.048,0,train,44.44263766961009,0
normal,N0199,6878,9,49,2022-07-12 00:25:17.984,0,train,17.727049186481683,0
normal,N0199,6879,10,49,2022-07-12 00:25:18.084,0,train,18.007888460209156,0
normal,N0199,6880,11,49,2022-07-12 00:25:18.184,0,train,26.50393860093721,0
normal,N0199,6881,12,49,2022-07-12 00:25:18.284,0,train,24.54850828434117,0
normal,N0199,6882,13,49,2022-07-12 00:25:18.384,0,train,28.130517091529864,0
normal,N0199,6883,14,49,2022-07-12 00:25:18.484,0,train,37.0482863127773,0
normal,N0199,6884,15,49,2022-07-12 00:25:18.584,0,train,25.8988542545734,0
normal,N0199,6885,16,49,2022-07-12 00:25:18.684,0,train,24.669578567454817,0
normal,N0199,6886,17,49,2022-07-12 00:25:18.784,0,train,33.98757475983944,0
normal,N0199,6887,18,49,2022-07-12 00:25:18.884,0,train,23.678236882765635,0
normal,N0199,6888,19,49,2022-07-12 00:25:18.984,0,train,23.956541894458415,0
normal,N0199,6889,20,49,2022-07-12 00:25:19.084,0,train,25.679323445906487,0
normal,N0199,6890,21,49,2022-07-12 00:25:19.184,0,train,35.5633731773284,0
normal,N0199,6891,22,49,2022-07-12 00:25:19.284,0,train,30.829915454274246,0
normal,N0199,6892,23,49,2022-07-12 00:25:19.384,0,train,26.242382975750058,0
normal,N0199,6893,24,49,2022-07-12 00:25:19.484,0,train,24.080850052493012,0
normal,N0199,6894,25,49,2022-07-12 00:25:19.584,0,train,29.809380583268794,0
normal,N0199,6895,26,49,2022-07-12 00:25:19.684,0,train,26.747796853822962,0
normal,N0199,6896,27,49,2022-07-12 00:25:19.784,0,train,23.107902396983558,0
normal,N0199,6897,28,49,2022-07-12 00:25:19.884,0,train,18.240743574057085,0
normal,N0199,6898,29,49,2022-07-12 00:25:19.984,0,train,19.75402820229913,0
normal,N0199,6899,30,49,2022-07-12 00:25:20.084,0,train,26.584964043073164,0
normal,N0199,6900,31,49,2022-07-12 00:25:20.184,0,train,26.048129651123457,0
normal,N0199,6901,32,49,2022-07-12 00:25:20.284,0,train,21.622424519513313,0
normal,N0199,6902,33,49,2022-07-12 00:25:20.384,0,train,38.31629746420774,0
normal,N0199,6903,34,49,2022-07-12 00:25:20.484,0,train,33.309422373903395,0
normal,N0199,6904,35,49,2022-07-12 00:25:20.584,0,train,37.9595014684745,0
normal,N0199,6905,36,49,2022-07-12 00:25:20.684,0,train,40.01962400188755,0
normal,N0199,6906,37,49,2022-07-12 00:25:20.784,0,train,39.698805490220295,0
normal,N0199,6907,38,49,2022-07-12 00:25:20.884,0,train,41.935730079276674,0
normal,N0199,6908,39,49,2022-07-12 00:25:20.984,0,train,49.74449892152512,0
normal,N0199,6909,40,49,2022-07-12 00:25:21.084,0,train,30.77497536970908,0
normal,N0199,6910,41,49,2022-07-12 00:25:21.184,0,train,24.011076281050503,0
normal,N0199,6911,42,49,2022-07-12 00:25:21.284,0,train,22.44017075812149,0
normal,N0199,6912,43,49,2022-07-12 00:25:21.384,0,train,33.69773756892901,0
normal,N0199,6913,44,49,2022-07-12 00:25:21.484,0,train,33.79844086968995,0
normal,N0199,6914,45,49,2022-07-12 00:25:21.584,0,train,28.840890133737915,0
normal,N0199,6915,46,49,2022-07-12 00:25:21.684,0,train,28.009115144583415,0
normal,N0199,6916,47,49,2022-07-12 00:25:21.784,0,train,29.84388537798125,0
normal,N0199,6917,48,49,2022-07-12 00:25:21.884,0,train,22.832835764675785,0
normal,N0200,6927,9,33,2022-07-12 00:25:25.993,0,train,27.363289026885585,0
normal,N0200,6928,10,33,2022-07-12 00:25:26.093,0,train,27.974046325821565,0
normal,N0200,6929,11,33,2022-07-12 00:25:26.193,0,train,31.49091002978894,0
normal,N0200,6930,12,33,2022-07-12 00:25:26.293,0,train,24.382927982350868,0
normal,N0200,6931,13,33,2022-07-12 00:25:26.393,0,train,25.85494815185929,0
normal,N0200,6932,14,33,2022-07-12 00:25:26.493,0,train,45.80632299567546,0
normal,N0200,6933,15,33,2022-07-12 00:25:26.593,0,train,38.52396480973837,0
normal,N0200,6934,16,33,2022-07-12 00:25:26.693,0,train,60.03255373105582,0
normal,N0200,6935,17,33,2022-07-12 00:25:26.793,0,train,44.862338390542895,0
normal,N0200,6936,18,33,2022-07-12 00:25:26.893,0,train,30.825705332020537,0
normal,N0200,6937,19,33,2022-07-12 00:25:26.993,0,train,36.46206700930086,0
normal,N0200,6938,20,33,2022-07-12 00:25:27.093,0,train,32.22382416720246,0
normal,N0200,6939,21,33,2022-07-12 00:25:27.193,0,train,36.45773133782031,0
normal,N0200,6940,22,33,2022-07-12 00:25:27.293,0,train,33.016127752256686,0
normal,N0200,6941,23,33,2022-07-12 00:25:27.393,0,train,47.33279687653081,0
normal,N0200,6942,24,33,2022-07-12 00:25:27.493,0,train,39.499055046428325,0
normal,N0200,6943,25,33,2022-07-12 00:25:27.593,0,train,31.778767403229246,0
normal,N0200,6944,26,33,2022-07-12 00:25:27.693,0,train,33.98596548498026,0
normal,N0200,6945,27,33,2022-07-12 00:25:27.793,0,train,37.38633410909867,0
normal,N0200,6946,28,33,2022-07-12 00:25:27.893,0,train,39.605068492262404,0
normal,N0200,6947,29,33,2022-07-12 00:25:27.993,0,train,39.05083129078639,0
normal,N0200,6948,30,33,2022-07-12 00:25:28.093,0,train,31.520251384660853,0
normal,N0200,6949,31,33,2022-07-12 00:25:28.193,0,train,33.51564671552472,0
normal,N0200,6950,32,33,2022-07-12 00:25:28.293,0,train,36.68657888685936,0
normal,N0201,6960,9,22,2022-07-12 00:25:33.944,0,train,139.80446156020042,0
normal,N0201,6961,10,22,2022-07-12 00:25:34.044,0,train,177.36622668036017,1
normal,N0201,6962,11,22,2022-07-12 00:25:34.144,0,train,178.7255248063151,1
normal,N0201,6963,12,22,2022-07-12 00:25:34.244,0,train,156.52813550982756,1
normal,N0201,6964,13,22,2022-07-12 00:25:34.344,0,train,37.716359578679075,0
normal,N0201,6965,14,22,2022-07-12 00:25:34.444,0,train,48.8736568868485,0
normal,N0201,6966,15,22,2022-07-12 00:25:34.544,0,train,49.557244435474956,0
normal,N0201,6967,16,22,2022-07-12 00:25:34.644,0,train,35.4320548096843,0
normal,N0201,6968,17,22,2022-07-12 00:25:34.744,0,train,30.26477716993435,0
normal,N0201,6969,18,22,2022-07-12 00:25:34.844,0,train,32.096561272887925,0
normal,N0201,6970,19,22,2022-07-12 00:25:34.944,0,train,36.67613137641957,0
normal,N0201,6971,20,22,2022-07-12 00:25:35.044,0,train,38.93507418955558,0
normal,N0201,6972,21,22,2022-07-12 00:25:35.144,0,train,26.503098212864963,0
normal,N0203,6990,9,50,2022-07-12 00:25:51.028,0,train,29.519832854708635,0
normal,N0203,6991,10,50,2022-07-12 00:25:51.128,0,train,31.851277388895845,0
normal,N0203,6992,11,50,2022-07-12 00:25:51.228,0,train,41.100739890490686,0
normal,N0203,6993,12,50,2022-07-12 00:25:51.328,0,train,46.29289501988536,0
normal,N0203,6994,13,50,2022-07-12 00:25:51.428,0,train,55.545249252792495,0
normal,N0203,6995,14,50,2022-07-12 00:25:51.528,0,train,31.275218407021033,0
normal,N0203,6996,15,50,2022-07-12 00:25:51.628,0,train,33.32983269068179,0
normal,N0203,6997,16,50,2022-07-12 00:25:51.728,0,train,25.322300320936005,0
normal,N0203,6998,17,50,2022-07-12 00:25:51.828,0,train,27.691969752256057,0
normal,N0203,6999,18,50,2022-07-12 00:25:51.928,0,train,41.86814532165558,0
normal,N0203,7000,19,50,2022-07-12 00:25:52.028,0,train,51.187026506257666,0
normal,N0203,7001,20,50,2022-07-12 00:25:52.128,0,train,36.206574996214776,0
normal,N0203,7002,21,50,2022-07-12 00:25:52.228,0,train,43.431793817038,0
normal,N0203,7003,22,50,2022-07-12 00:25:52.328,0,train,50.41558326466593,0
normal,N0203,7004,23,50,2022-07-12 00:25:52.428,0,train,45.51095722120893,0
normal,N0203,7005,24,50,2022-07-12 00:25:52.528,0,train,44.730623073172985,0
normal,N0203,7006,25,50,2022-07-12 00:25:52.628,0,train,46.48864749517303,0
normal,N0203,7007,26,50,2022-07-12 00:25:52.728,0,train,39.780119531854375,0
normal,N0203,7008,27,50,2022-07-12 00:25:52.828,0,train,44.30459971988955,0
normal,N0203,7009,28,50,2022-07-12 00:25:52.928,0,train,54.15977460121862,0
normal,N0203,7010,29,50,2022-07-12 00:25:53.028,0,train,44.42130589245855,0
normal,N0203,7011,30,50,2022-07-12 00:25:53.128,0,train,35.16547876189788,0
normal,N0203,7012,31,50,2022-07-12 00:25:53.228,0,train,26.48185538778148,0
normal,N0203,7013,32,50,2022-07-12 00:25:53.328,0,train,28.260533408315126,0
normal,N0203,7014,33,50,2022-07-12 00:25:53.428,0,train,21.45503957497699,0
normal,N0203,7015,34,50,2022-07-12 00:25:53.528,0,train,21.422334404743808,0
normal,N0203,7016,35,50,2022-07-12 00:25:53.628,0,train,27.654111080174342,0
normal,N0203,7017,36,50,2022-07-12 00:25:53.728,0,train,23.471101907189055,0
normal,N0203,7018,37,50,2022-07-12 00:25:53.828,0,train,28.71178834666696,0
normal,N0203,7019,38,50,2022-07-12 00:25:53.928,0,train,31.997319967376384,0
normal,N0203,7020,39,50,2022-07-12 00:25:54.028,0,train,33.2601766444978,0
normal,N0203,7021,40,50,2022-07-12 00:25:54.128,0,train,36.88498915595521,0
normal,N0203,7022,41,50,2022-07-12 00:25:54.228,0,train,32.77538884567724,0
normal,N0203,7023,42,50,2022-07-12 00:25:54.328,0,train,49.609236102241006,0
normal,N0203,7024,43,50,2022-07-12 00:25:54.428,0,train,52.49196895317617,0
normal,N0203,7025,44,50,2022-07-12 00:25:54.528,0,train,48.4294988852587,0
normal,N0203,7026,45,50,2022-07-12 00:25:54.628,0,train,37.34181187978238,0
normal,N0203,7027,46,50,2022-07-12 00:25:54.728,0,train,39.62501967390367,0
normal,N0203,7028,47,50,2022-07-12 00:25:54.828,0,train,39.116640359971164,0
normal,N0203,7029,48,50,2022-07-12 00:25:54.928,0,train,29.414198398946695,0
normal,N0203,7030,49,50,2022-07-12 00:25:55.028,0,train,23.137102910776594,0
normal,N0204,7040,9,48,2022-07-12 00:25:58.087,0,train,51.43506549713827,0
normal,N0204,7041,10,48,2022-07-12 00:25:58.187,0,train,30.685087371062625,0
normal,N0204,7042,11,48,2022-07-12 00:25:58.287,0,train,41.758966921831295,0
normal,N0204,7043,12,48,2022-07-12 00:25:58.387,0,train,34.00863792502382,0
normal,N0204,7044,13,48,2022-07-12 00:25:58.487,0,train,32.410178469699815,0
normal,N0204,7045,14,48,2022-07-12 00:25:58.587,0,train,45.86921875972047,0
normal,N0204,7046,15,48,2022-07-12 00:25:58.687,0,train,33.87497941210679,0
normal,N0204,7047,16,48,2022-07-12 00:25:58.787,0,train,44.15313753728405,0
normal,N0204,7048,17,48,2022-07-12 00:25:58.887,0,train,52.93916034732436,0
normal,N0204,7049,18,48,2022-07-12 00:25:58.987,0,train,41.72775807240538,0
normal,N0204,7050,19,48,2022-07-12 00:25:59.087,0,train,45.79390194468068,0
normal,N0204,7051,20,48,2022-07-12 00:25:59.187,0,train,41.90244583275285,0
normal,N0204,7052,21,48,2022-07-12 00:25:59.287,0,train,56.28270943070724,0
normal,N0204,7053,22,48,2022-07-12 00:25:59.387,0,train,45.170506048748436,0
normal,N0204,7054,23,48,2022-07-12 00:25:59.487,0,train,59.18722009750152,0
normal,N0204,7055,24,48,2022-07-12 00:25:59.587,0,train,39.11189419852086,0
normal,N0204,7056,25,48,2022-07-12 00:25:59.687,0,train,77.46221759146839,0
normal,N0204,7057,26,48,2022-07-12 00:25:59.787,0,train,48.65765996860541,0
normal,N0204,7058,27,48,2022-07-12 00:25:59.887,0,train,65.13102221651349,0
normal,N0204,7059,28,48,2022-07-12 00:25:59.987,0,train,73.80133209404117,0
normal,N0204,7060,29,48,2022-07-12 00:26:00.087,0,train,85.77360640319688,0
normal,N0204,7061,30,48,2022-07-12 00:26:00.187,0,train,61.2036980473263,0
normal,N0204,7062,31,48,2022-07-12 00:26:00.287,0,train,80.40574029901036,0
normal,N0204,7063,32,48,2022-07-12 00:26:00.387,0,train,115.74524768165271,0
normal,N0204,7064,33,48,2022-07-12 00:26:00.487,0,train,66.43625062412491,0
normal,N0204,7065,34,48,2022-07-12 00:26:00.587,0,train,64.72705022144835,0
normal,N0204,7066,35,48,2022-07-12 00:26:00.687,0,train,51.356305909647354,0
normal,N0204,7067,36,48,2022-07-12 00:26:00.787,0,train,47.34850057191399,0
normal,N0204,7068,37,48,2022-07-12 00:26:00.887,0,train,41.39800930229183,0
normal,N0204,7069,38,48,2022-07-12 00:26:00.987,0,train,28.654692599566978,0
normal,N0204,7070,39,48,2022-07-12 00:26:01.087,0,train,37.573679300418455,0
normal,N0204,7071,40,48,2022-07-12 00:26:01.187,0,train,40.847141555882686,0
normal,N0204,7072,41,48,2022-07-12 00:26:01.287,0,train,58.72256382519734,0
normal,N0204,7073,42,48,2022-07-12 00:26:01.387,0,train,51.05567133625723,0
normal,N0204,7074,43,48,2022-07-12 00:26:01.487,0,train,40.53646565315761,0
normal,N0204,7075,44,48,2022-07-12 00:26:01.587,0,train,41.11630227011006,0
normal,N0204,7076,45,48,2022-07-12 00:26:01.687,0,train,56.53145621736899,0
normal,N0204,7077,46,48,2022-07-12 00:26:01.787,0,train,69.9012533549295,0
normal,N0204,7078,47,48,2022-07-12 00:26:01.887,0,train,63.30775705241836,0
normal,N0205,7088,9,33,2022-07-12 00:26:06.160,0,train,38.63591966471298,0
normal,N0205,7089,10,33,2022-07-12 00:26:06.260,0,train,16.061351036286577,0
normal,N0205,7090,11,33,2022-07-12 00:26:06.360,0,train,21.798383826852238,0
normal,N0205,7091,12,33,2022-07-12 00:26:06.460,0,train,25.615813240938564,0
normal,N0205,7092,13,33,2022-07-12 00:26:06.560,0,train,19.022695606326543,0
normal,N0205,7093,14,33,2022-07-12 00:26:06.660,0,train,26.964010927350074,0
normal,N0205,7094,15,33,2022-07-12 00:26:06.760,0,train,27.335687457876276,0
normal,N0205,7095,16,33,2022-07-12 00:26:06.860,0,train,20.14015234808103,0
normal,N0205,7096,17,33,2022-07-12 00:26:06.960,0,train,17.641992803204857,0
normal,N0205,7097,18,33,2022-07-12 00:26:07.060,0,train,16.765120560128178,0
normal,N0205,7098,19,33,2022-07-12 00:26:07.160,0,train,20.69973150209432,0
normal,N0205,7099,20,33,2022-07-12 00:26:07.260,0,train,24.60631285897102,0
normal,N0205,7100,21,33,2022-07-12 00:26:07.360,0,train,26.49729174620718,0
normal,N0205,7101,22,33,2022-07-12 00:26:07.460,0,train,19.55729749799063,0
normal,N0205,7102,23,33,2022-07-12 00:26:07.560,0,train,24.47262211098706,0
normal,N0205,7103,24,33,2022-07-12 00:26:07.660,0,train,23.82857376215087,0
normal,N0205,7104,25,33,2022-07-12 00:26:07.760,0,train,24.832925539280808,0
normal,N0205,7105,26,33,2022-07-12 00:26:07.860,0,train,22.617855619717396,0
normal,N0205,7106,27,33,2022-07-12 00:26:07.960,0,train,22.789000212886712,0
normal,N0205,7107,28,33,2022-07-12 00:26:08.060,0,train,25.128218021218416,0
normal,N0205,7108,29,33,2022-07-12 00:26:08.160,0,train,33.57468395754754,0
normal,N0205,7109,30,33,2022-07-12 00:26:08.260,0,train,27.31745065339407,0
normal,N0205,7110,31,33,2022-07-12 00:26:08.360,0,train,34.47025685934709,0
normal,N0205,7111,32,33,2022-07-12 00:26:08.460,0,train,27.871698142873335,0
normal,N0206,7121,9,22,2022-07-12 00:26:14.108,0,train,28.78912833830502,0
normal,N0206,7122,10,22,2022-07-12 00:26:14.208,0,train,29.500555701307363,0
normal,N0206,7123,11,22,2022-07-12 00:26:14.308,0,train,21.19496497672282,0
normal,N0206,7124,12,22,2022-07-12 00:26:14.408,0,train,21.857705907377643,0
normal,N0206,7125,13,22,2022-07-12 00:26:14.508,0,train,21.919834693411183,0
normal,N0206,7126,14,22,2022-07-12 00:26:14.608,0,train,29.470038469615627,0
normal,N0206,7127,15,22,2022-07-12 00:26:14.708,0,train,35.53848208838826,0
normal,N0206,7128,16,22,2022-07-12 00:26:14.808,0,train,27.60947801461843,0
normal,N0206,7129,17,22,2022-07-12 00:26:14.908,0,train,27.31159407804249,0
normal,N0206,7130,18,22,2022-07-12 00:26:15.008,0,train,40.827497074364814,0
normal,N0206,7131,19,22,2022-07-12 00:26:15.108,0,train,43.5210358696504,0
normal,N0206,7132,20,22,2022-07-12 00:26:15.208,0,train,44.792779878988256,0
normal,N0206,7133,21,22,2022-07-12 00:26:15.308,0,train,44.89840988224363,0
normal,N0208,7155,9,11,2022-07-12 00:26:29.967,0,train,48.476621367541945,0
normal,N0208,7156,10,11,2022-07-12 00:26:30.067,0,train,56.2838530911776,0
normal,N0209,7166,9,50,2022-07-12 00:26:32.813,0,train,31.077018476942992,0
normal,N0209,7167,10,50,2022-07-12 00:26:32.913,0,train,34.54725707977904,0
normal,N0209,7168,11,50,2022-07-12 00:26:33.013,0,train,38.85355313646216,0
normal,N0209,7169,12,50,2022-07-12 00:26:33.113,0,train,34.52707815174728,0
normal,N0209,7170,13,50,2022-07-12 00:26:33.213,0,train,31.867372143007934,0
normal,N0209,7171,14,50,2022-07-12 00:26:33.313,0,train,27.35609843870859,0
normal,N0209,7172,15,50,2022-07-12 00:26:33.413,0,train,29.859650868817145,0
normal,N0209,7173,16,50,2022-07-12 00:26:33.513,0,train,46.94423355536393,0
normal,N0209,7174,17,50,2022-07-12 00:26:33.613,0,train,28.439864397281863,0
normal,N0209,7175,18,50,2022-07-12 00:26:33.713,0,train,27.440351561007592,0
normal,N0209,7176,19,50,2022-07-12 00:26:33.813,0,train,41.36641635251135,0
normal,N0209,7177,20,50,2022-07-12 00:26:33.913,0,train,31.85389085603319,0
normal,N0209,7178,21,50,2022-07-12 00:26:34.013,0,train,29.365927450245554,0
normal,N0209,7179,22,50,2022-07-12 00:26:34.113,0,train,30.14924750356336,0
normal,N0209,7180,23,50,2022-07-12 00:26:34.213,0,train,26.664794308394416,0
normal,N0209,7181,24,50,2022-07-12 00:26:34.313,0,train,46.41705276997612,0
normal,N0209,7182,25,50,2022-07-12 00:26:34.413,0,train,38.84023600675326,0
normal,N0209,7183,26,50,2022-07-12 00:26:34.513,0,train,41.03100240187275,0
normal,N0209,7184,27,50,2022-07-12 00:26:34.613,0,train,57.46477640626121,0
normal,N0209,7185,28,50,2022-07-12 00:26:34.713,0,train,43.40311778736838,0
normal,N0209,7186,29,50,2022-07-12 00:26:34.813,0,train,44.23177406092129,0
normal,N0209,7187,30,50,2022-07-12 00:26:34.913,0,train,36.629246151243656,0
normal,N0209,7188,31,50,2022-07-12 00:26:35.013,0,train,52.39260290595125,0
normal,N0209,7189,32,50,2022-07-12 00:26:35.113,0,train,49.657511781475044,0
normal,N0209,7190,33,50,2022-07-12 00:26:35.213,0,train,47.34930321602065,0
normal,N0209,7191,34,50,2022-07-12 00:26:35.313,0,train,37.84006385529035,0
normal,N0209,7192,35,50,2022-07-12 00:26:35.413,0,train,32.092967437716396,0
normal,N0209,7193,36,50,2022-07-12 00:26:35.513,0,train,26.806094167688084,0
normal,N0209,7194,37,50,2022-07-12 00:26:35.613,0,train,29.29853512339831,0
normal,N0209,7195,38,50,2022-07-12 00:26:35.713,0,train,20.464721807357552,0
normal,N0209,7196,39,50,2022-07-12 00:26:35.813,0,train,27.34740937275103,0
normal,N0209,7197,40,50,2022-07-12 00:26:35.913,0,train,31.89627611354766,0
normal,N0209,7198,41,50,2022-07-12 00:26:36.013,0,train,55.12158999312627,0
normal,N0209,7199,42,50,2022-07-12 00:26:36.113,0,train,29.629190536186364,0
normal,N0209,7200,43,50,2022-07-12 00:26:36.213,0,train,48.86326440080925,0
normal,N0209,7201,44,50,2022-07-12 00:26:36.313,0,train,27.518111456281527,0
normal,N0209,7202,45,50,2022-07-12 00:26:36.413,0,train,29.955141381062933,0
normal,N0209,7203,46,50,2022-07-12 00:26:36.513,0,train,32.68162609835108,0
normal,N0209,7204,47,50,2022-07-12 00:26:36.613,0,train,30.236466202682234,0
normal,N0209,7205,48,50,2022-07-12 00:26:36.713,0,train,29.79002036893068,0
normal,N0209,7206,49,50,2022-07-12 00:26:36.813,0,train,79.53940499669864,0
normal,N0210,7216,9,50,2022-07-12 00:26:39.548,0,train,57.54914867721937,0
normal,N0210,7217,10,50,2022-07-12 00:26:39.648,0,train,62.294503824832816,0
normal,N0210,7218,11,50,2022-07-12 00:26:39.748,0,train,80.30645490239189,0
normal,N0210,7219,12,50,2022-07-12 00:26:39.848,0,train,71.65911359065012,0
normal,N0210,7220,13,50,2022-07-12 00:26:39.948,0,train,68.49188995840149,0
normal,N0210,7221,14,50,2022-07-12 00:26:40.048,0,train,52.740259260943226,0
normal,N0210,7222,15,50,2022-07-12 00:26:40.148,0,train,56.379999256274914,0
normal,N0210,7223,16,50,2022-07-12 00:26:40.248,0,train,51.501075681533,0
normal,N0210,7224,17,50,2022-07-12 00:26:40.348,0,train,34.50573650698126,0
normal,N0210,7225,18,50,2022-07-12 00:26:40.448,0,train,43.11019696811955,0
normal,N0210,7226,19,50,2022-07-12 00:26:40.548,0,train,44.785120107515404,0
normal,N0210,7227,20,50,2022-07-12 00:26:40.648,0,train,36.976818362191956,0
normal,N0210,7228,21,50,2022-07-12 00:26:40.748,0,train,30.661543152071562,0
normal,N0210,7229,22,50,2022-07-12 00:26:40.848,0,train,30.655869739226517,0
normal,N0210,7230,23,50,2022-07-12 00:26:40.948,0,train,31.425046253708494,0
normal,N0210,7231,24,50,2022-07-12 00:26:41.048,0,train,46.94260336025396,0
normal,N0210,7232,25,50,2022-07-12 00:26:41.148,0,train,41.43842196238787,0
normal,N0210,7233,26,50,2022-07-12 00:26:41.248,0,train,41.219160033214756,0
normal,N0210,7234,27,50,2022-07-12 00:26:41.348,0,train,33.72549059021452,0
normal,N0210,7235,28,50,2022-07-12 00:26:41.448,0,train,32.08766911646806,0
normal,N0210,7236,29,50,2022-07-12 00:26:41.548,0,train,27.285335158501688,0
normal,N0210,7237,30,50,2022-07-12 00:26:41.648,0,train,22.941505651275563,0
normal,N0210,7238,31,50,2022-07-12 00:26:41.748,0,train,35.31889794464119,0
normal,N0210,7239,32,50,2022-07-12 00:26:41.848,0,train,40.225377847884104,0
normal,N0210,7240,33,50,2022-07-12 00:26:41.948,0,train,61.54450132054318,0
normal,N0210,7241,34,50,2022-07-12 00:26:42.048,0,train,52.587692396092834,0
normal,N0210,7242,35,50,2022-07-12 00:26:42.148,0,train,54.49624771466942,0
normal,N0210,7243,36,50,2022-07-12 00:26:42.248,0,train,57.92033728055618,0
normal,N0210,7244,37,50,2022-07-12 00:26:42.348,0,train,48.86286631215858,0
normal,N0210,7245,38,50,2022-07-12 00:26:42.448,0,train,31.752418659531852,0
normal,N0210,7246,39,50,2022-07-12 00:26:42.548,0,train,35.19164797936858,0
normal,N0210,7247,40,50,2022-07-12 00:26:42.648,0,train,27.724140388926806,0
normal,N0210,7248,41,50,2022-07-12 00:26:42.748,0,train,33.41278351520468,0
normal,N0210,7249,42,50,2022-07-12 00:26:42.848,0,train,31.490720210346876,0
normal,N0210,7250,43,50,2022-07-12 00:26:42.948,0,train,43.965652926129536,0
normal,N0210,7251,44,50,2022-07-12 00:26:43.048,0,train,42.22995324827066,0
normal,N0210,7252,45,50,2022-07-12 00:26:43.148,0,train,33.75518629387661,0
normal,N0210,7253,46,50,2022-07-12 00:26:43.248,0,train,41.00091321926256,0
normal,N0210,7254,47,50,2022-07-12 00:26:43.348,0,train,33.300512758103,0
normal,N0210,7255,48,50,2022-07-12 00:26:43.448,0,train,24.30306324111437,0
normal,N0210,7256,49,50,2022-07-12 00:26:43.548,0,train,25.058753917025417,0
normal,N0211,7266,9,50,2022-07-12 00:26:46.364,0,train,36.493871696298065,0
normal,N0211,7267,10,50,2022-07-12 00:26:46.464,0,train,32.62638204838114,0
normal,N0211,7268,11,50,2022-07-12 00:26:46.564,0,train,31.32307969971873,0
normal,N0211,7269,12,50,2022-07-12 00:26:46.664,0,train,32.708507601574524,0
normal,N0211,7270,13,50,2022-07-12 00:26:46.764,0,train,26.85661967831905,0
normal,N0211,7271,14,50,2022-07-12 00:26:46.864,0,train,32.13185180341356,0
normal,N0211,7272,15,50,2022-07-12 00:26:46.964,0,train,27.7720838972032,0
normal,N0211,7273,16,50,2022-07-12 00:26:47.064,0,train,50.70012560554908,0
normal,N0211,7274,17,50,2022-07-12 00:26:47.164,0,train,65.03338289035838,0
normal,N0211,7275,18,50,2022-07-12 00:26:47.264,0,train,62.455984187107305,0
normal,N0211,7276,19,50,2022-07-12 00:26:47.364,0,train,37.552059143215985,0
normal,N0211,7277,20,50,2022-07-12 00:26:47.464,0,train,38.20602679903005,0
normal,N0211,7278,21,50,2022-07-12 00:26:47.564,0,train,44.00066541254137,0
normal,N0211,7279,22,50,2022-07-12 00:26:47.664,0,train,51.71269664471664,0
normal,N0211,7280,23,50,2022-07-12 00:26:47.764,0,train,63.2998957374156,0
normal,N0211,7281,24,50,2022-07-12 00:26:47.864,0,train,80.69850627933613,0
normal,N0211,7282,25,50,2022-07-12 00:26:47.964,0,train,44.7719895713535,0
normal,N0211,7283,26,50,2022-07-12 00:26:48.064,0,train,28.869438103745285,0
normal,N0211,7284,27,50,2022-07-12 00:26:48.164,0,train,31.211029251143344,0
normal,N0211,7285,28,50,2022-07-12 00:26:48.264,0,train,38.74221572697205,0
normal,N0211,7286,29,50,2022-07-12 00:26:48.364,0,train,32.502306319407445,0
normal,N0211,7287,30,50,2022-07-12 00:26:48.464,0,train,39.8662119365122,0
normal,N0211,7288,31,50,2022-07-12 00:26:48.564,0,train,31.679677407974474,0
normal,N0211,7289,32,50,2022-07-12 00:26:48.664,0,train,27.900585994678757,0
normal,N0211,7290,33,50,2022-07-12 00:26:48.764,0,train,31.26501228758536,0
normal,N0211,7291,34,50,2022-07-12 00:26:48.864,0,train,37.98178019473428,0
normal,N0211,7292,35,50,2022-07-12 00:26:48.964,0,train,19.827560722649118,0
normal,N0211,7293,36,50,2022-07-12 00:26:49.064,0,train,31.43642348839979,0
normal,N0211,7294,37,50,2022-07-12 00:26:49.164,0,train,25.492353200609738,0
normal,N0211,7295,38,50,2022-07-12 00:26:49.264,0,train,28.06619396927364,0
normal,N0211,7296,39,50,2022-07-12 00:26:49.364,0,train,34.79822950605582,0
normal,N0211,7297,40,50,2022-07-12 00:26:49.464,0,train,49.98946591832872,0
normal,N0211,7298,41,50,2022-07-12 00:26:49.564,0,train,40.83268689193175,0
normal,N0211,7299,42,50,2022-07-12 00:26:49.664,0,train,27.47680496372981,0
normal,N0211,7300,43,50,2022-07-12 00:26:49.764,0,train,33.038749531301534,0
normal,N0211,7301,44,50,2022-07-12 00:26:49.864,0,train,52.01575192870002,0
normal,N0211,7302,45,50,2022-07-12 00:26:49.964,0,train,52.660991072171996,0
normal,N0211,7303,46,50,2022-07-12 00:26:50.064,0,train,54.627057249177255,0
normal,N0211,7304,47,50,2022-07-12 00:26:50.164,0,train,38.09073574974004,0
normal,N0211,7305,48,50,2022-07-12 00:26:50.264,0,train,37.97578517295533,0
normal,N0211,7306,49,50,2022-07-12 00:26:50.364,0,train,42.98775875938502,0
normal,N0213,7354,9,23,2022-07-12 00:27:02.323,0,train,36.75892400599361,0
normal,N0213,7355,10,23,2022-07-12 00:27:02.423,0,train,31.621598137568103,0
normal,N0213,7356,11,23,2022-07-12 00:27:02.523,0,train,26.845193074075258,0
normal,N0213,7357,12,23,2022-07-12 00:27:02.623,0,train,24.254477568584075,0
normal,N0213,7358,13,23,2022-07-12 00:27:02.723,0,train,26.156324666798366,0
normal,N0213,7359,14,23,2022-07-12 00:27:02.823,0,train,19.543346353900585,0
normal,N0213,7360,15,23,2022-07-12 00:27:02.923,0,train,25.921203877941185,0
normal,N0213,7361,16,23,2022-07-12 00:27:03.023,0,train,22.63562720469629,0
normal,N0213,7362,17,23,2022-07-12 00:27:03.123,0,train,28.75793214269448,0
normal,N0213,7363,18,23,2022-07-12 00:27:03.223,0,train,33.32383108019153,0
normal,N0213,7364,19,23,2022-07-12 00:27:03.323,0,train,27.375123640962563,0
normal,N0213,7365,20,23,2022-07-12 00:27:03.423,0,train,30.61756910492996,0
normal,N0213,7366,21,23,2022-07-12 00:27:03.523,0,train,23.986497842605253,0
normal,N0213,7367,22,23,2022-07-12 00:27:03.623,0,train,31.053861929070717,0
normal,N0214,7377,9,12,2022-07-12 00:27:10.288,0,train,29.956318916109165,0
normal,N0214,7378,10,12,2022-07-12 00:27:10.388,0,train,36.370131941116924,0
normal,N0214,7379,11,12,2022-07-12 00:27:10.488,0,train,18.603740477799946,0
normal,N0215,7389,9,10,2022-07-12 00:27:18.317,0,train,84.10014748149236,0
normal,N0216,7399,9,50,2022-07-12 00:27:27.911,0,train,38.138420791974966,0
normal,N0216,7400,10,50,2022-07-12 00:27:28.011,0,train,23.017236600452488,0
normal,N0216,7401,11,50,2022-07-12 00:27:28.111,0,train,27.71825327026982,0
normal,N0216,7402,12,50,2022-07-12 00:27:28.211,0,train,37.944231399175756,0
normal,N0216,7403,13,50,2022-07-12 00:27:28.311,0,train,55.76424359286331,0
normal,N0216,7404,14,50,2022-07-12 00:27:28.411,0,train,33.75065589681726,0
normal,N0216,7405,15,50,2022-07-12 00:27:28.511,0,train,34.83825041756868,0
normal,N0216,7406,16,50,2022-07-12 00:27:28.611,0,train,26.518810276421767,0
normal,N0216,7407,17,50,2022-07-12 00:27:28.711,0,train,37.20849547061017,0
normal,N0216,7408,18,50,2022-07-12 00:27:28.811,0,train,48.27963699302007,0
normal,N0216,7409,19,50,2022-07-12 00:27:28.911,0,train,34.22330024702375,0
normal,N0216,7410,20,50,2022-07-12 00:27:29.011,0,train,32.43559958448523,0
normal,N0216,7411,21,50,2022-07-12 00:27:29.111,0,train,58.33831094930174,0
normal,N0216,7412,22,50,2022-07-12 00:27:29.211,0,train,41.27084083609072,0
normal,N0216,7413,23,50,2022-07-12 00:27:29.311,0,train,43.04863443803634,0
normal,N0216,7414,24,50,2022-07-12 00:27:29.411,0,train,50.06494034770931,0
normal,N0216,7415,25,50,2022-07-12 00:27:29.511,0,train,60.39162321225444,0
normal,N0216,7416,26,50,2022-07-12 00:27:29.611,0,train,52.85650702007603,0
normal,N0216,7417,27,50,2022-07-12 00:27:29.711,0,train,46.76147955376076,0
normal,N0216,7418,28,50,2022-07-12 00:27:29.811,0,train,47.36378281088735,0
normal,N0216,7419,29,50,2022-07-12 00:27:29.911,0,train,105.71007794805719,0
normal,N0216,7420,30,50,2022-07-12 00:27:30.011,0,train,76.61080991054338,0
normal,N0216,7421,31,50,2022-07-12 00:27:30.111,0,train,64.57845874527165,0
normal,N0216,7422,32,50,2022-07-12 00:27:30.211,0,train,57.79935620600911,0
normal,N0216,7423,33,50,2022-07-12 00:27:30.311,0,train,39.44748822732289,0
normal,N0216,7424,34,50,2022-07-12 00:27:30.411,0,train,45.511165057653365,0
normal,N0216,7425,35,50,2022-07-12 00:27:30.511,0,train,42.9995840526077,0
normal,N0216,7426,36,50,2022-07-12 00:27:30.611,0,train,46.944103211925786,0
normal,N0216,7427,37,50,2022-07-12 00:27:30.711,0,train,56.82342246640103,0
normal,N0216,7428,38,50,2022-07-12 00:27:30.811,0,train,66.64720775795975,0
normal,N0216,7429,39,50,2022-07-12 00:27:30.911,0,train,58.79979023095358,0
normal,N0216,7430,40,50,2022-07-12 00:27:31.011,0,train,60.85812764924767,0
normal,N0216,7431,41,50,2022-07-12 00:27:31.111,0,train,41.232714935112284,0
normal,N0216,7432,42,50,2022-07-12 00:27:31.211,0,train,55.19835304384043,0
normal,N0216,7433,43,50,2022-07-12 00:27:31.311,0,train,43.28663083472292,0
normal,N0216,7434,44,50,2022-07-12 00:27:31.411,0,train,40.54038588519358,0
normal,N0216,7435,45,50,2022-07-12 00:27:31.511,0,train,29.04072216972312,0
normal,N0216,7436,46,50,2022-07-12 00:27:31.611,0,train,80.61748813572642,0
normal,N0216,7437,47,50,2022-07-12 00:27:31.711,0,train,54.974012016306105,0
normal,N0216,7438,48,50,2022-07-12 00:27:31.811,0,train,49.57736009859125,0
normal,N0216,7439,49,50,2022-07-12 00:27:31.911,0,train,39.62294991682256,0
normal,N0218,7499,9,38,2022-07-12 00:27:42.343,0,train,65.37179640744995,0
normal,N0218,7500,10,38,2022-07-12 00:27:42.443,0,train,49.1361008616751,0
normal,N0218,7501,11,38,2022-07-12 00:27:42.543,0,train,41.20399699853673,0
normal,N0218,7502,12,38,2022-07-12 00:27:42.643,0,train,33.77899887356834,0
normal,N0218,7503,13,38,2022-07-12 00:27:42.743,0,train,44.22567211736928,0
normal,N0218,7504,14,38,2022-07-12 00:27:42.843,0,train,66.85776899093828,0
normal,N0218,7505,15,38,2022-07-12 00:27:42.943,0,train,123.73061793438532,0
normal,N0218,7506,16,38,2022-07-12 00:27:43.043,0,train,70.02306459510665,0
normal,N0218,7507,17,38,2022-07-12 00:27:43.143,0,train,82.758059445542,0
normal,N0218,7508,18,38,2022-07-12 00:27:43.243,0,train,76.55491992351793,0
normal,N0218,7509,19,38,2022-07-12 00:27:43.343,0,train,44.61639162493788,0
normal,N0218,7510,20,38,2022-07-12 00:27:43.443,0,train,45.50174905756043,0
normal,N0218,7511,21,38,2022-07-12 00:27:43.543,0,train,72.46853571740232,0
normal,N0218,7512,22,38,2022-07-12 00:27:43.643,0,train,41.605076527480264,0
normal,N0218,7513,23,38,2022-07-12 00:27:43.743,0,train,37.09070959016835,0
normal,N0218,7514,24,38,2022-07-12 00:27:43.843,0,train,34.66448219767788,0
normal,N0218,7515,25,38,2022-07-12 00:27:43.943,0,train,33.69828360359037,0
normal,N0218,7516,26,38,2022-07-12 00:27:44.043,0,train,45.0376359347232,0
normal,N0218,7517,27,38,2022-07-12 00:27:44.143,0,train,36.93475483758609,0
normal,N0218,7518,28,38,2022-07-12 00:27:44.243,0,train,28.065213344078263,0
normal,N0218,7519,29,38,2022-07-12 00:27:44.343,0,train,31.45370724997116,0
normal,N0218,7520,30,38,2022-07-12 00:27:44.443,0,train,34.09902292260941,0
normal,N0218,7521,31,38,2022-07-12 00:27:44.543,0,train,36.20709095400911,0
normal,N0218,7522,32,38,2022-07-12 00:27:44.643,0,train,51.80105705714477,0
normal,N0218,7523,33,38,2022-07-12 00:27:44.743,0,train,41.4037229739956,0
normal,N0218,7524,34,38,2022-07-12 00:27:44.843,0,train,52.25612758293089,0
normal,N0218,7525,35,38,2022-07-12 00:27:44.943,0,train,32.377930819997694,0
normal,N0218,7526,36,38,2022-07-12 00:27:45.043,0,train,26.97350684240985,0
normal,N0218,7527,37,38,2022-07-12 00:27:45.143,0,train,29.18629432755544,0
normal,N0219,7537,9,24,2022-07-12 00:27:50.407,0,train,45.00922590368922,0
normal,N0219,7538,10,24,2022-07-12 00:27:50.507,0,train,52.311897840103505,0
normal,N0219,7539,11,24,2022-07-12 00:27:50.607,0,train,32.736753167035246,0
normal,N0219,7540,12,24,2022-07-12 00:27:50.707,0,train,38.939390462508875,0
normal,N0219,7541,13,24,2022-07-12 00:27:50.807,0,train,33.19370874708455,0
normal,N0219,7542,14,24,2022-07-12 00:27:50.907,0,train,35.6244839290956,0
normal,N0219,7543,15,24,2022-07-12 00:27:51.007,0,train,32.81575070289519,0
normal,N0219,7544,16,24,2022-07-12 00:27:51.107,0,train,38.28712075699553,0
normal,N0219,7545,17,24,2022-07-12 00:27:51.207,0,train,55.78774543663522,0
normal,N0219,7546,18,24,2022-07-12 00:27:51.307,0,train,75.85869677158576,0
normal,N0219,7547,19,24,2022-07-12 00:27:51.407,0,train,38.22430507413121,0
normal,N0219,7548,20,24,2022-07-12 00:27:51.507,0,train,32.22556128045216,0
normal,N0219,7549,21,24,2022-07-12 00:27:51.607,0,train,39.80405492111464,0
normal,N0219,7550,22,24,2022-07-12 00:27:51.707,0,train,57.01549217445216,0
normal,N0219,7551,23,24,2022-07-12 00:27:51.807,0,train,38.28414424891707,0
normal,N0220,7561,9,14,2022-07-12 00:27:58.307,0,train,26.62273182561295,0
normal,N0220,7562,10,14,2022-07-12 00:27:58.407,0,train,24.926005354491714,0
normal,N0220,7563,11,14,2022-07-12 00:27:58.507,0,train,21.67138434141723,0
normal,N0220,7564,12,14,2022-07-12 00:27:58.607,0,train,16.448070126753716,0
normal,N0220,7565,13,14,2022-07-12 00:27:58.707,0,train,16.42208670479311,0
normal,N0221,7575,9,50,2022-07-12 00:28:08.213,0,train,46.28678313770591,0
normal,N0221,7576,10,50,2022-07-12 00:28:08.313,0,train,33.104643624089846,0
normal,N0221,7577,11,50,2022-07-12 00:28:08.413,0,train,49.97937155914831,0
normal,N0221,7578,12,50,2022-07-12 00:28:08.513,0,train,53.8409999370666,0
normal,N0221,7579,13,50,2022-07-12 00:28:08.613,0,train,59.20225497581558,0
normal,N0221,7580,14,50,2022-07-12 00:28:08.713,0,train,42.12348666591508,0
normal,N0221,7581,15,50,2022-07-12 00:28:08.813,0,train,41.22292565810354,0
normal,N0221,7582,16,50,2022-07-12 00:28:08.913,0,train,40.69390997771546,0
normal,N0221,7583,17,50,2022-07-12 00:28:09.013,0,train,54.654733332420186,0
normal,N0221,7584,18,50,2022-07-12 00:28:09.113,0,train,74.645289538822,0
normal,N0221,7585,19,50,2022-07-12 00:28:09.213,0,train,66.37818895923246,0
normal,N0221,7586,20,50,2022-07-12 00:28:09.313,0,train,77.94100678060924,0
normal,N0221,7587,21,50,2022-07-12 00:28:09.413,0,train,88.48289768534976,0
normal,N0221,7588,22,50,2022-07-12 00:28:09.513,0,train,82.87802486117243,0
normal,N0221,7589,23,50,2022-07-12 00:28:09.613,0,train,69.56152834707471,0
normal,N0221,7590,24,50,2022-07-12 00:28:09.713,0,train,68.97962275827675,0
normal,N0221,7591,25,50,2022-07-12 00:28:09.813,0,train,80.23307789286245,0
normal,N0221,7592,26,50,2022-07-12 00:28:09.913,0,train,42.34694217207432,0
normal,N0221,7593,27,50,2022-07-12 00:28:10.013,0,train,34.66769710820927,0
normal,N0221,7594,28,50,2022-07-12 00:28:10.113,0,train,35.59732038138122,0
normal,N0221,7595,29,50,2022-07-12 00:28:10.213,0,train,61.58349563940667,0
normal,N0221,7596,30,50,2022-07-12 00:28:10.313,0,train,74.95818757600206,0
normal,N0221,7597,31,50,2022-07-12 00:28:10.413,0,train,53.767200374113386,0
normal,N0221,7598,32,50,2022-07-12 00:28:10.513,0,train,37.45592382588742,0
normal,N0221,7599,33,50,2022-07-12 00:28:10.613,0,train,39.23426766283344,0
normal,N0221,7600,34,50,2022-07-12 00:28:10.713,0,train,49.197748498744886,0
normal,N0221,7601,35,50,2022-07-12 00:28:10.813,0,train,55.700798436479865,0
normal,N0221,7602,36,50,2022-07-12 00:28:10.913,0,train,46.08534620071804,0
normal,N0221,7603,37,50,2022-07-12 00:28:11.013,0,train,36.68264452677693,0
normal,N0221,7604,38,50,2022-07-12 00:28:11.113,0,train,52.9508723728583,0
normal,N0221,7605,39,50,2022-07-12 00:28:11.213,0,train,41.55590520556008,0
normal,N0221,7606,40,50,2022-07-12 00:28:11.313,0,train,33.933702196886074,0
normal,N0221,7607,41,50,2022-07-12 00:28:11.413,0,train,40.931063338510405,0
normal,N0221,7608,42,50,2022-07-12 00:28:11.513,0,train,40.95104147024131,0
normal,N0221,7609,43,50,2022-07-12 00:28:11.613,0,train,48.72078741642294,0
normal,N0221,7610,44,50,2022-07-12 00:28:11.713,0,train,35.54225643890467,0
normal,N0221,7611,45,50,2022-07-12 00:28:11.813,0,train,31.968682282543615,0
normal,N0221,7612,46,50,2022-07-12 00:28:11.913,0,train,50.095153049651294,0
normal,N0221,7613,47,50,2022-07-12 00:28:12.013,0,train,53.85651598839843,0
normal,N0221,7614,48,50,2022-07-12 00:28:12.113,0,train,41.22509084303146,0
normal,N0221,7615,49,50,2022-07-12 00:28:12.213,0,train,42.89743134520306,0
normal,N0223,7675,9,40,2022-07-12 00:28:22.440,0,train,74.49599551602151,0
normal,N0223,7676,10,40,2022-07-12 00:28:22.540,0,train,66.06398409249795,0
normal,N0223,7677,11,40,2022-07-12 00:28:22.640,0,train,74.85774323597703,0
normal,N0223,7678,12,40,2022-07-12 00:28:22.740,0,train,97.81067091395623,0
normal,N0223,7679,13,40,2022-07-12 00:28:22.840,0,train,66.2834384233364,0
normal,N0223,7680,14,40,2022-07-12 00:28:22.940,0,train,70.61448779410722,0
normal,N0223,7681,15,40,2022-07-12 00:28:23.040,0,train,88.65403864358063,0
normal,N0223,7682,16,40,2022-07-12 00:28:23.140,0,train,71.09978412865,0
normal,N0223,7683,17,40,2022-07-12 00:28:23.240,0,train,72.36960006567615,0
normal,N0223,7684,18,40,2022-07-12 00:28:23.340,0,train,116.08766494293984,0
normal,N0223,7685,19,40,2022-07-12 00:28:23.440,0,train,115.71384977248275,0
normal,N0223,7686,20,40,2022-07-12 00:28:23.540,0,train,139.87544520804977,0
normal,N0223,7687,21,40,2022-07-12 00:28:23.640,0,train,122.71758522598635,0
normal,N0223,7688,22,40,2022-07-12 00:28:23.740,0,train,58.21551863563086,0
normal,N0223,7689,23,40,2022-07-12 00:28:23.840,0,train,82.67905535361037,0
normal,N0223,7690,24,40,2022-07-12 00:28:23.940,0,train,46.89549682668445,0
normal,N0223,7691,25,40,2022-07-12 00:28:24.040,0,train,76.53803780861726,0
normal,N0223,7692,26,40,2022-07-12 00:28:24.140,0,train,61.92473776448651,0
normal,N0223,7693,27,40,2022-07-12 00:28:24.240,0,train,65.77805118809859,0
normal,N0223,7694,28,40,2022-07-12 00:28:24.340,0,train,59.1224033630275,0
normal,N0223,7695,29,40,2022-07-12 00:28:24.440,0,train,93.71461752963192,0
normal,N0223,7696,30,40,2022-07-12 00:28:24.540,0,train,71.1883073505209,0
normal,N0223,7697,31,40,2022-07-12 00:28:24.640,0,train,79.49042163496965,0
normal,N0223,7698,32,40,2022-07-12 00:28:24.740,0,train,85.71328637823865,0
normal,N0223,7699,33,40,2022-07-12 00:28:24.840,0,train,50.511839955184705,0
normal,N0223,7700,34,40,2022-07-12 00:28:24.940,0,train,45.015593453721046,0
normal,N0223,7701,35,40,2022-07-12 00:28:25.040,0,train,64.88561523931318,0
normal,N0223,7702,36,40,2022-07-12 00:28:25.140,0,train,82.99690812422209,0
normal,N0223,7703,37,40,2022-07-12 00:28:25.240,0,train,72.11780023427355,0
normal,N0223,7704,38,40,2022-07-12 00:28:25.340,0,train,75.66932084186064,0
normal,N0223,7705,39,40,2022-07-12 00:28:25.440,0,train,51.84198471672061,0
normal,N0224,7715,9,29,2022-07-12 00:28:30.432,0,train,29.088840146252902,0
normal,N0224,7716,10,29,2022-07-12 00:28:30.532,0,train,41.57207430807739,0
normal,N0224,7717,11,29,2022-07-12 00:28:30.632,0,train,33.413022405767485,0
normal,N0224,7718,12,29,2022-07-12 00:28:30.732,0,train,24.210685047668782,0
normal,N0224,7719,13,29,2022-07-12 00:28:30.832,0,train,25.574480966460097,0
normal,N0224,7720,14,29,2022-07-12 00:28:30.932,0,train,29.42173031725757,0
normal,N0224,7721,15,29,2022-07-12 00:28:31.032,0,train,46.96586986031733,0
normal,N0224,7722,16,29,2022-07-12 00:28:31.132,0,train,31.23896373095243,0
normal,N0224,7723,17,29,2022-07-12 00:28:31.232,0,train,25.822509379819547,0
normal,N0224,7724,18,29,2022-07-12 00:28:31.332,0,train,36.830236256266474,0
normal,N0224,7725,19,29,2022-07-12 00:28:31.432,0,train,48.64480353672282,0
normal,N0224,7726,20,29,2022-07-12 00:28:31.532,0,train,52.90296278662936,0
normal,N0224,7727,21,29,2022-07-12 00:28:31.632,0,train,53.38823647656584,0
normal,N0224,7728,22,29,2022-07-12 00:28:31.732,0,train,48.08293556229026,0
normal,N0224,7729,23,29,2022-07-12 00:28:31.832,0,train,53.552133943569,0
normal,N0224,7730,24,29,2022-07-12 00:28:31.932,0,train,34.449966917356484,0
normal,N0224,7731,25,29,2022-07-12 00:28:32.032,0,train,31.431820131361626,0
normal,N0224,7732,26,29,2022-07-12 00:28:32.132,0,train,63.84208280056687,0
normal,N0224,7733,27,29,2022-07-12 00:28:32.232,0,train,85.26502767390028,0
normal,N0224,7734,28,29,2022-07-12 00:28:32.332,0,train,38.22105114746766,0
normal,N0225,7744,9,15,2022-07-12 00:28:38.446,0,train,28.293390257902946,0
normal,N0225,7745,10,15,2022-07-12 00:28:38.546,0,train,33.45623563213865,0
normal,N0225,7746,11,15,2022-07-12 00:28:38.646,0,train,33.01830458892227,0
normal,N0225,7747,12,15,2022-07-12 00:28:38.746,0,train,45.82751234788971,0
normal,N0225,7748,13,15,2022-07-12 00:28:38.846,0,train,39.465536408965036,0
normal,N0225,7749,14,15,2022-07-12 00:28:38.946,0,train,45.10184491661268,0
normal,N0228,7811,9,50,2022-07-12 00:29:03.124,0,train,26.812931822507394,0
normal,N0228,7812,10,50,2022-07-12 00:29:03.224,0,train,42.661518976011,0
normal,N0228,7813,11,50,2022-07-12 00:29:03.324,0,train,31.56746335201785,0
normal,N0228,7814,12,50,2022-07-12 00:29:03.424,0,train,25.04949835070155,0
normal,N0228,7815,13,50,2022-07-12 00:29:03.524,0,train,24.363288994034026,0
normal,N0228,7816,14,50,2022-07-12 00:29:03.624,0,train,36.271937165647294,0
normal,N0228,7817,15,50,2022-07-12 00:29:03.724,0,train,38.606542832252615,0
normal,N0228,7818,16,50,2022-07-12 00:29:03.824,0,train,40.809859550540004,0
normal,N0228,7819,17,50,2022-07-12 00:29:03.924,0,train,31.60760350448793,0
normal,N0228,7820,18,50,2022-07-12 00:29:04.024,0,train,28.727954549633974,0
normal,N0228,7821,19,50,2022-07-12 00:29:04.124,0,train,31.261590973016226,0
normal,N0228,7822,20,50,2022-07-12 00:29:04.224,0,train,27.87768836918694,0
normal,N0228,7823,21,50,2022-07-12 00:29:04.324,0,train,25.69370257843404,0
normal,N0228,7824,22,50,2022-07-12 00:29:04.424,0,train,25.574761365052357,0
normal,N0228,7825,23,50,2022-07-12 00:29:04.524,0,train,32.20172089258885,0
normal,N0228,7826,24,50,2022-07-12 00:29:04.624,0,train,54.59697974374673,0
normal,N0228,7827,25,50,2022-07-12 00:29:04.724,0,train,36.781361281718986,0
normal,N0228,7828,26,50,2022-07-12 00:29:04.824,0,train,33.78377155687999,0
normal,N0228,7829,27,50,2022-07-12 00:29:04.924,0,train,30.824887275620068,0
normal,N0228,7830,28,50,2022-07-12 00:29:05.024,0,train,35.19799018164642,0
normal,N0228,7831,29,50,2022-07-12 00:29:05.124,0,train,30.452459675856677,0
normal,N0228,7832,30,50,2022-07-12 00:29:05.224,0,train,45.384463574965544,0
normal,N0228,7833,31,50,2022-07-12 00:29:05.324,0,train,36.94020555922071,0
normal,N0228,7834,32,50,2022-07-12 00:29:05.424,0,train,49.41386481690506,0
normal,N0228,7835,33,50,2022-07-12 00:29:05.524,0,train,29.137762800032434,0
normal,N0228,7836,34,50,2022-07-12 00:29:05.624,0,train,33.38899446913546,0
normal,N0228,7837,35,50,2022-07-12 00:29:05.724,0,train,37.473788165854074,0
normal,N0228,7838,36,50,2022-07-12 00:29:05.824,0,train,34.382234296268706,0
normal,N0228,7839,37,50,2022-07-12 00:29:05.924,0,train,28.27710250683417,0
normal,N0228,7840,38,50,2022-07-12 00:29:06.024,0,train,38.1783612479492,0
normal,N0228,7841,39,50,2022-07-12 00:29:06.124,0,train,34.30130616221267,0
normal,N0228,7842,40,50,2022-07-12 00:29:06.224,0,train,33.23488416263612,0
normal,N0228,7843,41,50,2022-07-12 00:29:06.324,0,train,30.087248509712694,0
normal,N0228,7844,42,50,2022-07-12 00:29:06.424,0,train,31.66349148655598,0
normal,N0228,7845,43,50,2022-07-12 00:29:06.524,0,train,23.454175914733817,0
normal,N0228,7846,44,50,2022-07-12 00:29:06.624,0,train,26.869827351883977,0
normal,N0228,7847,45,50,2022-07-12 00:29:06.724,0,train,30.485402376417635,0
normal,N0228,7848,46,50,2022-07-12 00:29:06.824,0,train,26.404520199440096,0
normal,N0228,7849,47,50,2022-07-12 00:29:06.924,0,train,33.18703415775721,0
normal,N0228,7850,48,50,2022-07-12 00:29:07.024,0,train,46.43629924770225,0
normal,N0228,7851,49,50,2022-07-12 00:29:07.124,0,train,62.25166327611851,0
normal,N0229,7861,9,43,2022-07-12 00:29:10.492,0,train,25.26995314449335,0
normal,N0229,7862,10,43,2022-07-12 00:29:10.592,0,train,22.133383943111472,0
normal,N0229,7863,11,43,2022-07-12 00:29:10.692,0,train,21.59655383419943,0
normal,N0229,7864,12,43,2022-07-12 00:29:10.792,0,train,27.831791741323357,0
normal,N0229,7865,13,43,2022-07-12 00:29:10.892,0,train,32.51239996338829,0
normal,N0229,7866,14,43,2022-07-12 00:29:10.992,0,train,43.57484818851007,0
normal,N0229,7867,15,43,2022-07-12 00:29:11.092,0,train,27.432706535188142,0
normal,N0229,7868,16,43,2022-07-12 00:29:11.192,0,train,28.118533058551563,0
normal,N0229,7869,17,43,2022-07-12 00:29:11.292,0,train,26.37556096050496,0
normal,N0229,7870,18,43,2022-07-12 00:29:11.392,0,train,28.72938477896466,0
normal,N0229,7871,19,43,2022-07-12 00:29:11.492,0,train,23.376370194039353,0
normal,N0229,7872,20,43,2022-07-12 00:29:11.592,0,train,18.401989057587798,0
normal,N0229,7873,21,43,2022-07-12 00:29:11.692,0,train,23.035038603245393,0
normal,N0229,7874,22,43,2022-07-12 00:29:11.792,0,train,45.2531951051807,0
normal,N0229,7875,23,43,2022-07-12 00:29:11.892,0,train,38.36889912843655,0
normal,N0229,7876,24,43,2022-07-12 00:29:11.992,0,train,52.75567932460448,0
normal,N0229,7877,25,43,2022-07-12 00:29:12.092,0,train,72.51388486731933,0
normal,N0229,7878,26,43,2022-07-12 00:29:12.192,0,train,71.4863444962734,0
normal,N0229,7879,27,43,2022-07-12 00:29:12.292,0,train,73.66082291114223,0
normal,N0229,7880,28,43,2022-07-12 00:29:12.392,0,train,50.29144953272804,0
normal,N0229,7881,29,43,2022-07-12 00:29:12.492,0,train,29.060959518782678,0
normal,N0229,7882,30,43,2022-07-12 00:29:12.592,0,train,29.35087280910292,0
normal,N0229,7883,31,43,2022-07-12 00:29:12.692,0,train,28.875243038369916,0
normal,N0229,7884,32,43,2022-07-12 00:29:12.792,0,train,28.665565451507764,0
normal,N0229,7885,33,43,2022-07-12 00:29:12.892,0,train,26.369254534487652,0
normal,N0229,7886,34,43,2022-07-12 00:29:12.992,0,train,24.205703378034837,0
normal,N0229,7887,35,43,2022-07-12 00:29:13.092,0,train,17.422547834976076,0
normal,N0229,7888,36,43,2022-07-12 00:29:13.192,0,train,16.795733405718913,0
normal,N0229,7889,37,43,2022-07-12 00:29:13.292,0,train,15.703476144900396,0
normal,N0229,7890,38,43,2022-07-12 00:29:13.392,0,train,18.608560664595583,0
normal,N0229,7891,39,43,2022-07-12 00:29:13.492,0,train,41.854131376387116,0
normal,N0229,7892,40,43,2022-07-12 00:29:13.592,0,train,20.106802963215152,0
normal,N0229,7893,41,43,2022-07-12 00:29:13.692,0,train,24.519760544544148,0
normal,N0229,7894,42,43,2022-07-12 00:29:13.792,0,train,20.536844500243966,0
normal,N0230,7904,9,32,2022-07-12 00:29:18.474,0,train,70.75469728696582,0
normal,N0230,7905,10,32,2022-07-12 00:29:18.574,0,train,58.386783097132,0
normal,N0230,7906,11,32,2022-07-12 00:29:18.674,0,train,92.74103343145723,0
normal,N0230,7907,12,32,2022-07-12 00:29:18.774,0,train,58.829244485921045,0
normal,N0230,7908,13,32,2022-07-12 00:29:18.874,0,train,59.36280573675854,0
normal,N0230,7909,14,32,2022-07-12 00:29:18.974,0,train,39.11205273811446,0
normal,N0230,7910,15,32,2022-07-12 00:29:19.074,0,train,41.86208833351086,0
normal,N0230,7911,16,32,2022-07-12 00:29:19.174,0,train,63.85390763228326,0
normal,N0230,7912,17,32,2022-07-12 00:29:19.274,0,train,53.822598683744154,0
normal,N0230,7913,18,32,2022-07-12 00:29:19.374,0,train,59.42190212848503,0
normal,N0230,7914,19,32,2022-07-12 00:29:19.474,0,train,53.11926750300449,0
normal,N0230,7915,20,32,2022-07-12 00:29:19.574,0,train,51.06315089576361,0
normal,N0230,7916,21,32,2022-07-12 00:29:19.674,0,train,66.30264220570945,0
normal,N0230,7917,22,32,2022-07-12 00:29:19.774,0,train,77.36388687698351,0
normal,N0230,7918,23,32,2022-07-12 00:29:19.874,0,train,49.80519126032506,0
normal,N0230,7919,24,32,2022-07-12 00:29:19.974,0,train,65.3011200747998,0
normal,N0230,7920,25,32,2022-07-12 00:29:20.074,0,train,49.870913932097025,0
normal,N0230,7921,26,32,2022-07-12 00:29:20.174,0,train,44.27404977474402,0
normal,N0230,7922,27,32,2022-07-12 00:29:20.274,0,train,44.712618484847205,0
normal,N0230,7923,28,32,2022-07-12 00:29:20.374,0,train,42.468729846938956,0
normal,N0230,7924,29,32,2022-07-12 00:29:20.474,0,train,42.29723396022472,0
normal,N0230,7925,30,32,2022-07-12 00:29:20.574,0,train,53.35118934337743,0
normal,N0230,7926,31,32,2022-07-12 00:29:20.674,0,train,43.85925331827655,0
normal,N0231,7936,9,16,2022-07-12 00:29:26.607,0,train,52.14398795085862,0
normal,N0231,7937,10,16,2022-07-12 00:29:26.707,0,train,32.08540053668569,0
normal,N0231,7938,11,16,2022-07-12 00:29:26.807,0,train,28.649607478606114,0
normal,N0231,7939,12,16,2022-07-12 00:29:26.907,0,train,54.4717034940106,0
normal,N0231,7940,13,16,2022-07-12 00:29:27.007,0,train,50.09847795051457,0
normal,N0231,7941,14,16,2022-07-12 00:29:27.107,0,train,48.10789300362898,0
normal,N0231,7942,15,16,2022-07-12 00:29:27.207,0,train,46.78960410070204,0
normal,N0233,7956,9,50,2022-07-12 00:29:36.645,0,train,76.93100476405898,0
normal,N0233,7957,10,50,2022-07-12 00:29:36.745,0,train,44.996106458438184,0
normal,N0233,7958,11,50,2022-07-12 00:29:36.845,0,train,41.82250363404168,0
normal,N0233,7959,12,50,2022-07-12 00:29:36.945,0,train,31.516237599225985,0
normal,N0233,7960,13,50,2022-07-12 00:29:37.045,0,train,41.23390644431006,0
normal,N0233,7961,14,50,2022-07-12 00:29:37.145,0,train,61.07610463670851,0
normal,N0233,7962,15,50,2022-07-12 00:29:37.245,0,train,58.49264371628352,0
normal,N0233,7963,16,50,2022-07-12 00:29:37.345,0,train,76.30626647179854,0
normal,N0233,7964,17,50,2022-07-12 00:29:37.445,0,train,87.62399326198795,0
normal,N0233,7965,18,50,2022-07-12 00:29:37.545,0,train,47.04365728770997,0
normal,N0233,7966,19,50,2022-07-12 00:29:37.645,0,train,36.97337300029653,0
normal,N0233,7967,20,50,2022-07-12 00:29:37.745,0,train,41.68607464006831,0
normal,N0233,7968,21,50,2022-07-12 00:29:37.845,0,train,38.0215709824119,0
normal,N0233,7969,22,50,2022-07-12 00:29:37.945,0,train,47.30357521547519,0
normal,N0233,7970,23,50,2022-07-12 00:29:38.045,0,train,56.39903353905743,0
normal,N0233,7971,24,50,2022-07-12 00:29:38.145,0,train,56.84879431406712,0
normal,N0233,7972,25,50,2022-07-12 00:29:38.245,0,train,58.60950312807778,0
normal,N0233,7973,26,50,2022-07-12 00:29:38.345,0,train,47.57316508922509,0
normal,N0233,7974,27,50,2022-07-12 00:29:38.445,0,train,55.20946003262703,0
normal,N0233,7975,28,50,2022-07-12 00:29:38.545,0,train,25.447603507876284,0
normal,N0233,7976,29,50,2022-07-12 00:29:38.645,0,train,46.97916489107162,0
normal,N0233,7977,30,50,2022-07-12 00:29:38.745,0,train,49.432367403276245,0
normal,N0233,7978,31,50,2022-07-12 00:29:38.845,0,train,57.17913982508255,0
normal,N0233,7979,32,50,2022-07-12 00:29:38.945,0,train,79.25506012210816,0
normal,N0233,7980,33,50,2022-07-12 00:29:39.045,0,train,49.579936639442685,0
normal,N0233,7981,34,50,2022-07-12 00:29:39.145,0,train,39.91511456336927,0
normal,N0233,7982,35,50,2022-07-12 00:29:39.245,0,train,32.194287610548095,0
normal,N0233,7983,36,50,2022-07-12 00:29:39.345,0,train,40.39932245593271,0
normal,N0233,7984,37,50,2022-07-12 00:29:39.445,0,train,47.63328936523038,0
normal,N0233,7985,38,50,2022-07-12 00:29:39.545,0,train,30.575270668203306,0
normal,N0233,7986,39,50,2022-07-12 00:29:39.645,0,train,51.01524994658901,0
normal,N0233,7987,40,50,2022-07-12 00:29:39.745,0,train,63.88613576210845,0
normal,N0233,7988,41,50,2022-07-12 00:29:39.845,0,train,84.22322803447354,0
normal,N0233,7989,42,50,2022-07-12 00:29:39.945,0,train,51.58562788032236,0
normal,N0233,7990,43,50,2022-07-12 00:29:40.045,0,train,31.99067523651528,0
normal,N0233,7991,44,50,2022-07-12 00:29:40.145,0,train,35.308856435828545,0
normal,N0233,7992,45,50,2022-07-12 00:29:40.245,0,train,32.43701682883551,0
normal,N0233,7993,46,50,2022-07-12 00:29:40.345,0,train,36.921483531715374,0
normal,N0233,7994,47,50,2022-07-12 00:29:40.445,0,train,37.043436539721114,0
normal,N0233,7995,48,50,2022-07-12 00:29:40.545,0,train,43.984182512147086,0
normal,N0233,7996,49,50,2022-07-12 00:29:40.645,0,train,43.47370359025096,0
normal,N0234,8006,9,50,2022-07-12 00:29:43.184,0,train,32.81089878389342,0
normal,N0234,8007,10,50,2022-07-12 00:29:43.284,0,train,31.33648535414583,0
normal,N0234,8008,11,50,2022-07-12 00:29:43.384,0,train,28.410815206760265,0
normal,N0234,8009,12,50,2022-07-12 00:29:43.484,0,train,27.83643691592844,0
normal,N0234,8010,13,50,2022-07-12 00:29:43.584,0,train,25.564061266658296,0
normal,N0234,8011,14,50,2022-07-12 00:29:43.684,0,train,30.577463011515817,0
normal,N0234,8012,15,50,2022-07-12 00:29:43.784,0,train,34.11907651678167,0
normal,N0234,8013,16,50,2022-07-12 00:29:43.884,0,train,39.12204519293259,0
normal,N0234,8014,17,50,2022-07-12 00:29:43.984,0,train,44.634561066310845,0
normal,N0234,8015,18,50,2022-07-12 00:29:44.084,0,train,52.28909609377126,0
normal,N0234,8016,19,50,2022-07-12 00:29:44.184,0,train,50.551587368956206,0
normal,N0234,8017,20,50,2022-07-12 00:29:44.284,0,train,36.56259597075782,0
normal,N0234,8018,21,50,2022-07-12 00:29:44.384,0,train,27.9209968606362,0
normal,N0234,8019,22,50,2022-07-12 00:29:44.484,0,train,23.85505027935926,0
normal,N0234,8020,23,50,2022-07-12 00:29:44.584,0,train,30.075734845575308,0
normal,N0234,8021,24,50,2022-07-12 00:29:44.684,0,train,33.60238383875556,0
normal,N0234,8022,25,50,2022-07-12 00:29:44.784,0,train,40.30189688482015,0
normal,N0234,8023,26,50,2022-07-12 00:29:44.884,0,train,39.56193502854311,0
normal,N0234,8024,27,50,2022-07-12 00:29:44.984,0,train,30.794402390429617,0
normal,N0234,8025,28,50,2022-07-12 00:29:45.084,0,train,36.60698287430279,0
normal,N0234,8026,29,50,2022-07-12 00:29:45.184,0,train,31.853290967830894,0
normal,N0234,8027,30,50,2022-07-12 00:29:45.284,0,train,27.44756423024265,0
normal,N0234,8028,31,50,2022-07-12 00:29:45.384,0,train,22.209884074247135,0
normal,N0234,8029,32,50,2022-07-12 00:29:45.484,0,train,26.218221197807992,0
normal,N0234,8030,33,50,2022-07-12 00:29:45.584,0,train,37.93688341176276,0
normal,N0234,8031,34,50,2022-07-12 00:29:45.684,0,train,36.468841369618495,0
normal,N0234,8032,35,50,2022-07-12 00:29:45.784,0,train,41.69322103980673,0
normal,N0234,8033,36,50,2022-07-12 00:29:45.884,0,train,50.04845398950132,0
normal,N0234,8034,37,50,2022-07-12 00:29:45.984,0,train,54.751782173589525,0
normal,N0234,8035,38,50,2022-07-12 00:29:46.084,0,train,31.58106750236944,0
normal,N0234,8036,39,50,2022-07-12 00:29:46.184,0,train,35.174073447263574,0
normal,N0234,8037,40,50,2022-07-12 00:29:46.284,0,train,35.37071666639955,0
normal,N0234,8038,41,50,2022-07-12 00:29:46.384,0,train,41.87321542641044,0
normal,N0234,8039,42,50,2022-07-12 00:29:46.484,0,train,50.196203854893206,0
normal,N0234,8040,43,50,2022-07-12 00:29:46.584,0,train,35.502020354681086,0
normal,N0234,8041,44,50,2022-07-12 00:29:46.684,0,train,26.551059157024408,0
normal,N0234,8042,45,50,2022-07-12 00:29:46.784,0,train,24.128516918115693,0
normal,N0234,8043,46,50,2022-07-12 00:29:46.884,0,train,29.384346101635764,0
normal,N0234,8044,47,50,2022-07-12 00:29:46.984,0,train,22.891800170366594,0
normal,N0234,8045,48,50,2022-07-12 00:29:47.084,0,train,28.95827277760509,0
normal,N0234,8046,49,50,2022-07-12 00:29:47.184,0,train,41.6317448791857,0
normal,N0235,8056,9,41,2022-07-12 00:29:50.908,0,train,40.530259780921874,0
normal,N0235,8057,10,41,2022-07-12 00:29:51.008,0,train,43.65603550704133,0
normal,N0235,8058,11,41,2022-07-12 00:29:51.108,0,train,37.60383443802802,0
normal,N0235,8059,12,41,2022-07-12 00:29:51.208,0,train,52.189741218809765,0
normal,N0235,8060,13,41,2022-07-12 00:29:51.308,0,train,82.82350716772692,0
normal,N0235,8061,14,41,2022-07-12 00:29:51.408,0,train,47.83926734437217,0
normal,N0235,8062,15,41,2022-07-12 00:29:51.508,0,train,46.7788998302022,0
normal,N0235,8063,16,41,2022-07-12 00:29:51.608,0,train,57.14973055083774,0
normal,N0235,8064,17,41,2022-07-12 00:29:51.708,0,train,55.49120383064883,0
normal,N0235,8065,18,41,2022-07-12 00:29:51.808,0,train,59.75121206792551,0
normal,N0235,8066,19,41,2022-07-12 00:29:51.908,0,train,51.32582375960423,0
normal,N0235,8067,20,41,2022-07-12 00:29:52.008,0,train,58.54989681299166,0
normal,N0235,8068,21,41,2022-07-12 00:29:52.108,0,train,49.34544139364559,0
normal,N0235,8069,22,41,2022-07-12 00:29:52.208,0,train,43.20421312284269,0
normal,N0235,8070,23,41,2022-07-12 00:29:52.308,0,train,45.93706708717688,0
normal,N0235,8071,24,41,2022-07-12 00:29:52.408,0,train,81.50940139081443,0
normal,N0235,8072,25,41,2022-07-12 00:29:52.508,0,train,59.60619467714729,0
normal,N0235,8073,26,41,2022-07-12 00:29:52.608,0,train,59.02174824905325,0
normal,N0235,8074,27,41,2022-07-12 00:29:52.708,0,train,40.83237280553375,0
normal,N0235,8075,28,41,2022-07-12 00:29:52.808,0,train,43.19247388445098,0
normal,N0235,8076,29,41,2022-07-12 00:29:52.908,0,train,40.377136758436095,0
normal,N0235,8077,30,41,2022-07-12 00:29:53.008,0,train,48.7762218512254,0
normal,N0235,8078,31,41,2022-07-12 00:29:53.108,0,train,41.55802773324276,0
normal,N0235,8079,32,41,2022-07-12 00:29:53.208,0,train,54.46867311301177,0
normal,N0235,8080,33,41,2022-07-12 00:29:53.308,0,train,99.94732773989548,0
normal,N0235,8081,34,41,2022-07-12 00:29:53.408,0,train,47.24847487623203,0
normal,N0235,8082,35,41,2022-07-12 00:29:53.508,0,train,55.51795794407325,0
normal,N0235,8083,36,41,2022-07-12 00:29:53.608,0,train,45.5089061257678,0
normal,N0235,8084,37,41,2022-07-12 00:29:53.708,0,train,52.57592079840843,0
normal,N0235,8085,38,41,2022-07-12 00:29:53.808,0,train,55.47966737925078,0
normal,N0235,8086,39,41,2022-07-12 00:29:53.908,0,train,47.051908768339885,0
normal,N0235,8087,40,41,2022-07-12 00:29:54.008,0,train,49.24521985727576,0
normal,N0236,8097,9,26,2022-07-12 00:29:58.944,0,train,34.19962300856802,0
normal,N0236,8098,10,26,2022-07-12 00:29:59.044,0,train,33.38545280798794,0
normal,N0236,8099,11,26,2022-07-12 00:29:59.144,0,train,42.76500672182899,0
normal,N0236,8100,12,26,2022-07-12 00:29:59.244,0,train,42.35011053273698,0
normal,N0236,8101,13,26,2022-07-12 00:29:59.344,0,train,42.28463311278337,0
normal,N0236,8102,14,26,2022-07-12 00:29:59.444,0,train,28.511615587089853,0
normal,N0236,8103,15,26,2022-07-12 00:29:59.544,0,train,23.213587480910505,0
normal,N0236,8104,16,26,2022-07-12 00:29:59.644,0,train,29.77504506991786,0
normal,N0236,8105,17,26,2022-07-12 00:29:59.744,0,train,45.796640917471265,0
normal,N0236,8106,18,26,2022-07-12 00:29:59.844,0,train,50.80509482216703,0
normal,N0236,8107,19,26,2022-07-12 00:29:59.944,0,train,37.84803049633365,0
normal,N0236,8108,20,26,2022-07-12 00:30:00.044,0,train,33.04522254265383,0
normal,N0236,8109,21,26,2022-07-12 00:30:00.144,0,train,30.244170082777703,0
normal,N0236,8110,22,26,2022-07-12 00:30:00.244,0,train,33.23652190672057,0
normal,N0236,8111,23,26,2022-07-12 00:30:00.344,0,train,38.8145622976012,0
normal,N0236,8112,24,26,2022-07-12 00:30:00.444,0,train,32.60519633717761,0
normal,N0236,8113,25,26,2022-07-12 00:30:00.544,0,train,39.10344399519954,0
normal,N0239,8141,9,50,2022-07-12 00:30:16.775,0,train,23.020186147014364,0
normal,N0239,8142,10,50,2022-07-12 00:30:16.875,0,train,15.691247065214668,0
normal,N0239,8143,11,50,2022-07-12 00:30:16.975,0,train,25.44588003070853,0
normal,N0239,8144,12,50,2022-07-12 00:30:17.075,0,train,14.1398669412111,0
normal,N0239,8145,13,50,2022-07-12 00:30:17.175,0,train,21.39148830035048,0
normal,N0239,8146,14,50,2022-07-12 00:30:17.275,0,train,27.854544569331697,0
normal,N0239,8147,15,50,2022-07-12 00:30:17.375,0,train,25.329689044703446,0
normal,N0239,8148,16,50,2022-07-12 00:30:17.475,0,train,26.54462678249863,0
normal,N0239,8149,17,50,2022-07-12 00:30:17.575,0,train,32.80542123953578,0
normal,N0239,8150,18,50,2022-07-12 00:30:17.675,0,train,20.648560793796737,0
normal,N0239,8151,19,50,2022-07-12 00:30:17.775,0,train,23.28974667897154,0
normal,N0239,8152,20,50,2022-07-12 00:30:17.875,0,train,18.722725562644257,0
normal,N0239,8153,21,50,2022-07-12 00:30:17.975,0,train,21.646457243637727,0
normal,N0239,8154,22,50,2022-07-12 00:30:18.075,0,train,23.609686320734596,0
normal,N0239,8155,23,50,2022-07-12 00:30:18.175,0,train,23.38333179712241,0
normal,N0239,8156,24,50,2022-07-12 00:30:18.275,0,train,24.82419375761706,0
normal,N0239,8157,25,50,2022-07-12 00:30:18.375,0,train,36.383820940897394,0
normal,N0239,8158,26,50,2022-07-12 00:30:18.475,0,train,23.839792533720935,0
normal,N0239,8159,27,50,2022-07-12 00:30:18.575,0,train,23.223021589661183,0
normal,N0239,8160,28,50,2022-07-12 00:30:18.675,0,train,24.71695195473529,0
normal,N0239,8161,29,50,2022-07-12 00:30:18.775,0,train,19.24057517902974,0
normal,N0239,8162,30,50,2022-07-12 00:30:18.875,0,train,16.569299929962963,0
normal,N0239,8163,31,50,2022-07-12 00:30:18.975,0,train,21.511082250496504,0
normal,N0239,8164,32,50,2022-07-12 00:30:19.075,0,train,20.502857959594515,0
normal,N0239,8165,33,50,2022-07-12 00:30:19.175,0,train,31.858118542063668,0
normal,N0239,8166,34,50,2022-07-12 00:30:19.275,0,train,19.18741015531429,0
normal,N0239,8167,35,50,2022-07-12 00:30:19.375,0,train,16.65003540320837,0
normal,N0239,8168,36,50,2022-07-12 00:30:19.475,0,train,19.015483962705776,0
normal,N0239,8169,37,50,2022-07-12 00:30:19.575,0,train,17.463618705324865,0
normal,N0239,8170,38,50,2022-07-12 00:30:19.675,0,train,18.620559381021728,0
normal,N0239,8171,39,50,2022-07-12 00:30:19.775,0,train,29.23645715184895,0
normal,N0239,8172,40,50,2022-07-12 00:30:19.875,0,train,23.646612371476028,0
normal,N0239,8173,41,50,2022-07-12 00:30:19.975,0,train,28.105905197123484,0
normal,N0239,8174,42,50,2022-07-12 00:30:20.075,0,train,32.48112446504781,0
normal,N0239,8175,43,50,2022-07-12 00:30:20.175,0,train,21.031088866871684,0
normal,N0239,8176,44,50,2022-07-12 00:30:20.275,0,train,34.42058681940304,0
normal,N0239,8177,45,50,2022-07-12 00:30:20.375,0,train,22.664955329242403,0
normal,N0239,8178,46,50,2022-07-12 00:30:20.475,0,train,15.911408121060221,0
normal,N0239,8179,47,50,2022-07-12 00:30:20.575,0,train,15.20375706936432,0
normal,N0239,8180,48,50,2022-07-12 00:30:20.675,0,train,19.37060381926207,0
normal,N0239,8181,49,50,2022-07-12 00:30:20.775,0,train,19.553558108024014,0
normal,N0240,8191,9,50,2022-07-12 00:30:23.588,0,train,52.2123587325758,0
normal,N0240,8192,10,50,2022-07-12 00:30:23.688,0,train,58.841272710252674,0
normal,N0240,8193,11,50,2022-07-12 00:30:23.788,0,train,39.28712587293166,0
normal,N0240,8194,12,50,2022-07-12 00:30:23.888,0,train,41.4123373461498,0
normal,N0240,8195,13,50,2022-07-12 00:30:23.988,0,train,30.449297020344964,0
normal,N0240,8196,14,50,2022-07-12 00:30:24.088,0,train,35.48065588333959,0
normal,N0240,8197,15,50,2022-07-12 00:30:24.188,0,train,27.662124373265726,0
normal,N0240,8198,16,50,2022-07-12 00:30:24.288,0,train,25.888179373792283,0
normal,N0240,8199,17,50,2022-07-12 00:30:24.388,0,train,27.572474629523928,0
normal,N0240,8200,18,50,2022-07-12 00:30:24.488,0,train,37.99552171426723,0
normal,N0240,8201,19,50,2022-07-12 00:30:24.588,0,train,34.67760228940046,0
normal,N0240,8202,20,50,2022-07-12 00:30:24.688,0,train,45.351427368891976,0
normal,N0240,8203,21,50,2022-07-12 00:30:24.788,0,train,35.16406306802671,0
normal,N0240,8204,22,50,2022-07-12 00:30:24.888,0,train,45.1888749246988,0
normal,N0240,8205,23,50,2022-07-12 00:30:24.988,0,train,53.10726062452468,0
normal,N0240,8206,24,50,2022-07-12 00:30:25.088,0,train,27.25244513184579,0
normal,N0240,8207,25,50,2022-07-12 00:30:25.188,0,train,30.74711730183375,0
normal,N0240,8208,26,50,2022-07-12 00:30:25.288,0,train,23.179808617617027,0
normal,N0240,8209,27,50,2022-07-12 00:30:25.388,0,train,22.097801774621683,0
normal,N0240,8210,28,50,2022-07-12 00:30:25.488,0,train,41.10458211612275,0
normal,N0240,8211,29,50,2022-07-12 00:30:25.588,0,train,44.43219438291522,0
normal,N0240,8212,30,50,2022-07-12 00:30:25.688,0,train,38.664243981422295,0
normal,N0240,8213,31,50,2022-07-12 00:30:25.788,0,train,31.943702914873064,0
normal,N0240,8214,32,50,2022-07-12 00:30:25.888,0,train,22.948499139152506,0
normal,N0240,8215,33,50,2022-07-12 00:30:25.988,0,train,23.739009728229565,0
normal,N0240,8216,34,50,2022-07-12 00:30:26.088,0,train,39.76304946025668,0
normal,N0240,8217,35,50,2022-07-12 00:30:26.188,0,train,30.35650091462353,0
normal,N0240,8218,36,50,2022-07-12 00:30:26.288,0,train,28.751490091460123,0
normal,N0240,8219,37,50,2022-07-12 00:30:26.388,0,train,35.699572791785116,0
normal,N0240,8220,38,50,2022-07-12 00:30:26.488,0,train,41.80193857266261,0
normal,N0240,8221,39,50,2022-07-12 00:30:26.588,0,train,42.0595628548075,0
normal,N0240,8222,40,50,2022-07-12 00:30:26.688,0,train,34.384517688463404,0
normal,N0240,8223,41,50,2022-07-12 00:30:26.788,0,train,39.21796767100678,0
normal,N0240,8224,42,50,2022-07-12 00:30:26.888,0,train,32.74844809729707,0
normal,N0240,8225,43,50,2022-07-12 00:30:26.988,0,train,35.25593078684653,0
normal,N0240,8226,44,50,2022-07-12 00:30:27.088,0,train,44.42751653129129,0
normal,N0240,8227,45,50,2022-07-12 00:30:27.188,0,train,43.690034840943675,0
normal,N0240,8228,46,50,2022-07-12 00:30:27.288,0,train,30.06650943819991,0
normal,N0240,8229,47,50,2022-07-12 00:30:27.388,0,train,47.324703604435356,0
normal,N0240,8230,48,50,2022-07-12 00:30:27.488,0,train,44.481528322946886,0
normal,N0240,8231,49,50,2022-07-12 00:30:27.588,0,train,40.01274606618088,0
normal,N0241,8241,9,43,2022-07-12 00:30:30.899,0,train,49.1185567267558,0
normal,N0241,8242,10,43,2022-07-12 00:30:30.999,0,train,53.67875153047287,0
normal,N0241,8243,11,43,2022-07-12 00:30:31.099,0,train,37.65249764006063,0
normal,N0241,8244,12,43,2022-07-12 00:30:31.199,0,train,36.292832664433085,0
normal,N0241,8245,13,43,2022-07-12 00:30:31.299,0,train,50.680785680418715,0
normal,N0241,8246,14,43,2022-07-12 00:30:31.399,0,train,37.57375404534197,0
normal,N0241,8247,15,43,2022-07-12 00:30:31.499,0,train,30.70664221413302,0
normal,N0241,8248,16,43,2022-07-12 00:30:31.599,0,train,34.8305950619552,0
normal,N0241,8249,17,43,2022-07-12 00:30:31.699,0,train,46.50744684821386,0
normal,N0241,8250,18,43,2022-07-12 00:30:31.799,0,train,38.67854195281795,0
normal,N0241,8251,19,43,2022-07-12 00:30:31.899,0,train,30.36600851073871,0
normal,N0241,8252,20,43,2022-07-12 00:30:31.999,0,train,32.63423420457446,0
normal,N0241,8253,21,43,2022-07-12 00:30:32.099,0,train,46.327430361040065,0
normal,N0241,8254,22,43,2022-07-12 00:30:32.199,0,train,48.714376051705344,0
normal,N0241,8255,23,43,2022-07-12 00:30:32.299,0,train,33.380260017487785,0
normal,N0241,8256,24,43,2022-07-12 00:30:32.399,0,train,41.692406259331435,0
normal,N0241,8257,25,43,2022-07-12 00:30:32.499,0,train,31.37312567047155,0
normal,N0241,8258,26,43,2022-07-12 00:30:32.599,0,train,29.551173620686082,0
normal,N0241,8259,27,43,2022-07-12 00:30:32.699,0,train,32.530558423063425,0
normal,N0241,8260,28,43,2022-07-12 00:30:32.799,0,train,36.40930188910171,0
normal,N0241,8261,29,43,2022-07-12 00:30:32.899,0,train,28.961020689509027,0
normal,N0241,8262,30,43,2022-07-12 00:30:32.999,0,train,43.33826861942605,0
normal,N0241,8263,31,43,2022-07-12 00:30:33.099,0,train,43.04596861580058,0
normal,N0241,8264,32,43,2022-07-12 00:30:33.199,0,train,43.869721464423115,0
normal,N0241,8265,33,43,2022-07-12 00:30:33.299,0,train,42.980298366326714,0
normal,N0241,8266,34,43,2022-07-12 00:30:33.399,0,train,55.054872558538925,0
normal,N0241,8267,35,43,2022-07-12 00:30:33.499,0,train,46.81003031299172,0
normal,N0241,8268,36,43,2022-07-12 00:30:33.599,0,train,42.98618276125722,0
normal,N0241,8269,37,43,2022-07-12 00:30:33.699,0,train,43.88669670833025,0
normal,N0241,8270,38,43,2022-07-12 00:30:33.799,0,train,88.66921272086945,0
normal,N0241,8271,39,43,2022-07-12 00:30:33.899,0,train,59.293683753528434,0
normal,N0241,8272,40,43,2022-07-12 00:30:33.999,0,train,52.22527982317783,0
normal,N0241,8273,41,43,2022-07-12 00:30:34.099,0,train,51.97204235599904,0
normal,N0241,8274,42,43,2022-07-12 00:30:34.199,0,train,58.45342648509043,0
normal,N0243,8313,9,16,2022-07-12 00:30:46.932,0,train,44.81690159861665,0
normal,N0243,8314,10,16,2022-07-12 00:30:47.032,0,train,64.7384678774908,0
normal,N0243,8315,11,16,2022-07-12 00:30:47.132,0,train,54.793773893120786,0
normal,N0243,8316,12,16,2022-07-12 00:30:47.232,0,train,47.50964082404724,0
normal,N0243,8317,13,16,2022-07-12 00:30:47.332,0,train,23.229722315562345,0
normal,N0243,8318,14,16,2022-07-12 00:30:47.432,0,train,25.01160275630726,0
normal,N0243,8319,15,16,2022-07-12 00:30:47.532,0,train,24.78963500190816,0
normal,N0245,8335,9,50,2022-07-12 00:31:03.845,0,train,40.76533929423106,0
normal,N0245,8336,10,50,2022-07-12 00:31:03.945,0,train,36.119544371601044,0
normal,N0245,8337,11,50,2022-07-12 00:31:04.045,0,train,31.22478108406437,0
normal,N0245,8338,12,50,2022-07-12 00:31:04.145,0,train,29.387620581333042,0
normal,N0245,8339,13,50,2022-07-12 00:31:04.245,0,train,25.095373508957206,0
normal,N0245,8340,14,50,2022-07-12 00:31:04.345,0,train,22.350367529402607,0
normal,N0245,8341,15,50,2022-07-12 00:31:04.445,0,train,27.35936812154044,0
normal,N0245,8342,16,50,2022-07-12 00:31:04.545,0,train,25.946265864603586,0
normal,N0245,8343,17,50,2022-07-12 00:31:04.645,0,train,33.1877475002043,0
normal,N0245,8344,18,50,2022-07-12 00:31:04.745,0,train,46.65053320123599,0
normal,N0245,8345,19,50,2022-07-12 00:31:04.845,0,train,45.9128247439569,0
normal,N0245,8346,20,50,2022-07-12 00:31:04.945,0,train,52.10208934341879,0
normal,N0245,8347,21,50,2022-07-12 00:31:05.045,0,train,34.8542423205481,0
normal,N0245,8348,22,50,2022-07-12 00:31:05.145,0,train,40.111899099070484,0
normal,N0245,8349,23,50,2022-07-12 00:31:05.245,0,train,27.030495028345847,0
normal,N0245,8350,24,50,2022-07-12 00:31:05.345,0,train,53.146933694095765,0
normal,N0245,8351,25,50,2022-07-12 00:31:05.445,0,train,37.54693131229547,0
normal,N0245,8352,26,50,2022-07-12 00:31:05.545,0,train,52.08004262817242,0
normal,N0245,8353,27,50,2022-07-12 00:31:05.645,0,train,46.132414744843324,0
normal,N0245,8354,28,50,2022-07-12 00:31:05.745,0,train,38.22887189925587,0
normal,N0245,8355,29,50,2022-07-12 00:31:05.845,0,train,49.86585087459374,0
normal,N0245,8356,30,50,2022-07-12 00:31:05.945,0,train,46.59710998663915,0
normal,N0245,8357,31,50,2022-07-12 00:31:06.045,0,train,42.450877410563,0
normal,N0245,8358,32,50,2022-07-12 00:31:06.145,0,train,67.99644323567419,0
normal,N0245,8359,33,50,2022-07-12 00:31:06.245,0,train,62.41834821596826,0
normal,N0245,8360,34,50,2022-07-12 00:31:06.345,0,train,54.520321567009994,0
normal,N0245,8361,35,50,2022-07-12 00:31:06.445,0,train,38.80541714621954,0
normal,N0245,8362,36,50,2022-07-12 00:31:06.545,0,train,33.84302800827647,0
normal,N0245,8363,37,50,2022-07-12 00:31:06.645,0,train,28.24440539705103,0
normal,N0245,8364,38,50,2022-07-12 00:31:06.745,0,train,20.81774710463709,0
normal,N0245,8365,39,50,2022-07-12 00:31:06.845,0,train,23.564136888732516,0
normal,N0245,8366,40,50,2022-07-12 00:31:06.945,0,train,32.231195692375984,0
normal,N0245,8367,41,50,2022-07-12 00:31:07.045,0,train,37.37939733839836,0
normal,N0245,8368,42,50,2022-07-12 00:31:07.145,0,train,37.6815846965734,0
normal,N0245,8369,43,50,2022-07-12 00:31:07.245,0,train,35.395512172300926,0
normal,N0245,8370,44,50,2022-07-12 00:31:07.345,0,train,60.07876163965389,0
normal,N0245,8371,45,50,2022-07-12 00:31:07.445,0,train,27.47707635485373,0
normal,N0245,8372,46,50,2022-07-12 00:31:07.545,0,train,27.540707022048988,0
normal,N0245,8373,47,50,2022-07-12 00:31:07.645,0,train,41.03959531496836,0
normal,N0245,8374,48,50,2022-07-12 00:31:07.745,0,train,31.30755179321015,0
normal,N0245,8375,49,50,2022-07-12 00:31:07.845,0,train,27.512679899045626,0
normal,N0246,8385,9,50,2022-07-12 00:31:11.898,0,train,40.10051613899647,0
normal,N0246,8386,10,50,2022-07-12 00:31:11.998,0,train,50.33068898044238,0
normal,N0246,8387,11,50,2022-07-12 00:31:12.098,0,train,42.14809993126891,0
normal,N0246,8388,12,50,2022-07-12 00:31:12.198,0,train,38.9800915474929,0
normal,N0246,8389,13,50,2022-07-12 00:31:12.298,0,train,33.56216132581735,0
normal,N0246,8390,14,50,2022-07-12 00:31:12.398,0,train,31.043324896728983,0
normal,N0246,8391,15,50,2022-07-12 00:31:12.498,0,train,36.72584326166724,0
normal,N0246,8392,16,50,2022-07-12 00:31:12.598,0,train,29.22709217486915,0
normal,N0246,8393,17,50,2022-07-12 00:31:12.698,0,train,17.828827993118704,0
normal,N0246,8394,18,50,2022-07-12 00:31:12.798,0,train,27.006122123287962,0
normal,N0246,8395,19,50,2022-07-12 00:31:12.898,0,train,20.132883700432618,0
normal,N0246,8396,20,50,2022-07-12 00:31:12.998,0,train,17.737281727226467,0
normal,N0246,8397,21,50,2022-07-12 00:31:13.098,0,train,19.7510066222667,0
normal,N0246,8398,22,50,2022-07-12 00:31:13.198,0,train,22.797718156144246,0
normal,N0246,8399,23,50,2022-07-12 00:31:13.298,0,train,17.54947347883801,0
normal,N0246,8400,24,50,2022-07-12 00:31:13.398,0,train,28.04416990689463,0
normal,N0246,8401,25,50,2022-07-12 00:31:13.498,0,train,25.655169785512392,0
normal,N0246,8402,26,50,2022-07-12 00:31:13.598,0,train,18.915951399487767,0
normal,N0246,8403,27,50,2022-07-12 00:31:13.698,0,train,19.21458722657708,0
normal,N0246,8404,28,50,2022-07-12 00:31:13.798,0,train,18.17743883131598,0
normal,N0246,8405,29,50,2022-07-12 00:31:13.898,0,train,23.586415842346597,0
normal,N0246,8406,30,50,2022-07-12 00:31:13.998,0,train,27.280262761203737,0
normal,N0246,8407,31,50,2022-07-12 00:31:14.098,0,train,29.78810042575644,0
normal,N0246,8408,32,50,2022-07-12 00:31:14.198,0,train,36.44913747567852,0
normal,N0246,8409,33,50,2022-07-12 00:31:14.298,0,train,27.088537617984148,0
normal,N0246,8410,34,50,2022-07-12 00:31:14.398,0,train,25.441633963237717,0
normal,N0246,8411,35,50,2022-07-12 00:31:14.498,0,train,27.957834170491335,0
normal,N0246,8412,36,50,2022-07-12 00:31:14.598,0,train,18.748262936448285,0
normal,N0246,8413,37,50,2022-07-12 00:31:14.698,0,train,20.968406237944155,0
normal,N0246,8414,38,50,2022-07-12 00:31:14.798,0,train,22.185380559371044,0
normal,N0246,8415,39,50,2022-07-12 00:31:14.898,0,train,21.147034065461874,0
normal,N0246,8416,40,50,2022-07-12 00:31:14.998,0,train,25.266031126699488,0
normal,N0246,8417,41,50,2022-07-12 00:31:15.098,0,train,21.80329045000087,0
normal,N0246,8418,42,50,2022-07-12 00:31:15.198,0,train,17.070860290567754,0
normal,N0246,8419,43,50,2022-07-12 00:31:15.298,0,train,31.409112834463944,0
normal,N0246,8420,44,50,2022-07-12 00:31:15.398,0,train,22.700158316374146,0
normal,N0246,8421,45,50,2022-07-12 00:31:15.498,0,train,23.022599682000664,0
normal,N0246,8422,46,50,2022-07-12 00:31:15.598,0,train,28.69246812080652,0
normal,N0246,8423,47,50,2022-07-12 00:31:15.698,0,train,20.03773643608861,0
normal,N0246,8424,48,50,2022-07-12 00:31:15.798,0,train,24.13587548438214,0
normal,N0246,8425,49,50,2022-07-12 00:31:15.898,0,train,28.951385733088163,0
normal,N0248,8485,9,35,2022-07-12 00:31:26.807,0,train,34.14858829769756,0
normal,N0248,8486,10,35,2022-07-12 00:31:26.907,0,train,33.20516941889271,0
normal,N0248,8487,11,35,2022-07-12 00:31:27.007,0,train,33.37442676856627,0
normal,N0248,8488,12,35,2022-07-12 00:31:27.107,0,train,34.86130943592807,0
normal,N0248,8489,13,35,2022-07-12 00:31:27.207,0,train,40.60247628024464,0
normal,N0248,8490,14,35,2022-07-12 00:31:27.307,0,train,37.58541486838893,0
normal,N0248,8491,15,35,2022-07-12 00:31:27.407,0,train,49.78074206395836,0
normal,N0248,8492,16,35,2022-07-12 00:31:27.507,0,train,47.69067537461111,0
normal,N0248,8493,17,35,2022-07-12 00:31:27.607,0,train,33.696651982565726,0
normal,N0248,8494,18,35,2022-07-12 00:31:27.707,0,train,34.32073624664723,0
normal,N0248,8495,19,35,2022-07-12 00:31:27.807,0,train,37.11543770768674,0
normal,N0248,8496,20,35,2022-07-12 00:31:27.907,0,train,30.060045719925334,0
normal,N0248,8497,21,35,2022-07-12 00:31:28.007,0,train,23.96724531632312,0
normal,N0248,8498,22,35,2022-07-12 00:31:28.107,0,train,28.426099835895442,0
normal,N0248,8499,23,35,2022-07-12 00:31:28.207,0,train,89.19355880996181,0
normal,N0248,8500,24,35,2022-07-12 00:31:28.307,0,train,45.21076896198556,0
normal,N0248,8501,25,35,2022-07-12 00:31:28.407,0,train,37.68969595530695,0
normal,N0248,8502,26,35,2022-07-12 00:31:28.507,0,train,41.274391532173176,0
normal,N0248,8503,27,35,2022-07-12 00:31:28.607,0,train,33.60983053854929,0
normal,N0248,8504,28,35,2022-07-12 00:31:28.707,0,train,48.37462508416629,0
normal,N0248,8505,29,35,2022-07-12 00:31:28.807,0,train,28.371269247043593,0
normal,N0248,8506,30,35,2022-07-12 00:31:28.907,0,train,27.927722228801475,0
normal,N0248,8507,31,35,2022-07-12 00:31:29.007,0,train,44.870139389696405,0
normal,N0248,8508,32,35,2022-07-12 00:31:29.107,0,train,41.767037505709666,0
normal,N0248,8509,33,35,2022-07-12 00:31:29.207,0,train,43.767214203889004,0
normal,N0248,8510,34,35,2022-07-12 00:31:29.307,0,train,45.02322614709437,0
normal,N0249,8520,9,23,2022-07-12 00:31:34.801,0,train,40.031313831072076,0
normal,N0249,8521,10,23,2022-07-12 00:31:34.901,0,train,30.510165412713892,0
normal,N0249,8522,11,23,2022-07-12 00:31:35.001,0,train,45.31494579650559,0
normal,N0249,8523,12,23,2022-07-12 00:31:35.101,0,train,37.042964760675076,0
normal,N0249,8524,13,23,2022-07-12 00:31:35.201,0,train,31.647616951162043,0
normal,N0249,8525,14,23,2022-07-12 00:31:35.301,0,train,25.88212539460703,0
normal,N0249,8526,15,23,2022-07-12 00:31:35.401,0,train,30.435592677581273,0
normal,N0249,8527,16,23,2022-07-12 00:31:35.501,0,train,19.090932389496338,0
normal,N0249,8528,17,23,2022-07-12 00:31:35.601,0,train,21.005041575878867,0
normal,N0249,8529,18,23,2022-07-12 00:31:35.701,0,train,21.85366580186501,0
normal,N0249,8530,19,23,2022-07-12 00:31:35.801,0,train,26.597458428809663,0
normal,N0249,8531,20,23,2022-07-12 00:31:35.901,0,train,34.97350062871858,0
normal,N0249,8532,21,23,2022-07-12 00:31:36.001,0,train,21.80879863235378,0
normal,N0249,8533,22,23,2022-07-12 00:31:36.101,0,train,29.087820725342628,0
normal,N0251,8552,9,50,2022-07-12 00:31:52.100,0,train,32.972432431276445,0
normal,N0251,8553,10,50,2022-07-12 00:31:52.200,0,train,50.39631515334582,0
normal,N0251,8554,11,50,2022-07-12 00:31:52.300,0,train,41.42276827643796,0
normal,N0251,8555,12,50,2022-07-12 00:31:52.400,0,train,48.55894119635041,0
normal,N0251,8556,13,50,2022-07-12 00:31:52.500,0,train,34.95029576200991,0
normal,N0251,8557,14,50,2022-07-12 00:31:52.600,0,train,36.66903636452438,0
normal,N0251,8558,15,50,2022-07-12 00:31:52.700,0,train,30.964870579553367,0
normal,N0251,8559,16,50,2022-07-12 00:31:52.800,0,train,32.525795336533974,0
normal,N0251,8560,17,50,2022-07-12 00:31:52.900,0,train,37.52780796758873,0
normal,N0251,8561,18,50,2022-07-12 00:31:53.000,0,train,39.7977321227733,0
normal,N0251,8562,19,50,2022-07-12 00:31:53.100,0,train,20.941333079046107,0
normal,N0251,8563,20,50,2022-07-12 00:31:53.200,0,train,15.33960867051098,0
normal,N0251,8564,21,50,2022-07-12 00:31:53.300,0,train,33.80524226365513,0
normal,N0251,8565,22,50,2022-07-12 00:31:53.400,0,train,25.806924557941624,0
normal,N0251,8566,23,50,2022-07-12 00:31:53.500,0,train,23.51774631794358,0
normal,N0251,8567,24,50,2022-07-12 00:31:53.600,0,train,24.739390933451563,0
normal,N0251,8568,25,50,2022-07-12 00:31:53.700,0,train,24.763513256793996,0
normal,N0251,8569,26,50,2022-07-12 00:31:53.800,0,train,27.907325480026227,0
normal,N0251,8570,27,50,2022-07-12 00:31:53.900,0,train,38.19437336186217,0
normal,N0251,8571,28,50,2022-07-12 00:31:54.000,0,train,20.88900796745759,0
normal,N0251,8572,29,50,2022-07-12 00:31:54.100,0,train,20.821839058876947,0
normal,N0251,8573,30,50,2022-07-12 00:31:54.200,0,train,23.24852094033774,0
normal,N0251,8574,31,50,2022-07-12 00:31:54.300,0,train,25.097173640695623,0
normal,N0251,8575,32,50,2022-07-12 00:31:54.400,0,train,20.4207233632704,0
normal,N0251,8576,33,50,2022-07-12 00:31:54.500,0,train,25.560063753961476,0
normal,N0251,8577,34,50,2022-07-12 00:31:54.600,0,train,36.681265816163446,0
normal,N0251,8578,35,50,2022-07-12 00:31:54.700,0,train,42.83958447939977,0
normal,N0251,8579,36,50,2022-07-12 00:31:54.800,0,train,33.922006475028326,0
normal,N0251,8580,37,50,2022-07-12 00:31:54.900,0,train,37.33401592823746,0
normal,N0251,8581,38,50,2022-07-12 00:31:55.000,0,train,38.896780430457376,0
normal,N0251,8582,39,50,2022-07-12 00:31:55.100,0,train,54.11451036761594,0
normal,N0251,8583,40,50,2022-07-12 00:31:55.200,0,train,52.86534145085838,0
normal,N0251,8584,41,50,2022-07-12 00:31:55.300,0,train,41.614992746506296,0
normal,N0251,8585,42,50,2022-07-12 00:31:55.400,0,train,61.56793763992414,0
normal,N0251,8586,43,50,2022-07-12 00:31:55.500,0,train,109.58029354150143,0
normal,N0251,8587,44,50,2022-07-12 00:31:55.600,0,train,78.26294545916457,0
normal,N0251,8588,45,50,2022-07-12 00:31:55.700,0,train,27.038221623295907,0
normal,N0251,8589,46,50,2022-07-12 00:31:55.800,0,train,43.530922529050194,0
normal,N0251,8590,47,50,2022-07-12 00:31:55.900,0,train,51.27761883603175,0
normal,N0251,8591,48,50,2022-07-12 00:31:56.000,0,train,86.26353089973217,0
normal,N0251,8592,49,50,2022-07-12 00:31:56.100,0,train,57.38011561632723,0
normal,N0253,8652,9,38,2022-07-12 00:32:06.848,0,train,35.99950295368528,0
normal,N0253,8653,10,38,2022-07-12 00:32:06.948,0,train,36.39383081860973,0
normal,N0253,8654,11,38,2022-07-12 00:32:07.048,0,train,27.40371954444927,0
normal,N0253,8655,12,38,2022-07-12 00:32:07.148,0,train,15.010526445027311,0
normal,N0253,8656,13,38,2022-07-12 00:32:07.248,0,train,24.10744228614632,0
normal,N0253,8657,14,38,2022-07-12 00:32:07.348,0,train,34.64969670257966,0
normal,N0253,8658,15,38,2022-07-12 00:32:07.448,0,train,36.68029786604249,0
normal,N0253,8659,16,38,2022-07-12 00:32:07.548,0,train,31.194393099368966,0
normal,N0253,8660,17,38,2022-07-12 00:32:07.648,0,train,30.423751561743376,0
normal,N0253,8661,18,38,2022-07-12 00:32:07.748,0,train,44.95343833359996,0
normal,N0253,8662,19,38,2022-07-12 00:32:07.848,0,train,38.59852907442564,0
normal,N0253,8663,20,38,2022-07-12 00:32:07.948,0,train,28.660286119258174,0
normal,N0253,8664,21,38,2022-07-12 00:32:08.048,0,train,30.75626925962964,0
normal,N0253,8665,22,38,2022-07-12 00:32:08.148,0,train,29.054951875082555,0
normal,N0253,8666,23,38,2022-07-12 00:32:08.248,0,train,31.136000974335786,0
normal,N0253,8667,24,38,2022-07-12 00:32:08.348,0,train,25.0685964442271,0
normal,N0253,8668,25,38,2022-07-12 00:32:08.448,0,train,34.255785868169035,0
normal,N0253,8669,26,38,2022-07-12 00:32:08.548,0,train,35.8710105744203,0
normal,N0253,8670,27,38,2022-07-12 00:32:08.648,0,train,50.37671638044064,0
normal,N0253,8671,28,38,2022-07-12 00:32:08.748,0,train,56.69772981336275,0
normal,N0253,8672,29,38,2022-07-12 00:32:08.848,0,train,35.45910913067318,0
normal,N0253,8673,30,38,2022-07-12 00:32:08.948,0,train,28.46389829182831,0
normal,N0253,8674,31,38,2022-07-12 00:32:09.048,0,train,28.256121327574913,0
normal,N0253,8675,32,38,2022-07-12 00:32:09.148,0,train,37.38348271961864,0
normal,N0253,8676,33,38,2022-07-12 00:32:09.248,0,train,25.018676247028306,0
normal,N0253,8677,34,38,2022-07-12 00:32:09.348,0,train,34.332905482896095,0
normal,N0253,8678,35,38,2022-07-12 00:32:09.448,0,train,49.7850886550601,0
normal,N0253,8679,36,38,2022-07-12 00:32:09.548,0,train,30.891862495005128,0
normal,N0253,8680,37,38,2022-07-12 00:32:09.648,0,train,30.90447233139672,0
normal,N0254,8690,9,27,2022-07-12 00:32:14.876,0,train,63.777868065952944,0
normal,N0254,8691,10,27,2022-07-12 00:32:14.976,0,train,40.84335847192783,0
normal,N0254,8692,11,27,2022-07-12 00:32:15.076,0,train,86.74375386235438,0
normal,N0254,8693,12,27,2022-07-12 00:32:15.176,0,train,147.35004425863474,1
normal,N0254,8694,13,27,2022-07-12 00:32:15.276,0,train,116.1240956501382,0
normal,N0254,8695,14,27,2022-07-12 00:32:15.376,0,train,147.80196911389197,1
normal,N0254,8696,15,27,2022-07-12 00:32:15.476,0,train,66.34384084363269,0
normal,N0254,8697,16,27,2022-07-12 00:32:15.576,0,train,37.797594468136865,0
normal,N0254,8698,17,27,2022-07-12 00:32:15.676,0,train,31.59634915352195,0
normal,N0254,8699,18,27,2022-07-12 00:32:15.776,0,train,34.95431446608352,0
normal,N0254,8700,19,27,2022-07-12 00:32:15.876,0,train,52.785332884304495,0
normal,N0254,8701,20,27,2022-07-12 00:32:15.976,0,train,48.34012423244669,0
normal,N0254,8702,21,27,2022-07-12 00:32:16.076,0,train,71.5821486856913,0
normal,N0254,8703,22,27,2022-07-12 00:32:16.176,0,train,55.894190066150145,0
normal,N0254,8704,23,27,2022-07-12 00:32:16.276,0,train,60.483834323262634,0
normal,N0254,8705,24,27,2022-07-12 00:32:16.376,0,train,73.36837282049153,0
normal,N0254,8706,25,27,2022-07-12 00:32:16.476,0,train,44.30536366633303,0
normal,N0254,8707,26,27,2022-07-12 00:32:16.576,0,train,48.88098606968757,0
normal,N0255,8717,9,13,2022-07-12 00:32:22.864,0,train,31.308422725177582,0
normal,N0255,8718,10,13,2022-07-12 00:32:22.964,0,train,19.05686617078564,0
normal,N0255,8719,11,13,2022-07-12 00:32:23.064,0,train,15.75920234023287,0
normal,N0255,8720,12,13,2022-07-12 00:32:23.164,0,train,19.38584254403086,0
normal,N0258,8786,9,45,2022-07-12 00:32:46.671,0,train,35.175858389112854,0
normal,N0258,8787,10,45,2022-07-12 00:32:46.771,0,train,28.41490906211105,0
normal,N0258,8788,11,45,2022-07-12 00:32:46.871,0,train,35.706772109603946,0
normal,N0258,8789,12,45,2022-07-12 00:32:46.971,0,train,55.22005683357321,0
normal,N0258,8790,13,45,2022-07-12 00:32:47.071,0,train,49.26151170869534,0
normal,N0258,8791,14,45,2022-07-12 00:32:47.171,0,train,24.884710225331002,0
normal,N0258,8792,15,45,2022-07-12 00:32:47.271,0,train,19.122174678529433,0
normal,N0258,8793,16,45,2022-07-12 00:32:47.371,0,train,28.90186195188347,0
normal,N0258,8794,17,45,2022-07-12 00:32:47.471,0,train,49.18297069837271,0
normal,N0258,8795,18,45,2022-07-12 00:32:47.571,0,train,75.1969041492459,0
normal,N0258,8796,19,45,2022-07-12 00:32:47.671,0,train,56.9323089202407,0
normal,N0258,8797,20,45,2022-07-12 00:32:47.771,0,train,55.119175901947465,0
normal,N0258,8798,21,45,2022-07-12 00:32:47.871,0,train,35.126819060558894,0
normal,N0258,8799,22,45,2022-07-12 00:32:47.971,0,train,43.44211307615242,0
normal,N0258,8800,23,45,2022-07-12 00:32:48.071,0,train,46.27210700053569,0
normal,N0258,8801,24,45,2022-07-12 00:32:48.171,0,train,33.096653233422174,0
normal,N0258,8802,25,45,2022-07-12 00:32:48.271,0,train,30.101741544289528,0
normal,N0258,8803,26,45,2022-07-12 00:32:48.371,0,train,46.02282666185543,0
normal,N0258,8804,27,45,2022-07-12 00:32:48.471,0,train,28.120868395280823,0
normal,N0258,8805,28,45,2022-07-12 00:32:48.571,0,train,22.60173279026113,0
normal,N0258,8806,29,45,2022-07-12 00:32:48.671,0,train,24.833668114261428,0
normal,N0258,8807,30,45,2022-07-12 00:32:48.771,0,train,35.9733978824337,0
normal,N0258,8808,31,45,2022-07-12 00:32:48.871,0,train,35.347508806500834,0
normal,N0258,8809,32,45,2022-07-12 00:32:48.971,0,train,30.655483147215403,0
normal,N0258,8810,33,45,2022-07-12 00:32:49.071,0,train,38.30167267708314,0
normal,N0258,8811,34,45,2022-07-12 00:32:49.171,0,train,49.79984140042989,0
normal,N0258,8812,35,45,2022-07-12 00:32:49.271,0,train,41.033531547003854,0
normal,N0258,8813,36,45,2022-07-12 00:32:49.371,0,train,45.83237995052482,0
normal,N0258,8814,37,45,2022-07-12 00:32:49.471,0,train,39.210442862124815,0
normal,N0258,8815,38,45,2022-07-12 00:32:49.571,0,train,42.87652894270682,0
normal,N0258,8816,39,45,2022-07-12 00:32:49.671,0,train,44.02060491239821,0
normal,N0258,8817,40,45,2022-07-12 00:32:49.771,0,train,54.183428925948874,0
normal,N0258,8818,41,45,2022-07-12 00:32:49.871,0,train,47.19057935623622,0
normal,N0258,8819,42,45,2022-07-12 00:32:49.971,0,train,58.506819289615386,0
normal,N0258,8820,43,45,2022-07-12 00:32:50.071,0,train,55.154579309662694,0
normal,N0258,8821,44,45,2022-07-12 00:32:50.171,0,train,42.55249757709961,0
normal,N0259,8831,9,32,2022-07-12 00:32:54.544,0,train,45.19714677999128,0
normal,N0259,8832,10,32,2022-07-12 00:32:54.644,0,train,44.804047766984304,0
normal,N0259,8833,11,32,2022-07-12 00:32:54.744,0,train,59.63294776024977,0
normal,N0259,8834,12,32,2022-07-12 00:32:54.844,0,train,40.2879338857072,0
normal,N0259,8835,13,32,2022-07-12 00:32:54.944,0,train,45.23917770216028,0
normal,N0259,8836,14,32,2022-07-12 00:32:55.044,0,train,48.23415803454551,0
normal,N0259,8837,15,32,2022-07-12 00:32:55.144,0,train,59.31029835702702,0
normal,N0259,8838,16,32,2022-07-12 00:32:55.244,0,train,49.41504443573154,0
normal,N0259,8839,17,32,2022-07-12 00:32:55.344,0,train,33.17647202843772,0
normal,N0259,8840,18,32,2022-07-12 00:32:55.444,0,train,39.376649196792854,0
normal,N0259,8841,19,32,2022-07-12 00:32:55.544,0,train,43.93799598768562,0
normal,N0259,8842,20,32,2022-07-12 00:32:55.644,0,train,37.82061126417972,0
normal,N0259,8843,21,32,2022-07-12 00:32:55.744,0,train,37.58884290746255,0
normal,N0259,8844,22,32,2022-07-12 00:32:55.844,0,train,31.04713272766932,0
normal,N0259,8845,23,32,2022-07-12 00:32:55.944,0,train,51.016603053192625,0
normal,N0259,8846,24,32,2022-07-12 00:32:56.044,0,train,76.35295135438638,0
normal,N0259,8847,25,32,2022-07-12 00:32:56.144,0,train,55.17105688877229,0
normal,N0259,8848,26,32,2022-07-12 00:32:56.244,0,train,59.52284844106875,0
normal,N0259,8849,27,32,2022-07-12 00:32:56.344,0,train,55.711591521161765,0
normal,N0259,8850,28,32,2022-07-12 00:32:56.444,0,train,46.0701405549738,0
normal,N0259,8851,29,32,2022-07-12 00:32:56.544,0,train,51.54505209649418,0
normal,N0259,8852,30,32,2022-07-12 00:32:56.644,0,train,57.7270316021009,0
normal,N0259,8853,31,32,2022-07-12 00:32:56.744,0,train,60.55276365974521,0
normal,N0260,8863,9,19,2022-07-12 00:33:02.494,0,train,41.53060003959442,0
normal,N0260,8864,10,19,2022-07-12 00:33:02.594,0,train,38.22603535129249,0
normal,N0260,8865,11,19,2022-07-12 00:33:02.694,0,train,37.37297963277175,0
normal,N0260,8866,12,19,2022-07-12 00:33:02.794,0,train,34.80203402801983,0
normal,N0260,8867,13,19,2022-07-12 00:33:02.894,0,train,33.89781867975683,0
normal,N0260,8868,14,19,2022-07-12 00:33:02.994,0,train,42.349469315560015,0
normal,N0260,8869,15,19,2022-07-12 00:33:03.094,0,train,55.90526750919143,0
normal,N0260,8870,16,19,2022-07-12 00:33:03.194,0,train,37.598508433132444,0
normal,N0260,8871,17,19,2022-07-12 00:33:03.294,0,train,54.853830808813576,0
normal,N0260,8872,18,19,2022-07-12 00:33:03.394,0,train,28.82937158285894,0
normal,N0261,8882,9,21,2022-07-12 00:33:10.476,0,train,41.93043238280285,0
normal,N0261,8883,10,21,2022-07-12 00:33:10.576,0,train,35.73423666411049,0
normal,N0261,8884,11,21,2022-07-12 00:33:10.676,0,train,46.997459865025995,0
normal,N0261,8885,12,21,2022-07-12 00:33:10.776,0,train,37.18694878307588,0
normal,N0261,8886,13,21,2022-07-12 00:33:10.876,0,train,27.599849949743337,0
normal,N0261,8887,14,21,2022-07-12 00:33:10.976,0,train,48.62547953248622,0
normal,N0261,8888,15,21,2022-07-12 00:33:11.076,0,train,45.01214991547829,0
normal,N0261,8889,16,21,2022-07-12 00:33:11.176,0,train,41.603954792870475,0
normal,N0261,8890,17,21,2022-07-12 00:33:11.276,0,train,24.335565490247827,0
normal,N0261,8891,18,21,2022-07-12 00:33:11.376,0,train,23.97198670813173,0
normal,N0261,8892,19,21,2022-07-12 00:33:11.476,0,train,33.4354133336277,0
normal,N0261,8893,20,21,2022-07-12 00:33:11.576,0,train,29.739530202491192,0
normal,N0264,8920,9,50,2022-07-12 00:33:35.740,0,train,25.727404381018694,0
normal,N0264,8921,10,50,2022-07-12 00:33:35.840,0,train,24.077440137403798,0
normal,N0264,8922,11,50,2022-07-12 00:33:35.940,0,train,28.748790538543954,0
normal,N0264,8923,12,50,2022-07-12 00:33:36.040,0,train,48.38572587779346,0
normal,N0264,8924,13,50,2022-07-12 00:33:36.140,0,train,29.780151976121754,0
normal,N0264,8925,14,50,2022-07-12 00:33:36.240,0,train,31.645723092397503,0
normal,N0264,8926,15,50,2022-07-12 00:33:36.340,0,train,32.65906377705063,0
normal,N0264,8927,16,50,2022-07-12 00:33:36.440,0,train,35.77387274823834,0
normal,N0264,8928,17,50,2022-07-12 00:33:36.540,0,train,55.39924703003037,0
normal,N0264,8929,18,50,2022-07-12 00:33:36.640,0,train,61.244063797759544,0
normal,N0264,8930,19,50,2022-07-12 00:33:36.740,0,train,41.8736661033621,0
normal,N0264,8931,20,50,2022-07-12 00:33:36.840,0,train,53.747923421533045,0
normal,N0264,8932,21,50,2022-07-12 00:33:36.940,0,train,40.49774733879059,0
normal,N0264,8933,22,50,2022-07-12 00:33:37.040,0,train,36.55901727624451,0
normal,N0264,8934,23,50,2022-07-12 00:33:37.140,0,train,46.10545084550978,0
normal,N0264,8935,24,50,2022-07-12 00:33:37.240,0,train,45.584179325160086,0
normal,N0264,8936,25,50,2022-07-12 00:33:37.340,0,train,59.23228007334304,0
normal,N0264,8937,26,50,2022-07-12 00:33:37.440,0,train,40.38260544816449,0
normal,N0264,8938,27,50,2022-07-12 00:33:37.540,0,train,37.00569027662127,0
normal,N0264,8939,28,50,2022-07-12 00:33:37.640,0,train,41.92264708743181,0
normal,N0264,8940,29,50,2022-07-12 00:33:37.740,0,train,31.851893347373956,0
normal,N0264,8941,30,50,2022-07-12 00:33:37.840,0,train,37.57288199745791,0
normal,N0264,8942,31,50,2022-07-12 00:33:37.940,0,train,27.81170870382991,0
normal,N0264,8943,32,50,2022-07-12 00:33:38.040,0,train,27.345689668911245,0
normal,N0264,8944,33,50,2022-07-12 00:33:38.140,0,train,58.60198796806675,0
normal,N0264,8945,34,50,2022-07-12 00:33:38.240,0,train,33.9108958784532,0
normal,N0264,8946,35,50,2022-07-12 00:33:38.340,0,train,33.561600385072616,0
normal,N0264,8947,36,50,2022-07-12 00:33:38.440,0,train,47.45720800327611,0
normal,N0264,8948,37,50,2022-07-12 00:33:38.540,0,train,53.99209236800126,0
normal,N0264,8949,38,50,2022-07-12 00:33:38.640,0,train,38.42507103082174,0
normal,N0264,8950,39,50,2022-07-12 00:33:38.740,0,train,33.95478844008888,0
normal,N0264,8951,40,50,2022-07-12 00:33:38.840,0,train,36.26058854495443,0
normal,N0264,8952,41,50,2022-07-12 00:33:38.940,0,train,41.2760331764757,0
normal,N0264,8953,42,50,2022-07-12 00:33:39.040,0,train,43.42174793363012,0
normal,N0264,8954,43,50,2022-07-12 00:33:39.140,0,train,31.60302412464858,0
normal,N0264,8955,44,50,2022-07-12 00:33:39.240,0,train,38.04254106959039,0
normal,N0264,8956,45,50,2022-07-12 00:33:39.340,0,train,34.95857965851872,0
normal,N0264,8957,46,50,2022-07-12 00:33:39.440,0,train,35.12967968997286,0
normal,N0264,8958,47,50,2022-07-12 00:33:39.540,0,train,43.9301559324886,0
normal,N0264,8959,48,50,2022-07-12 00:33:39.640,0,train,50.24345526146217,0
normal,N0264,8960,49,50,2022-07-12 00:33:39.740,0,train,39.30566891449252,0
normal,N0265,8970,9,50,2022-07-12 00:33:42.434,0,train,70.13642209269986,0
normal,N0265,8971,10,50,2022-07-12 00:33:42.534,0,train,26.877956188612174,0
normal,N0265,8972,11,50,2022-07-12 00:33:42.634,0,train,28.979235908147658,0
normal,N0265,8973,12,50,2022-07-12 00:33:42.734,0,train,30.005212234844297,0
normal,N0265,8974,13,50,2022-07-12 00:33:42.834,0,train,40.087953921102994,0
normal,N0265,8975,14,50,2022-07-12 00:33:42.934,0,train,31.541329176343375,0
normal,N0265,8976,15,50,2022-07-12 00:33:43.034,0,train,30.735514993056636,0
normal,N0265,8977,16,50,2022-07-12 00:33:43.134,0,train,58.890751874415784,0
normal,N0265,8978,17,50,2022-07-12 00:33:43.234,0,train,31.809582584561557,0
normal,N0265,8979,18,50,2022-07-12 00:33:43.334,0,train,31.373312503362428,0
normal,N0265,8980,19,50,2022-07-12 00:33:43.434,0,train,33.68025799827509,0
normal,N0265,8981,20,50,2022-07-12 00:33:43.534,0,train,34.289718722528825,0
normal,N0265,8982,21,50,2022-07-12 00:33:43.634,0,train,27.370082112858352,0
normal,N0265,8983,22,50,2022-07-12 00:33:43.734,0,train,26.362514092716392,0
normal,N0265,8984,23,50,2022-07-12 00:33:43.834,0,train,35.42232100838088,0
normal,N0265,8985,24,50,2022-07-12 00:33:43.934,0,train,27.89956391224596,0
normal,N0265,8986,25,50,2022-07-12 00:33:44.034,0,train,46.72769967634836,0
normal,N0265,8987,26,50,2022-07-12 00:33:44.134,0,train,24.529660702940067,0
normal,N0265,8988,27,50,2022-07-12 00:33:44.234,0,train,23.334631695549696,0
normal,N0265,8989,28,50,2022-07-12 00:33:44.334,0,train,25.582797122756457,0
normal,N0265,8990,29,50,2022-07-12 00:33:44.434,0,train,20.927353466840472,0
normal,N0265,8991,30,50,2022-07-12 00:33:44.534,0,train,20.768953097896297,0
normal,N0265,8992,31,50,2022-07-12 00:33:44.634,0,train,21.238897740485374,0
normal,N0265,8993,32,50,2022-07-12 00:33:44.734,0,train,31.292787510581157,0
normal,N0265,8994,33,50,2022-07-12 00:33:44.834,0,train,39.17537707918546,0
normal,N0265,8995,34,50,2022-07-12 00:33:44.934,0,train,24.73826446674585,0
normal,N0265,8996,35,50,2022-07-12 00:33:45.034,0,train,18.692525177064606,0
normal,N0265,8997,36,50,2022-07-12 00:33:45.134,0,train,21.381820508192995,0
normal,N0265,8998,37,50,2022-07-12 00:33:45.234,0,train,29.647357699201635,0
normal,N0265,8999,38,50,2022-07-12 00:33:45.334,0,train,23.47347854661876,0
normal,N0265,9000,39,50,2022-07-12 00:33:45.434,0,train,20.5619257157394,0
normal,N0265,9001,40,50,2022-07-12 00:33:45.534,0,train,24.112470171123622,0
normal,N0265,9002,41,50,2022-07-12 00:33:45.634,0,train,32.79604118414507,0
normal,N0265,9003,42,50,2022-07-12 00:33:45.734,0,train,32.85383376722517,0
normal,N0265,9004,43,50,2022-07-12 00:33:45.834,0,train,25.126401750745643,0
normal,N0265,9005,44,50,2022-07-12 00:33:45.934,0,train,43.782799829371335,0
normal,N0265,9006,45,50,2022-07-12 00:33:46.034,0,train,25.845631825916726,0
normal,N0265,9007,46,50,2022-07-12 00:33:46.134,0,train,22.09307111209546,0
normal,N0265,9008,47,50,2022-07-12 00:33:46.234,0,train,22.283695005221567,0
normal,N0265,9009,48,50,2022-07-12 00:33:46.334,0,train,24.764868560445894,0
normal,N0265,9010,49,50,2022-07-12 00:33:46.434,0,train,20.47551251558579,0
normal,N0266,9020,9,39,2022-07-12 00:33:50.328,0,train,21.347164915760906,0
normal,N0266,9021,10,39,2022-07-12 00:33:50.428,0,train,35.88623929339228,0
normal,N0266,9022,11,39,2022-07-12 00:33:50.528,0,train,33.439672100695674,0
normal,N0266,9023,12,39,2022-07-12 00:33:50.628,0,train,35.06497851976646,0
normal,N0266,9024,13,39,2022-07-12 00:33:50.728,0,train,62.32811358540627,0
normal,N0266,9025,14,39,2022-07-12 00:33:50.828,0,train,32.575816680231306,0
normal,N0266,9026,15,39,2022-07-12 00:33:50.928,0,train,39.2369045031716,0
normal,N0266,9027,16,39,2022-07-12 00:33:51.028,0,train,45.010614302458336,0
normal,N0266,9028,17,39,2022-07-12 00:33:51.128,0,train,31.15559592983332,0
normal,N0266,9029,18,39,2022-07-12 00:33:51.228,0,train,33.86645417417854,0
normal,N0266,9030,19,39,2022-07-12 00:33:51.328,0,train,43.22622991913755,0
normal,N0266,9031,20,39,2022-07-12 00:33:51.428,0,train,41.43488586884254,0
normal,N0266,9032,21,39,2022-07-12 00:33:51.528,0,train,39.708374133768736,0
normal,N0266,9033,22,39,2022-07-12 00:33:51.628,0,train,56.05747177739554,0
normal,N0266,9034,23,39,2022-07-12 00:33:51.728,0,train,53.408088093179906,0
normal,N0266,9035,24,39,2022-07-12 00:33:51.828,0,train,44.66314558049659,0
normal,N0266,9036,25,39,2022-07-12 00:33:51.928,0,train,36.34769958684166,0
normal,N0266,9037,26,39,2022-07-12 00:33:52.028,0,train,47.3715573190828,0
normal,N0266,9038,27,39,2022-07-12 00:33:52.128,0,train,38.19336245715246,0
normal,N0266,9039,28,39,2022-07-12 00:33:52.228,0,train,37.990146228984614,0
normal,N0266,9040,29,39,2022-07-12 00:33:52.328,0,train,54.93941639382746,0
normal,N0266,9041,30,39,2022-07-12 00:33:52.428,0,train,41.89923164010179,0
normal,N0266,9042,31,39,2022-07-12 00:33:52.528,0,train,44.50305224779734,0
normal,N0266,9043,32,39,2022-07-12 00:33:52.628,0,train,42.46541612973059,0
normal,N0266,9044,33,39,2022-07-12 00:33:52.728,0,train,35.23601941959063,0
normal,N0266,9045,34,39,2022-07-12 00:33:52.828,0,train,45.816665844945966,0
normal,N0266,9046,35,39,2022-07-12 00:33:52.928,0,train,42.83060458543483,0
normal,N0266,9047,36,39,2022-07-12 00:33:53.028,0,train,34.13728632908078,0
normal,N0266,9048,37,39,2022-07-12 00:33:53.128,0,train,42.89599754661906,0
normal,N0266,9049,38,39,2022-07-12 00:33:53.228,0,train,72.2964734032986,0
normal,N0268,9085,9,15,2022-07-12 00:34:06.279,0,train,29.10932255179493,0
normal,N0268,9086,10,15,2022-07-12 00:34:06.379,0,train,24.88401206432455,0
normal,N0268,9087,11,15,2022-07-12 00:34:06.479,0,train,29.1380298583843,0
normal,N0268,9088,12,15,2022-07-12 00:34:06.579,0,train,29.368129998138098,0
normal,N0268,9089,13,15,2022-07-12 00:34:06.679,0,train,31.50306815671156,0
normal,N0268,9090,14,15,2022-07-12 00:34:06.779,0,train,26.467014185512213,0
normal,N0270,9104,9,50,2022-07-12 00:34:16.259,0,train,51.64947831382034,0
normal,N0270,9105,10,50,2022-07-12 00:34:16.359,0,train,52.301044815626724,0
normal,N0270,9106,11,50,2022-07-12 00:34:16.459,0,train,39.12385104626566,0
normal,N0270,9107,12,50,2022-07-12 00:34:16.559,0,train,51.5212171481476,0
normal,N0270,9108,13,50,2022-07-12 00:34:16.659,0,train,56.519306014040765,0
normal,N0270,9109,14,50,2022-07-12 00:34:16.759,0,train,48.840325640148976,0
normal,N0270,9110,15,50,2022-07-12 00:34:16.859,0,train,37.01044306302416,0
normal,N0270,9111,16,50,2022-07-12 00:34:16.959,0,train,54.05704635014954,0
normal,N0270,9112,17,50,2022-07-12 00:34:17.059,0,train,33.44320906519016,0
normal,N0270,9113,18,50,2022-07-12 00:34:17.159,0,train,49.78732378118029,0
normal,N0270,9114,19,50,2022-07-12 00:34:17.259,0,train,39.66009112019222,0
normal,N0270,9115,20,50,2022-07-12 00:34:17.359,0,train,36.35839257148303,0
normal,N0270,9116,21,50,2022-07-12 00:34:17.459,0,train,41.69938333422422,0
normal,N0270,9117,22,50,2022-07-12 00:34:17.559,0,train,40.343899079932065,0
normal,N0270,9118,23,50,2022-07-12 00:34:17.659,0,train,55.97461687514908,0
normal,N0270,9119,24,50,2022-07-12 00:34:17.759,0,train,52.3374285515887,0
normal,N0270,9120,25,50,2022-07-12 00:34:17.859,0,train,40.36741883904926,0
normal,N0270,9121,26,50,2022-07-12 00:34:17.959,0,train,50.55458636816876,0
normal,N0270,9122,27,50,2022-07-12 00:34:18.059,0,train,40.015879401612466,0
normal,N0270,9123,28,50,2022-07-12 00:34:18.159,0,train,46.32652715617639,0
normal,N0270,9124,29,50,2022-07-12 00:34:18.259,0,train,63.463593155590594,0
normal,N0270,9125,30,50,2022-07-12 00:34:18.359,0,train,50.2911948035531,0
normal,N0270,9126,31,50,2022-07-12 00:34:18.459,0,train,64.43779947874313,0
normal,N0270,9127,32,50,2022-07-12 00:34:18.559,0,train,46.81209026933331,0
normal,N0270,9128,33,50,2022-07-12 00:34:18.659,0,train,48.76068126917264,0
normal,N0270,9129,34,50,2022-07-12 00:34:18.759,0,train,44.60607866788199,0
normal,N0270,9130,35,50,2022-07-12 00:34:18.859,0,train,41.44173877373211,0
normal,N0270,9131,36,50,2022-07-12 00:34:18.959,0,train,59.74917646541446,0
normal,N0270,9132,37,50,2022-07-12 00:34:19.059,0,train,50.05129543537883,0
normal,N0270,9133,38,50,2022-07-12 00:34:19.159,0,train,45.959083009774545,0
normal,N0270,9134,39,50,2022-07-12 00:34:19.259,0,train,40.10336338643517,0
normal,N0270,9135,40,50,2022-07-12 00:34:19.359,0,train,62.38545045943578,0
normal,N0270,9136,41,50,2022-07-12 00:34:19.459,0,train,52.75678859561409,0
normal,N0270,9137,42,50,2022-07-12 00:34:19.559,0,train,47.53530810005434,0
normal,N0270,9138,43,50,2022-07-12 00:34:19.659,0,train,37.06513978298739,0
normal,N0270,9139,44,50,2022-07-12 00:34:19.759,0,train,47.58249310214385,0
normal,N0270,9140,45,50,2022-07-12 00:34:19.859,0,train,50.20809106776568,0
normal,N0270,9141,46,50,2022-07-12 00:34:19.959,0,train,63.7512902128066,0
normal,N0270,9142,47,50,2022-07-12 00:34:20.059,0,train,48.881951451148836,0
normal,N0270,9143,48,50,2022-07-12 00:34:20.159,0,train,50.120089824504724,0
normal,N0270,9144,49,50,2022-07-12 00:34:20.259,0,train,35.86088410597482,0
normal,N0271,9154,9,50,2022-07-12 00:34:22.887,0,train,36.74745291308141,0
normal,N0271,9155,10,50,2022-07-12 00:34:22.987,0,train,42.994036025811006,0
normal,N0271,9156,11,50,2022-07-12 00:34:23.087,0,train,33.3428718172023,0
normal,N0271,9157,12,50,2022-07-12 00:34:23.187,0,train,44.33034075382623,0
normal,N0271,9158,13,50,2022-07-12 00:34:23.287,0,train,36.4347136289399,0
normal,N0271,9159,14,50,2022-07-12 00:34:23.387,0,train,41.97646429689075,0
normal,N0271,9160,15,50,2022-07-12 00:34:23.487,0,train,47.995530640275014,0
normal,N0271,9161,16,50,2022-07-12 00:34:23.587,0,train,25.830665737512412,0
normal,N0271,9162,17,50,2022-07-12 00:34:23.687,0,train,33.003640748229046,0
normal,N0271,9163,18,50,2022-07-12 00:34:23.787,0,train,33.21189287340378,0
normal,N0271,9164,19,50,2022-07-12 00:34:23.887,0,train,42.94355999128999,0
normal,N0271,9165,20,50,2022-07-12 00:34:23.987,0,train,31.08508750029158,0
normal,N0271,9166,21,50,2022-07-12 00:34:24.087,0,train,28.15434590141724,0
normal,N0271,9167,22,50,2022-07-12 00:34:24.187,0,train,26.462859223806174,0
normal,N0271,9168,23,50,2022-07-12 00:34:24.287,0,train,37.20879631373474,0
normal,N0271,9169,24,50,2022-07-12 00:34:24.387,0,train,37.67609545960776,0
normal,N0271,9170,25,50,2022-07-12 00:34:24.487,0,train,22.370926852642597,0
normal,N0271,9171,26,50,2022-07-12 00:34:24.587,0,train,22.268184445882724,0
normal,N0271,9172,27,50,2022-07-12 00:34:24.687,0,train,26.657579338936337,0
normal,N0271,9173,28,50,2022-07-12 00:34:24.787,0,train,32.583329508803054,0
normal,N0271,9174,29,50,2022-07-12 00:34:24.887,0,train,39.62880765670921,0
normal,N0271,9175,30,50,2022-07-12 00:34:24.987,0,train,35.813245843193265,0
normal,N0271,9176,31,50,2022-07-12 00:34:25.087,0,train,43.86524686494295,0
normal,N0271,9177,32,50,2022-07-12 00:34:25.187,0,train,37.73907131988636,0
normal,N0271,9178,33,50,2022-07-12 00:34:25.287,0,train,32.821202121445836,0
normal,N0271,9179,34,50,2022-07-12 00:34:25.387,0,train,35.34780424834351,0
normal,N0271,9180,35,50,2022-07-12 00:34:25.487,0,train,34.62107662617986,0
normal,N0271,9181,36,50,2022-07-12 00:34:25.587,0,train,32.35780057177252,0
normal,N0271,9182,37,50,2022-07-12 00:34:25.687,0,train,26.152867926564316,0
normal,N0271,9183,38,50,2022-07-12 00:34:25.787,0,train,24.879248099192367,0
normal,N0271,9184,39,50,2022-07-12 00:34:25.887,0,train,32.90786236774038,0
normal,N0271,9185,40,50,2022-07-12 00:34:25.987,0,train,45.4368756360134,0
normal,N0271,9186,41,50,2022-07-12 00:34:26.087,0,train,32.95032653138973,0
normal,N0271,9187,42,50,2022-07-12 00:34:26.187,0,train,46.12950808948232,0
normal,N0271,9188,43,50,2022-07-12 00:34:26.287,0,train,44.3576180440076,0
normal,N0271,9189,44,50,2022-07-12 00:34:26.387,0,train,61.14403847488848,0
normal,N0271,9190,45,50,2022-07-12 00:34:26.487,0,train,101.9755186496889,0
normal,N0271,9191,46,50,2022-07-12 00:34:26.587,0,train,62.422077734381034,0
normal,N0271,9192,47,50,2022-07-12 00:34:26.687,0,train,83.1502226323635,0
normal,N0271,9193,48,50,2022-07-12 00:34:26.787,0,train,58.280744430887964,0
normal,N0271,9194,49,50,2022-07-12 00:34:26.887,0,train,65.08562579963889,0
normal,N0273,9247,9,45,2022-07-12 00:34:38.068,0,train,26.33183745621221,0
normal,N0273,9248,10,45,2022-07-12 00:34:38.168,0,train,38.86987515086594,0
normal,N0273,9249,11,45,2022-07-12 00:34:38.268,0,train,27.096468918138513,0
normal,N0273,9250,12,45,2022-07-12 00:34:38.368,0,train,24.794518999624014,0
normal,N0273,9251,13,45,2022-07-12 00:34:38.468,0,train,22.714999073455424,0
normal,N0273,9252,14,45,2022-07-12 00:34:38.568,0,train,19.641955848843363,0
normal,N0273,9253,15,45,2022-07-12 00:34:38.668,0,train,36.84535179451833,0
normal,N0273,9254,16,45,2022-07-12 00:34:38.768,0,train,40.145405726033246,0
normal,N0273,9255,17,45,2022-07-12 00:34:38.868,0,train,24.811088566701116,0
normal,N0273,9256,18,45,2022-07-12 00:34:38.968,0,train,23.186621328832427,0
normal,N0273,9257,19,45,2022-07-12 00:34:39.068,0,train,30.071914978238528,0
normal,N0273,9258,20,45,2022-07-12 00:34:39.168,0,train,31.74538231170288,0
normal,N0273,9259,21,45,2022-07-12 00:34:39.268,0,train,34.409267967953184,0
normal,N0273,9260,22,45,2022-07-12 00:34:39.368,0,train,32.35006775629105,0
normal,N0273,9261,23,45,2022-07-12 00:34:39.468,0,train,29.955241411054086,0
normal,N0273,9262,24,45,2022-07-12 00:34:39.568,0,train,36.71930196031939,0
normal,N0273,9263,25,45,2022-07-12 00:34:39.668,0,train,31.947760208887903,0
normal,N0273,9264,26,45,2022-07-12 00:34:39.768,0,train,22.957390819591826,0
normal,N0273,9265,27,45,2022-07-12 00:34:39.868,0,train,19.668516869658937,0
normal,N0273,9266,28,45,2022-07-12 00:34:39.968,0,train,17.98483254433304,0
normal,N0273,9267,29,45,2022-07-12 00:34:40.068,0,train,28.498012184669896,0
normal,N0273,9268,30,45,2022-07-12 00:34:40.168,0,train,23.368865576663065,0
normal,N0273,9269,31,45,2022-07-12 00:34:40.268,0,train,20.467033217442797,0
normal,N0273,9270,32,45,2022-07-12 00:34:40.368,0,train,23.351615452826884,0
normal,N0273,9271,33,45,2022-07-12 00:34:40.468,0,train,28.26483299987832,0
normal,N0273,9272,34,45,2022-07-12 00:34:40.568,0,train,17.811700809256056,0
normal,N0273,9273,35,45,2022-07-12 00:34:40.668,0,train,17.95632769540696,0
normal,N0273,9274,36,45,2022-07-12 00:34:40.768,0,train,24.56673461216397,0
normal,N0273,9275,37,45,2022-07-12 00:34:40.868,0,train,13.401966517758131,0
normal,N0273,9276,38,45,2022-07-12 00:34:40.968,0,train,18.85445369362434,0
normal,N0273,9277,39,45,2022-07-12 00:34:41.068,0,train,16.437126437174168,0
normal,N0273,9278,40,45,2022-07-12 00:34:41.168,0,train,18.184014638165422,0
normal,N0273,9279,41,45,2022-07-12 00:34:41.268,0,train,22.780454118072434,0
normal,N0273,9280,42,45,2022-07-12 00:34:41.368,0,train,25.64876961814356,0
normal,N0273,9281,43,45,2022-07-12 00:34:41.468,0,train,19.68228902484851,0
normal,N0273,9282,44,45,2022-07-12 00:34:41.568,0,train,20.8620563063296,0
normal,N0274,9292,9,50,2022-07-12 00:34:46.828,0,train,35.49014968596456,0
normal,N0274,9293,10,50,2022-07-12 00:34:46.928,0,train,35.7023736606446,0
normal,N0274,9294,11,50,2022-07-12 00:34:47.028,0,train,41.9521908206783,0
normal,N0274,9295,12,50,2022-07-12 00:34:47.128,0,train,35.2617274327172,0
normal,N0274,9296,13,50,2022-07-12 00:34:47.228,0,train,32.558365663737106,0
normal,N0274,9297,14,50,2022-07-12 00:34:47.328,0,train,27.518208725289536,0
normal,N0274,9298,15,50,2022-07-12 00:34:47.428,0,train,17.84641536394545,0
normal,N0274,9299,16,50,2022-07-12 00:34:47.528,0,train,19.817442557346467,0
normal,N0274,9300,17,50,2022-07-12 00:34:47.628,0,train,26.170338675577483,0
normal,N0274,9301,18,50,2022-07-12 00:34:47.728,0,train,32.67022036847936,0
normal,N0274,9302,19,50,2022-07-12 00:34:47.828,0,train,43.56618736405011,0
normal,N0274,9303,20,50,2022-07-12 00:34:47.928,0,train,31.482333259710792,0
normal,N0274,9304,21,50,2022-07-12 00:34:48.028,0,train,29.648220451418137,0
normal,N0274,9305,22,50,2022-07-12 00:34:48.128,0,train,22.000143895997418,0
normal,N0274,9306,23,50,2022-07-12 00:34:48.228,0,train,18.91835585487911,0
normal,N0274,9307,24,50,2022-07-12 00:34:48.328,0,train,27.57708227490297,0
normal,N0274,9308,25,50,2022-07-12 00:34:48.428,0,train,28.68190968619782,0
normal,N0274,9309,26,50,2022-07-12 00:34:48.528,0,train,25.008943058971493,0
normal,N0274,9310,27,50,2022-07-12 00:34:48.628,0,train,31.975834571409038,0
normal,N0274,9311,28,50,2022-07-12 00:34:48.728,0,train,33.291810447063206,0
normal,N0274,9312,29,50,2022-07-12 00:34:48.828,0,train,31.469327918120328,0
normal,N0274,9313,30,50,2022-07-12 00:34:48.928,0,train,18.06059661004378,0
normal,N0274,9314,31,50,2022-07-12 00:34:49.028,0,train,20.820051295160898,0
normal,N0274,9315,32,50,2022-07-12 00:34:49.128,0,train,24.231868811528525,0
normal,N0274,9316,33,50,2022-07-12 00:34:49.228,0,train,20.95897087009988,0
normal,N0274,9317,34,50,2022-07-12 00:34:49.328,0,train,23.23606916323005,0
normal,N0274,9318,35,50,2022-07-12 00:34:49.428,0,train,25.611464543739388,0
normal,N0274,9319,36,50,2022-07-12 00:34:49.528,0,train,62.45660377481874,0
normal,N0274,9320,37,50,2022-07-12 00:34:49.628,0,train,74.5349033831682,0
normal,N0274,9321,38,50,2022-07-12 00:34:49.728,0,train,72.07432144869111,0
normal,N0274,9322,39,50,2022-07-12 00:34:49.828,0,train,35.60050946313592,0
normal,N0274,9323,40,50,2022-07-12 00:34:49.928,0,train,21.74678815940537,0
normal,N0274,9324,41,50,2022-07-12 00:34:50.028,0,train,37.03552947646532,0
normal,N0274,9325,42,50,2022-07-12 00:34:50.128,0,train,44.2072847758268,0
normal,N0274,9326,43,50,2022-07-12 00:34:50.228,0,train,130.73509202081314,0
normal,N0274,9327,44,50,2022-07-12 00:34:50.328,0,train,100.10831639599336,0
normal,N0274,9328,45,50,2022-07-12 00:34:50.428,0,train,74.38314352532467,0
normal,N0274,9329,46,50,2022-07-12 00:34:50.528,0,train,47.38347595516069,0
normal,N0274,9330,47,50,2022-07-12 00:34:50.628,0,train,35.95566775326142,0
normal,N0274,9331,48,50,2022-07-12 00:34:50.728,0,train,33.7812198687595,0
normal,N0274,9332,49,50,2022-07-12 00:34:50.828,0,train,73.69232745241065,0
normal,N0275,9342,9,47,2022-07-12 00:34:53.956,0,train,26.310580630762153,0
normal,N0275,9343,10,47,2022-07-12 00:34:54.056,0,train,25.83897389569465,0
normal,N0275,9344,11,47,2022-07-12 00:34:54.156,0,train,46.195587590062175,0
normal,N0275,9345,12,47,2022-07-12 00:34:54.256,0,train,36.210059942082495,0
normal,N0275,9346,13,47,2022-07-12 00:34:54.356,0,train,28.193763968927595,0
normal,N0275,9347,14,47,2022-07-12 00:34:54.456,0,train,30.686491500264705,0
normal,N0275,9348,15,47,2022-07-12 00:34:54.556,0,train,24.45274606102839,0
normal,N0275,9349,16,47,2022-07-12 00:34:54.656,0,train,26.900317301357642,0
normal,N0275,9350,17,47,2022-07-12 00:34:54.756,0,train,33.017889888219024,0
normal,N0275,9351,18,47,2022-07-12 00:34:54.856,0,train,48.52131810672543,0
normal,N0275,9352,19,47,2022-07-12 00:34:54.956,0,train,49.36426433789422,0
normal,N0275,9353,20,47,2022-07-12 00:34:55.056,0,train,46.76365040227233,0
normal,N0275,9354,21,47,2022-07-12 00:34:55.156,0,train,49.03454040907795,0
normal,N0275,9355,22,47,2022-07-12 00:34:55.256,0,train,48.87874627800745,0
normal,N0275,9356,23,47,2022-07-12 00:34:55.356,0,train,45.89046654996876,0
normal,N0275,9357,24,47,2022-07-12 00:34:55.456,0,train,33.551696499554204,0
normal,N0275,9358,25,47,2022-07-12 00:34:55.556,0,train,30.60712957017264,0
normal,N0275,9359,26,47,2022-07-12 00:34:55.656,0,train,35.01172729419313,0
normal,N0275,9360,27,47,2022-07-12 00:34:55.756,0,train,36.60525050775837,0
normal,N0275,9361,28,47,2022-07-12 00:34:55.856,0,train,46.008033697109724,0
normal,N0275,9362,29,47,2022-07-12 00:34:55.956,0,train,72.31655320624289,0
normal,N0275,9363,30,47,2022-07-12 00:34:56.056,0,train,35.676686707801004,0
normal,N0275,9364,31,47,2022-07-12 00:34:56.156,0,train,29.464665331231924,0
normal,N0275,9365,32,47,2022-07-12 00:34:56.256,0,train,26.97176589283989,0
normal,N0275,9366,33,47,2022-07-12 00:34:56.356,0,train,27.005347399831287,0
normal,N0275,9367,34,47,2022-07-12 00:34:56.456,0,train,43.45757980831888,0
normal,N0275,9368,35,47,2022-07-12 00:34:56.556,0,train,72.32069184417678,0
normal,N0275,9369,36,47,2022-07-12 00:34:56.656,0,train,29.899350931032203,0
normal,N0275,9370,37,47,2022-07-12 00:34:56.756,0,train,26.255613208937703,0
normal,N0275,9371,38,47,2022-07-12 00:34:56.856,0,train,21.822035237924688,0
normal,N0275,9372,39,47,2022-07-12 00:34:56.956,0,train,28.306075508813866,0
normal,N0275,9373,40,47,2022-07-12 00:34:57.056,0,train,56.20764919836851,0
normal,N0275,9374,41,47,2022-07-12 00:34:57.156,0,train,34.80132569659813,0
normal,N0275,9375,42,47,2022-07-12 00:34:57.256,0,train,23.365167113836915,0
normal,N0275,9376,43,47,2022-07-12 00:34:57.356,0,train,27.868932088531302,0
normal,N0275,9377,44,47,2022-07-12 00:34:57.456,0,train,36.129477524160166,0
normal,N0275,9378,45,47,2022-07-12 00:34:57.556,0,train,50.50547377099127,0
normal,N0275,9379,46,47,2022-07-12 00:34:57.656,0,train,48.11986587294074,0
normal,N0276,9389,9,32,2022-07-12 00:35:02.071,0,train,62.865558037152574,0
normal,N0276,9390,10,32,2022-07-12 00:35:02.171,0,train,76.34220801664138,0
normal,N0276,9391,11,32,2022-07-12 00:35:02.271,0,train,76.8208920540942,0
normal,N0276,9392,12,32,2022-07-12 00:35:02.371,0,train,84.20304583788868,0
normal,N0276,9393,13,32,2022-07-12 00:35:02.471,0,train,93.94524064896831,0
normal,N0276,9394,14,32,2022-07-12 00:35:02.571,0,train,105.5722736084607,0
normal,N0276,9395,15,32,2022-07-12 00:35:02.671,0,train,114.40127602729869,0
normal,N0276,9396,16,32,2022-07-12 00:35:02.771,0,train,134.5866840456991,0
normal,N0276,9397,17,32,2022-07-12 00:35:02.871,0,train,62.62617843807531,0
normal,N0276,9398,18,32,2022-07-12 00:35:02.971,0,train,80.18573289939542,0
normal,N0276,9399,19,32,2022-07-12 00:35:03.071,0,train,60.298549186924184,0
normal,N0276,9400,20,32,2022-07-12 00:35:03.171,0,train,38.73659609112661,0
normal,N0276,9401,21,32,2022-07-12 00:35:03.271,0,train,39.67627293746551,0
normal,N0276,9402,22,32,2022-07-12 00:35:03.371,0,train,29.127422620319244,0
normal,N0276,9403,23,32,2022-07-12 00:35:03.471,0,train,42.87756948314181,0
normal,N0276,9404,24,32,2022-07-12 00:35:03.571,0,train,62.080294186534275,0
normal,N0276,9405,25,32,2022-07-12 00:35:03.671,0,train,64.00738289243719,0
normal,N0276,9406,26,32,2022-07-12 00:35:03.771,0,train,41.31286613302471,0
normal,N0276,9407,27,32,2022-07-12 00:35:03.871,0,train,36.4201245913444,0
normal,N0276,9408,28,32,2022-07-12 00:35:03.971,0,train,44.59346065309203,0
normal,N0276,9409,29,32,2022-07-12 00:35:04.071,0,train,45.8539542220358,0
normal,N0276,9410,30,32,2022-07-12 00:35:04.171,0,train,52.057293014889616,0
normal,N0276,9411,31,32,2022-07-12 00:35:04.271,0,train,38.88010014001585,0
normal,N0280,9458,9,50,2022-07-12 00:35:35.114,0,train,63.2149349622124,0
normal,N0280,9459,10,50,2022-07-12 00:35:35.214,0,train,48.14596665447265,0
normal,N0280,9460,11,50,2022-07-12 00:35:35.314,0,train,40.786502413901765,0
normal,N0280,9461,12,50,2022-07-12 00:35:35.414,0,train,55.04068202486973,0
normal,N0280,9462,13,50,2022-07-12 00:35:35.514,0,train,50.56041853069164,0
normal,N0280,9463,14,50,2022-07-12 00:35:35.614,0,train,47.07632730007962,0
normal,N0280,9464,15,50,2022-07-12 00:35:35.714,0,train,42.47630300532689,0
normal,N0280,9465,16,50,2022-07-12 00:35:35.814,0,train,51.71848623930249,0
normal,N0280,9466,17,50,2022-07-12 00:35:35.914,0,train,99.75702289208117,0
normal,N0280,9467,18,50,2022-07-12 00:35:36.014,0,train,73.56132338798237,0
normal,N0280,9468,19,50,2022-07-12 00:35:36.114,0,train,58.85382435637407,0
normal,N0280,9469,20,50,2022-07-12 00:35:36.214,0,train,70.05941431467633,0
normal,N0280,9470,21,50,2022-07-12 00:35:36.314,0,train,97.59594645905207,0
normal,N0280,9471,22,50,2022-07-12 00:35:36.414,0,train,77.09786234552897,0
normal,N0280,9472,23,50,2022-07-12 00:35:36.514,0,train,63.100811902967415,0
normal,N0280,9473,24,50,2022-07-12 00:35:36.614,0,train,65.30748150986336,0
normal,N0280,9474,25,50,2022-07-12 00:35:36.714,0,train,69.4377232185825,0
normal,N0280,9475,26,50,2022-07-12 00:35:36.814,0,train,60.67241259763228,0
normal,N0280,9476,27,50,2022-07-12 00:35:36.914,0,train,66.44850545956909,0
normal,N0280,9477,28,50,2022-07-12 00:35:37.014,0,train,49.716118056043,0
normal,N0280,9478,29,50,2022-07-12 00:35:37.114,0,train,51.72392381165058,0
normal,N0280,9479,30,50,2022-07-12 00:35:37.214,0,train,45.93140158951869,0
normal,N0280,9480,31,50,2022-07-12 00:35:37.314,0,train,41.32906673709665,0
normal,N0280,9481,32,50,2022-07-12 00:35:37.414,0,train,44.735809763715274,0
normal,N0280,9482,33,50,2022-07-12 00:35:37.514,0,train,74.68256591345818,0
normal,N0280,9483,34,50,2022-07-12 00:35:37.614,0,train,75.87931808941082,0
normal,N0280,9484,35,50,2022-07-12 00:35:37.714,0,train,74.68530933794777,0
normal,N0280,9485,36,50,2022-07-12 00:35:37.814,0,train,43.276623153788066,0
normal,N0280,9486,37,50,2022-07-12 00:35:37.914,0,train,38.205812432525015,0
normal,N0280,9487,38,50,2022-07-12 00:35:38.014,0,train,40.90893540000071,0
normal,N0280,9488,39,50,2022-07-12 00:35:38.114,0,train,37.07721530675938,0
normal,N0280,9489,40,50,2022-07-12 00:35:38.214,0,train,40.3907286473917,0
normal,N0280,9490,41,50,2022-07-12 00:35:38.314,0,train,56.22958311752544,0
normal,N0280,9491,42,50,2022-07-12 00:35:38.414,0,train,100.62395409132662,0
normal,N0280,9492,43,50,2022-07-12 00:35:38.514,0,train,57.8066401733832,0
normal,N0280,9493,44,50,2022-07-12 00:35:38.614,0,train,59.779491019049374,0
normal,N0280,9494,45,50,2022-07-12 00:35:38.714,0,train,53.26685559928356,0
normal,N0280,9495,46,50,2022-07-12 00:35:38.814,0,train,60.65594883382913,0
normal,N0280,9496,47,50,2022-07-12 00:35:38.914,0,train,43.25083786106167,0
normal,N0280,9497,48,50,2022-07-12 00:35:39.014,0,train,41.19863849583092,0
normal,N0280,9498,49,50,2022-07-12 00:35:39.114,0,train,50.30736637039003,0
normal,N0281,9508,9,48,2022-07-12 00:35:42.135,0,train,51.48677593191039,0
normal,N0281,9509,10,48,2022-07-12 00:35:42.235,0,train,47.97153770943075,0
normal,N0281,9510,11,48,2022-07-12 00:35:42.335,0,train,47.44802113020334,0
normal,N0281,9511,12,48,2022-07-12 00:35:42.435,0,train,43.38963773454932,0
normal,N0281,9512,13,48,2022-07-12 00:35:42.535,0,train,49.128583722736785,0
normal,N0281,9513,14,48,2022-07-12 00:35:42.635,0,train,30.257381397495074,0
normal,N0281,9514,15,48,2022-07-12 00:35:42.735,0,train,51.27878929200417,0
normal,N0281,9515,16,48,2022-07-12 00:35:42.835,0,train,35.866738273386574,0
normal,N0281,9516,17,48,2022-07-12 00:35:42.935,0,train,33.79021028700447,0
normal,N0281,9517,18,48,2022-07-12 00:35:43.035,0,train,39.17833869165405,0
normal,N0281,9518,19,48,2022-07-12 00:35:43.135,0,train,38.41553044950733,0
normal,N0281,9519,20,48,2022-07-12 00:35:43.235,0,train,81.64834963986095,0
normal,N0281,9520,21,48,2022-07-12 00:35:43.335,0,train,69.0930590751697,0
normal,N0281,9521,22,48,2022-07-12 00:35:43.435,0,train,50.9142488946902,0
normal,N0281,9522,23,48,2022-07-12 00:35:43.535,0,train,22.938801680487387,0
normal,N0281,9523,24,48,2022-07-12 00:35:43.635,0,train,35.032399876187576,0
normal,N0281,9524,25,48,2022-07-12 00:35:43.735,0,train,56.97216056456813,0
normal,N0281,9525,26,48,2022-07-12 00:35:43.835,0,train,66.89136757680029,0
normal,N0281,9526,27,48,2022-07-12 00:35:43.935,0,train,46.72320868151249,0
normal,N0281,9527,28,48,2022-07-12 00:35:44.035,0,train,51.080588459106146,0
normal,N0281,9528,29,48,2022-07-12 00:35:44.135,0,train,33.47309349536172,0
normal,N0281,9529,30,48,2022-07-12 00:35:44.235,0,train,39.36145454794068,0
normal,N0281,9530,31,48,2022-07-12 00:35:44.335,0,train,36.879523285077674,0
normal,N0281,9531,32,48,2022-07-12 00:35:44.435,0,train,35.918716166684476,0
normal,N0281,9532,33,48,2022-07-12 00:35:44.535,0,train,32.55492119070679,0
normal,N0281,9533,34,48,2022-07-12 00:35:44.635,0,train,40.33275709107083,0
normal,N0281,9534,35,48,2022-07-12 00:35:44.735,0,train,41.36371733486164,0
normal,N0281,9535,36,48,2022-07-12 00:35:44.835,0,train,30.8724055029967,0
normal,N0281,9536,37,48,2022-07-12 00:35:44.935,0,train,45.82619201265986,0
normal,N0281,9537,38,48,2022-07-12 00:35:45.035,0,train,32.58773664791792,0
normal,N0281,9538,39,48,2022-07-12 00:35:45.135,0,train,28.444564653299892,0
normal,N0281,9539,40,48,2022-07-12 00:35:45.235,0,train,29.419920612021386,0
normal,N0281,9540,41,48,2022-07-12 00:35:45.335,0,train,25.329554390794247,0
normal,N0281,9541,42,48,2022-07-12 00:35:45.435,0,train,39.47569042853013,0
normal,N0281,9542,43,48,2022-07-12 00:35:45.535,0,train,60.605211104830445,0
normal,N0281,9543,44,48,2022-07-12 00:35:45.635,0,train,45.29810043418962,0
normal,N0281,9544,45,48,2022-07-12 00:35:45.735,0,train,47.35157974319799,0
normal,N0281,9545,46,48,2022-07-12 00:35:45.835,0,train,35.38200031910556,0
normal,N0281,9546,47,48,2022-07-12 00:35:45.935,0,train,34.01439103422242,0
normal,N0283,9589,9,22,2022-07-12 00:35:58.196,0,train,96.02172810729776,0
normal,N0283,9590,10,22,2022-07-12 00:35:58.296,0,train,83.73708001220929,0
normal,N0283,9591,11,22,2022-07-12 00:35:58.396,0,train,95.09586242965463,0
normal,N0283,9592,12,22,2022-07-12 00:35:58.496,0,train,78.27888973675294,0
normal,N0283,9593,13,22,2022-07-12 00:35:58.596,0,train,79.38580268197612,0
normal,N0283,9594,14,22,2022-07-12 00:35:58.696,0,train,47.44420285733628,0
normal,N0283,9595,15,22,2022-07-12 00:35:58.796,0,train,40.11691173438362,0
normal,N0283,9596,16,22,2022-07-12 00:35:58.896,0,train,79.13417541365551,0
normal,N0283,9597,17,22,2022-07-12 00:35:58.996,0,train,65.33944688838994,0
normal,N0283,9598,18,22,2022-07-12 00:35:59.096,0,train,63.5984859270088,0
normal,N0283,9599,19,22,2022-07-12 00:35:59.196,0,train,50.20280327477077,0
normal,N0283,9600,20,22,2022-07-12 00:35:59.296,0,train,47.74999028971439,0
normal,N0283,9601,21,22,2022-07-12 00:35:59.396,0,train,153.91775256527717,1
normal,N0284,9611,9,10,2022-07-12 00:36:06.168,0,train,42.24780710958524,0
normal,N0285,9621,9,50,2022-07-12 00:36:08.898,0,train,42.28403406957373,0
normal,N0285,9622,10,50,2022-07-12 00:36:08.998,0,train,31.537595932084937,0
normal,N0285,9623,11,50,2022-07-12 00:36:09.098,0,train,66.96080434672908,0
normal,N0285,9624,12,50,2022-07-12 00:36:09.198,0,train,40.044946059308785,0
normal,N0285,9625,13,50,2022-07-12 00:36:09.298,0,train,43.72474168397747,0
normal,N0285,9626,14,50,2022-07-12 00:36:09.398,0,train,45.878270922209865,0
normal,N0285,9627,15,50,2022-07-12 00:36:09.498,0,train,63.63731977026209,0
normal,N0285,9628,16,50,2022-07-12 00:36:09.598,0,train,67.00478027505247,0
normal,N0285,9629,17,50,2022-07-12 00:36:09.698,0,train,50.66681509721918,0
normal,N0285,9630,18,50,2022-07-12 00:36:09.798,0,train,48.46175296907306,0
normal,N0285,9631,19,50,2022-07-12 00:36:09.898,0,train,79.67408959474938,0
normal,N0285,9632,20,50,2022-07-12 00:36:09.998,0,train,91.13748032333042,0
normal,N0285,9633,21,50,2022-07-12 00:36:10.098,0,train,75.81130530022125,0
normal,N0285,9634,22,50,2022-07-12 00:36:10.198,0,train,34.23840702072942,0
normal,N0285,9635,23,50,2022-07-12 00:36:10.298,0,train,31.903293131029198,0
normal,N0285,9636,24,50,2022-07-12 00:36:10.398,0,train,33.182160848815215,0
normal,N0285,9637,25,50,2022-07-12 00:36:10.498,0,train,44.81479823990882,0
normal,N0285,9638,26,50,2022-07-12 00:36:10.598,0,train,54.171821785957185,0
normal,N0285,9639,27,50,2022-07-12 00:36:10.698,0,train,50.984644247582,0
normal,N0285,9640,28,50,2022-07-12 00:36:10.798,0,train,34.980163849473264,0
normal,N0285,9641,29,50,2022-07-12 00:36:10.898,0,train,36.035151829662226,0
normal,N0285,9642,30,50,2022-07-12 00:36:10.998,0,train,62.08945355013102,0
normal,N0285,9643,31,50,2022-07-12 00:36:11.098,0,train,69.74645818616428,0
normal,N0285,9644,32,50,2022-07-12 00:36:11.198,0,train,160.27453250398545,1
normal,N0285,9645,33,50,2022-07-12 00:36:11.298,0,train,132.3879912116942,0
normal,N0285,9646,34,50,2022-07-12 00:36:11.398,0,train,102.82686863118647,0
normal,N0285,9647,35,50,2022-07-12 00:36:11.498,0,train,100.90382622768162,0
normal,N0285,9648,36,50,2022-07-12 00:36:11.598,0,train,123.15658380548645,0
normal,N0285,9649,37,50,2022-07-12 00:36:11.698,0,train,102.2043159523017,0
normal,N0285,9650,38,50,2022-07-12 00:36:11.798,0,train,86.15926346830916,0
normal,N0285,9651,39,50,2022-07-12 00:36:11.898,0,train,97.7363263135013,0
normal,N0285,9652,40,50,2022-07-12 00:36:11.998,0,train,45.572394107944696,0
normal,N0285,9653,41,50,2022-07-12 00:36:12.098,0,train,47.059896536932605,0
normal,N0285,9654,42,50,2022-07-12 00:36:12.198,0,train,56.4991506804488,0
normal,N0285,9655,43,50,2022-07-12 00:36:12.298,0,train,60.08630112625868,0
normal,N0285,9656,44,50,2022-07-12 00:36:12.398,0,train,40.1326932089455,0
normal,N0285,9657,45,50,2022-07-12 00:36:12.498,0,train,38.447842037678626,0
normal,N0285,9658,46,50,2022-07-12 00:36:12.598,0,train,35.17222643423221,0
normal,N0285,9659,47,50,2022-07-12 00:36:12.698,0,train,32.6691240130987,0
normal,N0285,9660,48,50,2022-07-12 00:36:12.798,0,train,27.62860517295863,0
normal,N0285,9661,49,50,2022-07-12 00:36:12.898,0,train,26.00420212413344,0
normal,N0286,9671,9,50,2022-07-12 00:36:15.544,0,train,42.02453651109902,0
normal,N0286,9672,10,50,2022-07-12 00:36:15.644,0,train,33.850281183364096,0
normal,N0286,9673,11,50,2022-07-12 00:36:15.744,0,train,30.80214417689326,0
normal,N0286,9674,12,50,2022-07-12 00:36:15.844,0,train,33.2554130315602,0
normal,N0286,9675,13,50,2022-07-12 00:36:15.944,0,train,33.372252696694396,0
normal,N0286,9676,14,50,2022-07-12 00:36:16.044,0,train,37.311954794848695,0
normal,N0286,9677,15,50,2022-07-12 00:36:16.144,0,train,51.11359518091891,0
normal,N0286,9678,16,50,2022-07-12 00:36:16.244,0,train,59.90529733516281,0
normal,N0286,9679,17,50,2022-07-12 00:36:16.344,0,train,75.9693463357769,0
normal,N0286,9680,18,50,2022-07-12 00:36:16.444,0,train,54.18363597963824,0
normal,N0286,9681,19,50,2022-07-12 00:36:16.544,0,train,55.406478586784694,0
normal,N0286,9682,20,50,2022-07-12 00:36:16.644,0,train,68.1172511832375,0
normal,N0286,9683,21,50,2022-07-12 00:36:16.744,0,train,60.63627502758176,0
normal,N0286,9684,22,50,2022-07-12 00:36:16.844,0,train,56.17236821743642,0
normal,N0286,9685,23,50,2022-07-12 00:36:16.944,0,train,53.08105874010855,0
normal,N0286,9686,24,50,2022-07-12 00:36:17.044,0,train,56.332292066370336,0
normal,N0286,9687,25,50,2022-07-12 00:36:17.144,0,train,92.62516762828183,0
normal,N0286,9688,26,50,2022-07-12 00:36:17.244,0,train,46.561446589149185,0
normal,N0286,9689,27,50,2022-07-12 00:36:17.344,0,train,34.13931869882823,0
normal,N0286,9690,28,50,2022-07-12 00:36:17.444,0,train,39.12187526731217,0
normal,N0286,9691,29,50,2022-07-12 00:36:17.544,0,train,40.31943034953029,0
normal,N0286,9692,30,50,2022-07-12 00:36:17.644,0,train,33.56904197444355,0
normal,N0286,9693,31,50,2022-07-12 00:36:17.744,0,train,41.27125904556332,0
normal,N0286,9694,32,50,2022-07-12 00:36:17.844,0,train,35.36414411970728,0
normal,N0286,9695,33,50,2022-07-12 00:36:17.944,0,train,42.79496542900476,0
normal,N0286,9696,34,50,2022-07-12 00:36:18.044,0,train,40.76243450709671,0
normal,N0286,9697,35,50,2022-07-12 00:36:18.144,0,train,24.87099931502059,0
normal,N0286,9698,36,50,2022-07-12 00:36:18.244,0,train,30.59419849015717,0
normal,N0286,9699,37,50,2022-07-12 00:36:18.344,0,train,41.41821914751558,0
normal,N0286,9700,38,50,2022-07-12 00:36:18.444,0,train,44.00213346839562,0
normal,N0286,9701,39,50,2022-07-12 00:36:18.544,0,train,30.90732407607014,0
normal,N0286,9702,40,50,2022-07-12 00:36:18.644,0,train,28.329816083682548,0
normal,N0286,9703,41,50,2022-07-12 00:36:18.744,0,train,39.65782182539059,0
normal,N0286,9704,42,50,2022-07-12 00:36:18.844,0,train,64.8367328091644,0
normal,N0286,9705,43,50,2022-07-12 00:36:18.944,0,train,57.45154900701032,0
normal,N0286,9706,44,50,2022-07-12 00:36:19.044,0,train,47.793242337180125,0
normal,N0286,9707,45,50,2022-07-12 00:36:19.144,0,train,46.270047769605995,0
normal,N0286,9708,46,50,2022-07-12 00:36:19.244,0,train,42.95002804876251,0
normal,N0286,9709,47,50,2022-07-12 00:36:19.344,0,train,37.365536367589364,0
normal,N0286,9710,48,50,2022-07-12 00:36:19.444,0,train,49.90213007304188,0
normal,N0286,9711,49,50,2022-07-12 00:36:19.544,0,train,39.88695324830132,0
normal,N0288,9771,9,36,2022-07-12 00:36:30.368,0,train,55.85156740124313,0
normal,N0288,9772,10,36,2022-07-12 00:36:30.468,0,train,80.48209360763732,0
normal,N0288,9773,11,36,2022-07-12 00:36:30.568,0,train,45.92460365961115,0
normal,N0288,9774,12,36,2022-07-12 00:36:30.668,0,train,47.31949651848684,0
normal,N0288,9775,13,36,2022-07-12 00:36:30.768,0,train,113.14649345179018,0
normal,N0288,9776,14,36,2022-07-12 00:36:30.868,0,train,31.17340226966835,0
normal,N0288,9777,15,36,2022-07-12 00:36:30.968,0,train,38.788746221140144,0
normal,N0288,9778,16,36,2022-07-12 00:36:31.068,0,train,90.52812184934065,0
normal,N0288,9779,17,36,2022-07-12 00:36:31.168,0,train,63.55296368560074,0
normal,N0288,9780,18,36,2022-07-12 00:36:31.268,0,train,67.10434989847263,0
normal,N0288,9781,19,36,2022-07-12 00:36:31.368,0,train,65.03168625311976,0
normal,N0288,9782,20,36,2022-07-12 00:36:31.468,0,train,45.09713652209523,0
normal,N0288,9783,21,36,2022-07-12 00:36:31.568,0,train,50.25359976173793,0
normal,N0288,9784,22,36,2022-07-12 00:36:31.668,0,train,43.12587333357961,0
normal,N0288,9785,23,36,2022-07-12 00:36:31.768,0,train,37.13159317990702,0
normal,N0288,9786,24,36,2022-07-12 00:36:31.868,0,train,38.67709583347055,0
normal,N0288,9787,25,36,2022-07-12 00:36:31.968,0,train,56.69974089112301,0
normal,N0288,9788,26,36,2022-07-12 00:36:32.068,0,train,49.617351432291635,0
normal,N0288,9789,27,36,2022-07-12 00:36:32.168,0,train,46.63253066156911,0
normal,N0288,9790,28,36,2022-07-12 00:36:32.268,0,train,51.6801336758789,0
normal,N0288,9791,29,36,2022-07-12 00:36:32.368,0,train,54.93372407196805,0
normal,N0288,9792,30,36,2022-07-12 00:36:32.468,0,train,80.38781043252335,0
normal,N0288,9793,31,36,2022-07-12 00:36:32.568,0,train,95.07204836873714,0
normal,N0288,9794,32,36,2022-07-12 00:36:32.668,0,train,53.662702150994186,0
normal,N0288,9795,33,36,2022-07-12 00:36:32.768,0,train,74.94102457018569,0
normal,N0288,9796,34,36,2022-07-12 00:36:32.868,0,train,55.822670338937726,0
normal,N0288,9797,35,36,2022-07-12 00:36:32.968,0,train,53.88267261455536,0
normal,N0289,9807,9,24,2022-07-12 00:36:38.328,0,train,62.678940080719975,0
normal,N0289,9808,10,24,2022-07-12 00:36:38.428,0,train,45.5673300575711,0
normal,N0289,9809,11,24,2022-07-12 00:36:38.528,0,train,62.88160942013627,0
normal,N0289,9810,12,24,2022-07-12 00:36:38.628,0,train,35.86584976211193,0
normal,N0289,9811,13,24,2022-07-12 00:36:38.728,0,train,41.90131860699182,0
normal,N0289,9812,14,24,2022-07-12 00:36:38.828,0,train,39.65431940025596,0
normal,N0289,9813,15,24,2022-07-12 00:36:38.928,0,train,36.83125501058469,0
normal,N0289,9814,16,24,2022-07-12 00:36:39.028,0,train,41.485980899324225,0
normal,N0289,9815,17,24,2022-07-12 00:36:39.128,0,train,61.822338656796205,0
normal,N0289,9816,18,24,2022-07-12 00:36:39.228,0,train,35.844742315354594,0
normal,N0289,9817,19,24,2022-07-12 00:36:39.328,0,train,30.408549587776488,0
normal,N0289,9818,20,24,2022-07-12 00:36:39.428,0,train,39.540581835186174,0
normal,N0289,9819,21,24,2022-07-12 00:36:39.528,0,train,55.068918671969485,0
normal,N0289,9820,22,24,2022-07-12 00:36:39.628,0,train,60.77475291498066,0
normal,N0289,9821,23,24,2022-07-12 00:36:39.728,0,train,50.26859018080366,0
normal,N0290,9831,9,13,2022-07-12 00:36:46.308,0,train,22.273421470055133,0
normal,N0290,9832,10,13,2022-07-12 00:36:46.408,0,train,31.098190109247795,0
normal,N0290,9833,11,13,2022-07-12 00:36:46.508,0,train,27.720720553485037,0
normal,N0290,9834,12,13,2022-07-12 00:36:46.608,0,train,38.21818907364879,0
normal,N0293,9895,9,50,2022-07-12 00:37:02.932,0,train,36.12406398137233,0
normal,N0293,9896,10,50,2022-07-12 00:37:03.032,0,train,41.484298038902004,0
normal,N0293,9897,11,50,2022-07-12 00:37:03.132,0,train,28.9406219913192,0
normal,N0293,9898,12,50,2022-07-12 00:37:03.232,0,train,25.673432620399048,0
normal,N0293,9899,13,50,2022-07-12 00:37:03.332,0,train,20.62385328306451,0
normal,N0293,9900,14,50,2022-07-12 00:37:03.432,0,train,21.029367625717274,0
normal,N0293,9901,15,50,2022-07-12 00:37:03.532,0,train,25.16323373383707,0
normal,N0293,9902,16,50,2022-07-12 00:37:03.632,0,train,21.790783877140058,0
normal,N0293,9903,17,50,2022-07-12 00:37:03.732,0,train,22.838019608075864,0
normal,N0293,9904,18,50,2022-07-12 00:37:03.832,0,train,23.263784464981175,0
normal,N0293,9905,19,50,2022-07-12 00:37:03.932,0,train,25.034668972536046,0
normal,N0293,9906,20,50,2022-07-12 00:37:04.032,0,train,22.831657325286688,0
normal,N0293,9907,21,50,2022-07-12 00:37:04.132,0,train,28.08698527985765,0
normal,N0293,9908,22,50,2022-07-12 00:37:04.232,0,train,17.97632830893979,0
normal,N0293,9909,23,50,2022-07-12 00:37:04.332,0,train,19.93703316965657,0
normal,N0293,9910,24,50,2022-07-12 00:37:04.432,0,train,18.006798377382392,0
normal,N0293,9911,25,50,2022-07-12 00:37:04.532,0,train,13.286893132676528,0
normal,N0293,9912,26,50,2022-07-12 00:37:04.632,0,train,19.77546067229297,0
normal,N0293,9913,27,50,2022-07-12 00:37:04.732,0,train,24.364083677136538,0
normal,N0293,9914,28,50,2022-07-12 00:37:04.832,0,train,20.294117336637107,0
normal,N0293,9915,29,50,2022-07-12 00:37:04.932,0,train,29.195286813097862,0
normal,N0293,9916,30,50,2022-07-12 00:37:05.032,0,train,21.43988870479557,0
normal,N0293,9917,31,50,2022-07-12 00:37:05.132,0,train,21.674568657755255,0
normal,N0293,9918,32,50,2022-07-12 00:37:05.232,0,train,28.355854086482804,0
normal,N0293,9919,33,50,2022-07-12 00:37:05.332,0,train,19.532467937815014,0
normal,N0293,9920,34,50,2022-07-12 00:37:05.432,0,train,24.90100363049895,0
normal,N0293,9921,35,50,2022-07-12 00:37:05.532,0,train,17.077063934384057,0
normal,N0293,9922,36,50,2022-07-12 00:37:05.632,0,train,21.213234915298887,0
normal,N0293,9923,37,50,2022-07-12 00:37:05.732,0,train,33.06503031766495,0
normal,N0293,9924,38,50,2022-07-12 00:37:05.832,0,train,44.101322616072004,0
normal,N0293,9925,39,50,2022-07-12 00:37:05.932,0,train,21.620711000882544,0
normal,N0293,9926,40,50,2022-07-12 00:37:06.032,0,train,26.80261881454977,0
normal,N0293,9927,41,50,2022-07-12 00:37:06.132,0,train,28.00133896206682,0
normal,N0293,9928,42,50,2022-07-12 00:37:06.232,0,train,18.272826183767034,0
normal,N0293,9929,43,50,2022-07-12 00:37:06.332,0,train,29.84167491358312,0
normal,N0293,9930,44,50,2022-07-12 00:37:06.432,0,train,21.52023354691245,0
normal,N0293,9931,45,50,2022-07-12 00:37:06.532,0,train,22.615373298989493,0
normal,N0293,9932,46,50,2022-07-12 00:37:06.632,0,train,32.48518522413353,0
normal,N0293,9933,47,50,2022-07-12 00:37:06.732,0,train,25.456395497893222,0
normal,N0293,9934,48,50,2022-07-12 00:37:06.832,0,train,23.162650140044835,0
normal,N0293,9935,49,50,2022-07-12 00:37:06.932,0,train,28.563535706284704,0
normal,N0294,9945,9,42,2022-07-12 00:37:10.260,0,train,63.57162389492451,0
normal,N0294,9946,10,42,2022-07-12 00:37:10.360,0,train,69.76301043146954,0
normal,N0294,9947,11,42,2022-07-12 00:37:10.460,0,train,69.69005440549478,0
normal,N0294,9948,12,42,2022-07-12 00:37:10.560,0,train,49.35171761803837,0
normal,N0294,9949,13,42,2022-07-12 00:37:10.660,0,train,52.72151018139593,0
normal,N0294,9950,14,42,2022-07-12 00:37:10.760,0,train,92.32907189913372,0
normal,N0294,9951,15,42,2022-07-12 00:37:10.860,0,train,108.42201259784542,0
normal,N0294,9952,16,42,2022-07-12 00:37:10.960,0,train,106.62367585045762,0
normal,N0294,9953,17,42,2022-07-12 00:37:11.060,0,train,85.00992440890423,0
normal,N0294,9954,18,42,2022-07-12 00:37:11.160,0,train,81.43376246320504,0
normal,N0294,9955,19,42,2022-07-12 00:37:11.260,0,train,105.15424948252935,0
normal,N0294,9956,20,42,2022-07-12 00:37:11.360,0,train,104.1527902015618,0
normal,N0294,9957,21,42,2022-07-12 00:37:11.460,0,train,56.99966012389009,0
normal,N0294,9958,22,42,2022-07-12 00:37:11.560,0,train,50.73314803519473,0
normal,N0294,9959,23,42,2022-07-12 00:37:11.660,0,train,68.78937644572171,0
normal,N0294,9960,24,42,2022-07-12 00:37:11.760,0,train,79.13588610673577,0
normal,N0294,9961,25,42,2022-07-12 00:37:11.860,0,train,73.28611835309479,0
normal,N0294,9962,26,42,2022-07-12 00:37:11.960,0,train,62.54276376548152,0
normal,N0294,9963,27,42,2022-07-12 00:37:12.060,0,train,54.18532767606996,0
normal,N0294,9964,28,42,2022-07-12 00:37:12.160,0,train,68.12147014814916,0
normal,N0294,9965,29,42,2022-07-12 00:37:12.260,0,train,84.92577508199518,0
normal,N0294,9966,30,42,2022-07-12 00:37:12.360,0,train,94.76601066064616,0
normal,N0294,9967,31,42,2022-07-12 00:37:12.460,0,train,108.0145871382713,0
normal,N0294,9968,32,42,2022-07-12 00:37:12.560,0,train,80.01057199749603,0
normal,N0294,9969,33,42,2022-07-12 00:37:12.660,0,train,86.13744025156757,0
normal,N0294,9970,34,42,2022-07-12 00:37:12.760,0,train,63.55416359971985,0
normal,N0294,9971,35,42,2022-07-12 00:37:12.860,0,train,48.64418685715723,0
normal,N0294,9972,36,42,2022-07-12 00:37:12.960,0,train,55.59536131122608,0
normal,N0294,9973,37,42,2022-07-12 00:37:13.060,0,train,61.221838205092205,0
normal,N0294,9974,38,42,2022-07-12 00:37:13.160,0,train,47.727839777579064,0
normal,N0294,9975,39,42,2022-07-12 00:37:13.260,0,train,44.298762651218816,0
normal,N0294,9976,40,42,2022-07-12 00:37:13.360,0,train,47.94571457814497,0
normal,N0294,9977,41,42,2022-07-12 00:37:13.460,0,train,45.32055123876607,0
normal,N0295,9987,9,29,2022-07-12 00:37:18.326,0,train,41.49577597988562,0
normal,N0295,9988,10,29,2022-07-12 00:37:18.426,0,train,43.33862572419945,0
normal,N0295,9989,11,29,2022-07-12 00:37:18.526,0,train,40.25840647371294,0
normal,N0295,9990,12,29,2022-07-12 00:37:18.626,0,train,37.94886122799119,0
normal,N0295,9991,13,29,2022-07-12 00:37:18.726,0,train,31.78013970368584,0
normal,N0295,9992,14,29,2022-07-12 00:37:18.826,0,train,75.5701868932348,0
normal,N0295,9993,15,29,2022-07-12 00:37:18.926,0,train,65.47913782423122,0
normal,N0295,9994,16,29,2022-07-12 00:37:19.026,0,train,76.72355122833194,0
normal,N0295,9995,17,29,2022-07-12 00:37:19.126,0,train,99.44987934693667,0
normal,N0295,9996,18,29,2022-07-12 00:37:19.226,0,train,39.63802045730602,0
normal,N0295,9997,19,29,2022-07-12 00:37:19.326,0,train,49.009774742357926,0
normal,N0295,9998,20,29,2022-07-12 00:37:19.426,0,train,80.11294109979877,0
normal,N0295,9999,21,29,2022-07-12 00:37:19.526,0,train,54.5224212400919,0
normal,N0295,10000,22,29,2022-07-12 00:37:19.626,0,train,56.74363576398596,0
normal,N0295,10001,23,29,2022-07-12 00:37:19.726,0,train,36.01057978429615,0
normal,N0295,10002,24,29,2022-07-12 00:37:19.826,0,train,31.298634386058875,0
normal,N0295,10003,25,29,2022-07-12 00:37:19.926,0,train,40.324709101944805,0
normal,N0295,10004,26,29,2022-07-12 00:37:20.026,0,train,27.444670627918153,0
normal,N0295,10005,27,29,2022-07-12 00:37:20.126,0,train,38.64662525346652,0
normal,N0295,10006,28,29,2022-07-12 00:37:20.226,0,train,31.068426877746262,0
normal,N0296,10016,9,20,2022-07-12 00:37:26.256,0,train,21.451988253329006,0
normal,N0296,10017,10,20,2022-07-12 00:37:26.356,0,train,19.413865414667796,0
normal,N0296,10018,11,20,2022-07-12 00:37:26.456,0,train,30.670750176062672,0
normal,N0296,10019,12,20,2022-07-12 00:37:26.556,0,train,22.913881435970055,0
normal,N0296,10020,13,20,2022-07-12 00:37:26.656,0,train,19.594347919961173,0
normal,N0296,10021,14,20,2022-07-12 00:37:26.756,0,train,17.500841454394678,0
normal,N0296,10022,15,20,2022-07-12 00:37:26.856,0,train,19.413502177000105,0
normal,N0296,10023,16,20,2022-07-12 00:37:26.956,0,train,20.2960094133387,0
normal,N0296,10024,17,20,2022-07-12 00:37:27.056,0,train,27.28686682416664,0
normal,N0296,10025,18,20,2022-07-12 00:37:27.156,0,train,20.779713009202126,0
normal,N0296,10026,19,20,2022-07-12 00:37:27.256,0,train,28.879174415124744,0
normal,N0298,10044,9,50,2022-07-12 00:37:43.218,0,train,36.665247293488136,0
normal,N0298,10045,10,50,2022-07-12 00:37:43.318,0,train,32.09530761266816,0
normal,N0298,10046,11,50,2022-07-12 00:37:43.418,0,train,53.99805971213268,0
normal,N0298,10047,12,50,2022-07-12 00:37:43.518,0,train,38.23122769902594,0
normal,N0298,10048,13,50,2022-07-12 00:37:43.618,0,train,61.53746744885497,0
normal,N0298,10049,14,50,2022-07-12 00:37:43.718,0,train,28.82628080706011,0
normal,N0298,10050,15,50,2022-07-12 00:37:43.818,0,train,29.733000838923527,0
normal,N0298,10051,16,50,2022-07-12 00:37:43.918,0,train,22.950266805535858,0
normal,N0298,10052,17,50,2022-07-12 00:37:44.018,0,train,25.494559153871744,0
normal,N0298,10053,18,50,2022-07-12 00:37:44.118,0,train,24.77971722509453,0
normal,N0298,10054,19,50,2022-07-12 00:37:44.218,0,train,30.488377354457224,0
normal,N0298,10055,20,50,2022-07-12 00:37:44.318,0,train,39.69670511625822,0
normal,N0298,10056,21,50,2022-07-12 00:37:44.418,0,train,23.69221476261514,0
normal,N0298,10057,22,50,2022-07-12 00:37:44.518,0,train,22.609040378929862,0
normal,N0298,10058,23,50,2022-07-12 00:37:44.618,0,train,26.829242553625996,0
normal,N0298,10059,24,50,2022-07-12 00:37:44.718,0,train,26.28978559909857,0
normal,N0298,10060,25,50,2022-07-12 00:37:44.818,0,train,18.958395722510513,0
normal,N0298,10061,26,50,2022-07-12 00:37:44.918,0,train,35.31515013364836,0
normal,N0298,10062,27,50,2022-07-12 00:37:45.018,0,train,45.92202511931874,0
normal,N0298,10063,28,50,2022-07-12 00:37:45.118,0,train,60.29342465604411,0
normal,N0298,10064,29,50,2022-07-12 00:37:45.218,0,train,36.37228587339249,0
normal,N0298,10065,30,50,2022-07-12 00:37:45.318,0,train,36.955210856383644,0
normal,N0298,10066,31,50,2022-07-12 00:37:45.418,0,train,32.331785209804444,0
normal,N0298,10067,32,50,2022-07-12 00:37:45.518,0,train,31.511660508739592,0
normal,N0298,10068,33,50,2022-07-12 00:37:45.618,0,train,25.761393277454253,0
normal,N0298,10069,34,50,2022-07-12 00:37:45.718,0,train,25.760021073612293,0
normal,N0298,10070,35,50,2022-07-12 00:37:45.818,0,train,33.72256123847445,0
normal,N0298,10071,36,50,2022-07-12 00:37:45.918,0,train,43.0719001515927,0
normal,N0298,10072,37,50,2022-07-12 00:37:46.018,0,train,30.657665894042427,0
normal,N0298,10073,38,50,2022-07-12 00:37:46.118,0,train,23.33329161634926,0
normal,N0298,10074,39,50,2022-07-12 00:37:46.218,0,train,21.555588002781867,0
normal,N0298,10075,40,50,2022-07-12 00:37:46.318,0,train,28.88224411231302,0
normal,N0298,10076,41,50,2022-07-12 00:37:46.418,0,train,38.48695058939121,0
normal,N0298,10077,42,50,2022-07-12 00:37:46.518,0,train,18.7096714790554,0
normal,N0298,10078,43,50,2022-07-12 00:37:46.618,0,train,21.715108364797253,0
normal,N0298,10079,44,50,2022-07-12 00:37:46.718,0,train,27.69471273053765,0
normal,N0298,10080,45,50,2022-07-12 00:37:46.818,0,train,27.597879341011804,0
normal,N0298,10081,46,50,2022-07-12 00:37:46.918,0,train,26.654420255079998,0
normal,N0298,10082,47,50,2022-07-12 00:37:47.018,0,train,20.6045122136983,0
normal,N0298,10083,48,50,2022-07-12 00:37:47.118,0,train,33.438754333265166,0
normal,N0298,10084,49,50,2022-07-12 00:37:47.218,0,train,33.22793000333111,0
normal,N0299,10094,9,48,2022-07-12 00:37:50.146,0,train,27.63929246408837,0
normal,N0299,10095,10,48,2022-07-12 00:37:50.246,0,train,30.552745866866864,0
normal,N0299,10096,11,48,2022-07-12 00:37:50.346,0,train,36.85070290705514,0
normal,N0299,10097,12,48,2022-07-12 00:37:50.446,0,train,34.15057908692997,0
normal,N0299,10098,13,48,2022-07-12 00:37:50.546,0,train,49.722183915458245,0
normal,N0299,10099,14,48,2022-07-12 00:37:50.646,0,train,37.66726918387773,0
normal,N0299,10100,15,48,2022-07-12 00:37:50.746,0,train,42.84947433671869,0
normal,N0299,10101,16,48,2022-07-12 00:37:50.846,0,train,59.16709796817593,0
normal,N0299,10102,17,48,2022-07-12 00:37:50.946,0,train,40.7024904817136,0
normal,N0299,10103,18,48,2022-07-12 00:37:51.046,0,train,49.23054132281796,0
normal,N0299,10104,19,48,2022-07-12 00:37:51.146,0,train,36.20461402065185,0
normal,N0299,10105,20,48,2022-07-12 00:37:51.246,0,train,40.43196127302887,0
normal,N0299,10106,21,48,2022-07-12 00:37:51.346,0,train,47.73837980301172,0
normal,N0299,10107,22,48,2022-07-12 00:37:51.446,0,train,47.77016796218107,0
normal,N0299,10108,23,48,2022-07-12 00:37:51.546,0,train,34.84121526592188,0
normal,N0299,10109,24,48,2022-07-12 00:37:51.646,0,train,53.4760588151292,0
normal,N0299,10110,25,48,2022-07-12 00:37:51.746,0,train,38.89461591616858,0
normal,N0299,10111,26,48,2022-07-12 00:37:51.846,0,train,54.77438768441909,0
normal,N0299,10112,27,48,2022-07-12 00:37:51.946,0,train,40.37011128561976,0
normal,N0299,10113,28,48,2022-07-12 00:37:52.046,0,train,50.58754189864108,0
normal,N0299,10114,29,48,2022-07-12 00:37:52.146,0,train,52.45436632864127,0
normal,N0299,10115,30,48,2022-07-12 00:37:52.246,0,train,46.94591412020687,0
normal,N0299,10116,31,48,2022-07-12 00:37:52.346,0,train,38.979201107988125,0
normal,N0299,10117,32,48,2022-07-12 00:37:52.446,0,train,33.82737372335276,0
normal,N0299,10118,33,48,2022-07-12 00:37:52.546,0,train,48.60438271375766,0
normal,N0299,10119,34,48,2022-07-12 00:37:52.646,0,train,33.45838525417073,0
normal,N0299,10120,35,48,2022-07-12 00:37:52.746,0,train,41.84177546371835,0
normal,N0299,10121,36,48,2022-07-12 00:37:52.846,0,train,55.998703553974785,0
normal,N0299,10122,37,48,2022-07-12 00:37:52.946,0,train,50.954255565633,0
normal,N0299,10123,38,48,2022-07-12 00:37:53.046,0,train,56.58940435565335,0
normal,N0299,10124,39,48,2022-07-12 00:37:53.146,0,train,42.50394389945742,0
normal,N0299,10125,40,48,2022-07-12 00:37:53.246,0,train,43.56100892571457,0
normal,N0299,10126,41,48,2022-07-12 00:37:53.346,0,train,34.57597102304785,0
normal,N0299,10127,42,48,2022-07-12 00:37:53.446,0,train,54.36286806990062,0
normal,N0299,10128,43,48,2022-07-12 00:37:53.546,0,train,56.28923625446176,0
normal,N0299,10129,44,48,2022-07-12 00:37:53.646,0,train,61.76596869382633,0
normal,N0299,10130,45,48,2022-07-12 00:37:53.746,0,train,53.742836808723176,0
normal,N0299,10131,46,48,2022-07-12 00:37:53.846,0,train,54.571254384718145,0
normal,N0299,10132,47,48,2022-07-12 00:37:53.946,0,train,35.92964885189561,0
normal,N0300,10142,9,36,2022-07-12 00:37:58.136,0,train,48.54439591901019,0
normal,N0300,10143,10,36,2022-07-12 00:37:58.236,0,train,53.16207000048172,0
normal,N0300,10144,11,36,2022-07-12 00:37:58.336,0,train,29.087969680607657,0
normal,N0300,10145,12,36,2022-07-12 00:37:58.436,0,train,29.584772081169966,0
normal,N0300,10146,13,36,2022-07-12 00:37:58.536,0,train,34.238879131395315,0
normal,N0300,10147,14,36,2022-07-12 00:37:58.636,0,train,54.64738326704238,0
normal,N0300,10148,15,36,2022-07-12 00:37:58.736,0,train,62.70713374068669,0
normal,N0300,10149,16,36,2022-07-12 00:37:58.836,0,train,55.17783415251558,0
normal,N0300,10150,17,36,2022-07-12 00:37:58.936,0,train,46.202376671853855,0
normal,N0300,10151,18,36,2022-07-12 00:37:59.036,0,train,73.55828613345473,0
normal,N0300,10152,19,36,2022-07-12 00:37:59.136,0,train,50.531470126134415,0
normal,N0300,10153,20,36,2022-07-12 00:37:59.236,0,train,42.745366961324166,0
normal,N0300,10154,21,36,2022-07-12 00:37:59.336,0,train,47.31798700554341,0
normal,N0300,10155,22,36,2022-07-12 00:37:59.436,0,train,63.054745371747885,0
normal,N0300,10156,23,36,2022-07-12 00:37:59.536,0,train,64.16517285426491,0
normal,N0300,10157,24,36,2022-07-12 00:37:59.636,0,train,37.34084913004826,0
normal,N0300,10158,25,36,2022-07-12 00:37:59.736,0,train,32.63748596800156,0
normal,N0300,10159,26,36,2022-07-12 00:37:59.836,0,train,53.24672692599581,0
normal,N0300,10160,27,36,2022-07-12 00:37:59.936,0,train,30.71018205751598,0
normal,N0300,10161,28,36,2022-07-12 00:38:00.036,0,train,32.507128275865234,0
normal,N0300,10162,29,36,2022-07-12 00:38:00.136,0,train,32.707899867177645,0
normal,N0300,10163,30,36,2022-07-12 00:38:00.236,0,train,39.05934253621672,0
normal,N0300,10164,31,36,2022-07-12 00:38:00.336,0,train,29.37376724636243,0
normal,N0300,10165,32,36,2022-07-12 00:38:00.436,0,train,32.40524863395812,0
normal,N0300,10166,33,36,2022-07-12 00:38:00.536,0,train,32.591726900992434,0
normal,N0300,10167,34,36,2022-07-12 00:38:00.636,0,train,54.55845810662996,0
normal,N0300,10168,35,36,2022-07-12 00:38:00.736,0,train,46.59392624756941,0
normal,N0301,10178,9,20,2022-07-12 00:38:06.147,0,train,70.1848915661243,0
normal,N0301,10179,10,20,2022-07-12 00:38:06.247,0,train,58.55670452269193,0
normal,N0301,10180,11,20,2022-07-12 00:38:06.347,0,train,51.12436766884154,0
normal,N0301,10181,12,20,2022-07-12 00:38:06.447,0,train,68.83908811647403,0
normal,N0301,10182,13,20,2022-07-12 00:38:06.547,0,train,73.43587575020796,0
normal,N0301,10183,14,20,2022-07-12 00:38:06.647,0,train,73.06728940278988,0
normal,N0301,10184,15,20,2022-07-12 00:38:06.747,0,train,86.95079317033772,0
normal,N0301,10185,16,20,2022-07-12 00:38:06.847,0,train,77.97464014578726,0
normal,N0301,10186,17,20,2022-07-12 00:38:06.947,0,train,105.30896112401479,0
normal,N0301,10187,18,20,2022-07-12 00:38:07.047,0,train,100.10985957802079,0
normal,N0301,10188,19,20,2022-07-12 00:38:07.147,0,train,92.31841778276352,0
normal,N0303,10207,9,50,2022-07-12 00:38:23.396,0,train,118.71402679681684,0
normal,N0303,10208,10,50,2022-07-12 00:38:23.496,0,train,130.74689149554078,0
normal,N0303,10209,11,50,2022-07-12 00:38:23.596,0,train,120.41616609428198,0
normal,N0303,10210,12,50,2022-07-12 00:38:23.696,0,train,127.48180655957032,0
normal,N0303,10211,13,50,2022-07-12 00:38:23.796,0,train,111.09788859595106,0
normal,N0303,10212,14,50,2022-07-12 00:38:23.896,0,train,81.30324174719009,0
normal,N0303,10213,15,50,2022-07-12 00:38:23.996,0,train,76.34728592305527,0
normal,N0303,10214,16,50,2022-07-12 00:38:24.096,0,train,123.53098080627491,0
normal,N0303,10215,17,50,2022-07-12 00:38:24.196,0,train,109.99747807040012,0
normal,N0303,10216,18,50,2022-07-12 00:38:24.296,0,train,139.60549880656677,0
normal,N0303,10217,19,50,2022-07-12 00:38:24.396,0,train,154.82151039598887,1
normal,N0303,10218,20,50,2022-07-12 00:38:24.496,0,train,49.01323730853821,0
normal,N0303,10219,21,50,2022-07-12 00:38:24.596,0,train,71.84462769567706,0
normal,N0303,10220,22,50,2022-07-12 00:38:24.696,0,train,88.40020597309297,0
normal,N0303,10221,23,50,2022-07-12 00:38:24.796,0,train,44.5721003893748,0
normal,N0303,10222,24,50,2022-07-12 00:38:24.896,0,train,48.922633351902554,0
normal,N0303,10223,25,50,2022-07-12 00:38:24.996,0,train,56.332143349008916,0
normal,N0303,10224,26,50,2022-07-12 00:38:25.096,0,train,49.53051562204192,0
normal,N0303,10225,27,50,2022-07-12 00:38:25.196,0,train,40.16533483625746,0
normal,N0303,10226,28,50,2022-07-12 00:38:25.296,0,train,56.111661214610066,0
normal,N0303,10227,29,50,2022-07-12 00:38:25.396,0,train,52.081894137347994,0
normal,N0303,10228,30,50,2022-07-12 00:38:25.496,0,train,72.93046599409264,0
normal,N0303,10229,31,50,2022-07-12 00:38:25.596,0,train,60.57332473592914,0
normal,N0303,10230,32,50,2022-07-12 00:38:25.696,0,train,55.76004726949578,0
normal,N0303,10231,33,50,2022-07-12 00:38:25.796,0,train,89.18865490006478,0
normal,N0303,10232,34,50,2022-07-12 00:38:25.896,0,train,92.6387063105674,0
normal,N0303,10233,35,50,2022-07-12 00:38:25.996,0,train,79.38769063146634,0
normal,N0303,10234,36,50,2022-07-12 00:38:26.096,0,train,106.14808361585756,0
normal,N0303,10235,37,50,2022-07-12 00:38:26.196,0,train,89.33162421370847,0
normal,N0303,10236,38,50,2022-07-12 00:38:26.296,0,train,99.2018588220497,0
normal,N0303,10237,39,50,2022-07-12 00:38:26.396,0,train,87.78442941954485,0
normal,N0303,10238,40,50,2022-07-12 00:38:26.496,0,train,72.43440695960517,0
normal,N0303,10239,41,50,2022-07-12 00:38:26.596,0,train,71.83080739299712,0
normal,N0303,10240,42,50,2022-07-12 00:38:26.696,0,train,90.46827461769735,0
normal,N0303,10241,43,50,2022-07-12 00:38:26.796,0,train,75.00807061952037,0
normal,N0303,10242,44,50,2022-07-12 00:38:26.896,0,train,55.13851193869161,0
normal,N0303,10243,45,50,2022-07-12 00:38:26.996,0,train,50.920179856942596,0
normal,N0303,10244,46,50,2022-07-12 00:38:27.096,0,train,65.96870161635873,0
normal,N0303,10245,47,50,2022-07-12 00:38:27.196,0,train,74.22103952199893,0
normal,N0303,10246,48,50,2022-07-12 00:38:27.296,0,train,109.51628366815238,0
normal,N0303,10247,49,50,2022-07-12 00:38:27.396,0,train,54.67532050577477,0
normal,N0304,10257,9,50,2022-07-12 00:38:30.202,0,train,30.190510343189604,0
normal,N0304,10258,10,50,2022-07-12 00:38:30.302,0,train,35.68906248427613,0
normal,N0304,10259,11,50,2022-07-12 00:38:30.402,0,train,40.08774634294895,0
normal,N0304,10260,12,50,2022-07-12 00:38:30.502,0,train,35.80813518015583,0
normal,N0304,10261,13,50,2022-07-12 00:38:30.602,0,train,34.08409111397186,0
normal,N0304,10262,14,50,2022-07-12 00:38:30.702,0,train,30.300077001925235,0
normal,N0304,10263,15,50,2022-07-12 00:38:30.802,0,train,18.727323507144558,0
normal,N0304,10264,16,50,2022-07-12 00:38:30.902,0,train,31.754778062555605,0
normal,N0304,10265,17,50,2022-07-12 00:38:31.002,0,train,20.764725310476063,0
normal,N0304,10266,18,50,2022-07-12 00:38:31.102,0,train,22.115009657756694,0
normal,N0304,10267,19,50,2022-07-12 00:38:31.202,0,train,34.16446245055625,0
normal,N0304,10268,20,50,2022-07-12 00:38:31.302,0,train,37.027684521000474,0
normal,N0304,10269,21,50,2022-07-12 00:38:31.402,0,train,38.15187455029517,0
normal,N0304,10270,22,50,2022-07-12 00:38:31.502,0,train,43.697519963912434,0
normal,N0304,10271,23,50,2022-07-12 00:38:31.602,0,train,41.0765045345327,0
normal,N0304,10272,24,50,2022-07-12 00:38:31.702,0,train,43.882902943066,0
normal,N0304,10273,25,50,2022-07-12 00:38:31.802,0,train,27.436918336351546,0
normal,N0304,10274,26,50,2022-07-12 00:38:31.902,0,train,24.733236483902477,0
normal,N0304,10275,27,50,2022-07-12 00:38:32.002,0,train,34.766419196764126,0
normal,N0304,10276,28,50,2022-07-12 00:38:32.102,0,train,35.840452785620016,0
normal,N0304,10277,29,50,2022-07-12 00:38:32.202,0,train,37.900236711434594,0
normal,N0304,10278,30,50,2022-07-12 00:38:32.302,0,train,44.75868003204162,0
normal,N0304,10279,31,50,2022-07-12 00:38:32.402,0,train,25.793531727584952,0
normal,N0304,10280,32,50,2022-07-12 00:38:32.502,0,train,31.40669619749381,0
normal,N0304,10281,33,50,2022-07-12 00:38:32.602,0,train,36.73868346395268,0
normal,N0304,10282,34,50,2022-07-12 00:38:32.702,0,train,30.23172280100861,0
normal,N0304,10283,35,50,2022-07-12 00:38:32.802,0,train,30.974541131623017,0
normal,N0304,10284,36,50,2022-07-12 00:38:32.902,0,train,50.369723007471144,0
normal,N0304,10285,37,50,2022-07-12 00:38:33.002,0,train,35.073219940007384,0
normal,N0304,10286,38,50,2022-07-12 00:38:33.102,0,train,41.20445450144793,0
normal,N0304,10287,39,50,2022-07-12 00:38:33.202,0,train,29.62060251000946,0
normal,N0304,10288,40,50,2022-07-12 00:38:33.302,0,train,31.070695439652745,0
normal,N0304,10289,41,50,2022-07-12 00:38:33.402,0,train,25.187584574606884,0
normal,N0304,10290,42,50,2022-07-12 00:38:33.502,0,train,28.287537880392623,0
normal,N0304,10291,43,50,2022-07-12 00:38:33.602,0,train,28.965036471513766,0
normal,N0304,10292,44,50,2022-07-12 00:38:33.702,0,train,49.268023881908086,0
normal,N0304,10293,45,50,2022-07-12 00:38:33.802,0,train,54.25747072488231,0
normal,N0304,10294,46,50,2022-07-12 00:38:33.902,0,train,64.72854475951227,0
normal,N0304,10295,47,50,2022-07-12 00:38:34.002,0,train,50.73924392015277,0
normal,N0304,10296,48,50,2022-07-12 00:38:34.102,0,train,49.6327083662524,0
normal,N0304,10297,49,50,2022-07-12 00:38:34.202,0,train,39.53663448384271,0
normal,N0305,10307,9,38,2022-07-12 00:38:38.196,0,train,21.59182216911311,0
normal,N0305,10308,10,38,2022-07-12 00:38:38.296,0,train,23.15107764186353,0
normal,N0305,10309,11,38,2022-07-12 00:38:38.396,0,train,30.971087731768797,0
normal,N0305,10310,12,38,2022-07-12 00:38:38.496,0,train,29.635636409121513,0
normal,N0305,10311,13,38,2022-07-12 00:38:38.596,0,train,53.262145556056566,0
normal,N0305,10312,14,38,2022-07-12 00:38:38.696,0,train,55.45135907152542,0
normal,N0305,10313,15,38,2022-07-12 00:38:38.796,0,train,31.69815157371609,0
normal,N0305,10314,16,38,2022-07-12 00:38:38.896,0,train,20.633897417544404,0
normal,N0305,10315,17,38,2022-07-12 00:38:38.996,0,train,17.951728668633244,0
normal,N0305,10316,18,38,2022-07-12 00:38:39.096,0,train,31.202035349564422,0
normal,N0305,10317,19,38,2022-07-12 00:38:39.196,0,train,43.218794559440866,0
normal,N0305,10318,20,38,2022-07-12 00:38:39.296,0,train,33.50852825956211,0
normal,N0305,10319,21,38,2022-07-12 00:38:39.396,0,train,42.16001313594764,0
normal,N0305,10320,22,38,2022-07-12 00:38:39.496,0,train,43.952297950276666,0
normal,N0305,10321,23,38,2022-07-12 00:38:39.596,0,train,31.21141060741311,0
normal,N0305,10322,24,38,2022-07-12 00:38:39.696,0,train,39.52447701342481,0
normal,N0305,10323,25,38,2022-07-12 00:38:39.796,0,train,38.145059834877,0
normal,N0305,10324,26,38,2022-07-12 00:38:39.896,0,train,23.828832328744657,0
normal,N0305,10325,27,38,2022-07-12 00:38:39.996,0,train,27.507854229713477,0
normal,N0305,10326,28,38,2022-07-12 00:38:40.096,0,train,36.645093893755735,0
normal,N0305,10327,29,38,2022-07-12 00:38:40.196,0,train,26.47071594596406,0
normal,N0305,10328,30,38,2022-07-12 00:38:40.296,0,train,56.34969835914609,0
normal,N0305,10329,31,38,2022-07-12 00:38:40.396,0,train,19.97441947017964,0
normal,N0305,10330,32,38,2022-07-12 00:38:40.496,0,train,30.432494145696634,0
normal,N0305,10331,33,38,2022-07-12 00:38:40.596,0,train,25.017381662580192,0
normal,N0305,10332,34,38,2022-07-12 00:38:40.696,0,train,26.316938434888993,0
normal,N0305,10333,35,38,2022-07-12 00:38:40.796,0,train,21.797984372647186,0
normal,N0305,10334,36,38,2022-07-12 00:38:40.896,0,train,22.7887253738844,0
normal,N0305,10335,37,38,2022-07-12 00:38:40.996,0,train,33.06152722522817,0
normal,N0306,10345,9,35,2022-07-12 00:38:46.318,0,train,36.98536645617983,0
normal,N0306,10346,10,35,2022-07-12 00:38:46.418,0,train,33.75509994510037,0
normal,N0306,10347,11,35,2022-07-12 00:38:46.518,0,train,35.271013785306835,0
normal,N0306,10348,12,35,2022-07-12 00:38:46.618,0,train,29.10736821024141,0
normal,N0306,10349,13,35,2022-07-12 00:38:46.718,0,train,33.42594171447392,0
normal,N0306,10350,14,35,2022-07-12 00:38:46.818,0,train,37.70133962157341,0
normal,N0306,10351,15,35,2022-07-12 00:38:46.918,0,train,60.15579009898674,0
normal,N0306,10352,16,35,2022-07-12 00:38:47.018,0,train,56.40432509243837,0
normal,N0306,10353,17,35,2022-07-12 00:38:47.118,0,train,44.030651536868056,0
normal,N0306,10354,18,35,2022-07-12 00:38:47.218,0,train,35.24302252161757,0
normal,N0306,10355,19,35,2022-07-12 00:38:47.318,0,train,29.481492374903798,0
normal,N0306,10356,20,35,2022-07-12 00:38:47.418,0,train,40.58426793553605,0
normal,N0306,10357,21,35,2022-07-12 00:38:47.518,0,train,44.00262223088603,0
normal,N0306,10358,22,35,2022-07-12 00:38:47.618,0,train,68.14511369182317,0
normal,N0306,10359,23,35,2022-07-12 00:38:47.718,0,train,61.366691248580004,0
normal,N0306,10360,24,35,2022-07-12 00:38:47.818,0,train,57.68785098329337,0
normal,N0306,10361,25,35,2022-07-12 00:38:47.918,0,train,63.56237191592641,0
normal,N0306,10362,26,35,2022-07-12 00:38:48.018,0,train,53.41879911030318,0
normal,N0306,10363,27,35,2022-07-12 00:38:48.118,0,train,51.10956038284264,0
normal,N0306,10364,28,35,2022-07-12 00:38:48.218,0,train,41.7184437455946,0
normal,N0306,10365,29,35,2022-07-12 00:38:48.318,0,train,63.141573621163175,0
normal,N0306,10366,30,35,2022-07-12 00:38:48.418,0,train,52.648211270868515,0
normal,N0306,10367,31,35,2022-07-12 00:38:48.518,0,train,60.55016691426656,0
normal,N0306,10368,32,35,2022-07-12 00:38:48.618,0,train,59.79067132764932,0
normal,N0306,10369,33,35,2022-07-12 00:38:48.718,0,train,71.4343954184439,0
normal,N0306,10370,34,35,2022-07-12 00:38:48.818,0,train,31.591145560414937,0
normal,N0309,10412,9,50,2022-07-12 00:39:11.808,0,train,62.29255992623797,0
normal,N0309,10413,10,50,2022-07-12 00:39:11.908,0,train,60.06777060190118,0
normal,N0309,10414,11,50,2022-07-12 00:39:12.008,0,train,59.20415379736294,0
normal,N0309,10415,12,50,2022-07-12 00:39:12.108,0,train,51.038627969841194,0
normal,N0309,10416,13,50,2022-07-12 00:39:12.208,0,train,67.56245002196036,0
normal,N0309,10417,14,50,2022-07-12 00:39:12.308,0,train,42.757561028181534,0
normal,N0309,10418,15,50,2022-07-12 00:39:12.408,0,train,29.93148116661561,0
normal,N0309,10419,16,50,2022-07-12 00:39:12.508,0,train,27.838843625674695,0
normal,N0309,10420,17,50,2022-07-12 00:39:12.608,0,train,33.777916508252964,0
normal,N0309,10421,18,50,2022-07-12 00:39:12.708,0,train,26.83982799598856,0
normal,N0309,10422,19,50,2022-07-12 00:39:12.808,0,train,22.8837559835568,0
normal,N0309,10423,20,50,2022-07-12 00:39:12.908,0,train,26.008762600329568,0
normal,N0309,10424,21,50,2022-07-12 00:39:13.008,0,train,37.871701576999484,0
normal,N0309,10425,22,50,2022-07-12 00:39:13.108,0,train,35.90555353256774,0
normal,N0309,10426,23,50,2022-07-12 00:39:13.208,0,train,41.66222844371071,0
normal,N0309,10427,24,50,2022-07-12 00:39:13.308,0,train,37.50907713703596,0
normal,N0309,10428,25,50,2022-07-12 00:39:13.408,0,train,32.726153024124216,0
normal,N0309,10429,26,50,2022-07-12 00:39:13.508,0,train,33.61723933163526,0
normal,N0309,10430,27,50,2022-07-12 00:39:13.608,0,train,28.267496158580816,0
normal,N0309,10431,28,50,2022-07-12 00:39:13.708,0,train,27.59171823561438,0
normal,N0309,10432,29,50,2022-07-12 00:39:13.808,0,train,26.21790997070387,0
normal,N0309,10433,30,50,2022-07-12 00:39:13.908,0,train,24.491629853568064,0
normal,N0309,10434,31,50,2022-07-12 00:39:14.008,0,train,30.18908644638643,0
normal,N0309,10435,32,50,2022-07-12 00:39:14.108,0,train,26.705006299242807,0
normal,N0309,10436,33,50,2022-07-12 00:39:14.208,0,train,22.897154615582398,0
normal,N0309,10437,34,50,2022-07-12 00:39:14.308,0,train,23.27178880906779,0
normal,N0309,10438,35,50,2022-07-12 00:39:14.408,0,train,21.5690260157421,0
normal,N0309,10439,36,50,2022-07-12 00:39:14.508,0,train,22.57247125127591,0
normal,N0309,10440,37,50,2022-07-12 00:39:14.608,0,train,28.73111081265818,0
normal,N0309,10441,38,50,2022-07-12 00:39:14.708,0,train,26.461723977988203,0
normal,N0309,10442,39,50,2022-07-12 00:39:14.808,0,train,36.466452318320485,0
normal,N0309,10443,40,50,2022-07-12 00:39:14.908,0,train,30.946499229441375,0
normal,N0309,10444,41,50,2022-07-12 00:39:15.008,0,train,23.708413641417568,0
normal,N0309,10445,42,50,2022-07-12 00:39:15.108,0,train,27.255666426650368,0
normal,N0309,10446,43,50,2022-07-12 00:39:15.208,0,train,22.299387754647583,0
normal,N0309,10447,44,50,2022-07-12 00:39:15.308,0,train,19.410578339830295,0
normal,N0309,10448,45,50,2022-07-12 00:39:15.408,0,train,21.183068454498386,0
normal,N0309,10449,46,50,2022-07-12 00:39:15.508,0,train,26.496380710840885,0
normal,N0309,10450,47,50,2022-07-12 00:39:15.608,0,train,30.73376751322564,0
normal,N0309,10451,48,50,2022-07-12 00:39:15.708,0,train,29.568971584488274,0
normal,N0309,10452,49,50,2022-07-12 00:39:15.808,0,train,28.501942770868798,0
normal,N0310,10462,9,50,2022-07-12 00:39:18.587,0,train,79.60602255326152,0
normal,N0310,10463,10,50,2022-07-12 00:39:18.687,0,train,148.27909917451012,1
normal,N0310,10464,11,50,2022-07-12 00:39:18.787,0,train,55.71808589721177,0
normal,N0310,10465,12,50,2022-07-12 00:39:18.887,0,train,59.40415108957646,0
normal,N0310,10466,13,50,2022-07-12 00:39:18.987,0,train,49.68790098992261,0
normal,N0310,10467,14,50,2022-07-12 00:39:19.087,0,train,74.67755708461453,0
normal,N0310,10468,15,50,2022-07-12 00:39:19.187,0,train,82.75338710269466,0
normal,N0310,10469,16,50,2022-07-12 00:39:19.287,0,train,134.16406772164743,0
normal,N0310,10470,17,50,2022-07-12 00:39:19.387,0,train,130.11385107638426,0
normal,N0310,10471,18,50,2022-07-12 00:39:19.487,0,train,135.5069833882813,0
normal,N0310,10472,19,50,2022-07-12 00:39:19.587,0,train,153.54055619014397,1
normal,N0310,10473,20,50,2022-07-12 00:39:19.687,0,train,129.7178047589678,0
normal,N0310,10474,21,50,2022-07-12 00:39:19.787,0,train,114.01865028876303,0
normal,N0310,10475,22,50,2022-07-12 00:39:19.887,0,train,138.10023301329952,0
normal,N0310,10476,23,50,2022-07-12 00:39:19.987,0,train,89.01488235176873,0
normal,N0310,10477,24,50,2022-07-12 00:39:20.087,0,train,57.789481198804324,0
normal,N0310,10478,25,50,2022-07-12 00:39:20.187,0,train,44.39013579683741,0
normal,N0310,10479,26,50,2022-07-12 00:39:20.287,0,train,57.617193153570994,0
normal,N0310,10480,27,50,2022-07-12 00:39:20.387,0,train,61.56182648325161,0
normal,N0310,10481,28,50,2022-07-12 00:39:20.487,0,train,42.608914145173756,0
normal,N0310,10482,29,50,2022-07-12 00:39:20.587,0,train,36.509386887341265,0
normal,N0310,10483,30,50,2022-07-12 00:39:20.687,0,train,39.24639528466273,0
normal,N0310,10484,31,50,2022-07-12 00:39:20.787,0,train,35.57767869093239,0
normal,N0310,10485,32,50,2022-07-12 00:39:20.887,0,train,40.50167198448891,0
normal,N0310,10486,33,50,2022-07-12 00:39:20.987,0,train,58.575470412578944,0
normal,N0310,10487,34,50,2022-07-12 00:39:21.087,0,train,83.6935071195826,0
normal,N0310,10488,35,50,2022-07-12 00:39:21.187,0,train,93.31067547927464,0
normal,N0310,10489,36,50,2022-07-12 00:39:21.287,0,train,44.47913855342498,0
normal,N0310,10490,37,50,2022-07-12 00:39:21.387,0,train,55.638334708830314,0
normal,N0310,10491,38,50,2022-07-12 00:39:21.487,0,train,61.78066406410293,0
normal,N0310,10492,39,50,2022-07-12 00:39:21.587,0,train,83.90475228785378,0
normal,N0310,10493,40,50,2022-07-12 00:39:21.687,0,train,69.33403340878318,0
normal,N0310,10494,41,50,2022-07-12 00:39:21.787,0,train,83.38336577011013,0
normal,N0310,10495,42,50,2022-07-12 00:39:21.887,0,train,116.87994079132906,0
normal,N0310,10496,43,50,2022-07-12 00:39:21.987,0,train,161.53272884903447,1
normal,N0310,10497,44,50,2022-07-12 00:39:22.087,0,train,120.69838750459184,0
normal,N0310,10498,45,50,2022-07-12 00:39:22.187,0,train,116.65151905160351,0
normal,N0310,10499,46,50,2022-07-12 00:39:22.287,0,train,108.6241026637903,0
normal,N0310,10500,47,50,2022-07-12 00:39:22.387,0,train,146.37555013278933,1
normal,N0310,10501,48,50,2022-07-12 00:39:22.487,0,train,148.451090133985,1
normal,N0310,10502,49,50,2022-07-12 00:39:22.587,0,train,98.98860394016513,0
normal,N0311,10512,9,38,2022-07-12 00:39:26.431,0,train,18.442420785478735,0
normal,N0311,10513,10,38,2022-07-12 00:39:26.531,0,train,23.10753087629031,0
normal,N0311,10514,11,38,2022-07-12 00:39:26.631,0,train,24.561732097127344,0
normal,N0311,10515,12,38,2022-07-12 00:39:26.731,0,train,18.627670883075805,0
normal,N0311,10516,13,38,2022-07-12 00:39:26.831,0,train,15.202058502570678,0
normal,N0311,10517,14,38,2022-07-12 00:39:26.931,0,train,23.86269139143644,0
normal,N0311,10518,15,38,2022-07-12 00:39:27.031,0,train,22.78582129649975,0
normal,N0311,10519,16,38,2022-07-12 00:39:27.131,0,train,19.921580960270195,0
normal,N0311,10520,17,38,2022-07-12 00:39:27.231,0,train,22.96595395002399,0
normal,N0311,10521,18,38,2022-07-12 00:39:27.331,0,train,24.988770377468132,0
normal,N0311,10522,19,38,2022-07-12 00:39:27.431,0,train,33.71944722948017,0
normal,N0311,10523,20,38,2022-07-12 00:39:27.531,0,train,34.749989772331375,0
normal,N0311,10524,21,38,2022-07-12 00:39:27.631,0,train,36.74587570595812,0
normal,N0311,10525,22,38,2022-07-12 00:39:27.731,0,train,30.92642007022845,0
normal,N0311,10526,23,38,2022-07-12 00:39:27.831,0,train,31.523388345494332,0
normal,N0311,10527,24,38,2022-07-12 00:39:27.931,0,train,30.01123727490304,0
normal,N0311,10528,25,38,2022-07-12 00:39:28.031,0,train,24.047612926076866,0
normal,N0311,10529,26,38,2022-07-12 00:39:28.131,0,train,37.88509522971568,0
normal,N0311,10530,27,38,2022-07-12 00:39:28.231,0,train,31.781117261225557,0
normal,N0311,10531,28,38,2022-07-12 00:39:28.331,0,train,33.141679332213954,0
normal,N0311,10532,29,38,2022-07-12 00:39:28.431,0,train,27.656867334518925,0
normal,N0311,10533,30,38,2022-07-12 00:39:28.531,0,train,22.23280190890866,0
normal,N0311,10534,31,38,2022-07-12 00:39:28.631,0,train,22.071352129024866,0
normal,N0311,10535,32,38,2022-07-12 00:39:28.731,0,train,21.77403072508894,0
normal,N0311,10536,33,38,2022-07-12 00:39:28.831,0,train,13.679813368600067,0
normal,N0311,10537,34,38,2022-07-12 00:39:28.931,0,train,18.213556277772227,0
normal,N0311,10538,35,38,2022-07-12 00:39:29.031,0,train,23.097288664095583,0
normal,N0311,10539,36,38,2022-07-12 00:39:29.131,0,train,25.291642307562224,0
normal,N0311,10540,37,38,2022-07-12 00:39:29.231,0,train,23.452660666498062,0
normal,N0313,10574,9,17,2022-07-12 00:39:42.184,0,train,57.35879825262552,0
normal,N0313,10575,10,17,2022-07-12 00:39:42.284,0,train,57.948866181818325,0
normal,N0313,10576,11,17,2022-07-12 00:39:42.384,0,train,55.08653580811821,0
normal,N0313,10577,12,17,2022-07-12 00:39:42.484,0,train,64.47297808797232,0
normal,N0313,10578,13,17,2022-07-12 00:39:42.584,0,train,61.77032488990625,0
normal,N0313,10579,14,17,2022-07-12 00:39:42.684,0,train,51.99093844212142,0
normal,N0313,10580,15,17,2022-07-12 00:39:42.784,0,train,46.80526473179839,0
normal,N0313,10581,16,17,2022-07-12 00:39:42.884,0,train,43.41845117575581,0
normal,N0315,10592,9,50,2022-07-12 00:39:52.084,0,train,37.71129153211429,0
normal,N0315,10593,10,50,2022-07-12 00:39:52.184,0,train,37.8599238415538,0
normal,N0315,10594,11,50,2022-07-12 00:39:52.284,0,train,56.18353867313113,0
normal,N0315,10595,12,50,2022-07-12 00:39:52.384,0,train,65.65089752522451,0
normal,N0315,10596,13,50,2022-07-12 00:39:52.484,0,train,56.88801182785875,0
normal,N0315,10597,14,50,2022-07-12 00:39:52.584,0,train,32.027559291210636,0
normal,N0315,10598,15,50,2022-07-12 00:39:52.684,0,train,28.284163608717733,0
normal,N0315,10599,16,50,2022-07-12 00:39:52.784,0,train,45.855041434122256,0
normal,N0315,10600,17,50,2022-07-12 00:39:52.884,0,train,84.49542059059196,0
normal,N0315,10601,18,50,2022-07-12 00:39:52.984,0,train,93.9337770755149,0
normal,N0315,10602,19,50,2022-07-12 00:39:53.084,0,train,63.47912683779657,0
normal,N0315,10603,20,50,2022-07-12 00:39:53.184,0,train,78.13903172825506,0
normal,N0315,10604,21,50,2022-07-12 00:39:53.284,0,train,52.61093913536043,0
normal,N0315,10605,22,50,2022-07-12 00:39:53.384,0,train,54.12385899111627,0
normal,N0315,10606,23,50,2022-07-12 00:39:53.484,0,train,51.35364106171462,0
normal,N0315,10607,24,50,2022-07-12 00:39:53.584,0,train,58.98816109734674,0
normal,N0315,10608,25,50,2022-07-12 00:39:53.684,0,train,48.263764477284106,0
normal,N0315,10609,26,50,2022-07-12 00:39:53.784,0,train,40.45619479279219,0
normal,N0315,10610,27,50,2022-07-12 00:39:53.884,0,train,50.39815273980197,0
normal,N0315,10611,28,50,2022-07-12 00:39:53.984,0,train,77.55548504147627,0
normal,N0315,10612,29,50,2022-07-12 00:39:54.084,0,train,60.23665556568833,0
normal,N0315,10613,30,50,2022-07-12 00:39:54.184,0,train,42.37858246603593,0
normal,N0315,10614,31,50,2022-07-12 00:39:54.284,0,train,26.00885900357297,0
normal,N0315,10615,32,50,2022-07-12 00:39:54.384,0,train,31.679335835401268,0
normal,N0315,10616,33,50,2022-07-12 00:39:54.484,0,train,34.868061690142675,0
normal,N0315,10617,34,50,2022-07-12 00:39:54.584,0,train,40.1285490878051,0
normal,N0315,10618,35,50,2022-07-12 00:39:54.684,0,train,44.1285570410256,0
normal,N0315,10619,36,50,2022-07-12 00:39:54.784,0,train,39.53454185912219,0
normal,N0315,10620,37,50,2022-07-12 00:39:54.884,0,train,33.57337927193999,0
normal,N0315,10621,38,50,2022-07-12 00:39:54.984,0,train,19.776823328482887,0
normal,N0315,10622,39,50,2022-07-12 00:39:55.084,0,train,15.253601085179216,0
normal,N0315,10623,40,50,2022-07-12 00:39:55.184,0,train,20.831133542293344,0
normal,N0315,10624,41,50,2022-07-12 00:39:55.284,0,train,26.429036728816158,0
normal,N0315,10625,42,50,2022-07-12 00:39:55.384,0,train,34.810197225592866,0
normal,N0315,10626,43,50,2022-07-12 00:39:55.484,0,train,32.60119330574167,0
normal,N0315,10627,44,50,2022-07-12 00:39:55.584,0,train,38.39595449991154,0
normal,N0315,10628,45,50,2022-07-12 00:39:55.684,0,train,44.19026454787517,0
normal,N0315,10629,46,50,2022-07-12 00:39:55.784,0,train,34.31661087979266,0
normal,N0315,10630,47,50,2022-07-12 00:39:55.884,0,train,30.62880553921531,0
normal,N0315,10631,48,50,2022-07-12 00:39:55.984,0,train,38.77565521827566,0
normal,N0315,10632,49,50,2022-07-12 00:39:56.084,0,train,44.186655953783685,0
normal,N0316,10642,9,50,2022-07-12 00:39:58.739,0,train,34.065541408904295,0
normal,N0316,10643,10,50,2022-07-12 00:39:58.839,0,train,24.812259825947667,0
normal,N0316,10644,11,50,2022-07-12 00:39:58.939,0,train,21.692747733544024,0
normal,N0316,10645,12,50,2022-07-12 00:39:59.039,0,train,25.892092015191107,0
normal,N0316,10646,13,50,2022-07-12 00:39:59.139,0,train,24.56775675868158,0
normal,N0316,10647,14,50,2022-07-12 00:39:59.239,0,train,21.63438222208526,0
normal,N0316,10648,15,50,2022-07-12 00:39:59.339,0,train,22.443807075277352,0
normal,N0316,10649,16,50,2022-07-12 00:39:59.439,0,train,28.2177935029324,0
normal,N0316,10650,17,50,2022-07-12 00:39:59.539,0,train,35.66346644303952,0
normal,N0316,10651,18,50,2022-07-12 00:39:59.639,0,train,54.05679408203762,0
normal,N0316,10652,19,50,2022-07-12 00:39:59.739,0,train,103.93951641102713,0
normal,N0316,10653,20,50,2022-07-12 00:39:59.839,0,train,48.55017451071607,0
normal,N0316,10654,21,50,2022-07-12 00:39:59.939,0,train,47.841787752159725,0
normal,N0316,10655,22,50,2022-07-12 00:40:00.039,0,train,67.16339875824043,0
normal,N0316,10656,23,50,2022-07-12 00:40:00.139,0,train,46.04130830778791,0
normal,N0316,10657,24,50,2022-07-12 00:40:00.239,0,train,41.27076911961299,0
normal,N0316,10658,25,50,2022-07-12 00:40:00.339,0,train,73.95888357442958,0
normal,N0316,10659,26,50,2022-07-12 00:40:00.439,0,train,44.994503841948074,0
normal,N0316,10660,27,50,2022-07-12 00:40:00.539,0,train,36.34613109583899,0
normal,N0316,10661,28,50,2022-07-12 00:40:00.639,0,train,32.826819389724434,0
normal,N0316,10662,29,50,2022-07-12 00:40:00.739,0,train,37.747660516582926,0
normal,N0316,10663,30,50,2022-07-12 00:40:00.839,0,train,36.8950057628423,0
normal,N0316,10664,31,50,2022-07-12 00:40:00.939,0,train,40.77573888399282,0
normal,N0316,10665,32,50,2022-07-12 00:40:01.039,0,train,40.45011226973966,0
normal,N0316,10666,33,50,2022-07-12 00:40:01.139,0,train,46.66465608275549,0
normal,N0316,10667,34,50,2022-07-12 00:40:01.239,0,train,31.447544734512086,0
normal,N0316,10668,35,50,2022-07-12 00:40:01.339,0,train,26.356405969311247,0
normal,N0316,10669,36,50,2022-07-12 00:40:01.439,0,train,30.70310555742614,0
normal,N0316,10670,37,50,2022-07-12 00:40:01.539,0,train,38.892372416538045,0
normal,N0316,10671,38,50,2022-07-12 00:40:01.639,0,train,29.745318749154375,0
normal,N0316,10672,39,50,2022-07-12 00:40:01.739,0,train,32.26626918098529,0
normal,N0316,10673,40,50,2022-07-12 00:40:01.839,0,train,34.22719138717117,0
normal,N0316,10674,41,50,2022-07-12 00:40:01.939,0,train,31.935650065647078,0
normal,N0316,10675,42,50,2022-07-12 00:40:02.039,0,train,54.456373906127716,0
normal,N0316,10676,43,50,2022-07-12 00:40:02.139,0,train,31.426076203345676,0
normal,N0316,10677,44,50,2022-07-12 00:40:02.239,0,train,33.187710340903116,0
normal,N0316,10678,45,50,2022-07-12 00:40:02.339,0,train,30.710219234217917,0
normal,N0316,10679,46,50,2022-07-12 00:40:02.439,0,train,50.17818885646564,0
normal,N0316,10680,47,50,2022-07-12 00:40:02.539,0,train,56.41405525378069,0
normal,N0316,10681,48,50,2022-07-12 00:40:02.639,0,train,43.00921569115461,0
normal,N0316,10682,49,50,2022-07-12 00:40:02.739,0,train,35.104616936577045,0
normal,N0318,10734,9,31,2022-07-12 00:40:14.100,0,train,40.426602289334475,0
normal,N0318,10735,10,31,2022-07-12 00:40:14.200,0,train,30.71767054798871,0
normal,N0318,10736,11,31,2022-07-12 00:40:14.300,0,train,34.444738137093985,0
normal,N0318,10737,12,31,2022-07-12 00:40:14.400,0,train,41.222538722385664,0
normal,N0318,10738,13,31,2022-07-12 00:40:14.500,0,train,35.190542693664334,0
normal,N0318,10739,14,31,2022-07-12 00:40:14.600,0,train,42.920848218821064,0
normal,N0318,10740,15,31,2022-07-12 00:40:14.700,0,train,43.46754682121437,0
normal,N0318,10741,16,31,2022-07-12 00:40:14.800,0,train,40.8589305110555,0
normal,N0318,10742,17,31,2022-07-12 00:40:14.900,0,train,32.14701078294655,0
normal,N0318,10743,18,31,2022-07-12 00:40:15.000,0,train,47.34268838061586,0
normal,N0318,10744,19,31,2022-07-12 00:40:15.100,0,train,78.0013056242726,0
normal,N0318,10745,20,31,2022-07-12 00:40:15.200,0,train,59.2181992589006,0
normal,N0318,10746,21,31,2022-07-12 00:40:15.300,0,train,29.64417631461708,0
normal,N0318,10747,22,31,2022-07-12 00:40:15.400,0,train,37.67691452733004,0
normal,N0318,10748,23,31,2022-07-12 00:40:15.500,0,train,29.533121864074747,0
normal,N0318,10749,24,31,2022-07-12 00:40:15.600,0,train,30.996797873159444,0
normal,N0318,10750,25,31,2022-07-12 00:40:15.700,0,train,46.782984748879834,0
normal,N0318,10751,26,31,2022-07-12 00:40:15.800,0,train,25.701435229503048,0
normal,N0318,10752,27,31,2022-07-12 00:40:15.900,0,train,20.079081115455203,0
normal,N0318,10753,28,31,2022-07-12 00:40:16.000,0,train,32.96210073869748,0
normal,N0318,10754,29,31,2022-07-12 00:40:16.100,0,train,24.659390885719638,0
normal,N0318,10755,30,31,2022-07-12 00:40:16.200,0,train,21.696723279782418,0
normal,N0319,10765,9,16,2022-07-12 00:40:22.100,0,train,29.432015345170193,0
normal,N0319,10766,10,16,2022-07-12 00:40:22.200,0,train,23.92656607493781,0
normal,N0319,10767,11,16,2022-07-12 00:40:22.300,0,train,30.855030481987647,0
normal,N0319,10768,12,16,2022-07-12 00:40:22.400,0,train,31.18465139685455,0
normal,N0319,10769,13,16,2022-07-12 00:40:22.500,0,train,40.874348386346846,0
normal,N0319,10770,14,16,2022-07-12 00:40:22.600,0,train,49.332352878045455,0
normal,N0319,10771,15,16,2022-07-12 00:40:22.700,0,train,39.15243486255025,0
normal,N0323,10837,9,50,2022-07-12 00:40:46.765,0,train,42.060413604733334,0
normal,N0323,10838,10,50,2022-07-12 00:40:46.865,0,train,44.49224634892809,0
normal,N0323,10839,11,50,2022-07-12 00:40:46.965,0,train,35.715790070066106,0
normal,N0323,10840,12,50,2022-07-12 00:40:47.065,0,train,32.762090587728096,0
normal,N0323,10841,13,50,2022-07-12 00:40:47.165,0,train,32.350159571600024,0
normal,N0323,10842,14,50,2022-07-12 00:40:47.265,0,train,29.914898611898757,0
normal,N0323,10843,15,50,2022-07-12 00:40:47.365,0,train,29.196238296378834,0
normal,N0323,10844,16,50,2022-07-12 00:40:47.465,0,train,22.13267046989599,0
normal,N0323,10845,17,50,2022-07-12 00:40:47.565,0,train,19.627712214060885,0
normal,N0323,10846,18,50,2022-07-12 00:40:47.665,0,train,28.053389050375543,0
normal,N0323,10847,19,50,2022-07-12 00:40:47.765,0,train,26.77693569906783,0
normal,N0323,10848,20,50,2022-07-12 00:40:47.865,0,train,25.94406329812958,0
normal,N0323,10849,21,50,2022-07-12 00:40:47.965,0,train,25.477390890064843,0
normal,N0323,10850,22,50,2022-07-12 00:40:48.065,0,train,31.836128079331242,0
normal,N0323,10851,23,50,2022-07-12 00:40:48.165,0,train,73.3819624334144,0
normal,N0323,10852,24,50,2022-07-12 00:40:48.265,0,train,46.86528492601122,0
normal,N0323,10853,25,50,2022-07-12 00:40:48.365,0,train,58.488378750491876,0
normal,N0323,10854,26,50,2022-07-12 00:40:48.465,0,train,44.899289401418635,0
normal,N0323,10855,27,50,2022-07-12 00:40:48.565,0,train,39.37046737213837,0
normal,N0323,10856,28,50,2022-07-12 00:40:48.665,0,train,40.35708661715548,0
normal,N0323,10857,29,50,2022-07-12 00:40:48.765,0,train,31.192172618048243,0
normal,N0323,10858,30,50,2022-07-12 00:40:48.865,0,train,21.280880484021385,0
normal,N0323,10859,31,50,2022-07-12 00:40:48.965,0,train,25.236811376674,0
normal,N0323,10860,32,50,2022-07-12 00:40:49.065,0,train,27.34899028186764,0
normal,N0323,10861,33,50,2022-07-12 00:40:49.165,0,train,34.96858254300564,0
normal,N0323,10862,34,50,2022-07-12 00:40:49.265,0,train,71.22550626214462,0
normal,N0323,10863,35,50,2022-07-12 00:40:49.365,0,train,51.575143510777316,0
normal,N0323,10864,36,50,2022-07-12 00:40:49.465,0,train,61.96950669950286,0
normal,N0323,10865,37,50,2022-07-12 00:40:49.565,0,train,55.975516791815394,0
normal,N0323,10866,38,50,2022-07-12 00:40:49.665,0,train,50.49289140176892,0
normal,N0323,10867,39,50,2022-07-12 00:40:49.765,0,train,53.376379769269796,0
normal,N0323,10868,40,50,2022-07-12 00:40:49.865,0,train,70.55777528435333,0
normal,N0323,10869,41,50,2022-07-12 00:40:49.965,0,train,75.40233907528645,0
normal,N0323,10870,42,50,2022-07-12 00:40:50.065,0,train,113.21290614750107,0
normal,N0323,10871,43,50,2022-07-12 00:40:50.165,0,train,351.9620594231607,1
normal,N0323,10872,44,50,2022-07-12 00:40:50.265,0,train,226.31427781612953,1
normal,N0323,10873,45,50,2022-07-12 00:40:50.365,0,train,101.370433445788,0
normal,N0323,10874,46,50,2022-07-12 00:40:50.465,0,train,101.50094334709675,0
normal,N0323,10875,47,50,2022-07-12 00:40:50.565,0,train,52.29373232476509,0
normal,N0323,10876,48,50,2022-07-12 00:40:50.665,0,train,55.08469098620726,0
normal,N0323,10877,49,50,2022-07-12 00:40:50.765,0,train,48.89424455904686,0
normal,N0324,10887,9,44,2022-07-12 00:40:54.076,0,train,26.27855014037011,0
normal,N0324,10888,10,44,2022-07-12 00:40:54.176,0,train,29.149279144631205,0
normal,N0324,10889,11,44,2022-07-12 00:40:54.276,0,train,33.32522858069825,0
normal,N0324,10890,12,44,2022-07-12 00:40:54.376,0,train,28.43498930485934,0
normal,N0324,10891,13,44,2022-07-12 00:40:54.476,0,train,26.638919727250293,0
normal,N0324,10892,14,44,2022-07-12 00:40:54.576,0,train,27.248219939752055,0
normal,N0324,10893,15,44,2022-07-12 00:40:54.676,0,train,31.277830546204555,0
normal,N0324,10894,16,44,2022-07-12 00:40:54.776,0,train,45.83907709807984,0
normal,N0324,10895,17,44,2022-07-12 00:40:54.876,0,train,34.86876302048335,0
normal,N0324,10896,18,44,2022-07-12 00:40:54.976,0,train,31.169421843529395,0
normal,N0324,10897,19,44,2022-07-12 00:40:55.076,0,train,38.60440221843991,0
normal,N0324,10898,20,44,2022-07-12 00:40:55.176,0,train,23.766650245333487,0
normal,N0324,10899,21,44,2022-07-12 00:40:55.276,0,train,21.20429655224004,0
normal,N0324,10900,22,44,2022-07-12 00:40:55.376,0,train,29.79155466270316,0
normal,N0324,10901,23,44,2022-07-12 00:40:55.476,0,train,28.167961543708604,0
normal,N0324,10902,24,44,2022-07-12 00:40:55.576,0,train,24.763279429981807,0
normal,N0324,10903,25,44,2022-07-12 00:40:55.676,0,train,25.38044295634291,0
normal,N0324,10904,26,44,2022-07-12 00:40:55.776,0,train,24.402666535053786,0
normal,N0324,10905,27,44,2022-07-12 00:40:55.876,0,train,44.76554734274473,0
normal,N0324,10906,28,44,2022-07-12 00:40:55.976,0,train,30.82736033248353,0
normal,N0324,10907,29,44,2022-07-12 00:40:56.076,0,train,34.0871073674218,0
normal,N0324,10908,30,44,2022-07-12 00:40:56.176,0,train,32.31298558743912,0
normal,N0324,10909,31,44,2022-07-12 00:40:56.276,0,train,31.974879640260703,0
normal,N0324,10910,32,44,2022-07-12 00:40:56.376,0,train,24.499109261029616,0
normal,N0324,10911,33,44,2022-07-12 00:40:56.476,0,train,26.75305186401983,0
normal,N0324,10912,34,44,2022-07-12 00:40:56.576,0,train,27.17423393142957,0
normal,N0324,10913,35,44,2022-07-12 00:40:56.676,0,train,31.699227791110168,0
normal,N0324,10914,36,44,2022-07-12 00:40:56.776,0,train,29.811633842089414,0
normal,N0324,10915,37,44,2022-07-12 00:40:56.876,0,train,30.06606200687338,0
normal,N0324,10916,38,44,2022-07-12 00:40:56.976,0,train,24.239197095253097,0
normal,N0324,10917,39,44,2022-07-12 00:40:57.076,0,train,29.541146049093875,0
normal,N0324,10918,40,44,2022-07-12 00:40:57.176,0,train,40.12647415748864,0
normal,N0324,10919,41,44,2022-07-12 00:40:57.276,0,train,39.48756614998339,0
normal,N0324,10920,42,44,2022-07-12 00:40:57.376,0,train,49.52451813388817,0
normal,N0324,10921,43,44,2022-07-12 00:40:57.476,0,train,40.98778051852121,0
normal,N0325,10931,9,30,2022-07-12 00:41:02.066,0,train,42.02174782982632,0
normal,N0325,10932,10,30,2022-07-12 00:41:02.166,0,train,68.58354889557792,0
normal,N0325,10933,11,30,2022-07-12 00:41:02.266,0,train,74.54175829762727,0
normal,N0325,10934,12,30,2022-07-12 00:41:02.366,0,train,48.13171643636195,0
normal,N0325,10935,13,30,2022-07-12 00:41:02.466,0,train,38.01498565490968,0
normal,N0325,10936,14,30,2022-07-12 00:41:02.566,0,train,35.94901870662912,0
normal,N0325,10937,15,30,2022-07-12 00:41:02.666,0,train,31.289590244452853,0
normal,N0325,10938,16,30,2022-07-12 00:41:02.766,0,train,49.23894293046043,0
normal,N0325,10939,17,30,2022-07-12 00:41:02.866,0,train,52.033554446819345,0
normal,N0325,10940,18,30,2022-07-12 00:41:02.966,0,train,41.308466108696706,0
normal,N0325,10941,19,30,2022-07-12 00:41:03.066,0,train,45.84697333798434,0
normal,N0325,10942,20,30,2022-07-12 00:41:03.166,0,train,39.588230680578796,0
normal,N0325,10943,21,30,2022-07-12 00:41:03.266,0,train,30.045621547543643,0
normal,N0325,10944,22,30,2022-07-12 00:41:03.366,0,train,39.62974342665743,0
normal,N0325,10945,23,30,2022-07-12 00:41:03.466,0,train,51.627937302292445,0
normal,N0325,10946,24,30,2022-07-12 00:41:03.566,0,train,56.78784586836665,0
normal,N0325,10947,25,30,2022-07-12 00:41:03.666,0,train,54.23996513336527,0
normal,N0325,10948,26,30,2022-07-12 00:41:03.766,0,train,28.075195464232337,0
normal,N0325,10949,27,30,2022-07-12 00:41:03.866,0,train,33.14690003580635,0
normal,N0325,10950,28,30,2022-07-12 00:41:03.966,0,train,34.97524630156313,0
normal,N0325,10951,29,30,2022-07-12 00:41:04.066,0,train,49.05128415309109,0
normal,N0326,10961,9,19,2022-07-12 00:41:10.081,0,train,47.178982974913836,0
normal,N0326,10962,10,19,2022-07-12 00:41:10.181,0,train,47.35341467036751,0
normal,N0326,10963,11,19,2022-07-12 00:41:10.281,0,train,37.17888130138573,0
normal,N0326,10964,12,19,2022-07-12 00:41:10.381,0,train,35.267986225865386,0
normal,N0326,10965,13,19,2022-07-12 00:41:10.481,0,train,28.84808854185587,0
normal,N0326,10966,14,19,2022-07-12 00:41:10.581,0,train,17.870749217028056,0
normal,N0326,10967,15,19,2022-07-12 00:41:10.681,0,train,15.907915499377506,0
normal,N0326,10968,16,19,2022-07-12 00:41:10.781,0,train,35.344004016194525,0
normal,N0326,10969,17,19,2022-07-12 00:41:10.881,0,train,29.16371890270611,0
normal,N0326,10970,18,19,2022-07-12 00:41:10.981,0,train,47.68392703305488,0
normal,N0328,10983,9,50,2022-07-12 00:41:20.099,0,train,99.04944688033838,0
normal,N0328,10984,10,50,2022-07-12 00:41:20.199,0,train,118.38537593490206,0
normal,N0328,10985,11,50,2022-07-12 00:41:20.299,0,train,126.55805715312867,0
normal,N0328,10986,12,50,2022-07-12 00:41:20.399,0,train,40.962543083542954,0
normal,N0328,10987,13,50,2022-07-12 00:41:20.499,0,train,47.12642692592763,0
normal,N0328,10988,14,50,2022-07-12 00:41:20.599,0,train,42.8335696589045,0
normal,N0328,10989,15,50,2022-07-12 00:41:20.699,0,train,47.05562218698422,0
normal,N0328,10990,16,50,2022-07-12 00:41:20.799,0,train,37.097459243430045,0
normal,N0328,10991,17,50,2022-07-12 00:41:20.899,0,train,32.721090350430714,0
normal,N0328,10992,18,50,2022-07-12 00:41:20.999,0,train,32.150788931039706,0
normal,N0328,10993,19,50,2022-07-12 00:41:21.099,0,train,23.09596315598356,0
normal,N0328,10994,20,50,2022-07-12 00:41:21.199,0,train,25.429984433723313,0
normal,N0328,10995,21,50,2022-07-12 00:41:21.299,0,train,31.487472744050113,0
normal,N0328,10996,22,50,2022-07-12 00:41:21.399,0,train,54.882638660514395,0
normal,N0328,10997,23,50,2022-07-12 00:41:21.499,0,train,85.65063740087126,0
normal,N0328,10998,24,50,2022-07-12 00:41:21.599,0,train,67.93404412873824,0
normal,N0328,10999,25,50,2022-07-12 00:41:21.699,0,train,38.61838540430072,0
normal,N0328,11000,26,50,2022-07-12 00:41:21.799,0,train,30.070090015958787,0
normal,N0328,11001,27,50,2022-07-12 00:41:21.899,0,train,33.103061398926634,0
normal,N0328,11002,28,50,2022-07-12 00:41:21.999,0,train,38.90570077905154,0
normal,N0328,11003,29,50,2022-07-12 00:41:22.099,0,train,34.49380721754785,0
normal,N0328,11004,30,50,2022-07-12 00:41:22.199,0,train,41.05437224648441,0
normal,N0328,11005,31,50,2022-07-12 00:41:22.299,0,train,50.46718491811561,0
normal,N0328,11006,32,50,2022-07-12 00:41:22.399,0,train,48.48427499670194,0
normal,N0328,11007,33,50,2022-07-12 00:41:22.499,0,train,54.39299144426397,0
normal,N0328,11008,34,50,2022-07-12 00:41:22.599,0,train,50.921737543599264,0
normal,N0328,11009,35,50,2022-07-12 00:41:22.699,0,train,46.57734149008115,0
normal,N0328,11010,36,50,2022-07-12 00:41:22.799,0,train,40.530990711825694,0
normal,N0328,11011,37,50,2022-07-12 00:41:22.899,0,train,96.0492588897853,0
normal,N0328,11012,38,50,2022-07-12 00:41:22.999,0,train,41.389487595250294,0
normal,N0328,11013,39,50,2022-07-12 00:41:23.099,0,train,38.56149442209682,0
normal,N0328,11014,40,50,2022-07-12 00:41:23.199,0,train,40.740985580317414,0
normal,N0328,11015,41,50,2022-07-12 00:41:23.299,0,train,50.3754786254103,0
normal,N0328,11016,42,50,2022-07-12 00:41:23.399,0,train,57.79558643401705,0
normal,N0328,11017,43,50,2022-07-12 00:41:23.499,0,train,50.16250756973349,0
normal,N0328,11018,44,50,2022-07-12 00:41:23.599,0,train,47.21478304409205,0
normal,N0328,11019,45,50,2022-07-12 00:41:23.699,0,train,48.830893460476965,0
normal,N0328,11020,46,50,2022-07-12 00:41:23.799,0,train,80.65377444754185,0
normal,N0328,11021,47,50,2022-07-12 00:41:23.899,0,train,85.90184985953262,0
normal,N0328,11022,48,50,2022-07-12 00:41:23.999,0,train,83.41715288206926,0
normal,N0328,11023,49,50,2022-07-12 00:41:24.099,0,train,54.09744775063535,0
normal,N0329,11033,9,50,2022-07-12 00:41:26.765,0,train,23.541227078233472,0
normal,N0329,11034,10,50,2022-07-12 00:41:26.865,0,train,24.785302105319012,0
normal,N0329,11035,11,50,2022-07-12 00:41:26.965,0,train,41.857643191059566,0
normal,N0329,11036,12,50,2022-07-12 00:41:27.065,0,train,36.52309365419036,0
normal,N0329,11037,13,50,2022-07-12 00:41:27.165,0,train,28.911050268837254,0
normal,N0329,11038,14,50,2022-07-12 00:41:27.265,0,train,36.72437761689363,0
normal,N0329,11039,15,50,2022-07-12 00:41:27.365,0,train,32.24152238457597,0
normal,N0329,11040,16,50,2022-07-12 00:41:27.465,0,train,43.25859234230115,0
normal,N0329,11041,17,50,2022-07-12 00:41:27.565,0,train,90.81855333652504,0
normal,N0329,11042,18,50,2022-07-12 00:41:27.665,0,train,61.26010353829023,0
normal,N0329,11043,19,50,2022-07-12 00:41:27.765,0,train,76.15912544275389,0
normal,N0329,11044,20,50,2022-07-12 00:41:27.865,0,train,49.00130850880707,0
normal,N0329,11045,21,50,2022-07-12 00:41:27.965,0,train,40.967260926941954,0
normal,N0329,11046,22,50,2022-07-12 00:41:28.065,0,train,46.63658163075764,0
normal,N0329,11047,23,50,2022-07-12 00:41:28.165,0,train,73.22657267793976,0
normal,N0329,11048,24,50,2022-07-12 00:41:28.265,0,train,40.78691195273793,0
normal,N0329,11049,25,50,2022-07-12 00:41:28.365,0,train,26.695941373334318,0
normal,N0329,11050,26,50,2022-07-12 00:41:28.465,0,train,29.84714927377238,0
normal,N0329,11051,27,50,2022-07-12 00:41:28.565,0,train,25.40155217586906,0
normal,N0329,11052,28,50,2022-07-12 00:41:28.665,0,train,40.29730151199595,0
normal,N0329,11053,29,50,2022-07-12 00:41:28.765,0,train,23.7147887930954,0
normal,N0329,11054,30,50,2022-07-12 00:41:28.865,0,train,30.714664133048565,0
normal,N0329,11055,31,50,2022-07-12 00:41:28.965,0,train,19.9172088962258,0
normal,N0329,11056,32,50,2022-07-12 00:41:29.065,0,train,23.084454649876328,0
normal,N0329,11057,33,50,2022-07-12 00:41:29.165,0,train,22.283723611094214,0
normal,N0329,11058,34,50,2022-07-12 00:41:29.265,0,train,43.49724928295537,0
normal,N0329,11059,35,50,2022-07-12 00:41:29.365,0,train,29.629512084466235,0
normal,N0329,11060,36,50,2022-07-12 00:41:29.465,0,train,48.03883710144222,0
normal,N0329,11061,37,50,2022-07-12 00:41:29.565,0,train,37.52652067410519,0
normal,N0329,11062,38,50,2022-07-12 00:41:29.665,0,train,34.99184166687716,0
normal,N0329,11063,39,50,2022-07-12 00:41:29.765,0,train,49.27781706220923,0
normal,N0329,11064,40,50,2022-07-12 00:41:29.865,0,train,29.131845796637652,0
normal,N0329,11065,41,50,2022-07-12 00:41:29.965,0,train,34.52444769389963,0
normal,N0329,11066,42,50,2022-07-12 00:41:30.065,0,train,38.387450178570816,0
normal,N0329,11067,43,50,2022-07-12 00:41:30.165,0,train,35.67912397346212,0
normal,N0329,11068,44,50,2022-07-12 00:41:30.265,0,train,48.29816804753717,0
normal,N0329,11069,45,50,2022-07-12 00:41:30.365,0,train,45.54669897435941,0
normal,N0329,11070,46,50,2022-07-12 00:41:30.465,0,train,38.29291507778228,0
normal,N0329,11071,47,50,2022-07-12 00:41:30.565,0,train,39.98174201572164,0
normal,N0329,11072,48,50,2022-07-12 00:41:30.665,0,train,34.14345805965971,0
normal,N0329,11073,49,50,2022-07-12 00:41:30.765,0,train,23.633798475522735,0
normal,N0330,11083,9,42,2022-07-12 00:41:34.140,0,train,46.16224412165265,0
normal,N0330,11084,10,42,2022-07-12 00:41:34.240,0,train,54.829165614786305,0
normal,N0330,11085,11,42,2022-07-12 00:41:34.340,0,train,41.929798508502785,0
normal,N0330,11086,12,42,2022-07-12 00:41:34.440,0,train,31.67712176702291,0
normal,N0330,11087,13,42,2022-07-12 00:41:34.540,0,train,24.23763601379973,0
normal,N0330,11088,14,42,2022-07-12 00:41:34.640,0,train,26.53816718083663,0
normal,N0330,11089,15,42,2022-07-12 00:41:34.740,0,train,22.910598669831703,0
normal,N0330,11090,16,42,2022-07-12 00:41:34.840,0,train,31.066461626744072,0
normal,N0330,11091,17,42,2022-07-12 00:41:34.940,0,train,45.26591979204896,0
normal,N0330,11092,18,42,2022-07-12 00:41:35.040,0,train,28.998795279127574,0
normal,N0330,11093,19,42,2022-07-12 00:41:35.140,0,train,54.62259201797805,0
normal,N0330,11094,20,42,2022-07-12 00:41:35.240,0,train,39.546568168184024,0
normal,N0330,11095,21,42,2022-07-12 00:41:35.340,0,train,44.00923902540585,0
normal,N0330,11096,22,42,2022-07-12 00:41:35.440,0,train,45.484145693411925,0
normal,N0330,11097,23,42,2022-07-12 00:41:35.540,0,train,49.72329168471637,0
normal,N0330,11098,24,42,2022-07-12 00:41:35.640,0,train,41.16641965539419,0
normal,N0330,11099,25,42,2022-07-12 00:41:35.740,0,train,35.77352785524374,0
normal,N0330,11100,26,42,2022-07-12 00:41:35.840,0,train,46.29822151180439,0
normal,N0330,11101,27,42,2022-07-12 00:41:35.940,0,train,52.94804646067136,0
normal,N0330,11102,28,42,2022-07-12 00:41:36.040,0,train,61.74813559638909,0
normal,N0330,11103,29,42,2022-07-12 00:41:36.140,0,train,45.02539765885082,0
normal,N0330,11104,30,42,2022-07-12 00:41:36.240,0,train,45.728062283149164,0
normal,N0330,11105,31,42,2022-07-12 00:41:36.340,0,train,26.634482925212893,0
normal,N0330,11106,32,42,2022-07-12 00:41:36.440,0,train,43.41341046571503,0
normal,N0330,11107,33,42,2022-07-12 00:41:36.540,0,train,38.602811258765044,0
normal,N0330,11108,34,42,2022-07-12 00:41:36.640,0,train,54.0369802166663,0
normal,N0330,11109,35,42,2022-07-12 00:41:36.740,0,train,34.04207681837426,0
normal,N0330,11110,36,42,2022-07-12 00:41:36.840,0,train,37.21940111661132,0
normal,N0330,11111,37,42,2022-07-12 00:41:36.940,0,train,39.40807956619783,0
normal,N0330,11112,38,42,2022-07-12 00:41:37.040,0,train,41.68010318162866,0
normal,N0330,11113,39,42,2022-07-12 00:41:37.140,0,train,48.76817282152979,0
normal,N0330,11114,40,42,2022-07-12 00:41:37.240,0,train,53.514961091689194,0
normal,N0330,11115,41,42,2022-07-12 00:41:37.340,0,train,74.10632620049614,0
normal,N0331,11125,9,30,2022-07-12 00:41:42.192,0,train,92.23386418698365,0
normal,N0331,11126,10,30,2022-07-12 00:41:42.292,0,train,80.88124307752368,0
normal,N0331,11127,11,30,2022-07-12 00:41:42.392,0,train,47.523523001730275,0
normal,N0331,11128,12,30,2022-07-12 00:41:42.492,0,train,41.103914188010904,0
normal,N0331,11129,13,30,2022-07-12 00:41:42.592,0,train,37.77323408395507,0
normal,N0331,11130,14,30,2022-07-12 00:41:42.692,0,train,53.93685782125919,0
normal,N0331,11131,15,30,2022-07-12 00:41:42.792,0,train,54.42641638191619,0
normal,N0331,11132,16,30,2022-07-12 00:41:42.892,0,train,32.03900283456164,0
normal,N0331,11133,17,30,2022-07-12 00:41:42.992,0,train,46.772333355449305,0
normal,N0331,11134,18,30,2022-07-12 00:41:43.092,0,train,44.182247095300674,0
normal,N0331,11135,19,30,2022-07-12 00:41:43.192,0,train,46.116341042506136,0
normal,N0331,11136,20,30,2022-07-12 00:41:43.292,0,train,45.89911157834564,0
normal,N0331,11137,21,30,2022-07-12 00:41:43.392,0,train,42.99965164605518,0
normal,N0331,11138,22,30,2022-07-12 00:41:43.492,0,train,43.662283420787666,0
normal,N0331,11139,23,30,2022-07-12 00:41:43.592,0,train,56.839555842096665,0
normal,N0331,11140,24,30,2022-07-12 00:41:43.692,0,train,36.30070947764366,0
normal,N0331,11141,25,30,2022-07-12 00:41:43.792,0,train,46.59344978216188,0
normal,N0331,11142,26,30,2022-07-12 00:41:43.892,0,train,47.02717693351241,0
normal,N0331,11143,27,30,2022-07-12 00:41:43.992,0,train,42.962304860992624,0
normal,N0331,11144,28,30,2022-07-12 00:41:44.092,0,train,43.57458525473548,0
normal,N0331,11145,29,30,2022-07-12 00:41:44.192,0,train,48.88117759136401,0
normal,N0334,11171,9,50,2022-07-12 00:42:07.034,0,train,38.30528839239106,0
normal,N0334,11172,10,50,2022-07-12 00:42:07.134,0,train,47.98270000555774,0
normal,N0334,11173,11,50,2022-07-12 00:42:07.234,0,train,57.05547377187312,0
normal,N0334,11174,12,50,2022-07-12 00:42:07.334,0,train,36.46056066476154,0
normal,N0334,11175,13,50,2022-07-12 00:42:07.434,0,train,41.130255894164904,0
normal,N0334,11176,14,50,2022-07-12 00:42:07.534,0,train,42.81364879260823,0
normal,N0334,11177,15,50,2022-07-12 00:42:07.634,0,train,52.696886313567674,0
normal,N0334,11178,16,50,2022-07-12 00:42:07.734,0,train,41.292926528620185,0
normal,N0334,11179,17,50,2022-07-12 00:42:07.834,0,train,31.864324788291945,0
normal,N0334,11180,18,50,2022-07-12 00:42:07.934,0,train,34.80858959563252,0
normal,N0334,11181,19,50,2022-07-12 00:42:08.034,0,train,87.95204699807816,0
normal,N0334,11182,20,50,2022-07-12 00:42:08.134,0,train,43.34957384697726,0
normal,N0334,11183,21,50,2022-07-12 00:42:08.234,0,train,48.36205452199883,0
normal,N0334,11184,22,50,2022-07-12 00:42:08.334,0,train,46.82199547680683,0
normal,N0334,11185,23,50,2022-07-12 00:42:08.434,0,train,59.32505853509083,0
normal,N0334,11186,24,50,2022-07-12 00:42:08.534,0,train,40.16853870621847,0
normal,N0334,11187,25,50,2022-07-12 00:42:08.634,0,train,32.74507451965116,0
normal,N0334,11188,26,50,2022-07-12 00:42:08.734,0,train,53.599034550972725,0
normal,N0334,11189,27,50,2022-07-12 00:42:08.834,0,train,72.4324634536226,0
normal,N0334,11190,28,50,2022-07-12 00:42:08.934,0,train,59.75238227249515,0
normal,N0334,11191,29,50,2022-07-12 00:42:09.034,0,train,50.2818647594709,0
normal,N0334,11192,30,50,2022-07-12 00:42:09.134,0,train,40.51040976649941,0
normal,N0334,11193,31,50,2022-07-12 00:42:09.234,0,train,69.1912316534793,0
normal,N0334,11194,32,50,2022-07-12 00:42:09.334,0,train,94.87033888393594,0
normal,N0334,11195,33,50,2022-07-12 00:42:09.434,0,train,56.39650594175859,0
normal,N0334,11196,34,50,2022-07-12 00:42:09.534,0,train,56.055229685506575,0
normal,N0334,11197,35,50,2022-07-12 00:42:09.634,0,train,56.64659902013461,0
normal,N0334,11198,36,50,2022-07-12 00:42:09.734,0,train,50.198975884014764,0
normal,N0334,11199,37,50,2022-07-12 00:42:09.834,0,train,62.6922453484403,0
normal,N0334,11200,38,50,2022-07-12 00:42:09.934,0,train,27.609156244509645,0
normal,N0334,11201,39,50,2022-07-12 00:42:10.034,0,train,40.48335766211622,0
normal,N0334,11202,40,50,2022-07-12 00:42:10.134,0,train,43.227296002031615,0
normal,N0334,11203,41,50,2022-07-12 00:42:10.234,0,train,42.87123369588858,0
normal,N0334,11204,42,50,2022-07-12 00:42:10.334,0,train,63.82826228022475,0
normal,N0334,11205,43,50,2022-07-12 00:42:10.434,0,train,86.1285226023829,0
normal,N0334,11206,44,50,2022-07-12 00:42:10.534,0,train,102.75810262386996,0
normal,N0334,11207,45,50,2022-07-12 00:42:10.634,0,train,59.94937057666027,0
normal,N0334,11208,46,50,2022-07-12 00:42:10.734,0,train,49.19931945061567,0
normal,N0334,11209,47,50,2022-07-12 00:42:10.834,0,train,54.06522764901322,0
normal,N0334,11210,48,50,2022-07-12 00:42:10.934,0,train,51.62766110190664,0
normal,N0334,11211,49,50,2022-07-12 00:42:11.034,0,train,91.87413191480493,0
normal,N0335,11221,9,45,2022-07-12 00:42:14.214,0,train,45.158727353439744,0
normal,N0335,11222,10,45,2022-07-12 00:42:14.314,0,train,58.44918439146031,0
normal,N0335,11223,11,45,2022-07-12 00:42:14.414,0,train,43.75437133193369,0
normal,N0335,11224,12,45,2022-07-12 00:42:14.514,0,train,25.882102823723027,0
normal,N0335,11225,13,45,2022-07-12 00:42:14.614,0,train,36.11781769055883,0
normal,N0335,11226,14,45,2022-07-12 00:42:14.714,0,train,49.51448271844988,0
normal,N0335,11227,15,45,2022-07-12 00:42:14.814,0,train,46.39675283064462,0
normal,N0335,11228,16,45,2022-07-12 00:42:14.914,0,train,28.791029332616052,0
normal,N0335,11229,17,45,2022-07-12 00:42:15.014,0,train,27.989347696970416,0
normal,N0335,11230,18,45,2022-07-12 00:42:15.114,0,train,24.943394528752023,0
normal,N0335,11231,19,45,2022-07-12 00:42:15.214,0,train,25.69520942697952,0
normal,N0335,11232,20,45,2022-07-12 00:42:15.314,0,train,34.1906699901634,0
normal,N0335,11233,21,45,2022-07-12 00:42:15.414,0,train,52.72165531130763,0
normal,N0335,11234,22,45,2022-07-12 00:42:15.514,0,train,53.86422528387592,0
normal,N0335,11235,23,45,2022-07-12 00:42:15.614,0,train,37.49019473776343,0
normal,N0335,11236,24,45,2022-07-12 00:42:15.714,0,train,30.5840192851203,0
normal,N0335,11237,25,45,2022-07-12 00:42:15.814,0,train,26.067181472971647,0
normal,N0335,11238,26,45,2022-07-12 00:42:15.914,0,train,23.354818104289418,0
normal,N0335,11239,27,45,2022-07-12 00:42:16.014,0,train,41.51108077242458,0
normal,N0335,11240,28,45,2022-07-12 00:42:16.114,0,train,58.12711196699114,0
normal,N0335,11241,29,45,2022-07-12 00:42:16.214,0,train,83.49719634317889,0
normal,N0335,11242,30,45,2022-07-12 00:42:16.314,0,train,85.59401633406938,0
normal,N0335,11243,31,45,2022-07-12 00:42:16.414,0,train,111.54446804082727,0
normal,N0335,11244,32,45,2022-07-12 00:42:16.514,0,train,97.8831177636506,0
normal,N0335,11245,33,45,2022-07-12 00:42:16.614,0,train,113.95027825174391,0
normal,N0335,11246,34,45,2022-07-12 00:42:16.714,0,train,58.3194172984204,0
normal,N0335,11247,35,45,2022-07-12 00:42:16.814,0,train,59.45612970330833,0
normal,N0335,11248,36,45,2022-07-12 00:42:16.914,0,train,56.105630687443394,0
normal,N0335,11249,37,45,2022-07-12 00:42:17.014,0,train,42.571147950471925,0
normal,N0335,11250,38,45,2022-07-12 00:42:17.114,0,train,41.00130111163849,0
normal,N0335,11251,39,45,2022-07-12 00:42:17.214,0,train,43.438084185500166,0
normal,N0335,11252,40,45,2022-07-12 00:42:17.314,0,train,30.02695701732644,0
normal,N0335,11253,41,45,2022-07-12 00:42:17.414,0,train,23.934949598791007,0
normal,N0335,11254,42,45,2022-07-12 00:42:17.514,0,train,25.70358083177078,0
normal,N0335,11255,43,45,2022-07-12 00:42:17.614,0,train,44.40592496561378,0
normal,N0335,11256,44,45,2022-07-12 00:42:17.714,0,train,39.334670491771526,0
normal,N0336,11266,9,34,2022-07-12 00:42:22.216,0,train,54.910681850004735,0
normal,N0336,11267,10,34,2022-07-12 00:42:22.316,0,train,54.49714097296168,0
normal,N0336,11268,11,34,2022-07-12 00:42:22.416,0,train,33.19783521142234,0
normal,N0336,11269,12,34,2022-07-12 00:42:22.516,0,train,29.317618895378402,0
normal,N0336,11270,13,34,2022-07-12 00:42:22.616,0,train,36.431601269668384,0
normal,N0336,11271,14,34,2022-07-12 00:42:22.716,0,train,35.53328420052598,0
normal,N0336,11272,15,34,2022-07-12 00:42:22.816,0,train,16.826791204404124,0
normal,N0336,11273,16,34,2022-07-12 00:42:22.916,0,train,18.571902379958765,0
normal,N0336,11274,17,34,2022-07-12 00:42:23.016,0,train,22.598793919647246,0
normal,N0336,11275,18,34,2022-07-12 00:42:23.116,0,train,26.274936028314066,0
normal,N0336,11276,19,34,2022-07-12 00:42:23.216,0,train,28.82416644902225,0
normal,N0336,11277,20,34,2022-07-12 00:42:23.316,0,train,23.87567004731788,0
normal,N0336,11278,21,34,2022-07-12 00:42:23.416,0,train,17.60726125619951,0
normal,N0336,11279,22,34,2022-07-12 00:42:23.516,0,train,22.075206638593183,0
normal,N0336,11280,23,34,2022-07-12 00:42:23.616,0,train,27.19126146326917,0
normal,N0336,11281,24,34,2022-07-12 00:42:23.716,0,train,41.175769503048116,0
normal,N0336,11282,25,34,2022-07-12 00:42:23.816,0,train,54.02792473717826,0
normal,N0336,11283,26,34,2022-07-12 00:42:23.916,0,train,44.849420731271664,0
normal,N0336,11284,27,34,2022-07-12 00:42:24.016,0,train,58.9725640205305,0
normal,N0336,11285,28,34,2022-07-12 00:42:24.116,0,train,82.57322017512429,0
normal,N0336,11286,29,34,2022-07-12 00:42:24.216,0,train,57.186898284886134,0
normal,N0336,11287,30,34,2022-07-12 00:42:24.316,0,train,56.81210610337399,0
normal,N0336,11288,31,34,2022-07-12 00:42:24.416,0,train,35.25797973642807,0
normal,N0336,11289,32,34,2022-07-12 00:42:24.516,0,train,41.3523081971771,0
normal,N0336,11290,33,34,2022-07-12 00:42:24.616,0,train,42.07339246187393,0
normal,N0338,11332,9,20,2022-07-12 00:42:38.191,0,train,52.22536118762663,0
normal,N0338,11333,10,20,2022-07-12 00:42:38.291,0,train,39.03756183483564,0
normal,N0338,11334,11,20,2022-07-12 00:42:38.391,0,train,58.6206454679624,0
normal,N0338,11335,12,20,2022-07-12 00:42:38.491,0,train,46.148384856034895,0
normal,N0338,11336,13,20,2022-07-12 00:42:38.591,0,train,42.24135197807533,0
normal,N0338,11337,14,20,2022-07-12 00:42:38.691,0,train,46.67874872976394,0
normal,N0338,11338,15,20,2022-07-12 00:42:38.791,0,train,44.059467661407574,0
normal,N0338,11339,16,20,2022-07-12 00:42:38.891,0,train,49.13093990841947,0
normal,N0338,11340,17,20,2022-07-12 00:42:38.991,0,train,63.42905013716009,0
normal,N0338,11341,18,20,2022-07-12 00:42:39.091,0,train,46.93452717430357,0
normal,N0338,11342,19,20,2022-07-12 00:42:39.191,0,train,31.602269985887173,0
normal,N0340,11358,9,50,2022-07-12 00:42:48.428,0,train,21.96942250222687,0
normal,N0340,11359,10,50,2022-07-12 00:42:48.528,0,train,24.477555470932646,0
normal,N0340,11360,11,50,2022-07-12 00:42:48.628,0,train,25.782181356532504,0
normal,N0340,11361,12,50,2022-07-12 00:42:48.728,0,train,22.837710556798477,0
normal,N0340,11362,13,50,2022-07-12 00:42:48.828,0,train,23.765657998525622,0
normal,N0340,11363,14,50,2022-07-12 00:42:48.928,0,train,20.07269337290293,0
normal,N0340,11364,15,50,2022-07-12 00:42:49.028,0,train,18.90300625123304,0
normal,N0340,11365,16,50,2022-07-12 00:42:49.128,0,train,22.22345887657395,0
normal,N0340,11366,17,50,2022-07-12 00:42:49.228,0,train,27.60851518439044,0
normal,N0340,11367,18,50,2022-07-12 00:42:49.328,0,train,21.232164769150945,0
normal,N0340,11368,19,50,2022-07-12 00:42:49.428,0,train,27.678585872267515,0
normal,N0340,11369,20,50,2022-07-12 00:42:49.528,0,train,25.556063683246578,0
normal,N0340,11370,21,50,2022-07-12 00:42:49.628,0,train,25.000579943175254,0
normal,N0340,11371,22,50,2022-07-12 00:42:49.728,0,train,25.335606367568573,0
normal,N0340,11372,23,50,2022-07-12 00:42:49.828,0,train,22.98887008766476,0
normal,N0340,11373,24,50,2022-07-12 00:42:49.928,0,train,27.853359452396443,0
normal,N0340,11374,25,50,2022-07-12 00:42:50.028,0,train,36.05501056286979,0
normal,N0340,11375,26,50,2022-07-12 00:42:50.128,0,train,35.11627001293697,0
normal,N0340,11376,27,50,2022-07-12 00:42:50.228,0,train,24.34426984347704,0
normal,N0340,11377,28,50,2022-07-12 00:42:50.328,0,train,23.511867206434953,0
normal,N0340,11378,29,50,2022-07-12 00:42:50.428,0,train,32.87376490058455,0
normal,N0340,11379,30,50,2022-07-12 00:42:50.528,0,train,30.611948671400835,0
normal,N0340,11380,31,50,2022-07-12 00:42:50.628,0,train,25.512010429741323,0
normal,N0340,11381,32,50,2022-07-12 00:42:50.728,0,train,29.56919746087118,0
normal,N0340,11382,33,50,2022-07-12 00:42:50.828,0,train,35.3354755482508,0
normal,N0340,11383,34,50,2022-07-12 00:42:50.928,0,train,28.315050902785842,0
normal,N0340,11384,35,50,2022-07-12 00:42:51.028,0,train,21.245221025473636,0
normal,N0340,11385,36,50,2022-07-12 00:42:51.128,0,train,28.467356884364342,0
normal,N0340,11386,37,50,2022-07-12 00:42:51.228,0,train,24.775816615513584,0
normal,N0340,11387,38,50,2022-07-12 00:42:51.328,0,train,29.562367580789406,0
normal,N0340,11388,39,50,2022-07-12 00:42:51.428,0,train,20.293982486369703,0
normal,N0340,11389,40,50,2022-07-12 00:42:51.528,0,train,23.015141342992074,0
normal,N0340,11390,41,50,2022-07-12 00:42:51.628,0,train,37.80344467096314,0
normal,N0340,11391,42,50,2022-07-12 00:42:51.728,0,train,30.380752291850218,0
normal,N0340,11392,43,50,2022-07-12 00:42:51.828,0,train,24.994395351279515,0
normal,N0340,11393,44,50,2022-07-12 00:42:51.928,0,train,24.424155386351785,0
normal,N0340,11394,45,50,2022-07-12 00:42:52.028,0,train,21.199235753010434,0
normal,N0340,11395,46,50,2022-07-12 00:42:52.128,0,train,28.013621512886797,0
normal,N0340,11396,47,50,2022-07-12 00:42:52.228,0,train,27.60296209490677,0
normal,N0340,11397,48,50,2022-07-12 00:42:52.328,0,train,23.005948709487274,0
normal,N0340,11398,49,50,2022-07-12 00:42:52.428,0,train,30.980490571300354,0
normal,N0341,11408,9,50,2022-07-12 00:42:55.275,0,train,67.17981558896832,0
normal,N0341,11409,10,50,2022-07-12 00:42:55.375,0,train,46.090078736954595,0
normal,N0341,11410,11,50,2022-07-12 00:42:55.475,0,train,42.1464214097449,0
normal,N0341,11411,12,50,2022-07-12 00:42:55.575,0,train,61.69665864821235,0
normal,N0341,11412,13,50,2022-07-12 00:42:55.675,0,train,49.13516318389075,0
normal,N0341,11413,14,50,2022-07-12 00:42:55.775,0,train,37.64895823510939,0
normal,N0341,11414,15,50,2022-07-12 00:42:55.875,0,train,35.92461591469103,0
normal,N0341,11415,16,50,2022-07-12 00:42:55.975,0,train,32.01793157499323,0
normal,N0341,11416,17,50,2022-07-12 00:42:56.075,0,train,56.177967871254616,0
normal,N0341,11417,18,50,2022-07-12 00:42:56.175,0,train,59.933845736903,0
normal,N0341,11418,19,50,2022-07-12 00:42:56.275,0,train,60.1509765918365,0
normal,N0341,11419,20,50,2022-07-12 00:42:56.375,0,train,44.60972040234766,0
normal,N0341,11420,21,50,2022-07-12 00:42:56.475,0,train,43.01103723988835,0
normal,N0341,11421,22,50,2022-07-12 00:42:56.575,0,train,36.186532356028245,0
normal,N0341,11422,23,50,2022-07-12 00:42:56.675,0,train,40.582435531789415,0
normal,N0341,11423,24,50,2022-07-12 00:42:56.775,0,train,51.48705105124264,0
normal,N0341,11424,25,50,2022-07-12 00:42:56.875,0,train,41.82881202389735,0
normal,N0341,11425,26,50,2022-07-12 00:42:56.975,0,train,37.05493826839736,0
normal,N0341,11426,27,50,2022-07-12 00:42:57.075,0,train,36.34906701161473,0
normal,N0341,11427,28,50,2022-07-12 00:42:57.175,0,train,56.260128790155264,0
normal,N0341,11428,29,50,2022-07-12 00:42:57.275,0,train,33.051290096335016,0
normal,N0341,11429,30,50,2022-07-12 00:42:57.375,0,train,47.47045357048941,0
normal,N0341,11430,31,50,2022-07-12 00:42:57.475,0,train,45.24845411413946,0
normal,N0341,11431,32,50,2022-07-12 00:42:57.575,0,train,40.57171102865755,0
normal,N0341,11432,33,50,2022-07-12 00:42:57.675,0,train,48.973225733313264,0
normal,N0341,11433,34,50,2022-07-12 00:42:57.775,0,train,41.169843178704966,0
normal,N0341,11434,35,50,2022-07-12 00:42:57.875,0,train,57.34205224828925,0
normal,N0341,11435,36,50,2022-07-12 00:42:57.975,0,train,37.16600673689512,0
normal,N0341,11436,37,50,2022-07-12 00:42:58.075,0,train,35.64226903647038,0
normal,N0341,11437,38,50,2022-07-12 00:42:58.175,0,train,36.4552632552855,0
normal,N0341,11438,39,50,2022-07-12 00:42:58.275,0,train,63.318527728427576,0
normal,N0341,11439,40,50,2022-07-12 00:42:58.375,0,train,41.553844468258276,0
normal,N0341,11440,41,50,2022-07-12 00:42:58.475,0,train,37.00878830900392,0
normal,N0341,11441,42,50,2022-07-12 00:42:58.575,0,train,27.921467762726934,0
normal,N0341,11442,43,50,2022-07-12 00:42:58.675,0,train,22.550202950780633,0
normal,N0341,11443,44,50,2022-07-12 00:42:58.775,0,train,43.917664530552315,0
normal,N0341,11444,45,50,2022-07-12 00:42:58.875,0,train,43.78111909783796,0
normal,N0341,11445,46,50,2022-07-12 00:42:58.975,0,train,67.09620533227758,0
normal,N0341,11446,47,50,2022-07-12 00:42:59.075,0,train,55.225351291593235,0
normal,N0341,11447,48,50,2022-07-12 00:42:59.175,0,train,63.26639765792298,0
normal,N0341,11448,49,50,2022-07-12 00:42:59.275,0,train,63.829881314078946,0
normal,N0343,11503,9,34,2022-07-12 00:43:10.336,0,train,25.454069945529927,0
normal,N0343,11504,10,34,2022-07-12 00:43:10.436,0,train,23.37047000263533,0
normal,N0343,11505,11,34,2022-07-12 00:43:10.536,0,train,28.97034145084713,0
normal,N0343,11506,12,34,2022-07-12 00:43:10.636,0,train,36.9287220123865,0
normal,N0343,11507,13,34,2022-07-12 00:43:10.736,0,train,32.302521214098746,0
normal,N0343,11508,14,34,2022-07-12 00:43:10.836,0,train,29.244122990457207,0
normal,N0343,11509,15,34,2022-07-12 00:43:10.936,0,train,24.01981212297723,0
normal,N0343,11510,16,34,2022-07-12 00:43:11.036,0,train,30.967098019178025,0
normal,N0343,11511,17,34,2022-07-12 00:43:11.136,0,train,35.18037232424071,0
normal,N0343,11512,18,34,2022-07-12 00:43:11.236,0,train,29.54963123761798,0
normal,N0343,11513,19,34,2022-07-12 00:43:11.336,0,train,25.98759542055871,0
normal,N0343,11514,20,34,2022-07-12 00:43:11.436,0,train,26.272026164620524,0
normal,N0343,11515,21,34,2022-07-12 00:43:11.536,0,train,20.43056171517858,0
normal,N0343,11516,22,34,2022-07-12 00:43:11.636,0,train,23.659190961379007,0
normal,N0343,11517,23,34,2022-07-12 00:43:11.736,0,train,31.278326627903787,0
normal,N0343,11518,24,34,2022-07-12 00:43:11.836,0,train,36.09402440586664,0
normal,N0343,11519,25,34,2022-07-12 00:43:11.936,0,train,40.58203776391986,0
normal,N0343,11520,26,34,2022-07-12 00:43:12.036,0,train,23.9593336987459,0
normal,N0343,11521,27,34,2022-07-12 00:43:12.136,0,train,19.70301622358273,0
normal,N0343,11522,28,34,2022-07-12 00:43:12.236,0,train,24.665774873057437,0
normal,N0343,11523,29,34,2022-07-12 00:43:12.336,0,train,20.054097650654988,0
normal,N0343,11524,30,34,2022-07-12 00:43:12.436,0,train,18.845988557805544,0
normal,N0343,11525,31,34,2022-07-12 00:43:12.536,0,train,17.857228027256614,0
normal,N0343,11526,32,34,2022-07-12 00:43:12.636,0,train,22.25292637209883,0
normal,N0343,11527,33,34,2022-07-12 00:43:12.736,0,train,23.929379422074646,0
normal,N0344,11537,9,21,2022-07-12 00:43:18.344,0,train,33.072039735360796,0
normal,N0344,11538,10,21,2022-07-12 00:43:18.444,0,train,40.12576714974475,0
normal,N0344,11539,11,21,2022-07-12 00:43:18.544,0,train,35.939728732675995,0
normal,N0344,11540,12,21,2022-07-12 00:43:18.644,0,train,26.705277587663456,0
normal,N0344,11541,13,21,2022-07-12 00:43:18.744,0,train,59.23929943532549,0
normal,N0344,11542,14,21,2022-07-12 00:43:18.844,0,train,33.75551228956937,0
normal,N0344,11543,15,21,2022-07-12 00:43:18.944,0,train,76.69598569366342,0
normal,N0344,11544,16,21,2022-07-12 00:43:19.044,0,train,32.38839837102052,0
normal,N0344,11545,17,21,2022-07-12 00:43:19.144,0,train,43.53638372569378,0
normal,N0344,11546,18,21,2022-07-12 00:43:19.244,0,train,57.884097843690206,0
normal,N0344,11547,19,21,2022-07-12 00:43:19.344,0,train,52.0714431923898,0
normal,N0344,11548,20,21,2022-07-12 00:43:19.444,0,train,43.5630168685939,0
normal,N0345,11558,9,14,2022-07-12 00:43:26.197,0,train,64.75078980326313,0
normal,N0345,11559,10,14,2022-07-12 00:43:26.297,0,train,36.80369715943307,0
normal,N0345,11560,11,14,2022-07-12 00:43:26.397,0,train,57.0677966370805,0
normal,N0345,11561,12,14,2022-07-12 00:43:26.497,0,train,34.15793993136617,0
normal,N0345,11562,13,14,2022-07-12 00:43:26.597,0,train,34.19090686517521,0
normal,N0348,11625,9,50,2022-07-12 00:43:42.501,0,train,54.119299889736475,0
normal,N0348,11626,10,50,2022-07-12 00:43:42.601,0,train,57.69309937736766,0
normal,N0348,11627,11,50,2022-07-12 00:43:42.701,0,train,44.34345185725183,0
normal,N0348,11628,12,50,2022-07-12 00:43:42.801,0,train,45.47947483430285,0
normal,N0348,11629,13,50,2022-07-12 00:43:42.901,0,train,51.34916277857954,0
normal,N0348,11630,14,50,2022-07-12 00:43:43.001,0,train,62.87851141889201,0
normal,N0348,11631,15,50,2022-07-12 00:43:43.101,0,train,51.045041536541625,0
normal,N0348,11632,16,50,2022-07-12 00:43:43.201,0,train,34.28648781194818,0
normal,N0348,11633,17,50,2022-07-12 00:43:43.301,0,train,35.83988050726456,0
normal,N0348,11634,18,50,2022-07-12 00:43:43.401,0,train,44.605907075476594,0
normal,N0348,11635,19,50,2022-07-12 00:43:43.501,0,train,42.027221544474756,0
normal,N0348,11636,20,50,2022-07-12 00:43:43.601,0,train,44.323884005598636,0
normal,N0348,11637,21,50,2022-07-12 00:43:43.701,0,train,40.31503188262465,0
normal,N0348,11638,22,50,2022-07-12 00:43:43.801,0,train,46.185855627469415,0
normal,N0348,11639,23,50,2022-07-12 00:43:43.901,0,train,72.9827511641293,0
normal,N0348,11640,24,50,2022-07-12 00:43:44.001,0,train,65.96084374874441,0
normal,N0348,11641,25,50,2022-07-12 00:43:44.101,0,train,43.49879012423902,0
normal,N0348,11642,26,50,2022-07-12 00:43:44.201,0,train,54.828530307958246,0
normal,N0348,11643,27,50,2022-07-12 00:43:44.301,0,train,65.37811285638759,0
normal,N0348,11644,28,50,2022-07-12 00:43:44.401,0,train,59.46770150976519,0
normal,N0348,11645,29,50,2022-07-12 00:43:44.501,0,train,49.393134772780144,0
normal,N0348,11646,30,50,2022-07-12 00:43:44.601,0,train,41.198212108627146,0
normal,N0348,11647,31,50,2022-07-12 00:43:44.701,0,train,43.204744248097754,0
normal,N0348,11648,32,50,2022-07-12 00:43:44.801,0,train,34.3539282919097,0
normal,N0348,11649,33,50,2022-07-12 00:43:44.901,0,train,30.483168249276172,0
normal,N0348,11650,34,50,2022-07-12 00:43:45.001,0,train,49.82221125182827,0
normal,N0348,11651,35,50,2022-07-12 00:43:45.101,0,train,85.69582850162485,0
normal,N0348,11652,36,50,2022-07-12 00:43:45.201,0,train,80.36707490231696,0
normal,N0348,11653,37,50,2022-07-12 00:43:45.301,0,train,46.39200844498178,0
normal,N0348,11654,38,50,2022-07-12 00:43:45.401,0,train,41.81620489326469,0
normal,N0348,11655,39,50,2022-07-12 00:43:45.501,0,train,50.45232945625665,0
normal,N0348,11656,40,50,2022-07-12 00:43:45.601,0,train,66.5002831181954,0
normal,N0348,11657,41,50,2022-07-12 00:43:45.701,0,train,50.12425437541859,0
normal,N0348,11658,42,50,2022-07-12 00:43:45.801,0,train,46.781792406920445,0
normal,N0348,11659,43,50,2022-07-12 00:43:45.901,0,train,34.383155344953785,0
normal,N0348,11660,44,50,2022-07-12 00:43:46.001,0,train,40.44257436688763,0
normal,N0348,11661,45,50,2022-07-12 00:43:46.101,0,train,39.931908010377924,0
normal,N0348,11662,46,50,2022-07-12 00:43:46.201,0,train,51.71419579260464,0
normal,N0348,11663,47,50,2022-07-12 00:43:46.301,0,train,43.2797444130883,0
normal,N0348,11664,48,50,2022-07-12 00:43:46.401,0,train,70.31921481799749,0
normal,N0348,11665,49,50,2022-07-12 00:43:46.501,0,train,40.48483784529128,0
normal,N0349,11675,9,41,2022-07-12 00:43:50.246,0,train,22.4633357680755,0
normal,N0349,11676,10,41,2022-07-12 00:43:50.346,0,train,39.817982677653795,0
normal,N0349,11677,11,41,2022-07-12 00:43:50.446,0,train,30.454190730318402,0
normal,N0349,11678,12,41,2022-07-12 00:43:50.546,0,train,19.39517522581967,0
normal,N0349,11679,13,41,2022-07-12 00:43:50.646,0,train,20.186287458999747,0
normal,N0349,11680,14,41,2022-07-12 00:43:50.746,0,train,17.3383116781014,0
normal,N0349,11681,15,41,2022-07-12 00:43:50.846,0,train,18.032008069568388,0
normal,N0349,11682,16,41,2022-07-12 00:43:50.946,0,train,22.341383638562686,0
normal,N0349,11683,17,41,2022-07-12 00:43:51.046,0,train,23.53839885414408,0
normal,N0349,11684,18,41,2022-07-12 00:43:51.146,0,train,27.412249617408666,0
normal,N0349,11685,19,41,2022-07-12 00:43:51.246,0,train,25.493962623654227,0
normal,N0349,11686,20,41,2022-07-12 00:43:51.346,0,train,18.909518618998998,0
normal,N0349,11687,21,41,2022-07-12 00:43:51.446,0,train,35.74019044304796,0
normal,N0349,11688,22,41,2022-07-12 00:43:51.546,0,train,27.125809075402575,0
normal,N0349,11689,23,41,2022-07-12 00:43:51.646,0,train,23.316163552105888,0
normal,N0349,11690,24,41,2022-07-12 00:43:51.746,0,train,15.792964287622741,0
normal,N0349,11691,25,41,2022-07-12 00:43:51.846,0,train,18.066674243228874,0
normal,N0349,11692,26,41,2022-07-12 00:43:51.946,0,train,25.42569808366123,0
normal,N0349,11693,27,41,2022-07-12 00:43:52.046,0,train,42.53771989291489,0
normal,N0349,11694,28,41,2022-07-12 00:43:52.146,0,train,26.311405726817213,0
normal,N0349,11695,29,41,2022-07-12 00:43:52.246,0,train,25.76825617833714,0
normal,N0349,11696,30,41,2022-07-12 00:43:52.346,0,train,23.460557990449605,0
normal,N0349,11697,31,41,2022-07-12 00:43:52.446,0,train,29.451366519811973,0
normal,N0349,11698,32,41,2022-07-12 00:43:52.546,0,train,34.15564104663624,0
normal,N0349,11699,33,41,2022-07-12 00:43:52.646,0,train,33.26898383955358,0
normal,N0349,11700,34,41,2022-07-12 00:43:52.746,0,train,38.352605720023845,0
normal,N0349,11701,35,41,2022-07-12 00:43:52.846,0,train,33.71187600174651,0
normal,N0349,11702,36,41,2022-07-12 00:43:52.946,0,train,23.425366168667697,0
normal,N0349,11703,37,41,2022-07-12 00:43:53.046,0,train,17.621944304632574,0
normal,N0349,11704,38,41,2022-07-12 00:43:53.146,0,train,22.41922473929603,0
normal,N0349,11705,39,41,2022-07-12 00:43:53.246,0,train,22.052913386099075,0
normal,N0349,11706,40,41,2022-07-12 00:43:53.346,0,train,25.207604812479595,0
normal,N0350,11716,9,28,2022-07-12 00:43:58.168,0,train,45.86982936798625,0
normal,N0350,11717,10,28,2022-07-12 00:43:58.268,0,train,51.04994315156326,0
normal,N0350,11718,11,28,2022-07-12 00:43:58.368,0,train,37.284375025148236,0
normal,N0350,11719,12,28,2022-07-12 00:43:58.468,0,train,34.72572241497719,0
normal,N0350,11720,13,28,2022-07-12 00:43:58.568,0,train,48.351945410790194,0
normal,N0350,11721,14,28,2022-07-12 00:43:58.668,0,train,47.717590675389154,0
normal,N0350,11722,15,28,2022-07-12 00:43:58.768,0,train,51.029924572131705,0
normal,N0350,11723,16,28,2022-07-12 00:43:58.868,0,train,56.59042336146732,0
normal,N0350,11724,17,28,2022-07-12 00:43:58.968,0,train,51.579222228534604,0
normal,N0350,11725,18,28,2022-07-12 00:43:59.068,0,train,49.9481818402867,0
normal,N0350,11726,19,28,2022-07-12 00:43:59.168,0,train,37.30721599550284,0
normal,N0350,11727,20,28,2022-07-12 00:43:59.268,0,train,37.532752015674426,0
normal,N0350,11728,21,28,2022-07-12 00:43:59.368,0,train,48.161134044689845,0
normal,N0350,11729,22,28,2022-07-12 00:43:59.468,0,train,48.839719050431746,0
normal,N0350,11730,23,28,2022-07-12 00:43:59.568,0,train,59.64373113000556,0
normal,N0350,11731,24,28,2022-07-12 00:43:59.668,0,train,102.78503825234819,0
normal,N0350,11732,25,28,2022-07-12 00:43:59.768,0,train,50.775657895366635,0
normal,N0350,11733,26,28,2022-07-12 00:43:59.868,0,train,35.104274169879226,0
normal,N0350,11734,27,28,2022-07-12 00:43:59.968,0,train,25.64798509373577,0
normal,N0351,11744,9,18,2022-07-12 00:44:06.195,0,train,64.40526365679402,0
normal,N0351,11745,10,18,2022-07-12 00:44:06.295,0,train,96.23691577779766,0
normal,N0351,11746,11,18,2022-07-12 00:44:06.395,0,train,63.878865833101464,0
normal,N0351,11747,12,18,2022-07-12 00:44:06.495,0,train,49.64516556810282,0
normal,N0351,11748,13,18,2022-07-12 00:44:06.595,0,train,69.67119352678719,0
normal,N0351,11749,14,18,2022-07-12 00:44:06.695,0,train,54.35280220748206,0
normal,N0351,11750,15,18,2022-07-12 00:44:06.795,0,train,52.59375107648547,0
normal,N0351,11751,16,18,2022-07-12 00:44:06.895,0,train,60.12420248289347,0
normal,N0351,11752,17,18,2022-07-12 00:44:06.995,0,train,50.13809416147502,0
normal,N0353,11767,9,50,2022-07-12 00:44:16.384,0,train,141.54643242235224,0
normal,N0353,11768,10,50,2022-07-12 00:44:16.484,0,train,220.06183507244054,1
normal,N0353,11769,11,50,2022-07-12 00:44:16.584,0,train,107.94569863258393,0
normal,N0353,11770,12,50,2022-07-12 00:44:16.684,0,train,87.28468271187248,0
normal,N0353,11771,13,50,2022-07-12 00:44:16.784,0,train,86.41369700241046,0
normal,N0353,11772,14,50,2022-07-12 00:44:16.884,0,train,149.24313302871354,1
normal,N0353,11773,15,50,2022-07-12 00:44:16.984,0,train,94.5076646759427,0
normal,N0353,11774,16,50,2022-07-12 00:44:17.084,0,train,58.59218616198364,0
normal,N0353,11775,17,50,2022-07-12 00:44:17.184,0,train,43.12463873247712,0
normal,N0353,11776,18,50,2022-07-12 00:44:17.284,0,train,33.25170895993954,0
normal,N0353,11777,19,50,2022-07-12 00:44:17.384,0,train,32.10364790260351,0
normal,N0353,11778,20,50,2022-07-12 00:44:17.484,0,train,44.04096318236004,0
normal,N0353,11779,21,50,2022-07-12 00:44:17.584,0,train,41.76706821535971,0
normal,N0353,11780,22,50,2022-07-12 00:44:17.684,0,train,46.20991098703998,0
normal,N0353,11781,23,50,2022-07-12 00:44:17.784,0,train,44.067950310613476,0
normal,N0353,11782,24,50,2022-07-12 00:44:17.884,0,train,63.825929663486086,0
normal,N0353,11783,25,50,2022-07-12 00:44:17.984,0,train,50.590382454288886,0
normal,N0353,11784,26,50,2022-07-12 00:44:18.084,0,train,58.0980719880691,0
normal,N0353,11785,27,50,2022-07-12 00:44:18.184,0,train,58.408740713478856,0
normal,N0353,11786,28,50,2022-07-12 00:44:18.284,0,train,75.08562656085404,0
normal,N0353,11787,29,50,2022-07-12 00:44:18.384,0,train,56.57763379985158,0
normal,N0353,11788,30,50,2022-07-12 00:44:18.484,0,train,85.79149991856887,0
normal,N0353,11789,31,50,2022-07-12 00:44:18.584,0,train,83.97290754627033,0
normal,N0353,11790,32,50,2022-07-12 00:44:18.684,0,train,72.49260811493845,0
normal,N0353,11791,33,50,2022-07-12 00:44:18.784,0,train,55.152385745157794,0
normal,N0353,11792,34,50,2022-07-12 00:44:18.884,0,train,43.81462875654896,0
normal,N0353,11793,35,50,2022-07-12 00:44:18.984,0,train,40.518072048883035,0
normal,N0353,11794,36,50,2022-07-12 00:44:19.084,0,train,38.8238079017354,0
normal,N0353,11795,37,50,2022-07-12 00:44:19.184,0,train,39.645896519184724,0
normal,N0353,11796,38,50,2022-07-12 00:44:19.284,0,train,22.736200282713536,0
normal,N0353,11797,39,50,2022-07-12 00:44:19.384,0,train,29.59288164179941,0
normal,N0353,11798,40,50,2022-07-12 00:44:19.484,0,train,30.266448128447017,0
normal,N0353,11799,41,50,2022-07-12 00:44:19.584,0,train,27.07495872845118,0
normal,N0353,11800,42,50,2022-07-12 00:44:19.684,0,train,43.8257676081602,0
normal,N0353,11801,43,50,2022-07-12 00:44:19.784,0,train,40.425440584358235,0
normal,N0353,11802,44,50,2022-07-12 00:44:19.884,0,train,36.74182267452111,0
normal,N0353,11803,45,50,2022-07-12 00:44:19.984,0,train,38.359704809775096,0
normal,N0353,11804,46,50,2022-07-12 00:44:20.084,0,train,42.90479778873417,0
normal,N0353,11805,47,50,2022-07-12 00:44:20.184,0,train,41.58324364551016,0
normal,N0353,11806,48,50,2022-07-12 00:44:20.284,0,train,60.54715342477404,0
normal,N0353,11807,49,50,2022-07-12 00:44:20.384,0,train,66.37429463245601,0
normal,N0354,11817,9,50,2022-07-12 00:44:23.058,0,train,49.67334136301794,0
normal,N0354,11818,10,50,2022-07-12 00:44:23.158,0,train,48.172638417224235,0
normal,N0354,11819,11,50,2022-07-12 00:44:23.258,0,train,55.61110437977704,0
normal,N0354,11820,12,50,2022-07-12 00:44:23.358,0,train,60.54968125603179,0
normal,N0354,11821,13,50,2022-07-12 00:44:23.458,0,train,73.74416226295038,0
normal,N0354,11822,14,50,2022-07-12 00:44:23.558,0,train,55.005009251273236,0
normal,N0354,11823,15,50,2022-07-12 00:44:23.658,0,train,46.1007067440921,0
normal,N0354,11824,16,50,2022-07-12 00:44:23.758,0,train,56.42421467649676,0
normal,N0354,11825,17,50,2022-07-12 00:44:23.858,0,train,49.11143287440781,0
normal,N0354,11826,18,50,2022-07-12 00:44:23.958,0,train,50.53572213901136,0
normal,N0354,11827,19,50,2022-07-12 00:44:24.058,0,train,45.74259077921107,0
normal,N0354,11828,20,50,2022-07-12 00:44:24.158,0,train,48.577501449513875,0
normal,N0354,11829,21,50,2022-07-12 00:44:24.258,0,train,58.56365279587403,0
normal,N0354,11830,22,50,2022-07-12 00:44:24.358,0,train,41.805706636769244,0
normal,N0354,11831,23,50,2022-07-12 00:44:24.458,0,train,38.77917395571026,0
normal,N0354,11832,24,50,2022-07-12 00:44:24.558,0,train,47.89217860664213,0
normal,N0354,11833,25,50,2022-07-12 00:44:24.658,0,train,52.07031073546506,0
normal,N0354,11834,26,50,2022-07-12 00:44:24.758,0,train,52.806472658939185,0
normal,N0354,11835,27,50,2022-07-12 00:44:24.858,0,train,73.25365184957126,0
normal,N0354,11836,28,50,2022-07-12 00:44:24.958,0,train,60.40261708470896,0
normal,N0354,11837,29,50,2022-07-12 00:44:25.058,0,train,59.94893529222313,0
normal,N0354,11838,30,50,2022-07-12 00:44:25.158,0,train,54.93279273534709,0
normal,N0354,11839,31,50,2022-07-12 00:44:25.258,0,train,53.413729192219364,0
normal,N0354,11840,32,50,2022-07-12 00:44:25.358,0,train,41.474480969413,0
normal,N0354,11841,33,50,2022-07-12 00:44:25.458,0,train,46.3358109086886,0
normal,N0354,11842,34,50,2022-07-12 00:44:25.558,0,train,56.572273898897684,0
normal,N0354,11843,35,50,2022-07-12 00:44:25.658,0,train,47.6519769561711,0
normal,N0354,11844,36,50,2022-07-12 00:44:25.758,0,train,52.9370492226614,0
normal,N0354,11845,37,50,2022-07-12 00:44:25.858,0,train,50.87342727879284,0
normal,N0354,11846,38,50,2022-07-12 00:44:25.958,0,train,93.82844075613579,0
normal,N0354,11847,39,50,2022-07-12 00:44:26.058,0,train,61.492304836387156,0
normal,N0354,11848,40,50,2022-07-12 00:44:26.158,0,train,60.32528400088467,0
normal,N0354,11849,41,50,2022-07-12 00:44:26.258,0,train,72.84361315319667,0
normal,N0354,11850,42,50,2022-07-12 00:44:26.358,0,train,81.82479351948642,0
normal,N0354,11851,43,50,2022-07-12 00:44:26.458,0,train,55.051673725302074,0
normal,N0354,11852,44,50,2022-07-12 00:44:26.558,0,train,56.5221181980187,0
normal,N0354,11853,45,50,2022-07-12 00:44:26.658,0,train,64.50633095870597,0
normal,N0354,11854,46,50,2022-07-12 00:44:26.758,0,train,74.59087908901604,0
normal,N0354,11855,47,50,2022-07-12 00:44:26.858,0,train,54.46973472564456,0
normal,N0354,11856,48,50,2022-07-12 00:44:26.958,0,train,71.53743332436557,0
normal,N0354,11857,49,50,2022-07-12 00:44:27.058,0,train,91.24536560681892,0
normal,N0355,11867,9,46,2022-07-12 00:44:30.232,0,train,24.668203622697746,0
normal,N0355,11868,10,46,2022-07-12 00:44:30.332,0,train,25.24666992889907,0
normal,N0355,11869,11,46,2022-07-12 00:44:30.432,0,train,23.708950958808295,0
normal,N0355,11870,12,46,2022-07-12 00:44:30.532,0,train,19.639555339837564,0
normal,N0355,11871,13,46,2022-07-12 00:44:30.632,0,train,19.50278434397707,0
normal,N0355,11872,14,46,2022-07-12 00:44:30.732,0,train,17.468189207615875,0
normal,N0355,11873,15,46,2022-07-12 00:44:30.832,0,train,16.173943656876347,0
normal,N0355,11874,16,46,2022-07-12 00:44:30.932,0,train,16.87790137194849,0
normal,N0355,11875,17,46,2022-07-12 00:44:31.032,0,train,16.7921774733684,0
normal,N0355,11876,18,46,2022-07-12 00:44:31.132,0,train,17.606419865452267,0
normal,N0355,11877,19,46,2022-07-12 00:44:31.232,0,train,29.17233841952757,0
normal,N0355,11878,20,46,2022-07-12 00:44:31.332,0,train,26.71838046527688,0
normal,N0355,11879,21,46,2022-07-12 00:44:31.432,0,train,19.36613513756181,0
normal,N0355,11880,22,46,2022-07-12 00:44:31.532,0,train,24.75839115347115,0
normal,N0355,11881,23,46,2022-07-12 00:44:31.632,0,train,20.49753013750495,0
normal,N0355,11882,24,46,2022-07-12 00:44:31.732,0,train,31.644186043075187,0
normal,N0355,11883,25,46,2022-07-12 00:44:31.832,0,train,36.664840874155225,0
normal,N0355,11884,26,46,2022-07-12 00:44:31.932,0,train,37.41016387916643,0
normal,N0355,11885,27,46,2022-07-12 00:44:32.032,0,train,35.15502897513367,0
normal,N0355,11886,28,46,2022-07-12 00:44:32.132,0,train,28.988631402311995,0
normal,N0355,11887,29,46,2022-07-12 00:44:32.232,0,train,39.3034974161274,0
normal,N0355,11888,30,46,2022-07-12 00:44:32.332,0,train,33.233564848479325,0
normal,N0355,11889,31,46,2022-07-12 00:44:32.432,0,train,29.61139927621904,0
normal,N0355,11890,32,46,2022-07-12 00:44:32.532,0,train,27.88395241021102,0
normal,N0355,11891,33,46,2022-07-12 00:44:32.632,0,train,24.987884548597982,0
normal,N0355,11892,34,46,2022-07-12 00:44:32.732,0,train,26.3277202232595,0
normal,N0355,11893,35,46,2022-07-12 00:44:32.832,0,train,28.125761385447415,0
normal,N0355,11894,36,46,2022-07-12 00:44:32.932,0,train,31.165820805342264,0
normal,N0355,11895,37,46,2022-07-12 00:44:33.032,0,train,37.55797011930523,0
normal,N0355,11896,38,46,2022-07-12 00:44:33.132,0,train,33.8775045509853,0
normal,N0355,11897,39,46,2022-07-12 00:44:33.232,0,train,23.718077199901273,0
normal,N0355,11898,40,46,2022-07-12 00:44:33.332,0,train,17.53946528712053,0
normal,N0355,11899,41,46,2022-07-12 00:44:33.432,0,train,27.660375064914685,0
normal,N0355,11900,42,46,2022-07-12 00:44:33.532,0,train,29.753235252375436,0
normal,N0355,11901,43,46,2022-07-12 00:44:33.632,0,train,38.130749354029206,0
normal,N0355,11902,44,46,2022-07-12 00:44:33.732,0,train,47.79838044473786,0
normal,N0355,11903,45,46,2022-07-12 00:44:33.832,0,train,29.289413676952304,0
normal,N0356,11913,9,32,2022-07-12 00:44:38.212,0,train,57.584030715289096,0
normal,N0356,11914,10,32,2022-07-12 00:44:38.312,0,train,61.086124195961546,0
normal,N0356,11915,11,32,2022-07-12 00:44:38.412,0,train,51.964809418091846,0
normal,N0356,11916,12,32,2022-07-12 00:44:38.512,0,train,42.119353834237074,0
normal,N0356,11917,13,32,2022-07-12 00:44:38.612,0,train,60.40608644678191,0
normal,N0356,11918,14,32,2022-07-12 00:44:38.712,0,train,47.65128281528361,0
normal,N0356,11919,15,32,2022-07-12 00:44:38.812,0,train,45.60705391637972,0
normal,N0356,11920,16,32,2022-07-12 00:44:38.912,0,train,45.034522143449514,0
normal,N0356,11921,17,32,2022-07-12 00:44:39.012,0,train,57.69680134805055,0
normal,N0356,11922,18,32,2022-07-12 00:44:39.112,0,train,44.95607852522906,0
normal,N0356,11923,19,32,2022-07-12 00:44:39.212,0,train,42.30211697907356,0
normal,N0356,11924,20,32,2022-07-12 00:44:39.312,0,train,53.29927541358108,0
normal,N0356,11925,21,32,2022-07-12 00:44:39.412,0,train,64.10430254087794,0
normal,N0356,11926,22,32,2022-07-12 00:44:39.512,0,train,63.64494746938585,0
normal,N0356,11927,23,32,2022-07-12 00:44:39.612,0,train,75.1430642353206,0
normal,N0356,11928,24,32,2022-07-12 00:44:39.712,0,train,78.32198520321091,0
normal,N0356,11929,25,32,2022-07-12 00:44:39.812,0,train,49.39153163431364,0
normal,N0356,11930,26,32,2022-07-12 00:44:39.912,0,train,42.76953654572951,0
normal,N0356,11931,27,32,2022-07-12 00:44:40.012,0,train,49.940909764324935,0
normal,N0356,11932,28,32,2022-07-12 00:44:40.112,0,train,46.23343322112038,0
normal,N0356,11933,29,32,2022-07-12 00:44:40.212,0,train,53.59144473381711,0
normal,N0356,11934,30,32,2022-07-12 00:44:40.312,0,train,63.13620964929234,0
normal,N0356,11935,31,32,2022-07-12 00:44:40.412,0,train,49.81856062983595,0
normal,N0359,11972,9,50,2022-07-12 00:45:03.256,0,train,178.7817817037215,1
normal,N0359,11973,10,50,2022-07-12 00:45:03.356,0,train,151.96810115022788,1
normal,N0359,11974,11,50,2022-07-12 00:45:03.456,0,train,120.25087566037492,0
normal,N0359,11975,12,50,2022-07-12 00:45:03.556,0,train,146.12732190392038,1
normal,N0359,11976,13,50,2022-07-12 00:45:03.656,0,train,130.73501712876813,0
normal,N0359,11977,14,50,2022-07-12 00:45:03.756,0,train,176.9491992219393,1
normal,N0359,11978,15,50,2022-07-12 00:45:03.856,0,train,74.75642109809395,0
normal,N0359,11979,16,50,2022-07-12 00:45:03.956,0,train,54.80659093139368,0
normal,N0359,11980,17,50,2022-07-12 00:45:04.056,0,train,56.325236693808684,0
normal,N0359,11981,18,50,2022-07-12 00:45:04.156,0,train,45.979003919563844,0
normal,N0359,11982,19,50,2022-07-12 00:45:04.256,0,train,49.11406661934231,0
normal,N0359,11983,20,50,2022-07-12 00:45:04.356,0,train,45.807548039870895,0
normal,N0359,11984,21,50,2022-07-12 00:45:04.456,0,train,60.15604691813676,0
normal,N0359,11985,22,50,2022-07-12 00:45:04.556,0,train,78.9863846199327,0
normal,N0359,11986,23,50,2022-07-12 00:45:04.656,0,train,55.114098035272946,0
normal,N0359,11987,24,50,2022-07-12 00:45:04.756,0,train,40.21354692156333,0
normal,N0359,11988,25,50,2022-07-12 00:45:04.856,0,train,47.80440102238888,0
normal,N0359,11989,26,50,2022-07-12 00:45:04.956,0,train,28.5956804076332,0
normal,N0359,11990,27,50,2022-07-12 00:45:05.056,0,train,28.094734415988885,0
normal,N0359,11991,28,50,2022-07-12 00:45:05.156,0,train,47.03576496194085,0
normal,N0359,11992,29,50,2022-07-12 00:45:05.256,0,train,69.08905305772572,0
normal,N0359,11993,30,50,2022-07-12 00:45:05.356,0,train,69.3479434914676,0
normal,N0359,11994,31,50,2022-07-12 00:45:05.456,0,train,46.670741161386694,0
normal,N0359,11995,32,50,2022-07-12 00:45:05.556,0,train,51.68232404655908,0
normal,N0359,11996,33,50,2022-07-12 00:45:05.656,0,train,64.25104212602429,0
normal,N0359,11997,34,50,2022-07-12 00:45:05.756,0,train,60.88934731639012,0
normal,N0359,11998,35,50,2022-07-12 00:45:05.856,0,train,81.71624115572794,0
normal,N0359,11999,36,50,2022-07-12 00:45:05.956,0,train,63.96259463257313,0
normal,N0359,12000,37,50,2022-07-12 00:45:06.056,0,train,75.87843989743297,0
normal,N0359,12001,38,50,2022-07-12 00:45:06.156,0,train,97.70613845377956,0
normal,N0359,12002,39,50,2022-07-12 00:45:06.256,0,train,53.1631689383249,0
normal,N0359,12003,40,50,2022-07-12 00:45:06.356,0,train,49.180287118979045,0
normal,N0359,12004,41,50,2022-07-12 00:45:06.456,0,train,39.54246941982224,0
normal,N0359,12005,42,50,2022-07-12 00:45:06.556,0,train,35.2813863182294,0
normal,N0359,12006,43,50,2022-07-12 00:45:06.656,0,train,31.81873329775962,0
normal,N0359,12007,44,50,2022-07-12 00:45:06.756,0,train,29.18909879797351,0
normal,N0359,12008,45,50,2022-07-12 00:45:06.856,0,train,41.478906078913866,0
normal,N0359,12009,46,50,2022-07-12 00:45:06.956,0,train,49.399488090702704,0
normal,N0359,12010,47,50,2022-07-12 00:45:07.056,0,train,32.092142418763466,0
normal,N0359,12011,48,50,2022-07-12 00:45:07.156,0,train,42.59932647110771,0
normal,N0359,12012,49,50,2022-07-12 00:45:07.256,0,train,33.45068485996179,0
normal,N0360,12022,9,50,2022-07-12 00:45:11.340,0,train,25.53055778463684,0
normal,N0360,12023,10,50,2022-07-12 00:45:11.440,0,train,43.02340001468977,0
normal,N0360,12024,11,50,2022-07-12 00:45:11.540,0,train,42.67243422782085,0
normal,N0360,12025,12,50,2022-07-12 00:45:11.640,0,train,45.026277111513906,0
normal,N0360,12026,13,50,2022-07-12 00:45:11.740,0,train,78.93908154045572,0
normal,N0360,12027,14,50,2022-07-12 00:45:11.840,0,train,40.85231218851211,0
normal,N0360,12028,15,50,2022-07-12 00:45:11.940,0,train,55.42823921384501,0
normal,N0360,12029,16,50,2022-07-12 00:45:12.040,0,train,37.28166823590515,0
normal,N0360,12030,17,50,2022-07-12 00:45:12.140,0,train,25.053789209082822,0
normal,N0360,12031,18,50,2022-07-12 00:45:12.240,0,train,29.978914987985252,0
normal,N0360,12032,19,50,2022-07-12 00:45:12.340,0,train,43.277744074170336,0
normal,N0360,12033,20,50,2022-07-12 00:45:12.440,0,train,36.987136546302786,0
normal,N0360,12034,21,50,2022-07-12 00:45:12.540,0,train,34.58199071703105,0
normal,N0360,12035,22,50,2022-07-12 00:45:12.640,0,train,29.173378695447735,0
normal,N0360,12036,23,50,2022-07-12 00:45:12.740,0,train,42.6255849070993,0
normal,N0360,12037,24,50,2022-07-12 00:45:12.840,0,train,32.69742849557762,0
normal,N0360,12038,25,50,2022-07-12 00:45:12.940,0,train,22.370202105213618,0
normal,N0360,12039,26,50,2022-07-12 00:45:13.040,0,train,43.368382695515834,0
normal,N0360,12040,27,50,2022-07-12 00:45:13.140,0,train,37.25763138867973,0
normal,N0360,12041,28,50,2022-07-12 00:45:13.240,0,train,106.5081648015662,0
normal,N0360,12042,29,50,2022-07-12 00:45:13.340,0,train,112.29226059342639,0
normal,N0360,12043,30,50,2022-07-12 00:45:13.440,0,train,56.54678921236387,0
normal,N0360,12044,31,50,2022-07-12 00:45:13.540,0,train,91.54963624010051,0
normal,N0360,12045,32,50,2022-07-12 00:45:13.640,0,train,75.81237730320636,0
normal,N0360,12046,33,50,2022-07-12 00:45:13.740,0,train,57.29089397945085,0
normal,N0360,12047,34,50,2022-07-12 00:45:13.840,0,train,59.20049309903385,0
normal,N0360,12048,35,50,2022-07-12 00:45:13.940,0,train,53.22032988455768,0
normal,N0360,12049,36,50,2022-07-12 00:45:14.040,0,train,55.24763143175979,0
normal,N0360,12050,37,50,2022-07-12 00:45:14.140,0,train,52.05836718891725,0
normal,N0360,12051,38,50,2022-07-12 00:45:14.240,0,train,44.14035036514857,0
normal,N0360,12052,39,50,2022-07-12 00:45:14.340,0,train,46.886454351383534,0
normal,N0360,12053,40,50,2022-07-12 00:45:14.440,0,train,45.583823805257886,0
normal,N0360,12054,41,50,2022-07-12 00:45:14.540,0,train,42.02507578589377,0
normal,N0360,12055,42,50,2022-07-12 00:45:14.640,0,train,37.01434681763004,0
normal,N0360,12056,43,50,2022-07-12 00:45:14.740,0,train,33.03526344015136,0
normal,N0360,12057,44,50,2022-07-12 00:45:14.840,0,train,41.645197743245596,0
normal,N0360,12058,45,50,2022-07-12 00:45:14.940,0,train,53.97450717572038,0
normal,N0360,12059,46,50,2022-07-12 00:45:15.040,0,train,54.06975394183305,0
normal,N0360,12060,47,50,2022-07-12 00:45:15.140,0,train,55.77316321282637,0
normal,N0360,12061,48,50,2022-07-12 00:45:15.240,0,train,106.63108992463474,0
normal,N0360,12062,49,50,2022-07-12 00:45:15.340,0,train,78.86608399613363,0
normal,N0361,12072,9,50,2022-07-12 00:45:18.144,0,train,74.84646118966774,0
normal,N0361,12073,10,50,2022-07-12 00:45:18.244,0,train,69.1623640257922,0
normal,N0361,12074,11,50,2022-07-12 00:45:18.344,0,train,69.29688751059528,0
normal,N0361,12075,12,50,2022-07-12 00:45:18.444,0,train,60.35995674083566,0
normal,N0361,12076,13,50,2022-07-12 00:45:18.544,0,train,81.22667428751856,0
normal,N0361,12077,14,50,2022-07-12 00:45:18.644,0,train,65.87679456530655,0
normal,N0361,12078,15,50,2022-07-12 00:45:18.744,0,train,76.04085197934486,0
normal,N0361,12079,16,50,2022-07-12 00:45:18.844,0,train,50.278466189822794,0
normal,N0361,12080,17,50,2022-07-12 00:45:18.944,0,train,42.314766933911365,0
normal,N0361,12081,18,50,2022-07-12 00:45:19.044,0,train,49.67731783884508,0
normal,N0361,12082,19,50,2022-07-12 00:45:19.144,0,train,57.1003929568162,0
normal,N0361,12083,20,50,2022-07-12 00:45:19.244,0,train,35.99080193596469,0
normal,N0361,12084,21,50,2022-07-12 00:45:19.344,0,train,43.511098500876884,0
normal,N0361,12085,22,50,2022-07-12 00:45:19.444,0,train,52.08744144565687,0
normal,N0361,12086,23,50,2022-07-12 00:45:19.544,0,train,52.40537262508202,0
normal,N0361,12087,24,50,2022-07-12 00:45:19.644,0,train,71.85519831616686,0
normal,N0361,12088,25,50,2022-07-12 00:45:19.744,0,train,44.86332597475765,0
normal,N0361,12089,26,50,2022-07-12 00:45:19.844,0,train,50.845112050427986,0
normal,N0361,12090,27,50,2022-07-12 00:45:19.944,0,train,49.10479063593636,0
normal,N0361,12091,28,50,2022-07-12 00:45:20.044,0,train,38.44227331525141,0
normal,N0361,12092,29,50,2022-07-12 00:45:20.144,0,train,33.67212515791754,0
normal,N0361,12093,30,50,2022-07-12 00:45:20.244,0,train,40.03983109159513,0
normal,N0361,12094,31,50,2022-07-12 00:45:20.344,0,train,65.62142580146539,0
normal,N0361,12095,32,50,2022-07-12 00:45:20.444,0,train,85.11936291025688,0
normal,N0361,12096,33,50,2022-07-12 00:45:20.544,0,train,47.760814420010476,0
normal,N0361,12097,34,50,2022-07-12 00:45:20.644,0,train,40.75015825396052,0
normal,N0361,12098,35,50,2022-07-12 00:45:20.744,0,train,41.29077745099416,0
normal,N0361,12099,36,50,2022-07-12 00:45:20.844,0,train,58.908623556875085,0
normal,N0361,12100,37,50,2022-07-12 00:45:20.944,0,train,56.14486102112209,0
normal,N0361,12101,38,50,2022-07-12 00:45:21.044,0,train,54.99571460589293,0
normal,N0361,12102,39,50,2022-07-12 00:45:21.144,0,train,55.57962538895266,0
normal,N0361,12103,40,50,2022-07-12 00:45:21.244,0,train,90.67328858563864,0
normal,N0361,12104,41,50,2022-07-12 00:45:21.344,0,train,61.575355318843,0
normal,N0361,12105,42,50,2022-07-12 00:45:21.444,0,train,70.97286166672176,0
normal,N0361,12106,43,50,2022-07-12 00:45:21.544,0,train,63.40810921484235,0
normal,N0361,12107,44,50,2022-07-12 00:45:21.644,0,train,74.7252438997658,0
normal,N0361,12108,45,50,2022-07-12 00:45:21.744,0,train,57.94620917975824,0
normal,N0361,12109,46,50,2022-07-12 00:45:21.844,0,train,57.90573433218471,0
normal,N0361,12110,47,50,2022-07-12 00:45:21.944,0,train,53.76460398839442,0
normal,N0361,12111,48,50,2022-07-12 00:45:22.044,0,train,65.75134132514282,0
normal,N0361,12112,49,50,2022-07-12 00:45:22.144,0,train,84.97905548665561,0
normal,N0363,12156,9,21,2022-07-12 00:45:34.252,0,train,38.19380554670311,0
normal,N0363,12157,10,21,2022-07-12 00:45:34.352,0,train,41.523883012652995,0
normal,N0363,12158,11,21,2022-07-12 00:45:34.452,0,train,56.016928329364305,0
normal,N0363,12159,12,21,2022-07-12 00:45:34.552,0,train,42.216367008347035,0
normal,N0363,12160,13,21,2022-07-12 00:45:34.652,0,train,34.108061338274965,0
normal,N0363,12161,14,21,2022-07-12 00:45:34.752,0,train,47.756549543552985,0
normal,N0363,12162,15,21,2022-07-12 00:45:34.852,0,train,42.11245218872094,0
normal,N0363,12163,16,21,2022-07-12 00:45:34.952,0,train,48.41418273857635,0
normal,N0363,12164,17,21,2022-07-12 00:45:35.052,0,train,36.665294662303005,0
normal,N0363,12165,18,21,2022-07-12 00:45:35.152,0,train,50.91298393603609,0
normal,N0363,12166,19,21,2022-07-12 00:45:35.252,0,train,62.52454885872757,0
normal,N0363,12167,20,21,2022-07-12 00:45:35.352,0,train,50.45502677273192,0
normal,N0365,12186,9,50,2022-07-12 00:45:51.792,0,train,64.74660728485198,0
normal,N0365,12187,10,50,2022-07-12 00:45:51.892,0,train,53.95837602641748,0
normal,N0365,12188,11,50,2022-07-12 00:45:51.992,0,train,48.28304746213224,0
normal,N0365,12189,12,50,2022-07-12 00:45:52.092,0,train,43.349117294151775,0
normal,N0365,12190,13,50,2022-07-12 00:45:52.192,0,train,55.57025757645321,0
normal,N0365,12191,14,50,2022-07-12 00:45:52.292,0,train,31.034683395934223,0
normal,N0365,12192,15,50,2022-07-12 00:45:52.392,0,train,46.0512677358372,0
normal,N0365,12193,16,50,2022-07-12 00:45:52.492,0,train,40.91170320385218,0
normal,N0365,12194,17,50,2022-07-12 00:45:52.592,0,train,41.82559945263052,0
normal,N0365,12195,18,50,2022-07-12 00:45:52.692,0,train,55.21819574239574,0
normal,N0365,12196,19,50,2022-07-12 00:45:52.792,0,train,70.17961509673336,0
normal,N0365,12197,20,50,2022-07-12 00:45:52.892,0,train,62.98953665401508,0
normal,N0365,12198,21,50,2022-07-12 00:45:52.992,0,train,50.60201974898715,0
normal,N0365,12199,22,50,2022-07-12 00:45:53.092,0,train,65.52855573514593,0
normal,N0365,12200,23,50,2022-07-12 00:45:53.192,0,train,57.0406096864764,0
normal,N0365,12201,24,50,2022-07-12 00:45:53.292,0,train,93.98234881079169,0
normal,N0365,12202,25,50,2022-07-12 00:45:53.392,0,train,76.50018881340891,0
normal,N0365,12203,26,50,2022-07-12 00:45:53.492,0,train,77.46219706640055,0
normal,N0365,12204,27,50,2022-07-12 00:45:53.592,0,train,64.77803609486295,0
normal,N0365,12205,28,50,2022-07-12 00:45:53.692,0,train,66.99387287313385,0
normal,N0365,12206,29,50,2022-07-12 00:45:53.792,0,train,65.40635989461401,0
normal,N0365,12207,30,50,2022-07-12 00:45:53.892,0,train,61.45036292590735,0
normal,N0365,12208,31,50,2022-07-12 00:45:53.992,0,train,58.235672838992706,0
normal,N0365,12209,32,50,2022-07-12 00:45:54.092,0,train,67.35741629937746,0
normal,N0365,12210,33,50,2022-07-12 00:45:54.192,0,train,110.21853313339986,0
normal,N0365,12211,34,50,2022-07-12 00:45:54.292,0,train,86.33058332421098,0
normal,N0365,12212,35,50,2022-07-12 00:45:54.392,0,train,52.528637244919175,0
normal,N0365,12213,36,50,2022-07-12 00:45:54.492,0,train,50.745451915355765,0
normal,N0365,12214,37,50,2022-07-12 00:45:54.592,0,train,35.859658162012806,0
normal,N0365,12215,38,50,2022-07-12 00:45:54.692,0,train,40.32112139745785,0
normal,N0365,12216,39,50,2022-07-12 00:45:54.792,0,train,29.311479912144645,0
normal,N0365,12217,40,50,2022-07-12 00:45:54.892,0,train,37.57829634125386,0
normal,N0365,12218,41,50,2022-07-12 00:45:54.992,0,train,47.682945670796165,0
normal,N0365,12219,42,50,2022-07-12 00:45:55.092,0,train,44.55622632127472,0
normal,N0365,12220,43,50,2022-07-12 00:45:55.192,0,train,45.866319582705046,0
normal,N0365,12221,44,50,2022-07-12 00:45:55.292,0,train,39.73717248263276,0
normal,N0365,12222,45,50,2022-07-12 00:45:55.392,0,train,43.13185074914076,0
normal,N0365,12223,46,50,2022-07-12 00:45:55.492,0,train,40.78852332788363,0
normal,N0365,12224,47,50,2022-07-12 00:45:55.592,0,train,34.05921421780901,0
normal,N0365,12225,48,50,2022-07-12 00:45:55.692,0,train,35.050450530217034,0
normal,N0365,12226,49,50,2022-07-12 00:45:55.792,0,train,23.384002155352707,0
normal,N0366,12236,9,50,2022-07-12 00:45:58.461,0,train,96.66226760623337,0
normal,N0366,12237,10,50,2022-07-12 00:45:58.561,0,train,94.77096292748128,0
normal,N0366,12238,11,50,2022-07-12 00:45:58.661,0,train,92.53039506245143,0
normal,N0366,12239,12,50,2022-07-12 00:45:58.761,0,train,89.52852114431583,0
normal,N0366,12240,13,50,2022-07-12 00:45:58.861,0,train,137.63834878016246,0
normal,N0366,12241,14,50,2022-07-12 00:45:58.961,0,train,116.62278522772387,0
normal,N0366,12242,15,50,2022-07-12 00:45:59.061,0,train,104.25954768282195,0
normal,N0366,12243,16,50,2022-07-12 00:45:59.161,0,train,171.19953573151506,1
normal,N0366,12244,17,50,2022-07-12 00:45:59.261,0,train,90.72738340816095,0
normal,N0366,12245,18,50,2022-07-12 00:45:59.361,0,train,112.97188272781477,0
normal,N0366,12246,19,50,2022-07-12 00:45:59.461,0,train,70.21846851122675,0
normal,N0366,12247,20,50,2022-07-12 00:45:59.561,0,train,81.10992645021724,0
normal,N0366,12248,21,50,2022-07-12 00:45:59.661,0,train,91.0420192868911,0
normal,N0366,12249,22,50,2022-07-12 00:45:59.761,0,train,72.30392580594464,0
normal,N0366,12250,23,50,2022-07-12 00:45:59.861,0,train,59.44544672625805,0
normal,N0366,12251,24,50,2022-07-12 00:45:59.961,0,train,42.751858275093724,0
normal,N0366,12252,25,50,2022-07-12 00:46:00.061,0,train,43.158082242400425,0
normal,N0366,12253,26,50,2022-07-12 00:46:00.161,0,train,54.73383790943001,0
normal,N0366,12254,27,50,2022-07-12 00:46:00.261,0,train,47.59572699331192,0
normal,N0366,12255,28,50,2022-07-12 00:46:00.361,0,train,41.131628982410675,0
normal,N0366,12256,29,50,2022-07-12 00:46:00.461,0,train,43.55612709711045,0
normal,N0366,12257,30,50,2022-07-12 00:46:00.561,0,train,37.8651730680462,0
normal,N0366,12258,31,50,2022-07-12 00:46:00.661,0,train,30.289474724210024,0
normal,N0366,12259,32,50,2022-07-12 00:46:00.761,0,train,36.54290313155032,0
normal,N0366,12260,33,50,2022-07-12 00:46:00.861,0,train,51.29693435821314,0
normal,N0366,12261,34,50,2022-07-12 00:46:00.961,0,train,46.33828886001057,0
normal,N0366,12262,35,50,2022-07-12 00:46:01.061,0,train,26.646847296177633,0
normal,N0366,12263,36,50,2022-07-12 00:46:01.161,0,train,32.42951935942277,0
normal,N0366,12264,37,50,2022-07-12 00:46:01.261,0,train,45.12270292898611,0
normal,N0366,12265,38,50,2022-07-12 00:46:01.361,0,train,60.34718021162033,0
normal,N0366,12266,39,50,2022-07-12 00:46:01.461,0,train,39.52418255562273,0
normal,N0366,12267,40,50,2022-07-12 00:46:01.561,0,train,30.616311893272997,0
normal,N0366,12268,41,50,2022-07-12 00:46:01.661,0,train,28.901464339540038,0
normal,N0366,12269,42,50,2022-07-12 00:46:01.761,0,train,30.59544835681115,0
normal,N0366,12270,43,50,2022-07-12 00:46:01.861,0,train,39.90473899316357,0
normal,N0366,12271,44,50,2022-07-12 00:46:01.961,0,train,35.92933369234712,0
normal,N0366,12272,45,50,2022-07-12 00:46:02.061,0,train,33.47578275436168,0
normal,N0366,12273,46,50,2022-07-12 00:46:02.161,0,train,52.807828273109706,0
normal,N0366,12274,47,50,2022-07-12 00:46:02.261,0,train,57.32459279394134,0
normal,N0366,12275,48,50,2022-07-12 00:46:02.361,0,train,41.50219553744967,0
normal,N0366,12276,49,50,2022-07-12 00:46:02.461,0,train,38.86196733964431,0
normal,N0368,12323,9,27,2022-07-12 00:46:14.385,0,train,41.28092598128804,0
normal,N0368,12324,10,27,2022-07-12 00:46:14.485,0,train,61.82456543724917,0
normal,N0368,12325,11,27,2022-07-12 00:46:14.585,0,train,53.22259402539155,0
normal,N0368,12326,12,27,2022-07-12 00:46:14.685,0,train,43.22404036996837,0
normal,N0368,12327,13,27,2022-07-12 00:46:14.785,0,train,54.02814044150355,0
normal,N0368,12328,14,27,2022-07-12 00:46:14.885,0,train,50.62274867467501,0
normal,N0368,12329,15,27,2022-07-12 00:46:14.985,0,train,75.6893416410291,0
normal,N0368,12330,16,27,2022-07-12 00:46:15.085,0,train,85.30663065913062,0
normal,N0368,12331,17,27,2022-07-12 00:46:15.185,0,train,90.6456797262793,0
normal,N0368,12332,18,27,2022-07-12 00:46:15.285,0,train,126.90035587018662,0
normal,N0368,12333,19,27,2022-07-12 00:46:15.385,0,train,83.88016080074709,0
normal,N0368,12334,20,27,2022-07-12 00:46:15.485,0,train,92.70105470222002,0
normal,N0368,12335,21,27,2022-07-12 00:46:15.585,0,train,82.14901653388861,0
normal,N0368,12336,22,27,2022-07-12 00:46:15.685,0,train,77.84380695181038,0
normal,N0368,12337,23,27,2022-07-12 00:46:15.785,0,train,124.56074413225133,0
normal,N0368,12338,24,27,2022-07-12 00:46:15.885,0,train,113.49998999945917,0
normal,N0368,12339,25,27,2022-07-12 00:46:15.985,0,train,121.22722300290347,0
normal,N0368,12340,26,27,2022-07-12 00:46:16.085,0,train,93.2173774565929,0
normal,N0369,12350,9,15,2022-07-12 00:46:22.324,0,train,67.48837630025976,0
normal,N0369,12351,10,15,2022-07-12 00:46:22.424,0,train,72.36072941344973,0
normal,N0369,12352,11,15,2022-07-12 00:46:22.524,0,train,65.20164958475154,0
normal,N0369,12353,12,15,2022-07-12 00:46:22.624,0,train,54.20629995875401,0
normal,N0369,12354,13,15,2022-07-12 00:46:22.724,0,train,56.66326042034219,0
normal,N0369,12355,14,15,2022-07-12 00:46:22.824,0,train,85.92899537081372,0
normal,N0371,12366,9,50,2022-07-12 00:46:32.484,0,train,75.08053321335176,0
normal,N0371,12367,10,50,2022-07-12 00:46:32.584,0,train,58.0058730731972,0
normal,N0371,12368,11,50,2022-07-12 00:46:32.684,0,train,59.946722336364616,0
normal,N0371,12369,12,50,2022-07-12 00:46:32.784,0,train,53.22894562146951,0
normal,N0371,12370,13,50,2022-07-12 00:46:32.884,0,train,47.38647957228767,0
normal,N0371,12371,14,50,2022-07-12 00:46:32.984,0,train,75.60324706263143,0
normal,N0371,12372,15,50,2022-07-12 00:46:33.084,0,train,51.29536876848586,0
normal,N0371,12373,16,50,2022-07-12 00:46:33.184,0,train,48.77217779284073,0
normal,N0371,12374,17,50,2022-07-12 00:46:33.284,0,train,49.12655695776476,0
normal,N0371,12375,18,50,2022-07-12 00:46:33.384,0,train,53.46052995369294,0
normal,N0371,12376,19,50,2022-07-12 00:46:33.484,0,train,40.128694934299915,0
normal,N0371,12377,20,50,2022-07-12 00:46:33.584,0,train,38.15428888737802,0
normal,N0371,12378,21,50,2022-07-12 00:46:33.684,0,train,70.96706593574085,0
normal,N0371,12379,22,50,2022-07-12 00:46:33.784,0,train,93.76157799960228,0
normal,N0371,12380,23,50,2022-07-12 00:46:33.884,0,train,127.28926272385058,0
normal,N0371,12381,24,50,2022-07-12 00:46:33.984,0,train,274.41392464433403,1
normal,N0371,12382,25,50,2022-07-12 00:46:34.084,0,train,188.3029203675468,1
normal,N0371,12383,26,50,2022-07-12 00:46:34.184,0,train,106.74152422363426,0
normal,N0371,12384,27,50,2022-07-12 00:46:34.284,0,train,97.18136539791533,0
normal,N0371,12385,28,50,2022-07-12 00:46:34.384,0,train,93.3911181046562,0
normal,N0371,12386,29,50,2022-07-12 00:46:34.484,0,train,55.35322137901187,0
normal,N0371,12387,30,50,2022-07-12 00:46:34.584,0,train,56.10204598186007,0
normal,N0371,12388,31,50,2022-07-12 00:46:34.684,0,train,31.082077904058227,0
normal,N0371,12389,32,50,2022-07-12 00:46:34.784,0,train,29.978231945613377,0
normal,N0371,12390,33,50,2022-07-12 00:46:34.884,0,train,36.21309497649718,0
normal,N0371,12391,34,50,2022-07-12 00:46:34.984,0,train,43.08278403243164,0
normal,N0371,12392,35,50,2022-07-12 00:46:35.084,0,train,35.988079432528494,0
normal,N0371,12393,36,50,2022-07-12 00:46:35.184,0,train,44.52260614767252,0
normal,N0371,12394,37,50,2022-07-12 00:46:35.284,0,train,48.903759110841065,0
normal,N0371,12395,38,50,2022-07-12 00:46:35.384,0,train,82.50200248645315,0
normal,N0371,12396,39,50,2022-07-12 00:46:35.484,0,train,83.3774307136246,0
normal,N0371,12397,40,50,2022-07-12 00:46:35.584,0,train,134.18739589536574,0
normal,N0371,12398,41,50,2022-07-12 00:46:35.684,0,train,81.29233456932027,0
normal,N0371,12399,42,50,2022-07-12 00:46:35.784,0,train,76.66204882183953,0
normal,N0371,12400,43,50,2022-07-12 00:46:35.884,0,train,203.76607372268765,1
normal,N0371,12401,44,50,2022-07-12 00:46:35.984,0,train,89.91924102529292,0
normal,N0371,12402,45,50,2022-07-12 00:46:36.084,0,train,81.49628615831212,0
normal,N0371,12403,46,50,2022-07-12 00:46:36.184,0,train,72.49773986789417,0
normal,N0371,12404,47,50,2022-07-12 00:46:36.284,0,train,61.31727946082919,0
normal,N0371,12405,48,50,2022-07-12 00:46:36.384,0,train,73.86860755744155,0
normal,N0371,12406,49,50,2022-07-12 00:46:36.484,0,train,49.97529744542508,0
normal,N0373,12466,9,43,2022-07-12 00:46:46.558,0,train,30.623417293429462,0
normal,N0373,12467,10,43,2022-07-12 00:46:46.658,0,train,37.65361685417656,0
normal,N0373,12468,11,43,2022-07-12 00:46:46.758,0,train,26.90952815567219,0
normal,N0373,12469,12,43,2022-07-12 00:46:46.858,0,train,24.826170509416393,0
normal,N0373,12470,13,43,2022-07-12 00:46:46.958,0,train,70.19040339810998,0
normal,N0373,12471,14,43,2022-07-12 00:46:47.058,0,train,39.53530441180036,0
normal,N0373,12472,15,43,2022-07-12 00:46:47.158,0,train,49.689855133381826,0
normal,N0373,12473,16,43,2022-07-12 00:46:47.258,0,train,94.76507632048572,0
normal,N0373,12474,17,43,2022-07-12 00:46:47.358,0,train,53.96841139171931,0
normal,N0373,12475,18,43,2022-07-12 00:46:47.458,0,train,33.702948547762595,0
normal,N0373,12476,19,43,2022-07-12 00:46:47.558,0,train,34.305952303838424,0
normal,N0373,12477,20,43,2022-07-12 00:46:47.658,0,train,31.617519593737065,0
normal,N0373,12478,21,43,2022-07-12 00:46:47.758,0,train,37.61018462898273,0
normal,N0373,12479,22,43,2022-07-12 00:46:47.858,0,train,30.868875129262,0
normal,N0373,12480,23,43,2022-07-12 00:46:47.958,0,train,28.047616503158043,0
normal,N0373,12481,24,43,2022-07-12 00:46:48.058,0,train,31.886990104729026,0
normal,N0373,12482,25,43,2022-07-12 00:46:48.158,0,train,45.3088275606032,0
normal,N0373,12483,26,43,2022-07-12 00:46:48.258,0,train,32.67127561940497,0
normal,N0373,12484,27,43,2022-07-12 00:46:48.358,0,train,33.007010608433745,0
normal,N0373,12485,28,43,2022-07-12 00:46:48.458,0,train,40.38265265216693,0
normal,N0373,12486,29,43,2022-07-12 00:46:48.558,0,train,55.718996234805736,0
normal,N0373,12487,30,43,2022-07-12 00:46:48.658,0,train,58.19450656841657,0
normal,N0373,12488,31,43,2022-07-12 00:46:48.758,0,train,53.67802908629436,0
normal,N0373,12489,32,43,2022-07-12 00:46:48.858,0,train,51.579685370777874,0
normal,N0373,12490,33,43,2022-07-12 00:46:48.958,0,train,48.36990019209485,0
normal,N0373,12491,34,43,2022-07-12 00:46:49.058,0,train,49.65599022722279,0
normal,N0373,12492,35,43,2022-07-12 00:46:49.158,0,train,47.15503030028622,0
normal,N0373,12493,36,43,2022-07-12 00:46:49.258,0,train,49.02769942110211,0
normal,N0373,12494,37,43,2022-07-12 00:46:49.358,0,train,50.8824661158929,0
normal,N0373,12495,38,43,2022-07-12 00:46:49.458,0,train,73.83387249884379,0
normal,N0373,12496,39,43,2022-07-12 00:46:49.558,0,train,30.634943707633816,0
normal,N0373,12497,40,43,2022-07-12 00:46:49.658,0,train,30.50976165719171,0
normal,N0373,12498,41,43,2022-07-12 00:46:49.758,0,train,24.329952666763834,0
normal,N0373,12499,42,43,2022-07-12 00:46:49.858,0,train,18.640770521508287,0
normal,N0374,12509,9,30,2022-07-12 00:46:54.643,0,train,58.28307278316769,0
normal,N0374,12510,10,30,2022-07-12 00:46:54.743,0,train,95.05763870620666,0
normal,N0374,12511,11,30,2022-07-12 00:46:54.843,0,train,119.90049012069692,0
normal,N0374,12512,12,30,2022-07-12 00:46:54.943,0,train,72.85258125722842,0
normal,N0374,12513,13,30,2022-07-12 00:46:55.043,0,train,64.64975687802895,0
normal,N0374,12514,14,30,2022-07-12 00:46:55.143,0,train,55.40117266902793,0
normal,N0374,12515,15,30,2022-07-12 00:46:55.243,0,train,69.20455752987213,0
normal,N0374,12516,16,30,2022-07-12 00:46:55.343,0,train,36.11840499671752,0
normal,N0374,12517,17,30,2022-07-12 00:46:55.443,0,train,45.59185814117583,0
normal,N0374,12518,18,30,2022-07-12 00:46:55.543,0,train,52.344631130277875,0
normal,N0374,12519,19,30,2022-07-12 00:46:55.643,0,train,57.623553113622535,0
normal,N0374,12520,20,30,2022-07-12 00:46:55.743,0,train,59.90857653074383,0
normal,N0374,12521,21,30,2022-07-12 00:46:55.843,0,train,52.86783568363215,0
normal,N0374,12522,22,30,2022-07-12 00:46:55.943,0,train,48.278595012507466,0
normal,N0374,12523,23,30,2022-07-12 00:46:56.043,0,train,38.734563988184235,0
normal,N0374,12524,24,30,2022-07-12 00:46:56.143,0,train,35.289461900730785,0
normal,N0374,12525,25,30,2022-07-12 00:46:56.243,0,train,34.2242338793001,0
normal,N0374,12526,26,30,2022-07-12 00:46:56.343,0,train,44.12647859635218,0
normal,N0374,12527,27,30,2022-07-12 00:46:56.443,0,train,67.68431095408856,0
normal,N0374,12528,28,30,2022-07-12 00:46:56.543,0,train,75.79387476859127,0
normal,N0374,12529,29,30,2022-07-12 00:46:56.643,0,train,71.03464187883657,0
normal,N0375,12539,9,21,2022-07-12 00:47:02.544,0,train,40.08107523341732,0
normal,N0375,12540,10,21,2022-07-12 00:47:02.644,0,train,50.351294586822355,0
normal,N0375,12541,11,21,2022-07-12 00:47:02.744,0,train,53.51674991208412,0
normal,N0375,12542,12,21,2022-07-12 00:47:02.844,0,train,50.573372948971446,0
normal,N0375,12543,13,21,2022-07-12 00:47:02.944,0,train,35.16507305209081,0
normal,N0375,12544,14,21,2022-07-12 00:47:03.044,0,train,28.356568983250195,0
normal,N0375,12545,15,21,2022-07-12 00:47:03.144,0,train,37.778341925889045,0
normal,N0375,12546,16,21,2022-07-12 00:47:03.244,0,train,36.315002135583796,0
normal,N0375,12547,17,21,2022-07-12 00:47:03.344,0,train,32.646846394391865,0
normal,N0375,12548,18,21,2022-07-12 00:47:03.444,0,train,31.670794631151338,0
normal,N0375,12549,19,21,2022-07-12 00:47:03.544,0,train,59.98993951159437,0
normal,N0375,12550,20,21,2022-07-12 00:47:03.644,0,train,26.69693040856256,0
normal,N0378,12616,9,50,2022-07-12 00:47:19.391,0,train,54.81055997522645,0
normal,N0378,12617,10,50,2022-07-12 00:47:19.491,0,train,45.68353838865529,0
normal,N0378,12618,11,50,2022-07-12 00:47:19.591,0,train,42.43904872835934,0
normal,N0378,12619,12,50,2022-07-12 00:47:19.691,0,train,40.66604180080714,0
normal,N0378,12620,13,50,2022-07-12 00:47:19.791,0,train,47.205540575848715,0
normal,N0378,12621,14,50,2022-07-12 00:47:19.891,0,train,51.58096834659133,0
normal,N0378,12622,15,50,2022-07-12 00:47:19.991,0,train,55.67433210710833,0
normal,N0378,12623,16,50,2022-07-12 00:47:20.091,0,train,67.33035438407681,0
normal,N0378,12624,17,50,2022-07-12 00:47:20.191,0,train,29.14824673453372,0
normal,N0378,12625,18,50,2022-07-12 00:47:20.291,0,train,24.897662242531478,0
normal,N0378,12626,19,50,2022-07-12 00:47:20.391,0,train,31.390584133348778,0
normal,N0378,12627,20,50,2022-07-12 00:47:20.491,0,train,32.548792349288455,0
normal,N0378,12628,21,50,2022-07-12 00:47:20.591,0,train,27.692827555109062,0
normal,N0378,12629,22,50,2022-07-12 00:47:20.691,0,train,29.030424360123543,0
normal,N0378,12630,23,50,2022-07-12 00:47:20.791,0,train,34.932430115397864,0
normal,N0378,12631,24,50,2022-07-12 00:47:20.891,0,train,43.66958473778858,0
normal,N0378,12632,25,50,2022-07-12 00:47:20.991,0,train,36.09662919885198,0
normal,N0378,12633,26,50,2022-07-12 00:47:21.091,0,train,32.201600299861056,0
normal,N0378,12634,27,50,2022-07-12 00:47:21.191,0,train,22.21393828639059,0
normal,N0378,12635,28,50,2022-07-12 00:47:21.291,0,train,19.104268921604078,0
normal,N0378,12636,29,50,2022-07-12 00:47:21.391,0,train,23.237574716316214,0
normal,N0378,12637,30,50,2022-07-12 00:47:21.491,0,train,31.39632554674748,0
normal,N0378,12638,31,50,2022-07-12 00:47:21.591,0,train,36.58697283973048,0
normal,N0378,12639,32,50,2022-07-12 00:47:21.691,0,train,31.326056705295287,0
normal,N0378,12640,33,50,2022-07-12 00:47:21.791,0,train,43.82494794940302,0
normal,N0378,12641,34,50,2022-07-12 00:47:21.891,0,train,39.152702429837255,0
normal,N0378,12642,35,50,2022-07-12 00:47:21.991,0,train,32.871950519640876,0
normal,N0378,12643,36,50,2022-07-12 00:47:22.091,0,train,26.152836505811905,0
normal,N0378,12644,37,50,2022-07-12 00:47:22.191,0,train,24.504882527364636,0
normal,N0378,12645,38,50,2022-07-12 00:47:22.291,0,train,30.3811103765737,0
normal,N0378,12646,39,50,2022-07-12 00:47:22.391,0,train,34.00612266721542,0
normal,N0378,12647,40,50,2022-07-12 00:47:22.491,0,train,46.26656296753399,0
normal,N0378,12648,41,50,2022-07-12 00:47:22.591,0,train,39.41877023116462,0
normal,N0378,12649,42,50,2022-07-12 00:47:22.691,0,train,35.902025034117464,0
normal,N0378,12650,43,50,2022-07-12 00:47:22.791,0,train,43.19438971910503,0
normal,N0378,12651,44,50,2022-07-12 00:47:22.891,0,train,44.330930240862855,0
normal,N0378,12652,45,50,2022-07-12 00:47:22.991,0,train,36.424298461673104,0
normal,N0378,12653,46,50,2022-07-12 00:47:23.091,0,train,35.13137163722339,0
normal,N0378,12654,47,50,2022-07-12 00:47:23.191,0,train,38.032945539865175,0
normal,N0378,12655,48,50,2022-07-12 00:47:23.291,0,train,43.55878754967724,0
normal,N0378,12656,49,50,2022-07-12 00:47:23.391,0,train,49.499880376808925,0
normal,N0379,12666,9,43,2022-07-12 00:47:26.688,0,train,53.42662358750794,0
normal,N0379,12667,10,43,2022-07-12 00:47:26.788,0,train,79.86956468248712,0
normal,N0379,12668,11,43,2022-07-12 00:47:26.888,0,train,75.93922155572912,0
normal,N0379,12669,12,43,2022-07-12 00:47:26.988,0,train,84.08586259631093,0
normal,N0379,12670,13,43,2022-07-12 00:47:27.088,0,train,64.12043088221792,0
normal,N0379,12671,14,43,2022-07-12 00:47:27.188,0,train,51.38849297042122,0
normal,N0379,12672,15,43,2022-07-12 00:47:27.288,0,train,37.0966085659333,0
normal,N0379,12673,16,43,2022-07-12 00:47:27.388,0,train,44.146632648548426,0
normal,N0379,12674,17,43,2022-07-12 00:47:27.488,0,train,43.117025952647076,0
normal,N0379,12675,18,43,2022-07-12 00:47:27.588,0,train,49.77856281520341,0
normal,N0379,12676,19,43,2022-07-12 00:47:27.688,0,train,43.29649855953245,0
normal,N0379,12677,20,43,2022-07-12 00:47:27.788,0,train,75.06680394818937,0
normal,N0379,12678,21,43,2022-07-12 00:47:27.888,0,train,54.29753403995951,0
normal,N0379,12679,22,43,2022-07-12 00:47:27.988,0,train,49.33415162675382,0
normal,N0379,12680,23,43,2022-07-12 00:47:28.088,0,train,66.5600753665353,0
normal,N0379,12681,24,43,2022-07-12 00:47:28.188,0,train,70.75618296313536,0
normal,N0379,12682,25,43,2022-07-12 00:47:28.288,0,train,67.98866626505969,0
normal,N0379,12683,26,43,2022-07-12 00:47:28.388,0,train,65.81063054754938,0
normal,N0379,12684,27,43,2022-07-12 00:47:28.488,0,train,87.40864904793305,0
normal,N0379,12685,28,43,2022-07-12 00:47:28.588,0,train,95.44172779333381,0
normal,N0379,12686,29,43,2022-07-12 00:47:28.688,0,train,71.56955247861204,0
normal,N0379,12687,30,43,2022-07-12 00:47:28.788,0,train,56.0926094584317,0
normal,N0379,12688,31,43,2022-07-12 00:47:28.888,0,train,42.30007195646754,0
normal,N0379,12689,32,43,2022-07-12 00:47:28.988,0,train,65.07365210815149,0
normal,N0379,12690,33,43,2022-07-12 00:47:29.088,0,train,48.273021244946825,0
normal,N0379,12691,34,43,2022-07-12 00:47:29.188,0,train,36.981856570608315,0
normal,N0379,12692,35,43,2022-07-12 00:47:29.288,0,train,46.04107580890341,0
normal,N0379,12693,36,43,2022-07-12 00:47:29.388,0,train,51.91115050567523,0
normal,N0379,12694,37,43,2022-07-12 00:47:29.488,0,train,55.460368297738,0
normal,N0379,12695,38,43,2022-07-12 00:47:29.588,0,train,47.254152998963576,0
normal,N0379,12696,39,43,2022-07-12 00:47:29.688,0,train,39.15355418070881,0
normal,N0379,12697,40,43,2022-07-12 00:47:29.788,0,train,60.356223031207236,0
normal,N0379,12698,41,43,2022-07-12 00:47:29.888,0,train,59.42440870922349,0
normal,N0379,12699,42,43,2022-07-12 00:47:29.988,0,train,47.611650146684624,0
normal,N0380,12709,9,29,2022-07-12 00:47:34.687,0,train,38.69965027276769,0
normal,N0380,12710,10,29,2022-07-12 00:47:34.787,0,train,45.35527013840112,0
normal,N0380,12711,11,29,2022-07-12 00:47:34.887,0,train,41.93623912022813,0
normal,N0380,12712,12,29,2022-07-12 00:47:34.987,0,train,43.70356236793145,0
normal,N0380,12713,13,29,2022-07-12 00:47:35.087,0,train,47.64384945007621,0
normal,N0380,12714,14,29,2022-07-12 00:47:35.187,0,train,48.56129517613811,0
normal,N0380,12715,15,29,2022-07-12 00:47:35.287,0,train,48.990167782395595,0
normal,N0380,12716,16,29,2022-07-12 00:47:35.387,0,train,44.58092873849413,0
normal,N0380,12717,17,29,2022-07-12 00:47:35.487,0,train,41.54209469071695,0
normal,N0380,12718,18,29,2022-07-12 00:47:35.587,0,train,41.57206074214894,0
normal,N0380,12719,19,29,2022-07-12 00:47:35.687,0,train,38.58546665371625,0
normal,N0380,12720,20,29,2022-07-12 00:47:35.787,0,train,38.21857925740706,0
normal,N0380,12721,21,29,2022-07-12 00:47:35.887,0,train,37.11427850400762,0
normal,N0380,12722,22,29,2022-07-12 00:47:35.987,0,train,35.189770716769175,0
normal,N0380,12723,23,29,2022-07-12 00:47:36.087,0,train,33.10167130129608,0
normal,N0380,12724,24,29,2022-07-12 00:47:36.187,0,train,30.39405828095177,0
normal,N0380,12725,25,29,2022-07-12 00:47:36.287,0,train,27.293754388888612,0
normal,N0380,12726,26,29,2022-07-12 00:47:36.387,0,train,27.53118838644777,0
normal,N0380,12727,27,29,2022-07-12 00:47:36.487,0,train,27.803839342073683,0
normal,N0380,12728,28,29,2022-07-12 00:47:36.587,0,train,37.135742603378176,0
normal,N0381,12738,9,13,2022-07-12 00:47:42.864,0,train,62.324681130504814,0
normal,N0381,12739,10,13,2022-07-12 00:47:42.964,0,train,77.94149721135271,0
normal,N0381,12740,11,13,2022-07-12 00:47:43.064,0,train,88.34029374641906,0
normal,N0381,12741,12,13,2022-07-12 00:47:43.164,0,train,65.64725541104463,0
normal,N0383,12752,9,50,2022-07-12 00:48:00.631,0,train,77.51571408654759,0
normal,N0383,12753,10,50,2022-07-12 00:48:00.731,0,train,47.567115167118004,0
normal,N0383,12754,11,50,2022-07-12 00:48:00.831,0,train,36.120064966053846,0
normal,N0383,12755,12,50,2022-07-12 00:48:00.931,0,train,33.18387683259915,0
normal,N0383,12756,13,50,2022-07-12 00:48:01.031,0,train,53.5812442706394,0
normal,N0383,12757,14,50,2022-07-12 00:48:01.131,0,train,41.801949943774076,0
normal,N0383,12758,15,50,2022-07-12 00:48:01.231,0,train,47.31120121487027,0
normal,N0383,12759,16,50,2022-07-12 00:48:01.331,0,train,56.50493360328216,0
normal,N0383,12760,17,50,2022-07-12 00:48:01.431,0,train,61.20657179931402,0
normal,N0383,12761,18,50,2022-07-12 00:48:01.531,0,train,46.69894071417216,0
normal,N0383,12762,19,50,2022-07-12 00:48:01.631,0,train,31.82263558233097,0
normal,N0383,12763,20,50,2022-07-12 00:48:01.731,0,train,32.488431965903864,0
normal,N0383,12764,21,50,2022-07-12 00:48:01.831,0,train,40.54985785551237,0
normal,N0383,12765,22,50,2022-07-12 00:48:01.931,0,train,36.864950586843044,0
normal,N0383,12766,23,50,2022-07-12 00:48:02.031,0,train,38.0600209232763,0
normal,N0383,12767,24,50,2022-07-12 00:48:02.131,0,train,46.597397953732994,0
normal,N0383,12768,25,50,2022-07-12 00:48:02.231,0,train,51.59102034404425,0
normal,N0383,12769,26,50,2022-07-12 00:48:02.331,0,train,42.759777862374996,0
normal,N0383,12770,27,50,2022-07-12 00:48:02.431,0,train,29.46214882778013,0
normal,N0383,12771,28,50,2022-07-12 00:48:02.531,0,train,23.64035360193086,0
normal,N0383,12772,29,50,2022-07-12 00:48:02.631,0,train,26.493291282411867,0
normal,N0383,12773,30,50,2022-07-12 00:48:02.731,0,train,35.6087589896954,0
normal,N0383,12774,31,50,2022-07-12 00:48:02.831,0,train,31.951333068971746,0
normal,N0383,12775,32,50,2022-07-12 00:48:02.931,0,train,35.52638700995165,0
normal,N0383,12776,33,50,2022-07-12 00:48:03.031,0,train,30.96216244910196,0
normal,N0383,12777,34,50,2022-07-12 00:48:03.131,0,train,65.79724175926732,0
normal,N0383,12778,35,50,2022-07-12 00:48:03.231,0,train,41.2320553905211,0
normal,N0383,12779,36,50,2022-07-12 00:48:03.331,0,train,42.81986932917831,0
normal,N0383,12780,37,50,2022-07-12 00:48:03.431,0,train,37.627181187922005,0
normal,N0383,12781,38,50,2022-07-12 00:48:03.531,0,train,39.97472960383243,0
normal,N0383,12782,39,50,2022-07-12 00:48:03.631,0,train,33.49880074624193,0
normal,N0383,12783,40,50,2022-07-12 00:48:03.731,0,train,36.59158819470456,0
normal,N0383,12784,41,50,2022-07-12 00:48:03.831,0,train,47.70384389501677,0
normal,N0383,12785,42,50,2022-07-12 00:48:03.931,0,train,51.797694356253714,0
normal,N0383,12786,43,50,2022-07-12 00:48:04.031,0,train,52.047150764688794,0
normal,N0383,12787,44,50,2022-07-12 00:48:04.131,0,train,36.902928015382074,0
normal,N0383,12788,45,50,2022-07-12 00:48:04.231,0,train,78.2517782554283,0
normal,N0383,12789,46,50,2022-07-12 00:48:04.331,0,train,84.19587329291912,0
normal,N0383,12790,47,50,2022-07-12 00:48:04.431,0,train,48.42192395820556,0
normal,N0383,12791,48,50,2022-07-12 00:48:04.531,0,train,37.88525548246673,0
normal,N0383,12792,49,50,2022-07-12 00:48:04.631,0,train,33.76910149800041,0
normal,N0384,12802,9,50,2022-07-12 00:48:07.459,0,train,20.098062587592292,0
normal,N0384,12803,10,50,2022-07-12 00:48:07.559,0,train,22.972427452311017,0
normal,N0384,12804,11,50,2022-07-12 00:48:07.659,0,train,21.173375116446582,0
normal,N0384,12805,12,50,2022-07-12 00:48:07.759,0,train,17.18145777911885,0
normal,N0384,12806,13,50,2022-07-12 00:48:07.859,0,train,21.670185864732357,0
normal,N0384,12807,14,50,2022-07-12 00:48:07.959,0,train,30.811702943249937,0
normal,N0384,12808,15,50,2022-07-12 00:48:08.059,0,train,15.338576208357152,0
normal,N0384,12809,16,50,2022-07-12 00:48:08.159,0,train,14.82117503195345,0
normal,N0384,12810,17,50,2022-07-12 00:48:08.259,0,train,20.75283280561874,0
normal,N0384,12811,18,50,2022-07-12 00:48:08.359,0,train,29.09200014894782,0
normal,N0384,12812,19,50,2022-07-12 00:48:08.459,0,train,37.33620172654619,0
normal,N0384,12813,20,50,2022-07-12 00:48:08.559,0,train,42.47965543086708,0
normal,N0384,12814,21,50,2022-07-12 00:48:08.659,0,train,25.713825540242624,0
normal,N0384,12815,22,50,2022-07-12 00:48:08.759,0,train,17.723502396678054,0
normal,N0384,12816,23,50,2022-07-12 00:48:08.859,0,train,16.148484640289727,0
normal,N0384,12817,24,50,2022-07-12 00:48:08.959,0,train,14.386138706876174,0
normal,N0384,12818,25,50,2022-07-12 00:48:09.059,0,train,30.035775703808763,0
normal,N0384,12819,26,50,2022-07-12 00:48:09.159,0,train,19.774044251965346,0
normal,N0384,12820,27,50,2022-07-12 00:48:09.259,0,train,31.078982203369375,0
normal,N0384,12821,28,50,2022-07-12 00:48:09.359,0,train,20.203673453654055,0
normal,N0384,12822,29,50,2022-07-12 00:48:09.459,0,train,18.201996822255484,0
normal,N0384,12823,30,50,2022-07-12 00:48:09.559,0,train,22.352569722455808,0
normal,N0384,12824,31,50,2022-07-12 00:48:09.659,0,train,25.407525414185358,0
normal,N0384,12825,32,50,2022-07-12 00:48:09.759,0,train,16.058207543481185,0
normal,N0384,12826,33,50,2022-07-12 00:48:09.859,0,train,19.61528050813105,0
normal,N0384,12827,34,50,2022-07-12 00:48:09.959,0,train,27.95555422149432,0
normal,N0384,12828,35,50,2022-07-12 00:48:10.059,0,train,32.79871128266219,0
normal,N0384,12829,36,50,2022-07-12 00:48:10.159,0,train,26.442563103483884,0
normal,N0384,12830,37,50,2022-07-12 00:48:10.259,0,train,34.95972020456743,0
normal,N0384,12831,38,50,2022-07-12 00:48:10.359,0,train,33.304108136436994,0
normal,N0384,12832,39,50,2022-07-12 00:48:10.459,0,train,24.3635419911857,0
normal,N0384,12833,40,50,2022-07-12 00:48:10.559,0,train,20.405054334671174,0
normal,N0384,12834,41,50,2022-07-12 00:48:10.659,0,train,27.560444210333362,0
normal,N0384,12835,42,50,2022-07-12 00:48:10.759,0,train,24.535922494900323,0
normal,N0384,12836,43,50,2022-07-12 00:48:10.859,0,train,22.59500293445634,0
normal,N0384,12837,44,50,2022-07-12 00:48:10.959,0,train,33.07099021910892,0
normal,N0384,12838,45,50,2022-07-12 00:48:11.059,0,train,25.7349837868509,0
normal,N0384,12839,46,50,2022-07-12 00:48:11.159,0,train,27.59396309228999,0
normal,N0384,12840,47,50,2022-07-12 00:48:11.259,0,train,37.12531858054577,0
normal,N0384,12841,48,50,2022-07-12 00:48:11.359,0,train,29.22589149273484,0
normal,N0384,12842,49,50,2022-07-12 00:48:11.459,0,train,21.610758788719004,0
normal,N0385,12852,9,40,2022-07-12 00:48:15.076,0,train,49.81760138174005,0
normal,N0385,12853,10,40,2022-07-12 00:48:15.176,0,train,58.706098458216495,0
normal,N0385,12854,11,40,2022-07-12 00:48:15.276,0,train,57.26552765034961,0
normal,N0385,12855,12,40,2022-07-12 00:48:15.376,0,train,118.52837742774828,0
normal,N0385,12856,13,40,2022-07-12 00:48:15.476,0,train,64.57949295636847,0
normal,N0385,12857,14,40,2022-07-12 00:48:15.576,0,train,51.21675152460711,0
normal,N0385,12858,15,40,2022-07-12 00:48:15.676,0,train,60.581677149030725,0
normal,N0385,12859,16,40,2022-07-12 00:48:15.776,0,train,82.0803754924109,0
normal,N0385,12860,17,40,2022-07-12 00:48:15.876,0,train,80.1486227381559,0
normal,N0385,12861,18,40,2022-07-12 00:48:15.976,0,train,66.45944475810693,0
normal,N0385,12862,19,40,2022-07-12 00:48:16.076,0,train,52.278283712285806,0
normal,N0385,12863,20,40,2022-07-12 00:48:16.176,0,train,42.24239943598179,0
normal,N0385,12864,21,40,2022-07-12 00:48:16.276,0,train,77.44845898377658,0
normal,N0385,12865,22,40,2022-07-12 00:48:16.376,0,train,66.46066192587591,0
normal,N0385,12866,23,40,2022-07-12 00:48:16.476,0,train,62.401340444721804,0
normal,N0385,12867,24,40,2022-07-12 00:48:16.576,0,train,41.50532801381655,0
normal,N0385,12868,25,40,2022-07-12 00:48:16.676,0,train,41.91661373850601,0
normal,N0385,12869,26,40,2022-07-12 00:48:16.776,0,train,34.84000392983755,0
normal,N0385,12870,27,40,2022-07-12 00:48:16.876,0,train,32.2591066818462,0
normal,N0385,12871,28,40,2022-07-12 00:48:16.976,0,train,33.97864383864272,0
normal,N0385,12872,29,40,2022-07-12 00:48:17.076,0,train,44.231909926264294,0
normal,N0385,12873,30,40,2022-07-12 00:48:17.176,0,train,45.89459090644997,0
normal,N0385,12874,31,40,2022-07-12 00:48:17.276,0,train,47.94017821077342,0
normal,N0385,12875,32,40,2022-07-12 00:48:17.376,0,train,60.320138770825835,0
normal,N0385,12876,33,40,2022-07-12 00:48:17.476,0,train,73.06720882551734,0
normal,N0385,12877,34,40,2022-07-12 00:48:17.576,0,train,57.426282529891196,0
normal,N0385,12878,35,40,2022-07-12 00:48:17.676,0,train,95.42390471306045,0
normal,N0385,12879,36,40,2022-07-12 00:48:17.776,0,train,69.3625512298797,0
normal,N0385,12880,37,40,2022-07-12 00:48:17.876,0,train,91.89928390982374,0
normal,N0385,12881,38,40,2022-07-12 00:48:17.976,0,train,84.00820838793743,0
normal,N0385,12882,39,40,2022-07-12 00:48:18.076,0,train,65.67836084095525,0
normal,N0386,12892,9,28,2022-07-12 00:48:23.050,0,train,74.84127364687001,0
normal,N0386,12893,10,28,2022-07-12 00:48:23.150,0,train,85.46177684534833,0
normal,N0386,12894,11,28,2022-07-12 00:48:23.250,0,train,72.05537429532414,0
normal,N0386,12895,12,28,2022-07-12 00:48:23.350,0,train,118.97790282515233,0
normal,N0386,12896,13,28,2022-07-12 00:48:23.450,0,train,136.37732420938846,0
normal,N0386,12897,14,28,2022-07-12 00:48:23.550,0,train,82.71010179473923,0
normal,N0386,12898,15,28,2022-07-12 00:48:23.650,0,train,83.17483198369112,0
normal,N0386,12899,16,28,2022-07-12 00:48:23.750,0,train,90.57805869483744,0
normal,N0386,12900,17,28,2022-07-12 00:48:23.850,0,train,81.07584092500743,0
normal,N0386,12901,18,28,2022-07-12 00:48:23.950,0,train,41.64028840474213,0
normal,N0386,12902,19,28,2022-07-12 00:48:24.050,0,train,32.055611729456615,0
normal,N0386,12903,20,28,2022-07-12 00:48:24.150,0,train,32.52026509337867,0
normal,N0386,12904,21,28,2022-07-12 00:48:24.250,0,train,52.17297911846609,0
normal,N0386,12905,22,28,2022-07-12 00:48:24.350,0,train,46.50452794233848,0
normal,N0386,12906,23,28,2022-07-12 00:48:24.450,0,train,56.863717477360304,0
normal,N0386,12907,24,28,2022-07-12 00:48:24.550,0,train,58.2090603893633,0
normal,N0386,12908,25,28,2022-07-12 00:48:24.650,0,train,56.2321215777937,0
normal,N0386,12909,26,28,2022-07-12 00:48:24.750,0,train,54.77251630625965,0
normal,N0386,12910,27,28,2022-07-12 00:48:24.850,0,train,51.99450955827091,0
normal,N0389,12941,9,50,2022-07-12 00:48:41.045,0,train,35.34338052369167,0
normal,N0389,12942,10,50,2022-07-12 00:48:41.145,0,train,29.42638101543265,0
normal,N0389,12943,11,50,2022-07-12 00:48:41.245,0,train,33.4441071704537,0
normal,N0389,12944,12,50,2022-07-12 00:48:41.345,0,train,52.755655161481734,0
normal,N0389,12945,13,50,2022-07-12 00:48:41.445,0,train,35.77777935203353,0
normal,N0389,12946,14,50,2022-07-12 00:48:41.545,0,train,33.273852531773194,0
normal,N0389,12947,15,50,2022-07-12 00:48:41.645,0,train,39.61916278443732,0
normal,N0389,12948,16,50,2022-07-12 00:48:41.745,0,train,44.30621941324337,0
normal,N0389,12949,17,50,2022-07-12 00:48:41.845,0,train,42.35584603870218,0
normal,N0389,12950,18,50,2022-07-12 00:48:41.945,0,train,41.9686815857175,0
normal,N0389,12951,19,50,2022-07-12 00:48:42.045,0,train,41.174443425521744,0
normal,N0389,12952,20,50,2022-07-12 00:48:42.145,0,train,47.0408804910113,0
normal,N0389,12953,21,50,2022-07-12 00:48:42.245,0,train,42.18602750823926,0
normal,N0389,12954,22,50,2022-07-12 00:48:42.345,0,train,49.76516832359497,0
normal,N0389,12955,23,50,2022-07-12 00:48:42.445,0,train,49.24920938065266,0
normal,N0389,12956,24,50,2022-07-12 00:48:42.545,0,train,38.40912468684849,0
normal,N0389,12957,25,50,2022-07-12 00:48:42.645,0,train,59.0717043014976,0
normal,N0389,12958,26,50,2022-07-12 00:48:42.745,0,train,33.6044584974521,0
normal,N0389,12959,27,50,2022-07-12 00:48:42.845,0,train,34.302426604536294,0
normal,N0389,12960,28,50,2022-07-12 00:48:42.945,0,train,39.70358165515362,0
normal,N0389,12961,29,50,2022-07-12 00:48:43.045,0,train,68.46695119935941,0
normal,N0389,12962,30,50,2022-07-12 00:48:43.145,0,train,49.28168208668188,0
normal,N0389,12963,31,50,2022-07-12 00:48:43.245,0,train,42.573182909400934,0
normal,N0389,12964,32,50,2022-07-12 00:48:43.345,0,train,42.538175711634196,0
normal,N0389,12965,33,50,2022-07-12 00:48:43.445,0,train,69.88075799914107,0
normal,N0389,12966,34,50,2022-07-12 00:48:43.545,0,train,67.36347166732945,0
normal,N0389,12967,35,50,2022-07-12 00:48:43.645,0,train,50.844969907310904,0
normal,N0389,12968,36,50,2022-07-12 00:48:43.745,0,train,72.64916306274337,0
normal,N0389,12969,37,50,2022-07-12 00:48:43.845,0,train,67.20329796019281,0
normal,N0389,12970,38,50,2022-07-12 00:48:43.945,0,train,44.96516183186225,0
normal,N0389,12971,39,50,2022-07-12 00:48:44.045,0,train,42.2922388204579,0
normal,N0389,12972,40,50,2022-07-12 00:48:44.145,0,train,54.626488145852555,0
normal,N0389,12973,41,50,2022-07-12 00:48:44.245,0,train,52.865085529886926,0
normal,N0389,12974,42,50,2022-07-12 00:48:44.345,0,train,58.18511121015075,0
normal,N0389,12975,43,50,2022-07-12 00:48:44.445,0,train,55.86872144015982,0
normal,N0389,12976,44,50,2022-07-12 00:48:44.545,0,train,59.36567228790162,0
normal,N0389,12977,45,50,2022-07-12 00:48:44.645,0,train,70.73318517582288,0
normal,N0389,12978,46,50,2022-07-12 00:48:44.745,0,train,43.139598885955174,0
normal,N0389,12979,47,50,2022-07-12 00:48:44.845,0,train,52.559324910553514,0
normal,N0389,12980,48,50,2022-07-12 00:48:44.945,0,train,59.526325655340045,0
normal,N0389,12981,49,50,2022-07-12 00:48:45.045,0,train,81.44736754193822,0
normal,N0390,12991,9,50,2022-07-12 00:48:47.696,0,train,42.70844747831797,0
normal,N0390,12992,10,50,2022-07-12 00:48:47.796,0,train,35.778753836255035,0
normal,N0390,12993,11,50,2022-07-12 00:48:47.896,0,train,43.138962281683256,0
normal,N0390,12994,12,50,2022-07-12 00:48:47.996,0,train,38.73052783562928,0
normal,N0390,12995,13,50,2022-07-12 00:48:48.096,0,train,35.61581253149452,0
normal,N0390,12996,14,50,2022-07-12 00:48:48.196,0,train,31.725829671558156,0
normal,N0390,12997,15,50,2022-07-12 00:48:48.296,0,train,33.48862530445863,0
normal,N0390,12998,16,50,2022-07-12 00:48:48.396,0,train,45.209649542013054,0
normal,N0390,12999,17,50,2022-07-12 00:48:48.496,0,train,58.28359661664611,0
normal,N0390,13000,18,50,2022-07-12 00:48:48.596,0,train,47.539172751805445,0
normal,N0390,13001,19,50,2022-07-12 00:48:48.696,0,train,57.526687834335796,0
normal,N0390,13002,20,50,2022-07-12 00:48:48.796,0,train,49.889931729913144,0
normal,N0390,13003,21,50,2022-07-12 00:48:48.896,0,train,148.06916373790278,1
normal,N0390,13004,22,50,2022-07-12 00:48:48.996,0,train,253.04881141092258,1
normal,N0390,13005,23,50,2022-07-12 00:48:49.096,0,train,44.779041206408856,0
normal,N0390,13006,24,50,2022-07-12 00:48:49.196,0,train,31.328595608732513,0
normal,N0390,13007,25,50,2022-07-12 00:48:49.296,0,train,34.78021161375726,0
normal,N0390,13008,26,50,2022-07-12 00:48:49.396,0,train,21.859011517398624,0
normal,N0390,13009,27,50,2022-07-12 00:48:49.496,0,train,28.35160271551484,0
normal,N0390,13010,28,50,2022-07-12 00:48:49.596,0,train,19.60682488459126,0
normal,N0390,13011,29,50,2022-07-12 00:48:49.696,0,train,25.640344515918798,0
normal,N0390,13012,30,50,2022-07-12 00:48:49.796,0,train,24.10841336966569,0
normal,N0390,13013,31,50,2022-07-12 00:48:49.896,0,train,23.73360628610931,0
normal,N0390,13014,32,50,2022-07-12 00:48:49.996,0,train,20.36772660117242,0
normal,N0390,13015,33,50,2022-07-12 00:48:50.096,0,train,31.4068963595611,0
normal,N0390,13016,34,50,2022-07-12 00:48:50.196,0,train,28.75842187379645,0
normal,N0390,13017,35,50,2022-07-12 00:48:50.296,0,train,33.82703298033011,0
normal,N0390,13018,36,50,2022-07-12 00:48:50.396,0,train,29.768235858361933,0
normal,N0390,13019,37,50,2022-07-12 00:48:50.496,0,train,24.539820335414433,0
normal,N0390,13020,38,50,2022-07-12 00:48:50.596,0,train,27.47651774220841,0
normal,N0390,13021,39,50,2022-07-12 00:48:50.696,0,train,42.39151811195052,0
normal,N0390,13022,40,50,2022-07-12 00:48:50.796,0,train,45.166102180353114,0
normal,N0390,13023,41,50,2022-07-12 00:48:50.896,0,train,51.8756743804412,0
normal,N0390,13024,42,50,2022-07-12 00:48:50.996,0,train,71.79702855068422,0
normal,N0390,13025,43,50,2022-07-12 00:48:51.096,0,train,60.99704857330791,0
normal,N0390,13026,44,50,2022-07-12 00:48:51.196,0,train,71.4226730888597,0
normal,N0390,13027,45,50,2022-07-12 00:48:51.296,0,train,59.84133097575153,0
normal,N0390,13028,46,50,2022-07-12 00:48:51.396,0,train,48.55795230395326,0
normal,N0390,13029,47,50,2022-07-12 00:48:51.496,0,train,30.17573716195628,0
normal,N0390,13030,48,50,2022-07-12 00:48:51.596,0,train,28.594931358674913,0
normal,N0390,13031,49,50,2022-07-12 00:48:51.696,0,train,34.77632905556231,0
normal,N0391,13041,9,39,2022-07-12 00:48:55.484,0,train,43.60924059324075,0
normal,N0391,13042,10,39,2022-07-12 00:48:55.584,0,train,42.673484557237124,0
normal,N0391,13043,11,39,2022-07-12 00:48:55.684,0,train,48.215872449711654,0
normal,N0391,13044,12,39,2022-07-12 00:48:55.784,0,train,54.55520692226811,0
normal,N0391,13045,13,39,2022-07-12 00:48:55.884,0,train,42.633369653461315,0
normal,N0391,13046,14,39,2022-07-12 00:48:55.984,0,train,42.864183676603126,0
normal,N0391,13047,15,39,2022-07-12 00:48:56.084,0,train,31.05625968549226,0
normal,N0391,13048,16,39,2022-07-12 00:48:56.184,0,train,37.13797399314235,0
normal,N0391,13049,17,39,2022-07-12 00:48:56.284,0,train,40.63212720507308,0
normal,N0391,13050,18,39,2022-07-12 00:48:56.384,0,train,59.614150792775995,0
normal,N0391,13051,19,39,2022-07-12 00:48:56.484,0,train,51.020332433290875,0
normal,N0391,13052,20,39,2022-07-12 00:48:56.584,0,train,50.09597256994032,0
normal,N0391,13053,21,39,2022-07-12 00:48:56.684,0,train,52.5786957922098,0
normal,N0391,13054,22,39,2022-07-12 00:48:56.784,0,train,63.79880102413537,0
normal,N0391,13055,23,39,2022-07-12 00:48:56.884,0,train,46.3440916505888,0
normal,N0391,13056,24,39,2022-07-12 00:48:56.984,0,train,40.99757196099818,0
normal,N0391,13057,25,39,2022-07-12 00:48:57.084,0,train,43.57049903204208,0
normal,N0391,13058,26,39,2022-07-12 00:48:57.184,0,train,31.948763536427382,0
normal,N0391,13059,27,39,2022-07-12 00:48:57.284,0,train,44.49444434310961,0
normal,N0391,13060,28,39,2022-07-12 00:48:57.384,0,train,46.946990107894706,0
normal,N0391,13061,29,39,2022-07-12 00:48:57.484,0,train,57.2431312987027,0
normal,N0391,13062,30,39,2022-07-12 00:48:57.584,0,train,51.143438818724015,0
normal,N0391,13063,31,39,2022-07-12 00:48:57.684,0,train,58.43597018495644,0
normal,N0391,13064,32,39,2022-07-12 00:48:57.784,0,train,58.51799387074106,0
normal,N0391,13065,33,39,2022-07-12 00:48:57.884,0,train,65.50250713774186,0
normal,N0391,13066,34,39,2022-07-12 00:48:57.984,0,train,70.7556524180005,0
normal,N0391,13067,35,39,2022-07-12 00:48:58.084,0,train,68.44313353860518,0
normal,N0391,13068,36,39,2022-07-12 00:48:58.184,0,train,52.304793026171744,0
normal,N0391,13069,37,39,2022-07-12 00:48:58.284,0,train,44.50640236716896,0
normal,N0391,13070,38,39,2022-07-12 00:48:58.384,0,train,42.2051817270627,0
normal,N0393,13105,9,14,2022-07-12 00:49:11.637,0,train,31.660249617372365,0
normal,N0393,13106,10,14,2022-07-12 00:49:11.737,0,train,29.3129692594731,0
normal,N0393,13107,11,14,2022-07-12 00:49:11.837,0,train,26.752767890500547,0
normal,N0393,13108,12,14,2022-07-12 00:49:11.937,0,train,34.372543024145564,0
normal,N0393,13109,13,14,2022-07-12 00:49:12.037,0,train,22.33323849933847,0
normal,N0395,13120,9,50,2022-07-12 00:49:28.267,0,train,42.90642047318318,0
normal,N0395,13121,10,50,2022-07-12 00:49:28.367,0,train,23.671769318923182,0
normal,N0395,13122,11,50,2022-07-12 00:49:28.467,0,train,22.14117141861586,0
normal,N0395,13123,12,50,2022-07-12 00:49:28.567,0,train,37.15415023418215,0
normal,N0395,13124,13,50,2022-07-12 00:49:28.667,0,train,23.387620496537487,0
normal,N0395,13125,14,50,2022-07-12 00:49:28.767,0,train,28.739552615771,0
normal,N0395,13126,15,50,2022-07-12 00:49:28.867,0,train,34.427230950144775,0
normal,N0395,13127,16,50,2022-07-12 00:49:28.967,0,train,47.79951287515626,0
normal,N0395,13128,17,50,2022-07-12 00:49:29.067,0,train,28.75824974235722,0
normal,N0395,13129,18,50,2022-07-12 00:49:29.167,0,train,32.63205268186435,0
normal,N0395,13130,19,50,2022-07-12 00:49:29.267,0,train,32.68776075807091,0
normal,N0395,13131,20,50,2022-07-12 00:49:29.367,0,train,31.332006197419503,0
normal,N0395,13132,21,50,2022-07-12 00:49:29.467,0,train,37.659474499201984,0
normal,N0395,13133,22,50,2022-07-12 00:49:29.567,0,train,31.34543583198124,0
normal,N0395,13134,23,50,2022-07-12 00:49:29.667,0,train,29.720543338892895,0
normal,N0395,13135,24,50,2022-07-12 00:49:29.767,0,train,37.36676392446549,0
normal,N0395,13136,25,50,2022-07-12 00:49:29.867,0,train,26.685439547350096,0
normal,N0395,13137,26,50,2022-07-12 00:49:29.967,0,train,32.5948122881944,0
normal,N0395,13138,27,50,2022-07-12 00:49:30.067,0,train,24.734645068883502,0
normal,N0395,13139,28,50,2022-07-12 00:49:30.167,0,train,25.329247708270394,0
normal,N0395,13140,29,50,2022-07-12 00:49:30.267,0,train,27.963055102088553,0
normal,N0395,13141,30,50,2022-07-12 00:49:30.367,0,train,42.71975412436047,0
normal,N0395,13142,31,50,2022-07-12 00:49:30.467,0,train,32.774138288210246,0
normal,N0395,13143,32,50,2022-07-12 00:49:30.567,0,train,44.045329966426934,0
normal,N0395,13144,33,50,2022-07-12 00:49:30.667,0,train,44.56622397114016,0
normal,N0395,13145,34,50,2022-07-12 00:49:30.767,0,train,44.87537635786406,0
normal,N0395,13146,35,50,2022-07-12 00:49:30.867,0,train,50.01535337764222,0
normal,N0395,13147,36,50,2022-07-12 00:49:30.967,0,train,60.774167781614125,0
normal,N0395,13148,37,50,2022-07-12 00:49:31.067,0,train,48.897539611820676,0
normal,N0395,13149,38,50,2022-07-12 00:49:31.167,0,train,31.01995604398656,0
normal,N0395,13150,39,50,2022-07-12 00:49:31.267,0,train,26.980074886450833,0
normal,N0395,13151,40,50,2022-07-12 00:49:31.367,0,train,44.175307173521574,0
normal,N0395,13152,41,50,2022-07-12 00:49:31.467,0,train,47.552894015452274,0
normal,N0395,13153,42,50,2022-07-12 00:49:31.567,0,train,60.12192627157584,0
normal,N0395,13154,43,50,2022-07-12 00:49:31.667,0,train,56.70674370887422,0
normal,N0395,13155,44,50,2022-07-12 00:49:31.767,0,train,33.14942233227254,0
normal,N0395,13156,45,50,2022-07-12 00:49:31.867,0,train,34.573562811949024,0
normal,N0395,13157,46,50,2022-07-12 00:49:31.967,0,train,45.24329832860951,0
normal,N0395,13158,47,50,2022-07-12 00:49:32.067,0,train,33.570274155972,0
normal,N0395,13159,48,50,2022-07-12 00:49:32.167,0,train,52.98985260577167,0
normal,N0395,13160,49,50,2022-07-12 00:49:32.267,0,train,64.1049033267285,0
normal,N0396,13170,9,44,2022-07-12 00:49:35.608,0,train,59.072758765506585,0
normal,N0396,13171,10,44,2022-07-12 00:49:35.708,0,train,57.01669518644619,0
normal,N0396,13172,11,44,2022-07-12 00:49:35.808,0,train,78.82090398642728,0
normal,N0396,13173,12,44,2022-07-12 00:49:35.908,0,train,74.20093189201651,0
normal,N0396,13174,13,44,2022-07-12 00:49:36.008,0,train,86.15058185464395,0
normal,N0396,13175,14,44,2022-07-12 00:49:36.108,0,train,89.43030057042006,0
normal,N0396,13176,15,44,2022-07-12 00:49:36.208,0,train,46.65017724954252,0
normal,N0396,13177,16,44,2022-07-12 00:49:36.308,0,train,50.74981076835706,0
normal,N0396,13178,17,44,2022-07-12 00:49:36.408,0,train,36.03788886907013,0
normal,N0396,13179,18,44,2022-07-12 00:49:36.508,0,train,28.313142510594805,0
normal,N0396,13180,19,44,2022-07-12 00:49:36.608,0,train,34.31899442480658,0
normal,N0396,13181,20,44,2022-07-12 00:49:36.708,0,train,44.25532612918723,0
normal,N0396,13182,21,44,2022-07-12 00:49:36.808,0,train,38.55093790581761,0
normal,N0396,13183,22,44,2022-07-12 00:49:36.908,0,train,45.23367849931119,0
normal,N0396,13184,23,44,2022-07-12 00:49:37.008,0,train,63.948575282323226,0
normal,N0396,13185,24,44,2022-07-12 00:49:37.108,0,train,66.98793423893369,0
normal,N0396,13186,25,44,2022-07-12 00:49:37.208,0,train,84.89083424020531,0
normal,N0396,13187,26,44,2022-07-12 00:49:37.308,0,train,129.75208053290518,0
normal,N0396,13188,27,44,2022-07-12 00:49:37.408,0,train,64.39767112559036,0
normal,N0396,13189,28,44,2022-07-12 00:49:37.508,0,train,87.40066091368985,0
normal,N0396,13190,29,44,2022-07-12 00:49:37.608,0,train,70.15612800072856,0
normal,N0396,13191,30,44,2022-07-12 00:49:37.708,0,train,92.02405461584807,0
normal,N0396,13192,31,44,2022-07-12 00:49:37.808,0,train,150.7298703465262,1
normal,N0396,13193,32,44,2022-07-12 00:49:37.908,0,train,176.0627168895355,1
normal,N0396,13194,33,44,2022-07-12 00:49:38.008,0,train,137.41602546706252,0
normal,N0396,13195,34,44,2022-07-12 00:49:38.108,0,train,90.29526087579016,0
normal,N0396,13196,35,44,2022-07-12 00:49:38.208,0,train,60.54893533625778,0
normal,N0396,13197,36,44,2022-07-12 00:49:38.308,0,train,59.04594214141802,0
normal,N0396,13198,37,44,2022-07-12 00:49:38.408,0,train,77.27862579963615,0
normal,N0396,13199,38,44,2022-07-12 00:49:38.508,0,train,62.91016512221222,0
normal,N0396,13200,39,44,2022-07-12 00:49:38.608,0,train,80.6309499777625,0
normal,N0396,13201,40,44,2022-07-12 00:49:38.708,0,train,82.6020061737602,0
normal,N0396,13202,41,44,2022-07-12 00:49:38.808,0,train,50.43589477845787,0
normal,N0396,13203,42,44,2022-07-12 00:49:38.908,0,train,56.472093975063494,0
normal,N0396,13204,43,44,2022-07-12 00:49:39.008,0,train,48.35198874046708,0
normal,N0398,13246,9,22,2022-07-12 00:49:51.487,0,train,20.242281205668327,0
normal,N0398,13247,10,22,2022-07-12 00:49:51.587,0,train,29.07847869590091,0
normal,N0398,13248,11,22,2022-07-12 00:49:51.687,0,train,32.242282888931804,0
normal,N0398,13249,12,22,2022-07-12 00:49:51.787,0,train,39.649222794197925,0
normal,N0398,13250,13,22,2022-07-12 00:49:51.887,0,train,27.4686393837747,0
normal,N0398,13251,14,22,2022-07-12 00:49:51.987,0,train,22.179375218977327,0
normal,N0398,13252,15,22,2022-07-12 00:49:52.087,0,train,21.561662789520987,0
normal,N0398,13253,16,22,2022-07-12 00:49:52.187,0,train,18.463205199941612,0
normal,N0398,13254,17,22,2022-07-12 00:49:52.287,0,train,22.862902831523886,0
normal,N0398,13255,18,22,2022-07-12 00:49:52.387,0,train,29.277426861628424,0
normal,N0398,13256,19,22,2022-07-12 00:49:52.487,0,train,22.405262234398315,0
normal,N0398,13257,20,22,2022-07-12 00:49:52.587,0,train,32.72406196476395,0
normal,N0398,13258,21,22,2022-07-12 00:49:52.687,0,train,30.215545986111593,0
normal,N0400,13275,9,50,2022-07-12 00:50:16.727,0,train,76.70369501326928,0
normal,N0400,13276,10,50,2022-07-12 00:50:16.827,0,train,96.253736454487,0
normal,N0400,13277,11,50,2022-07-12 00:50:16.927,0,train,92.6226464964133,0
normal,N0400,13278,12,50,2022-07-12 00:50:17.027,0,train,67.98371283430713,0
normal,N0400,13279,13,50,2022-07-12 00:50:17.127,0,train,64.0073036475117,0
normal,N0400,13280,14,50,2022-07-12 00:50:17.227,0,train,37.52526194494618,0
normal,N0400,13281,15,50,2022-07-12 00:50:17.327,0,train,37.78440824413791,0
normal,N0400,13282,16,50,2022-07-12 00:50:17.427,0,train,31.05782774264306,0
normal,N0400,13283,17,50,2022-07-12 00:50:17.527,0,train,29.637532030336974,0
normal,N0400,13284,18,50,2022-07-12 00:50:17.627,0,train,37.60307262490613,0
normal,N0400,13285,19,50,2022-07-12 00:50:17.727,0,train,63.536027476182085,0
normal,N0400,13286,20,50,2022-07-12 00:50:17.827,0,train,39.886379926437996,0
normal,N0400,13287,21,50,2022-07-12 00:50:17.927,0,train,29.383938192251822,0
normal,N0400,13288,22,50,2022-07-12 00:50:18.027,0,train,35.83177839213708,0
normal,N0400,13289,23,50,2022-07-12 00:50:18.127,0,train,51.35194682143164,0
normal,N0400,13290,24,50,2022-07-12 00:50:18.227,0,train,38.54234169796088,0
normal,N0400,13291,25,50,2022-07-12 00:50:18.327,0,train,31.16270573484192,0
normal,N0400,13292,26,50,2022-07-12 00:50:18.427,0,train,35.935381326969775,0
normal,N0400,13293,27,50,2022-07-12 00:50:18.527,0,train,38.31710288403726,0
normal,N0400,13294,28,50,2022-07-12 00:50:18.627,0,train,39.44885249288857,0
normal,N0400,13295,29,50,2022-07-12 00:50:18.727,0,train,44.95722796808503,0
normal,N0400,13296,30,50,2022-07-12 00:50:18.827,0,train,31.319398424282436,0
normal,N0400,13297,31,50,2022-07-12 00:50:18.927,0,train,50.50598838662014,0
normal,N0400,13298,32,50,2022-07-12 00:50:19.027,0,train,39.78355616369797,0
normal,N0400,13299,33,50,2022-07-12 00:50:19.127,0,train,41.64619227377542,0
normal,N0400,13300,34,50,2022-07-12 00:50:19.227,0,train,46.76452727068571,0
normal,N0400,13301,35,50,2022-07-12 00:50:19.327,0,train,55.15247405899462,0
normal,N0400,13302,36,50,2022-07-12 00:50:19.427,0,train,71.63573606439365,0
normal,N0400,13303,37,50,2022-07-12 00:50:19.527,0,train,50.07227723421954,0
normal,N0400,13304,38,50,2022-07-12 00:50:19.627,0,train,49.470610786315845,0
normal,N0400,13305,39,50,2022-07-12 00:50:19.727,0,train,47.26050595347196,0
normal,N0400,13306,40,50,2022-07-12 00:50:19.827,0,train,62.22549912175368,0
normal,N0400,13307,41,50,2022-07-12 00:50:19.927,0,train,56.820786565634954,0
normal,N0400,13308,42,50,2022-07-12 00:50:20.027,0,train,45.69940990895081,0
normal,N0400,13309,43,50,2022-07-12 00:50:20.127,0,train,43.7340203583413,0
normal,N0400,13310,44,50,2022-07-12 00:50:20.227,0,train,50.08569307587655,0
normal,N0400,13311,45,50,2022-07-12 00:50:20.327,0,train,43.341676262577984,0
normal,N0400,13312,46,50,2022-07-12 00:50:20.427,0,train,33.25994033995357,0
normal,N0400,13313,47,50,2022-07-12 00:50:20.527,0,train,47.97404434938264,0
normal,N0400,13314,48,50,2022-07-12 00:50:20.627,0,train,37.28895579954054,0
normal,N0400,13315,49,50,2022-07-12 00:50:20.727,0,train,32.36065966570558,0
normal,N0401,13325,9,46,2022-07-12 00:50:23.736,0,train,27.580684978359795,0
normal,N0401,13326,10,46,2022-07-12 00:50:23.836,0,train,32.6247075342158,0
normal,N0401,13327,11,46,2022-07-12 00:50:23.936,0,train,30.711725598731878,0
normal,N0401,13328,12,46,2022-07-12 00:50:24.036,0,train,30.969523346588314,0
normal,N0401,13329,13,46,2022-07-12 00:50:24.136,0,train,29.167406135484327,0
normal,N0401,13330,14,46,2022-07-12 00:50:24.236,0,train,38.735024735005716,0
normal,N0401,13331,15,46,2022-07-12 00:50:24.336,0,train,36.52445095475393,0
normal,N0401,13332,16,46,2022-07-12 00:50:24.436,0,train,45.8148978379094,0
normal,N0401,13333,17,46,2022-07-12 00:50:24.536,0,train,42.76917586716437,0
normal,N0401,13334,18,46,2022-07-12 00:50:24.636,0,train,53.793978676384405,0
normal,N0401,13335,19,46,2022-07-12 00:50:24.736,0,train,37.97406113133031,0
normal,N0401,13336,20,46,2022-07-12 00:50:24.836,0,train,33.57759524433447,0
normal,N0401,13337,21,46,2022-07-12 00:50:24.936,0,train,32.40753965579143,0
normal,N0401,13338,22,46,2022-07-12 00:50:25.036,0,train,30.738206596648023,0
normal,N0401,13339,23,46,2022-07-12 00:50:25.136,0,train,32.53243518468601,0
normal,N0401,13340,24,46,2022-07-12 00:50:25.236,0,train,59.59127341633372,0
normal,N0401,13341,25,46,2022-07-12 00:50:25.336,0,train,35.587948199506044,0
normal,N0401,13342,26,46,2022-07-12 00:50:25.436,0,train,36.33623088215262,0
normal,N0401,13343,27,46,2022-07-12 00:50:25.536,0,train,33.1920474830973,0
normal,N0401,13344,28,46,2022-07-12 00:50:25.636,0,train,44.08808446457507,0
normal,N0401,13345,29,46,2022-07-12 00:50:25.736,0,train,50.04258584011264,0
normal,N0401,13346,30,46,2022-07-12 00:50:25.836,0,train,42.20860754017426,0
normal,N0401,13347,31,46,2022-07-12 00:50:25.936,0,train,27.099256159350016,0
normal,N0401,13348,32,46,2022-07-12 00:50:26.036,0,train,35.30745741636498,0
normal,N0401,13349,33,46,2022-07-12 00:50:26.136,0,train,28.07615161685163,0
normal,N0401,13350,34,46,2022-07-12 00:50:26.236,0,train,26.254326959271538,0
normal,N0401,13351,35,46,2022-07-12 00:50:26.336,0,train,28.25572027654071,0
normal,N0401,13352,36,46,2022-07-12 00:50:26.436,0,train,30.90954463231767,0
normal,N0401,13353,37,46,2022-07-12 00:50:26.536,0,train,24.925575814618067,0
normal,N0401,13354,38,46,2022-07-12 00:50:26.636,0,train,20.578081034948276,0
normal,N0401,13355,39,46,2022-07-12 00:50:26.736,0,train,27.7666777384341,0
normal,N0401,13356,40,46,2022-07-12 00:50:26.836,0,train,24.182566494433107,0
normal,N0401,13357,41,46,2022-07-12 00:50:26.936,0,train,31.03000409180191,0
normal,N0401,13358,42,46,2022-07-12 00:50:27.036,0,train,37.185120904977396,0
normal,N0401,13359,43,46,2022-07-12 00:50:27.136,0,train,23.761853883018006,0
normal,N0401,13360,44,46,2022-07-12 00:50:27.236,0,train,24.209764833853708,0
normal,N0401,13361,45,46,2022-07-12 00:50:27.336,0,train,26.06757743257115,0
normal,N0403,13405,9,21,2022-07-12 00:50:39.806,0,train,72.41285308573642,0
normal,N0403,13406,10,21,2022-07-12 00:50:39.906,0,train,46.972217517221864,0
normal,N0403,13407,11,21,2022-07-12 00:50:40.006,0,train,58.04169587933604,0
normal,N0403,13408,12,21,2022-07-12 00:50:40.106,0,train,73.14740673945279,0
normal,N0403,13409,13,21,2022-07-12 00:50:40.206,0,train,78.54805269589832,0
normal,N0403,13410,14,21,2022-07-12 00:50:40.306,0,train,51.93245376450091,0
normal,N0403,13411,15,21,2022-07-12 00:50:40.406,0,train,77.4160229522762,0
normal,N0403,13412,16,21,2022-07-12 00:50:40.506,0,train,66.52012322982974,0
normal,N0403,13413,17,21,2022-07-12 00:50:40.606,0,train,62.581262212422814,0
normal,N0403,13414,18,21,2022-07-12 00:50:40.706,0,train,52.796404957290136,0
normal,N0403,13415,19,21,2022-07-12 00:50:40.806,0,train,43.08116924209953,0
normal,N0403,13416,20,21,2022-07-12 00:50:40.906,0,train,39.7984322168652,0
normal,N0404,13426,9,12,2022-07-12 00:50:47.796,0,train,36.4221840182468,0
normal,N0404,13427,10,12,2022-07-12 00:50:47.896,0,train,24.236619701061763,0
normal,N0404,13428,11,12,2022-07-12 00:50:47.996,0,train,33.400309277013974,0
normal,N0405,13438,9,50,2022-07-12 00:50:57.324,0,train,47.131570662341176,0
normal,N0405,13439,10,50,2022-07-12 00:50:57.424,0,train,44.64924512964074,0
normal,N0405,13440,11,50,2022-07-12 00:50:57.524,0,train,35.69786038464593,0
normal,N0405,13441,12,50,2022-07-12 00:50:57.624,0,train,44.75370478256906,0
normal,N0405,13442,13,50,2022-07-12 00:50:57.724,0,train,43.94624382988011,0
normal,N0405,13443,14,50,2022-07-12 00:50:57.824,0,train,50.26070927714828,0
normal,N0405,13444,15,50,2022-07-12 00:50:57.924,0,train,52.041962315248696,0
normal,N0405,13445,16,50,2022-07-12 00:50:58.024,0,train,48.27751786080247,0
normal,N0405,13446,17,50,2022-07-12 00:50:58.124,0,train,42.50196528767316,0
normal,N0405,13447,18,50,2022-07-12 00:50:58.224,0,train,40.79900981355952,0
normal,N0405,13448,19,50,2022-07-12 00:50:58.324,0,train,32.45568210660723,0
normal,N0405,13449,20,50,2022-07-12 00:50:58.424,0,train,45.60688273093329,0
normal,N0405,13450,21,50,2022-07-12 00:50:58.524,0,train,35.46191825875616,0
normal,N0405,13451,22,50,2022-07-12 00:50:58.624,0,train,56.938284205475085,0
normal,N0405,13452,23,50,2022-07-12 00:50:58.724,0,train,57.356392497021425,0
normal,N0405,13453,24,50,2022-07-12 00:50:58.824,0,train,39.19132113288091,0
normal,N0405,13454,25,50,2022-07-12 00:50:58.924,0,train,43.572481551140655,0
normal,N0405,13455,26,50,2022-07-12 00:50:59.024,0,train,42.071073109290225,0
normal,N0405,13456,27,50,2022-07-12 00:50:59.124,0,train,42.67641422828456,0
normal,N0405,13457,28,50,2022-07-12 00:50:59.224,0,train,40.76830563942217,0
normal,N0405,13458,29,50,2022-07-12 00:50:59.324,0,train,45.97512720448366,0
normal,N0405,13459,30,50,2022-07-12 00:50:59.424,0,train,45.87003007321824,0
normal,N0405,13460,31,50,2022-07-12 00:50:59.524,0,train,98.97870681384472,0
normal,N0405,13461,32,50,2022-07-12 00:50:59.624,0,train,58.947791503676655,0
normal,N0405,13462,33,50,2022-07-12 00:50:59.724,0,train,50.93042860228867,0
normal,N0405,13463,34,50,2022-07-12 00:50:59.824,0,train,63.277230516967954,0
normal,N0405,13464,35,50,2022-07-12 00:50:59.924,0,train,62.75820039296443,0
normal,N0405,13465,36,50,2022-07-12 00:51:00.024,0,train,52.41421348240322,0
normal,N0405,13466,37,50,2022-07-12 00:51:00.124,0,train,47.83804961991572,0
normal,N0405,13467,38,50,2022-07-12 00:51:00.224,0,train,40.681675856319224,0
normal,N0405,13468,39,50,2022-07-12 00:51:00.324,0,train,54.41032314440381,0
normal,N0405,13469,40,50,2022-07-12 00:51:00.424,0,train,40.68904087551279,0
normal,N0405,13470,41,50,2022-07-12 00:51:00.524,0,train,32.75715759596497,0
normal,N0405,13471,42,50,2022-07-12 00:51:00.624,0,train,40.984053396984976,0
normal,N0405,13472,43,50,2022-07-12 00:51:00.724,0,train,39.73938548216971,0
normal,N0405,13473,44,50,2022-07-12 00:51:00.824,0,train,45.753632468132594,0
normal,N0405,13474,45,50,2022-07-12 00:51:00.924,0,train,32.931025386138785,0
normal,N0405,13475,46,50,2022-07-12 00:51:01.024,0,train,31.48608818840224,0
normal,N0405,13476,47,50,2022-07-12 00:51:01.124,0,train,40.118093829402184,0
normal,N0405,13477,48,50,2022-07-12 00:51:01.224,0,train,49.460346914441246,0
normal,N0405,13478,49,50,2022-07-12 00:51:01.324,0,train,46.550959740699206,0
normal,N0406,13488,9,50,2022-07-12 00:51:03.948,0,train,42.76636900213159,0
normal,N0406,13489,10,50,2022-07-12 00:51:04.048,0,train,45.600737303761875,0
normal,N0406,13490,11,50,2022-07-12 00:51:04.148,0,train,34.43613980391445,0
normal,N0406,13491,12,50,2022-07-12 00:51:04.248,0,train,33.08341360645806,0
normal,N0406,13492,13,50,2022-07-12 00:51:04.348,0,train,32.787485114942385,0
normal,N0406,13493,14,50,2022-07-12 00:51:04.448,0,train,54.22242417523156,0
normal,N0406,13494,15,50,2022-07-12 00:51:04.548,0,train,36.6826106776443,0
normal,N0406,13495,16,50,2022-07-12 00:51:04.648,0,train,47.88094264283079,0
normal,N0406,13496,17,50,2022-07-12 00:51:04.748,0,train,35.375360065436794,0
normal,N0406,13497,18,50,2022-07-12 00:51:04.848,0,train,32.72492278734209,0
normal,N0406,13498,19,50,2022-07-12 00:51:04.948,0,train,22.995246135048635,0
normal,N0406,13499,20,50,2022-07-12 00:51:05.048,0,train,18.31454607637415,0
normal,N0406,13500,21,50,2022-07-12 00:51:05.148,0,train,19.65857245539818,0
normal,N0406,13501,22,50,2022-07-12 00:51:05.248,0,train,34.10096997606826,0
normal,N0406,13502,23,50,2022-07-12 00:51:05.348,0,train,31.14392544737936,0
normal,N0406,13503,24,50,2022-07-12 00:51:05.448,0,train,27.468929197084055,0
normal,N0406,13504,25,50,2022-07-12 00:51:05.548,0,train,22.39823427728313,0
normal,N0406,13505,26,50,2022-07-12 00:51:05.648,0,train,24.577580570294536,0
normal,N0406,13506,27,50,2022-07-12 00:51:05.748,0,train,24.39140854876215,0
normal,N0406,13507,28,50,2022-07-12 00:51:05.848,0,train,22.290407520703994,0
normal,N0406,13508,29,50,2022-07-12 00:51:05.948,0,train,36.28216985716296,0
normal,N0406,13509,30,50,2022-07-12 00:51:06.048,0,train,29.483195070755055,0
normal,N0406,13510,31,50,2022-07-12 00:51:06.148,0,train,42.67040137526221,0
normal,N0406,13511,32,50,2022-07-12 00:51:06.248,0,train,34.4061505845167,0
normal,N0406,13512,33,50,2022-07-12 00:51:06.348,0,train,39.425252715789135,0
normal,N0406,13513,34,50,2022-07-12 00:51:06.448,0,train,35.334518013765646,0
normal,N0406,13514,35,50,2022-07-12 00:51:06.548,0,train,28.33580273494973,0
normal,N0406,13515,36,50,2022-07-12 00:51:06.648,0,train,22.990080675716317,0
normal,N0406,13516,37,50,2022-07-12 00:51:06.748,0,train,18.995832907039826,0
normal,N0406,13517,38,50,2022-07-12 00:51:06.848,0,train,19.966890980078823,0
normal,N0406,13518,39,50,2022-07-12 00:51:06.948,0,train,25.529826229798147,0
normal,N0406,13519,40,50,2022-07-12 00:51:07.048,0,train,28.84644236462103,0
normal,N0406,13520,41,50,2022-07-12 00:51:07.148,0,train,19.174876092146988,0
normal,N0406,13521,42,50,2022-07-12 00:51:07.248,0,train,20.140525715476155,0
normal,N0406,13522,43,50,2022-07-12 00:51:07.348,0,train,23.198400276534105,0
normal,N0406,13523,44,50,2022-07-12 00:51:07.448,0,train,28.197513971357928,0
normal,N0406,13524,45,50,2022-07-12 00:51:07.548,0,train,25.89136936325748,0
normal,N0406,13525,46,50,2022-07-12 00:51:07.648,0,train,32.233427229799965,0
normal,N0406,13526,47,50,2022-07-12 00:51:07.748,0,train,28.304231986843252,0
normal,N0406,13527,48,50,2022-07-12 00:51:07.848,0,train,35.25714325530186,0
normal,N0406,13528,49,50,2022-07-12 00:51:07.948,0,train,34.46511727919743,0
normal,N0408,13576,9,25,2022-07-12 00:51:19.848,0,train,39.488274634690136,0
normal,N0408,13577,10,25,2022-07-12 00:51:19.948,0,train,32.846584790720286,0
normal,N0408,13578,11,25,2022-07-12 00:51:20.048,0,train,24.708307542007397,0
normal,N0408,13579,12,25,2022-07-12 00:51:20.148,0,train,37.28718889661688,0
normal,N0408,13580,13,25,2022-07-12 00:51:20.248,0,train,26.208589657010204,0
normal,N0408,13581,14,25,2022-07-12 00:51:20.348,0,train,28.645410909768067,0
normal,N0408,13582,15,25,2022-07-12 00:51:20.448,0,train,27.54861165722594,0
normal,N0408,13583,16,25,2022-07-12 00:51:20.548,0,train,26.530116884688976,0
normal,N0408,13584,17,25,2022-07-12 00:51:20.648,0,train,20.949613313624415,0
normal,N0408,13585,18,25,2022-07-12 00:51:20.748,0,train,26.994794288978227,0
normal,N0408,13586,19,25,2022-07-12 00:51:20.848,0,train,25.2159308301472,0
normal,N0408,13587,20,25,2022-07-12 00:51:20.948,0,train,28.48419738090155,0
normal,N0408,13588,21,25,2022-07-12 00:51:21.048,0,train,33.547203046603,0
normal,N0408,13589,22,25,2022-07-12 00:51:21.148,0,train,26.325681274750334,0
normal,N0408,13590,23,25,2022-07-12 00:51:21.248,0,train,23.746841646395957,0
normal,N0408,13591,24,25,2022-07-12 00:51:21.348,0,train,29.909403397069593,0
normal,N0409,13601,9,13,2022-07-12 00:51:27.716,0,train,36.46909664867189,0
normal,N0409,13602,10,13,2022-07-12 00:51:27.816,0,train,31.887277709855088,0
normal,N0409,13603,11,13,2022-07-12 00:51:27.916,0,train,54.81152174048084,0
normal,N0409,13604,12,13,2022-07-12 00:51:28.016,0,train,28.46482174126481,0
normal,N0410,13614,9,50,2022-07-12 00:51:37.756,0,train,41.23287414040635,0
normal,N0410,13615,10,50,2022-07-12 00:51:37.856,0,train,54.76845513979677,0
normal,N0410,13616,11,50,2022-07-12 00:51:37.956,0,train,33.845421661134836,0
normal,N0410,13617,12,50,2022-07-12 00:51:38.056,0,train,52.97069384180642,0
normal,N0410,13618,13,50,2022-07-12 00:51:38.156,0,train,52.39320456251643,0
normal,N0410,13619,14,50,2022-07-12 00:51:38.256,0,train,50.39897683535245,0
normal,N0410,13620,15,50,2022-07-12 00:51:38.356,0,train,48.4517944939281,0
normal,N0410,13621,16,50,2022-07-12 00:51:38.456,0,train,56.14976756980924,0
normal,N0410,13622,17,50,2022-07-12 00:51:38.556,0,train,50.040863297471645,0
normal,N0410,13623,18,50,2022-07-12 00:51:38.656,0,train,96.01132482066949,0
normal,N0410,13624,19,50,2022-07-12 00:51:38.756,0,train,73.18104626801555,0
normal,N0410,13625,20,50,2022-07-12 00:51:38.856,0,train,55.125187223861865,0
normal,N0410,13626,21,50,2022-07-12 00:51:38.956,0,train,60.372885800341464,0
normal,N0410,13627,22,50,2022-07-12 00:51:39.056,0,train,45.4226962263801,0
normal,N0410,13628,23,50,2022-07-12 00:51:39.156,0,train,38.36502984735036,0
normal,N0410,13629,24,50,2022-07-12 00:51:39.256,0,train,73.29522203030483,0
normal,N0410,13630,25,50,2022-07-12 00:51:39.356,0,train,87.96386241519453,0
normal,N0410,13631,26,50,2022-07-12 00:51:39.456,0,train,60.810097485692665,0
normal,N0410,13632,27,50,2022-07-12 00:51:39.556,0,train,58.119473823775564,0
normal,N0410,13633,28,50,2022-07-12 00:51:39.656,0,train,44.63158850335837,0
normal,N0410,13634,29,50,2022-07-12 00:51:39.756,0,train,49.958901968419475,0
normal,N0410,13635,30,50,2022-07-12 00:51:39.856,0,train,28.612211249590683,0
normal,N0410,13636,31,50,2022-07-12 00:51:39.956,0,train,43.12388502141705,0
normal,N0410,13637,32,50,2022-07-12 00:51:40.056,0,train,38.77542353848629,0
normal,N0410,13638,33,50,2022-07-12 00:51:40.156,0,train,37.01054502656009,0
normal,N0410,13639,34,50,2022-07-12 00:51:40.256,0,train,27.27325023991976,0
normal,N0410,13640,35,50,2022-07-12 00:51:40.356,0,train,58.041926387656225,0
normal,N0410,13641,36,50,2022-07-12 00:51:40.456,0,train,33.11146447468845,0
normal,N0410,13642,37,50,2022-07-12 00:51:40.556,0,train,24.837974775852643,0
normal,N0410,13643,38,50,2022-07-12 00:51:40.656,0,train,21.295192202571233,0
normal,N0410,13644,39,50,2022-07-12 00:51:40.756,0,train,31.0694574492696,0
normal,N0410,13645,40,50,2022-07-12 00:51:40.856,0,train,28.577512492790383,0
normal,N0410,13646,41,50,2022-07-12 00:51:40.956,0,train,34.41688077626775,0
normal,N0410,13647,42,50,2022-07-12 00:51:41.056,0,train,42.54693285002855,0
normal,N0410,13648,43,50,2022-07-12 00:51:41.156,0,train,55.060383885967,0
normal,N0410,13649,44,50,2022-07-12 00:51:41.256,0,train,56.22801963506616,0
normal,N0410,13650,45,50,2022-07-12 00:51:41.356,0,train,48.987051751913036,0
normal,N0410,13651,46,50,2022-07-12 00:51:41.456,0,train,57.405551729027046,0
normal,N0410,13652,47,50,2022-07-12 00:51:41.556,0,train,55.48191137825603,0
normal,N0410,13653,48,50,2022-07-12 00:51:41.656,0,train,65.71898606595532,0
normal,N0410,13654,49,50,2022-07-12 00:51:41.756,0,train,82.79883721465752,0
normal,N0411,13664,9,50,2022-07-12 00:51:44.348,0,train,56.214495445131554,0
normal,N0411,13665,10,50,2022-07-12 00:51:44.448,0,train,79.07250950743568,0
normal,N0411,13666,11,50,2022-07-12 00:51:44.548,0,train,25.017620084273258,0
normal,N0411,13667,12,50,2022-07-12 00:51:44.648,0,train,24.34080130577136,0
normal,N0411,13668,13,50,2022-07-12 00:51:44.748,0,train,31.23375833478635,0
normal,N0411,13669,14,50,2022-07-12 00:51:44.848,0,train,27.289751654343583,0
normal,N0411,13670,15,50,2022-07-12 00:51:44.948,0,train,32.287684920360775,0
normal,N0411,13671,16,50,2022-07-12 00:51:45.048,0,train,30.55764948518114,0
normal,N0411,13672,17,50,2022-07-12 00:51:45.148,0,train,35.285491908884254,0
normal,N0411,13673,18,50,2022-07-12 00:51:45.248,0,train,38.01875464131878,0
normal,N0411,13674,19,50,2022-07-12 00:51:45.348,0,train,21.992928353192827,0
normal,N0411,13675,20,50,2022-07-12 00:51:45.448,0,train,23.144608408815365,0
normal,N0411,13676,21,50,2022-07-12 00:51:45.548,0,train,33.40354170573458,0
normal,N0411,13677,22,50,2022-07-12 00:51:45.648,0,train,45.48316276636686,0
normal,N0411,13678,23,50,2022-07-12 00:51:45.748,0,train,45.45156316722785,0
normal,N0411,13679,24,50,2022-07-12 00:51:45.848,0,train,45.2166883313892,0
normal,N0411,13680,25,50,2022-07-12 00:51:45.948,0,train,35.88281365136434,0
normal,N0411,13681,26,50,2022-07-12 00:51:46.048,0,train,59.38632199575889,0
normal,N0411,13682,27,50,2022-07-12 00:51:46.148,0,train,57.286391316339014,0
normal,N0411,13683,28,50,2022-07-12 00:51:46.248,0,train,40.22554577041058,0
normal,N0411,13684,29,50,2022-07-12 00:51:46.348,0,train,37.00476059725485,0
normal,N0411,13685,30,50,2022-07-12 00:51:46.448,0,train,46.103429475426104,0
normal,N0411,13686,31,50,2022-07-12 00:51:46.548,0,train,44.25957274819675,0
normal,N0411,13687,32,50,2022-07-12 00:51:46.648,0,train,44.484047550040955,0
normal,N0411,13688,33,50,2022-07-12 00:51:46.748,0,train,37.750469310233065,0
normal,N0411,13689,34,50,2022-07-12 00:51:46.848,0,train,39.07151384823346,0
normal,N0411,13690,35,50,2022-07-12 00:51:46.948,0,train,39.9512017003771,0
normal,N0411,13691,36,50,2022-07-12 00:51:47.048,0,train,27.864129776354932,0
normal,N0411,13692,37,50,2022-07-12 00:51:47.148,0,train,35.15870362452827,0
normal,N0411,13693,38,50,2022-07-12 00:51:47.248,0,train,27.627614906411733,0
normal,N0411,13694,39,50,2022-07-12 00:51:47.348,0,train,31.791827039216987,0
normal,N0411,13695,40,50,2022-07-12 00:51:47.448,0,train,34.979276555699045,0
normal,N0411,13696,41,50,2022-07-12 00:51:47.548,0,train,41.15486876024399,0
normal,N0411,13697,42,50,2022-07-12 00:51:47.648,0,train,40.5318685992051,0
normal,N0411,13698,43,50,2022-07-12 00:51:47.748,0,train,40.917014473028374,0
normal,N0411,13699,44,50,2022-07-12 00:51:47.848,0,train,44.13917030911665,0
normal,N0411,13700,45,50,2022-07-12 00:51:47.948,0,train,35.427618696722135,0
normal,N0411,13701,46,50,2022-07-12 00:51:48.048,0,train,34.786999064081265,0
normal,N0411,13702,47,50,2022-07-12 00:51:48.148,0,train,42.85427006966831,0
normal,N0411,13703,48,50,2022-07-12 00:51:48.248,0,train,35.41269562943827,0
normal,N0411,13704,49,50,2022-07-12 00:51:48.348,0,train,49.516493622341194,0
normal,N0413,13754,9,28,2022-07-12 00:52:00.101,0,train,71.1477823025024,0
normal,N0413,13755,10,28,2022-07-12 00:52:00.201,0,train,58.75476839132207,0
normal,N0413,13756,11,28,2022-07-12 00:52:00.301,0,train,45.02799903316638,0
normal,N0413,13757,12,28,2022-07-12 00:52:00.401,0,train,71.96550220185136,0
normal,N0413,13758,13,28,2022-07-12 00:52:00.501,0,train,79.43124137935698,0
normal,N0413,13759,14,28,2022-07-12 00:52:00.601,0,train,90.23387658025639,0
normal,N0413,13760,15,28,2022-07-12 00:52:00.701,0,train,163.5684179216938,1
normal,N0413,13761,16,28,2022-07-12 00:52:00.801,0,train,119.13037906101665,0
normal,N0413,13762,17,28,2022-07-12 00:52:00.901,0,train,103.65701396854574,0
normal,N0413,13763,18,28,2022-07-12 00:52:01.001,0,train,85.64515224600724,0
normal,N0413,13764,19,28,2022-07-12 00:52:01.101,0,train,67.80681990299915,0
normal,N0413,13765,20,28,2022-07-12 00:52:01.201,0,train,41.21182399190853,0
normal,N0413,13766,21,28,2022-07-12 00:52:01.301,0,train,57.91992475331898,0
normal,N0413,13767,22,28,2022-07-12 00:52:01.401,0,train,52.18981850190169,0
normal,N0413,13768,23,28,2022-07-12 00:52:01.501,0,train,73.89508321913314,0
normal,N0413,13769,24,28,2022-07-12 00:52:01.601,0,train,57.39383350980003,0
normal,N0413,13770,25,28,2022-07-12 00:52:01.701,0,train,29.781526147452627,0
normal,N0413,13771,26,28,2022-07-12 00:52:01.801,0,train,35.28641081124908,0
normal,N0413,13772,27,28,2022-07-12 00:52:01.901,0,train,31.612315215851734,0
normal,N0414,13782,9,15,2022-07-12 00:52:08.011,0,train,28.63427118855435,0
normal,N0414,13783,10,15,2022-07-12 00:52:08.111,0,train,23.256944748016863,0
normal,N0414,13784,11,15,2022-07-12 00:52:08.211,0,train,43.111798188509034,0
normal,N0414,13785,12,15,2022-07-12 00:52:08.311,0,train,46.93322205877963,0
normal,N0414,13786,13,15,2022-07-12 00:52:08.411,0,train,56.897050578496604,0
normal,N0414,13787,14,15,2022-07-12 00:52:08.511,0,train,37.94600528145078,0
normal,N0415,13797,9,14,2022-07-12 00:52:16.019,0,train,72.41179529752948,0
normal,N0415,13798,10,14,2022-07-12 00:52:16.119,0,train,50.49086040608315,0
normal,N0415,13799,11,14,2022-07-12 00:52:16.219,0,train,40.08740226874456,0
normal,N0415,13800,12,14,2022-07-12 00:52:16.319,0,train,40.29613760191783,0
normal,N0415,13801,13,14,2022-07-12 00:52:16.419,0,train,63.13298050646091,0
normal,N0418,13862,9,50,2022-07-12 00:52:40.509,0,train,44.552448209017804,0
normal,N0418,13863,10,50,2022-07-12 00:52:40.609,0,train,51.41385692973388,0
normal,N0418,13864,11,50,2022-07-12 00:52:40.709,0,train,65.22436481018723,0
normal,N0418,13865,12,50,2022-07-12 00:52:40.809,0,train,43.09714991591963,0
normal,N0418,13866,13,50,2022-07-12 00:52:40.909,0,train,54.74188828848884,0
normal,N0418,13867,14,50,2022-07-12 00:52:41.009,0,train,42.410382263051495,0
normal,N0418,13868,15,50,2022-07-12 00:52:41.109,0,train,45.296611668107495,0
normal,N0418,13869,16,50,2022-07-12 00:52:41.209,0,train,26.439404113253605,0
normal,N0418,13870,17,50,2022-07-12 00:52:41.309,0,train,27.462586401893166,0
normal,N0418,13871,18,50,2022-07-12 00:52:41.409,0,train,27.678008385850738,0
normal,N0418,13872,19,50,2022-07-12 00:52:41.509,0,train,24.873139924637766,0
normal,N0418,13873,20,50,2022-07-12 00:52:41.609,0,train,43.147813985886216,0
normal,N0418,13874,21,50,2022-07-12 00:52:41.709,0,train,41.33812402966353,0
normal,N0418,13875,22,50,2022-07-12 00:52:41.809,0,train,45.5442645679727,0
normal,N0418,13876,23,50,2022-07-12 00:52:41.909,0,train,41.50265060260603,0
normal,N0418,13877,24,50,2022-07-12 00:52:42.009,0,train,33.22112474111384,0
normal,N0418,13878,25,50,2022-07-12 00:52:42.109,0,train,29.070817873340538,0
normal,N0418,13879,26,50,2022-07-12 00:52:42.209,0,train,33.26029613774927,0
normal,N0418,13880,27,50,2022-07-12 00:52:42.309,0,train,28.13752203235152,0
normal,N0418,13881,28,50,2022-07-12 00:52:42.409,0,train,35.25810293571763,0
normal,N0418,13882,29,50,2022-07-12 00:52:42.509,0,train,35.11232443644653,0
normal,N0418,13883,30,50,2022-07-12 00:52:42.609,0,train,39.1565563591502,0
normal,N0418,13884,31,50,2022-07-12 00:52:42.709,0,train,38.74403804178995,0
normal,N0418,13885,32,50,2022-07-12 00:52:42.809,0,train,34.1148821331945,0
normal,N0418,13886,33,50,2022-07-12 00:52:42.909,0,train,27.07008886479721,0
normal,N0418,13887,34,50,2022-07-12 00:52:43.009,0,train,38.67577157854165,0
normal,N0418,13888,35,50,2022-07-12 00:52:43.109,0,train,41.3245776064281,0
normal,N0418,13889,36,50,2022-07-12 00:52:43.209,0,train,30.479318274899136,0
normal,N0418,13890,37,50,2022-07-12 00:52:43.309,0,train,31.247174258607608,0
normal,N0418,13891,38,50,2022-07-12 00:52:43.409,0,train,42.501565255406696,0
normal,N0418,13892,39,50,2022-07-12 00:52:43.509,0,train,54.21953349427046,0
normal,N0418,13893,40,50,2022-07-12 00:52:43.609,0,train,53.27017388901288,0
normal,N0418,13894,41,50,2022-07-12 00:52:43.709,0,train,39.86784852582696,0
normal,N0418,13895,42,50,2022-07-12 00:52:43.809,0,train,38.099577136840075,0
normal,N0418,13896,43,50,2022-07-12 00:52:43.909,0,train,33.35101150901925,0
normal,N0418,13897,44,50,2022-07-12 00:52:44.009,0,train,29.684675900737673,0
normal,N0418,13898,45,50,2022-07-12 00:52:44.109,0,train,27.771874156212874,0
normal,N0418,13899,46,50,2022-07-12 00:52:44.209,0,train,36.37476706444383,0
normal,N0418,13900,47,50,2022-07-12 00:52:44.309,0,train,44.73731455903399,0
normal,N0418,13901,48,50,2022-07-12 00:52:44.409,0,train,56.095251011965594,0
normal,N0418,13902,49,50,2022-07-12 00:52:44.509,0,train,39.536882676868366,0
normal,N0419,13912,9,38,2022-07-12 00:52:48.596,0,train,54.44173338337795,0
normal,N0419,13913,10,38,2022-07-12 00:52:48.696,0,train,60.422675829388965,0
normal,N0419,13914,11,38,2022-07-12 00:52:48.796,0,train,58.79699637024279,0
normal,N0419,13915,12,38,2022-07-12 00:52:48.896,0,train,64.4098663376726,0
normal,N0419,13916,13,38,2022-07-12 00:52:48.996,0,train,46.649346914048195,0
normal,N0419,13917,14,38,2022-07-12 00:52:49.096,0,train,57.44579842714611,0
normal,N0419,13918,15,38,2022-07-12 00:52:49.196,0,train,47.84668270992124,0
normal,N0419,13919,16,38,2022-07-12 00:52:49.296,0,train,56.66200206027942,0
normal,N0419,13920,17,38,2022-07-12 00:52:49.396,0,train,87.75322415250797,0
normal,N0419,13921,18,38,2022-07-12 00:52:49.496,0,train,67.28634917521217,0
normal,N0419,13922,19,38,2022-07-12 00:52:49.596,0,train,63.50832192223374,0
normal,N0419,13923,20,38,2022-07-12 00:52:49.696,0,train,63.63003300112302,0
normal,N0419,13924,21,38,2022-07-12 00:52:49.796,0,train,49.66838669712466,0
normal,N0419,13925,22,38,2022-07-12 00:52:49.896,0,train,63.73581887397645,0
normal,N0419,13926,23,38,2022-07-12 00:52:49.996,0,train,59.29274467170879,0
normal,N0419,13927,24,38,2022-07-12 00:52:50.096,0,train,98.45459699806392,0
normal,N0419,13928,25,38,2022-07-12 00:52:50.196,0,train,60.931727381407526,0
normal,N0419,13929,26,38,2022-07-12 00:52:50.296,0,train,80.19070686528146,0
normal,N0419,13930,27,38,2022-07-12 00:52:50.396,0,train,46.89454454758723,0
normal,N0419,13931,28,38,2022-07-12 00:52:50.496,0,train,50.46737968767286,0
normal,N0419,13932,29,38,2022-07-12 00:52:50.596,0,train,44.275102011259094,0
normal,N0419,13933,30,38,2022-07-12 00:52:50.696,0,train,51.17687704569399,0
normal,N0419,13934,31,38,2022-07-12 00:52:50.796,0,train,35.037320244141114,0
normal,N0419,13935,32,38,2022-07-12 00:52:50.896,0,train,37.07587387826351,0
normal,N0419,13936,33,38,2022-07-12 00:52:50.996,0,train,30.494426985650197,0
normal,N0419,13937,34,38,2022-07-12 00:52:51.096,0,train,45.1914532546049,0
normal,N0419,13938,35,38,2022-07-12 00:52:51.196,0,train,47.20115878023228,0
normal,N0419,13939,36,38,2022-07-12 00:52:51.296,0,train,41.29032802024864,0
normal,N0419,13940,37,38,2022-07-12 00:52:51.396,0,train,35.09532131030002,0
normal,N0420,13950,9,23,2022-07-12 00:52:56.516,0,train,55.84926464271167,0
normal,N0420,13951,10,23,2022-07-12 00:52:56.616,0,train,55.49584172285598,0
normal,N0420,13952,11,23,2022-07-12 00:52:56.716,0,train,49.32418265215666,0
normal,N0420,13953,12,23,2022-07-12 00:52:56.816,0,train,42.656680760203734,0
normal,N0420,13954,13,23,2022-07-12 00:52:56.916,0,train,38.3624699811005,0
normal,N0420,13955,14,23,2022-07-12 00:52:57.016,0,train,52.93440543666729,0
normal,N0420,13956,15,23,2022-07-12 00:52:57.116,0,train,44.90877214086132,0
normal,N0420,13957,16,23,2022-07-12 00:52:57.216,0,train,43.926563583535014,0
normal,N0420,13958,17,23,2022-07-12 00:52:57.316,0,train,34.6799490944882,0
normal,N0420,13959,18,23,2022-07-12 00:52:57.416,0,train,39.766075144326095,0
normal,N0420,13960,19,23,2022-07-12 00:52:57.516,0,train,37.8321368536155,0
normal,N0420,13961,20,23,2022-07-12 00:52:57.616,0,train,48.24767272631708,0
normal,N0420,13962,21,23,2022-07-12 00:52:57.716,0,train,38.69665511155062,0
normal,N0420,13963,22,23,2022-07-12 00:52:57.816,0,train,46.707520860036006,0
normal,N0421,13973,9,10,2022-07-12 00:53:04.551,0,train,47.20859524960822,0
normal,N0423,14033,9,49,2022-07-12 00:53:20.659,0,train,19.5690098118212,0
normal,N0423,14034,10,49,2022-07-12 00:53:20.759,0,train,23.795079498896165,0
normal,N0423,14035,11,49,2022-07-12 00:53:20.859,0,train,24.007532946109926,0
normal,N0423,14036,12,49,2022-07-12 00:53:20.959,0,train,28.160739921697697,0
normal,N0423,14037,13,49,2022-07-12 00:53:21.059,0,train,30.58543692421028,0
normal,N0423,14038,14,49,2022-07-12 00:53:21.159,0,train,28.548301597984945,0
normal,N0423,14039,15,49,2022-07-12 00:53:21.259,0,train,23.03006695475156,0
normal,N0423,14040,16,49,2022-07-12 00:53:21.359,0,train,30.107328957308276,0
normal,N0423,14041,17,49,2022-07-12 00:53:21.459,0,train,20.082968330995925,0
normal,N0423,14042,18,49,2022-07-12 00:53:21.559,0,train,20.05378765422567,0
normal,N0423,14043,19,49,2022-07-12 00:53:21.659,0,train,27.48386604626092,0
normal,N0423,14044,20,49,2022-07-12 00:53:21.759,0,train,17.263785911910986,0
normal,N0423,14045,21,49,2022-07-12 00:53:21.859,0,train,17.96246656951932,0
normal,N0423,14046,22,49,2022-07-12 00:53:21.959,0,train,14.647959734755414,0
normal,N0423,14047,23,49,2022-07-12 00:53:22.059,0,train,19.676114065314174,0
normal,N0423,14048,24,49,2022-07-12 00:53:22.159,0,train,15.054109555498307,0
normal,N0423,14049,25,49,2022-07-12 00:53:22.259,0,train,17.35750688679761,0
normal,N0423,14050,26,49,2022-07-12 00:53:22.359,0,train,24.07198464608921,0
normal,N0423,14051,27,49,2022-07-12 00:53:22.459,0,train,23.6887450219726,0
normal,N0423,14052,28,49,2022-07-12 00:53:22.559,0,train,19.946764799611984,0
normal,N0423,14053,29,49,2022-07-12 00:53:22.659,0,train,35.79329851287761,0
normal,N0423,14054,30,49,2022-07-12 00:53:22.759,0,train,24.25335984206983,0
normal,N0423,14055,31,49,2022-07-12 00:53:22.859,0,train,20.888707734158235,0
normal,N0423,14056,32,49,2022-07-12 00:53:22.959,0,train,18.084403881364047,0
normal,N0423,14057,33,49,2022-07-12 00:53:23.059,0,train,19.22905121567195,0
normal,N0423,14058,34,49,2022-07-12 00:53:23.159,0,train,23.65717217463475,0
normal,N0423,14059,35,49,2022-07-12 00:53:23.259,0,train,24.47749970405183,0
normal,N0423,14060,36,49,2022-07-12 00:53:23.359,0,train,25.302465929477446,0
normal,N0423,14061,37,49,2022-07-12 00:53:23.459,0,train,24.486088466308164,0
normal,N0423,14062,38,49,2022-07-12 00:53:23.559,0,train,26.58856199042753,0
normal,N0423,14063,39,49,2022-07-12 00:53:23.659,0,train,21.02486822218248,0
normal,N0423,14064,40,49,2022-07-12 00:53:23.759,0,train,25.40774934736211,0
normal,N0423,14065,41,49,2022-07-12 00:53:23.859,0,train,19.919908624702995,0
normal,N0423,14066,42,49,2022-07-12 00:53:23.959,0,train,18.05474506534409,0
normal,N0423,14067,43,49,2022-07-12 00:53:24.059,0,train,19.900473620798273,0
normal,N0423,14068,44,49,2022-07-12 00:53:24.159,0,train,30.313924331438677,0
normal,N0423,14069,45,49,2022-07-12 00:53:24.259,0,train,22.5782215026655,0
normal,N0423,14070,46,49,2022-07-12 00:53:24.359,0,train,19.30112924808909,0
normal,N0423,14071,47,49,2022-07-12 00:53:24.459,0,train,22.888444814094832,0
normal,N0423,14072,48,49,2022-07-12 00:53:24.559,0,train,20.877496134813835,0
normal,N0424,14082,9,36,2022-07-12 00:53:28.776,0,train,24.964383743460633,0
normal,N0424,14083,10,36,2022-07-12 00:53:28.876,0,train,41.45922051687986,0
normal,N0424,14084,11,36,2022-07-12 00:53:28.976,0,train,27.919257696577272,0
normal,N0424,14085,12,36,2022-07-12 00:53:29.076,0,train,30.950667940945795,0
normal,N0424,14086,13,36,2022-07-12 00:53:29.176,0,train,20.49826920886465,0
normal,N0424,14087,14,36,2022-07-12 00:53:29.276,0,train,30.183961554920376,0
normal,N0424,14088,15,36,2022-07-12 00:53:29.376,0,train,40.44093695225923,0
normal,N0424,14089,16,36,2022-07-12 00:53:29.476,0,train,39.32899446795634,0
normal,N0424,14090,17,36,2022-07-12 00:53:29.576,0,train,24.293285867332532,0
normal,N0424,14091,18,36,2022-07-12 00:53:29.676,0,train,26.656727358543424,0
normal,N0424,14092,19,36,2022-07-12 00:53:29.776,0,train,35.22180950319192,0
normal,N0424,14093,20,36,2022-07-12 00:53:29.876,0,train,36.567062322609765,0
normal,N0424,14094,21,36,2022-07-12 00:53:29.976,0,train,33.39125698872062,0
normal,N0424,14095,22,36,2022-07-12 00:53:30.076,0,train,31.672793413844612,0
normal,N0424,14096,23,36,2022-07-12 00:53:30.176,0,train,25.872073818137107,0
normal,N0424,14097,24,36,2022-07-12 00:53:30.276,0,train,21.823677153198993,0
normal,N0424,14098,25,36,2022-07-12 00:53:30.376,0,train,22.943271087731365,0
normal,N0424,14099,26,36,2022-07-12 00:53:30.476,0,train,26.190636900844186,0
normal,N0424,14100,27,36,2022-07-12 00:53:30.576,0,train,42.58670211634116,0
normal,N0424,14101,28,36,2022-07-12 00:53:30.676,0,train,42.31943803201743,0
normal,N0424,14102,29,36,2022-07-12 00:53:30.776,0,train,36.461839964284465,0
normal,N0424,14103,30,36,2022-07-12 00:53:30.876,0,train,32.91006295647956,0
normal,N0424,14104,31,36,2022-07-12 00:53:30.976,0,train,34.15412929585843,0
normal,N0424,14105,32,36,2022-07-12 00:53:31.076,0,train,33.49498368656642,0
normal,N0424,14106,33,36,2022-07-12 00:53:31.176,0,train,31.61206209936267,0
normal,N0424,14107,34,36,2022-07-12 00:53:31.276,0,train,30.093847236719196,0
normal,N0424,14108,35,36,2022-07-12 00:53:31.376,0,train,43.815396228996754,0
normal,N0425,14118,9,24,2022-07-12 00:53:36.808,0,train,53.50804359997064,0
normal,N0425,14119,10,24,2022-07-12 00:53:36.908,0,train,58.48985447621615,0
normal,N0425,14120,11,24,2022-07-12 00:53:37.008,0,train,95.55904663385036,0
normal,N0425,14121,12,24,2022-07-12 00:53:37.108,0,train,74.58647715582767,0
normal,N0425,14122,13,24,2022-07-12 00:53:37.208,0,train,60.395773009404415,0
normal,N0425,14123,14,24,2022-07-12 00:53:37.308,0,train,76.50149341399288,0
normal,N0425,14124,15,24,2022-07-12 00:53:37.408,0,train,61.49464839106074,0
normal,N0425,14125,16,24,2022-07-12 00:53:37.508,0,train,67.4086304170995,0
normal,N0425,14126,17,24,2022-07-12 00:53:37.608,0,train,49.45948068212988,0
normal,N0425,14127,18,24,2022-07-12 00:53:37.708,0,train,42.206341438965275,0
normal,N0425,14128,19,24,2022-07-12 00:53:37.808,0,train,38.93096750568497,0
normal,N0425,14129,20,24,2022-07-12 00:53:37.908,0,train,98.51452791265854,0
normal,N0425,14130,21,24,2022-07-12 00:53:38.008,0,train,64.0656567785727,0
normal,N0425,14131,22,24,2022-07-12 00:53:38.108,0,train,60.71456240936622,0
normal,N0425,14132,23,24,2022-07-12 00:53:38.208,0,train,66.93849442821744,0
normal,N0426,14142,9,11,2022-07-12 00:53:44.647,0,train,17.816560266885087,0
normal,N0426,14143,10,11,2022-07-12 00:53:44.747,0,train,36.25196539766607,0
normal,N0428,14203,9,50,2022-07-12 00:54:00.903,0,train,17.873405098608377,0
normal,N0428,14204,10,50,2022-07-12 00:54:01.003,0,train,28.77923986314285,0
normal,N0428,14205,11,50,2022-07-12 00:54:01.103,0,train,20.534560908382677,0
normal,N0428,14206,12,50,2022-07-12 00:54:01.203,0,train,21.054415614839776,0
normal,N0428,14207,13,50,2022-07-12 00:54:01.303,0,train,16.362090432745863,0
normal,N0428,14208,14,50,2022-07-12 00:54:01.403,0,train,20.01162748494069,0
normal,N0428,14209,15,50,2022-07-12 00:54:01.503,0,train,25.822263031439974,0
normal,N0428,14210,16,50,2022-07-12 00:54:01.603,0,train,27.285779424402378,0
normal,N0428,14211,17,50,2022-07-12 00:54:01.703,0,train,30.448191895334663,0
normal,N0428,14212,18,50,2022-07-12 00:54:01.803,0,train,22.72418980819701,0
normal,N0428,14213,19,50,2022-07-12 00:54:01.903,0,train,23.785815810004756,0
normal,N0428,14214,20,50,2022-07-12 00:54:02.003,0,train,25.578104227372396,0
normal,N0428,14215,21,50,2022-07-12 00:54:02.103,0,train,43.09147121009773,0
normal,N0428,14216,22,50,2022-07-12 00:54:02.203,0,train,22.57861521493352,0
normal,N0428,14217,23,50,2022-07-12 00:54:02.303,0,train,21.153136220603518,0
normal,N0428,14218,24,50,2022-07-12 00:54:02.403,0,train,29.878507210128383,0
normal,N0428,14219,25,50,2022-07-12 00:54:02.503,0,train,20.290579231930778,0
normal,N0428,14220,26,50,2022-07-12 00:54:02.603,0,train,17.037322063143787,0
normal,N0428,14221,27,50,2022-07-12 00:54:02.703,0,train,23.301593464103227,0
normal,N0428,14222,28,50,2022-07-12 00:54:02.803,0,train,25.286373305920232,0
normal,N0428,14223,29,50,2022-07-12 00:54:02.903,0,train,18.11468888811886,0
normal,N0428,14224,30,50,2022-07-12 00:54:03.003,0,train,17.613553439986823,0
normal,N0428,14225,31,50,2022-07-12 00:54:03.103,0,train,21.83383980829071,0
normal,N0428,14226,32,50,2022-07-12 00:54:03.203,0,train,33.71413830607856,0
normal,N0428,14227,33,50,2022-07-12 00:54:03.303,0,train,25.068886699372282,0
normal,N0428,14228,34,50,2022-07-12 00:54:03.403,0,train,29.72427252626054,0
normal,N0428,14229,35,50,2022-07-12 00:54:03.503,0,train,21.08149048297499,0
normal,N0428,14230,36,50,2022-07-12 00:54:03.603,0,train,17.977826576387802,0
normal,N0428,14231,37,50,2022-07-12 00:54:03.703,0,train,17.577372398881042,0
normal,N0428,14232,38,50,2022-07-12 00:54:03.803,0,train,22.916587332279097,0
normal,N0428,14233,39,50,2022-07-12 00:54:03.903,0,train,28.464082124850933,0
normal,N0428,14234,40,50,2022-07-12 00:54:04.003,0,train,24.658292360557663,0
normal,N0428,14235,41,50,2022-07-12 00:54:04.103,0,train,32.975415670748006,0
normal,N0428,14236,42,50,2022-07-12 00:54:04.203,0,train,29.868121023782642,0
normal,N0428,14237,43,50,2022-07-12 00:54:04.303,0,train,27.289224919428744,0
normal,N0428,14238,44,50,2022-07-12 00:54:04.403,0,train,24.125135419985405,0
normal,N0428,14239,45,50,2022-07-12 00:54:04.503,0,train,28.676674466874715,0
normal,N0428,14240,46,50,2022-07-12 00:54:04.603,0,train,23.3502563082189,0
normal,N0428,14241,47,50,2022-07-12 00:54:04.703,0,train,23.851338582175057,0
normal,N0428,14242,48,50,2022-07-12 00:54:04.803,0,train,29.4103106628649,0
normal,N0428,14243,49,50,2022-07-12 00:54:04.903,0,train,30.151825383589177,0
normal,N0429,14253,9,39,2022-07-12 00:54:08.675,0,train,62.76661806883107,0
normal,N0429,14254,10,39,2022-07-12 00:54:08.775,0,train,69.87442726232655,0
normal,N0429,14255,11,39,2022-07-12 00:54:08.875,0,train,57.80904550804018,0
normal,N0429,14256,12,39,2022-07-12 00:54:08.975,0,train,58.76490830324325,0
normal,N0429,14257,13,39,2022-07-12 00:54:09.075,0,train,122.42895364203312,0
normal,N0429,14258,14,39,2022-07-12 00:54:09.175,0,train,90.29164539072065,0
normal,N0429,14259,15,39,2022-07-12 00:54:09.275,0,train,107.5925265648997,0
normal,N0429,14260,16,39,2022-07-12 00:54:09.375,0,train,50.13049513603696,0
normal,N0429,14261,17,39,2022-07-12 00:54:09.475,0,train,53.51791028296952,0
normal,N0429,14262,18,39,2022-07-12 00:54:09.575,0,train,67.87099905788617,0
normal,N0429,14263,19,39,2022-07-12 00:54:09.675,0,train,122.48015555659622,0
normal,N0429,14264,20,39,2022-07-12 00:54:09.775,0,train,56.19911921056314,0
normal,N0429,14265,21,39,2022-07-12 00:54:09.875,0,train,55.78798106805753,0
normal,N0429,14266,22,39,2022-07-12 00:54:09.975,0,train,62.46599599613604,0
normal,N0429,14267,23,39,2022-07-12 00:54:10.075,0,train,31.968280038540378,0
normal,N0429,14268,24,39,2022-07-12 00:54:10.175,0,train,27.440347653684544,0
normal,N0429,14269,25,39,2022-07-12 00:54:10.275,0,train,21.80421758884557,0
normal,N0429,14270,26,39,2022-07-12 00:54:10.375,0,train,27.118375862817473,0
normal,N0429,14271,27,39,2022-07-12 00:54:10.475,0,train,25.689463730923272,0
normal,N0429,14272,28,39,2022-07-12 00:54:10.575,0,train,38.93466731886303,0
normal,N0429,14273,29,39,2022-07-12 00:54:10.675,0,train,36.90340974749962,0
normal,N0429,14274,30,39,2022-07-12 00:54:10.775,0,train,49.372660436358835,0
normal,N0429,14275,31,39,2022-07-12 00:54:10.875,0,train,73.05002894551616,0
normal,N0429,14276,32,39,2022-07-12 00:54:10.975,0,train,88.39360546459784,0
normal,N0429,14277,33,39,2022-07-12 00:54:11.075,0,train,87.8729717534882,0
normal,N0429,14278,34,39,2022-07-12 00:54:11.175,0,train,81.36822404066781,0
normal,N0429,14279,35,39,2022-07-12 00:54:11.275,0,train,77.51248269089672,0
normal,N0429,14280,36,39,2022-07-12 00:54:11.375,0,train,120.65190099370001,0
normal,N0429,14281,37,39,2022-07-12 00:54:11.475,0,train,131.31102894913363,0
normal,N0429,14282,38,39,2022-07-12 00:54:11.575,0,train,125.54821738677218,0
normal,N0430,14292,9,28,2022-07-12 00:54:16.682,0,train,56.73174736045592,0
normal,N0430,14293,10,28,2022-07-12 00:54:16.782,0,train,67.15407804333023,0
normal,N0430,14294,11,28,2022-07-12 00:54:16.882,0,train,71.22482631292482,0
normal,N0430,14295,12,28,2022-07-12 00:54:16.982,0,train,58.74983420391335,0
normal,N0430,14296,13,28,2022-07-12 00:54:17.082,0,train,61.267302241278536,0
normal,N0430,14297,14,28,2022-07-12 00:54:17.182,0,train,61.39667154225841,0
normal,N0430,14298,15,28,2022-07-12 00:54:17.282,0,train,83.89415953764195,0
normal,N0430,14299,16,28,2022-07-12 00:54:17.382,0,train,44.83885171407996,0
normal,N0430,14300,17,28,2022-07-12 00:54:17.482,0,train,41.54358255581716,0
normal,N0430,14301,18,28,2022-07-12 00:54:17.582,0,train,41.338674225111674,0
normal,N0430,14302,19,28,2022-07-12 00:54:17.682,0,train,35.91646204263597,0
normal,N0430,14303,20,28,2022-07-12 00:54:17.782,0,train,39.83460872312696,0
normal,N0430,14304,21,28,2022-07-12 00:54:17.882,0,train,39.56544295797165,0
normal,N0430,14305,22,28,2022-07-12 00:54:17.982,0,train,37.42241318799396,0
normal,N0430,14306,23,28,2022-07-12 00:54:18.082,0,train,75.96783239945323,0
normal,N0430,14307,24,28,2022-07-12 00:54:18.182,0,train,36.08989208521107,0
normal,N0430,14308,25,28,2022-07-12 00:54:18.282,0,train,46.80454116168084,0
normal,N0430,14309,26,28,2022-07-12 00:54:18.382,0,train,42.61104188694653,0
normal,N0430,14310,27,28,2022-07-12 00:54:18.482,0,train,42.516967599745804,0
normal,N0431,14320,9,25,2022-07-12 00:54:24.863,0,train,88.04045758599413,0
normal,N0431,14321,10,25,2022-07-12 00:54:24.963,0,train,129.30894045069044,0
normal,N0431,14322,11,25,2022-07-12 00:54:25.063,0,train,61.06958702419216,0
normal,N0431,14323,12,25,2022-07-12 00:54:25.163,0,train,60.839756709326515,0
normal,N0431,14324,13,25,2022-07-12 00:54:25.263,0,train,40.69492903110037,0
normal,N0431,14325,14,25,2022-07-12 00:54:25.363,0,train,39.111543829304615,0
normal,N0431,14326,15,25,2022-07-12 00:54:25.463,0,train,32.245486756226136,0
normal,N0431,14327,16,25,2022-07-12 00:54:25.563,0,train,39.31851403286909,0
normal,N0431,14328,17,25,2022-07-12 00:54:25.663,0,train,40.62978766629865,0
normal,N0431,14329,18,25,2022-07-12 00:54:25.763,0,train,33.724253601660294,0
normal,N0431,14330,19,25,2022-07-12 00:54:25.863,0,train,26.334188833467497,0
normal,N0431,14331,20,25,2022-07-12 00:54:25.963,0,train,45.189490267115296,0
normal,N0431,14332,21,25,2022-07-12 00:54:26.063,0,train,48.35326795768787,0
normal,N0431,14333,22,25,2022-07-12 00:54:26.163,0,train,48.620302226552134,0
normal,N0431,14334,23,25,2022-07-12 00:54:26.263,0,train,40.37289277589699,0
normal,N0431,14335,24,25,2022-07-12 00:54:26.363,0,train,47.23928329658594,0
normal,N0433,14356,9,50,2022-07-12 00:54:42.236,0,train,29.791804069809046,0
normal,N0433,14357,10,50,2022-07-12 00:54:42.336,0,train,30.802284665839963,0
normal,N0433,14358,11,50,2022-07-12 00:54:42.436,0,train,54.5062371244918,0
normal,N0433,14359,12,50,2022-07-12 00:54:42.536,0,train,45.47823807988752,0
normal,N0433,14360,13,50,2022-07-12 00:54:42.636,0,train,41.48093754403029,0
normal,N0433,14361,14,50,2022-07-12 00:54:42.736,0,train,42.62146964657385,0
normal,N0433,14362,15,50,2022-07-12 00:54:42.836,0,train,42.83173589476481,0
normal,N0433,14363,16,50,2022-07-12 00:54:42.936,0,train,37.15579870067093,0
normal,N0433,14364,17,50,2022-07-12 00:54:43.036,0,train,36.43241575500414,0
normal,N0433,14365,18,50,2022-07-12 00:54:43.136,0,train,30.35440467787986,0
normal,N0433,14366,19,50,2022-07-12 00:54:43.236,0,train,39.06413249957796,0
normal,N0433,14367,20,50,2022-07-12 00:54:43.336,0,train,32.31243738115283,0
normal,N0433,14368,21,50,2022-07-12 00:54:43.436,0,train,38.388929762985185,0
normal,N0433,14369,22,50,2022-07-12 00:54:43.536,0,train,71.78697866370118,0
normal,N0433,14370,23,50,2022-07-12 00:54:43.636,0,train,45.060711742060136,0
normal,N0433,14371,24,50,2022-07-12 00:54:43.736,0,train,36.63444489006715,0
normal,N0433,14372,25,50,2022-07-12 00:54:43.836,0,train,36.05055410682193,0
normal,N0433,14373,26,50,2022-07-12 00:54:43.936,0,train,36.49475365019463,0
normal,N0433,14374,27,50,2022-07-12 00:54:44.036,0,train,31.88121380937797,0
normal,N0433,14375,28,50,2022-07-12 00:54:44.136,0,train,44.287268763834376,0
normal,N0433,14376,29,50,2022-07-12 00:54:44.236,0,train,46.10764848864016,0
normal,N0433,14377,30,50,2022-07-12 00:54:44.336,0,train,66.35641713255195,0
normal,N0433,14378,31,50,2022-07-12 00:54:44.436,0,train,57.89888028133395,0
normal,N0433,14379,32,50,2022-07-12 00:54:44.536,0,train,59.99520556475884,0
normal,N0433,14380,33,50,2022-07-12 00:54:44.636,0,train,46.02255375313547,0
normal,N0433,14381,34,50,2022-07-12 00:54:44.736,0,train,42.62297890761643,0
normal,N0433,14382,35,50,2022-07-12 00:54:44.836,0,train,38.14091570203925,0
normal,N0433,14383,36,50,2022-07-12 00:54:44.936,0,train,31.352227720451985,0
normal,N0433,14384,37,50,2022-07-12 00:54:45.036,0,train,53.01659089855321,0
normal,N0433,14385,38,50,2022-07-12 00:54:45.136,0,train,47.73814484465553,0
normal,N0433,14386,39,50,2022-07-12 00:54:45.236,0,train,53.11450149878353,0
normal,N0433,14387,40,50,2022-07-12 00:54:45.336,0,train,53.88875344250186,0
normal,N0433,14388,41,50,2022-07-12 00:54:45.436,0,train,45.75580335275028,0
normal,N0433,14389,42,50,2022-07-12 00:54:45.536,0,train,38.36158655537832,0
normal,N0433,14390,43,50,2022-07-12 00:54:45.636,0,train,40.76849704691998,0
normal,N0433,14391,44,50,2022-07-12 00:54:45.736,0,train,49.1165804546495,0
normal,N0433,14392,45,50,2022-07-12 00:54:45.836,0,train,62.60131124820067,0
normal,N0433,14393,46,50,2022-07-12 00:54:45.936,0,train,49.624727842070016,0
normal,N0433,14394,47,50,2022-07-12 00:54:46.036,0,train,44.41405860972755,0
normal,N0433,14395,48,50,2022-07-12 00:54:46.136,0,train,42.54007369028946,0
normal,N0433,14396,49,50,2022-07-12 00:54:46.236,0,train,41.19999369586589,0
normal,N0434,14406,9,49,2022-07-12 00:54:48.944,0,train,27.551703695144738,0
normal,N0434,14407,10,49,2022-07-12 00:54:49.044,0,train,25.049596642281717,0
normal,N0434,14408,11,49,2022-07-12 00:54:49.144,0,train,24.761113027712376,0
normal,N0434,14409,12,49,2022-07-12 00:54:49.244,0,train,25.79015038207675,0
normal,N0434,14410,13,49,2022-07-12 00:54:49.344,0,train,29.742774671212615,0
normal,N0434,14411,14,49,2022-07-12 00:54:49.444,0,train,22.195057651316812,0
normal,N0434,14412,15,49,2022-07-12 00:54:49.544,0,train,19.53429300362409,0
normal,N0434,14413,16,49,2022-07-12 00:54:49.644,0,train,17.515898851506055,0
normal,N0434,14414,17,49,2022-07-12 00:54:49.744,0,train,23.019962712126972,0
normal,N0434,14415,18,49,2022-07-12 00:54:49.844,0,train,30.696235755031207,0
normal,N0434,14416,19,49,2022-07-12 00:54:49.944,0,train,29.263220592915577,0
normal,N0434,14417,20,49,2022-07-12 00:54:50.044,0,train,43.92885668466314,0
normal,N0434,14418,21,49,2022-07-12 00:54:50.144,0,train,37.46431633350289,0
normal,N0434,14419,22,49,2022-07-12 00:54:50.244,0,train,38.66397328179774,0
normal,N0434,14420,23,49,2022-07-12 00:54:50.344,0,train,33.78273034286263,0
normal,N0434,14421,24,49,2022-07-12 00:54:50.444,0,train,31.240470927028962,0
normal,N0434,14422,25,49,2022-07-12 00:54:50.544,0,train,28.226953275396205,0
normal,N0434,14423,26,49,2022-07-12 00:54:50.644,0,train,32.1099189131212,0
normal,N0434,14424,27,49,2022-07-12 00:54:50.744,0,train,43.52568064491259,0
normal,N0434,14425,28,49,2022-07-12 00:54:50.844,0,train,52.44946989839035,0
normal,N0434,14426,29,49,2022-07-12 00:54:50.944,0,train,44.31246431052956,0
normal,N0434,14427,30,49,2022-07-12 00:54:51.044,0,train,35.44675694993298,0
normal,N0434,14428,31,49,2022-07-12 00:54:51.144,0,train,35.62173689470087,0
normal,N0434,14429,32,49,2022-07-12 00:54:51.244,0,train,31.19207016198742,0
normal,N0434,14430,33,49,2022-07-12 00:54:51.344,0,train,23.872468488658715,0
normal,N0434,14431,34,49,2022-07-12 00:54:51.444,0,train,22.08349458271184,0
normal,N0434,14432,35,49,2022-07-12 00:54:51.544,0,train,23.54643485757698,0
normal,N0434,14433,36,49,2022-07-12 00:54:51.644,0,train,37.157907882530196,0
normal,N0434,14434,37,49,2022-07-12 00:54:51.744,0,train,31.540948337456236,0
normal,N0434,14435,38,49,2022-07-12 00:54:51.844,0,train,27.166984924806858,0
normal,N0434,14436,39,49,2022-07-12 00:54:51.944,0,train,18.583348979593527,0
normal,N0434,14437,40,49,2022-07-12 00:54:52.044,0,train,22.429366833683265,0
normal,N0434,14438,41,49,2022-07-12 00:54:52.144,0,train,28.452704871864427,0
normal,N0434,14439,42,49,2022-07-12 00:54:52.244,0,train,28.931147004967954,0
normal,N0434,14440,43,49,2022-07-12 00:54:52.344,0,train,27.30788052820942,0
normal,N0434,14441,44,49,2022-07-12 00:54:52.444,0,train,34.331578729130236,0
normal,N0434,14442,45,49,2022-07-12 00:54:52.544,0,train,32.381497228888904,0
normal,N0434,14443,46,49,2022-07-12 00:54:52.644,0,train,26.631671639826468,0
normal,N0434,14444,47,49,2022-07-12 00:54:52.744,0,train,26.646321381727088,0
normal,N0434,14445,48,49,2022-07-12 00:54:52.844,0,train,37.51496742794497,0
normal,N0435,14455,9,35,2022-07-12 00:54:56.993,0,train,57.481490858801045,0
normal,N0435,14456,10,35,2022-07-12 00:54:57.093,0,train,65.41729740815525,0
normal,N0435,14457,11,35,2022-07-12 00:54:57.193,0,train,71.75681642977344,0
normal,N0435,14458,12,35,2022-07-12 00:54:57.293,0,train,72.98624077727645,0
normal,N0435,14459,13,35,2022-07-12 00:54:57.393,0,train,86.09175145571233,0
normal,N0435,14460,14,35,2022-07-12 00:54:57.493,0,train,76.75721844418227,0
normal,N0435,14461,15,35,2022-07-12 00:54:57.593,0,train,74.87720796293115,0
normal,N0435,14462,16,35,2022-07-12 00:54:57.693,0,train,82.62153020810646,0
normal,N0435,14463,17,35,2022-07-12 00:54:57.793,0,train,94.20991418192601,0
normal,N0435,14464,18,35,2022-07-12 00:54:57.893,0,train,59.89135918361704,0
normal,N0435,14465,19,35,2022-07-12 00:54:57.993,0,train,47.98174741805789,0
normal,N0435,14466,20,35,2022-07-12 00:54:58.093,0,train,57.62321110882912,0
normal,N0435,14467,21,35,2022-07-12 00:54:58.193,0,train,58.648239341873925,0
normal,N0435,14468,22,35,2022-07-12 00:54:58.293,0,train,36.540927995428994,0
normal,N0435,14469,23,35,2022-07-12 00:54:58.393,0,train,49.571182023194254,0
normal,N0435,14470,24,35,2022-07-12 00:54:58.493,0,train,48.108774779476576,0
normal,N0435,14471,25,35,2022-07-12 00:54:58.593,0,train,58.29667304759168,0
normal,N0435,14472,26,35,2022-07-12 00:54:58.693,0,train,51.28939949162051,0
normal,N0435,14473,27,35,2022-07-12 00:54:58.793,0,train,46.264650570370776,0
normal,N0435,14474,28,35,2022-07-12 00:54:58.893,0,train,35.84686281291197,0
normal,N0435,14475,29,35,2022-07-12 00:54:58.993,0,train,31.14110905610153,0
normal,N0435,14476,30,35,2022-07-12 00:54:59.093,0,train,24.587967925469936,0
normal,N0435,14477,31,35,2022-07-12 00:54:59.193,0,train,32.54304370712094,0
normal,N0435,14478,32,35,2022-07-12 00:54:59.293,0,train,39.751140775794006,0
normal,N0435,14479,33,35,2022-07-12 00:54:59.393,0,train,63.76034520168226,0
normal,N0435,14480,34,35,2022-07-12 00:54:59.493,0,train,58.847219486388475,0
normal,N0436,14490,9,22,2022-07-12 00:55:04.988,0,train,49.885764195008086,0
normal,N0436,14491,10,22,2022-07-12 00:55:05.088,0,train,45.75101681118226,0
normal,N0436,14492,11,22,2022-07-12 00:55:05.188,0,train,42.15632640442127,0
normal,N0436,14493,12,22,2022-07-12 00:55:05.288,0,train,42.363706785191525,0
normal,N0436,14494,13,22,2022-07-12 00:55:05.388,0,train,28.874279821046322,0
normal,N0436,14495,14,22,2022-07-12 00:55:05.488,0,train,37.095269702917385,0
normal,N0436,14496,15,22,2022-07-12 00:55:05.588,0,train,63.592354325256935,0
normal,N0436,14497,16,22,2022-07-12 00:55:05.688,0,train,83.16246144770561,0
normal,N0436,14498,17,22,2022-07-12 00:55:05.788,0,train,69.57103221609482,0
normal,N0436,14499,18,22,2022-07-12 00:55:05.888,0,train,38.429702170904235,0
normal,N0436,14500,19,22,2022-07-12 00:55:05.988,0,train,32.379631365148256,0
normal,N0436,14501,20,22,2022-07-12 00:55:06.088,0,train,35.40571187625738,0
normal,N0436,14502,21,22,2022-07-12 00:55:06.188,0,train,38.93238177598,0
normal,N0438,14522,9,50,2022-07-12 00:55:22.068,0,train,31.74328025332227,0
normal,N0438,14523,10,50,2022-07-12 00:55:22.168,0,train,37.97125260524678,0
normal,N0438,14524,11,50,2022-07-12 00:55:22.268,0,train,25.06693766852437,0
normal,N0438,14525,12,50,2022-07-12 00:55:22.368,0,train,29.207304687051817,0
normal,N0438,14526,13,50,2022-07-12 00:55:22.468,0,train,31.32368448717365,0
normal,N0438,14527,14,50,2022-07-12 00:55:22.568,0,train,26.308786908456018,0
normal,N0438,14528,15,50,2022-07-12 00:55:22.668,0,train,33.02507058638807,0
normal,N0438,14529,16,50,2022-07-12 00:55:22.768,0,train,30.433752019564835,0
normal,N0438,14530,17,50,2022-07-12 00:55:22.868,0,train,34.67524382302843,0
normal,N0438,14531,18,50,2022-07-12 00:55:22.968,0,train,18.54388340712598,0
normal,N0438,14532,19,50,2022-07-12 00:55:23.068,0,train,16.295252684522083,0
normal,N0438,14533,20,50,2022-07-12 00:55:23.168,0,train,27.182485347468518,0
normal,N0438,14534,21,50,2022-07-12 00:55:23.268,0,train,21.408762881355145,0
normal,N0438,14535,22,50,2022-07-12 00:55:23.368,0,train,19.510763053355454,0
normal,N0438,14536,23,50,2022-07-12 00:55:23.468,0,train,22.640610435917594,0
normal,N0438,14537,24,50,2022-07-12 00:55:23.568,0,train,23.340820873918453,0
normal,N0438,14538,25,50,2022-07-12 00:55:23.668,0,train,28.192898600066414,0
normal,N0438,14539,26,50,2022-07-12 00:55:23.768,0,train,28.060944528029566,0
normal,N0438,14540,27,50,2022-07-12 00:55:23.868,0,train,23.8648780928817,0
normal,N0438,14541,28,50,2022-07-12 00:55:23.968,0,train,35.47125045933048,0
normal,N0438,14542,29,50,2022-07-12 00:55:24.068,0,train,30.762656155727118,0
normal,N0438,14543,30,50,2022-07-12 00:55:24.168,0,train,28.4751648651468,0
normal,N0438,14544,31,50,2022-07-12 00:55:24.268,0,train,27.758141897085807,0
normal,N0438,14545,32,50,2022-07-12 00:55:24.368,0,train,22.125492423939534,0
normal,N0438,14546,33,50,2022-07-12 00:55:24.468,0,train,19.7090507848752,0
normal,N0438,14547,34,50,2022-07-12 00:55:24.568,0,train,46.31646787596666,0
normal,N0438,14548,35,50,2022-07-12 00:55:24.668,0,train,24.073549058013647,0
normal,N0438,14549,36,50,2022-07-12 00:55:24.768,0,train,23.14837322909245,0
normal,N0438,14550,37,50,2022-07-12 00:55:24.868,0,train,20.13671337157892,0
normal,N0438,14551,38,50,2022-07-12 00:55:24.968,0,train,21.232952100836066,0
normal,N0438,14552,39,50,2022-07-12 00:55:25.068,0,train,17.843994983557753,0
normal,N0438,14553,40,50,2022-07-12 00:55:25.168,0,train,16.43652168836957,0
normal,N0438,14554,41,50,2022-07-12 00:55:25.268,0,train,17.868733090562312,0
normal,N0438,14555,42,50,2022-07-12 00:55:25.368,0,train,25.779916634660843,0
normal,N0438,14556,43,50,2022-07-12 00:55:25.468,0,train,23.054567672544767,0
normal,N0438,14557,44,50,2022-07-12 00:55:25.568,0,train,17.781213567023613,0
normal,N0438,14558,45,50,2022-07-12 00:55:25.668,0,train,29.691515402252573,0
normal,N0438,14559,46,50,2022-07-12 00:55:25.768,0,train,27.604077912662493,0
normal,N0438,14560,47,50,2022-07-12 00:55:25.868,0,train,27.825472670839893,0
normal,N0438,14561,48,50,2022-07-12 00:55:25.968,0,train,24.613974600712243,0
normal,N0438,14562,49,50,2022-07-12 00:55:26.068,0,train,30.866592653655264,0
normal,N0439,14572,9,49,2022-07-12 00:55:29.158,0,train,46.22700704290768,0
normal,N0439,14573,10,49,2022-07-12 00:55:29.258,0,train,39.253096881381765,0
normal,N0439,14574,11,49,2022-07-12 00:55:29.358,0,train,39.5844898290858,0
normal,N0439,14575,12,49,2022-07-12 00:55:29.458,0,train,35.246549727451,0
normal,N0439,14576,13,49,2022-07-12 00:55:29.558,0,train,35.23708529590339,0
normal,N0439,14577,14,49,2022-07-12 00:55:29.658,0,train,42.867808575511994,0
normal,N0439,14578,15,49,2022-07-12 00:55:29.758,0,train,27.677861880173783,0
normal,N0439,14579,16,49,2022-07-12 00:55:29.858,0,train,31.558542077521594,0
normal,N0439,14580,17,49,2022-07-12 00:55:29.958,0,train,26.89764502143683,0
normal,N0439,14581,18,49,2022-07-12 00:55:30.058,0,train,32.378910269844354,0
normal,N0439,14582,19,49,2022-07-12 00:55:30.158,0,train,47.08604035499731,0
normal,N0439,14583,20,49,2022-07-12 00:55:30.258,0,train,40.440037550056445,0
normal,N0439,14584,21,49,2022-07-12 00:55:30.358,0,train,39.68683485775996,0
normal,N0439,14585,22,49,2022-07-12 00:55:30.458,0,train,40.996974591996064,0
normal,N0439,14586,23,49,2022-07-12 00:55:30.558,0,train,50.52622965660839,0
normal,N0439,14587,24,49,2022-07-12 00:55:30.658,0,train,46.80700639138932,0
normal,N0439,14588,25,49,2022-07-12 00:55:30.758,0,train,38.15393251851982,0
normal,N0439,14589,26,49,2022-07-12 00:55:30.858,0,train,44.52104393854568,0
normal,N0439,14590,27,49,2022-07-12 00:55:30.958,0,train,46.688950554058835,0
normal,N0439,14591,28,49,2022-07-12 00:55:31.058,0,train,41.09915241460981,0
normal,N0439,14592,29,49,2022-07-12 00:55:31.158,0,train,43.4448426663572,0
normal,N0439,14593,30,49,2022-07-12 00:55:31.258,0,train,43.056782245548646,0
normal,N0439,14594,31,49,2022-07-12 00:55:31.358,0,train,35.82452494758745,0
normal,N0439,14595,32,49,2022-07-12 00:55:31.458,0,train,41.60439491818831,0
normal,N0439,14596,33,49,2022-07-12 00:55:31.558,0,train,29.027559761543476,0
normal,N0439,14597,34,49,2022-07-12 00:55:31.658,0,train,46.37153387698874,0
normal,N0439,14598,35,49,2022-07-12 00:55:31.758,0,train,72.48976248937488,0
normal,N0439,14599,36,49,2022-07-12 00:55:31.858,0,train,148.0753258843083,1
normal,N0439,14600,37,49,2022-07-12 00:55:31.958,0,train,95.95416472208956,0
normal,N0439,14601,38,49,2022-07-12 00:55:32.058,0,train,79.48640540894257,0
normal,N0439,14602,39,49,2022-07-12 00:55:32.158,0,train,96.71246841032473,0
normal,N0439,14603,40,49,2022-07-12 00:55:32.258,0,train,82.79128447199408,0
normal,N0439,14604,41,49,2022-07-12 00:55:32.358,0,train,88.84025885565055,0
normal,N0439,14605,42,49,2022-07-12 00:55:32.458,0,train,57.42448012919178,0
normal,N0439,14606,43,49,2022-07-12 00:55:32.558,0,train,67.88207316908606,0
normal,N0439,14607,44,49,2022-07-12 00:55:32.658,0,train,82.9999813957967,0
normal,N0439,14608,45,49,2022-07-12 00:55:32.758,0,train,55.33347850691289,0
normal,N0439,14609,46,49,2022-07-12 00:55:32.858,0,train,48.40410754969598,0
normal,N0439,14610,47,49,2022-07-12 00:55:32.958,0,train,39.79448661304299,0
normal,N0439,14611,48,49,2022-07-12 00:55:33.058,0,train,40.673366170973985,0
normal,N0440,14621,9,34,2022-07-12 00:55:37.368,0,train,62.72925238611864,0
normal,N0440,14622,10,34,2022-07-12 00:55:37.468,0,train,36.45237759858379,0
normal,N0440,14623,11,34,2022-07-12 00:55:37.568,0,train,50.45202467928198,0
normal,N0440,14624,12,34,2022-07-12 00:55:37.668,0,train,40.05644296180078,0
normal,N0440,14625,13,34,2022-07-12 00:55:37.768,0,train,39.40702815040915,0
normal,N0440,14626,14,34,2022-07-12 00:55:37.868,0,train,45.92511381191579,0
normal,N0440,14627,15,34,2022-07-12 00:55:37.968,0,train,41.23711217303901,0
normal,N0440,14628,16,34,2022-07-12 00:55:38.068,0,train,81.37070322814365,0
normal,N0440,14629,17,34,2022-07-12 00:55:38.168,0,train,53.356893892553835,0
normal,N0440,14630,18,34,2022-07-12 00:55:38.268,0,train,79.1285474757263,0
normal,N0440,14631,19,34,2022-07-12 00:55:38.368,0,train,98.0293881429052,0
normal,N0440,14632,20,34,2022-07-12 00:55:38.468,0,train,108.91031850863129,0
normal,N0440,14633,21,34,2022-07-12 00:55:38.568,0,train,108.77236555986325,0
normal,N0440,14634,22,34,2022-07-12 00:55:38.668,0,train,76.36677886025326,0
normal,N0440,14635,23,34,2022-07-12 00:55:38.768,0,train,69.2184031824712,0
normal,N0440,14636,24,34,2022-07-12 00:55:38.868,0,train,55.91603937115881,0
normal,N0440,14637,25,34,2022-07-12 00:55:38.968,0,train,63.16530908215013,0
normal,N0440,14638,26,34,2022-07-12 00:55:39.068,0,train,44.748824218997285,0
normal,N0440,14639,27,34,2022-07-12 00:55:39.168,0,train,66.56616078418755,0
normal,N0440,14640,28,34,2022-07-12 00:55:39.268,0,train,51.73970609347804,0
normal,N0440,14641,29,34,2022-07-12 00:55:39.368,0,train,52.20860087372612,0
normal,N0440,14642,30,34,2022-07-12 00:55:39.468,0,train,47.01256101973733,0
normal,N0440,14643,31,34,2022-07-12 00:55:39.568,0,train,75.06892671325352,0
normal,N0440,14644,32,34,2022-07-12 00:55:39.668,0,train,79.34796685744905,0
normal,N0440,14645,33,34,2022-07-12 00:55:39.768,0,train,88.42275797375898,0
normal,N0441,14655,9,17,2022-07-12 00:55:45.651,0,train,42.48224011399702,0
normal,N0441,14656,10,17,2022-07-12 00:55:45.751,0,train,40.369617410074525,0
normal,N0441,14657,11,17,2022-07-12 00:55:45.851,0,train,29.383529244478304,0
normal,N0441,14658,12,17,2022-07-12 00:55:45.951,0,train,38.12966092806333,0
normal,N0441,14659,13,17,2022-07-12 00:55:46.051,0,train,52.74530565723818,0
normal,N0441,14660,14,17,2022-07-12 00:55:46.151,0,train,42.53307849391481,0
normal,N0441,14661,15,17,2022-07-12 00:55:46.251,0,train,30.435999776136867,0
normal,N0441,14662,16,17,2022-07-12 00:55:46.351,0,train,27.272539367980837,0
normal,N0443,14676,9,50,2022-07-12 00:56:03.652,0,train,39.48566135927219,0
normal,N0443,14677,10,50,2022-07-12 00:56:03.752,0,train,42.20224705717137,0
normal,N0443,14678,11,50,2022-07-12 00:56:03.852,0,train,39.5273182760544,0
normal,N0443,14679,12,50,2022-07-12 00:56:03.952,0,train,57.41068438433954,0
normal,N0443,14680,13,50,2022-07-12 00:56:04.052,0,train,35.433725880540415,0
normal,N0443,14681,14,50,2022-07-12 00:56:04.152,0,train,44.46101452925808,0
normal,N0443,14682,15,50,2022-07-12 00:56:04.252,0,train,41.88886080836308,0
normal,N0443,14683,16,50,2022-07-12 00:56:04.352,0,train,34.29092570625137,0
normal,N0443,14684,17,50,2022-07-12 00:56:04.452,0,train,32.24253074041085,0
normal,N0443,14685,18,50,2022-07-12 00:56:04.552,0,train,48.1149644144193,0
normal,N0443,14686,19,50,2022-07-12 00:56:04.652,0,train,39.194610034613,0
normal,N0443,14687,20,50,2022-07-12 00:56:04.752,0,train,43.6223030929172,0
normal,N0443,14688,21,50,2022-07-12 00:56:04.852,0,train,30.879536400912095,0
normal,N0443,14689,22,50,2022-07-12 00:56:04.952,0,train,36.473676933129845,0
normal,N0443,14690,23,50,2022-07-12 00:56:05.052,0,train,76.50648810665172,0
normal,N0443,14691,24,50,2022-07-12 00:56:05.152,0,train,44.68411898596752,0
normal,N0443,14692,25,50,2022-07-12 00:56:05.252,0,train,36.317330693126806,0
normal,N0443,14693,26,50,2022-07-12 00:56:05.352,0,train,36.737691634700354,0
normal,N0443,14694,27,50,2022-07-12 00:56:05.452,0,train,33.254089632259614,0
normal,N0443,14695,28,50,2022-07-12 00:56:05.552,0,train,44.75598393494688,0
normal,N0443,14696,29,50,2022-07-12 00:56:05.652,0,train,29.743663479816036,0
normal,N0443,14697,30,50,2022-07-12 00:56:05.752,0,train,19.963243092808927,0
normal,N0443,14698,31,50,2022-07-12 00:56:05.852,0,train,25.616196748884747,0
normal,N0443,14699,32,50,2022-07-12 00:56:05.952,0,train,19.27363881237931,0
normal,N0443,14700,33,50,2022-07-12 00:56:06.052,0,train,21.133302327897876,0
normal,N0443,14701,34,50,2022-07-12 00:56:06.152,0,train,20.653292751292497,0
normal,N0443,14702,35,50,2022-07-12 00:56:06.252,0,train,34.1754722162723,0
normal,N0443,14703,36,50,2022-07-12 00:56:06.352,0,train,33.459632647252896,0
normal,N0443,14704,37,50,2022-07-12 00:56:06.452,0,train,43.43957323684266,0
normal,N0443,14705,38,50,2022-07-12 00:56:06.552,0,train,48.44188631222344,0
normal,N0443,14706,39,50,2022-07-12 00:56:06.652,0,train,42.68489322663969,0
normal,N0443,14707,40,50,2022-07-12 00:56:06.752,0,train,37.07554179912944,0
normal,N0443,14708,41,50,2022-07-12 00:56:06.852,0,train,62.298149809344935,0
normal,N0443,14709,42,50,2022-07-12 00:56:06.952,0,train,61.87224029425354,0
normal,N0443,14710,43,50,2022-07-12 00:56:07.052,0,train,77.00059712694386,0
normal,N0443,14711,44,50,2022-07-12 00:56:07.152,0,train,58.39528642178934,0
normal,N0443,14712,45,50,2022-07-12 00:56:07.252,0,train,74.72495752258796,0
normal,N0443,14713,46,50,2022-07-12 00:56:07.352,0,train,74.4313835872074,0
normal,N0443,14714,47,50,2022-07-12 00:56:07.452,0,train,53.22115115876405,0
normal,N0443,14715,48,50,2022-07-12 00:56:07.552,0,train,65.72862364967584,0
normal,N0443,14716,49,50,2022-07-12 00:56:07.652,0,train,89.10444116004147,0
normal,N0444,14726,9,50,2022-07-12 00:56:10.564,0,train,44.16787604452161,0
normal,N0444,14727,10,50,2022-07-12 00:56:10.664,0,train,50.869925219774785,0
normal,N0444,14728,11,50,2022-07-12 00:56:10.764,0,train,38.88589272855112,0
normal,N0444,14729,12,50,2022-07-12 00:56:10.864,0,train,50.5758299145113,0
normal,N0444,14730,13,50,2022-07-12 00:56:10.964,0,train,57.15322912845034,0
normal,N0444,14731,14,50,2022-07-12 00:56:11.064,0,train,59.66964786036581,0
normal,N0444,14732,15,50,2022-07-12 00:56:11.164,0,train,53.22390394810232,0
normal,N0444,14733,16,50,2022-07-12 00:56:11.264,0,train,42.65780597957044,0
normal,N0444,14734,17,50,2022-07-12 00:56:11.364,0,train,51.508968118863,0
normal,N0444,14735,18,50,2022-07-12 00:56:11.464,0,train,51.058902079335766,0
normal,N0444,14736,19,50,2022-07-12 00:56:11.564,0,train,36.22262825195623,0
normal,N0444,14737,20,50,2022-07-12 00:56:11.664,0,train,43.65324361172366,0
normal,N0444,14738,21,50,2022-07-12 00:56:11.764,0,train,36.41789977324608,0
normal,N0444,14739,22,50,2022-07-12 00:56:11.864,0,train,41.63084431665747,0
normal,N0444,14740,23,50,2022-07-12 00:56:11.964,0,train,64.87484201468266,0
normal,N0444,14741,24,50,2022-07-12 00:56:12.064,0,train,44.20645133330673,0
normal,N0444,14742,25,50,2022-07-12 00:56:12.164,0,train,40.38174175035021,0
normal,N0444,14743,26,50,2022-07-12 00:56:12.264,0,train,32.66672238591884,0
normal,N0444,14744,27,50,2022-07-12 00:56:12.364,0,train,36.487763515769394,0
normal,N0444,14745,28,50,2022-07-12 00:56:12.464,0,train,36.82207091017829,0
normal,N0444,14746,29,50,2022-07-12 00:56:12.564,0,train,35.09738989269191,0
normal,N0444,14747,30,50,2022-07-12 00:56:12.664,0,train,48.940201678195635,0
normal,N0444,14748,31,50,2022-07-12 00:56:12.764,0,train,76.70647802161577,0
normal,N0444,14749,32,50,2022-07-12 00:56:12.864,0,train,55.32882324962226,0
normal,N0444,14750,33,50,2022-07-12 00:56:12.964,0,train,31.212411702373107,0
normal,N0444,14751,34,50,2022-07-12 00:56:13.064,0,train,37.92054606445726,0
normal,N0444,14752,35,50,2022-07-12 00:56:13.164,0,train,63.17456944462966,0
normal,N0444,14753,36,50,2022-07-12 00:56:13.264,0,train,51.12189869843985,0
normal,N0444,14754,37,50,2022-07-12 00:56:13.364,0,train,41.84098416954463,0
normal,N0444,14755,38,50,2022-07-12 00:56:13.464,0,train,50.953172758047515,0
normal,N0444,14756,39,50,2022-07-12 00:56:13.564,0,train,44.803893008967535,0
normal,N0444,14757,40,50,2022-07-12 00:56:13.664,0,train,46.90180836034019,0
normal,N0444,14758,41,50,2022-07-12 00:56:13.764,0,train,49.04354572565258,0
normal,N0444,14759,42,50,2022-07-12 00:56:13.864,0,train,45.17211752492,0
normal,N0444,14760,43,50,2022-07-12 00:56:13.964,0,train,42.89988805431942,0
normal,N0444,14761,44,50,2022-07-12 00:56:14.064,0,train,34.27732941252391,0
normal,N0444,14762,45,50,2022-07-12 00:56:14.164,0,train,38.52828271172002,0
normal,N0444,14763,46,50,2022-07-12 00:56:14.264,0,train,43.18976912987366,0
normal,N0444,14764,47,50,2022-07-12 00:56:14.364,0,train,40.31878287253741,0
normal,N0444,14765,48,50,2022-07-12 00:56:14.464,0,train,69.48135608478468,0
normal,N0444,14766,49,50,2022-07-12 00:56:14.564,0,train,48.92221430578082,0
normal,N0445,14776,9,44,2022-07-12 00:56:17.727,0,train,48.24524620227853,0
normal,N0445,14777,10,44,2022-07-12 00:56:17.827,0,train,42.15357623699681,0
normal,N0445,14778,11,44,2022-07-12 00:56:17.927,0,train,52.519087388638916,0
normal,N0445,14779,12,44,2022-07-12 00:56:18.027,0,train,47.65466170859852,0
normal,N0445,14780,13,44,2022-07-12 00:56:18.127,0,train,59.18413996282104,0
normal,N0445,14781,14,44,2022-07-12 00:56:18.227,0,train,53.448829542533936,0
normal,N0445,14782,15,44,2022-07-12 00:56:18.327,0,train,46.59267903717179,0
normal,N0445,14783,16,44,2022-07-12 00:56:18.427,0,train,49.87499612250307,0
normal,N0445,14784,17,44,2022-07-12 00:56:18.527,0,train,40.73861144304115,0
normal,N0445,14785,18,44,2022-07-12 00:56:18.627,0,train,35.18172008277259,0
normal,N0445,14786,19,44,2022-07-12 00:56:18.727,0,train,47.3208182828104,0
normal,N0445,14787,20,44,2022-07-12 00:56:18.827,0,train,61.90959447337437,0
normal,N0445,14788,21,44,2022-07-12 00:56:18.927,0,train,48.379169873820054,0
normal,N0445,14789,22,44,2022-07-12 00:56:19.027,0,train,34.89234741992715,0
normal,N0445,14790,23,44,2022-07-12 00:56:19.127,0,train,24.99607236227785,0
normal,N0445,14791,24,44,2022-07-12 00:56:19.227,0,train,23.161821115459542,0
normal,N0445,14792,25,44,2022-07-12 00:56:19.327,0,train,27.986599799962125,0
normal,N0445,14793,26,44,2022-07-12 00:56:19.427,0,train,30.324405851030523,0
normal,N0445,14794,27,44,2022-07-12 00:56:19.527,0,train,32.64630112264156,0
normal,N0445,14795,28,44,2022-07-12 00:56:19.627,0,train,30.766979369231095,0
normal,N0445,14796,29,44,2022-07-12 00:56:19.727,0,train,49.73576575591359,0
normal,N0445,14797,30,44,2022-07-12 00:56:19.827,0,train,44.91285190491325,0
normal,N0445,14798,31,44,2022-07-12 00:56:19.927,0,train,39.63303019320665,0
normal,N0445,14799,32,44,2022-07-12 00:56:20.027,0,train,35.30105610682,0
normal,N0445,14800,33,44,2022-07-12 00:56:20.127,0,train,60.23785801741628,0
normal,N0445,14801,34,44,2022-07-12 00:56:20.227,0,train,49.26107714356184,0
normal,N0445,14802,35,44,2022-07-12 00:56:20.327,0,train,39.68451138127744,0
normal,N0445,14803,36,44,2022-07-12 00:56:20.427,0,train,48.428242411563716,0
normal,N0445,14804,37,44,2022-07-12 00:56:20.527,0,train,48.068774395077384,0
normal,N0445,14805,38,44,2022-07-12 00:56:20.627,0,train,62.2725952977831,0
normal,N0445,14806,39,44,2022-07-12 00:56:20.727,0,train,50.73344769454504,0
normal,N0445,14807,40,44,2022-07-12 00:56:20.827,0,train,51.85981403376173,0
normal,N0445,14808,41,44,2022-07-12 00:56:20.927,0,train,51.28577640264635,0
normal,N0445,14809,42,44,2022-07-12 00:56:21.027,0,train,45.79389370753106,0
normal,N0445,14810,43,44,2022-07-12 00:56:21.127,0,train,40.24933827782478,0
normal,N0446,14820,9,31,2022-07-12 00:56:25.732,0,train,36.30741558809027,0
normal,N0446,14821,10,31,2022-07-12 00:56:25.832,0,train,25.115824340567823,0
normal,N0446,14822,11,31,2022-07-12 00:56:25.932,0,train,29.129139924588436,0
normal,N0446,14823,12,31,2022-07-12 00:56:26.032,0,train,27.732860813007782,0
normal,N0446,14824,13,31,2022-07-12 00:56:26.132,0,train,29.181674347678698,0
normal,N0446,14825,14,31,2022-07-12 00:56:26.232,0,train,25.261456347477072,0
normal,N0446,14826,15,31,2022-07-12 00:56:26.332,0,train,22.32393652542838,0
normal,N0446,14827,16,31,2022-07-12 00:56:26.432,0,train,33.452206075538626,0
normal,N0446,14828,17,31,2022-07-12 00:56:26.532,0,train,25.095045368440076,0
normal,N0446,14829,18,31,2022-07-12 00:56:26.632,0,train,26.37824216565281,0
normal,N0446,14830,19,31,2022-07-12 00:56:26.732,0,train,39.046825263497354,0
normal,N0446,14831,20,31,2022-07-12 00:56:26.832,0,train,42.26823257559383,0
normal,N0446,14832,21,31,2022-07-12 00:56:26.932,0,train,26.19702818130117,0
normal,N0446,14833,22,31,2022-07-12 00:56:27.032,0,train,27.568036036468417,0
normal,N0446,14834,23,31,2022-07-12 00:56:27.132,0,train,29.636343669633217,0
normal,N0446,14835,24,31,2022-07-12 00:56:27.232,0,train,25.70575267141944,0
normal,N0446,14836,25,31,2022-07-12 00:56:27.332,0,train,25.245010675345387,0
normal,N0446,14837,26,31,2022-07-12 00:56:27.432,0,train,32.44632261442811,0
normal,N0446,14838,27,31,2022-07-12 00:56:27.532,0,train,31.556529998126756,0
normal,N0446,14839,28,31,2022-07-12 00:56:27.632,0,train,37.72582978331281,0
normal,N0446,14840,29,31,2022-07-12 00:56:27.732,0,train,31.90254561082168,0
normal,N0446,14841,30,31,2022-07-12 00:56:27.832,0,train,24.846074460379423,0
normal,N0449,14879,9,50,2022-07-12 00:56:50.784,0,train,62.9605633036774,0
normal,N0449,14880,10,50,2022-07-12 00:56:50.884,0,train,65.42138294311798,0
normal,N0449,14881,11,50,2022-07-12 00:56:50.984,0,train,57.96417318875575,0
normal,N0449,14882,12,50,2022-07-12 00:56:51.084,0,train,78.0616918132174,0
normal,N0449,14883,13,50,2022-07-12 00:56:51.184,0,train,54.65203485547237,0
normal,N0449,14884,14,50,2022-07-12 00:56:51.284,0,train,62.343250938375164,0
normal,N0449,14885,15,50,2022-07-12 00:56:51.384,0,train,61.231396575309766,0
normal,N0449,14886,16,50,2022-07-12 00:56:51.484,0,train,53.72006379772508,0
normal,N0449,14887,17,50,2022-07-12 00:56:51.584,0,train,38.383634018289726,0
normal,N0449,14888,18,50,2022-07-12 00:56:51.684,0,train,33.67380018819756,0
normal,N0449,14889,19,50,2022-07-12 00:56:51.784,0,train,42.70785770809902,0
normal,N0449,14890,20,50,2022-07-12 00:56:51.884,0,train,35.4636543502346,0
normal,N0449,14891,21,50,2022-07-12 00:56:51.984,0,train,60.536860440691854,0
normal,N0449,14892,22,50,2022-07-12 00:56:52.084,0,train,28.329563062024214,0
normal,N0449,14893,23,50,2022-07-12 00:56:52.184,0,train,26.125346884118485,0
normal,N0449,14894,24,50,2022-07-12 00:56:52.284,0,train,20.789448001263576,0
normal,N0449,14895,25,50,2022-07-12 00:56:52.384,0,train,36.00169846665946,0
normal,N0449,14896,26,50,2022-07-12 00:56:52.484,0,train,37.733257521721136,0
normal,N0449,14897,27,50,2022-07-12 00:56:52.584,0,train,73.00598117285382,0
normal,N0449,14898,28,50,2022-07-12 00:56:52.684,0,train,42.64448654402539,0
normal,N0449,14899,29,50,2022-07-12 00:56:52.784,0,train,44.694804114823704,0
normal,N0449,14900,30,50,2022-07-12 00:56:52.884,0,train,36.29789593931287,0
normal,N0449,14901,31,50,2022-07-12 00:56:52.984,0,train,33.292787355435486,0
normal,N0449,14902,32,50,2022-07-12 00:56:53.084,0,train,36.564946315814964,0
normal,N0449,14903,33,50,2022-07-12 00:56:53.184,0,train,42.319988815778245,0
normal,N0449,14904,34,50,2022-07-12 00:56:53.284,0,train,35.591924204137534,0
normal,N0449,14905,35,50,2022-07-12 00:56:53.384,0,train,35.649548444338194,0
normal,N0449,14906,36,50,2022-07-12 00:56:53.484,0,train,29.647121402462314,0
normal,N0449,14907,37,50,2022-07-12 00:56:53.584,0,train,45.90826844528303,0
normal,N0449,14908,38,50,2022-07-12 00:56:53.684,0,train,55.776139176213604,0
normal,N0449,14909,39,50,2022-07-12 00:56:53.784,0,train,49.250184466397144,0
normal,N0449,14910,40,50,2022-07-12 00:56:53.884,0,train,45.102875567280364,0
normal,N0449,14911,41,50,2022-07-12 00:56:53.984,0,train,44.239124157418445,0
normal,N0449,14912,42,50,2022-07-12 00:56:54.084,0,train,48.22520248817585,0
normal,N0449,14913,43,50,2022-07-12 00:56:54.184,0,train,32.663293240317934,0
normal,N0449,14914,44,50,2022-07-12 00:56:54.284,0,train,40.8096720001095,0
normal,N0449,14915,45,50,2022-07-12 00:56:54.384,0,train,80.8589411471596,0
normal,N0449,14916,46,50,2022-07-12 00:56:54.484,0,train,72.70767703609897,0
normal,N0449,14917,47,50,2022-07-12 00:56:54.584,0,train,49.33473457119788,0
normal,N0449,14918,48,50,2022-07-12 00:56:54.684,0,train,37.052977495201745,0
normal,N0449,14919,49,50,2022-07-12 00:56:54.784,0,train,32.75093214269684,0
normal,N0450,14929,9,48,2022-07-12 00:56:57.693,0,train,36.20502702426198,0
normal,N0450,14930,10,48,2022-07-12 00:56:57.793,0,train,30.441786140504178,0
normal,N0450,14931,11,48,2022-07-12 00:56:57.893,0,train,31.672199658386905,0
normal,N0450,14932,12,48,2022-07-12 00:56:57.993,0,train,45.315122871433985,0
normal,N0450,14933,13,48,2022-07-12 00:56:58.093,0,train,47.677953778241964,0
normal,N0450,14934,14,48,2022-07-12 00:56:58.193,0,train,39.83960429005312,0
normal,N0450,14935,15,48,2022-07-12 00:56:58.293,0,train,39.4172859947022,0
normal,N0450,14936,16,48,2022-07-12 00:56:58.393,0,train,77.41490624516034,0
normal,N0450,14937,17,48,2022-07-12 00:56:58.493,0,train,65.26347021678998,0
normal,N0450,14938,18,48,2022-07-12 00:56:58.593,0,train,54.29451430464372,0
normal,N0450,14939,19,48,2022-07-12 00:56:58.693,0,train,44.221750794312435,0
normal,N0450,14940,20,48,2022-07-12 00:56:58.793,0,train,54.20893554643172,0
normal,N0450,14941,21,48,2022-07-12 00:56:58.893,0,train,57.32519427278949,0
normal,N0450,14942,22,48,2022-07-12 00:56:58.993,0,train,57.39577305634093,0
normal,N0450,14943,23,48,2022-07-12 00:56:59.093,0,train,126.99543987547635,0
normal,N0450,14944,24,48,2022-07-12 00:56:59.193,0,train,75.26493099374129,0
normal,N0450,14945,25,48,2022-07-12 00:56:59.293,0,train,60.446525989869045,0
normal,N0450,14946,26,48,2022-07-12 00:56:59.393,0,train,60.665957159323234,0
normal,N0450,14947,27,48,2022-07-12 00:56:59.493,0,train,52.298195798350946,0
normal,N0450,14948,28,48,2022-07-12 00:56:59.593,0,train,57.29552426313742,0
normal,N0450,14949,29,48,2022-07-12 00:56:59.693,0,train,39.36384876292489,0
normal,N0450,14950,30,48,2022-07-12 00:56:59.793,0,train,37.39816055591814,0
normal,N0450,14951,31,48,2022-07-12 00:56:59.893,0,train,31.281235482010135,0
normal,N0450,14952,32,48,2022-07-12 00:56:59.993,0,train,34.74583078987837,0
normal,N0450,14953,33,48,2022-07-12 00:57:00.093,0,train,50.55280024741851,0
normal,N0450,14954,34,48,2022-07-12 00:57:00.193,0,train,37.10721291318865,0
normal,N0450,14955,35,48,2022-07-12 00:57:00.293,0,train,38.58488489407413,0
normal,N0450,14956,36,48,2022-07-12 00:57:00.393,0,train,30.92743568039357,0
normal,N0450,14957,37,48,2022-07-12 00:57:00.493,0,train,42.57218161379131,0
normal,N0450,14958,38,48,2022-07-12 00:57:00.593,0,train,65.90197366812393,0
normal,N0450,14959,39,48,2022-07-12 00:57:00.693,0,train,45.700183726312105,0
normal,N0450,14960,40,48,2022-07-12 00:57:00.793,0,train,45.530135217780554,0
normal,N0450,14961,41,48,2022-07-12 00:57:00.893,0,train,93.88349379192417,0
normal,N0450,14962,42,48,2022-07-12 00:57:00.993,0,train,53.615056799621556,0
normal,N0450,14963,43,48,2022-07-12 00:57:01.093,0,train,49.48829859976202,0
normal,N0450,14964,44,48,2022-07-12 00:57:01.193,0,train,55.96551840828846,0
normal,N0450,14965,45,48,2022-07-12 00:57:01.293,0,train,69.3742910056952,0
normal,N0450,14966,46,48,2022-07-12 00:57:01.393,0,train,56.05237755230163,0
normal,N0450,14967,47,48,2022-07-12 00:57:01.493,0,train,48.9398385057853,0
normal,N0451,14977,9,37,2022-07-12 00:57:05.647,0,train,36.496203591265996,0
normal,N0451,14978,10,37,2022-07-12 00:57:05.747,0,train,31.342352908624466,0
normal,N0451,14979,11,37,2022-07-12 00:57:05.847,0,train,40.97036448679547,0
normal,N0451,14980,12,37,2022-07-12 00:57:05.947,0,train,48.603324793926895,0
normal,N0451,14981,13,37,2022-07-12 00:57:06.047,0,train,39.7671139929611,0
normal,N0451,14982,14,37,2022-07-12 00:57:06.147,0,train,42.544262197298835,0
normal,N0451,14983,15,37,2022-07-12 00:57:06.247,0,train,61.85506028448577,0
normal,N0451,14984,16,37,2022-07-12 00:57:06.347,0,train,34.9072582272916,0
normal,N0451,14985,17,37,2022-07-12 00:57:06.447,0,train,39.84190322179973,0
normal,N0451,14986,18,37,2022-07-12 00:57:06.547,0,train,29.948826433458347,0
normal,N0451,14987,19,37,2022-07-12 00:57:06.647,0,train,35.548105481289554,0
normal,N0451,14988,20,37,2022-07-12 00:57:06.747,0,train,55.29266257686053,0
normal,N0451,14989,21,37,2022-07-12 00:57:06.847,0,train,54.490194551400315,0
normal,N0451,14990,22,37,2022-07-12 00:57:06.947,0,train,56.64466965141998,0
normal,N0451,14991,23,37,2022-07-12 00:57:07.047,0,train,45.724619396512544,0
normal,N0451,14992,24,37,2022-07-12 00:57:07.147,0,train,38.62193361475817,0
normal,N0451,14993,25,37,2022-07-12 00:57:07.247,0,train,40.6979646381411,0
normal,N0451,14994,26,37,2022-07-12 00:57:07.347,0,train,43.80343408358402,0
normal,N0451,14995,27,37,2022-07-12 00:57:07.447,0,train,60.3531784556019,0
normal,N0451,14996,28,37,2022-07-12 00:57:07.547,0,train,52.52691437208467,0
normal,N0451,14997,29,37,2022-07-12 00:57:07.647,0,train,46.98475210021839,0
normal,N0451,14998,30,37,2022-07-12 00:57:07.747,0,train,53.750576662803304,0
normal,N0451,14999,31,37,2022-07-12 00:57:07.847,0,train,40.87545275536717,0
normal,N0451,15000,32,37,2022-07-12 00:57:07.947,0,train,33.30036264019413,0
normal,N0451,15001,33,37,2022-07-12 00:57:08.047,0,train,42.13629796209143,0
normal,N0451,15002,34,37,2022-07-12 00:57:08.147,0,train,52.190673862563536,0
normal,N0451,15003,35,37,2022-07-12 00:57:08.247,0,train,37.80986743764958,0
normal,N0451,15004,36,37,2022-07-12 00:57:08.347,0,train,33.68577154516977,0
normal,N0453,15038,9,11,2022-07-12 00:57:21.585,0,train,46.1847850683642,0
normal,N0453,15039,10,11,2022-07-12 00:57:21.685,0,train,40.99534403577515,0
normal,N0454,15049,9,50,2022-07-12 00:57:31.080,0,train,31.885422084698885,0
normal,N0454,15050,10,50,2022-07-12 00:57:31.180,0,train,33.22083331700947,0
normal,N0454,15051,11,50,2022-07-12 00:57:31.280,0,train,40.37547368376601,0
normal,N0454,15052,12,50,2022-07-12 00:57:31.380,0,train,45.72060118059717,0
normal,N0454,15053,13,50,2022-07-12 00:57:31.480,0,train,42.27085888249662,0
normal,N0454,15054,14,50,2022-07-12 00:57:31.580,0,train,42.66098192604848,0
normal,N0454,15055,15,50,2022-07-12 00:57:31.680,0,train,37.174185500866756,0
normal,N0454,15056,16,50,2022-07-12 00:57:31.780,0,train,36.67800666411563,0
normal,N0454,15057,17,50,2022-07-12 00:57:31.880,0,train,33.048642573733375,0
normal,N0454,15058,18,50,2022-07-12 00:57:31.980,0,train,27.22661654077976,0
normal,N0454,15059,19,50,2022-07-12 00:57:32.080,0,train,33.41481040213438,0
normal,N0454,15060,20,50,2022-07-12 00:57:32.180,0,train,34.93974296029169,0
normal,N0454,15061,21,50,2022-07-12 00:57:32.280,0,train,38.60006839147183,0
normal,N0454,15062,22,50,2022-07-12 00:57:32.380,0,train,30.322306327367045,0
normal,N0454,15063,23,50,2022-07-12 00:57:32.480,0,train,23.06863655345497,0
normal,N0454,15064,24,50,2022-07-12 00:57:32.580,0,train,29.043884359516706,0
normal,N0454,15065,25,50,2022-07-12 00:57:32.680,0,train,33.80215565178344,0
normal,N0454,15066,26,50,2022-07-12 00:57:32.780,0,train,37.56326648977727,0
normal,N0454,15067,27,50,2022-07-12 00:57:32.880,0,train,28.301361567555062,0
normal,N0454,15068,28,50,2022-07-12 00:57:32.980,0,train,31.934613080577034,0
normal,N0454,15069,29,50,2022-07-12 00:57:33.080,0,train,28.161878657691577,0
normal,N0454,15070,30,50,2022-07-12 00:57:33.180,0,train,30.35133261555885,0
normal,N0454,15071,31,50,2022-07-12 00:57:33.280,0,train,29.52699230267558,0
normal,N0454,15072,32,50,2022-07-12 00:57:33.380,0,train,37.306975095507404,0
normal,N0454,15073,33,50,2022-07-12 00:57:33.480,0,train,38.73798130749203,0
normal,N0454,15074,34,50,2022-07-12 00:57:33.580,0,train,34.08336565062169,0
normal,N0454,15075,35,50,2022-07-12 00:57:33.680,0,train,26.18228303920254,0
normal,N0454,15076,36,50,2022-07-12 00:57:33.780,0,train,34.9606735558222,0
normal,N0454,15077,37,50,2022-07-12 00:57:33.880,0,train,26.459199854583453,0
normal,N0454,15078,38,50,2022-07-12 00:57:33.980,0,train,28.571617409744114,0
normal,N0454,15079,39,50,2022-07-12 00:57:34.080,0,train,27.378457538620314,0
normal,N0454,15080,40,50,2022-07-12 00:57:34.180,0,train,29.4461512639154,0
normal,N0454,15081,41,50,2022-07-12 00:57:34.280,0,train,31.153279621523296,0
normal,N0454,15082,42,50,2022-07-12 00:57:34.380,0,train,37.732621988402805,0
normal,N0454,15083,43,50,2022-07-12 00:57:34.480,0,train,34.085644873645776,0
normal,N0454,15084,44,50,2022-07-12 00:57:34.580,0,train,45.55050487404002,0
normal,N0454,15085,45,50,2022-07-12 00:57:34.680,0,train,39.963475544042055,0
normal,N0454,15086,46,50,2022-07-12 00:57:34.780,0,train,42.683417561698406,0
normal,N0454,15087,47,50,2022-07-12 00:57:34.880,0,train,38.3092620395195,0
normal,N0454,15088,48,50,2022-07-12 00:57:34.980,0,train,28.417827757034367,0
normal,N0454,15089,49,50,2022-07-12 00:57:35.080,0,train,35.30784988442227,0
normal,N0455,15099,9,50,2022-07-12 00:57:37.847,0,train,79.51920437371686,0
normal,N0455,15100,10,50,2022-07-12 00:57:37.947,0,train,45.532142419356354,0
normal,N0455,15101,11,50,2022-07-12 00:57:38.047,0,train,78.88763961750895,0
normal,N0455,15102,12,50,2022-07-12 00:57:38.147,0,train,68.44999939144653,0
normal,N0455,15103,13,50,2022-07-12 00:57:38.247,0,train,59.685380721140376,0
normal,N0455,15104,14,50,2022-07-12 00:57:38.347,0,train,62.71859839099362,0
normal,N0455,15105,15,50,2022-07-12 00:57:38.447,0,train,61.53642488721308,0
normal,N0455,15106,16,50,2022-07-12 00:57:38.547,0,train,69.78201770088116,0
normal,N0455,15107,17,50,2022-07-12 00:57:38.647,0,train,90.98459910532408,0
normal,N0455,15108,18,50,2022-07-12 00:57:38.747,0,train,101.61219032008557,0
normal,N0455,15109,19,50,2022-07-12 00:57:38.847,0,train,88.20153701519837,0
normal,N0455,15110,20,50,2022-07-12 00:57:38.947,0,train,79.71934856551164,0
normal,N0455,15111,21,50,2022-07-12 00:57:39.047,0,train,82.10090871478849,0
normal,N0455,15112,22,50,2022-07-12 00:57:39.147,0,train,72.96901189929294,0
normal,N0455,15113,23,50,2022-07-12 00:57:39.247,0,train,93.9388536049106,0
normal,N0455,15114,24,50,2022-07-12 00:57:39.347,0,train,113.66371057574912,0
normal,N0455,15115,25,50,2022-07-12 00:57:39.447,0,train,113.85243352291276,0
normal,N0455,15116,26,50,2022-07-12 00:57:39.547,0,train,96.99255417826724,0
normal,N0455,15117,27,50,2022-07-12 00:57:39.647,0,train,53.02620056671009,0
normal,N0455,15118,28,50,2022-07-12 00:57:39.747,0,train,57.10774756664106,0
normal,N0455,15119,29,50,2022-07-12 00:57:39.847,0,train,81.5286236890284,0
normal,N0455,15120,30,50,2022-07-12 00:57:39.947,0,train,60.409241228402365,0
normal,N0455,15121,31,50,2022-07-12 00:57:40.047,0,train,57.495226953770526,0
normal,N0455,15122,32,50,2022-07-12 00:57:40.147,0,train,57.07602198166997,0
normal,N0455,15123,33,50,2022-07-12 00:57:40.247,0,train,75.83158861083561,0
normal,N0455,15124,34,50,2022-07-12 00:57:40.347,0,train,61.24361932261839,0
normal,N0455,15125,35,50,2022-07-12 00:57:40.447,0,train,75.7893248724355,0
normal,N0455,15126,36,50,2022-07-12 00:57:40.547,0,train,78.6546256575303,0
normal,N0455,15127,37,50,2022-07-12 00:57:40.647,0,train,56.61006326497102,0
normal,N0455,15128,38,50,2022-07-12 00:57:40.747,0,train,39.03350521372522,0
normal,N0455,15129,39,50,2022-07-12 00:57:40.847,0,train,34.427166457638066,0
normal,N0455,15130,40,50,2022-07-12 00:57:40.947,0,train,39.723705773483964,0
normal,N0455,15131,41,50,2022-07-12 00:57:41.047,0,train,63.87385927125705,0
normal,N0455,15132,42,50,2022-07-12 00:57:41.147,0,train,88.97098666659122,0
normal,N0455,15133,43,50,2022-07-12 00:57:41.247,0,train,99.24767743804794,0
normal,N0455,15134,44,50,2022-07-12 00:57:41.347,0,train,165.84335749062745,1
normal,N0455,15135,45,50,2022-07-12 00:57:41.447,0,train,92.34250279269835,0
normal,N0455,15136,46,50,2022-07-12 00:57:41.547,0,train,75.03069955849327,0
normal,N0455,15137,47,50,2022-07-12 00:57:41.647,0,train,72.99159664778412,0
normal,N0455,15138,48,50,2022-07-12 00:57:41.747,0,train,97.21529207136324,0
normal,N0455,15139,49,50,2022-07-12 00:57:41.847,0,train,98.06346878718475,0
normal,N0456,15149,9,39,2022-07-12 00:57:45.692,0,train,25.31612151031018,0
normal,N0456,15150,10,39,2022-07-12 00:57:45.792,0,train,27.70834241911539,0
normal,N0456,15151,11,39,2022-07-12 00:57:45.892,0,train,45.079480689553584,0
normal,N0456,15152,12,39,2022-07-12 00:57:45.992,0,train,50.62150773969666,0
normal,N0456,15153,13,39,2022-07-12 00:57:46.092,0,train,45.08249231895976,0
normal,N0456,15154,14,39,2022-07-12 00:57:46.192,0,train,33.85154582549396,0
normal,N0456,15155,15,39,2022-07-12 00:57:46.292,0,train,23.602299244696,0
normal,N0456,15156,16,39,2022-07-12 00:57:46.392,0,train,34.59028202191855,0
normal,N0456,15157,17,39,2022-07-12 00:57:46.492,0,train,22.372986662916283,0
normal,N0456,15158,18,39,2022-07-12 00:57:46.592,0,train,26.31696538873386,0
normal,N0456,15159,19,39,2022-07-12 00:57:46.692,0,train,26.40864827784995,0
normal,N0456,15160,20,39,2022-07-12 00:57:46.792,0,train,30.834120450373398,0
normal,N0456,15161,21,39,2022-07-12 00:57:46.892,0,train,24.75515519162642,0
normal,N0456,15162,22,39,2022-07-12 00:57:46.992,0,train,35.724678489829984,0
normal,N0456,15163,23,39,2022-07-12 00:57:47.092,0,train,27.029162433919552,0
normal,N0456,15164,24,39,2022-07-12 00:57:47.192,0,train,24.520404779090626,0
normal,N0456,15165,25,39,2022-07-12 00:57:47.292,0,train,27.172851936692503,0
normal,N0456,15166,26,39,2022-07-12 00:57:47.392,0,train,26.159111332196606,0
normal,N0456,15167,27,39,2022-07-12 00:57:47.492,0,train,27.143578991195902,0
normal,N0456,15168,28,39,2022-07-12 00:57:47.592,0,train,54.9394077191468,0
normal,N0456,15169,29,39,2022-07-12 00:57:47.692,0,train,28.65646806598172,0
normal,N0456,15170,30,39,2022-07-12 00:57:47.792,0,train,38.99827300633562,0
normal,N0456,15171,31,39,2022-07-12 00:57:47.892,0,train,21.82333218869926,0
normal,N0456,15172,32,39,2022-07-12 00:57:47.992,0,train,20.590809617129402,0
normal,N0456,15173,33,39,2022-07-12 00:57:48.092,0,train,32.625823690699136,0
normal,N0456,15174,34,39,2022-07-12 00:57:48.192,0,train,28.24275931917648,0
normal,N0456,15175,35,39,2022-07-12 00:57:48.292,0,train,50.173918950096756,0
normal,N0456,15176,36,39,2022-07-12 00:57:48.392,0,train,55.1065550948397,0
normal,N0456,15177,37,39,2022-07-12 00:57:48.492,0,train,65.82985797586481,0
normal,N0456,15178,38,39,2022-07-12 00:57:48.592,0,train,46.59505294408214,0
normal,N0458,15215,9,18,2022-07-12 00:58:01.679,0,train,33.665634291675474,0
normal,N0458,15216,10,18,2022-07-12 00:58:01.779,0,train,33.33327765612142,0
normal,N0458,15217,11,18,2022-07-12 00:58:01.879,0,train,40.79459183635762,0
normal,N0458,15218,12,18,2022-07-12 00:58:01.979,0,train,40.049675840808874,0
normal,N0458,15219,13,18,2022-07-12 00:58:02.079,0,train,31.517077243105092,0
normal,N0458,15220,14,18,2022-07-12 00:58:02.179,0,train,43.34364959560918,0
normal,N0458,15221,15,18,2022-07-12 00:58:02.279,0,train,40.93918615199704,0
normal,N0458,15222,16,18,2022-07-12 00:58:02.379,0,train,46.205482454534966,0
normal,N0458,15223,17,18,2022-07-12 00:58:02.479,0,train,41.73728683107528,0
normal,N0460,15238,9,50,2022-07-12 00:58:18.487,0,train,54.60961439302308,0
normal,N0460,15239,10,50,2022-07-12 00:58:18.587,0,train,104.16759717435463,0
normal,N0460,15240,11,50,2022-07-12 00:58:18.687,0,train,125.31448869295541,0
normal,N0460,15241,12,50,2022-07-12 00:58:18.787,0,train,137.86039188422697,0
normal,N0460,15242,13,50,2022-07-12 00:58:18.887,0,train,113.45959366458918,0
normal,N0460,15243,14,50,2022-07-12 00:58:18.987,0,train,120.66923696349019,0
normal,N0460,15244,15,50,2022-07-12 00:58:19.087,0,train,127.92593555524898,0
normal,N0460,15245,16,50,2022-07-12 00:58:19.187,0,train,177.90823571845004,1
normal,N0460,15246,17,50,2022-07-12 00:58:19.287,0,train,148.20431876285988,1
normal,N0460,15247,18,50,2022-07-12 00:58:19.387,0,train,110.52702909909134,0
normal,N0460,15248,19,50,2022-07-12 00:58:19.487,0,train,137.17854822901475,0
normal,N0460,15249,20,50,2022-07-12 00:58:19.587,0,train,104.21489870242661,0
normal,N0460,15250,21,50,2022-07-12 00:58:19.687,0,train,90.24888519005228,0
normal,N0460,15251,22,50,2022-07-12 00:58:19.787,0,train,140.85177429575646,0
normal,N0460,15252,23,50,2022-07-12 00:58:19.887,0,train,72.75661583789692,0
normal,N0460,15253,24,50,2022-07-12 00:58:19.987,0,train,66.85758871461451,0
normal,N0460,15254,25,50,2022-07-12 00:58:20.087,0,train,54.972973200676705,0
normal,N0460,15255,26,50,2022-07-12 00:58:20.187,0,train,43.47343793840506,0
normal,N0460,15256,27,50,2022-07-12 00:58:20.287,0,train,65.94171945105803,0
normal,N0460,15257,28,50,2022-07-12 00:58:20.387,0,train,85.67259080949798,0
normal,N0460,15258,29,50,2022-07-12 00:58:20.487,0,train,67.6681433574436,0
normal,N0460,15259,30,50,2022-07-12 00:58:20.587,0,train,59.61487202486028,0
normal,N0460,15260,31,50,2022-07-12 00:58:20.687,0,train,51.60251721291327,0
normal,N0460,15261,32,50,2022-07-12 00:58:20.787,0,train,45.51494271925661,0
normal,N0460,15262,33,50,2022-07-12 00:58:20.887,0,train,47.965354050773925,0
normal,N0460,15263,34,50,2022-07-12 00:58:20.987,0,train,58.917910634713344,0
normal,N0460,15264,35,50,2022-07-12 00:58:21.087,0,train,46.553543123413164,0
normal,N0460,15265,36,50,2022-07-12 00:58:21.187,0,train,59.69480111317737,0
normal,N0460,15266,37,50,2022-07-12 00:58:21.287,0,train,120.5283315499331,0
normal,N0460,15267,38,50,2022-07-12 00:58:21.387,0,train,62.57859604498098,0
normal,N0460,15268,39,50,2022-07-12 00:58:21.487,0,train,89.78678911339676,0
normal,N0460,15269,40,50,2022-07-12 00:58:21.587,0,train,137.3669607001429,0
normal,N0460,15270,41,50,2022-07-12 00:58:21.687,0,train,157.12007418721302,1
normal,N0460,15271,42,50,2022-07-12 00:58:21.787,0,train,149.6360627608682,1
normal,N0460,15272,43,50,2022-07-12 00:58:21.887,0,train,144.16236948924623,1
normal,N0460,15273,44,50,2022-07-12 00:58:21.987,0,train,127.51314861153108,0
normal,N0460,15274,45,50,2022-07-12 00:58:22.087,0,train,134.22214799638175,0
normal,N0460,15275,46,50,2022-07-12 00:58:22.187,0,train,90.5970598136156,0
normal,N0460,15276,47,50,2022-07-12 00:58:22.287,0,train,105.46411615862627,0
normal,N0460,15277,48,50,2022-07-12 00:58:22.387,0,train,119.26060195982109,0
normal,N0460,15278,49,50,2022-07-12 00:58:22.487,0,train,138.41020963868024,0
normal,N0461,15288,9,48,2022-07-12 00:58:25.493,0,train,60.19096904995929,0
normal,N0461,15289,10,48,2022-07-12 00:58:25.593,0,train,44.68095861327691,0
normal,N0461,15290,11,48,2022-07-12 00:58:25.693,0,train,44.802170822906945,0
normal,N0461,15291,12,48,2022-07-12 00:58:25.793,0,train,36.79636715186074,0
normal,N0461,15292,13,48,2022-07-12 00:58:25.893,0,train,39.81554541669781,0
normal,N0461,15293,14,48,2022-07-12 00:58:25.993,0,train,27.762928881574783,0
normal,N0461,15294,15,48,2022-07-12 00:58:26.093,0,train,22.16436617498286,0
normal,N0461,15295,16,48,2022-07-12 00:58:26.193,0,train,21.10525319683553,0
normal,N0461,15296,17,48,2022-07-12 00:58:26.293,0,train,22.53698820058952,0
normal,N0461,15297,18,48,2022-07-12 00:58:26.393,0,train,22.628382200505513,0
normal,N0461,15298,19,48,2022-07-12 00:58:26.493,0,train,35.03795010666463,0
normal,N0461,15299,20,48,2022-07-12 00:58:26.593,0,train,25.647857933400733,0
normal,N0461,15300,21,48,2022-07-12 00:58:26.693,0,train,31.909777330177675,0
normal,N0461,15301,22,48,2022-07-12 00:58:26.793,0,train,35.84218788529361,0
normal,N0461,15302,23,48,2022-07-12 00:58:26.893,0,train,37.17171114869213,0
normal,N0461,15303,24,48,2022-07-12 00:58:26.993,0,train,39.821987678373745,0
normal,N0461,15304,25,48,2022-07-12 00:58:27.093,0,train,37.457989104462584,0
normal,N0461,15305,26,48,2022-07-12 00:58:27.193,0,train,25.692334234502205,0
normal,N0461,15306,27,48,2022-07-12 00:58:27.293,0,train,33.63378635926185,0
normal,N0461,15307,28,48,2022-07-12 00:58:27.393,0,train,40.78539078278097,0
normal,N0461,15308,29,48,2022-07-12 00:58:27.493,0,train,43.0517025645899,0
normal,N0461,15309,30,48,2022-07-12 00:58:27.593,0,train,39.44973541431508,0
normal,N0461,15310,31,48,2022-07-12 00:58:27.693,0,train,39.61971629303905,0
normal,N0461,15311,32,48,2022-07-12 00:58:27.793,0,train,40.40833566992002,0
normal,N0461,15312,33,48,2022-07-12 00:58:27.893,0,train,47.68655503337633,0
normal,N0461,15313,34,48,2022-07-12 00:58:27.993,0,train,50.38804826742519,0
normal,N0461,15314,35,48,2022-07-12 00:58:28.093,0,train,48.11274408502371,0
normal,N0461,15315,36,48,2022-07-12 00:58:28.193,0,train,35.06644009437874,0
normal,N0461,15316,37,48,2022-07-12 00:58:28.293,0,train,39.13936098241126,0
normal,N0461,15317,38,48,2022-07-12 00:58:28.393,0,train,41.979221488033055,0
normal,N0461,15318,39,48,2022-07-12 00:58:28.493,0,train,30.9734218308464,0
normal,N0461,15319,40,48,2022-07-12 00:58:28.593,0,train,27.611723563824416,0
normal,N0461,15320,41,48,2022-07-12 00:58:28.693,0,train,29.862515930846172,0
normal,N0461,15321,42,48,2022-07-12 00:58:28.793,0,train,32.12178174275506,0
normal,N0461,15322,43,48,2022-07-12 00:58:28.893,0,train,31.769852429719254,0
normal,N0461,15323,44,48,2022-07-12 00:58:28.993,0,train,29.494781688754486,0
normal,N0461,15324,45,48,2022-07-12 00:58:29.093,0,train,30.179888444479435,0
normal,N0461,15325,46,48,2022-07-12 00:58:29.193,0,train,39.79354265393345,0
normal,N0461,15326,47,48,2022-07-12 00:58:29.293,0,train,31.794904002255436,0
normal,N0463,15370,9,34,2022-07-12 00:58:41.488,0,train,32.35239543262276,0
normal,N0463,15371,10,34,2022-07-12 00:58:41.588,0,train,38.92184444681287,0
normal,N0463,15372,11,34,2022-07-12 00:58:41.688,0,train,41.812136725216895,0
normal,N0463,15373,12,34,2022-07-12 00:58:41.788,0,train,42.15814298119907,0
normal,N0463,15374,13,34,2022-07-12 00:58:41.888,0,train,44.55340713137245,0
normal,N0463,15375,14,34,2022-07-12 00:58:41.988,0,train,32.38729874939533,0
normal,N0463,15376,15,34,2022-07-12 00:58:42.088,0,train,40.523783820350374,0
normal,N0463,15377,16,34,2022-07-12 00:58:42.188,0,train,45.55678391695472,0
normal,N0463,15378,17,34,2022-07-12 00:58:42.288,0,train,33.05855946418126,0
normal,N0463,15379,18,34,2022-07-12 00:58:42.388,0,train,33.29825944952387,0
normal,N0463,15380,19,34,2022-07-12 00:58:42.488,0,train,35.929386090975484,0
normal,N0463,15381,20,34,2022-07-12 00:58:42.588,0,train,34.17709222163899,0
normal,N0463,15382,21,34,2022-07-12 00:58:42.688,0,train,32.4416818852981,0
normal,N0463,15383,22,34,2022-07-12 00:58:42.788,0,train,53.894567732456686,0
normal,N0463,15384,23,34,2022-07-12 00:58:42.888,0,train,55.22248664699672,0
normal,N0463,15385,24,34,2022-07-12 00:58:42.988,0,train,37.637171268045336,0
normal,N0463,15386,25,34,2022-07-12 00:58:43.088,0,train,37.23661422518833,0
normal,N0463,15387,26,34,2022-07-12 00:58:43.188,0,train,34.931421974611524,0
normal,N0463,15388,27,34,2022-07-12 00:58:43.288,0,train,31.03240684867268,0
normal,N0463,15389,28,34,2022-07-12 00:58:43.388,0,train,27.02039693020844,0
normal,N0463,15390,29,34,2022-07-12 00:58:43.488,0,train,34.591340382000446,0
normal,N0463,15391,30,34,2022-07-12 00:58:43.588,0,train,35.11613408301815,0
normal,N0463,15392,31,34,2022-07-12 00:58:43.688,0,train,59.741816980445265,0
normal,N0463,15393,32,34,2022-07-12 00:58:43.788,0,train,64.78509655118378,0
normal,N0463,15394,33,34,2022-07-12 00:58:43.888,0,train,45.33502906308608,0
normal,N0464,15404,9,20,2022-07-12 00:58:49.459,0,train,44.73739059618929,0
normal,N0464,15405,10,20,2022-07-12 00:58:49.559,0,train,37.21092439232375,0
normal,N0464,15406,11,20,2022-07-12 00:58:49.659,0,train,31.157053882104243,0
normal,N0464,15407,12,20,2022-07-12 00:58:49.759,0,train,24.62168448170007,0
normal,N0464,15408,13,20,2022-07-12 00:58:49.859,0,train,29.69432481318661,0
normal,N0464,15409,14,20,2022-07-12 00:58:49.959,0,train,37.73817693707544,0
normal,N0464,15410,15,20,2022-07-12 00:58:50.059,0,train,38.47691650778147,0
normal,N0464,15411,16,20,2022-07-12 00:58:50.159,0,train,30.60983015442322,0
normal,N0464,15412,17,20,2022-07-12 00:58:50.259,0,train,40.17232032896978,0
normal,N0464,15413,18,20,2022-07-12 00:58:50.359,0,train,34.37509956564345,0
normal,N0464,15414,19,20,2022-07-12 00:58:50.459,0,train,20.379170361340734,0
normal,N0466,15432,9,50,2022-07-12 00:59:06.668,0,train,90.09612735891743,0
normal,N0466,15433,10,50,2022-07-12 00:59:06.768,0,train,55.45157857193513,0
normal,N0466,15434,11,50,2022-07-12 00:59:06.868,0,train,38.939058909801375,0
normal,N0466,15435,12,50,2022-07-12 00:59:06.968,0,train,28.19262945537757,0
normal,N0466,15436,13,50,2022-07-12 00:59:07.068,0,train,26.35241426516224,0
normal,N0466,15437,14,50,2022-07-12 00:59:07.168,0,train,26.368798999578548,0
normal,N0466,15438,15,50,2022-07-12 00:59:07.268,0,train,59.79941389928894,0
normal,N0466,15439,16,50,2022-07-12 00:59:07.368,0,train,27.94022316421312,0
normal,N0466,15440,17,50,2022-07-12 00:59:07.468,0,train,38.14787570048206,0
normal,N0466,15441,18,50,2022-07-12 00:59:07.568,0,train,42.056368797550135,0
normal,N0466,15442,19,50,2022-07-12 00:59:07.668,0,train,44.01508332906503,0
normal,N0466,15443,20,50,2022-07-12 00:59:07.768,0,train,28.833931899629214,0
normal,N0466,15444,21,50,2022-07-12 00:59:07.868,0,train,36.3437813957796,0
normal,N0466,15445,22,50,2022-07-12 00:59:07.968,0,train,36.920228646208244,0
normal,N0466,15446,23,50,2022-07-12 00:59:08.068,0,train,38.04491564056871,0
normal,N0466,15447,24,50,2022-07-12 00:59:08.168,0,train,44.60621756592024,0
normal,N0466,15448,25,50,2022-07-12 00:59:08.268,0,train,109.63610216177149,0
normal,N0466,15449,26,50,2022-07-12 00:59:08.368,0,train,52.25422572283015,0
normal,N0466,15450,27,50,2022-07-12 00:59:08.468,0,train,41.56656124298258,0
normal,N0466,15451,28,50,2022-07-12 00:59:08.568,0,train,33.39636463733097,0
normal,N0466,15452,29,50,2022-07-12 00:59:08.668,0,train,31.20901119240846,0
normal,N0466,15453,30,50,2022-07-12 00:59:08.768,0,train,45.816825434906825,0
normal,N0466,15454,31,50,2022-07-12 00:59:08.868,0,train,32.33785004414803,0
normal,N0466,15455,32,50,2022-07-12 00:59:08.968,0,train,24.09135213333002,0
normal,N0466,15456,33,50,2022-07-12 00:59:09.068,0,train,30.086426149308465,0
normal,N0466,15457,34,50,2022-07-12 00:59:09.168,0,train,29.21658094302737,0
normal,N0466,15458,35,50,2022-07-12 00:59:09.268,0,train,54.640087572787145,0
normal,N0466,15459,36,50,2022-07-12 00:59:09.368,0,train,54.90094423159202,0
normal,N0466,15460,37,50,2022-07-12 00:59:09.468,0,train,51.28121002768161,0
normal,N0466,15461,38,50,2022-07-12 00:59:09.568,0,train,64.50889095086036,0
normal,N0466,15462,39,50,2022-07-12 00:59:09.668,0,train,95.62902156720021,0
normal,N0466,15463,40,50,2022-07-12 00:59:09.768,0,train,50.82014560089633,0
normal,N0466,15464,41,50,2022-07-12 00:59:09.868,0,train,63.4728576422639,0
normal,N0466,15465,42,50,2022-07-12 00:59:09.968,0,train,43.754386921171296,0
normal,N0466,15466,43,50,2022-07-12 00:59:10.068,0,train,37.64076661749945,0
normal,N0466,15467,44,50,2022-07-12 00:59:10.168,0,train,48.37503858802023,0
normal,N0466,15468,45,50,2022-07-12 00:59:10.268,0,train,59.52971661580381,0
normal,N0466,15469,46,50,2022-07-12 00:59:10.368,0,train,39.164902684187155,0
normal,N0466,15470,47,50,2022-07-12 00:59:10.468,0,train,27.90383143928186,0
normal,N0466,15471,48,50,2022-07-12 00:59:10.568,0,train,40.67444963683037,0
normal,N0466,15472,49,50,2022-07-12 00:59:10.668,0,train,38.90416767247358,0
normal,N0468,15531,9,36,2022-07-12 00:59:21.319,0,train,30.837022327329965,0
normal,N0468,15532,10,36,2022-07-12 00:59:21.419,0,train,24.774992234486035,0
normal,N0468,15533,11,36,2022-07-12 00:59:21.519,0,train,19.523750907706308,0
normal,N0468,15534,12,36,2022-07-12 00:59:21.619,0,train,24.61280047534377,0
normal,N0468,15535,13,36,2022-07-12 00:59:21.719,0,train,26.849780462785922,0
normal,N0468,15536,14,36,2022-07-12 00:59:21.819,0,train,32.204868971579835,0
normal,N0468,15537,15,36,2022-07-12 00:59:21.919,0,train,32.623538772114635,0
normal,N0468,15538,16,36,2022-07-12 00:59:22.019,0,train,22.104481548389536,0
normal,N0468,15539,17,36,2022-07-12 00:59:22.119,0,train,28.311445275096762,0
normal,N0468,15540,18,36,2022-07-12 00:59:22.219,0,train,25.896447109863693,0
normal,N0468,15541,19,36,2022-07-12 00:59:22.319,0,train,30.508839334160736,0
normal,N0468,15542,20,36,2022-07-12 00:59:22.419,0,train,47.89745846195218,0
normal,N0468,15543,21,36,2022-07-12 00:59:22.519,0,train,52.13944567754597,0
normal,N0468,15544,22,36,2022-07-12 00:59:22.619,0,train,42.053015754366584,0
normal,N0468,15545,23,36,2022-07-12 00:59:22.719,0,train,52.528431961274336,0
normal,N0468,15546,24,36,2022-07-12 00:59:22.819,0,train,35.181808245943905,0
normal,N0468,15547,25,36,2022-07-12 00:59:22.919,0,train,32.59884021069862,0
normal,N0468,15548,26,36,2022-07-12 00:59:23.019,0,train,37.19984786715522,0
normal,N0468,15549,27,36,2022-07-12 00:59:23.119,0,train,25.231622700588602,0
normal,N0468,15550,28,36,2022-07-12 00:59:23.219,0,train,25.622580016000725,0
normal,N0468,15551,29,36,2022-07-12 00:59:23.319,0,train,26.25819076458108,0
normal,N0468,15552,30,36,2022-07-12 00:59:23.419,0,train,23.339311004116098,0
normal,N0468,15553,31,36,2022-07-12 00:59:23.519,0,train,43.629646498570715,0
normal,N0468,15554,32,36,2022-07-12 00:59:23.619,0,train,33.134733102299194,0
normal,N0468,15555,33,36,2022-07-12 00:59:23.719,0,train,22.195701673186463,0
normal,N0468,15556,34,36,2022-07-12 00:59:23.819,0,train,22.751240797633887,0
normal,N0468,15557,35,36,2022-07-12 00:59:23.919,0,train,22.64515425070751,0
normal,N0469,15567,9,37,2022-07-12 00:59:29.247,0,train,53.667682405318956,0
normal,N0469,15568,10,37,2022-07-12 00:59:29.347,0,train,109.28869271203054,0
normal,N0469,15569,11,37,2022-07-12 00:59:29.447,0,train,63.744081247874156,0
normal,N0469,15570,12,37,2022-07-12 00:59:29.547,0,train,78.95052588173077,0
normal,N0469,15571,13,37,2022-07-12 00:59:29.647,0,train,62.084486287276604,0
normal,N0469,15572,14,37,2022-07-12 00:59:29.747,0,train,58.198759761584775,0
normal,N0469,15573,15,37,2022-07-12 00:59:29.847,0,train,51.28781154963147,0
normal,N0469,15574,16,37,2022-07-12 00:59:29.947,0,train,46.9027793366304,0
normal,N0469,15575,17,37,2022-07-12 00:59:30.047,0,train,36.95429037809887,0
normal,N0469,15576,18,37,2022-07-12 00:59:30.147,0,train,84.55290860442737,0
normal,N0469,15577,19,37,2022-07-12 00:59:30.247,0,train,32.244564753520955,0
normal,N0469,15578,20,37,2022-07-12 00:59:30.347,0,train,54.56287690423268,0
normal,N0469,15579,21,37,2022-07-12 00:59:30.447,0,train,88.83618841214582,0
normal,N0469,15580,22,37,2022-07-12 00:59:30.547,0,train,87.8083271233092,0
normal,N0469,15581,23,37,2022-07-12 00:59:30.647,0,train,57.87950406636423,0
normal,N0469,15582,24,37,2022-07-12 00:59:30.747,0,train,53.66528742807758,0
normal,N0469,15583,25,37,2022-07-12 00:59:30.847,0,train,33.695466662944916,0
normal,N0469,15584,26,37,2022-07-12 00:59:30.947,0,train,55.463501407164756,0
normal,N0469,15585,27,37,2022-07-12 00:59:31.047,0,train,38.07960181486531,0
normal,N0469,15586,28,37,2022-07-12 00:59:31.147,0,train,67.03885125763328,0
normal,N0469,15587,29,37,2022-07-12 00:59:31.247,0,train,57.06968089419902,0
normal,N0469,15588,30,37,2022-07-12 00:59:31.347,0,train,58.09781547380861,0
normal,N0469,15589,31,37,2022-07-12 00:59:31.447,0,train,51.44233116084582,0
normal,N0469,15590,32,37,2022-07-12 00:59:31.547,0,train,63.049306778397565,0
normal,N0469,15591,33,37,2022-07-12 00:59:31.647,0,train,53.10392309629495,0
normal,N0469,15592,34,37,2022-07-12 00:59:31.747,0,train,89.21658205496026,0
normal,N0469,15593,35,37,2022-07-12 00:59:31.847,0,train,74.16701549213154,0
normal,N0469,15594,36,37,2022-07-12 00:59:31.947,0,train,60.4977595366814,0
normal,N0470,15604,9,24,2022-07-12 00:59:37.271,0,train,22.390160739817883,0
normal,N0470,15605,10,24,2022-07-12 00:59:37.371,0,train,20.535009822392222,0
normal,N0470,15606,11,24,2022-07-12 00:59:37.471,0,train,27.88458816046585,0
normal,N0470,15607,12,24,2022-07-12 00:59:37.571,0,train,28.466332665573383,0
normal,N0470,15608,13,24,2022-07-12 00:59:37.671,0,train,28.426376281758454,0
normal,N0470,15609,14,24,2022-07-12 00:59:37.771,0,train,24.927389291944543,0
normal,N0470,15610,15,24,2022-07-12 00:59:37.871,0,train,21.480564204575405,0
normal,N0470,15611,16,24,2022-07-12 00:59:37.971,0,train,19.033953233174724,0
normal,N0470,15612,17,24,2022-07-12 00:59:38.071,0,train,25.322924893538467,0
normal,N0470,15613,18,24,2022-07-12 00:59:38.171,0,train,28.452997830376148,0
normal,N0470,15614,19,24,2022-07-12 00:59:38.271,0,train,28.979566033987176,0
normal,N0470,15615,20,24,2022-07-12 00:59:38.371,0,train,37.42746086544171,0
normal,N0470,15616,21,24,2022-07-12 00:59:38.471,0,train,30.315406614960004,0
normal,N0470,15617,22,24,2022-07-12 00:59:38.571,0,train,25.68473146661652,0
normal,N0470,15618,23,24,2022-07-12 00:59:38.671,0,train,33.82280633258491,0
normal,N0471,15628,9,11,2022-07-12 00:59:45.219,0,train,35.48817520820378,0
normal,N0471,15629,10,11,2022-07-12 00:59:45.319,0,train,24.035194510126708,0
normal,N0473,15689,9,50,2022-07-12 01:00:01.560,0,train,30.408389553297607,0
normal,N0473,15690,10,50,2022-07-12 01:00:01.660,0,train,25.039140650804956,0
normal,N0473,15691,11,50,2022-07-12 01:00:01.760,0,train,29.160085276178798,0
normal,N0473,15692,12,50,2022-07-12 01:00:01.860,0,train,20.005772082715044,0
normal,N0473,15693,13,50,2022-07-12 01:00:01.960,0,train,23.12317753973312,0
normal,N0473,15694,14,50,2022-07-12 01:00:02.060,0,train,26.613325095392828,0
normal,N0473,15695,15,50,2022-07-12 01:00:02.160,0,train,25.168796787225777,0
normal,N0473,15696,16,50,2022-07-12 01:00:02.260,0,train,35.662770622632756,0
normal,N0473,15697,17,50,2022-07-12 01:00:02.360,0,train,33.02425417769405,0
normal,N0473,15698,18,50,2022-07-12 01:00:02.460,0,train,21.115509080218942,0
normal,N0473,15699,19,50,2022-07-12 01:00:02.560,0,train,22.68873099751502,0
normal,N0473,15700,20,50,2022-07-12 01:00:02.660,0,train,32.874888548545485,0
normal,N0473,15701,21,50,2022-07-12 01:00:02.760,0,train,32.2748318638403,0
normal,N0473,15702,22,50,2022-07-12 01:00:02.860,0,train,46.789982656805584,0
normal,N0473,15703,23,50,2022-07-12 01:00:02.960,0,train,31.01432098671505,0
normal,N0473,15704,24,50,2022-07-12 01:00:03.060,0,train,24.703950113959493,0
normal,N0473,15705,25,50,2022-07-12 01:00:03.160,0,train,21.67590815565756,0
normal,N0473,15706,26,50,2022-07-12 01:00:03.260,0,train,38.198034576916214,0
normal,N0473,15707,27,50,2022-07-12 01:00:03.360,0,train,64.18983570322868,0
normal,N0473,15708,28,50,2022-07-12 01:00:03.460,0,train,68.52323543029085,0
normal,N0473,15709,29,50,2022-07-12 01:00:03.560,0,train,50.01451760533905,0
normal,N0473,15710,30,50,2022-07-12 01:00:03.660,0,train,65.29589937149615,0
normal,N0473,15711,31,50,2022-07-12 01:00:03.760,0,train,40.16866170759459,0
normal,N0473,15712,32,50,2022-07-12 01:00:03.860,0,train,26.602950394948827,0
normal,N0473,15713,33,50,2022-07-12 01:00:03.960,0,train,28.82587593068893,0
normal,N0473,15714,34,50,2022-07-12 01:00:04.060,0,train,29.875409413973816,0
normal,N0473,15715,35,50,2022-07-12 01:00:04.160,0,train,21.03507887490852,0
normal,N0473,15716,36,50,2022-07-12 01:00:04.260,0,train,25.635112752732876,0
normal,N0473,15717,37,50,2022-07-12 01:00:04.360,0,train,21.736000399851232,0
normal,N0473,15718,38,50,2022-07-12 01:00:04.460,0,train,22.238143631017635,0
normal,N0473,15719,39,50,2022-07-12 01:00:04.560,0,train,33.38264743643889,0
normal,N0473,15720,40,50,2022-07-12 01:00:04.660,0,train,29.83097272051857,0
normal,N0473,15721,41,50,2022-07-12 01:00:04.760,0,train,24.06492003786327,0
normal,N0473,15722,42,50,2022-07-12 01:00:04.860,0,train,22.222404639040544,0
normal,N0473,15723,43,50,2022-07-12 01:00:04.960,0,train,26.91329921441384,0
normal,N0473,15724,44,50,2022-07-12 01:00:05.060,0,train,26.46216990907416,0
normal,N0473,15725,45,50,2022-07-12 01:00:05.160,0,train,34.66945779501846,0
normal,N0473,15726,46,50,2022-07-12 01:00:05.260,0,train,25.406413206439364,0
normal,N0473,15727,47,50,2022-07-12 01:00:05.360,0,train,41.76912600904306,0
normal,N0473,15728,48,50,2022-07-12 01:00:05.460,0,train,37.52783005260929,0
normal,N0473,15729,49,50,2022-07-12 01:00:05.560,0,train,51.745798785559316,0
normal,N0474,15739,9,39,2022-07-12 01:00:09.265,0,train,25.85233653429723,0
normal,N0474,15740,10,39,2022-07-12 01:00:09.365,0,train,30.906130295198775,0
normal,N0474,15741,11,39,2022-07-12 01:00:09.465,0,train,24.027548737170285,0
normal,N0474,15742,12,39,2022-07-12 01:00:09.565,0,train,25.061180825678612,0
normal,N0474,15743,13,39,2022-07-12 01:00:09.665,0,train,34.05859204517352,0
normal,N0474,15744,14,39,2022-07-12 01:00:09.765,0,train,22.46322297028958,0
normal,N0474,15745,15,39,2022-07-12 01:00:09.865,0,train,25.47841425897574,0
normal,N0474,15746,16,39,2022-07-12 01:00:09.965,0,train,30.45701072723708,0
normal,N0474,15747,17,39,2022-07-12 01:00:10.065,0,train,33.63318367437671,0
normal,N0474,15748,18,39,2022-07-12 01:00:10.165,0,train,47.90923114897379,0
normal,N0474,15749,19,39,2022-07-12 01:00:10.265,0,train,44.891999532319765,0
normal,N0474,15750,20,39,2022-07-12 01:00:10.365,0,train,23.1185833545819,0
normal,N0474,15751,21,39,2022-07-12 01:00:10.465,0,train,27.17619115127764,0
normal,N0474,15752,22,39,2022-07-12 01:00:10.565,0,train,32.57271694923869,0
normal,N0474,15753,23,39,2022-07-12 01:00:10.665,0,train,35.387381969856136,0
normal,N0474,15754,24,39,2022-07-12 01:00:10.765,0,train,34.43799349155683,0
normal,N0474,15755,25,39,2022-07-12 01:00:10.865,0,train,33.73168924244043,0
normal,N0474,15756,26,39,2022-07-12 01:00:10.965,0,train,47.335530273644686,0
normal,N0474,15757,27,39,2022-07-12 01:00:11.065,0,train,37.21468917746458,0
normal,N0474,15758,28,39,2022-07-12 01:00:11.165,0,train,34.17361221006628,0
normal,N0474,15759,29,39,2022-07-12 01:00:11.265,0,train,39.49236967416518,0
normal,N0474,15760,30,39,2022-07-12 01:00:11.365,0,train,48.14991104092881,0
normal,N0474,15761,31,39,2022-07-12 01:00:11.465,0,train,34.078615056086136,0
normal,N0474,15762,32,39,2022-07-12 01:00:11.565,0,train,36.137972690905286,0
normal,N0474,15763,33,39,2022-07-12 01:00:11.665,0,train,28.018974686917048,0
normal,N0474,15764,34,39,2022-07-12 01:00:11.765,0,train,22.88514934325261,0
normal,N0474,15765,35,39,2022-07-12 01:00:11.865,0,train,32.68320186201203,0
normal,N0474,15766,36,39,2022-07-12 01:00:11.965,0,train,27.121242742094243,0
normal,N0474,15767,37,39,2022-07-12 01:00:12.065,0,train,20.3779871995159,0
normal,N0474,15768,38,39,2022-07-12 01:00:12.165,0,train,20.462757024320798,0
normal,N0475,15778,9,27,2022-07-12 01:00:17.292,0,train,35.23341179806298,0
normal,N0475,15779,10,27,2022-07-12 01:00:17.392,0,train,31.14610630023431,0
normal,N0475,15780,11,27,2022-07-12 01:00:17.492,0,train,31.44363357385369,0
normal,N0475,15781,12,27,2022-07-12 01:00:17.592,0,train,35.095151959363534,0
normal,N0475,15782,13,27,2022-07-12 01:00:17.692,0,train,41.15713270727595,0
normal,N0475,15783,14,27,2022-07-12 01:00:17.792,0,train,60.66326836558351,0
normal,N0475,15784,15,27,2022-07-12 01:00:17.892,0,train,62.10850762293563,0
normal,N0475,15785,16,27,2022-07-12 01:00:17.992,0,train,48.513897782741026,0
normal,N0475,15786,17,27,2022-07-12 01:00:18.092,0,train,42.0236974692972,0
normal,N0475,15787,18,27,2022-07-12 01:00:18.192,0,train,43.79365250450604,0
normal,N0475,15788,19,27,2022-07-12 01:00:18.292,0,train,54.226804842878806,0
normal,N0475,15789,20,27,2022-07-12 01:00:18.392,0,train,48.31603392652872,0
normal,N0475,15790,21,27,2022-07-12 01:00:18.492,0,train,49.67925152112692,0
normal,N0475,15791,22,27,2022-07-12 01:00:18.592,0,train,42.752109895087486,0
normal,N0475,15792,23,27,2022-07-12 01:00:18.692,0,train,40.888304839060794,0
normal,N0475,15793,24,27,2022-07-12 01:00:18.792,0,train,92.53736627917843,0
normal,N0475,15794,25,27,2022-07-12 01:00:18.892,0,train,63.65051691797471,0
normal,N0475,15795,26,27,2022-07-12 01:00:18.992,0,train,76.57534873829104,0
normal,N0476,15805,9,14,2022-07-12 01:00:25.317,0,train,30.28547383331136,0
normal,N0476,15806,10,14,2022-07-12 01:00:25.417,0,train,24.995037637354727,0
normal,N0476,15807,11,14,2022-07-12 01:00:25.517,0,train,32.21457831123751,0
normal,N0476,15808,12,14,2022-07-12 01:00:25.617,0,train,33.892167063875725,0
normal,N0476,15809,13,14,2022-07-12 01:00:25.717,0,train,37.23466136083139,0
normal,N0478,15869,9,50,2022-07-12 01:00:41.704,0,train,32.3070903697195,0
normal,N0478,15870,10,50,2022-07-12 01:00:41.804,0,train,36.68047960619816,0
normal,N0478,15871,11,50,2022-07-12 01:00:41.904,0,train,36.83340950091865,0
normal,N0478,15872,12,50,2022-07-12 01:00:42.004,0,train,25.073704943140704,0
normal,N0478,15873,13,50,2022-07-12 01:00:42.104,0,train,23.302482924918476,0
normal,N0478,15874,14,50,2022-07-12 01:00:42.204,0,train,19.00405903683758,0
normal,N0478,15875,15,50,2022-07-12 01:00:42.304,0,train,17.67305678710672,0
normal,N0478,15876,16,50,2022-07-12 01:00:42.404,0,train,27.8205953944626,0
normal,N0478,15877,17,50,2022-07-12 01:00:42.504,0,train,38.14701104322895,0
normal,N0478,15878,18,50,2022-07-12 01:00:42.604,0,train,24.49567905382259,0
normal,N0478,15879,19,50,2022-07-12 01:00:42.704,0,train,34.537596188942786,0
normal,N0478,15880,20,50,2022-07-12 01:00:42.804,0,train,29.738230627418716,0
normal,N0478,15881,21,50,2022-07-12 01:00:42.904,0,train,30.174449628578092,0
normal,N0478,15882,22,50,2022-07-12 01:00:43.004,0,train,24.953299102963385,0
normal,N0478,15883,23,50,2022-07-12 01:00:43.104,0,train,28.46417836988843,0
normal,N0478,15884,24,50,2022-07-12 01:00:43.204,0,train,28.20035101936238,0
normal,N0478,15885,25,50,2022-07-12 01:00:43.304,0,train,28.563076693854338,0
normal,N0478,15886,26,50,2022-07-12 01:00:43.404,0,train,41.54100211548175,0
normal,N0478,15887,27,50,2022-07-12 01:00:43.504,0,train,45.491093633118055,0
normal,N0478,15888,28,50,2022-07-12 01:00:43.604,0,train,34.462983269819986,0
normal,N0478,15889,29,50,2022-07-12 01:00:43.704,0,train,22.065862526668177,0
normal,N0478,15890,30,50,2022-07-12 01:00:43.804,0,train,22.466213389390543,0
normal,N0478,15891,31,50,2022-07-12 01:00:43.904,0,train,27.676842114501067,0
normal,N0478,15892,32,50,2022-07-12 01:00:44.004,0,train,34.87875843833922,0
normal,N0478,15893,33,50,2022-07-12 01:00:44.104,0,train,27.155263295117724,0
normal,N0478,15894,34,50,2022-07-12 01:00:44.204,0,train,32.09970179425099,0
normal,N0478,15895,35,50,2022-07-12 01:00:44.304,0,train,30.85212177464938,0
normal,N0478,15896,36,50,2022-07-12 01:00:44.404,0,train,27.707701568226067,0
normal,N0478,15897,37,50,2022-07-12 01:00:44.504,0,train,18.894595486461583,0
normal,N0478,15898,38,50,2022-07-12 01:00:44.604,0,train,25.55612139289541,0
normal,N0478,15899,39,50,2022-07-12 01:00:44.704,0,train,29.938478247716592,0
normal,N0478,15900,40,50,2022-07-12 01:00:44.804,0,train,22.813871779783607,0
normal,N0478,15901,41,50,2022-07-12 01:00:44.904,0,train,25.896546478710462,0
normal,N0478,15902,42,50,2022-07-12 01:00:45.004,0,train,32.59103828568598,0
normal,N0478,15903,43,50,2022-07-12 01:00:45.104,0,train,33.70653389220748,0
normal,N0478,15904,44,50,2022-07-12 01:00:45.204,0,train,50.22152651677381,0
normal,N0478,15905,45,50,2022-07-12 01:00:45.304,0,train,39.77729587063811,0
normal,N0478,15906,46,50,2022-07-12 01:00:45.404,0,train,36.65926617764267,0
normal,N0478,15907,47,50,2022-07-12 01:00:45.504,0,train,31.952737133393402,0
normal,N0478,15908,48,50,2022-07-12 01:00:45.604,0,train,31.3787278355927,0
normal,N0478,15909,49,50,2022-07-12 01:00:45.704,0,train,39.53495785821119,0
normal,N0479,15919,9,50,2022-07-12 01:00:50.960,0,train,20.19771063029251,0
normal,N0479,15920,10,50,2022-07-12 01:00:51.060,0,train,16.77026697113457,0
normal,N0479,15921,11,50,2022-07-12 01:00:51.160,0,train,27.41413514433664,0
normal,N0479,15922,12,50,2022-07-12 01:00:51.260,0,train,29.81975538609778,0
normal,N0479,15923,13,50,2022-07-12 01:00:51.360,0,train,20.86714557064705,0
normal,N0479,15924,14,50,2022-07-12 01:00:51.460,0,train,28.502096430906466,0
normal,N0479,15925,15,50,2022-07-12 01:00:51.560,0,train,33.69925854940847,0
normal,N0479,15926,16,50,2022-07-12 01:00:51.660,0,train,30.087882434860976,0
normal,N0479,15927,17,50,2022-07-12 01:00:51.760,0,train,26.659838588415507,0
normal,N0479,15928,18,50,2022-07-12 01:00:51.860,0,train,22.457364641519103,0
normal,N0479,15929,19,50,2022-07-12 01:00:51.960,0,train,19.35974342964006,0
normal,N0479,15930,20,50,2022-07-12 01:00:52.060,0,train,24.432006714872433,0
normal,N0479,15931,21,50,2022-07-12 01:00:52.160,0,train,24.608842064488577,0
normal,N0479,15932,22,50,2022-07-12 01:00:52.260,0,train,27.14308844603395,0
normal,N0479,15933,23,50,2022-07-12 01:00:52.360,0,train,30.039239999199705,0
normal,N0479,15934,24,50,2022-07-12 01:00:52.460,0,train,31.27226555423062,0
normal,N0479,15935,25,50,2022-07-12 01:00:52.560,0,train,31.520451361003193,0
normal,N0479,15936,26,50,2022-07-12 01:00:52.660,0,train,17.763899609246533,0
normal,N0479,15937,27,50,2022-07-12 01:00:52.760,0,train,19.5911119831905,0
normal,N0479,15938,28,50,2022-07-12 01:00:52.860,0,train,23.87923914145486,0
normal,N0479,15939,29,50,2022-07-12 01:00:52.960,0,train,23.949344999817626,0
normal,N0479,15940,30,50,2022-07-12 01:00:53.060,0,train,24.807678953442494,0
normal,N0479,15941,31,50,2022-07-12 01:00:53.160,0,train,32.07965658128079,0
normal,N0479,15942,32,50,2022-07-12 01:00:53.260,0,train,35.20633819399352,0
normal,N0479,15943,33,50,2022-07-12 01:00:53.360,0,train,37.985711843130204,0
normal,N0479,15944,34,50,2022-07-12 01:00:53.460,0,train,29.833699414727892,0
normal,N0479,15945,35,50,2022-07-12 01:00:53.560,0,train,27.493566595545907,0
normal,N0479,15946,36,50,2022-07-12 01:00:53.660,0,train,23.90188649590247,0
normal,N0479,15947,37,50,2022-07-12 01:00:53.760,0,train,41.43560440400619,0
normal,N0479,15948,38,50,2022-07-12 01:00:53.860,0,train,33.877057488257805,0
normal,N0479,15949,39,50,2022-07-12 01:00:53.960,0,train,37.45724179110305,0
normal,N0479,15950,40,50,2022-07-12 01:00:54.060,0,train,51.210795196432244,0
normal,N0479,15951,41,50,2022-07-12 01:00:54.160,0,train,43.3014873351515,0
normal,N0479,15952,42,50,2022-07-12 01:00:54.260,0,train,42.467786995631535,0
normal,N0479,15953,43,50,2022-07-12 01:00:54.360,0,train,42.46197740771991,0
normal,N0479,15954,44,50,2022-07-12 01:00:54.460,0,train,32.37207650048361,0
normal,N0479,15955,45,50,2022-07-12 01:00:54.560,0,train,42.635404895142464,0
normal,N0479,15956,46,50,2022-07-12 01:00:54.660,0,train,40.106108364899754,0
normal,N0479,15957,47,50,2022-07-12 01:00:54.760,0,train,41.50099199474065,0
normal,N0479,15958,48,50,2022-07-12 01:00:54.860,0,train,44.735971072862256,0
normal,N0479,15959,49,50,2022-07-12 01:00:54.960,0,train,38.30883503466366,0
normal,N0480,15969,9,50,2022-07-12 01:00:57.732,0,train,26.01058224302337,0
normal,N0480,15970,10,50,2022-07-12 01:00:57.832,0,train,27.37712813977642,0
normal,N0480,15971,11,50,2022-07-12 01:00:57.932,0,train,28.677443827069684,0
normal,N0480,15972,12,50,2022-07-12 01:00:58.032,0,train,28.116584368769328,0
normal,N0480,15973,13,50,2022-07-12 01:00:58.132,0,train,31.294051385074145,0
normal,N0480,15974,14,50,2022-07-12 01:00:58.232,0,train,31.90213601237287,0
normal,N0480,15975,15,50,2022-07-12 01:00:58.332,0,train,33.96436219513734,0
normal,N0480,15976,16,50,2022-07-12 01:00:58.432,0,train,23.02261816884888,0
normal,N0480,15977,17,50,2022-07-12 01:00:58.532,0,train,17.816955714889424,0
normal,N0480,15978,18,50,2022-07-12 01:00:58.632,0,train,27.374297344415794,0
normal,N0480,15979,19,50,2022-07-12 01:00:58.732,0,train,27.931800769216036,0
normal,N0480,15980,20,50,2022-07-12 01:00:58.832,0,train,29.420445115995296,0
normal,N0480,15981,21,50,2022-07-12 01:00:58.932,0,train,34.23031356804282,0
normal,N0480,15982,22,50,2022-07-12 01:00:59.032,0,train,35.271969055330025,0
normal,N0480,15983,23,50,2022-07-12 01:00:59.132,0,train,52.352056812558004,0
normal,N0480,15984,24,50,2022-07-12 01:00:59.232,0,train,31.47478390750376,0
normal,N0480,15985,25,50,2022-07-12 01:00:59.332,0,train,19.404683338335765,0
normal,N0480,15986,26,50,2022-07-12 01:00:59.432,0,train,21.475104734598265,0
normal,N0480,15987,27,50,2022-07-12 01:00:59.532,0,train,24.296160660425077,0
normal,N0480,15988,28,50,2022-07-12 01:00:59.632,0,train,24.426151637251998,0
normal,N0480,15989,29,50,2022-07-12 01:00:59.732,0,train,30.966097883871253,0
normal,N0480,15990,30,50,2022-07-12 01:00:59.832,0,train,26.249705450118327,0
normal,N0480,15991,31,50,2022-07-12 01:00:59.932,0,train,37.85973408553589,0
normal,N0480,15992,32,50,2022-07-12 01:01:00.032,0,train,24.62652304797709,0
normal,N0480,15993,33,50,2022-07-12 01:01:00.132,0,train,16.68052113151378,0
normal,N0480,15994,34,50,2022-07-12 01:01:00.232,0,train,23.61179529028532,0
normal,N0480,15995,35,50,2022-07-12 01:01:00.332,0,train,35.459587399568385,0
normal,N0480,15996,36,50,2022-07-12 01:01:00.432,0,train,32.94834317562396,0
normal,N0480,15997,37,50,2022-07-12 01:01:00.532,0,train,32.99711055089321,0
normal,N0480,15998,38,50,2022-07-12 01:01:00.632,0,train,31.300147611372555,0
normal,N0480,15999,39,50,2022-07-12 01:01:00.732,0,train,23.904177861021463,0
normal,N0480,16000,40,50,2022-07-12 01:01:00.832,0,train,36.93428262868876,0
normal,N0480,16001,41,50,2022-07-12 01:01:00.932,0,train,29.514239363081618,0
normal,N0480,16002,42,50,2022-07-12 01:01:01.032,0,train,23.577095159257556,0
normal,N0480,16003,43,50,2022-07-12 01:01:01.132,0,train,28.387204710497898,0
normal,N0480,16004,44,50,2022-07-12 01:01:01.232,0,train,29.542085226706234,0
normal,N0480,16005,45,50,2022-07-12 01:01:01.332,0,train,30.80587594655755,0
normal,N0480,16006,46,50,2022-07-12 01:01:01.432,0,train,37.457971161032546,0
normal,N0480,16007,47,50,2022-07-12 01:01:01.532,0,train,39.017642174214444,0
normal,N0480,16008,48,50,2022-07-12 01:01:01.632,0,train,38.76643612423989,0
normal,N0480,16009,49,50,2022-07-12 01:01:01.732,0,train,30.27548407830551,0
normal,N0481,16019,9,41,2022-07-12 01:01:05.424,0,train,43.050251552644134,0
normal,N0481,16020,10,41,2022-07-12 01:01:05.524,0,train,40.49206616595422,0
normal,N0481,16021,11,41,2022-07-12 01:01:05.624,0,train,37.956764723644476,0
normal,N0481,16022,12,41,2022-07-12 01:01:05.724,0,train,31.757291922790532,0
normal,N0481,16023,13,41,2022-07-12 01:01:05.824,0,train,27.911708609297698,0
normal,N0481,16024,14,41,2022-07-12 01:01:05.924,0,train,18.486553358967377,0
normal,N0481,16025,15,41,2022-07-12 01:01:06.024,0,train,26.13699078988076,0
normal,N0481,16026,16,41,2022-07-12 01:01:06.124,0,train,24.87191438150606,0
normal,N0481,16027,17,41,2022-07-12 01:01:06.224,0,train,25.664472543366696,0
normal,N0481,16028,18,41,2022-07-12 01:01:06.324,0,train,27.95539535836549,0
normal,N0481,16029,19,41,2022-07-12 01:01:06.424,0,train,48.61774231351854,0
normal,N0481,16030,20,41,2022-07-12 01:01:06.524,0,train,30.463500552770174,0
normal,N0481,16031,21,41,2022-07-12 01:01:06.624,0,train,33.73582042404078,0
normal,N0481,16032,22,41,2022-07-12 01:01:06.724,0,train,27.257850865424757,0
normal,N0481,16033,23,41,2022-07-12 01:01:06.824,0,train,30.75374396516796,0
normal,N0481,16034,24,41,2022-07-12 01:01:06.924,0,train,24.046709826520594,0
normal,N0481,16035,25,41,2022-07-12 01:01:07.024,0,train,33.18772149887853,0
normal,N0481,16036,26,41,2022-07-12 01:01:07.124,0,train,33.667748807438606,0
normal,N0481,16037,27,41,2022-07-12 01:01:07.224,0,train,50.45368484175324,0
normal,N0481,16038,28,41,2022-07-12 01:01:07.324,0,train,34.10823869635329,0
normal,N0481,16039,29,41,2022-07-12 01:01:07.424,0,train,27.324984346530567,0
normal,N0481,16040,30,41,2022-07-12 01:01:07.524,0,train,18.19829087492867,0
normal,N0481,16041,31,41,2022-07-12 01:01:07.624,0,train,33.81281120077413,0
normal,N0481,16042,32,41,2022-07-12 01:01:07.724,0,train,26.727181082616912,0
normal,N0481,16043,33,41,2022-07-12 01:01:07.824,0,train,33.86341992590435,0
normal,N0481,16044,34,41,2022-07-12 01:01:07.924,0,train,34.532387736599034,0
normal,N0481,16045,35,41,2022-07-12 01:01:08.024,0,train,48.321995328234166,0
normal,N0481,16046,36,41,2022-07-12 01:01:08.124,0,train,37.17132007690303,0
normal,N0481,16047,37,41,2022-07-12 01:01:08.224,0,train,35.50234474495832,0
normal,N0481,16048,38,41,2022-07-12 01:01:08.324,0,train,28.406853354710336,0
normal,N0481,16049,39,41,2022-07-12 01:01:08.424,0,train,26.291873728018565,0
normal,N0481,16050,40,41,2022-07-12 01:01:08.524,0,train,25.323474333996863,0
normal,N0483,16110,9,44,2022-07-12 01:01:21.196,0,train,32.43787197841661,0
normal,N0483,16111,10,44,2022-07-12 01:01:21.296,0,train,36.746836481252146,0
normal,N0483,16112,11,44,2022-07-12 01:01:21.396,0,train,36.97504410514429,0
normal,N0483,16113,12,44,2022-07-12 01:01:21.496,0,train,40.506946378283594,0
normal,N0483,16114,13,44,2022-07-12 01:01:21.596,0,train,38.79598340837832,0
normal,N0483,16115,14,44,2022-07-12 01:01:21.696,0,train,47.569595663349446,0
normal,N0483,16116,15,44,2022-07-12 01:01:21.796,0,train,51.001427197426665,0
normal,N0483,16117,16,44,2022-07-12 01:01:21.896,0,train,72.69921821950221,0
normal,N0483,16118,17,44,2022-07-12 01:01:21.996,0,train,36.209352219995786,0
normal,N0483,16119,18,44,2022-07-12 01:01:22.096,0,train,34.366700071935924,0
normal,N0483,16120,19,44,2022-07-12 01:01:22.196,0,train,65.21926018053735,0
normal,N0483,16121,20,44,2022-07-12 01:01:22.296,0,train,52.54352104735142,0
normal,N0483,16122,21,44,2022-07-12 01:01:22.396,0,train,42.16678448330681,0
normal,N0483,16123,22,44,2022-07-12 01:01:22.496,0,train,67.41075507590074,0
normal,N0483,16124,23,44,2022-07-12 01:01:22.596,0,train,62.933445939296284,0
normal,N0483,16125,24,44,2022-07-12 01:01:22.696,0,train,32.53479446527406,0
normal,N0483,16126,25,44,2022-07-12 01:01:22.796,0,train,33.63597226153262,0
normal,N0483,16127,26,44,2022-07-12 01:01:22.896,0,train,34.53148681715721,0
normal,N0483,16128,27,44,2022-07-12 01:01:22.996,0,train,38.64018752110804,0
normal,N0483,16129,28,44,2022-07-12 01:01:23.096,0,train,44.06464704277243,0
normal,N0483,16130,29,44,2022-07-12 01:01:23.196,0,train,34.88671119193328,0
normal,N0483,16131,30,44,2022-07-12 01:01:23.296,0,train,18.45793836778352,0
normal,N0483,16132,31,44,2022-07-12 01:01:23.396,0,train,17.39805387033777,0
normal,N0483,16133,32,44,2022-07-12 01:01:23.496,0,train,26.546137790936587,0
normal,N0483,16134,33,44,2022-07-12 01:01:23.596,0,train,24.687161621173363,0
normal,N0483,16135,34,44,2022-07-12 01:01:23.696,0,train,29.952800355970663,0
normal,N0483,16136,35,44,2022-07-12 01:01:23.796,0,train,39.624518403669754,0
normal,N0483,16137,36,44,2022-07-12 01:01:23.896,0,train,25.560172469668323,0
normal,N0483,16138,37,44,2022-07-12 01:01:23.996,0,train,25.019387605041405,0
normal,N0483,16139,38,44,2022-07-12 01:01:24.096,0,train,18.23867774405155,0
normal,N0483,16140,39,44,2022-07-12 01:01:24.196,0,train,29.93599716032222,0
normal,N0483,16141,40,44,2022-07-12 01:01:24.296,0,train,21.64296488448879,0
normal,N0483,16142,41,44,2022-07-12 01:01:24.396,0,train,18.351586286900673,0
normal,N0483,16143,42,44,2022-07-12 01:01:24.496,0,train,26.332470025380903,0
normal,N0483,16144,43,44,2022-07-12 01:01:24.596,0,train,27.244462841191282,0
normal,N0484,16154,9,44,2022-07-12 01:01:29.071,0,train,36.852125649072725,0
normal,N0484,16155,10,44,2022-07-12 01:01:29.171,0,train,45.28915939139482,0
normal,N0484,16156,11,44,2022-07-12 01:01:29.271,0,train,48.17594672749294,0
normal,N0484,16157,12,44,2022-07-12 01:01:29.371,0,train,43.41407670647891,0
normal,N0484,16158,13,44,2022-07-12 01:01:29.471,0,train,25.994877316737362,0
normal,N0484,16159,14,44,2022-07-12 01:01:29.571,0,train,24.40282494404729,0
normal,N0484,16160,15,44,2022-07-12 01:01:29.671,0,train,25.970499641684253,0
normal,N0484,16161,16,44,2022-07-12 01:01:29.771,0,train,26.67631787240254,0
normal,N0484,16162,17,44,2022-07-12 01:01:29.871,0,train,32.47801793112816,0
normal,N0484,16163,18,44,2022-07-12 01:01:29.971,0,train,35.34552688272537,0
normal,N0484,16164,19,44,2022-07-12 01:01:30.071,0,train,36.43367989932197,0
normal,N0484,16165,20,44,2022-07-12 01:01:30.171,0,train,53.93216241146981,0
normal,N0484,16166,21,44,2022-07-12 01:01:30.271,0,train,41.60399903937262,0
normal,N0484,16167,22,44,2022-07-12 01:01:30.371,0,train,22.05283057462393,0
normal,N0484,16168,23,44,2022-07-12 01:01:30.471,0,train,28.646569446192593,0
normal,N0484,16169,24,44,2022-07-12 01:01:30.571,0,train,28.163679266880898,0
normal,N0484,16170,25,44,2022-07-12 01:01:30.671,0,train,28.790111034664278,0
normal,N0484,16171,26,44,2022-07-12 01:01:30.771,0,train,33.55890086488393,0
normal,N0484,16172,27,44,2022-07-12 01:01:30.871,0,train,45.492420810116805,0
normal,N0484,16173,28,44,2022-07-12 01:01:30.971,0,train,41.95301268519906,0
normal,N0484,16174,29,44,2022-07-12 01:01:31.071,0,train,38.46918493934225,0
normal,N0484,16175,30,44,2022-07-12 01:01:31.171,0,train,40.24642782023125,0
normal,N0484,16176,31,44,2022-07-12 01:01:31.271,0,train,38.73816089027181,0
normal,N0484,16177,32,44,2022-07-12 01:01:31.371,0,train,31.09286391417513,0
normal,N0484,16178,33,44,2022-07-12 01:01:31.471,0,train,37.769469136018124,0
normal,N0484,16179,34,44,2022-07-12 01:01:31.571,0,train,42.08728802727588,0
normal,N0484,16180,35,44,2022-07-12 01:01:31.671,0,train,35.92977250369824,0
normal,N0484,16181,36,44,2022-07-12 01:01:31.771,0,train,41.44646411835602,0
normal,N0484,16182,37,44,2022-07-12 01:01:31.871,0,train,38.4860999056586,0
normal,N0484,16183,38,44,2022-07-12 01:01:31.971,0,train,36.989990375696685,0
normal,N0484,16184,39,44,2022-07-12 01:01:32.071,0,train,29.72887996378954,0
normal,N0484,16185,40,44,2022-07-12 01:01:32.171,0,train,29.933401793402872,0
normal,N0484,16186,41,44,2022-07-12 01:01:32.271,0,train,21.79138097620414,0
normal,N0484,16187,42,44,2022-07-12 01:01:32.371,0,train,19.096645619664592,0
normal,N0484,16188,43,44,2022-07-12 01:01:32.471,0,train,23.992101698658576,0
normal,N0485,16198,9,44,2022-07-12 01:01:37.060,0,train,37.34556602160554,0
normal,N0485,16199,10,44,2022-07-12 01:01:37.160,0,train,30.906449781884575,0
normal,N0485,16200,11,44,2022-07-12 01:01:37.260,0,train,35.60868873523132,0
normal,N0485,16201,12,44,2022-07-12 01:01:37.360,0,train,33.9535339296673,0
normal,N0485,16202,13,44,2022-07-12 01:01:37.460,0,train,61.30989820353186,0
normal,N0485,16203,14,44,2022-07-12 01:01:37.560,0,train,37.4373287647138,0
normal,N0485,16204,15,44,2022-07-12 01:01:37.660,0,train,38.2100219858202,0
normal,N0485,16205,16,44,2022-07-12 01:01:37.760,0,train,22.200124536787463,0
normal,N0485,16206,17,44,2022-07-12 01:01:37.860,0,train,24.277933557628447,0
normal,N0485,16207,18,44,2022-07-12 01:01:37.960,0,train,24.3524060000516,0
normal,N0485,16208,19,44,2022-07-12 01:01:38.060,0,train,57.18527594218279,0
normal,N0485,16209,20,44,2022-07-12 01:01:38.160,0,train,29.686658375625747,0
normal,N0485,16210,21,44,2022-07-12 01:01:38.260,0,train,30.34751049305695,0
normal,N0485,16211,22,44,2022-07-12 01:01:38.360,0,train,18.57312521719474,0
normal,N0485,16212,23,44,2022-07-12 01:01:38.460,0,train,28.520288791865838,0
normal,N0485,16213,24,44,2022-07-12 01:01:38.560,0,train,26.352012121844655,0
normal,N0485,16214,25,44,2022-07-12 01:01:38.660,0,train,28.51087600290782,0
normal,N0485,16215,26,44,2022-07-12 01:01:38.760,0,train,19.649007791847513,0
normal,N0485,16216,27,44,2022-07-12 01:01:38.860,0,train,21.60922245560356,0
normal,N0485,16217,28,44,2022-07-12 01:01:38.960,0,train,36.01544007254461,0
normal,N0485,16218,29,44,2022-07-12 01:01:39.060,0,train,38.753463274315884,0
normal,N0485,16219,30,44,2022-07-12 01:01:39.160,0,train,35.734277792678604,0
normal,N0485,16220,31,44,2022-07-12 01:01:39.260,0,train,27.466389467186733,0
normal,N0485,16221,32,44,2022-07-12 01:01:39.360,0,train,23.12175886760578,0
normal,N0485,16222,33,44,2022-07-12 01:01:39.460,0,train,35.386472638474395,0
normal,N0485,16223,34,44,2022-07-12 01:01:39.560,0,train,37.21007046795105,0
normal,N0485,16224,35,44,2022-07-12 01:01:39.660,0,train,36.39056677778327,0
normal,N0485,16225,36,44,2022-07-12 01:01:39.760,0,train,44.49761908762802,0
normal,N0485,16226,37,44,2022-07-12 01:01:39.860,0,train,33.747652036551955,0
normal,N0485,16227,38,44,2022-07-12 01:01:39.960,0,train,30.344787299206153,0
normal,N0485,16228,39,44,2022-07-12 01:01:40.060,0,train,21.715745928233705,0
normal,N0485,16229,40,44,2022-07-12 01:01:40.160,0,train,24.94633352856415,0
normal,N0485,16230,41,44,2022-07-12 01:01:40.260,0,train,23.002716695321325,0
normal,N0485,16231,42,44,2022-07-12 01:01:40.360,0,train,24.69960590067275,0
normal,N0485,16232,43,44,2022-07-12 01:01:40.460,0,train,25.60813447687473,0
normal,N0486,16242,9,43,2022-07-12 01:01:45.206,0,train,37.83043465931431,0
normal,N0486,16243,10,43,2022-07-12 01:01:45.306,0,train,35.405876886853534,0
normal,N0486,16244,11,43,2022-07-12 01:01:45.406,0,train,24.23064183800316,0
normal,N0486,16245,12,43,2022-07-12 01:01:45.506,0,train,21.805694011796596,0
normal,N0486,16246,13,43,2022-07-12 01:01:45.606,0,train,24.274801898586812,0
normal,N0486,16247,14,43,2022-07-12 01:01:45.706,0,train,20.802215215252726,0
normal,N0486,16248,15,43,2022-07-12 01:01:45.806,0,train,27.09700146321774,0
normal,N0486,16249,16,43,2022-07-12 01:01:45.906,0,train,30.592403649826995,0
normal,N0486,16250,17,43,2022-07-12 01:01:46.006,0,train,30.840821120972052,0
normal,N0486,16251,18,43,2022-07-12 01:01:46.106,0,train,36.72172978057351,0
normal,N0486,16252,19,43,2022-07-12 01:01:46.206,0,train,31.661373323401342,0
normal,N0486,16253,20,43,2022-07-12 01:01:46.306,0,train,26.779972816161486,0
normal,N0486,16254,21,43,2022-07-12 01:01:46.406,0,train,21.2689394892792,0
normal,N0486,16255,22,43,2022-07-12 01:01:46.506,0,train,24.26936671148144,0
normal,N0486,16256,23,43,2022-07-12 01:01:46.606,0,train,31.839566233654313,0
normal,N0486,16257,24,43,2022-07-12 01:01:46.706,0,train,37.07927498513837,0
normal,N0486,16258,25,43,2022-07-12 01:01:46.806,0,train,34.96955700021752,0
normal,N0486,16259,26,43,2022-07-12 01:01:46.906,0,train,31.692485163574112,0
normal,N0486,16260,27,43,2022-07-12 01:01:47.006,0,train,22.225391725110832,0
normal,N0486,16261,28,43,2022-07-12 01:01:47.106,0,train,20.467081873133985,0
normal,N0486,16262,29,43,2022-07-12 01:01:47.206,0,train,31.359220275400737,0
normal,N0486,16263,30,43,2022-07-12 01:01:47.306,0,train,23.74212467760308,0
normal,N0486,16264,31,43,2022-07-12 01:01:47.406,0,train,24.09854491694005,0
normal,N0486,16265,32,43,2022-07-12 01:01:47.506,0,train,28.30293466995505,0
normal,N0486,16266,33,43,2022-07-12 01:01:47.606,0,train,33.286203266650304,0
normal,N0486,16267,34,43,2022-07-12 01:01:47.706,0,train,59.581824064586684,0
normal,N0486,16268,35,43,2022-07-12 01:01:47.806,0,train,53.43510059616566,0
normal,N0486,16269,36,43,2022-07-12 01:01:47.906,0,train,28.895861563698144,0
normal,N0486,16270,37,43,2022-07-12 01:01:48.006,0,train,23.855944603327245,0
normal,N0486,16271,38,43,2022-07-12 01:01:48.106,0,train,36.641830110249245,0
normal,N0486,16272,39,43,2022-07-12 01:01:48.206,0,train,35.065421796594755,0
normal,N0486,16273,40,43,2022-07-12 01:01:48.306,0,train,40.200663853655165,0
normal,N0486,16274,41,43,2022-07-12 01:01:48.406,0,train,35.92672746205019,0
normal,N0486,16275,42,43,2022-07-12 01:01:48.506,0,train,34.47855053609982,0
normal,N0488,16320,9,23,2022-07-12 01:02:01.118,0,train,41.223183915212275,0
normal,N0488,16321,10,23,2022-07-12 01:02:01.218,0,train,18.267786044015985,0
normal,N0488,16322,11,23,2022-07-12 01:02:01.318,0,train,26.772844697790426,0
normal,N0488,16323,12,23,2022-07-12 01:02:01.418,0,train,28.936300500107144,0
normal,N0488,16324,13,23,2022-07-12 01:02:01.518,0,train,40.52071157401439,0
normal,N0488,16325,14,23,2022-07-12 01:02:01.618,0,train,43.38151966763132,0
normal,N0488,16326,15,23,2022-07-12 01:02:01.718,0,train,42.60639704341377,0
normal,N0488,16327,16,23,2022-07-12 01:02:01.818,0,train,63.894246659562896,0
normal,N0488,16328,17,23,2022-07-12 01:02:01.918,0,train,60.95333002277315,0
normal,N0488,16329,18,23,2022-07-12 01:02:02.018,0,train,71.71572008337594,0
normal,N0488,16330,19,23,2022-07-12 01:02:02.118,0,train,49.33425969908895,0
normal,N0488,16331,20,23,2022-07-12 01:02:02.218,0,train,37.505174868089604,0
normal,N0488,16332,21,23,2022-07-12 01:02:02.318,0,train,25.77535913536689,0
normal,N0488,16333,22,23,2022-07-12 01:02:02.418,0,train,37.03781399263528,0
normal,N0489,16343,9,21,2022-07-12 01:02:09.225,0,train,21.018833726733508,0
normal,N0489,16344,10,21,2022-07-12 01:02:09.325,0,train,22.784111940999324,0
normal,N0489,16345,11,21,2022-07-12 01:02:09.425,0,train,37.632939296841165,0
normal,N0489,16346,12,21,2022-07-12 01:02:09.525,0,train,29.356851685925502,0
normal,N0489,16347,13,21,2022-07-12 01:02:09.625,0,train,33.85972307031314,0
normal,N0489,16348,14,21,2022-07-12 01:02:09.725,0,train,43.823332688812116,0
normal,N0489,16349,15,21,2022-07-12 01:02:09.825,0,train,30.373679326396484,0
normal,N0489,16350,16,21,2022-07-12 01:02:09.925,0,train,41.82182444417438,0
normal,N0489,16351,17,21,2022-07-12 01:02:10.025,0,train,50.546252233165546,0
normal,N0489,16352,18,21,2022-07-12 01:02:10.125,0,train,38.72714266104996,0
normal,N0489,16353,19,21,2022-07-12 01:02:10.225,0,train,29.87195966095086,0
normal,N0489,16354,20,21,2022-07-12 01:02:10.325,0,train,33.298100039268384,0
normal,N0491,16372,9,50,2022-07-12 01:02:34.280,0,train,47.85299884723636,0
normal,N0491,16373,10,50,2022-07-12 01:02:34.380,0,train,40.61027676125035,0
normal,N0491,16374,11,50,2022-07-12 01:02:34.480,0,train,46.38384336309143,0
normal,N0491,16375,12,50,2022-07-12 01:02:34.580,0,train,119.62301886470019,0
normal,N0491,16376,13,50,2022-07-12 01:02:34.680,0,train,73.99125079304028,0
normal,N0491,16377,14,50,2022-07-12 01:02:34.780,0,train,52.326790726992606,0
normal,N0491,16378,15,50,2022-07-12 01:02:34.880,0,train,79.1499262666047,0
normal,N0491,16379,16,50,2022-07-12 01:02:34.980,0,train,51.583931248739866,0
normal,N0491,16380,17,50,2022-07-12 01:02:35.080,0,train,55.376483195133915,0
normal,N0491,16381,18,50,2022-07-12 01:02:35.180,0,train,55.62753843721054,0
normal,N0491,16382,19,50,2022-07-12 01:02:35.280,0,train,25.251680194633256,0
normal,N0491,16383,20,50,2022-07-12 01:02:35.380,0,train,23.969384024035556,0
normal,N0491,16384,21,50,2022-07-12 01:02:35.480,0,train,27.16481495891131,0
normal,N0491,16385,22,50,2022-07-12 01:02:35.580,0,train,24.97221235019494,0
normal,N0491,16386,23,50,2022-07-12 01:02:35.680,0,train,26.69038523931354,0
normal,N0491,16387,24,50,2022-07-12 01:02:35.780,0,train,29.517550805816445,0
normal,N0491,16388,25,50,2022-07-12 01:02:35.880,0,train,28.949815869130717,0
normal,N0491,16389,26,50,2022-07-12 01:02:35.980,0,train,37.144501090053645,0
normal,N0491,16390,27,50,2022-07-12 01:02:36.080,0,train,30.799105460577636,0
normal,N0491,16391,28,50,2022-07-12 01:02:36.180,0,train,44.07058886952386,0
normal,N0491,16392,29,50,2022-07-12 01:02:36.280,0,train,49.04037244172485,0
normal,N0491,16393,30,50,2022-07-12 01:02:36.380,0,train,47.17509622972109,0
normal,N0491,16394,31,50,2022-07-12 01:02:36.480,0,train,49.89415171053517,0
normal,N0491,16395,32,50,2022-07-12 01:02:36.580,0,train,55.926495382509806,0
normal,N0491,16396,33,50,2022-07-12 01:02:36.680,0,train,69.06446306633657,0
normal,N0491,16397,34,50,2022-07-12 01:02:36.780,0,train,68.49397818657634,0
normal,N0491,16398,35,50,2022-07-12 01:02:36.880,0,train,44.853793315868316,0
normal,N0491,16399,36,50,2022-07-12 01:02:36.980,0,train,36.38914464264182,0
normal,N0491,16400,37,50,2022-07-12 01:02:37.080,0,train,26.411053869211777,0
normal,N0491,16401,38,50,2022-07-12 01:02:37.180,0,train,27.896543025487244,0
normal,N0491,16402,39,50,2022-07-12 01:02:37.280,0,train,42.43177930654975,0
normal,N0491,16403,40,50,2022-07-12 01:02:37.380,0,train,42.70212677866321,0
normal,N0491,16404,41,50,2022-07-12 01:02:37.480,0,train,32.58273212203253,0
normal,N0491,16405,42,50,2022-07-12 01:02:37.580,0,train,38.193108994840514,0
normal,N0491,16406,43,50,2022-07-12 01:02:37.680,0,train,25.67858115591883,0
normal,N0491,16407,44,50,2022-07-12 01:02:37.780,0,train,17.220220551414382,0
normal,N0491,16408,45,50,2022-07-12 01:02:37.880,0,train,26.734766977238262,0
normal,N0491,16409,46,50,2022-07-12 01:02:37.980,0,train,26.564499635389584,0
normal,N0491,16410,47,50,2022-07-12 01:02:38.080,0,train,31.080292132609802,0
normal,N0491,16411,48,50,2022-07-12 01:02:38.180,0,train,40.56451567623583,0
normal,N0491,16412,49,50,2022-07-12 01:02:38.280,0,train,43.63775983595881,0
normal,N0493,16472,9,39,2022-07-12 01:02:49.071,0,train,28.058632685779557,0
normal,N0493,16473,10,39,2022-07-12 01:02:49.171,0,train,32.425395265370284,0
normal,N0493,16474,11,39,2022-07-12 01:02:49.271,0,train,34.98845147398214,0
normal,N0493,16475,12,39,2022-07-12 01:02:49.371,0,train,32.845645373368235,0
normal,N0493,16476,13,39,2022-07-12 01:02:49.471,0,train,36.70000376640211,0
normal,N0493,16477,14,39,2022-07-12 01:02:49.571,0,train,45.570037499768844,0
normal,N0493,16478,15,39,2022-07-12 01:02:49.671,0,train,29.44098485899339,0
normal,N0493,16479,16,39,2022-07-12 01:02:49.771,0,train,38.529233175234474,0
normal,N0493,16480,17,39,2022-07-12 01:02:49.871,0,train,33.884648110234515,0
normal,N0493,16481,18,39,2022-07-12 01:02:49.971,0,train,64.03123525088363,0
normal,N0493,16482,19,39,2022-07-12 01:02:50.071,0,train,50.752349215366465,0
normal,N0493,16483,20,39,2022-07-12 01:02:50.171,0,train,30.137472997485794,0
normal,N0493,16484,21,39,2022-07-12 01:02:50.271,0,train,30.36522994757501,0
normal,N0493,16485,22,39,2022-07-12 01:02:50.371,0,train,32.68578070638109,0
normal,N0493,16486,23,39,2022-07-12 01:02:50.471,0,train,35.99732700837594,0
normal,N0493,16487,24,39,2022-07-12 01:02:50.571,0,train,27.178008215741617,0
normal,N0493,16488,25,39,2022-07-12 01:02:50.671,0,train,31.348102419475477,0
normal,N0493,16489,26,39,2022-07-12 01:02:50.771,0,train,32.234844762599224,0
normal,N0493,16490,27,39,2022-07-12 01:02:50.871,0,train,37.386633738613526,0
normal,N0493,16491,28,39,2022-07-12 01:02:50.971,0,train,30.86021112321833,0
normal,N0493,16492,29,39,2022-07-12 01:02:51.071,0,train,51.62930947618808,0
normal,N0493,16493,30,39,2022-07-12 01:02:51.171,0,train,75.40490623046409,0
normal,N0493,16494,31,39,2022-07-12 01:02:51.271,0,train,42.88942375726028,0
normal,N0493,16495,32,39,2022-07-12 01:02:51.371,0,train,41.78071597081538,0
normal,N0493,16496,33,39,2022-07-12 01:02:51.471,0,train,47.0759327169349,0
normal,N0493,16497,34,39,2022-07-12 01:02:51.571,0,train,49.85404793104673,0
normal,N0493,16498,35,39,2022-07-12 01:02:51.671,0,train,49.095627112767076,0
normal,N0493,16499,36,39,2022-07-12 01:02:51.771,0,train,47.65845984577925,0
normal,N0493,16500,37,39,2022-07-12 01:02:51.871,0,train,24.115468866975903,0
normal,N0493,16501,38,39,2022-07-12 01:02:51.971,0,train,25.54080881823501,0
normal,N0494,16511,9,27,2022-07-12 01:02:57.032,0,train,61.612256836920785,0
normal,N0494,16512,10,27,2022-07-12 01:02:57.132,0,train,64.46629381286114,0
normal,N0494,16513,11,27,2022-07-12 01:02:57.232,0,train,35.66977778862692,0
normal,N0494,16514,12,27,2022-07-12 01:02:57.332,0,train,46.85948679253035,0
normal,N0494,16515,13,27,2022-07-12 01:02:57.432,0,train,28.499453462041085,0
normal,N0494,16516,14,27,2022-07-12 01:02:57.532,0,train,20.195426477342398,0
normal,N0494,16517,15,27,2022-07-12 01:02:57.632,0,train,42.56152025218259,0
normal,N0494,16518,16,27,2022-07-12 01:02:57.732,0,train,23.851191251563215,0
normal,N0494,16519,17,27,2022-07-12 01:02:57.832,0,train,23.143914786738414,0
normal,N0494,16520,18,27,2022-07-12 01:02:57.932,0,train,22.605481115772086,0
normal,N0494,16521,19,27,2022-07-12 01:02:58.032,0,train,23.58909760987743,0
normal,N0494,16522,20,27,2022-07-12 01:02:58.132,0,train,32.0781095392015,0
normal,N0494,16523,21,27,2022-07-12 01:02:58.232,0,train,28.355246951192512,0
normal,N0494,16524,22,27,2022-07-12 01:02:58.332,0,train,24.46226092517087,0
normal,N0494,16525,23,27,2022-07-12 01:02:58.432,0,train,18.451452041610317,0
normal,N0494,16526,24,27,2022-07-12 01:02:58.532,0,train,23.265266480085508,0
normal,N0494,16527,25,27,2022-07-12 01:02:58.632,0,train,22.25993634858699,0
normal,N0494,16528,26,27,2022-07-12 01:02:58.732,0,train,32.79416274226561,0
normal,N0495,16538,9,15,2022-07-12 01:03:05.094,0,train,20.546057260814354,0
normal,N0495,16539,10,15,2022-07-12 01:03:05.194,0,train,31.752212220390106,0
normal,N0495,16540,11,15,2022-07-12 01:03:05.294,0,train,30.392581980508055,0
normal,N0495,16541,12,15,2022-07-12 01:03:05.394,0,train,42.28985310963285,0
normal,N0495,16542,13,15,2022-07-12 01:03:05.494,0,train,50.32360939632172,0
normal,N0495,16543,14,15,2022-07-12 01:03:05.594,0,train,30.525245822539095,0
normal,N0496,16553,9,13,2022-07-12 01:03:13.128,0,train,55.175777946788386,0
normal,N0496,16554,10,13,2022-07-12 01:03:13.228,0,train,41.427688968747134,0
normal,N0496,16555,11,13,2022-07-12 01:03:13.328,0,train,55.17242863964889,0
normal,N0496,16556,12,13,2022-07-12 01:03:13.428,0,train,41.435875628687384,0
normal,N0498,16616,9,50,2022-07-12 01:03:30.748,0,train,23.852138763417482,0
normal,N0498,16617,10,50,2022-07-12 01:03:30.848,0,train,23.844731182132104,0
normal,N0498,16618,11,50,2022-07-12 01:03:30.948,0,train,42.27103851166802,0
normal,N0498,16619,12,50,2022-07-12 01:03:31.048,0,train,40.77112702960089,0
normal,N0498,16620,13,50,2022-07-12 01:03:31.148,0,train,48.898721320024116,0
normal,N0498,16621,14,50,2022-07-12 01:03:31.248,0,train,56.78692241302653,0
normal,N0498,16622,15,50,2022-07-12 01:03:31.348,0,train,58.10145945194455,0
normal,N0498,16623,16,50,2022-07-12 01:03:31.448,0,train,52.69260977935425,0
normal,N0498,16624,17,50,2022-07-12 01:03:31.548,0,train,69.34949517817114,0
normal,N0498,16625,18,50,2022-07-12 01:03:31.648,0,train,56.115061179223204,0
normal,N0498,16626,19,50,2022-07-12 01:03:31.748,0,train,39.191168306839046,0
normal,N0498,16627,20,50,2022-07-12 01:03:31.848,0,train,25.604557330037576,0
normal,N0498,16628,21,50,2022-07-12 01:03:31.948,0,train,30.90345501812469,0
normal,N0498,16629,22,50,2022-07-12 01:03:32.048,0,train,62.90843783256937,0
normal,N0498,16630,23,50,2022-07-12 01:03:32.148,0,train,32.06065228194069,0
normal,N0498,16631,24,50,2022-07-12 01:03:32.248,0,train,29.540939134067294,0
normal,N0498,16632,25,50,2022-07-12 01:03:32.348,0,train,39.93058365632058,0
normal,N0498,16633,26,50,2022-07-12 01:03:32.448,0,train,31.818087224000035,0
normal,N0498,16634,27,50,2022-07-12 01:03:32.548,0,train,46.89283299859377,0
normal,N0498,16635,28,50,2022-07-12 01:03:32.648,0,train,29.657870050299742,0
normal,N0498,16636,29,50,2022-07-12 01:03:32.748,0,train,61.02176247082179,0
normal,N0498,16637,30,50,2022-07-12 01:03:32.848,0,train,73.5909891437283,0
normal,N0498,16638,31,50,2022-07-12 01:03:32.948,0,train,80.87164171458743,0
normal,N0498,16639,32,50,2022-07-12 01:03:33.048,0,train,80.6590633226695,0
normal,N0498,16640,33,50,2022-07-12 01:03:33.148,0,train,36.2591694741799,0
normal,N0498,16641,34,50,2022-07-12 01:03:33.248,0,train,45.9699598125887,0
normal,N0498,16642,35,50,2022-07-12 01:03:33.348,0,train,28.40047343225538,0
normal,N0498,16643,36,50,2022-07-12 01:03:33.448,0,train,34.441146679773915,0
normal,N0498,16644,37,50,2022-07-12 01:03:33.548,0,train,39.24373987472827,0
normal,N0498,16645,38,50,2022-07-12 01:03:33.648,0,train,49.355330070329195,0
normal,N0498,16646,39,50,2022-07-12 01:03:33.748,0,train,53.31370072058598,0
normal,N0498,16647,40,50,2022-07-12 01:03:33.848,0,train,60.66922156891821,0
normal,N0498,16648,41,50,2022-07-12 01:03:33.948,0,train,40.75796242166357,0
normal,N0498,16649,42,50,2022-07-12 01:03:34.048,0,train,37.85575096229263,0
normal,N0498,16650,43,50,2022-07-12 01:03:34.148,0,train,39.088339833324696,0
normal,N0498,16651,44,50,2022-07-12 01:03:34.248,0,train,41.70951511457026,0
normal,N0498,16652,45,50,2022-07-12 01:03:34.348,0,train,35.00678125238155,0
normal,N0498,16653,46,50,2022-07-12 01:03:34.448,0,train,35.62814559331764,0
normal,N0498,16654,47,50,2022-07-12 01:03:34.548,0,train,28.99530999936729,0
normal,N0498,16655,48,50,2022-07-12 01:03:34.648,0,train,27.787135897766984,0
normal,N0498,16656,49,50,2022-07-12 01:03:34.748,0,train,33.861938065328886,0
normal,N0499,16666,9,50,2022-07-12 01:03:37.402,0,train,51.061861457843804,0
normal,N0499,16667,10,50,2022-07-12 01:03:37.502,0,train,31.638617408292298,0
normal,N0499,16668,11,50,2022-07-12 01:03:37.602,0,train,26.290216517953766,0
normal,N0499,16669,12,50,2022-07-12 01:03:37.702,0,train,32.031117484735056,0
normal,N0499,16670,13,50,2022-07-12 01:03:37.802,0,train,29.410221448011885,0
normal,N0499,16671,14,50,2022-07-12 01:03:37.902,0,train,35.349169686678174,0
normal,N0499,16672,15,50,2022-07-12 01:03:38.002,0,train,38.332890147490915,0
normal,N0499,16673,16,50,2022-07-12 01:03:38.102,0,train,20.95373252175024,0
normal,N0499,16674,17,50,2022-07-12 01:03:38.202,0,train,20.332663863525998,0
normal,N0499,16675,18,50,2022-07-12 01:03:38.302,0,train,21.111724672065876,0
normal,N0499,16676,19,50,2022-07-12 01:03:38.402,0,train,30.38876838594131,0
normal,N0499,16677,20,50,2022-07-12 01:03:38.502,0,train,27.27603715298168,0
normal,N0499,16678,21,50,2022-07-12 01:03:38.602,0,train,28.5561019697229,0
normal,N0499,16679,22,50,2022-07-12 01:03:38.702,0,train,27.286047513721154,0
normal,N0499,16680,23,50,2022-07-12 01:03:38.802,0,train,38.571830644304356,0
normal,N0499,16681,24,50,2022-07-12 01:03:38.902,0,train,27.037603375886086,0
normal,N0499,16682,25,50,2022-07-12 01:03:39.002,0,train,22.852647370827732,0
normal,N0499,16683,26,50,2022-07-12 01:03:39.102,0,train,22.13393358454242,0
normal,N0499,16684,27,50,2022-07-12 01:03:39.202,0,train,32.43792880258181,0
normal,N0499,16685,28,50,2022-07-12 01:03:39.302,0,train,31.557665314619122,0
normal,N0499,16686,29,50,2022-07-12 01:03:39.402,0,train,37.59124384705796,0
normal,N0499,16687,30,50,2022-07-12 01:03:39.502,0,train,37.02975474815995,0
normal,N0499,16688,31,50,2022-07-12 01:03:39.602,0,train,44.39948329353133,0
normal,N0499,16689,32,50,2022-07-12 01:03:39.702,0,train,35.51775990351411,0
normal,N0499,16690,33,50,2022-07-12 01:03:39.802,0,train,31.897352831483776,0
normal,N0499,16691,34,50,2022-07-12 01:03:39.902,0,train,30.672214661957305,0
normal,N0499,16692,35,50,2022-07-12 01:03:40.002,0,train,32.5936238018524,0
normal,N0499,16693,36,50,2022-07-12 01:03:40.102,0,train,33.56945404098926,0
normal,N0499,16694,37,50,2022-07-12 01:03:40.202,0,train,49.52043359297531,0
normal,N0499,16695,38,50,2022-07-12 01:03:40.302,0,train,36.40256288957057,0
normal,N0499,16696,39,50,2022-07-12 01:03:40.402,0,train,31.278862184049434,0
normal,N0499,16697,40,50,2022-07-12 01:03:40.502,0,train,29.08599603853378,0
normal,N0499,16698,41,50,2022-07-12 01:03:40.602,0,train,18.530340405374638,0
normal,N0499,16699,42,50,2022-07-12 01:03:40.702,0,train,22.70945213185965,0
normal,N0499,16700,43,50,2022-07-12 01:03:40.802,0,train,24.241449774164824,0
normal,N0499,16701,44,50,2022-07-12 01:03:40.902,0,train,20.642462373987417,0
normal,N0499,16702,45,50,2022-07-12 01:03:41.002,0,train,22.30733324569014,0
normal,N0499,16703,46,50,2022-07-12 01:03:41.102,0,train,25.929269677724026,0
normal,N0499,16704,47,50,2022-07-12 01:03:41.202,0,train,28.414749824367142,0
normal,N0499,16705,48,50,2022-07-12 01:03:41.302,0,train,43.849235431073836,0
normal,N0499,16706,49,50,2022-07-12 01:03:41.402,0,train,33.559798669570476,0
normal,N0500,16716,9,37,2022-07-12 01:03:45.360,0,train,38.13089892845762,0
normal,N0500,16717,10,37,2022-07-12 01:03:45.460,0,train,29.227346839856562,0
normal,N0500,16718,11,37,2022-07-12 01:03:45.560,0,train,38.81925802706221,0
normal,N0500,16719,12,37,2022-07-12 01:03:45.660,0,train,26.35480441820025,0
normal,N0500,16720,13,37,2022-07-12 01:03:45.760,0,train,28.170476743872825,0
normal,N0500,16721,14,37,2022-07-12 01:03:45.860,0,train,31.672419566395867,0
normal,N0500,16722,15,37,2022-07-12 01:03:45.960,0,train,43.74269847891224,0
normal,N0500,16723,16,37,2022-07-12 01:03:46.060,0,train,51.69831849092088,0
normal,N0500,16724,17,37,2022-07-12 01:03:46.160,0,train,38.76824351464243,0
normal,N0500,16725,18,37,2022-07-12 01:03:46.260,0,train,37.35901300737319,0
normal,N0500,16726,19,37,2022-07-12 01:03:46.360,0,train,40.53342016085174,0
normal,N0500,16727,20,37,2022-07-12 01:03:46.460,0,train,42.69769647908545,0
normal,N0500,16728,21,37,2022-07-12 01:03:46.560,0,train,36.07414389335717,0
normal,N0500,16729,22,37,2022-07-12 01:03:46.660,0,train,52.676959117153366,0
normal,N0500,16730,23,37,2022-07-12 01:03:46.760,0,train,68.86842093205101,0
normal,N0500,16731,24,37,2022-07-12 01:03:46.860,0,train,72.7585759894569,0
normal,N0500,16732,25,37,2022-07-12 01:03:46.960,0,train,43.56300698622748,0
normal,N0500,16733,26,37,2022-07-12 01:03:47.060,0,train,39.57496533426331,0
normal,N0500,16734,27,37,2022-07-12 01:03:47.160,0,train,29.687693075194442,0
normal,N0500,16735,28,37,2022-07-12 01:03:47.260,0,train,30.734241247215568,0
normal,N0500,16736,29,37,2022-07-12 01:03:47.360,0,train,42.87764275312469,0
normal,N0500,16737,30,37,2022-07-12 01:03:47.460,0,train,36.830428835542726,0
normal,N0500,16738,31,37,2022-07-12 01:03:47.560,0,train,39.88699297570704,0
normal,N0500,16739,32,37,2022-07-12 01:03:47.660,0,train,45.33235441388306,0
normal,N0500,16740,33,37,2022-07-12 01:03:47.760,0,train,67.50736050735121,0
normal,N0500,16741,34,37,2022-07-12 01:03:47.860,0,train,49.967623057794704,0
normal,N0500,16742,35,37,2022-07-12 01:03:47.960,0,train,23.674825993716784,0
normal,N0500,16743,36,37,2022-07-12 01:03:48.060,0,train,22.54358343556547,0
normal,N0501,16753,9,24,2022-07-12 01:03:53.300,0,train,30.913621207330355,0
normal,N0501,16754,10,24,2022-07-12 01:03:53.400,0,train,29.039904596149444,0
normal,N0501,16755,11,24,2022-07-12 01:03:53.500,0,train,33.80679295819703,0
normal,N0501,16756,12,24,2022-07-12 01:03:53.600,0,train,43.48356603783624,0
normal,N0501,16757,13,24,2022-07-12 01:03:53.700,0,train,39.156311346804614,0
normal,N0501,16758,14,24,2022-07-12 01:03:53.800,0,train,41.40543363665406,0
normal,N0501,16759,15,24,2022-07-12 01:03:53.900,0,train,47.692110332715416,0
normal,N0501,16760,16,24,2022-07-12 01:03:54.000,0,train,38.82388956755556,0
normal,N0501,16761,17,24,2022-07-12 01:03:54.100,0,train,36.40113110828151,0
normal,N0501,16762,18,24,2022-07-12 01:03:54.200,0,train,50.01238155541846,0
normal,N0501,16763,19,24,2022-07-12 01:03:54.300,0,train,58.220840073857595,0
normal,N0501,16764,20,24,2022-07-12 01:03:54.400,0,train,43.52845644751115,0
normal,N0501,16765,21,24,2022-07-12 01:03:54.500,0,train,34.60114819143407,0
normal,N0501,16766,22,24,2022-07-12 01:03:54.600,0,train,32.960709122655224,0
normal,N0501,16767,23,24,2022-07-12 01:03:54.700,0,train,31.110288494781997,0
normal,N0503,16788,9,13,2022-07-12 01:04:09.160,0,train,29.298564644257038,0
normal,N0503,16789,10,13,2022-07-12 01:04:09.260,0,train,26.820722702136095,0
normal,N0503,16790,11,13,2022-07-12 01:04:09.360,0,train,23.321770283327158,0
normal,N0503,16791,12,13,2022-07-12 01:04:09.460,0,train,19.918525007839367,0
normal,N0504,16801,9,50,2022-07-12 01:04:18.755,0,train,29.31830630567928,0
normal,N0504,16802,10,50,2022-07-12 01:04:18.855,0,train,32.182371621093665,0
normal,N0504,16803,11,50,2022-07-12 01:04:18.955,0,train,25.54139817757578,0
normal,N0504,16804,12,50,2022-07-12 01:04:19.055,0,train,22.808129141801142,0
normal,N0504,16805,13,50,2022-07-12 01:04:19.155,0,train,24.58617169975705,0
normal,N0504,16806,14,50,2022-07-12 01:04:19.255,0,train,27.9186537915436,0
normal,N0504,16807,15,50,2022-07-12 01:04:19.355,0,train,41.04673620527914,0
normal,N0504,16808,16,50,2022-07-12 01:04:19.455,0,train,43.06203165344657,0
normal,N0504,16809,17,50,2022-07-12 01:04:19.555,0,train,24.610839650205726,0
normal,N0504,16810,18,50,2022-07-12 01:04:19.655,0,train,24.641765591086585,0
normal,N0504,16811,19,50,2022-07-12 01:04:19.755,0,train,27.059665831949324,0
normal,N0504,16812,20,50,2022-07-12 01:04:19.855,0,train,30.353825096023165,0
normal,N0504,16813,21,50,2022-07-12 01:04:19.955,0,train,22.52639228397854,0
normal,N0504,16814,22,50,2022-07-12 01:04:20.055,0,train,24.641389571467116,0
normal,N0504,16815,23,50,2022-07-12 01:04:20.155,0,train,30.47417800379403,0
normal,N0504,16816,24,50,2022-07-12 01:04:20.255,0,train,29.950909571612257,0
normal,N0504,16817,25,50,2022-07-12 01:04:20.355,0,train,28.695260272763374,0
normal,N0504,16818,26,50,2022-07-12 01:04:20.455,0,train,28.48606912205206,0
normal,N0504,16819,27,50,2022-07-12 01:04:20.555,0,train,29.786938608594433,0
normal,N0504,16820,28,50,2022-07-12 01:04:20.655,0,train,27.312113330620427,0
normal,N0504,16821,29,50,2022-07-12 01:04:20.755,0,train,27.634568029284676,0
normal,N0504,16822,30,50,2022-07-12 01:04:20.855,0,train,41.800026067347076,0
normal,N0504,16823,31,50,2022-07-12 01:04:20.955,0,train,53.24605730167584,0
normal,N0504,16824,32,50,2022-07-12 01:04:21.055,0,train,45.83923121416669,0
normal,N0504,16825,33,50,2022-07-12 01:04:21.155,0,train,57.60919373092883,0
normal,N0504,16826,34,50,2022-07-12 01:04:21.255,0,train,38.70781423943544,0
normal,N0504,16827,35,50,2022-07-12 01:04:21.355,0,train,29.26232176496798,0
normal,N0504,16828,36,50,2022-07-12 01:04:21.455,0,train,28.0838808399355,0
normal,N0504,16829,37,50,2022-07-12 01:04:21.555,0,train,42.0522603831545,0
normal,N0504,16830,38,50,2022-07-12 01:04:21.655,0,train,30.217815368380695,0
normal,N0504,16831,39,50,2022-07-12 01:04:21.755,0,train,37.94773439011613,0
normal,N0504,16832,40,50,2022-07-12 01:04:21.855,0,train,45.852878466826766,0
normal,N0504,16833,41,50,2022-07-12 01:04:21.955,0,train,47.55483284224164,0
normal,N0504,16834,42,50,2022-07-12 01:04:22.055,0,train,47.764964493430696,0
normal,N0504,16835,43,50,2022-07-12 01:04:22.155,0,train,28.22086375290151,0
normal,N0504,16836,44,50,2022-07-12 01:04:22.255,0,train,31.776579168821907,0
normal,N0504,16837,45,50,2022-07-12 01:04:22.355,0,train,25.567478980690236,0
normal,N0504,16838,46,50,2022-07-12 01:04:22.455,0,train,25.476397949240518,0
normal,N0504,16839,47,50,2022-07-12 01:04:22.555,0,train,51.2645936882855,0
normal,N0504,16840,48,50,2022-07-12 01:04:22.655,0,train,62.09530042782052,0
normal,N0504,16841,49,50,2022-07-12 01:04:22.755,0,train,97.2263970481834,0
normal,N0505,16851,9,50,2022-07-12 01:04:25.709,0,train,24.024203540756957,0
normal,N0505,16852,10,50,2022-07-12 01:04:25.809,0,train,23.742657443331954,0
normal,N0505,16853,11,50,2022-07-12 01:04:25.909,0,train,32.541858354363235,0
normal,N0505,16854,12,50,2022-07-12 01:04:26.009,0,train,30.979702025039984,0
normal,N0505,16855,13,50,2022-07-12 01:04:26.109,0,train,32.07423538902658,0
normal,N0505,16856,14,50,2022-07-12 01:04:26.209,0,train,26.324870188758982,0
normal,N0505,16857,15,50,2022-07-12 01:04:26.309,0,train,20.34706526746196,0
normal,N0505,16858,16,50,2022-07-12 01:04:26.409,0,train,21.050968302788196,0
normal,N0505,16859,17,50,2022-07-12 01:04:26.509,0,train,24.51757206636123,0
normal,N0505,16860,18,50,2022-07-12 01:04:26.609,0,train,20.6883622161984,0
normal,N0505,16861,19,50,2022-07-12 01:04:26.709,0,train,26.291660855191218,0
normal,N0505,16862,20,50,2022-07-12 01:04:26.809,0,train,32.63372086801636,0
normal,N0505,16863,21,50,2022-07-12 01:04:26.909,0,train,33.2657833208417,0
normal,N0505,16864,22,50,2022-07-12 01:04:27.009,0,train,50.716998950254215,0
normal,N0505,16865,23,50,2022-07-12 01:04:27.109,0,train,42.830812575469785,0
normal,N0505,16866,24,50,2022-07-12 01:04:27.209,0,train,39.42647276866503,0
normal,N0505,16867,25,50,2022-07-12 01:04:27.309,0,train,35.43931391572968,0
normal,N0505,16868,26,50,2022-07-12 01:04:27.409,0,train,32.67663061300106,0
normal,N0505,16869,27,50,2022-07-12 01:04:27.509,0,train,32.74391428238266,0
normal,N0505,16870,28,50,2022-07-12 01:04:27.609,0,train,41.73409351838945,0
normal,N0505,16871,29,50,2022-07-12 01:04:27.709,0,train,39.84763288717837,0
normal,N0505,16872,30,50,2022-07-12 01:04:27.809,0,train,41.314632776917804,0
normal,N0505,16873,31,50,2022-07-12 01:04:27.909,0,train,27.287623999265175,0
normal,N0505,16874,32,50,2022-07-12 01:04:28.009,0,train,28.157745287863687,0
normal,N0505,16875,33,50,2022-07-12 01:04:28.109,0,train,34.69623255208088,0
normal,N0505,16876,34,50,2022-07-12 01:04:28.209,0,train,36.8596729924398,0
normal,N0505,16877,35,50,2022-07-12 01:04:28.309,0,train,46.71559247322044,0
normal,N0505,16878,36,50,2022-07-12 01:04:28.409,0,train,47.08505841973762,0
normal,N0505,16879,37,50,2022-07-12 01:04:28.509,0,train,66.243266336605,0
normal,N0505,16880,38,50,2022-07-12 01:04:28.609,0,train,49.75606797472878,0
normal,N0505,16881,39,50,2022-07-12 01:04:28.709,0,train,55.31276728247953,0
normal,N0505,16882,40,50,2022-07-12 01:04:28.809,0,train,40.14061635288463,0
normal,N0505,16883,41,50,2022-07-12 01:04:28.909,0,train,26.36463684178101,0
normal,N0505,16884,42,50,2022-07-12 01:04:29.009,0,train,24.145157624298697,0
normal,N0505,16885,43,50,2022-07-12 01:04:29.109,0,train,16.676944840145758,0
normal,N0505,16886,44,50,2022-07-12 01:04:29.209,0,train,30.294856162148605,0
normal,N0505,16887,45,50,2022-07-12 01:04:29.309,0,train,33.29476995649898,0
normal,N0505,16888,46,50,2022-07-12 01:04:29.409,0,train,37.42316374208421,0
normal,N0505,16889,47,50,2022-07-12 01:04:29.509,0,train,41.3681761048264,0
normal,N0505,16890,48,50,2022-07-12 01:04:29.609,0,train,36.6501988005258,0
normal,N0505,16891,49,50,2022-07-12 01:04:29.709,0,train,31.082214958381275,0
normal,N0506,16901,9,38,2022-07-12 01:04:33.399,0,train,53.25813242884483,0
normal,N0506,16902,10,38,2022-07-12 01:04:33.499,0,train,44.23213533719959,0
normal,N0506,16903,11,38,2022-07-12 01:04:33.599,0,train,39.12403258090002,0
normal,N0506,16904,12,38,2022-07-12 01:04:33.699,0,train,31.138624702637216,0
normal,N0506,16905,13,38,2022-07-12 01:04:33.799,0,train,32.375994898159256,0
normal,N0506,16906,14,38,2022-07-12 01:04:33.899,0,train,32.61695073467054,0
normal,N0506,16907,15,38,2022-07-12 01:04:33.999,0,train,27.111761162150092,0
normal,N0506,16908,16,38,2022-07-12 01:04:34.099,0,train,24.694355665745903,0
normal,N0506,16909,17,38,2022-07-12 01:04:34.199,0,train,32.73154744636755,0
normal,N0506,16910,18,38,2022-07-12 01:04:34.299,0,train,21.54569749113926,0
normal,N0506,16911,19,38,2022-07-12 01:04:34.399,0,train,27.05582255347409,0
normal,N0506,16912,20,38,2022-07-12 01:04:34.499,0,train,30.566422371064544,0
normal,N0506,16913,21,38,2022-07-12 01:04:34.599,0,train,32.84715137397634,0
normal,N0506,16914,22,38,2022-07-12 01:04:34.699,0,train,27.22662682923082,0
normal,N0506,16915,23,38,2022-07-12 01:04:34.799,0,train,32.05006200234162,0
normal,N0506,16916,24,38,2022-07-12 01:04:34.899,0,train,45.828839837684,0
normal,N0506,16917,25,38,2022-07-12 01:04:34.999,0,train,49.62126000479651,0
normal,N0506,16918,26,38,2022-07-12 01:04:35.099,0,train,51.651928334432256,0
normal,N0506,16919,27,38,2022-07-12 01:04:35.199,0,train,37.88702230912994,0
normal,N0506,16920,28,38,2022-07-12 01:04:35.299,0,train,38.0215619786736,0
normal,N0506,16921,29,38,2022-07-12 01:04:35.399,0,train,50.38052299174962,0
normal,N0506,16922,30,38,2022-07-12 01:04:35.499,0,train,34.434216286158886,0
normal,N0506,16923,31,38,2022-07-12 01:04:35.599,0,train,39.38583430709892,0
normal,N0506,16924,32,38,2022-07-12 01:04:35.699,0,train,38.30374580666424,0
normal,N0506,16925,33,38,2022-07-12 01:04:35.799,0,train,28.80899593278021,0
normal,N0506,16926,34,38,2022-07-12 01:04:35.899,0,train,33.22241467983645,0
normal,N0506,16927,35,38,2022-07-12 01:04:35.999,0,train,27.996795050773656,0
normal,N0506,16928,36,38,2022-07-12 01:04:36.099,0,train,28.415166621632725,0
normal,N0506,16929,37,38,2022-07-12 01:04:36.199,0,train,31.767096719930755,0
normal,N0508,16966,9,13,2022-07-12 01:04:49.414,0,train,27.64331905146325,0
normal,N0508,16967,10,13,2022-07-12 01:04:49.514,0,train,31.047740874787042,0
normal,N0508,16968,11,13,2022-07-12 01:04:49.614,0,train,30.117927531476695,0
normal,N0508,16969,12,13,2022-07-12 01:04:49.714,0,train,22.69880709391891,0
normal,N0509,16979,9,50,2022-07-12 01:04:59.156,0,train,25.391682976066573,0
normal,N0509,16980,10,50,2022-07-12 01:04:59.256,0,train,24.284910037918934,0
normal,N0509,16981,11,50,2022-07-12 01:04:59.356,0,train,29.86397988781308,0
normal,N0509,16982,12,50,2022-07-12 01:04:59.456,0,train,53.15017022642822,0
normal,N0509,16983,13,50,2022-07-12 01:04:59.556,0,train,34.226292758616,0
normal,N0509,16984,14,50,2022-07-12 01:04:59.656,0,train,22.235338087724333,0
normal,N0509,16985,15,50,2022-07-12 01:04:59.756,0,train,20.603654471718755,0
normal,N0509,16986,16,50,2022-07-12 01:04:59.856,0,train,22.81177934831361,0
normal,N0509,16987,17,50,2022-07-12 01:04:59.956,0,train,31.207226422173026,0
normal,N0509,16988,18,50,2022-07-12 01:05:00.056,0,train,59.04554431008254,0
normal,N0509,16989,19,50,2022-07-12 01:05:00.156,0,train,37.919334659845155,0
normal,N0509,16990,20,50,2022-07-12 01:05:00.256,0,train,42.6774334276137,0
normal,N0509,16991,21,50,2022-07-12 01:05:00.356,0,train,49.01722045154751,0
normal,N0509,16992,22,50,2022-07-12 01:05:00.456,0,train,62.86237762682814,0
normal,N0509,16993,23,50,2022-07-12 01:05:00.556,0,train,57.89486493456254,0
normal,N0509,16994,24,50,2022-07-12 01:05:00.656,0,train,32.949797645105406,0
normal,N0509,16995,25,50,2022-07-12 01:05:00.756,0,train,33.424442085416274,0
normal,N0509,16996,26,50,2022-07-12 01:05:00.856,0,train,53.60428930348695,0
normal,N0509,16997,27,50,2022-07-12 01:05:00.956,0,train,40.594674054709856,0
normal,N0509,16998,28,50,2022-07-12 01:05:01.056,0,train,43.50419212565537,0
normal,N0509,16999,29,50,2022-07-12 01:05:01.156,0,train,73.64534076630538,0
normal,N0509,17000,30,50,2022-07-12 01:05:01.256,0,train,28.770481921157156,0
normal,N0509,17001,31,50,2022-07-12 01:05:01.356,0,train,25.367601358612486,0
normal,N0509,17002,32,50,2022-07-12 01:05:01.456,0,train,31.30360291050117,0
normal,N0509,17003,33,50,2022-07-12 01:05:01.556,0,train,33.22601116757255,0
normal,N0509,17004,34,50,2022-07-12 01:05:01.656,0,train,30.17919309590966,0
normal,N0509,17005,35,50,2022-07-12 01:05:01.756,0,train,48.999684095568874,0
normal,N0509,17006,36,50,2022-07-12 01:05:01.856,0,train,33.29278595020735,0
normal,N0509,17007,37,50,2022-07-12 01:05:01.956,0,train,36.511054353054355,0
normal,N0509,17008,38,50,2022-07-12 01:05:02.056,0,train,34.917067948830145,0
normal,N0509,17009,39,50,2022-07-12 01:05:02.156,0,train,26.093788258669505,0
normal,N0509,17010,40,50,2022-07-12 01:05:02.256,0,train,30.995496203962396,0
normal,N0509,17011,41,50,2022-07-12 01:05:02.356,0,train,36.93382314611657,0
normal,N0509,17012,42,50,2022-07-12 01:05:02.456,0,train,33.91667482670964,0
normal,N0509,17013,43,50,2022-07-12 01:05:02.556,0,train,36.64115182786074,0
normal,N0509,17014,44,50,2022-07-12 01:05:02.656,0,train,38.5896151278313,0
normal,N0509,17015,45,50,2022-07-12 01:05:02.756,0,train,35.48362227732704,0
normal,N0509,17016,46,50,2022-07-12 01:05:02.856,0,train,37.06774276616844,0
normal,N0509,17017,47,50,2022-07-12 01:05:02.956,0,train,18.991441930290442,0
normal,N0509,17018,48,50,2022-07-12 01:05:03.056,0,train,19.79673825618086,0
normal,N0509,17019,49,50,2022-07-12 01:05:03.156,0,train,26.779684610799606,0
normal,N0510,17029,9,50,2022-07-12 01:05:05.744,0,train,26.352367861173633,0
normal,N0510,17030,10,50,2022-07-12 01:05:05.844,0,train,29.200832470418753,0
normal,N0510,17031,11,50,2022-07-12 01:05:05.944,0,train,26.88288387088156,0
normal,N0510,17032,12,50,2022-07-12 01:05:06.044,0,train,29.680275197694684,0
normal,N0510,17033,13,50,2022-07-12 01:05:06.144,0,train,38.173778204685135,0
normal,N0510,17034,14,50,2022-07-12 01:05:06.244,0,train,35.74753117388378,0
normal,N0510,17035,15,50,2022-07-12 01:05:06.344,0,train,21.90205287713339,0
normal,N0510,17036,16,50,2022-07-12 01:05:06.444,0,train,19.98483961881371,0
normal,N0510,17037,17,50,2022-07-12 01:05:06.544,0,train,22.329468570063003,0
normal,N0510,17038,18,50,2022-07-12 01:05:06.644,0,train,20.84911131015243,0
normal,N0510,17039,19,50,2022-07-12 01:05:06.744,0,train,27.880082584450278,0
normal,N0510,17040,20,50,2022-07-12 01:05:06.844,0,train,26.73181487562348,0
normal,N0510,17041,21,50,2022-07-12 01:05:06.944,0,train,29.175480276446844,0
normal,N0510,17042,22,50,2022-07-12 01:05:07.044,0,train,54.950995214389756,0
normal,N0510,17043,23,50,2022-07-12 01:05:07.144,0,train,72.89293287571223,0
normal,N0510,17044,24,50,2022-07-12 01:05:07.244,0,train,64.58760162829634,0
normal,N0510,17045,25,50,2022-07-12 01:05:07.344,0,train,57.735097781814694,0
normal,N0510,17046,26,50,2022-07-12 01:05:07.444,0,train,54.065994828167064,0
normal,N0510,17047,27,50,2022-07-12 01:05:07.544,0,train,43.834706276678894,0
normal,N0510,17048,28,50,2022-07-12 01:05:07.644,0,train,47.065121868047434,0
normal,N0510,17049,29,50,2022-07-12 01:05:07.744,0,train,76.39401866231337,0
normal,N0510,17050,30,50,2022-07-12 01:05:07.844,0,train,46.36893474381508,0
normal,N0510,17051,31,50,2022-07-12 01:05:07.944,0,train,50.6747757363406,0
normal,N0510,17052,32,50,2022-07-12 01:05:08.044,0,train,37.59219679112688,0
normal,N0510,17053,33,50,2022-07-12 01:05:08.144,0,train,36.89877431412669,0
normal,N0510,17054,34,50,2022-07-12 01:05:08.244,0,train,40.29433533437967,0
normal,N0510,17055,35,50,2022-07-12 01:05:08.344,0,train,43.863617570174,0
normal,N0510,17056,36,50,2022-07-12 01:05:08.444,0,train,34.85788190954778,0
normal,N0510,17057,37,50,2022-07-12 01:05:08.544,0,train,37.611714212318255,0
normal,N0510,17058,38,50,2022-07-12 01:05:08.644,0,train,36.770094152546754,0
normal,N0510,17059,39,50,2022-07-12 01:05:08.744,0,train,35.303054175095966,0
normal,N0510,17060,40,50,2022-07-12 01:05:08.844,0,train,36.027792976936894,0
normal,N0510,17061,41,50,2022-07-12 01:05:08.944,0,train,27.62937446889383,0
normal,N0510,17062,42,50,2022-07-12 01:05:09.044,0,train,30.422945530540595,0
normal,N0510,17063,43,50,2022-07-12 01:05:09.144,0,train,23.711105454134625,0
normal,N0510,17064,44,50,2022-07-12 01:05:09.244,0,train,18.248698169649554,0
normal,N0510,17065,45,50,2022-07-12 01:05:09.344,0,train,27.102145756808394,0
normal,N0510,17066,46,50,2022-07-12 01:05:09.444,0,train,34.61571994902559,0
normal,N0510,17067,47,50,2022-07-12 01:05:09.544,0,train,33.05759997367224,0
normal,N0510,17068,48,50,2022-07-12 01:05:09.644,0,train,32.99800394764997,0
normal,N0510,17069,49,50,2022-07-12 01:05:09.744,0,train,24.744374044371444,0
normal,N0511,17079,9,38,2022-07-12 01:05:13.640,0,train,33.17868003076335,0
normal,N0511,17080,10,38,2022-07-12 01:05:13.740,0,train,35.14289780921708,0
normal,N0511,17081,11,38,2022-07-12 01:05:13.840,0,train,44.91299113410494,0
normal,N0511,17082,12,38,2022-07-12 01:05:13.940,0,train,50.24987748200116,0
normal,N0511,17083,13,38,2022-07-12 01:05:14.040,0,train,80.513371972894,0
normal,N0511,17084,14,38,2022-07-12 01:05:14.140,0,train,69.02822970678311,0
normal,N0511,17085,15,38,2022-07-12 01:05:14.240,0,train,73.17957510829535,0
normal,N0511,17086,16,38,2022-07-12 01:05:14.340,0,train,63.07827583545351,0
normal,N0511,17087,17,38,2022-07-12 01:05:14.440,0,train,81.94721776847943,0
normal,N0511,17088,18,38,2022-07-12 01:05:14.540,0,train,57.47416679147375,0
normal,N0511,17089,19,38,2022-07-12 01:05:14.640,0,train,33.54063498309697,0
normal,N0511,17090,20,38,2022-07-12 01:05:14.740,0,train,24.291312875497404,0
normal,N0511,17091,21,38,2022-07-12 01:05:14.840,0,train,51.20129612534054,0
normal,N0511,17092,22,38,2022-07-12 01:05:14.940,0,train,37.517905892267315,0
normal,N0511,17093,23,38,2022-07-12 01:05:15.040,0,train,34.38721627000619,0
normal,N0511,17094,24,38,2022-07-12 01:05:15.140,0,train,50.493059172207914,0
normal,N0511,17095,25,38,2022-07-12 01:05:15.240,0,train,45.28025709040125,0
normal,N0511,17096,26,38,2022-07-12 01:05:15.340,0,train,36.06204352693795,0
normal,N0511,17097,27,38,2022-07-12 01:05:15.440,0,train,31.5625199909861,0
normal,N0511,17098,28,38,2022-07-12 01:05:15.540,0,train,40.65582840146007,0
normal,N0511,17099,29,38,2022-07-12 01:05:15.640,0,train,34.82568572168661,0
normal,N0511,17100,30,38,2022-07-12 01:05:15.740,0,train,32.85057079291011,0
normal,N0511,17101,31,38,2022-07-12 01:05:15.840,0,train,36.88948320323761,0
normal,N0511,17102,32,38,2022-07-12 01:05:15.940,0,train,46.31505323381497,0
normal,N0511,17103,33,38,2022-07-12 01:05:16.040,0,train,47.757210210129216,0
normal,N0511,17104,34,38,2022-07-12 01:05:16.140,0,train,32.90575132150515,0
normal,N0511,17105,35,38,2022-07-12 01:05:16.240,0,train,31.45665293523132,0
normal,N0511,17106,36,38,2022-07-12 01:05:16.340,0,train,36.21448315728064,0
normal,N0511,17107,37,38,2022-07-12 01:05:16.440,0,train,36.10714719940951,0
normal,N0513,17143,9,13,2022-07-12 01:05:29.640,0,train,46.942311295808686,0
normal,N0513,17144,10,13,2022-07-12 01:05:29.740,0,train,40.96175830653656,0
normal,N0513,17145,11,13,2022-07-12 01:05:29.840,0,train,43.42500870346053,0
normal,N0513,17146,12,13,2022-07-12 01:05:29.940,0,train,39.318906926121564,0
normal,N0514,17156,9,50,2022-07-12 01:05:46.104,0,train,42.081588182446154,0
normal,N0514,17157,10,50,2022-07-12 01:05:46.204,0,train,22.081704120872338,0
normal,N0514,17158,11,50,2022-07-12 01:05:46.304,0,train,23.565228626115406,0
normal,N0514,17159,12,50,2022-07-12 01:05:46.404,0,train,21.714260009014648,0
normal,N0514,17160,13,50,2022-07-12 01:05:46.504,0,train,27.691362038672654,0
normal,N0514,17161,14,50,2022-07-12 01:05:46.604,0,train,32.53386074145941,0
normal,N0514,17162,15,50,2022-07-12 01:05:46.704,0,train,38.99094786028734,0
normal,N0514,17163,16,50,2022-07-12 01:05:46.804,0,train,39.54952612750267,0
normal,N0514,17164,17,50,2022-07-12 01:05:46.904,0,train,27.335638480394596,0
normal,N0514,17165,18,50,2022-07-12 01:05:47.004,0,train,35.77225978389171,0
normal,N0514,17166,19,50,2022-07-12 01:05:47.104,0,train,42.50171837334118,0
normal,N0514,17167,20,50,2022-07-12 01:05:47.204,0,train,54.169168959452506,0
normal,N0514,17168,21,50,2022-07-12 01:05:47.304,0,train,36.62401127769898,0
normal,N0514,17169,22,50,2022-07-12 01:05:47.404,0,train,34.78610499618335,0
normal,N0514,17170,23,50,2022-07-12 01:05:47.504,0,train,47.09446439154193,0
normal,N0514,17171,24,50,2022-07-12 01:05:47.604,0,train,66.28488302606664,0
normal,N0514,17172,25,50,2022-07-12 01:05:47.704,0,train,56.479414367824106,0
normal,N0514,17173,26,50,2022-07-12 01:05:47.804,0,train,38.17366146243222,0
normal,N0514,17174,27,50,2022-07-12 01:05:47.904,0,train,29.885758429388353,0
normal,N0514,17175,28,50,2022-07-12 01:05:48.004,0,train,21.97070725912093,0
normal,N0514,17176,29,50,2022-07-12 01:05:48.104,0,train,22.01472173153052,0
normal,N0514,17177,30,50,2022-07-12 01:05:48.204,0,train,26.48886471710523,0
normal,N0514,17178,31,50,2022-07-12 01:05:48.304,0,train,25.24633901445516,0
normal,N0514,17179,32,50,2022-07-12 01:05:48.404,0,train,25.1714345364997,0
normal,N0514,17180,33,50,2022-07-12 01:05:48.504,0,train,29.930408481168538,0
normal,N0514,17181,34,50,2022-07-12 01:05:48.604,0,train,25.427060153508872,0
normal,N0514,17182,35,50,2022-07-12 01:05:48.704,0,train,23.12492778893257,0
normal,N0514,17183,36,50,2022-07-12 01:05:48.804,0,train,28.679246640650433,0
normal,N0514,17184,37,50,2022-07-12 01:05:48.904,0,train,23.133359230154376,0
normal,N0514,17185,38,50,2022-07-12 01:05:49.004,0,train,30.88268158373704,0
normal,N0514,17186,39,50,2022-07-12 01:05:49.104,0,train,32.12101573191121,0
normal,N0514,17187,40,50,2022-07-12 01:05:49.204,0,train,31.223592989280625,0
normal,N0514,17188,41,50,2022-07-12 01:05:49.304,0,train,45.911819791550094,0
normal,N0514,17189,42,50,2022-07-12 01:05:49.404,0,train,40.1654923393079,0
normal,N0514,17190,43,50,2022-07-12 01:05:49.504,0,train,29.41248983942631,0
normal,N0514,17191,44,50,2022-07-12 01:05:49.604,0,train,23.69827869409181,0
normal,N0514,17192,45,50,2022-07-12 01:05:49.704,0,train,27.455799362968296,0
normal,N0514,17193,46,50,2022-07-12 01:05:49.804,0,train,25.34246213903921,0
normal,N0514,17194,47,50,2022-07-12 01:05:49.904,0,train,38.75663566028196,0
normal,N0514,17195,48,50,2022-07-12 01:05:50.004,0,train,37.5316188418566,0
normal,N0514,17196,49,50,2022-07-12 01:05:50.104,0,train,38.320331651064095,0
normal,N0515,17206,9,50,2022-07-12 01:05:54.130,0,train,18.660067796969322,0
normal,N0515,17207,10,50,2022-07-12 01:05:54.230,0,train,19.77635100405929,0
normal,N0515,17208,11,50,2022-07-12 01:05:54.330,0,train,24.632319021446435,0
normal,N0515,17209,12,50,2022-07-12 01:05:54.430,0,train,24.151866755902468,0
normal,N0515,17210,13,50,2022-07-12 01:05:54.530,0,train,26.076763551053585,0
normal,N0515,17211,14,50,2022-07-12 01:05:54.630,0,train,28.529371076906028,0
normal,N0515,17212,15,50,2022-07-12 01:05:54.730,0,train,29.04312170575088,0
normal,N0515,17213,16,50,2022-07-12 01:05:54.830,0,train,38.38634355569302,0
normal,N0515,17214,17,50,2022-07-12 01:05:54.930,0,train,32.295422667267054,0
normal,N0515,17215,18,50,2022-07-12 01:05:55.030,0,train,31.35927370102087,0
normal,N0515,17216,19,50,2022-07-12 01:05:55.130,0,train,30.705121175468854,0
normal,N0515,17217,20,50,2022-07-12 01:05:55.230,0,train,33.44641817642003,0
normal,N0515,17218,21,50,2022-07-12 01:05:55.330,0,train,32.18351540493842,0
normal,N0515,17219,22,50,2022-07-12 01:05:55.430,0,train,42.4336403388472,0
normal,N0515,17220,23,50,2022-07-12 01:05:55.530,0,train,25.180822916908692,0
normal,N0515,17221,24,50,2022-07-12 01:05:55.630,0,train,51.86305805074213,0
normal,N0515,17222,25,50,2022-07-12 01:05:55.730,0,train,38.53305109400174,0
normal,N0515,17223,26,50,2022-07-12 01:05:55.830,0,train,37.493193786409705,0
normal,N0515,17224,27,50,2022-07-12 01:05:55.930,0,train,26.4332568247731,0
normal,N0515,17225,28,50,2022-07-12 01:05:56.030,0,train,28.60056476170904,0
normal,N0515,17226,29,50,2022-07-12 01:05:56.130,0,train,23.9093273505359,0
normal,N0515,17227,30,50,2022-07-12 01:05:56.230,0,train,22.999539525995484,0
normal,N0515,17228,31,50,2022-07-12 01:05:56.330,0,train,29.6464234875852,0
normal,N0515,17229,32,50,2022-07-12 01:05:56.430,0,train,34.838334899593505,0
normal,N0515,17230,33,50,2022-07-12 01:05:56.530,0,train,46.53311744686854,0
normal,N0515,17231,34,50,2022-07-12 01:05:56.630,0,train,43.7811925497416,0
normal,N0515,17232,35,50,2022-07-12 01:05:56.730,0,train,36.4759277663972,0
normal,N0515,17233,36,50,2022-07-12 01:05:56.830,0,train,23.94109817510448,0
normal,N0515,17234,37,50,2022-07-12 01:05:56.930,0,train,21.350037855546407,0
normal,N0515,17235,38,50,2022-07-12 01:05:57.030,0,train,23.005051639905467,0
normal,N0515,17236,39,50,2022-07-12 01:05:57.130,0,train,34.92952776395627,0
normal,N0515,17237,40,50,2022-07-12 01:05:57.230,0,train,23.239151907207578,0
normal,N0515,17238,41,50,2022-07-12 01:05:57.330,0,train,29.568912631911836,0
normal,N0515,17239,42,50,2022-07-12 01:05:57.430,0,train,26.07446269188115,0
normal,N0515,17240,43,50,2022-07-12 01:05:57.530,0,train,32.27691870887384,0
normal,N0515,17241,44,50,2022-07-12 01:05:57.630,0,train,40.732450032163634,0
normal,N0515,17242,45,50,2022-07-12 01:05:57.730,0,train,41.852895420935646,0
normal,N0515,17243,46,50,2022-07-12 01:05:57.830,0,train,29.97486239084375,0
normal,N0515,17244,47,50,2022-07-12 01:05:57.930,0,train,32.86341986059901,0
normal,N0515,17245,48,50,2022-07-12 01:05:58.030,0,train,36.854781263616765,0
normal,N0515,17246,49,50,2022-07-12 01:05:58.130,0,train,30.590442862431722,0
normal,N0516,17256,9,40,2022-07-12 01:06:01.996,0,train,29.71505964137353,0
normal,N0516,17257,10,40,2022-07-12 01:06:02.096,0,train,22.60045185954476,0
normal,N0516,17258,11,40,2022-07-12 01:06:02.196,0,train,21.895050115103103,0
normal,N0516,17259,12,40,2022-07-12 01:06:02.296,0,train,28.601826544584686,0
normal,N0516,17260,13,40,2022-07-12 01:06:02.396,0,train,32.703875690460855,0
normal,N0516,17261,14,40,2022-07-12 01:06:02.496,0,train,29.091542175189982,0
normal,N0516,17262,15,40,2022-07-12 01:06:02.596,0,train,29.2024256248839,0
normal,N0516,17263,16,40,2022-07-12 01:06:02.696,0,train,41.466817429864264,0
normal,N0516,17264,17,40,2022-07-12 01:06:02.796,0,train,43.81969225960176,0
normal,N0516,17265,18,40,2022-07-12 01:06:02.896,0,train,19.300568549106593,0
normal,N0516,17266,19,40,2022-07-12 01:06:02.996,0,train,30.373762052104517,0
normal,N0516,17267,20,40,2022-07-12 01:06:03.096,0,train,23.06476225298822,0
normal,N0516,17268,21,40,2022-07-12 01:06:03.196,0,train,33.38104340888228,0
normal,N0516,17269,22,40,2022-07-12 01:06:03.296,0,train,35.88074899516594,0
normal,N0516,17270,23,40,2022-07-12 01:06:03.396,0,train,23.783288872616577,0
normal,N0516,17271,24,40,2022-07-12 01:06:03.496,0,train,30.17282730896131,0
normal,N0516,17272,25,40,2022-07-12 01:06:03.596,0,train,15.733752396292951,0
normal,N0516,17273,26,40,2022-07-12 01:06:03.696,0,train,16.079563395536333,0
normal,N0516,17274,27,40,2022-07-12 01:06:03.796,0,train,25.80881060152134,0
normal,N0516,17275,28,40,2022-07-12 01:06:03.896,0,train,35.58876073236997,0
normal,N0516,17276,29,40,2022-07-12 01:06:03.996,0,train,27.417348431000814,0
normal,N0516,17277,30,40,2022-07-12 01:06:04.096,0,train,27.827921288603946,0
normal,N0516,17278,31,40,2022-07-12 01:06:04.196,0,train,34.72305463711133,0
normal,N0516,17279,32,40,2022-07-12 01:06:04.296,0,train,47.83434294399998,0
normal,N0516,17280,33,40,2022-07-12 01:06:04.396,0,train,54.57901400859599,0
normal,N0516,17281,34,40,2022-07-12 01:06:04.496,0,train,51.272870365783696,0
normal,N0516,17282,35,40,2022-07-12 01:06:04.596,0,train,34.826675158556895,0
normal,N0516,17283,36,40,2022-07-12 01:06:04.696,0,train,25.580146690701884,0
normal,N0516,17284,37,40,2022-07-12 01:06:04.796,0,train,26.84555096410143,0
normal,N0516,17285,38,40,2022-07-12 01:06:04.896,0,train,31.340686130586544,0
normal,N0516,17286,39,40,2022-07-12 01:06:04.996,0,train,24.32176640259775,0
normal,N0518,17321,9,13,2022-07-12 01:06:18.079,0,train,36.57195028753747,0
normal,N0518,17322,10,13,2022-07-12 01:06:18.179,0,train,41.04746561801054,0
normal,N0518,17323,11,13,2022-07-12 01:06:18.279,0,train,26.97426702557181,0
normal,N0518,17324,12,13,2022-07-12 01:06:18.379,0,train,29.90759884538852,0
normal,N0519,17334,9,50,2022-07-12 01:06:27.658,0,train,29.138394651476084,0
normal,N0519,17335,10,50,2022-07-12 01:06:27.758,0,train,33.95738393122139,0
normal,N0519,17336,11,50,2022-07-12 01:06:27.858,0,train,25.617543785748303,0
normal,N0519,17337,12,50,2022-07-12 01:06:27.958,0,train,26.298597440798787,0
normal,N0519,17338,13,50,2022-07-12 01:06:28.058,0,train,45.42112405284784,0
normal,N0519,17339,14,50,2022-07-12 01:06:28.158,0,train,37.013508900699385,0
normal,N0519,17340,15,50,2022-07-12 01:06:28.258,0,train,44.93057133311964,0
normal,N0519,17341,16,50,2022-07-12 01:06:28.358,0,train,49.01599847134907,0
normal,N0519,17342,17,50,2022-07-12 01:06:28.458,0,train,44.79455227022549,0
normal,N0519,17343,18,50,2022-07-12 01:06:28.558,0,train,28.296462210854834,0
normal,N0519,17344,19,50,2022-07-12 01:06:28.658,0,train,32.32700644458646,0
normal,N0519,17345,20,50,2022-07-12 01:06:28.758,0,train,43.46497565766287,0
normal,N0519,17346,21,50,2022-07-12 01:06:28.858,0,train,40.25368513670189,0
normal,N0519,17347,22,50,2022-07-12 01:06:28.958,0,train,39.80998211676574,0
normal,N0519,17348,23,50,2022-07-12 01:06:29.058,0,train,48.04470080287,0
normal,N0519,17349,24,50,2022-07-12 01:06:29.158,0,train,37.97843916432078,0
normal,N0519,17350,25,50,2022-07-12 01:06:29.258,0,train,33.30969186570124,0
normal,N0519,17351,26,50,2022-07-12 01:06:29.358,0,train,23.928409467205615,0
normal,N0519,17352,27,50,2022-07-12 01:06:29.458,0,train,35.37129297394909,0
normal,N0519,17353,28,50,2022-07-12 01:06:29.558,0,train,29.976905010260726,0
normal,N0519,17354,29,50,2022-07-12 01:06:29.658,0,train,32.11503902419492,0
normal,N0519,17355,30,50,2022-07-12 01:06:29.758,0,train,33.59715316088544,0
normal,N0519,17356,31,50,2022-07-12 01:06:29.858,0,train,37.32929978928044,0
normal,N0519,17357,32,50,2022-07-12 01:06:29.958,0,train,30.10827680552987,0
normal,N0519,17358,33,50,2022-07-12 01:06:30.058,0,train,51.832920808455455,0
normal,N0519,17359,34,50,2022-07-12 01:06:30.158,0,train,32.46107365687127,0
normal,N0519,17360,35,50,2022-07-12 01:06:30.258,0,train,31.58506483944244,0
normal,N0519,17361,36,50,2022-07-12 01:06:30.358,0,train,23.137808799995828,0
normal,N0519,17362,37,50,2022-07-12 01:06:30.458,0,train,35.42636206320213,0
normal,N0519,17363,38,50,2022-07-12 01:06:30.558,0,train,28.53643311479616,0
normal,N0519,17364,39,50,2022-07-12 01:06:30.658,0,train,36.34524652140185,0
normal,N0519,17365,40,50,2022-07-12 01:06:30.758,0,train,42.01118528639621,0
normal,N0519,17366,41,50,2022-07-12 01:06:30.858,0,train,47.909036700203366,0
normal,N0519,17367,42,50,2022-07-12 01:06:30.958,0,train,30.95342984138765,0
normal,N0519,17368,43,50,2022-07-12 01:06:31.058,0,train,20.774148989450985,0
normal,N0519,17369,44,50,2022-07-12 01:06:31.158,0,train,34.18733020124033,0
normal,N0519,17370,45,50,2022-07-12 01:06:31.258,0,train,31.850822021058466,0
normal,N0519,17371,46,50,2022-07-12 01:06:31.358,0,train,30.926113211583374,0
normal,N0519,17372,47,50,2022-07-12 01:06:31.458,0,train,19.64914593580934,0
normal,N0519,17373,48,50,2022-07-12 01:06:31.558,0,train,23.878806213573657,0
normal,N0519,17374,49,50,2022-07-12 01:06:31.658,0,train,33.3110732728138,0
normal,N0520,17384,9,50,2022-07-12 01:06:34.308,0,train,28.814163838457606,0
normal,N0520,17385,10,50,2022-07-12 01:06:34.408,0,train,33.401343373555726,0
normal,N0520,17386,11,50,2022-07-12 01:06:34.508,0,train,32.41539088316998,0
normal,N0520,17387,12,50,2022-07-12 01:06:34.608,0,train,41.742439590670664,0
normal,N0520,17388,13,50,2022-07-12 01:06:34.708,0,train,43.69716106650231,0
normal,N0520,17389,14,50,2022-07-12 01:06:34.808,0,train,55.949909695878326,0
normal,N0520,17390,15,50,2022-07-12 01:06:34.908,0,train,54.468443115606625,0
normal,N0520,17391,16,50,2022-07-12 01:06:35.008,0,train,52.73199494195086,0
normal,N0520,17392,17,50,2022-07-12 01:06:35.108,0,train,48.45391061619678,0
normal,N0520,17393,18,50,2022-07-12 01:06:35.208,0,train,29.198093688159545,0
normal,N0520,17394,19,50,2022-07-12 01:06:35.308,0,train,51.61330007810707,0
normal,N0520,17395,20,50,2022-07-12 01:06:35.408,0,train,36.68505430644823,0
normal,N0520,17396,21,50,2022-07-12 01:06:35.508,0,train,37.916223834086594,0
normal,N0520,17397,22,50,2022-07-12 01:06:35.608,0,train,48.21311085787576,0
normal,N0520,17398,23,50,2022-07-12 01:06:35.708,0,train,62.98815260995628,0
normal,N0520,17399,24,50,2022-07-12 01:06:35.808,0,train,60.00937823564192,0
normal,N0520,17400,25,50,2022-07-12 01:06:35.908,0,train,55.20705612039123,0
normal,N0520,17401,26,50,2022-07-12 01:06:36.008,0,train,59.916239285115054,0
normal,N0520,17402,27,50,2022-07-12 01:06:36.108,0,train,39.61084993834669,0
normal,N0520,17403,28,50,2022-07-12 01:06:36.208,0,train,42.75312433332369,0
normal,N0520,17404,29,50,2022-07-12 01:06:36.308,0,train,61.621035433013404,0
normal,N0520,17405,30,50,2022-07-12 01:06:36.408,0,train,87.36300447695977,0
normal,N0520,17406,31,50,2022-07-12 01:06:36.508,0,train,52.62221411030573,0
normal,N0520,17407,32,50,2022-07-12 01:06:36.608,0,train,64.86885160219018,0
normal,N0520,17408,33,50,2022-07-12 01:06:36.708,0,train,41.3773843020802,0
normal,N0520,17409,34,50,2022-07-12 01:06:36.808,0,train,45.21473363996653,0
normal,N0520,17410,35,50,2022-07-12 01:06:36.908,0,train,31.128343016897194,0
normal,N0520,17411,36,50,2022-07-12 01:06:37.008,0,train,34.5255295265295,0
normal,N0520,17412,37,50,2022-07-12 01:06:37.108,0,train,29.091524480496208,0
normal,N0520,17413,38,50,2022-07-12 01:06:37.208,0,train,25.35648323909129,0
normal,N0520,17414,39,50,2022-07-12 01:06:37.308,0,train,23.835749685339394,0
normal,N0520,17415,40,50,2022-07-12 01:06:37.408,0,train,46.10481375818628,0
normal,N0520,17416,41,50,2022-07-12 01:06:37.508,0,train,41.935916854526425,0
normal,N0520,17417,42,50,2022-07-12 01:06:37.608,0,train,34.34351351755284,0
normal,N0520,17418,43,50,2022-07-12 01:06:37.708,0,train,29.746311669932005,0
normal,N0520,17419,44,50,2022-07-12 01:06:37.808,0,train,35.7659462507502,0
normal,N0520,17420,45,50,2022-07-12 01:06:37.908,0,train,28.644713639016093,0
normal,N0520,17421,46,50,2022-07-12 01:06:38.008,0,train,43.84505623973025,0
normal,N0520,17422,47,50,2022-07-12 01:06:38.108,0,train,44.41322048732745,0
normal,N0520,17423,48,50,2022-07-12 01:06:38.208,0,train,37.5878263832728,0
normal,N0520,17424,49,50,2022-07-12 01:06:38.308,0,train,22.488159491233993,0
normal,N0521,17434,9,39,2022-07-12 01:06:42.033,0,train,29.851459374653487,0
normal,N0521,17435,10,39,2022-07-12 01:06:42.133,0,train,41.06772007923326,0
normal,N0521,17436,11,39,2022-07-12 01:06:42.233,0,train,40.89473177825503,0
normal,N0521,17437,12,39,2022-07-12 01:06:42.333,0,train,55.37384525412712,0
normal,N0521,17438,13,39,2022-07-12 01:06:42.433,0,train,51.00604081082253,0
normal,N0521,17439,14,39,2022-07-12 01:06:42.533,0,train,47.832312539149726,0
normal,N0521,17440,15,39,2022-07-12 01:06:42.633,0,train,47.150479101956314,0
normal,N0521,17441,16,39,2022-07-12 01:06:42.733,0,train,36.47548466738023,0
normal,N0521,17442,17,39,2022-07-12 01:06:42.833,0,train,28.64711653685088,0
normal,N0521,17443,18,39,2022-07-12 01:06:42.933,0,train,33.182085973420094,0
normal,N0521,17444,19,39,2022-07-12 01:06:43.033,0,train,26.30403508616195,0
normal,N0521,17445,20,39,2022-07-12 01:06:43.133,0,train,30.57290346465487,0
normal,N0521,17446,21,39,2022-07-12 01:06:43.233,0,train,55.07743344215461,0
normal,N0521,17447,22,39,2022-07-12 01:06:43.333,0,train,52.74600597604603,0
normal,N0521,17448,23,39,2022-07-12 01:06:43.433,0,train,65.557523670632,0
normal,N0521,17449,24,39,2022-07-12 01:06:43.533,0,train,37.4101036878135,0
normal,N0521,17450,25,39,2022-07-12 01:06:43.633,0,train,19.84831847010216,0
normal,N0521,17451,26,39,2022-07-12 01:06:43.733,0,train,17.467255334177406,0
normal,N0521,17452,27,39,2022-07-12 01:06:43.833,0,train,28.59843449904204,0
normal,N0521,17453,28,39,2022-07-12 01:06:43.933,0,train,38.76514019012251,0
normal,N0521,17454,29,39,2022-07-12 01:06:44.033,0,train,43.97184581522763,0
normal,N0521,17455,30,39,2022-07-12 01:06:44.133,0,train,69.31512576304564,0
normal,N0521,17456,31,39,2022-07-12 01:06:44.233,0,train,57.60466136455606,0
normal,N0521,17457,32,39,2022-07-12 01:06:44.333,0,train,43.19177451539308,0
normal,N0521,17458,33,39,2022-07-12 01:06:44.433,0,train,49.71319271861385,0
normal,N0521,17459,34,39,2022-07-12 01:06:44.533,0,train,43.97726315848488,0
normal,N0521,17460,35,39,2022-07-12 01:06:44.633,0,train,39.510029697311396,0
normal,N0521,17461,36,39,2022-07-12 01:06:44.733,0,train,32.89726534365163,0
normal,N0521,17462,37,39,2022-07-12 01:06:44.833,0,train,38.349963271546336,0
normal,N0521,17463,38,39,2022-07-12 01:06:44.933,0,train,42.19343823967558,0
normal,N0523,17498,9,11,2022-07-12 01:06:58.051,0,train,42.645624254769565,0
normal,N0523,17499,10,11,2022-07-12 01:06:58.151,0,train,38.17795559634218,0
normal,N0524,17509,9,50,2022-07-12 01:07:08.719,0,train,24.38535589587828,0
normal,N0524,17510,10,50,2022-07-12 01:07:08.819,0,train,37.90523773220481,0
normal,N0524,17511,11,50,2022-07-12 01:07:08.919,0,train,33.530816683180554,0
normal,N0524,17512,12,50,2022-07-12 01:07:09.019,0,train,57.522034485564475,0
normal,N0524,17513,13,50,2022-07-12 01:07:09.119,0,train,38.193218260946836,0
normal,N0524,17514,14,50,2022-07-12 01:07:09.219,0,train,28.132834638178192,0
normal,N0524,17515,15,50,2022-07-12 01:07:09.319,0,train,26.182214661527553,0
normal,N0524,17516,16,50,2022-07-12 01:07:09.419,0,train,25.79217757409817,0
normal,N0524,17517,17,50,2022-07-12 01:07:09.519,0,train,43.3615385355305,0
normal,N0524,17518,18,50,2022-07-12 01:07:09.619,0,train,44.83547158427642,0
normal,N0524,17519,19,50,2022-07-12 01:07:09.719,0,train,53.14740204133326,0
normal,N0524,17520,20,50,2022-07-12 01:07:09.819,0,train,59.308793908023794,0
normal,N0524,17521,21,50,2022-07-12 01:07:09.919,0,train,51.60179303676546,0
normal,N0524,17522,22,50,2022-07-12 01:07:10.019,0,train,44.02071820398333,0
normal,N0524,17523,23,50,2022-07-12 01:07:10.119,0,train,47.4666480053299,0
normal,N0524,17524,24,50,2022-07-12 01:07:10.219,0,train,26.51530628081038,0
normal,N0524,17525,25,50,2022-07-12 01:07:10.319,0,train,22.686402820130862,0
normal,N0524,17526,26,50,2022-07-12 01:07:10.419,0,train,56.217430111305106,0
normal,N0524,17527,27,50,2022-07-12 01:07:10.519,0,train,46.39372905925905,0
normal,N0524,17528,28,50,2022-07-12 01:07:10.619,0,train,44.36582159653341,0
normal,N0524,17529,29,50,2022-07-12 01:07:10.719,0,train,67.24727307321173,0
normal,N0524,17530,30,50,2022-07-12 01:07:10.819,0,train,57.23526901476796,0
normal,N0524,17531,31,50,2022-07-12 01:07:10.919,0,train,48.98833837134249,0
normal,N0524,17532,32,50,2022-07-12 01:07:11.019,0,train,53.90127033918397,0
normal,N0524,17533,33,50,2022-07-12 01:07:11.119,0,train,55.44471784328199,0
normal,N0524,17534,34,50,2022-07-12 01:07:11.219,0,train,48.8153714403726,0
normal,N0524,17535,35,50,2022-07-12 01:07:11.319,0,train,82.82519551058151,0
normal,N0524,17536,36,50,2022-07-12 01:07:11.419,0,train,37.46370160188771,0
normal,N0524,17537,37,50,2022-07-12 01:07:11.519,0,train,57.73864683889471,0
normal,N0524,17538,38,50,2022-07-12 01:07:11.619,0,train,60.15921258129932,0
normal,N0524,17539,39,50,2022-07-12 01:07:11.719,0,train,40.03016005233542,0
normal,N0524,17540,40,50,2022-07-12 01:07:11.819,0,train,31.021275474421255,0
normal,N0524,17541,41,50,2022-07-12 01:07:11.919,0,train,28.455446103324803,0
normal,N0524,17542,42,50,2022-07-12 01:07:12.019,0,train,35.874676985003234,0
normal,N0524,17543,43,50,2022-07-12 01:07:12.119,0,train,37.20896829738468,0
normal,N0524,17544,44,50,2022-07-12 01:07:12.219,0,train,59.27433225209047,0
normal,N0524,17545,45,50,2022-07-12 01:07:12.319,0,train,48.1991540521476,0
normal,N0524,17546,46,50,2022-07-12 01:07:12.419,0,train,56.04565679658226,0
normal,N0524,17547,47,50,2022-07-12 01:07:12.519,0,train,60.88375961460211,0
normal,N0524,17548,48,50,2022-07-12 01:07:12.619,0,train,61.29738925585614,0
normal,N0524,17549,49,50,2022-07-12 01:07:12.719,0,train,80.19033763193784,0
normal,N0525,17559,9,50,2022-07-12 01:07:15.404,0,train,45.10469459215957,0
normal,N0525,17560,10,50,2022-07-12 01:07:15.504,0,train,34.37221897475261,0
normal,N0525,17561,11,50,2022-07-12 01:07:15.604,0,train,19.89929727057985,0
normal,N0525,17562,12,50,2022-07-12 01:07:15.704,0,train,17.514517570046994,0
normal,N0525,17563,13,50,2022-07-12 01:07:15.804,0,train,32.426490008101155,0
normal,N0525,17564,14,50,2022-07-12 01:07:15.904,0,train,22.186992224263957,0
normal,N0525,17565,15,50,2022-07-12 01:07:16.004,0,train,21.93813360332616,0
normal,N0525,17566,16,50,2022-07-12 01:07:16.104,0,train,26.729889760174746,0
normal,N0525,17567,17,50,2022-07-12 01:07:16.204,0,train,30.61071926149581,0
normal,N0525,17568,18,50,2022-07-12 01:07:16.304,0,train,45.119114373817226,0
normal,N0525,17569,19,50,2022-07-12 01:07:16.404,0,train,44.89050535633939,0
normal,N0525,17570,20,50,2022-07-12 01:07:16.504,0,train,22.256519827699396,0
normal,N0525,17571,21,50,2022-07-12 01:07:16.604,0,train,17.022224075755233,0
normal,N0525,17572,22,50,2022-07-12 01:07:16.704,0,train,19.17777746046217,0
normal,N0525,17573,23,50,2022-07-12 01:07:16.804,0,train,18.76417730588518,0
normal,N0525,17574,24,50,2022-07-12 01:07:16.904,0,train,25.670249101254,0
normal,N0525,17575,25,50,2022-07-12 01:07:17.004,0,train,31.544269300969642,0
normal,N0525,17576,26,50,2022-07-12 01:07:17.104,0,train,32.046671057095175,0
normal,N0525,17577,27,50,2022-07-12 01:07:17.204,0,train,36.52269921935868,0
normal,N0525,17578,28,50,2022-07-12 01:07:17.304,0,train,28.448365388423593,0
normal,N0525,17579,29,50,2022-07-12 01:07:17.404,0,train,35.700884175731645,0
normal,N0525,17580,30,50,2022-07-12 01:07:17.504,0,train,29.463593429922664,0
normal,N0525,17581,31,50,2022-07-12 01:07:17.604,0,train,21.754363483418118,0
normal,N0525,17582,32,50,2022-07-12 01:07:17.704,0,train,20.662215082194887,0
normal,N0525,17583,33,50,2022-07-12 01:07:17.804,0,train,23.994276108665748,0
normal,N0525,17584,34,50,2022-07-12 01:07:17.904,0,train,35.41711476752836,0
normal,N0525,17585,35,50,2022-07-12 01:07:18.004,0,train,43.195068843557976,0
normal,N0525,17586,36,50,2022-07-12 01:07:18.104,0,train,31.045024548842626,0
normal,N0525,17587,37,50,2022-07-12 01:07:18.204,0,train,23.173130670259816,0
normal,N0525,17588,38,50,2022-07-12 01:07:18.304,0,train,16.720470237668234,0
normal,N0525,17589,39,50,2022-07-12 01:07:18.404,0,train,19.016021329852045,0
normal,N0525,17590,40,50,2022-07-12 01:07:18.504,0,train,30.32848225418555,0
normal,N0525,17591,41,50,2022-07-12 01:07:18.604,0,train,34.10133634885494,0
normal,N0525,17592,42,50,2022-07-12 01:07:18.704,0,train,28.37752308602715,0
normal,N0525,17593,43,50,2022-07-12 01:07:18.804,0,train,33.423263572818634,0
normal,N0525,17594,44,50,2022-07-12 01:07:18.904,0,train,31.963571665575316,0
normal,N0525,17595,45,50,2022-07-12 01:07:19.004,0,train,44.09415890818616,0
normal,N0525,17596,46,50,2022-07-12 01:07:19.104,0,train,38.97778174247845,0
normal,N0525,17597,47,50,2022-07-12 01:07:19.204,0,train,30.529926271482946,0
normal,N0525,17598,48,50,2022-07-12 01:07:19.304,0,train,30.803725576723206,0
normal,N0525,17599,49,50,2022-07-12 01:07:19.404,0,train,32.823430839784606,0
normal,N0526,17609,9,49,2022-07-12 01:07:22.167,0,train,25.339497012087342,0
normal,N0526,17610,10,49,2022-07-12 01:07:22.267,0,train,30.584047511497456,0
normal,N0526,17611,11,49,2022-07-12 01:07:22.367,0,train,32.537375912008976,0
normal,N0526,17612,12,49,2022-07-12 01:07:22.467,0,train,27.962736509814714,0
normal,N0526,17613,13,49,2022-07-12 01:07:22.567,0,train,31.578714184932124,0
normal,N0526,17614,14,49,2022-07-12 01:07:22.667,0,train,38.91398692144518,0
normal,N0526,17615,15,49,2022-07-12 01:07:22.767,0,train,38.65919116433964,0
normal,N0526,17616,16,49,2022-07-12 01:07:22.867,0,train,29.257595208204272,0
normal,N0526,17617,17,49,2022-07-12 01:07:22.967,0,train,31.21286245489089,0
normal,N0526,17618,18,49,2022-07-12 01:07:23.067,0,train,29.559377282822723,0
normal,N0526,17619,19,49,2022-07-12 01:07:23.167,0,train,21.36540841643485,0
normal,N0526,17620,20,49,2022-07-12 01:07:23.267,0,train,21.132556071359613,0
normal,N0526,17621,21,49,2022-07-12 01:07:23.367,0,train,35.82715269429931,0
normal,N0526,17622,22,49,2022-07-12 01:07:23.467,0,train,36.385130952263765,0
normal,N0526,17623,23,49,2022-07-12 01:07:23.567,0,train,40.752689472679904,0
normal,N0526,17624,24,49,2022-07-12 01:07:23.667,0,train,35.96807088537357,0
normal,N0526,17625,25,49,2022-07-12 01:07:23.767,0,train,34.15356941702594,0
normal,N0526,17626,26,49,2022-07-12 01:07:23.867,0,train,28.405964892170747,0
normal,N0526,17627,27,49,2022-07-12 01:07:23.967,0,train,31.74133990354007,0
normal,N0526,17628,28,49,2022-07-12 01:07:24.067,0,train,36.220865078502335,0
normal,N0526,17629,29,49,2022-07-12 01:07:24.167,0,train,40.4931615701113,0
normal,N0526,17630,30,49,2022-07-12 01:07:24.267,0,train,28.79236204814919,0
normal,N0526,17631,31,49,2022-07-12 01:07:24.367,0,train,43.88380306782825,0
normal,N0526,17632,32,49,2022-07-12 01:07:24.467,0,train,52.35029012168694,0
normal,N0526,17633,33,49,2022-07-12 01:07:24.567,0,train,34.44173288136541,0
normal,N0526,17634,34,49,2022-07-12 01:07:24.667,0,train,30.838728017483984,0
normal,N0526,17635,35,49,2022-07-12 01:07:24.767,0,train,20.081761125263288,0
normal,N0526,17636,36,49,2022-07-12 01:07:24.867,0,train,21.010443439396738,0
normal,N0526,17637,37,49,2022-07-12 01:07:24.967,0,train,29.28062967806991,0
normal,N0526,17638,38,49,2022-07-12 01:07:25.067,0,train,29.504582595241686,0
normal,N0526,17639,39,49,2022-07-12 01:07:25.167,0,train,29.94421126199818,0
normal,N0526,17640,40,49,2022-07-12 01:07:25.267,0,train,49.044350074791645,0
normal,N0526,17641,41,49,2022-07-12 01:07:25.367,0,train,33.685109954489434,0
normal,N0526,17642,42,49,2022-07-12 01:07:25.467,0,train,36.427400326835375,0
normal,N0526,17643,43,49,2022-07-12 01:07:25.567,0,train,49.71072663793706,0
normal,N0526,17644,44,49,2022-07-12 01:07:25.667,0,train,31.74074379993616,0
normal,N0526,17645,45,49,2022-07-12 01:07:25.767,0,train,35.4264931575523,0
normal,N0526,17646,46,49,2022-07-12 01:07:25.867,0,train,39.45392136427534,0
normal,N0526,17647,47,49,2022-07-12 01:07:25.967,0,train,39.56889494068848,0
normal,N0526,17648,48,49,2022-07-12 01:07:26.067,0,train,48.437873888862256,0
normal,N0528,17694,9,25,2022-07-12 01:07:38.155,0,train,35.69848764929795,0
normal,N0528,17695,10,25,2022-07-12 01:07:38.255,0,train,39.78470553363131,0
normal,N0528,17696,11,25,2022-07-12 01:07:38.355,0,train,22.435474087375713,0
normal,N0528,17697,12,25,2022-07-12 01:07:38.455,0,train,37.00030723306412,0
normal,N0528,17698,13,25,2022-07-12 01:07:38.555,0,train,26.824537018507712,0
normal,N0528,17699,14,25,2022-07-12 01:07:38.655,0,train,29.577997436843198,0
normal,N0528,17700,15,25,2022-07-12 01:07:38.755,0,train,26.909245784321648,0
normal,N0528,17701,16,25,2022-07-12 01:07:38.855,0,train,20.92898333753991,0
normal,N0528,17702,17,25,2022-07-12 01:07:38.955,0,train,23.436807539266873,0
normal,N0528,17703,18,25,2022-07-12 01:07:39.055,0,train,32.48011469571942,0
normal,N0528,17704,19,25,2022-07-12 01:07:39.155,0,train,53.01772884520218,0
normal,N0528,17705,20,25,2022-07-12 01:07:39.255,0,train,41.33493190925451,0
normal,N0528,17706,21,25,2022-07-12 01:07:39.355,0,train,37.29199721191313,0
normal,N0528,17707,22,25,2022-07-12 01:07:39.455,0,train,25.32154358329266,0
normal,N0528,17708,23,25,2022-07-12 01:07:39.555,0,train,16.725316814338022,0
normal,N0528,17709,24,25,2022-07-12 01:07:39.655,0,train,19.342496370528593,0
normal,N0529,17719,9,11,2022-07-12 01:07:46.079,0,train,43.68392843471963,0
normal,N0529,17720,10,11,2022-07-12 01:07:46.179,0,train,48.45869621720724,0
normal,N0531,17731,9,50,2022-07-12 01:07:55.516,0,train,29.096649176691173,0
normal,N0531,17732,10,50,2022-07-12 01:07:55.616,0,train,38.503395813517386,0
normal,N0531,17733,11,50,2022-07-12 01:07:55.716,0,train,24.786535232239043,0
normal,N0531,17734,12,50,2022-07-12 01:07:55.816,0,train,30.88615131678476,0
normal,N0531,17735,13,50,2022-07-12 01:07:55.916,0,train,31.13262970157678,0
normal,N0531,17736,14,50,2022-07-12 01:07:56.016,0,train,19.803063007900658,0
normal,N0531,17737,15,50,2022-07-12 01:07:56.116,0,train,19.671922420431105,0
normal,N0531,17738,16,50,2022-07-12 01:07:56.216,0,train,31.81925036628399,0
normal,N0531,17739,17,50,2022-07-12 01:07:56.316,0,train,32.805786441886774,0
normal,N0531,17740,18,50,2022-07-12 01:07:56.416,0,train,36.97776053523834,0
normal,N0531,17741,19,50,2022-07-12 01:07:56.516,0,train,35.301007264002585,0
normal,N0531,17742,20,50,2022-07-12 01:07:56.616,0,train,34.874277013841734,0
normal,N0531,17743,21,50,2022-07-12 01:07:56.716,0,train,55.75569616165978,0
normal,N0531,17744,22,50,2022-07-12 01:07:56.816,0,train,71.6319531688497,0
normal,N0531,17745,23,50,2022-07-12 01:07:56.916,0,train,45.90650897683141,0
normal,N0531,17746,24,50,2022-07-12 01:07:57.016,0,train,28.554812934462174,0
normal,N0531,17747,25,50,2022-07-12 01:07:57.116,0,train,29.21485185583873,0
normal,N0531,17748,26,50,2022-07-12 01:07:57.216,0,train,31.54040167480801,0
normal,N0531,17749,27,50,2022-07-12 01:07:57.316,0,train,31.204419339563355,0
normal,N0531,17750,28,50,2022-07-12 01:07:57.416,0,train,30.008041604117373,0
normal,N0531,17751,29,50,2022-07-12 01:07:57.516,0,train,29.995799793688416,0
normal,N0531,17752,30,50,2022-07-12 01:07:57.616,0,train,34.9376607066712,0
normal,N0531,17753,31,50,2022-07-12 01:07:57.716,0,train,24.18439496069144,0
normal,N0531,17754,32,50,2022-07-12 01:07:57.816,0,train,23.19149496101616,0
normal,N0531,17755,33,50,2022-07-12 01:07:57.916,0,train,27.6642749422294,0
normal,N0531,17756,34,50,2022-07-12 01:07:58.016,0,train,29.0786230635471,0
normal,N0531,17757,35,50,2022-07-12 01:07:58.116,0,train,26.355863724091616,0
normal,N0531,17758,36,50,2022-07-12 01:07:58.216,0,train,25.342744529361095,0
normal,N0531,17759,37,50,2022-07-12 01:07:58.316,0,train,33.10131815685434,0
normal,N0531,17760,38,50,2022-07-12 01:07:58.416,0,train,31.854130614627742,0
normal,N0531,17761,39,50,2022-07-12 01:07:58.516,0,train,27.097937851157727,0
normal,N0531,17762,40,50,2022-07-12 01:07:58.616,0,train,17.14005506300835,0
normal,N0531,17763,41,50,2022-07-12 01:07:58.716,0,train,18.81233146354834,0
normal,N0531,17764,42,50,2022-07-12 01:07:58.816,0,train,21.295118638979943,0
normal,N0531,17765,43,50,2022-07-12 01:07:58.916,0,train,22.65608128334261,0
normal,N0531,17766,44,50,2022-07-12 01:07:59.016,0,train,28.565473594249596,0
normal,N0531,17767,45,50,2022-07-12 01:07:59.116,0,train,32.918351164660756,0
normal,N0531,17768,46,50,2022-07-12 01:07:59.216,0,train,35.22868720295161,0
normal,N0531,17769,47,50,2022-07-12 01:07:59.316,0,train,27.505298209509757,0
normal,N0531,17770,48,50,2022-07-12 01:07:59.416,0,train,29.49250747992665,0
normal,N0531,17771,49,50,2022-07-12 01:07:59.516,0,train,33.166166289716244,0
normal,N0533,17831,9,38,2022-07-12 01:08:10.098,0,train,16.262113381898267,0
normal,N0533,17832,10,38,2022-07-12 01:08:10.198,0,train,20.569023596566286,0
normal,N0533,17833,11,38,2022-07-12 01:08:10.298,0,train,29.325928199640863,0
normal,N0533,17834,12,38,2022-07-12 01:08:10.398,0,train,27.673516452417996,0
normal,N0533,17835,13,38,2022-07-12 01:08:10.498,0,train,38.16708214231381,0
normal,N0533,17836,14,38,2022-07-12 01:08:10.598,0,train,40.54356749668775,0
normal,N0533,17837,15,38,2022-07-12 01:08:10.698,0,train,35.6215183617034,0
normal,N0533,17838,16,38,2022-07-12 01:08:10.798,0,train,29.671718854864963,0
normal,N0533,17839,17,38,2022-07-12 01:08:10.898,0,train,35.8136261740935,0
normal,N0533,17840,18,38,2022-07-12 01:08:10.998,0,train,27.869168671014048,0
normal,N0533,17841,19,38,2022-07-12 01:08:11.098,0,train,27.24037576320283,0
normal,N0533,17842,20,38,2022-07-12 01:08:11.198,0,train,28.10854709414137,0
normal,N0533,17843,21,38,2022-07-12 01:08:11.298,0,train,39.89295977514134,0
normal,N0533,17844,22,38,2022-07-12 01:08:11.398,0,train,48.9481673566644,0
normal,N0533,17845,23,38,2022-07-12 01:08:11.498,0,train,53.153828657789155,0
normal,N0533,17846,24,38,2022-07-12 01:08:11.598,0,train,41.49651452412196,0
normal,N0533,17847,25,38,2022-07-12 01:08:11.698,0,train,35.511352483788166,0
normal,N0533,17848,26,38,2022-07-12 01:08:11.798,0,train,33.319219373980616,0
normal,N0533,17849,27,38,2022-07-12 01:08:11.898,0,train,52.88754489485427,0
normal,N0533,17850,28,38,2022-07-12 01:08:11.998,0,train,48.70245573626258,0
normal,N0533,17851,29,38,2022-07-12 01:08:12.098,0,train,62.45987524805808,0
normal,N0533,17852,30,38,2022-07-12 01:08:12.198,0,train,57.20675924051907,0
normal,N0533,17853,31,38,2022-07-12 01:08:12.298,0,train,41.64366805931135,0
normal,N0533,17854,32,38,2022-07-12 01:08:12.398,0,train,45.678403753042105,0
normal,N0533,17855,33,38,2022-07-12 01:08:12.498,0,train,28.847783366584153,0
normal,N0533,17856,34,38,2022-07-12 01:08:12.598,0,train,31.854356741999084,0
normal,N0533,17857,35,38,2022-07-12 01:08:12.698,0,train,43.489031476103854,0
normal,N0533,17858,36,38,2022-07-12 01:08:12.798,0,train,39.43604868810954,0
normal,N0533,17859,37,38,2022-07-12 01:08:12.898,0,train,39.66951611359292,0
normal,N0534,17869,9,25,2022-07-12 01:08:18.118,0,train,27.440433413191204,0
normal,N0534,17870,10,25,2022-07-12 01:08:18.218,0,train,27.762206689517885,0
normal,N0534,17871,11,25,2022-07-12 01:08:18.318,0,train,68.94331334403152,0
normal,N0534,17872,12,25,2022-07-12 01:08:18.418,0,train,44.668432952646654,0
normal,N0534,17873,13,25,2022-07-12 01:08:18.518,0,train,33.06845498432717,0
normal,N0534,17874,14,25,2022-07-12 01:08:18.618,0,train,35.79508387154533,0
normal,N0534,17875,15,25,2022-07-12 01:08:18.718,0,train,38.292017346174845,0
normal,N0534,17876,16,25,2022-07-12 01:08:18.818,0,train,34.52269400611315,0
normal,N0534,17877,17,25,2022-07-12 01:08:18.918,0,train,33.789963311787005,0
normal,N0534,17878,18,25,2022-07-12 01:08:19.018,0,train,44.17567152576618,0
normal,N0534,17879,19,25,2022-07-12 01:08:19.118,0,train,32.670152678624376,0
normal,N0534,17880,20,25,2022-07-12 01:08:19.218,0,train,22.132317856909477,0
normal,N0534,17881,21,25,2022-07-12 01:08:19.318,0,train,24.315030264465644,0
normal,N0534,17882,22,25,2022-07-12 01:08:19.418,0,train,29.518194649726414,0
normal,N0534,17883,23,25,2022-07-12 01:08:19.518,0,train,29.834797288062123,0
normal,N0534,17884,24,25,2022-07-12 01:08:19.618,0,train,33.35251583189979,0
normal,N0535,17894,9,10,2022-07-12 01:08:26.151,0,train,41.989369912691934,0
normal,N0536,17904,9,50,2022-07-12 01:08:35.604,0,train,30.79264114127549,0
normal,N0536,17905,10,50,2022-07-12 01:08:35.704,0,train,38.0121723753564,0
normal,N0536,17906,11,50,2022-07-12 01:08:35.804,0,train,40.170859198045115,0
normal,N0536,17907,12,50,2022-07-12 01:08:35.904,0,train,48.962869495464005,0
normal,N0536,17908,13,50,2022-07-12 01:08:36.004,0,train,51.0680004635235,0
normal,N0536,17909,14,50,2022-07-12 01:08:36.104,0,train,45.12239101666391,0
normal,N0536,17910,15,50,2022-07-12 01:08:36.204,0,train,50.5252572143189,0
normal,N0536,17911,16,50,2022-07-12 01:08:36.304,0,train,26.316452319470983,0
normal,N0536,17912,17,50,2022-07-12 01:08:36.404,0,train,24.126243896711077,0
normal,N0536,17913,18,50,2022-07-12 01:08:36.504,0,train,26.147489712963953,0
normal,N0536,17914,19,50,2022-07-12 01:08:36.604,0,train,40.890240543845806,0
normal,N0536,17915,20,50,2022-07-12 01:08:36.704,0,train,32.262069850468045,0
normal,N0536,17916,21,50,2022-07-12 01:08:36.804,0,train,52.18441142818288,0
normal,N0536,17917,22,50,2022-07-12 01:08:36.904,0,train,56.12679602325517,0
normal,N0536,17918,23,50,2022-07-12 01:08:37.004,0,train,44.78797981593337,0
normal,N0536,17919,24,50,2022-07-12 01:08:37.104,0,train,31.628557559141043,0
normal,N0536,17920,25,50,2022-07-12 01:08:37.204,0,train,38.20482538333447,0
normal,N0536,17921,26,50,2022-07-12 01:08:37.304,0,train,36.669074804315166,0
normal,N0536,17922,27,50,2022-07-12 01:08:37.404,0,train,81.819182837606,0
normal,N0536,17923,28,50,2022-07-12 01:08:37.504,0,train,37.53262327420699,0
normal,N0536,17924,29,50,2022-07-12 01:08:37.604,0,train,34.477648987954986,0
normal,N0536,17925,30,50,2022-07-12 01:08:37.704,0,train,36.46701720333392,0
normal,N0536,17926,31,50,2022-07-12 01:08:37.804,0,train,20.078409226982256,0
normal,N0536,17927,32,50,2022-07-12 01:08:37.904,0,train,29.0323639643646,0
normal,N0536,17928,33,50,2022-07-12 01:08:38.004,0,train,31.451585986832708,0
normal,N0536,17929,34,50,2022-07-12 01:08:38.104,0,train,65.96990270868882,0
normal,N0536,17930,35,50,2022-07-12 01:08:38.204,0,train,69.85004552313316,0
normal,N0536,17931,36,50,2022-07-12 01:08:38.304,0,train,58.280120288216615,0
normal,N0536,17932,37,50,2022-07-12 01:08:38.404,0,train,63.1586310840148,0
normal,N0536,17933,38,50,2022-07-12 01:08:38.504,0,train,118.67142332559573,0
normal,N0536,17934,39,50,2022-07-12 01:08:38.604,0,train,99.49495162540607,0
normal,N0536,17935,40,50,2022-07-12 01:08:38.704,0,train,57.94067788050885,0
normal,N0536,17936,41,50,2022-07-12 01:08:38.804,0,train,75.33342884810926,0
normal,N0536,17937,42,50,2022-07-12 01:08:38.904,0,train,66.62752575232324,0
normal,N0536,17938,43,50,2022-07-12 01:08:39.004,0,train,36.87985291751567,0
normal,N0536,17939,44,50,2022-07-12 01:08:39.104,0,train,42.55833229562469,0
normal,N0536,17940,45,50,2022-07-12 01:08:39.204,0,train,44.6754658761458,0
normal,N0536,17941,46,50,2022-07-12 01:08:39.304,0,train,56.017646057440835,0
normal,N0536,17942,47,50,2022-07-12 01:08:39.404,0,train,64.52487985512792,0
normal,N0536,17943,48,50,2022-07-12 01:08:39.504,0,train,67.87048294095514,0
normal,N0536,17944,49,50,2022-07-12 01:08:39.604,0,train,33.05293850141657,0
normal,N0538,18004,9,35,2022-07-12 01:08:50.576,0,train,31.529803633078494,0
normal,N0538,18005,10,35,2022-07-12 01:08:50.676,0,train,20.578162349219998,0
normal,N0538,18006,11,35,2022-07-12 01:08:50.776,0,train,19.395524310505802,0
normal,N0538,18007,12,35,2022-07-12 01:08:50.876,0,train,23.024767999839447,0
normal,N0538,18008,13,35,2022-07-12 01:08:50.976,0,train,36.4867315126281,0
normal,N0538,18009,14,35,2022-07-12 01:08:51.076,0,train,47.934514869591744,0
normal,N0538,18010,15,35,2022-07-12 01:08:51.176,0,train,43.818119166563804,0
normal,N0538,18011,16,35,2022-07-12 01:08:51.276,0,train,39.37275462672702,0
normal,N0538,18012,17,35,2022-07-12 01:08:51.376,0,train,46.20602244812761,0
normal,N0538,18013,18,35,2022-07-12 01:08:51.476,0,train,67.07299644661003,0
normal,N0538,18014,19,35,2022-07-12 01:08:51.576,0,train,24.98427081679156,0
normal,N0538,18015,20,35,2022-07-12 01:08:51.676,0,train,22.557419054115122,0
normal,N0538,18016,21,35,2022-07-12 01:08:51.776,0,train,28.44520330439824,0
normal,N0538,18017,22,35,2022-07-12 01:08:51.876,0,train,18.830350709346316,0
normal,N0538,18018,23,35,2022-07-12 01:08:51.976,0,train,24.690653641700973,0
normal,N0538,18019,24,35,2022-07-12 01:08:52.076,0,train,41.21322604248113,0
normal,N0538,18020,25,35,2022-07-12 01:08:52.176,0,train,32.49049780692555,0
normal,N0538,18021,26,35,2022-07-12 01:08:52.276,0,train,41.977265007871694,0
normal,N0538,18022,27,35,2022-07-12 01:08:52.376,0,train,32.35294661950856,0
normal,N0538,18023,28,35,2022-07-12 01:08:52.476,0,train,34.45040845331087,0
normal,N0538,18024,29,35,2022-07-12 01:08:52.576,0,train,36.86236223100977,0
normal,N0538,18025,30,35,2022-07-12 01:08:52.676,0,train,39.86322595652871,0
normal,N0538,18026,31,35,2022-07-12 01:08:52.776,0,train,52.22675941422306,0
normal,N0538,18027,32,35,2022-07-12 01:08:52.876,0,train,35.95182827690658,0
normal,N0538,18028,33,35,2022-07-12 01:08:52.976,0,train,37.852328008284665,0
normal,N0538,18029,34,35,2022-07-12 01:08:53.076,0,train,54.88857600225131,0
normal,N0539,18039,9,23,2022-07-12 01:08:58.609,0,train,32.24475161777358,0
normal,N0539,18040,10,23,2022-07-12 01:08:58.709,0,train,29.23907124176479,0
normal,N0539,18041,11,23,2022-07-12 01:08:58.809,0,train,34.516990895305696,0
normal,N0539,18042,12,23,2022-07-12 01:08:58.909,0,train,44.635058437045906,0
normal,N0539,18043,13,23,2022-07-12 01:08:59.009,0,train,51.681246439071415,0
normal,N0539,18044,14,23,2022-07-12 01:08:59.109,0,train,34.34243724991954,0
normal,N0539,18045,15,23,2022-07-12 01:08:59.209,0,train,41.26449370195808,0
normal,N0539,18046,16,23,2022-07-12 01:08:59.309,0,train,26.397645823711148,0
normal,N0539,18047,17,23,2022-07-12 01:08:59.409,0,train,30.61795061766237,0
normal,N0539,18048,18,23,2022-07-12 01:08:59.509,0,train,26.62360438692802,0
normal,N0539,18049,19,23,2022-07-12 01:08:59.609,0,train,34.29532223290481,0
normal,N0539,18050,20,23,2022-07-12 01:08:59.709,0,train,31.743359857220117,0
normal,N0539,18051,21,23,2022-07-12 01:08:59.809,0,train,46.05312597580359,0
normal,N0539,18052,22,23,2022-07-12 01:08:59.909,0,train,44.282974670505446,0
normal,N0540,18062,9,10,2022-07-12 01:09:06.588,0,train,26.83734217109708,0
normal,N0543,18130,9,50,2022-07-12 01:09:30.581,0,train,41.056353468939704,0
normal,N0543,18131,10,50,2022-07-12 01:09:30.681,0,train,41.93500328381113,0
normal,N0543,18132,11,50,2022-07-12 01:09:30.781,0,train,41.04696854096913,0
normal,N0543,18133,12,50,2022-07-12 01:09:30.881,0,train,51.899678839460485,0
normal,N0543,18134,13,50,2022-07-12 01:09:30.981,0,train,91.84064881819349,0
normal,N0543,18135,14,50,2022-07-12 01:09:31.081,0,train,72.58160603820527,0
normal,N0543,18136,15,50,2022-07-12 01:09:31.181,0,train,40.63917381438331,0
normal,N0543,18137,16,50,2022-07-12 01:09:31.281,0,train,38.96799349579923,0
normal,N0543,18138,17,50,2022-07-12 01:09:31.381,0,train,54.03439259895804,0
normal,N0543,18139,18,50,2022-07-12 01:09:31.481,0,train,36.02961751841672,0
normal,N0543,18140,19,50,2022-07-12 01:09:31.581,0,train,41.10488299262501,0
normal,N0543,18141,20,50,2022-07-12 01:09:31.681,0,train,43.26545782008795,0
normal,N0543,18142,21,50,2022-07-12 01:09:31.781,0,train,32.76896855198078,0
normal,N0543,18143,22,50,2022-07-12 01:09:31.881,0,train,33.68499201796241,0
normal,N0543,18144,23,50,2022-07-12 01:09:31.981,0,train,36.60721506735513,0
normal,N0543,18145,24,50,2022-07-12 01:09:32.081,0,train,42.80640405225054,0
normal,N0543,18146,25,50,2022-07-12 01:09:32.181,0,train,42.37809982368367,0
normal,N0543,18147,26,50,2022-07-12 01:09:32.281,0,train,29.53747953492436,0
normal,N0543,18148,27,50,2022-07-12 01:09:32.381,0,train,36.94566085419768,0
normal,N0543,18149,28,50,2022-07-12 01:09:32.481,0,train,34.43838019872391,0
normal,N0543,18150,29,50,2022-07-12 01:09:32.581,0,train,28.408396270483987,0
normal,N0543,18151,30,50,2022-07-12 01:09:32.681,0,train,30.85053793565589,0
normal,N0543,18152,31,50,2022-07-12 01:09:32.781,0,train,31.305749385354673,0
normal,N0543,18153,32,50,2022-07-12 01:09:32.881,0,train,29.19257061482883,0
normal,N0543,18154,33,50,2022-07-12 01:09:32.981,0,train,36.279666804356765,0
normal,N0543,18155,34,50,2022-07-12 01:09:33.081,0,train,28.893290358975026,0
normal,N0543,18156,35,50,2022-07-12 01:09:33.181,0,train,22.035007838738522,0
normal,N0543,18157,36,50,2022-07-12 01:09:33.281,0,train,24.565037261639702,0
normal,N0543,18158,37,50,2022-07-12 01:09:33.381,0,train,22.31532362575356,0
normal,N0543,18159,38,50,2022-07-12 01:09:33.481,0,train,17.26487800477793,0
normal,N0543,18160,39,50,2022-07-12 01:09:33.581,0,train,21.739442132767067,0
normal,N0543,18161,40,50,2022-07-12 01:09:33.681,0,train,24.332849597173528,0
normal,N0543,18162,41,50,2022-07-12 01:09:33.781,0,train,33.723779252757915,0
normal,N0543,18163,42,50,2022-07-12 01:09:33.881,0,train,32.48527449199867,0
normal,N0543,18164,43,50,2022-07-12 01:09:33.981,0,train,28.218675110269544,0
normal,N0543,18165,44,50,2022-07-12 01:09:34.081,0,train,22.925705940456734,0
normal,N0543,18166,45,50,2022-07-12 01:09:34.181,0,train,20.255142485408744,0
normal,N0543,18167,46,50,2022-07-12 01:09:34.281,0,train,18.56978823499281,0
normal,N0543,18168,47,50,2022-07-12 01:09:34.381,0,train,21.06764075409744,0
normal,N0543,18169,48,50,2022-07-12 01:09:34.481,0,train,27.801370838096105,0
normal,N0543,18170,49,50,2022-07-12 01:09:34.581,0,train,18.936530115645304,0
normal,N0544,18180,9,36,2022-07-12 01:09:38.674,0,train,31.366457630303355,0
normal,N0544,18181,10,36,2022-07-12 01:09:38.774,0,train,36.61309073881071,0
normal,N0544,18182,11,36,2022-07-12 01:09:38.874,0,train,35.92660216324695,0
normal,N0544,18183,12,36,2022-07-12 01:09:38.974,0,train,29.993101991028528,0
normal,N0544,18184,13,36,2022-07-12 01:09:39.074,0,train,31.72772465298831,0
normal,N0544,18185,14,36,2022-07-12 01:09:39.174,0,train,33.318319536898166,0
normal,N0544,18186,15,36,2022-07-12 01:09:39.274,0,train,22.762287884101784,0
normal,N0544,18187,16,36,2022-07-12 01:09:39.374,0,train,22.620785943118218,0
normal,N0544,18188,17,36,2022-07-12 01:09:39.474,0,train,29.963327666885437,0
normal,N0544,18189,18,36,2022-07-12 01:09:39.574,0,train,44.16536883714644,0
normal,N0544,18190,19,36,2022-07-12 01:09:39.674,0,train,27.389396616244987,0
normal,N0544,18191,20,36,2022-07-12 01:09:39.774,0,train,42.395946891872654,0
normal,N0544,18192,21,36,2022-07-12 01:09:39.874,0,train,39.151280848694135,0
normal,N0544,18193,22,36,2022-07-12 01:09:39.974,0,train,36.833013824942086,0
normal,N0544,18194,23,36,2022-07-12 01:09:40.074,0,train,42.99096764469861,0
normal,N0544,18195,24,36,2022-07-12 01:09:40.174,0,train,39.46054387823679,0
normal,N0544,18196,25,36,2022-07-12 01:09:40.274,0,train,35.45211461919553,0
normal,N0544,18197,26,36,2022-07-12 01:09:40.374,0,train,35.677470992560394,0
normal,N0544,18198,27,36,2022-07-12 01:09:40.474,0,train,30.281262728403785,0
normal,N0544,18199,28,36,2022-07-12 01:09:40.574,0,train,46.11970987436951,0
normal,N0544,18200,29,36,2022-07-12 01:09:40.674,0,train,33.570288603059,0
normal,N0544,18201,30,36,2022-07-12 01:09:40.774,0,train,35.596294491375644,0
normal,N0544,18202,31,36,2022-07-12 01:09:40.874,0,train,41.3128428244469,0
normal,N0544,18203,32,36,2022-07-12 01:09:40.974,0,train,25.038541316479453,0
normal,N0544,18204,33,36,2022-07-12 01:09:41.074,0,train,23.145994794462627,0
normal,N0544,18205,34,36,2022-07-12 01:09:41.174,0,train,25.06358678583045,0
normal,N0544,18206,35,36,2022-07-12 01:09:41.274,0,train,22.67245022005442,0
normal,N0545,18216,9,22,2022-07-12 01:09:46.735,0,train,43.93632543989929,0
normal,N0545,18217,10,22,2022-07-12 01:09:46.835,0,train,35.465811591161504,0
normal,N0545,18218,11,22,2022-07-12 01:09:46.935,0,train,33.426397033049035,0
normal,N0545,18219,12,22,2022-07-12 01:09:47.035,0,train,25.671814776508405,0
normal,N0545,18220,13,22,2022-07-12 01:09:47.135,0,train,31.9213572951628,0
normal,N0545,18221,14,22,2022-07-12 01:09:47.235,0,train,39.372991426392005,0
normal,N0545,18222,15,22,2022-07-12 01:09:47.335,0,train,30.595099985546273,0
normal,N0545,18223,16,22,2022-07-12 01:09:47.435,0,train,24.611858193589036,0
normal,N0545,18224,17,22,2022-07-12 01:09:47.535,0,train,22.00714362541641,0
normal,N0545,18225,18,22,2022-07-12 01:09:47.635,0,train,21.02365386162882,0
normal,N0545,18226,19,22,2022-07-12 01:09:47.735,0,train,27.094471154700603,0
normal,N0545,18227,20,22,2022-07-12 01:09:47.835,0,train,35.497357350579435,0
normal,N0545,18228,21,22,2022-07-12 01:09:47.935,0,train,33.608327013707616,0
normal,N0548,18253,9,50,2022-07-12 01:10:12.068,0,train,42.30322089905346,0
normal,N0548,18254,10,50,2022-07-12 01:10:12.168,0,train,45.769467898469166,0
normal,N0548,18255,11,50,2022-07-12 01:10:12.268,0,train,43.1354161676944,0
normal,N0548,18256,12,50,2022-07-12 01:10:12.368,0,train,49.34547019452625,0
normal,N0548,18257,13,50,2022-07-12 01:10:12.468,0,train,50.74991762234484,0
normal,N0548,18258,14,50,2022-07-12 01:10:12.568,0,train,41.93589335963562,0
normal,N0548,18259,15,50,2022-07-12 01:10:12.668,0,train,27.73331063502155,0
normal,N0548,18260,16,50,2022-07-12 01:10:12.768,0,train,34.51258474311958,0
normal,N0548,18261,17,50,2022-07-12 01:10:12.868,0,train,47.663370961466036,0
normal,N0548,18262,18,50,2022-07-12 01:10:12.968,0,train,54.50867034515432,0
normal,N0548,18263,19,50,2022-07-12 01:10:13.068,0,train,60.27884640296777,0
normal,N0548,18264,20,50,2022-07-12 01:10:13.168,0,train,54.177043287580815,0
normal,N0548,18265,21,50,2022-07-12 01:10:13.268,0,train,48.06871813669007,0
normal,N0548,18266,22,50,2022-07-12 01:10:13.368,0,train,32.63176039476532,0
normal,N0548,18267,23,50,2022-07-12 01:10:13.468,0,train,37.48296669521171,0
normal,N0548,18268,24,50,2022-07-12 01:10:13.568,0,train,57.34069730340732,0
normal,N0548,18269,25,50,2022-07-12 01:10:13.668,0,train,38.073480562825736,0
normal,N0548,18270,26,50,2022-07-12 01:10:13.768,0,train,49.01926470289684,0
normal,N0548,18271,27,50,2022-07-12 01:10:13.868,0,train,38.222079799993665,0
normal,N0548,18272,28,50,2022-07-12 01:10:13.968,0,train,72.29632884477097,0
normal,N0548,18273,29,50,2022-07-12 01:10:14.068,0,train,44.13837555099737,0
normal,N0548,18274,30,50,2022-07-12 01:10:14.168,0,train,40.454343554334805,0
normal,N0548,18275,31,50,2022-07-12 01:10:14.268,0,train,45.40367951870565,0
normal,N0548,18276,32,50,2022-07-12 01:10:14.368,0,train,33.628277621308364,0
normal,N0548,18277,33,50,2022-07-12 01:10:14.468,0,train,29.47001086591842,0
normal,N0548,18278,34,50,2022-07-12 01:10:14.568,0,train,25.05561570765528,0
normal,N0548,18279,35,50,2022-07-12 01:10:14.668,0,train,30.25135847228494,0
normal,N0548,18280,36,50,2022-07-12 01:10:14.768,0,train,33.658557873096576,0
normal,N0548,18281,37,50,2022-07-12 01:10:14.868,0,train,38.14629603921242,0
normal,N0548,18282,38,50,2022-07-12 01:10:14.968,0,train,28.232481297220566,0
normal,N0548,18283,39,50,2022-07-12 01:10:15.068,0,train,16.966909603589308,0
normal,N0548,18284,40,50,2022-07-12 01:10:15.168,0,train,19.494188335596778,0
normal,N0548,18285,41,50,2022-07-12 01:10:15.268,0,train,18.85999923120462,0
normal,N0548,18286,42,50,2022-07-12 01:10:15.368,0,train,21.632691122821978,0
normal,N0548,18287,43,50,2022-07-12 01:10:15.468,0,train,20.605023720697638,0
normal,N0548,18288,44,50,2022-07-12 01:10:15.568,0,train,28.12366157311186,0
normal,N0548,18289,45,50,2022-07-12 01:10:15.668,0,train,32.61612130070379,0
normal,N0548,18290,46,50,2022-07-12 01:10:15.768,0,train,39.21992121410158,0
normal,N0548,18291,47,50,2022-07-12 01:10:15.868,0,train,31.644145628082708,0
normal,N0548,18292,48,50,2022-07-12 01:10:15.968,0,train,26.218836040867874,0
normal,N0548,18293,49,50,2022-07-12 01:10:16.068,0,train,26.58343706925302,0
normal,N0549,18303,9,49,2022-07-12 01:10:18.955,0,train,28.390371608617972,0
normal,N0549,18304,10,49,2022-07-12 01:10:19.055,0,train,28.736938457078804,0
normal,N0549,18305,11,49,2022-07-12 01:10:19.155,0,train,34.95619717436208,0
normal,N0549,18306,12,49,2022-07-12 01:10:19.255,0,train,45.0423136034334,0
normal,N0549,18307,13,49,2022-07-12 01:10:19.355,0,train,48.19486129942174,0
normal,N0549,18308,14,49,2022-07-12 01:10:19.455,0,train,49.67260065098563,0
normal,N0549,18309,15,49,2022-07-12 01:10:19.555,0,train,46.2754979759472,0
normal,N0549,18310,16,49,2022-07-12 01:10:19.655,0,train,34.1730691246475,0
normal,N0549,18311,17,49,2022-07-12 01:10:19.755,0,train,42.038683245704675,0
normal,N0549,18312,18,49,2022-07-12 01:10:19.855,0,train,36.279937794437615,0
normal,N0549,18313,19,49,2022-07-12 01:10:19.955,0,train,23.88742096688168,0
normal,N0549,18314,20,49,2022-07-12 01:10:20.055,0,train,29.331353275595998,0
normal,N0549,18315,21,49,2022-07-12 01:10:20.155,0,train,32.747692428781896,0
normal,N0549,18316,22,49,2022-07-12 01:10:20.255,0,train,28.98285561845234,0
normal,N0549,18317,23,49,2022-07-12 01:10:20.355,0,train,44.4606739357647,0
normal,N0549,18318,24,49,2022-07-12 01:10:20.455,0,train,32.27431089045611,0
normal,N0549,18319,25,49,2022-07-12 01:10:20.555,0,train,18.211167725470887,0
normal,N0549,18320,26,49,2022-07-12 01:10:20.655,0,train,20.073954750016846,0
normal,N0549,18321,27,49,2022-07-12 01:10:20.755,0,train,22.436411991626315,0
normal,N0549,18322,28,49,2022-07-12 01:10:20.855,0,train,29.310964060544272,0
normal,N0549,18323,29,49,2022-07-12 01:10:20.955,0,train,40.580822817529196,0
normal,N0549,18324,30,49,2022-07-12 01:10:21.055,0,train,30.341617820563858,0
normal,N0549,18325,31,49,2022-07-12 01:10:21.155,0,train,34.15916859564845,0
normal,N0549,18326,32,49,2022-07-12 01:10:21.255,0,train,25.663099150724086,0
normal,N0549,18327,33,49,2022-07-12 01:10:21.355,0,train,28.93390452525101,0
normal,N0549,18328,34,49,2022-07-12 01:10:21.455,0,train,25.69561217356202,0
normal,N0549,18329,35,49,2022-07-12 01:10:21.555,0,train,23.49973963931744,0
normal,N0549,18330,36,49,2022-07-12 01:10:21.655,0,train,24.888458055918147,0
normal,N0549,18331,37,49,2022-07-12 01:10:21.755,0,train,26.212611341249417,0
normal,N0549,18332,38,49,2022-07-12 01:10:21.855,0,train,34.306758734497066,0
normal,N0549,18333,39,49,2022-07-12 01:10:21.955,0,train,30.188762401918396,0
normal,N0549,18334,40,49,2022-07-12 01:10:22.055,0,train,37.64759657006438,0
normal,N0549,18335,41,49,2022-07-12 01:10:22.155,0,train,33.92051230351435,0
normal,N0549,18336,42,49,2022-07-12 01:10:22.255,0,train,26.18017877651298,0
normal,N0549,18337,43,49,2022-07-12 01:10:22.355,0,train,21.544848783809737,0
normal,N0549,18338,44,49,2022-07-12 01:10:22.455,0,train,38.24135393926649,0
normal,N0549,18339,45,49,2022-07-12 01:10:22.555,0,train,40.88757217871691,0
normal,N0549,18340,46,49,2022-07-12 01:10:22.655,0,train,47.95974053827953,0
normal,N0549,18341,47,49,2022-07-12 01:10:22.755,0,train,35.3850613816842,0
normal,N0549,18342,48,49,2022-07-12 01:10:22.855,0,train,27.866886747363246,0
normal,N0550,18352,9,46,2022-07-12 01:10:27.147,0,train,47.210281203774244,0
normal,N0550,18353,10,46,2022-07-12 01:10:27.247,0,train,49.4544353824514,0
normal,N0550,18354,11,46,2022-07-12 01:10:27.347,0,train,39.448772393247,0
normal,N0550,18355,12,46,2022-07-12 01:10:27.447,0,train,32.63781518613081,0
normal,N0550,18356,13,46,2022-07-12 01:10:27.547,0,train,37.600230179814716,0
normal,N0550,18357,14,46,2022-07-12 01:10:27.647,0,train,35.03143990091059,0
normal,N0550,18358,15,46,2022-07-12 01:10:27.747,0,train,30.61971850268241,0
normal,N0550,18359,16,46,2022-07-12 01:10:27.847,0,train,42.38907890473789,0
normal,N0550,18360,17,46,2022-07-12 01:10:27.947,0,train,43.41186441183095,0
normal,N0550,18361,18,46,2022-07-12 01:10:28.047,0,train,57.40299420033471,0
normal,N0550,18362,19,46,2022-07-12 01:10:28.147,0,train,78.62274139490448,0
normal,N0550,18363,20,46,2022-07-12 01:10:28.247,0,train,39.656229796207484,0
normal,N0550,18364,21,46,2022-07-12 01:10:28.347,0,train,24.588065197545674,0
normal,N0550,18365,22,46,2022-07-12 01:10:28.447,0,train,17.75675139931686,0
normal,N0550,18366,23,46,2022-07-12 01:10:28.547,0,train,20.952125856590026,0
normal,N0550,18367,24,46,2022-07-12 01:10:28.647,0,train,41.967975876847085,0
normal,N0550,18368,25,46,2022-07-12 01:10:28.747,0,train,39.731803551689545,0
normal,N0550,18369,26,46,2022-07-12 01:10:28.847,0,train,56.021356726053746,0
normal,N0550,18370,27,46,2022-07-12 01:10:28.947,0,train,48.49738095068,0
normal,N0550,18371,28,46,2022-07-12 01:10:29.047,0,train,28.993913890842624,0
normal,N0550,18372,29,46,2022-07-12 01:10:29.147,0,train,38.76425221016149,0
normal,N0550,18373,30,46,2022-07-12 01:10:29.247,0,train,32.410014151414934,0
normal,N0550,18374,31,46,2022-07-12 01:10:29.347,0,train,33.5625117946076,0
normal,N0550,18375,32,46,2022-07-12 01:10:29.447,0,train,37.43783375464887,0
normal,N0550,18376,33,46,2022-07-12 01:10:29.547,0,train,63.40903540133311,0
normal,N0550,18377,34,46,2022-07-12 01:10:29.647,0,train,46.55611499677685,0
normal,N0550,18378,35,46,2022-07-12 01:10:29.747,0,train,78.40663616812441,0
normal,N0550,18379,36,46,2022-07-12 01:10:29.847,0,train,46.56728763851209,0
normal,N0550,18380,37,46,2022-07-12 01:10:29.947,0,train,28.164975058601183,0
normal,N0550,18381,38,46,2022-07-12 01:10:30.047,0,train,23.535024067463418,0
normal,N0550,18382,39,46,2022-07-12 01:10:30.147,0,train,26.52722065665055,0
normal,N0550,18383,40,46,2022-07-12 01:10:30.247,0,train,31.321010707666986,0
normal,N0550,18384,41,46,2022-07-12 01:10:30.347,0,train,42.49991328549943,0
normal,N0550,18385,42,46,2022-07-12 01:10:30.447,0,train,42.49204464308833,0
normal,N0550,18386,43,46,2022-07-12 01:10:30.547,0,train,38.99900678092281,0
normal,N0550,18387,44,46,2022-07-12 01:10:30.647,0,train,51.94777075482009,0
normal,N0550,18388,45,46,2022-07-12 01:10:30.747,0,train,40.94005298104046,0
normal,N0551,18398,9,45,2022-07-12 01:10:35.172,0,train,22.238614356458243,0
normal,N0551,18399,10,45,2022-07-12 01:10:35.272,0,train,19.813313900549904,0
normal,N0551,18400,11,45,2022-07-12 01:10:35.372,0,train,26.226187870245933,0
normal,N0551,18401,12,45,2022-07-12 01:10:35.472,0,train,24.79212107767558,0
normal,N0551,18402,13,45,2022-07-12 01:10:35.572,0,train,38.0515091950976,0
normal,N0551,18403,14,45,2022-07-12 01:10:35.672,0,train,37.219667314026935,0
normal,N0551,18404,15,45,2022-07-12 01:10:35.772,0,train,26.21043688167094,0
normal,N0551,18405,16,45,2022-07-12 01:10:35.872,0,train,25.328202894730136,0
normal,N0551,18406,17,45,2022-07-12 01:10:35.972,0,train,33.51824811965215,0
normal,N0551,18407,18,45,2022-07-12 01:10:36.072,0,train,37.88797012878834,0
normal,N0551,18408,19,45,2022-07-12 01:10:36.172,0,train,33.32656739728924,0
normal,N0551,18409,20,45,2022-07-12 01:10:36.272,0,train,47.25543191422493,0
normal,N0551,18410,21,45,2022-07-12 01:10:36.372,0,train,43.02106600013174,0
normal,N0551,18411,22,45,2022-07-12 01:10:36.472,0,train,40.43365188459165,0
normal,N0551,18412,23,45,2022-07-12 01:10:36.572,0,train,42.04984936840503,0
normal,N0551,18413,24,45,2022-07-12 01:10:36.672,0,train,37.04845778412278,0
normal,N0551,18414,25,45,2022-07-12 01:10:36.772,0,train,46.75122220345753,0
normal,N0551,18415,26,45,2022-07-12 01:10:36.872,0,train,51.101989716516705,0
normal,N0551,18416,27,45,2022-07-12 01:10:36.972,0,train,48.74307872979083,0
normal,N0551,18417,28,45,2022-07-12 01:10:37.072,0,train,51.96086062602044,0
normal,N0551,18418,29,45,2022-07-12 01:10:37.172,0,train,57.87349307683569,0
normal,N0551,18419,30,45,2022-07-12 01:10:37.272,0,train,43.20048918989393,0
normal,N0551,18420,31,45,2022-07-12 01:10:37.372,0,train,44.51480301789739,0
normal,N0551,18421,32,45,2022-07-12 01:10:37.472,0,train,38.95150760224497,0
normal,N0551,18422,33,45,2022-07-12 01:10:37.572,0,train,30.53635584589397,0
normal,N0551,18423,34,45,2022-07-12 01:10:37.672,0,train,52.791894033542945,0
normal,N0551,18424,35,45,2022-07-12 01:10:37.772,0,train,52.94315903207151,0
normal,N0551,18425,36,45,2022-07-12 01:10:37.872,0,train,63.54615961711602,0
normal,N0551,18426,37,45,2022-07-12 01:10:37.972,0,train,61.57347160561787,0
normal,N0551,18427,38,45,2022-07-12 01:10:38.072,0,train,65.93420250424695,0
normal,N0551,18428,39,45,2022-07-12 01:10:38.172,0,train,59.86595783344687,0
normal,N0551,18429,40,45,2022-07-12 01:10:38.272,0,train,69.77743351124202,0
normal,N0551,18430,41,45,2022-07-12 01:10:38.372,0,train,35.58189279722528,0
normal,N0551,18431,42,45,2022-07-12 01:10:38.472,0,train,45.59774351110829,0
normal,N0551,18432,43,45,2022-07-12 01:10:38.572,0,train,37.98062752044004,0
normal,N0551,18433,44,45,2022-07-12 01:10:38.672,0,train,36.96635045227537,0
normal,N0553,18474,9,17,2022-07-12 01:10:51.326,0,train,24.70544720720348,0
normal,N0553,18475,10,17,2022-07-12 01:10:51.426,0,train,26.353188866992095,0
normal,N0553,18476,11,17,2022-07-12 01:10:51.526,0,train,29.762372110717553,0
normal,N0553,18477,12,17,2022-07-12 01:10:51.626,0,train,24.31149136658223,0
normal,N0553,18478,13,17,2022-07-12 01:10:51.726,0,train,41.39507576058587,0
normal,N0553,18479,14,17,2022-07-12 01:10:51.826,0,train,65.86210608231329,0
normal,N0553,18480,15,17,2022-07-12 01:10:51.926,0,train,30.824618898786678,0
normal,N0553,18481,16,17,2022-07-12 01:10:52.026,0,train,25.56469997904402,0
normal,N0555,18494,9,50,2022-07-12 01:11:01.437,0,train,24.592955467228546,0
normal,N0555,18495,10,50,2022-07-12 01:11:01.537,0,train,25.16374508658437,0
normal,N0555,18496,11,50,2022-07-12 01:11:01.637,0,train,32.692197289732704,0
normal,N0555,18497,12,50,2022-07-12 01:11:01.737,0,train,18.940636201226287,0
normal,N0555,18498,13,50,2022-07-12 01:11:01.837,0,train,12.356503129842686,0
normal,N0555,18499,14,50,2022-07-12 01:11:01.937,0,train,15.772488920775297,0
normal,N0555,18500,15,50,2022-07-12 01:11:02.037,0,train,23.270894263428517,0
normal,N0555,18501,16,50,2022-07-12 01:11:02.137,0,train,25.410963858741276,0
normal,N0555,18502,17,50,2022-07-12 01:11:02.237,0,train,32.15306981190435,0
normal,N0555,18503,18,50,2022-07-12 01:11:02.337,0,train,26.46000577934002,0
normal,N0555,18504,19,50,2022-07-12 01:11:02.437,0,train,23.85578251169623,0
normal,N0555,18505,20,50,2022-07-12 01:11:02.537,0,train,20.767430960191387,0
normal,N0555,18506,21,50,2022-07-12 01:11:02.637,0,train,23.369024003644604,0
normal,N0555,18507,22,50,2022-07-12 01:11:02.737,0,train,27.533227279203242,0
normal,N0555,18508,23,50,2022-07-12 01:11:02.837,0,train,33.20928219295099,0
normal,N0555,18509,24,50,2022-07-12 01:11:02.937,0,train,40.87657720072566,0
normal,N0555,18510,25,50,2022-07-12 01:11:03.037,0,train,37.27746664855822,0
normal,N0555,18511,26,50,2022-07-12 01:11:03.137,0,train,62.79454568677535,0
normal,N0555,18512,27,50,2022-07-12 01:11:03.237,0,train,47.199978387303204,0
normal,N0555,18513,28,50,2022-07-12 01:11:03.337,0,train,46.06335905328242,0
normal,N0555,18514,29,50,2022-07-12 01:11:03.437,0,train,31.554697735972937,0
normal,N0555,18515,30,50,2022-07-12 01:11:03.537,0,train,25.86580254666493,0
normal,N0555,18516,31,50,2022-07-12 01:11:03.637,0,train,29.090184727096975,0
normal,N0555,18517,32,50,2022-07-12 01:11:03.737,0,train,28.867649627922525,0
normal,N0555,18518,33,50,2022-07-12 01:11:03.837,0,train,28.844812838956862,0
normal,N0555,18519,34,50,2022-07-12 01:11:03.937,0,train,34.9428683628167,0
normal,N0555,18520,35,50,2022-07-12 01:11:04.037,0,train,35.826353556539416,0
normal,N0555,18521,36,50,2022-07-12 01:11:04.137,0,train,42.03063996384178,0
normal,N0555,18522,37,50,2022-07-12 01:11:04.237,0,train,31.441301065480403,0
normal,N0555,18523,38,50,2022-07-12 01:11:04.337,0,train,25.946242192530676,0
normal,N0555,18524,39,50,2022-07-12 01:11:04.437,0,train,42.15677235809724,0
normal,N0555,18525,40,50,2022-07-12 01:11:04.537,0,train,30.784395506614562,0
normal,N0555,18526,41,50,2022-07-12 01:11:04.637,0,train,28.446713649379223,0
normal,N0555,18527,42,50,2022-07-12 01:11:04.737,0,train,37.19595077343644,0
normal,N0555,18528,43,50,2022-07-12 01:11:04.837,0,train,63.32762775095146,0
normal,N0555,18529,44,50,2022-07-12 01:11:04.937,0,train,70.47327689544123,0
normal,N0555,18530,45,50,2022-07-12 01:11:05.037,0,train,75.30477705664069,0
normal,N0555,18531,46,50,2022-07-12 01:11:05.137,0,train,80.24352632231403,0
normal,N0555,18532,47,50,2022-07-12 01:11:05.237,0,train,35.57375968183998,0
normal,N0555,18533,48,50,2022-07-12 01:11:05.337,0,train,33.38309378445837,0
normal,N0555,18534,49,50,2022-07-12 01:11:05.437,0,train,51.49878987092368,0
normal,N0556,18544,9,50,2022-07-12 01:11:08.248,0,train,29.06822672949643,0
normal,N0556,18545,10,50,2022-07-12 01:11:08.348,0,train,31.955187561935848,0
normal,N0556,18546,11,50,2022-07-12 01:11:08.448,0,train,27.4856996280829,0
normal,N0556,18547,12,50,2022-07-12 01:11:08.548,0,train,36.34150682964211,0
normal,N0556,18548,13,50,2022-07-12 01:11:08.648,0,train,32.88510881323965,0
normal,N0556,18549,14,50,2022-07-12 01:11:08.748,0,train,53.39000782560527,0
normal,N0556,18550,15,50,2022-07-12 01:11:08.848,0,train,61.384791292545366,0
normal,N0556,18551,16,50,2022-07-12 01:11:08.948,0,train,46.81328466988554,0
normal,N0556,18552,17,50,2022-07-12 01:11:09.048,0,train,63.17297274939246,0
normal,N0556,18553,18,50,2022-07-12 01:11:09.148,0,train,40.24817132543842,0
normal,N0556,18554,19,50,2022-07-12 01:11:09.248,0,train,46.418351548713574,0
normal,N0556,18555,20,50,2022-07-12 01:11:09.348,0,train,52.98088209065333,0
normal,N0556,18556,21,50,2022-07-12 01:11:09.448,0,train,44.46652103098076,0
normal,N0556,18557,22,50,2022-07-12 01:11:09.548,0,train,54.427450299807646,0
normal,N0556,18558,23,50,2022-07-12 01:11:09.648,0,train,34.05208390578108,0
normal,N0556,18559,24,50,2022-07-12 01:11:09.748,0,train,24.896243719379846,0
normal,N0556,18560,25,50,2022-07-12 01:11:09.848,0,train,23.829884383059973,0
normal,N0556,18561,26,50,2022-07-12 01:11:09.948,0,train,32.44883380662152,0
normal,N0556,18562,27,50,2022-07-12 01:11:10.048,0,train,26.00139681834722,0
normal,N0556,18563,28,50,2022-07-12 01:11:10.148,0,train,32.02350834075004,0
normal,N0556,18564,29,50,2022-07-12 01:11:10.248,0,train,34.86617954916498,0
normal,N0556,18565,30,50,2022-07-12 01:11:10.348,0,train,26.79002382128507,0
normal,N0556,18566,31,50,2022-07-12 01:11:10.448,0,train,31.041460870361732,0
normal,N0556,18567,32,50,2022-07-12 01:11:10.548,0,train,34.555538640880755,0
normal,N0556,18568,33,50,2022-07-12 01:11:10.648,0,train,24.138937969679844,0
normal,N0556,18569,34,50,2022-07-12 01:11:10.748,0,train,38.53753176025056,0
normal,N0556,18570,35,50,2022-07-12 01:11:10.848,0,train,45.84300484119691,0
normal,N0556,18571,36,50,2022-07-12 01:11:10.948,0,train,49.57007860213605,0
normal,N0556,18572,37,50,2022-07-12 01:11:11.048,0,train,49.53996611001776,0
normal,N0556,18573,38,50,2022-07-12 01:11:11.148,0,train,55.59583107144281,0
normal,N0556,18574,39,50,2022-07-12 01:11:11.248,0,train,68.21233849656771,0
normal,N0556,18575,40,50,2022-07-12 01:11:11.348,0,train,30.261826946277427,0
normal,N0556,18576,41,50,2022-07-12 01:11:11.448,0,train,36.52026100928803,0
normal,N0556,18577,42,50,2022-07-12 01:11:11.548,0,train,83.71433803809511,0
normal,N0556,18578,43,50,2022-07-12 01:11:11.648,0,train,73.52877151048519,0
normal,N0556,18579,44,50,2022-07-12 01:11:11.748,0,train,52.29693066806962,0
normal,N0556,18580,45,50,2022-07-12 01:11:11.848,0,train,72.80231321845953,0
normal,N0556,18581,46,50,2022-07-12 01:11:11.948,0,train,59.32831365112079,0
normal,N0556,18582,47,50,2022-07-12 01:11:12.048,0,train,49.009304797115774,0
normal,N0556,18583,48,50,2022-07-12 01:11:12.148,0,train,41.29077944214997,0
normal,N0556,18584,49,50,2022-07-12 01:11:12.248,0,train,33.603501367963226,0
normal,N0558,18639,9,30,2022-07-12 01:11:23.727,0,train,49.25443268590114,0
normal,N0558,18640,10,30,2022-07-12 01:11:23.827,0,train,46.32166557693957,0
normal,N0558,18641,11,30,2022-07-12 01:11:23.927,0,train,34.410984661714366,0
normal,N0558,18642,12,30,2022-07-12 01:11:24.027,0,train,23.65938602154673,0
normal,N0558,18643,13,30,2022-07-12 01:11:24.127,0,train,31.27684456735091,0
normal,N0558,18644,14,30,2022-07-12 01:11:24.227,0,train,30.83260352004527,0
normal,N0558,18645,15,30,2022-07-12 01:11:24.327,0,train,30.808639370049647,0
normal,N0558,18646,16,30,2022-07-12 01:11:24.427,0,train,27.959537434467837,0
normal,N0558,18647,17,30,2022-07-12 01:11:24.527,0,train,40.00008743539538,0
normal,N0558,18648,18,30,2022-07-12 01:11:24.627,0,train,33.70052179735027,0
normal,N0558,18649,19,30,2022-07-12 01:11:24.727,0,train,20.836023838381667,0
normal,N0558,18650,20,30,2022-07-12 01:11:24.827,0,train,18.988997180959498,0
normal,N0558,18651,21,30,2022-07-12 01:11:24.927,0,train,25.648373647359286,0
normal,N0558,18652,22,30,2022-07-12 01:11:25.027,0,train,21.694793507526153,0
normal,N0558,18653,23,30,2022-07-12 01:11:25.127,0,train,30.58450171749836,0
normal,N0558,18654,24,30,2022-07-12 01:11:25.227,0,train,34.34298964641888,0
normal,N0558,18655,25,30,2022-07-12 01:11:25.327,0,train,29.336615941104313,0
normal,N0558,18656,26,30,2022-07-12 01:11:25.427,0,train,36.757839121704585,0
normal,N0558,18657,27,30,2022-07-12 01:11:25.527,0,train,45.65990718561782,0
normal,N0558,18658,28,30,2022-07-12 01:11:25.627,0,train,29.372094286301206,0
normal,N0558,18659,29,30,2022-07-12 01:11:25.727,0,train,18.085071108272658,0
normal,N0559,18669,9,19,2022-07-12 01:11:31.688,0,train,34.558891188712884,0
normal,N0559,18670,10,19,2022-07-12 01:11:31.788,0,train,30.352161476148666,0
normal,N0559,18671,11,19,2022-07-12 01:11:31.888,0,train,24.724003217226315,0
normal,N0559,18672,12,19,2022-07-12 01:11:31.988,0,train,26.93805497498777,0
normal,N0559,18673,13,19,2022-07-12 01:11:32.088,0,train,37.955148531392524,0
normal,N0559,18674,14,19,2022-07-12 01:11:32.188,0,train,34.393877970860295,0
normal,N0559,18675,15,19,2022-07-12 01:11:32.288,0,train,34.24090597931973,0
normal,N0559,18676,16,19,2022-07-12 01:11:32.388,0,train,51.388862278890294,0
normal,N0559,18677,17,19,2022-07-12 01:11:32.488,0,train,41.04820033487771,0
normal,N0559,18678,18,19,2022-07-12 01:11:32.588,0,train,44.45034735171631,0
normal,N0561,18693,9,50,2022-07-12 01:11:48.690,0,train,82.67222539895434,0
normal,N0561,18694,10,50,2022-07-12 01:11:48.790,0,train,95.98042203387772,0
normal,N0561,18695,11,50,2022-07-12 01:11:48.890,0,train,61.88045769600562,0
normal,N0561,18696,12,50,2022-07-12 01:11:48.990,0,train,55.21540944710882,0
normal,N0561,18697,13,50,2022-07-12 01:11:49.090,0,train,57.76695360511103,0
normal,N0561,18698,14,50,2022-07-12 01:11:49.190,0,train,51.240149955929446,0
normal,N0561,18699,15,50,2022-07-12 01:11:49.290,0,train,50.15102318669138,0
normal,N0561,18700,16,50,2022-07-12 01:11:49.390,0,train,44.709919494712224,0
normal,N0561,18701,17,50,2022-07-12 01:11:49.490,0,train,30.969765543133516,0
normal,N0561,18702,18,50,2022-07-12 01:11:49.590,0,train,39.67599553374853,0
normal,N0561,18703,19,50,2022-07-12 01:11:49.690,0,train,41.28340325026144,0
normal,N0561,18704,20,50,2022-07-12 01:11:49.790,0,train,41.39459771342682,0
normal,N0561,18705,21,50,2022-07-12 01:11:49.890,0,train,55.27853132038527,0
normal,N0561,18706,22,50,2022-07-12 01:11:49.990,0,train,31.506950197440357,0
normal,N0561,18707,23,50,2022-07-12 01:11:50.090,0,train,26.643157282315173,0
normal,N0561,18708,24,50,2022-07-12 01:11:50.190,0,train,26.17000032106046,0
normal,N0561,18709,25,50,2022-07-12 01:11:50.290,0,train,39.644054397323146,0
normal,N0561,18710,26,50,2022-07-12 01:11:50.390,0,train,39.70772176809948,0
normal,N0561,18711,27,50,2022-07-12 01:11:50.490,0,train,72.75302064982371,0
normal,N0561,18712,28,50,2022-07-12 01:11:50.590,0,train,44.45041000490927,0
normal,N0561,18713,29,50,2022-07-12 01:11:50.690,0,train,50.28007044577619,0
normal,N0561,18714,30,50,2022-07-12 01:11:50.790,0,train,47.745985144351586,0
normal,N0561,18715,31,50,2022-07-12 01:11:50.890,0,train,39.94919172239062,0
normal,N0561,18716,32,50,2022-07-12 01:11:50.990,0,train,51.702504611690685,0
normal,N0561,18717,33,50,2022-07-12 01:11:51.090,0,train,46.18906692278139,0
normal,N0561,18718,34,50,2022-07-12 01:11:51.190,0,train,36.24491856031731,0
normal,N0561,18719,35,50,2022-07-12 01:11:51.290,0,train,29.862878530446352,0
normal,N0561,18720,36,50,2022-07-12 01:11:51.390,0,train,52.62125148995613,0
normal,N0561,18721,37,50,2022-07-12 01:11:51.490,0,train,41.84017963403416,0
normal,N0561,18722,38,50,2022-07-12 01:11:51.590,0,train,36.77033904701859,0
normal,N0561,18723,39,50,2022-07-12 01:11:51.690,0,train,35.34985832314759,0
normal,N0561,18724,40,50,2022-07-12 01:11:51.790,0,train,38.60519942776277,0
normal,N0561,18725,41,50,2022-07-12 01:11:51.890,0,train,41.31940839124142,0
normal,N0561,18726,42,50,2022-07-12 01:11:51.990,0,train,48.25011922804637,0
normal,N0561,18727,43,50,2022-07-12 01:11:52.090,0,train,50.95857364503481,0
normal,N0561,18728,44,50,2022-07-12 01:11:52.190,0,train,51.748427110466004,0
normal,N0561,18729,45,50,2022-07-12 01:11:52.290,0,train,44.21335611480238,0
normal,N0561,18730,46,50,2022-07-12 01:11:52.390,0,train,54.866374285195675,0
normal,N0561,18731,47,50,2022-07-12 01:11:52.490,0,train,43.23437117456447,0
normal,N0561,18732,48,50,2022-07-12 01:11:52.590,0,train,37.101670139417116,0
normal,N0561,18733,49,50,2022-07-12 01:11:52.690,0,train,40.91291294403867,0
normal,N0563,18793,9,44,2022-07-12 01:12:04.084,0,train,36.04803716934428,0
normal,N0563,18794,10,44,2022-07-12 01:12:04.184,0,train,50.05165183280513,0
normal,N0563,18795,11,44,2022-07-12 01:12:04.284,0,train,33.584856976947826,0
normal,N0563,18796,12,44,2022-07-12 01:12:04.384,0,train,30.765223460437642,0
normal,N0563,18797,13,44,2022-07-12 01:12:04.484,0,train,51.59538746658276,0
normal,N0563,18798,14,44,2022-07-12 01:12:04.584,0,train,41.42543564438715,0
normal,N0563,18799,15,44,2022-07-12 01:12:04.684,0,train,31.699076867622242,0
normal,N0563,18800,16,44,2022-07-12 01:12:04.784,0,train,28.04294399530497,0
normal,N0563,18801,17,44,2022-07-12 01:12:04.884,0,train,34.21650083149743,0
normal,N0563,18802,18,44,2022-07-12 01:12:04.984,0,train,44.20787068163441,0
normal,N0563,18803,19,44,2022-07-12 01:12:05.084,0,train,39.64100206784219,0
normal,N0563,18804,20,44,2022-07-12 01:12:05.184,0,train,51.178335958614205,0
normal,N0563,18805,21,44,2022-07-12 01:12:05.284,0,train,42.59432723979536,0
normal,N0563,18806,22,44,2022-07-12 01:12:05.384,0,train,43.19258704431409,0
normal,N0563,18807,23,44,2022-07-12 01:12:05.484,0,train,37.819497565230485,0
normal,N0563,18808,24,44,2022-07-12 01:12:05.584,0,train,36.17017509066843,0
normal,N0563,18809,25,44,2022-07-12 01:12:05.684,0,train,28.444772281869632,0
normal,N0563,18810,26,44,2022-07-12 01:12:05.784,0,train,37.964575214871765,0
normal,N0563,18811,27,44,2022-07-12 01:12:05.884,0,train,28.499629733630332,0
normal,N0563,18812,28,44,2022-07-12 01:12:05.984,0,train,22.330989521510983,0
normal,N0563,18813,29,44,2022-07-12 01:12:06.084,0,train,29.68555887020908,0
normal,N0563,18814,30,44,2022-07-12 01:12:06.184,0,train,33.44512819197001,0
normal,N0563,18815,31,44,2022-07-12 01:12:06.284,0,train,27.631050244067012,0
normal,N0563,18816,32,44,2022-07-12 01:12:06.384,0,train,30.93419645484391,0
normal,N0563,18817,33,44,2022-07-12 01:12:06.484,0,train,28.033407138990327,0
normal,N0563,18818,34,44,2022-07-12 01:12:06.584,0,train,40.46318520555431,0
normal,N0563,18819,35,44,2022-07-12 01:12:06.684,0,train,61.60214656732895,0
normal,N0563,18820,36,44,2022-07-12 01:12:06.784,0,train,46.69891814316013,0
normal,N0563,18821,37,44,2022-07-12 01:12:06.884,0,train,43.09431454253469,0
normal,N0563,18822,38,44,2022-07-12 01:12:06.984,0,train,58.78551377653628,0
normal,N0563,18823,39,44,2022-07-12 01:12:07.084,0,train,65.10192141693484,0
normal,N0563,18824,40,44,2022-07-12 01:12:07.184,0,train,30.345912830776186,0
normal,N0563,18825,41,44,2022-07-12 01:12:07.284,0,train,29.56682367061438,0
normal,N0563,18826,42,44,2022-07-12 01:12:07.384,0,train,32.50690907519027,0
normal,N0563,18827,43,44,2022-07-12 01:12:07.484,0,train,52.02087629949751,0
normal,N0564,18837,9,30,2022-07-12 01:12:12.147,0,train,30.300577326288092,0
normal,N0564,18838,10,30,2022-07-12 01:12:12.247,0,train,27.547511086370594,0
normal,N0564,18839,11,30,2022-07-12 01:12:12.347,0,train,38.91186842970949,0
normal,N0564,18840,12,30,2022-07-12 01:12:12.447,0,train,40.22647637521012,0
normal,N0564,18841,13,30,2022-07-12 01:12:12.547,0,train,31.734952407231678,0
normal,N0564,18842,14,30,2022-07-12 01:12:12.647,0,train,30.639809566243045,0
normal,N0564,18843,15,30,2022-07-12 01:12:12.747,0,train,31.95448852748971,0
normal,N0564,18844,16,30,2022-07-12 01:12:12.847,0,train,23.573333213268697,0
normal,N0564,18845,17,30,2022-07-12 01:12:12.947,0,train,19.62102740567293,0
normal,N0564,18846,18,30,2022-07-12 01:12:13.047,0,train,20.371706148917617,0
normal,N0564,18847,19,30,2022-07-12 01:12:13.147,0,train,26.202713405098677,0
normal,N0564,18848,20,30,2022-07-12 01:12:13.247,0,train,50.710659560147704,0
normal,N0564,18849,21,30,2022-07-12 01:12:13.347,0,train,31.299922827274635,0
normal,N0564,18850,22,30,2022-07-12 01:12:13.447,0,train,26.393787017641003,0
normal,N0564,18851,23,30,2022-07-12 01:12:13.547,0,train,25.179400123860507,0
normal,N0564,18852,24,30,2022-07-12 01:12:13.647,0,train,27.398907644270057,0
normal,N0564,18853,25,30,2022-07-12 01:12:13.747,0,train,29.52479062671677,0
normal,N0564,18854,26,30,2022-07-12 01:12:13.847,0,train,52.64655541144907,0
normal,N0564,18855,27,30,2022-07-12 01:12:13.947,0,train,45.77726755500927,0
normal,N0564,18856,28,30,2022-07-12 01:12:14.047,0,train,57.26190543963067,0
normal,N0564,18857,29,30,2022-07-12 01:12:14.147,0,train,58.06143267653097,0
normal,N0565,18867,9,18,2022-07-12 01:12:20.095,0,train,29.887491324504452,0
normal,N0565,18868,10,18,2022-07-12 01:12:20.195,0,train,54.5603013327223,0
normal,N0565,18869,11,18,2022-07-12 01:12:20.295,0,train,59.216762270408374,0
normal,N0565,18870,12,18,2022-07-12 01:12:20.395,0,train,46.29236613565765,0
normal,N0565,18871,13,18,2022-07-12 01:12:20.495,0,train,49.33822263376794,0
normal,N0565,18872,14,18,2022-07-12 01:12:20.595,0,train,36.197127408228084,0
normal,N0565,18873,15,18,2022-07-12 01:12:20.695,0,train,35.18393791632518,0
normal,N0565,18874,16,18,2022-07-12 01:12:20.795,0,train,42.47998354287448,0
normal,N0565,18875,17,18,2022-07-12 01:12:20.895,0,train,50.444835506872124,0
normal,N0568,18939,9,50,2022-07-12 01:12:36.955,0,train,64.4995880351592,0
normal,N0568,18940,10,50,2022-07-12 01:12:37.055,0,train,42.86496243024299,0
normal,N0568,18941,11,50,2022-07-12 01:12:37.155,0,train,48.10474104925575,0
normal,N0568,18942,12,50,2022-07-12 01:12:37.255,0,train,59.76420144143704,0
normal,N0568,18943,13,50,2022-07-12 01:12:37.355,0,train,71.96038597419397,0
normal,N0568,18944,14,50,2022-07-12 01:12:37.455,0,train,51.04296020329213,0
normal,N0568,18945,15,50,2022-07-12 01:12:37.555,0,train,61.018336422067094,0
normal,N0568,18946,16,50,2022-07-12 01:12:37.655,0,train,52.93856297397919,0
normal,N0568,18947,17,50,2022-07-12 01:12:37.755,0,train,38.92678378271655,0
normal,N0568,18948,18,50,2022-07-12 01:12:37.855,0,train,39.16553057135658,0
normal,N0568,18949,19,50,2022-07-12 01:12:37.955,0,train,35.679059569945366,0
normal,N0568,18950,20,50,2022-07-12 01:12:38.055,0,train,43.09286194912062,0
normal,N0568,18951,21,50,2022-07-12 01:12:38.155,0,train,44.78967692288357,0
normal,N0568,18952,22,50,2022-07-12 01:12:38.255,0,train,61.67832056298524,0
normal,N0568,18953,23,50,2022-07-12 01:12:38.355,0,train,46.86562489611435,0
normal,N0568,18954,24,50,2022-07-12 01:12:38.455,0,train,43.13449574483279,0
normal,N0568,18955,25,50,2022-07-12 01:12:38.555,0,train,40.94624755057547,0
normal,N0568,18956,26,50,2022-07-12 01:12:38.655,0,train,50.64306478098938,0
normal,N0568,18957,27,50,2022-07-12 01:12:38.755,0,train,51.74807662623503,0
normal,N0568,18958,28,50,2022-07-12 01:12:38.855,0,train,45.34955299643678,0
normal,N0568,18959,29,50,2022-07-12 01:12:38.955,0,train,47.92723514206179,0
normal,N0568,18960,30,50,2022-07-12 01:12:39.055,0,train,41.91873599401165,0
normal,N0568,18961,31,50,2022-07-12 01:12:39.155,0,train,49.877574159124016,0
normal,N0568,18962,32,50,2022-07-12 01:12:39.255,0,train,48.94276933483398,0
normal,N0568,18963,33,50,2022-07-12 01:12:39.355,0,train,51.73490039560353,0
normal,N0568,18964,34,50,2022-07-12 01:12:39.455,0,train,39.27445792358937,0
normal,N0568,18965,35,50,2022-07-12 01:12:39.555,0,train,38.66902679704353,0
normal,N0568,18966,36,50,2022-07-12 01:12:39.655,0,train,23.80445186349937,0
normal,N0568,18967,37,50,2022-07-12 01:12:39.755,0,train,33.087909023459765,0
normal,N0568,18968,38,50,2022-07-12 01:12:39.855,0,train,41.45449635984234,0
normal,N0568,18969,39,50,2022-07-12 01:12:39.955,0,train,44.751388636518584,0
normal,N0568,18970,40,50,2022-07-12 01:12:40.055,0,train,51.93556237032907,0
normal,N0568,18971,41,50,2022-07-12 01:12:40.155,0,train,47.84014081546324,0
normal,N0568,18972,42,50,2022-07-12 01:12:40.255,0,train,43.3939150586484,0
normal,N0568,18973,43,50,2022-07-12 01:12:40.355,0,train,21.701674124035556,0
normal,N0568,18974,44,50,2022-07-12 01:12:40.455,0,train,29.93210156131527,0
normal,N0568,18975,45,50,2022-07-12 01:12:40.555,0,train,32.2425274836418,0
normal,N0568,18976,46,50,2022-07-12 01:12:40.655,0,train,50.73212712173453,0
normal,N0568,18977,47,50,2022-07-12 01:12:40.755,0,train,61.95880429453896,0
normal,N0568,18978,48,50,2022-07-12 01:12:40.855,0,train,60.445597508823944,0
normal,N0568,18979,49,50,2022-07-12 01:12:40.955,0,train,65.81597959663459,0
normal,N0569,18989,9,44,2022-07-12 01:12:44.212,0,train,102.86420712337757,0
normal,N0569,18990,10,44,2022-07-12 01:12:44.312,0,train,108.21207202003117,0
normal,N0569,18991,11,44,2022-07-12 01:12:44.412,0,train,151.0702279951188,1
normal,N0569,18992,12,44,2022-07-12 01:12:44.512,0,train,163.75794360744362,1
normal,N0569,18993,13,44,2022-07-12 01:12:44.612,0,train,194.46147860680296,1
normal,N0569,18994,14,44,2022-07-12 01:12:44.712,0,train,205.93547034722724,1
normal,N0569,18995,15,44,2022-07-12 01:12:44.812,0,train,126.76171707885325,0
normal,N0569,18996,16,44,2022-07-12 01:12:44.912,0,train,173.0069741807364,1
normal,N0569,18997,17,44,2022-07-12 01:12:45.012,0,train,238.67966652316838,1
normal,N0569,18998,18,44,2022-07-12 01:12:45.112,0,train,168.0731784230318,1
normal,N0569,18999,19,44,2022-07-12 01:12:45.212,0,train,133.26226540538278,0
normal,N0569,19000,20,44,2022-07-12 01:12:45.312,0,train,166.39863113008533,1
normal,N0569,19001,21,44,2022-07-12 01:12:45.412,0,train,119.36617916519465,0
normal,N0569,19002,22,44,2022-07-12 01:12:45.512,0,train,89.06039840975001,0
normal,N0569,19003,23,44,2022-07-12 01:12:45.612,0,train,102.82225067753872,0
normal,N0569,19004,24,44,2022-07-12 01:12:45.712,0,train,103.82363222237746,0
normal,N0569,19005,25,44,2022-07-12 01:12:45.812,0,train,108.48347127248428,0
normal,N0569,19006,26,44,2022-07-12 01:12:45.912,0,train,119.4057574418207,0
normal,N0569,19007,27,44,2022-07-12 01:12:46.012,0,train,94.97512061300597,0
normal,N0569,19008,28,44,2022-07-12 01:12:46.112,0,train,91.56349874824514,0
normal,N0569,19009,29,44,2022-07-12 01:12:46.212,0,train,88.22915577880852,0
normal,N0569,19010,30,44,2022-07-12 01:12:46.312,0,train,68.63113261894274,0
normal,N0569,19011,31,44,2022-07-12 01:12:46.412,0,train,72.58245206261952,0
normal,N0569,19012,32,44,2022-07-12 01:12:46.512,0,train,98.82172853381962,0
normal,N0569,19013,33,44,2022-07-12 01:12:46.612,0,train,82.66081036289212,0
normal,N0569,19014,34,44,2022-07-12 01:12:46.712,0,train,52.16244669994624,0
normal,N0569,19015,35,44,2022-07-12 01:12:46.812,0,train,39.389783049217854,0
normal,N0569,19016,36,44,2022-07-12 01:12:46.912,0,train,41.73280407690751,0
normal,N0569,19017,37,44,2022-07-12 01:12:47.012,0,train,76.68003649254663,0
normal,N0569,19018,38,44,2022-07-12 01:12:47.112,0,train,132.26369089162287,0
normal,N0569,19019,39,44,2022-07-12 01:12:47.212,0,train,124.67552840663593,0
normal,N0569,19020,40,44,2022-07-12 01:12:47.312,0,train,138.02931030327358,0
normal,N0569,19021,41,44,2022-07-12 01:12:47.412,0,train,128.93399078200775,0
normal,N0569,19022,42,44,2022-07-12 01:12:47.512,0,train,94.59219598205442,0
normal,N0569,19023,43,44,2022-07-12 01:12:47.612,0,train,134.07971647780585,0
normal,N0570,19033,9,42,2022-07-12 01:12:52.368,0,train,38.53675491952623,0
normal,N0570,19034,10,42,2022-07-12 01:12:52.468,0,train,40.79302601845455,0
normal,N0570,19035,11,42,2022-07-12 01:12:52.568,0,train,31.10487383269615,0
normal,N0570,19036,12,42,2022-07-12 01:12:52.668,0,train,46.195063799441705,0
normal,N0570,19037,13,42,2022-07-12 01:12:52.768,0,train,32.49830691292734,0
normal,N0570,19038,14,42,2022-07-12 01:12:52.868,0,train,31.25195010967993,0
normal,N0570,19039,15,42,2022-07-12 01:12:52.968,0,train,29.367454347884312,0
normal,N0570,19040,16,42,2022-07-12 01:12:53.068,0,train,28.01581605350195,0
normal,N0570,19041,17,42,2022-07-12 01:12:53.168,0,train,43.73274695670799,0
normal,N0570,19042,18,42,2022-07-12 01:12:53.268,0,train,32.063516691651344,0
normal,N0570,19043,19,42,2022-07-12 01:12:53.368,0,train,29.520680278223924,0
normal,N0570,19044,20,42,2022-07-12 01:12:53.468,0,train,38.392510255026565,0
normal,N0570,19045,21,42,2022-07-12 01:12:53.568,0,train,30.40471407390216,0
normal,N0570,19046,22,42,2022-07-12 01:12:53.668,0,train,29.039983153091963,0
normal,N0570,19047,23,42,2022-07-12 01:12:53.768,0,train,28.761485935946798,0
normal,N0570,19048,24,42,2022-07-12 01:12:53.868,0,train,37.043117066479375,0
normal,N0570,19049,25,42,2022-07-12 01:12:53.968,0,train,31.33780566680012,0
normal,N0570,19050,26,42,2022-07-12 01:12:54.068,0,train,45.947236533978916,0
normal,N0570,19051,27,42,2022-07-12 01:12:54.168,0,train,36.43813074168423,0
normal,N0570,19052,28,42,2022-07-12 01:12:54.268,0,train,32.111032756311836,0
normal,N0570,19053,29,42,2022-07-12 01:12:54.368,0,train,45.36039242472558,0
normal,N0570,19054,30,42,2022-07-12 01:12:54.468,0,train,33.91198227605148,0
normal,N0570,19055,31,42,2022-07-12 01:12:54.568,0,train,29.868380009551476,0
normal,N0570,19056,32,42,2022-07-12 01:12:54.668,0,train,32.1735688596668,0
normal,N0570,19057,33,42,2022-07-12 01:12:54.768,0,train,30.967837583816625,0
normal,N0570,19058,34,42,2022-07-12 01:12:54.868,0,train,38.164334267340614,0
normal,N0570,19059,35,42,2022-07-12 01:12:54.968,0,train,54.28788302021079,0
normal,N0570,19060,36,42,2022-07-12 01:12:55.068,0,train,36.46304469744213,0
normal,N0570,19061,37,42,2022-07-12 01:12:55.168,0,train,67.87707514693311,0
normal,N0570,19062,38,42,2022-07-12 01:12:55.268,0,train,54.13286130830907,0
normal,N0570,19063,39,42,2022-07-12 01:12:55.368,0,train,98.62708418500917,0
normal,N0570,19064,40,42,2022-07-12 01:12:55.468,0,train,79.50202853628875,0
normal,N0570,19065,41,42,2022-07-12 01:12:55.568,0,train,69.74148888004522,0
normal,N0571,19075,9,30,2022-07-12 01:13:00.419,0,train,32.49769483873941,0
normal,N0571,19076,10,30,2022-07-12 01:13:00.519,0,train,62.19161766455333,0
normal,N0571,19077,11,30,2022-07-12 01:13:00.619,0,train,31.116859444223053,0
normal,N0571,19078,12,30,2022-07-12 01:13:00.719,0,train,33.80760550216987,0
normal,N0571,19079,13,30,2022-07-12 01:13:00.819,0,train,62.504220924559206,0
normal,N0571,19080,14,30,2022-07-12 01:13:00.919,0,train,59.940509921688566,0
normal,N0571,19081,15,30,2022-07-12 01:13:01.019,0,train,55.56878234892706,0
normal,N0571,19082,16,30,2022-07-12 01:13:01.119,0,train,51.07665158243593,0
normal,N0571,19083,17,30,2022-07-12 01:13:01.219,0,train,41.96734094794875,0
normal,N0571,19084,18,30,2022-07-12 01:13:01.319,0,train,64.43900822598175,0
normal,N0571,19085,19,30,2022-07-12 01:13:01.419,0,train,105.07308125841925,0
normal,N0571,19086,20,30,2022-07-12 01:13:01.519,0,train,58.24682172542908,0
normal,N0571,19087,21,30,2022-07-12 01:13:01.619,0,train,49.93782503330464,0
normal,N0571,19088,22,30,2022-07-12 01:13:01.719,0,train,50.161082831037895,0
normal,N0571,19089,23,30,2022-07-12 01:13:01.819,0,train,45.420936017675935,0
normal,N0571,19090,24,30,2022-07-12 01:13:01.919,0,train,54.70618906724259,0
normal,N0571,19091,25,30,2022-07-12 01:13:02.019,0,train,34.28185052345745,0
normal,N0571,19092,26,30,2022-07-12 01:13:02.119,0,train,42.98451210597263,0
normal,N0571,19093,27,30,2022-07-12 01:13:02.219,0,train,53.67740509399486,0
normal,N0571,19094,28,30,2022-07-12 01:13:02.319,0,train,50.01650142642096,0
normal,N0571,19095,29,30,2022-07-12 01:13:02.419,0,train,46.90243564619409,0
normal,N0574,19133,9,50,2022-07-12 01:13:25.640,0,train,37.56076986595164,0
normal,N0574,19134,10,50,2022-07-12 01:13:25.740,0,train,22.82845740839352,0
normal,N0574,19135,11,50,2022-07-12 01:13:25.840,0,train,19.74201482849735,0
normal,N0574,19136,12,50,2022-07-12 01:13:25.940,0,train,22.420065731784515,0
normal,N0574,19137,13,50,2022-07-12 01:13:26.040,0,train,28.47135660680493,0
normal,N0574,19138,14,50,2022-07-12 01:13:26.140,0,train,26.32386237284691,0
normal,N0574,19139,15,50,2022-07-12 01:13:26.240,0,train,24.78343655874104,0
normal,N0574,19140,16,50,2022-07-12 01:13:26.340,0,train,18.174414485625682,0
normal,N0574,19141,17,50,2022-07-12 01:13:26.440,0,train,25.047741338525917,0
normal,N0574,19142,18,50,2022-07-12 01:13:26.540,0,train,35.88788593781151,0
normal,N0574,19143,19,50,2022-07-12 01:13:26.640,0,train,27.92136728478584,0
normal,N0574,19144,20,50,2022-07-12 01:13:26.740,0,train,24.4580631345386,0
normal,N0574,19145,21,50,2022-07-12 01:13:26.840,0,train,22.23379266167135,0
normal,N0574,19146,22,50,2022-07-12 01:13:26.940,0,train,23.84373490947021,0
normal,N0574,19147,23,50,2022-07-12 01:13:27.040,0,train,20.63188409798416,0
normal,N0574,19148,24,50,2022-07-12 01:13:27.140,0,train,25.069940653719286,0
normal,N0574,19149,25,50,2022-07-12 01:13:27.240,0,train,20.081308307539306,0
normal,N0574,19150,26,50,2022-07-12 01:13:27.340,0,train,29.999152586587115,0
normal,N0574,19151,27,50,2022-07-12 01:13:27.440,0,train,28.37017800044626,0
normal,N0574,19152,28,50,2022-07-12 01:13:27.540,0,train,21.766877204591463,0
normal,N0574,19153,29,50,2022-07-12 01:13:27.640,0,train,22.634189362238526,0
normal,N0574,19154,30,50,2022-07-12 01:13:27.740,0,train,30.400753286263612,0
normal,N0574,19155,31,50,2022-07-12 01:13:27.840,0,train,24.979172231635278,0
normal,N0574,19156,32,50,2022-07-12 01:13:27.940,0,train,22.266261278768596,0
normal,N0574,19157,33,50,2022-07-12 01:13:28.040,0,train,23.959720084142774,0
normal,N0574,19158,34,50,2022-07-12 01:13:28.140,0,train,26.417854225745877,0
normal,N0574,19159,35,50,2022-07-12 01:13:28.240,0,train,32.65389034529318,0
normal,N0574,19160,36,50,2022-07-12 01:13:28.340,0,train,28.362304109593353,0
normal,N0574,19161,37,50,2022-07-12 01:13:28.440,0,train,21.917158450436435,0
normal,N0574,19162,38,50,2022-07-12 01:13:28.540,0,train,20.11510390164175,0
normal,N0574,19163,39,50,2022-07-12 01:13:28.640,0,train,15.642348319114138,0
normal,N0574,19164,40,50,2022-07-12 01:13:28.740,0,train,16.123117097994502,0
normal,N0574,19165,41,50,2022-07-12 01:13:28.840,0,train,22.250813166801265,0
normal,N0574,19166,42,50,2022-07-12 01:13:28.940,0,train,23.250692647576294,0
normal,N0574,19167,43,50,2022-07-12 01:13:29.040,0,train,27.405700605448587,0
normal,N0574,19168,44,50,2022-07-12 01:13:29.140,0,train,21.78339943887531,0
normal,N0574,19169,45,50,2022-07-12 01:13:29.240,0,train,23.814358710214886,0
normal,N0574,19170,46,50,2022-07-12 01:13:29.340,0,train,22.426183488021664,0
normal,N0574,19171,47,50,2022-07-12 01:13:29.440,0,train,19.598683167117162,0
normal,N0574,19172,48,50,2022-07-12 01:13:29.540,0,train,22.129282524508806,0
normal,N0574,19173,49,50,2022-07-12 01:13:29.640,0,train,18.326402118695764,0
normal,N0575,19183,9,50,2022-07-12 01:13:33.740,0,train,116.17162534848278,0
normal,N0575,19184,10,50,2022-07-12 01:13:33.840,0,train,58.845912405649095,0
normal,N0575,19185,11,50,2022-07-12 01:13:33.940,0,train,59.06220168345073,0
normal,N0575,19186,12,50,2022-07-12 01:13:34.040,0,train,43.76201967211802,0
normal,N0575,19187,13,50,2022-07-12 01:13:34.140,0,train,44.174720769209586,0
normal,N0575,19188,14,50,2022-07-12 01:13:34.240,0,train,55.37126170850524,0
normal,N0575,19189,15,50,2022-07-12 01:13:34.340,0,train,37.12986001159619,0
normal,N0575,19190,16,50,2022-07-12 01:13:34.440,0,train,55.52512954384663,0
normal,N0575,19191,17,50,2022-07-12 01:13:34.540,0,train,69.31549541696914,0
normal,N0575,19192,18,50,2022-07-12 01:13:34.640,0,train,39.53404239730204,0
normal,N0575,19193,19,50,2022-07-12 01:13:34.740,0,train,44.712273183882495,0
normal,N0575,19194,20,50,2022-07-12 01:13:34.840,0,train,65.87074716673077,0
normal,N0575,19195,21,50,2022-07-12 01:13:34.940,0,train,86.56359830257897,0
normal,N0575,19196,22,50,2022-07-12 01:13:35.040,0,train,72.18012495183271,0
normal,N0575,19197,23,50,2022-07-12 01:13:35.140,0,train,59.83452073624792,0
normal,N0575,19198,24,50,2022-07-12 01:13:35.240,0,train,51.950613636862705,0
normal,N0575,19199,25,50,2022-07-12 01:13:35.340,0,train,89.65874902584626,0
normal,N0575,19200,26,50,2022-07-12 01:13:35.440,0,train,88.48332974996794,0
normal,N0575,19201,27,50,2022-07-12 01:13:35.540,0,train,89.79129718669093,0
normal,N0575,19202,28,50,2022-07-12 01:13:35.640,0,train,109.1447986432401,0
normal,N0575,19203,29,50,2022-07-12 01:13:35.740,0,train,93.64148033049015,0
normal,N0575,19204,30,50,2022-07-12 01:13:35.840,0,train,74.29034077227388,0
normal,N0575,19205,31,50,2022-07-12 01:13:35.940,0,train,133.38826351973043,0
normal,N0575,19206,32,50,2022-07-12 01:13:36.040,0,train,50.46305268844681,0
normal,N0575,19207,33,50,2022-07-12 01:13:36.140,0,train,54.20908810350524,0
normal,N0575,19208,34,50,2022-07-12 01:13:36.240,0,train,55.78655309280527,0
normal,N0575,19209,35,50,2022-07-12 01:13:36.340,0,train,49.780113278837575,0
normal,N0575,19210,36,50,2022-07-12 01:13:36.440,0,train,39.38286711127049,0
normal,N0575,19211,37,50,2022-07-12 01:13:36.540,0,train,43.225816102572786,0
normal,N0575,19212,38,50,2022-07-12 01:13:36.640,0,train,42.6590645069749,0
normal,N0575,19213,39,50,2022-07-12 01:13:36.740,0,train,31.145048803694216,0
normal,N0575,19214,40,50,2022-07-12 01:13:36.840,0,train,27.72274108066428,0
normal,N0575,19215,41,50,2022-07-12 01:13:36.940,0,train,32.89084040635828,0
normal,N0575,19216,42,50,2022-07-12 01:13:37.040,0,train,66.58572069913421,0
normal,N0575,19217,43,50,2022-07-12 01:13:37.140,0,train,37.466871391529594,0
normal,N0575,19218,44,50,2022-07-12 01:13:37.240,0,train,69.2367978263222,0
normal,N0575,19219,45,50,2022-07-12 01:13:37.340,0,train,55.660372547197426,0
normal,N0575,19220,46,50,2022-07-12 01:13:37.440,0,train,65.53022073224253,0
normal,N0575,19221,47,50,2022-07-12 01:13:37.540,0,train,65.51940858388542,0
normal,N0575,19222,48,50,2022-07-12 01:13:37.640,0,train,90.59297563760897,0
normal,N0575,19223,49,50,2022-07-12 01:13:37.740,0,train,74.3512709168365,0
normal,N0576,19233,9,49,2022-07-12 01:13:40.356,0,train,25.676276160194263,0
normal,N0576,19234,10,49,2022-07-12 01:13:40.456,0,train,18.68953241816686,0
normal,N0576,19235,11,49,2022-07-12 01:13:40.556,0,train,19.543906669698664,0
normal,N0576,19236,12,49,2022-07-12 01:13:40.656,0,train,24.672039886500887,0
normal,N0576,19237,13,49,2022-07-12 01:13:40.756,0,train,25.216724680054394,0
normal,N0576,19238,14,49,2022-07-12 01:13:40.856,0,train,26.525050927245225,0
normal,N0576,19239,15,49,2022-07-12 01:13:40.956,0,train,22.39479257692491,0
normal,N0576,19240,16,49,2022-07-12 01:13:41.056,0,train,20.126576669860448,0
normal,N0576,19241,17,49,2022-07-12 01:13:41.156,0,train,17.14850966189706,0
normal,N0576,19242,18,49,2022-07-12 01:13:41.256,0,train,20.994762660854555,0
normal,N0576,19243,19,49,2022-07-12 01:13:41.356,0,train,18.10527985069981,0
normal,N0576,19244,20,49,2022-07-12 01:13:41.456,0,train,24.989477461198046,0
normal,N0576,19245,21,49,2022-07-12 01:13:41.556,0,train,21.46223171761521,0
normal,N0576,19246,22,49,2022-07-12 01:13:41.656,0,train,24.411961084311606,0
normal,N0576,19247,23,49,2022-07-12 01:13:41.756,0,train,22.035395235601058,0
normal,N0576,19248,24,49,2022-07-12 01:13:41.856,0,train,20.42645090627735,0
normal,N0576,19249,25,49,2022-07-12 01:13:41.956,0,train,23.132851321653344,0
normal,N0576,19250,26,49,2022-07-12 01:13:42.056,0,train,19.362765386369155,0
normal,N0576,19251,27,49,2022-07-12 01:13:42.156,0,train,20.896746233699407,0
normal,N0576,19252,28,49,2022-07-12 01:13:42.256,0,train,31.89562222556838,0
normal,N0576,19253,29,49,2022-07-12 01:13:42.356,0,train,33.57229185254245,0
normal,N0576,19254,30,49,2022-07-12 01:13:42.456,0,train,39.03232484303381,0
normal,N0576,19255,31,49,2022-07-12 01:13:42.556,0,train,33.402491059237356,0
normal,N0576,19256,32,49,2022-07-12 01:13:42.656,0,train,20.509735669679717,0
normal,N0576,19257,33,49,2022-07-12 01:13:42.756,0,train,22.435058429047697,0
normal,N0576,19258,34,49,2022-07-12 01:13:42.856,0,train,19.360875544904975,0
normal,N0576,19259,35,49,2022-07-12 01:13:42.956,0,train,20.651625501612592,0
normal,N0576,19260,36,49,2022-07-12 01:13:43.056,0,train,34.72597299650963,0
normal,N0576,19261,37,49,2022-07-12 01:13:43.156,0,train,40.08459394405858,0
normal,N0576,19262,38,49,2022-07-12 01:13:43.256,0,train,33.715319526962396,0
normal,N0576,19263,39,49,2022-07-12 01:13:43.356,0,train,28.3162770491155,0
normal,N0576,19264,40,49,2022-07-12 01:13:43.456,0,train,27.784794707030557,0
normal,N0576,19265,41,49,2022-07-12 01:13:43.556,0,train,26.555956261263677,0
normal,N0576,19266,42,49,2022-07-12 01:13:43.656,0,train,23.59306564083727,0
normal,N0576,19267,43,49,2022-07-12 01:13:43.756,0,train,17.7685543817889,0
normal,N0576,19268,44,49,2022-07-12 01:13:43.856,0,train,13.331386798401601,0
normal,N0576,19269,45,49,2022-07-12 01:13:43.956,0,train,19.754265566165063,0
normal,N0576,19270,46,49,2022-07-12 01:13:44.056,0,train,24.245105207309162,0
normal,N0576,19271,47,49,2022-07-12 01:13:44.156,0,train,24.10026917066819,0
normal,N0576,19272,48,49,2022-07-12 01:13:44.256,0,train,25.822250545067746,0
normal,N0578,19317,9,35,2022-07-12 01:13:56.230,0,train,26.553968503384965,0
normal,N0578,19318,10,35,2022-07-12 01:13:56.330,0,train,46.759080515297484,0
normal,N0578,19319,11,35,2022-07-12 01:13:56.430,0,train,28.61537268992575,0
normal,N0578,19320,12,35,2022-07-12 01:13:56.530,0,train,32.83750935686412,0
normal,N0578,19321,13,35,2022-07-12 01:13:56.630,0,train,31.80919471983167,0
normal,N0578,19322,14,35,2022-07-12 01:13:56.730,0,train,44.365928431957244,0
normal,N0578,19323,15,35,2022-07-12 01:13:56.830,0,train,34.860440793355714,0
normal,N0578,19324,16,35,2022-07-12 01:13:56.930,0,train,35.59729178954078,0
normal,N0578,19325,17,35,2022-07-12 01:13:57.030,0,train,30.140830216057246,0
normal,N0578,19326,18,35,2022-07-12 01:13:57.130,0,train,37.61535551295606,0
normal,N0578,19327,19,35,2022-07-12 01:13:57.230,0,train,34.69689723710749,0
normal,N0578,19328,20,35,2022-07-12 01:13:57.330,0,train,28.818976695486395,0
normal,N0578,19329,21,35,2022-07-12 01:13:57.430,0,train,51.52087770111573,0
normal,N0578,19330,22,35,2022-07-12 01:13:57.530,0,train,31.159703454976736,0
normal,N0578,19331,23,35,2022-07-12 01:13:57.630,0,train,25.91591844282914,0
normal,N0578,19332,24,35,2022-07-12 01:13:57.730,0,train,23.19270615630776,0
normal,N0578,19333,25,35,2022-07-12 01:13:57.830,0,train,28.068117636155964,0
normal,N0578,19334,26,35,2022-07-12 01:13:57.930,0,train,29.19598898488872,0
normal,N0578,19335,27,35,2022-07-12 01:13:58.030,0,train,38.81650401948691,0
normal,N0578,19336,28,35,2022-07-12 01:13:58.130,0,train,30.233064924492556,0
normal,N0578,19337,29,35,2022-07-12 01:13:58.230,0,train,36.41952785596361,0
normal,N0578,19338,30,35,2022-07-12 01:13:58.330,0,train,35.01751788099991,0
normal,N0578,19339,31,35,2022-07-12 01:13:58.430,0,train,43.7306798640292,0
normal,N0578,19340,32,35,2022-07-12 01:13:58.530,0,train,40.40437726154421,0
normal,N0578,19341,33,35,2022-07-12 01:13:58.630,0,train,37.51351502034562,0
normal,N0578,19342,34,35,2022-07-12 01:13:58.730,0,train,51.39423488708532,0
normal,N0579,19352,9,24,2022-07-12 01:14:04.269,0,train,21.929484792483084,0
normal,N0579,19353,10,24,2022-07-12 01:14:04.369,0,train,20.958186308128028,0
normal,N0579,19354,11,24,2022-07-12 01:14:04.469,0,train,21.804345942315564,0
normal,N0579,19355,12,24,2022-07-12 01:14:04.569,0,train,29.45947118426399,0
normal,N0579,19356,13,24,2022-07-12 01:14:04.669,0,train,37.05283245389311,0
normal,N0579,19357,14,24,2022-07-12 01:14:04.769,0,train,64.91535487069949,0
normal,N0579,19358,15,24,2022-07-12 01:14:04.869,0,train,36.62362629850485,0
normal,N0579,19359,16,24,2022-07-12 01:14:04.969,0,train,20.957498253032554,0
normal,N0579,19360,17,24,2022-07-12 01:14:05.069,0,train,19.625737364709998,0
normal,N0579,19361,18,24,2022-07-12 01:14:05.169,0,train,30.54971829384268,0
normal,N0579,19362,19,24,2022-07-12 01:14:05.269,0,train,69.80414462805892,0
normal,N0579,19363,20,24,2022-07-12 01:14:05.369,0,train,58.85276422423475,0
normal,N0579,19364,21,24,2022-07-12 01:14:05.469,0,train,46.906049565033214,0
normal,N0579,19365,22,24,2022-07-12 01:14:05.569,0,train,45.86894267047601,0
normal,N0579,19366,23,24,2022-07-12 01:14:05.669,0,train,37.66983820809115,0
normal,N0580,19376,9,10,2022-07-12 01:14:12.139,0,train,37.48755713712464,0
normal,N0581,19386,9,50,2022-07-12 01:14:29.669,0,train,59.5120208834991,0
normal,N0581,19387,10,50,2022-07-12 01:14:29.769,0,train,27.229761353281777,0
normal,N0581,19388,11,50,2022-07-12 01:14:29.869,0,train,30.244700047569832,0
normal,N0581,19389,12,50,2022-07-12 01:14:29.969,0,train,27.265864217360722,0
normal,N0581,19390,13,50,2022-07-12 01:14:30.069,0,train,33.793621354446024,0
normal,N0581,19391,14,50,2022-07-12 01:14:30.169,0,train,32.72753534517248,0
normal,N0581,19392,15,50,2022-07-12 01:14:30.269,0,train,39.20812384123224,0
normal,N0581,19393,16,50,2022-07-12 01:14:30.369,0,train,34.67563426071003,0
normal,N0581,19394,17,50,2022-07-12 01:14:30.469,0,train,33.56496778646603,0
normal,N0581,19395,18,50,2022-07-12 01:14:30.569,0,train,24.06137545915599,0
normal,N0581,19396,19,50,2022-07-12 01:14:30.669,0,train,23.78334520058999,0
normal,N0581,19397,20,50,2022-07-12 01:14:30.769,0,train,41.00386727668689,0
normal,N0581,19398,21,50,2022-07-12 01:14:30.869,0,train,25.545093225882336,0
normal,N0581,19399,22,50,2022-07-12 01:14:30.969,0,train,29.262838051521083,0
normal,N0581,19400,23,50,2022-07-12 01:14:31.069,0,train,20.992007204126597,0
normal,N0581,19401,24,50,2022-07-12 01:14:31.169,0,train,33.54797235740333,0
normal,N0581,19402,25,50,2022-07-12 01:14:31.269,0,train,47.28312459046106,0
normal,N0581,19403,26,50,2022-07-12 01:14:31.369,0,train,50.87080182139571,0
normal,N0581,19404,27,50,2022-07-12 01:14:31.469,0,train,34.8107919963663,0
normal,N0581,19405,28,50,2022-07-12 01:14:31.569,0,train,32.32452761669977,0
normal,N0581,19406,29,50,2022-07-12 01:14:31.669,0,train,21.772711995447967,0
normal,N0581,19407,30,50,2022-07-12 01:14:31.769,0,train,21.341922611727977,0
normal,N0581,19408,31,50,2022-07-12 01:14:31.869,0,train,25.477681836176632,0
normal,N0581,19409,32,50,2022-07-12 01:14:31.969,0,train,23.98668877278913,0
normal,N0581,19410,33,50,2022-07-12 01:14:32.069,0,train,31.048796579657015,0
normal,N0581,19411,34,50,2022-07-12 01:14:32.169,0,train,34.48026308957723,0
normal,N0581,19412,35,50,2022-07-12 01:14:32.269,0,train,35.60573643185383,0
normal,N0581,19413,36,50,2022-07-12 01:14:32.369,0,train,34.020580103239276,0
normal,N0581,19414,37,50,2022-07-12 01:14:32.469,0,train,28.57512270244354,0
normal,N0581,19415,38,50,2022-07-12 01:14:32.569,0,train,26.971654365028254,0
normal,N0581,19416,39,50,2022-07-12 01:14:32.669,0,train,23.542185978294384,0
normal,N0581,19417,40,50,2022-07-12 01:14:32.769,0,train,22.3171056790702,0
normal,N0581,19418,41,50,2022-07-12 01:14:32.869,0,train,28.01440185416813,0
normal,N0581,19419,42,50,2022-07-12 01:14:32.969,0,train,37.99888145119755,0
normal,N0581,19420,43,50,2022-07-12 01:14:33.069,0,train,17.562609582192792,0
normal,N0581,19421,44,50,2022-07-12 01:14:33.169,0,train,24.994699749426996,0
normal,N0581,19422,45,50,2022-07-12 01:14:33.269,0,train,25.29099727510187,0
normal,N0581,19423,46,50,2022-07-12 01:14:33.369,0,train,17.47401530431056,0
normal,N0581,19424,47,50,2022-07-12 01:14:33.469,0,train,25.694371538275433,0
normal,N0581,19425,48,50,2022-07-12 01:14:33.569,0,train,24.37513938659285,0
normal,N0581,19426,49,50,2022-07-12 01:14:33.669,0,train,28.004283622776107,0
normal,N0583,19486,9,37,2022-07-12 01:14:44.235,0,train,35.05192622758238,0
normal,N0583,19487,10,37,2022-07-12 01:14:44.335,0,train,41.933988959543214,0
normal,N0583,19488,11,37,2022-07-12 01:14:44.435,0,train,32.60560918802037,0
normal,N0583,19489,12,37,2022-07-12 01:14:44.535,0,train,62.43658556626126,0
normal,N0583,19490,13,37,2022-07-12 01:14:44.635,0,train,48.65159721208146,0
normal,N0583,19491,14,37,2022-07-12 01:14:44.735,0,train,31.742755263694104,0
normal,N0583,19492,15,37,2022-07-12 01:14:44.835,0,train,39.770504215473466,0
normal,N0583,19493,16,37,2022-07-12 01:14:44.935,0,train,31.26904834021258,0
normal,N0583,19494,17,37,2022-07-12 01:14:45.035,0,train,36.342860871863635,0
normal,N0583,19495,18,37,2022-07-12 01:14:45.135,0,train,56.859175776695814,0
normal,N0583,19496,19,37,2022-07-12 01:14:45.235,0,train,42.53192049921192,0
normal,N0583,19497,20,37,2022-07-12 01:14:45.335,0,train,46.25020261328217,0
normal,N0583,19498,21,37,2022-07-12 01:14:45.435,0,train,51.1956753440114,0
normal,N0583,19499,22,37,2022-07-12 01:14:45.535,0,train,72.10975782878536,0
normal,N0583,19500,23,37,2022-07-12 01:14:45.635,0,train,52.172311791514815,0
normal,N0583,19501,24,37,2022-07-12 01:14:45.735,0,train,48.1869243296857,0
normal,N0583,19502,25,37,2022-07-12 01:14:45.835,0,train,40.88861586422297,0
normal,N0583,19503,26,37,2022-07-12 01:14:45.935,0,train,51.36558469317315,0
normal,N0583,19504,27,37,2022-07-12 01:14:46.035,0,train,48.07714605959161,0
normal,N0583,19505,28,37,2022-07-12 01:14:46.135,0,train,33.77869092109479,0
normal,N0583,19506,29,37,2022-07-12 01:14:46.235,0,train,35.84523243521602,0
normal,N0583,19507,30,37,2022-07-12 01:14:46.335,0,train,30.710905113512926,0
normal,N0583,19508,31,37,2022-07-12 01:14:46.435,0,train,21.051614401684073,0
normal,N0583,19509,32,37,2022-07-12 01:14:46.535,0,train,20.57545003806794,0
normal,N0583,19510,33,37,2022-07-12 01:14:46.635,0,train,37.66111372931587,0
normal,N0583,19511,34,37,2022-07-12 01:14:46.735,0,train,48.72016149718897,0
normal,N0583,19512,35,37,2022-07-12 01:14:46.835,0,train,37.101791047831966,0
normal,N0583,19513,36,37,2022-07-12 01:14:46.935,0,train,33.33013736379183,0
normal,N0584,19523,9,25,2022-07-12 01:14:52.339,0,train,21.79042029708027,0
normal,N0584,19524,10,25,2022-07-12 01:14:52.439,0,train,26.05704895756395,0
normal,N0584,19525,11,25,2022-07-12 01:14:52.539,0,train,26.481679720282507,0
normal,N0584,19526,12,25,2022-07-12 01:14:52.639,0,train,18.02765920509829,0
normal,N0584,19527,13,25,2022-07-12 01:14:52.739,0,train,18.323534198994082,0
normal,N0584,19528,14,25,2022-07-12 01:14:52.839,0,train,23.54626957410008,0
normal,N0584,19529,15,25,2022-07-12 01:14:52.939,0,train,22.95668802657704,0
normal,N0584,19530,16,25,2022-07-12 01:14:53.039,0,train,18.197846326419324,0
normal,N0584,19531,17,25,2022-07-12 01:14:53.139,0,train,21.397149128689197,0
normal,N0584,19532,18,25,2022-07-12 01:14:53.239,0,train,22.24208536927511,0
normal,N0584,19533,19,25,2022-07-12 01:14:53.339,0,train,19.486418363370117,0
normal,N0584,19534,20,25,2022-07-12 01:14:53.439,0,train,21.366771726168018,0
normal,N0584,19535,21,25,2022-07-12 01:14:53.539,0,train,23.429518351876187,0
normal,N0584,19536,22,25,2022-07-12 01:14:53.639,0,train,34.90159862339046,0
normal,N0584,19537,23,25,2022-07-12 01:14:53.739,0,train,25.726306479708256,0
normal,N0584,19538,24,25,2022-07-12 01:14:53.839,0,train,30.32595280928522,0
normal,N0585,19548,9,11,2022-07-12 01:15:00.276,0,train,30.962939223708318,0
normal,N0585,19549,10,11,2022-07-12 01:15:00.376,0,train,51.02518465154963,0
normal,N0586,19559,9,50,2022-07-12 01:15:17.919,0,train,53.53978557976339,0
normal,N0586,19560,10,50,2022-07-12 01:15:18.019,0,train,85.1338283805571,0
normal,N0586,19561,11,50,2022-07-12 01:15:18.119,0,train,61.455810542543325,0
normal,N0586,19562,12,50,2022-07-12 01:15:18.219,0,train,56.679312928410276,0
normal,N0586,19563,13,50,2022-07-12 01:15:18.319,0,train,49.24813018118938,0
normal,N0586,19564,14,50,2022-07-12 01:15:18.419,0,train,61.66998953304107,0
normal,N0586,19565,15,50,2022-07-12 01:15:18.519,0,train,51.48092000250436,0
normal,N0586,19566,16,50,2022-07-12 01:15:18.619,0,train,57.20083135416832,0
normal,N0586,19567,17,50,2022-07-12 01:15:18.719,0,train,44.66474523337442,0
normal,N0586,19568,18,50,2022-07-12 01:15:18.819,0,train,57.24138124260281,0
normal,N0586,19569,19,50,2022-07-12 01:15:18.919,0,train,52.073755444173834,0
normal,N0586,19570,20,50,2022-07-12 01:15:19.019,0,train,45.91439051029483,0
normal,N0586,19571,21,50,2022-07-12 01:15:19.119,0,train,39.12008791916081,0
normal,N0586,19572,22,50,2022-07-12 01:15:19.219,0,train,47.21672234723376,0
normal,N0586,19573,23,50,2022-07-12 01:15:19.319,0,train,43.69669663852911,0
normal,N0586,19574,24,50,2022-07-12 01:15:19.419,0,train,38.040216536352474,0
normal,N0586,19575,25,50,2022-07-12 01:15:19.519,0,train,50.47395574136597,0
normal,N0586,19576,26,50,2022-07-12 01:15:19.619,0,train,58.76583980768743,0
normal,N0586,19577,27,50,2022-07-12 01:15:19.719,0,train,65.97601450236948,0
normal,N0586,19578,28,50,2022-07-12 01:15:19.819,0,train,66.78316471382286,0
normal,N0586,19579,29,50,2022-07-12 01:15:19.919,0,train,37.041758707233754,0
normal,N0586,19580,30,50,2022-07-12 01:15:20.019,0,train,34.07188388791036,0
normal,N0586,19581,31,50,2022-07-12 01:15:20.119,0,train,54.06596833033209,0
normal,N0586,19582,32,50,2022-07-12 01:15:20.219,0,train,46.82325586686638,0
normal,N0586,19583,33,50,2022-07-12 01:15:20.319,0,train,40.669728777175486,0
normal,N0586,19584,34,50,2022-07-12 01:15:20.419,0,train,55.23246837303273,0
normal,N0586,19585,35,50,2022-07-12 01:15:20.519,0,train,70.92545005018637,0
normal,N0586,19586,36,50,2022-07-12 01:15:20.619,0,train,41.927251213725526,0
normal,N0586,19587,37,50,2022-07-12 01:15:20.719,0,train,49.98749753880181,0
normal,N0586,19588,38,50,2022-07-12 01:15:20.819,0,train,50.77673744984591,0
normal,N0586,19589,39,50,2022-07-12 01:15:20.919,0,train,66.46994176352557,0
normal,N0586,19590,40,50,2022-07-12 01:15:21.019,0,train,54.05486972437965,0
normal,N0586,19591,41,50,2022-07-12 01:15:21.119,0,train,44.919933042993115,0
normal,N0586,19592,42,50,2022-07-12 01:15:21.219,0,train,42.61805905118594,0
normal,N0586,19593,43,50,2022-07-12 01:15:21.319,0,train,58.12086536267404,0
normal,N0586,19594,44,50,2022-07-12 01:15:21.419,0,train,59.76610955134501,0
normal,N0586,19595,45,50,2022-07-12 01:15:21.519,0,train,53.71453169876333,0
normal,N0586,19596,46,50,2022-07-12 01:15:21.619,0,train,45.01958961185105,0
normal,N0586,19597,47,50,2022-07-12 01:15:21.719,0,train,45.47873064515912,0
normal,N0586,19598,48,50,2022-07-12 01:15:21.819,0,train,50.945083887547064,0
normal,N0586,19599,49,50,2022-07-12 01:15:21.919,0,train,45.65651800796151,0
normal,N0588,19659,9,42,2022-07-12 01:15:32.136,0,train,47.34462258238522,0
normal,N0588,19660,10,42,2022-07-12 01:15:32.236,0,train,51.06074664386028,0
normal,N0588,19661,11,42,2022-07-12 01:15:32.336,0,train,60.10335241745826,0
normal,N0588,19662,12,42,2022-07-12 01:15:32.436,0,train,49.47975695845034,0
normal,N0588,19663,13,42,2022-07-12 01:15:32.536,0,train,44.33312618773283,0
normal,N0588,19664,14,42,2022-07-12 01:15:32.636,0,train,42.74764112605226,0
normal,N0588,19665,15,42,2022-07-12 01:15:32.736,0,train,41.16827891403505,0
normal,N0588,19666,16,42,2022-07-12 01:15:32.836,0,train,60.429173951089965,0
normal,N0588,19667,17,42,2022-07-12 01:15:32.936,0,train,47.75110556147724,0
normal,N0588,19668,18,42,2022-07-12 01:15:33.036,0,train,50.879828883811165,0
normal,N0588,19669,19,42,2022-07-12 01:15:33.136,0,train,41.674615906566316,0
normal,N0588,19670,20,42,2022-07-12 01:15:33.236,0,train,38.06504750826256,0
normal,N0588,19671,21,42,2022-07-12 01:15:33.336,0,train,53.500803403129616,0
normal,N0588,19672,22,42,2022-07-12 01:15:33.436,0,train,22.405300605836935,0
normal,N0588,19673,23,42,2022-07-12 01:15:33.536,0,train,26.742180594087337,0
normal,N0588,19674,24,42,2022-07-12 01:15:33.636,0,train,32.969369239929584,0
normal,N0588,19675,25,42,2022-07-12 01:15:33.736,0,train,30.006958986764726,0
normal,N0588,19676,26,42,2022-07-12 01:15:33.836,0,train,31.92996058942314,0
normal,N0588,19677,27,42,2022-07-12 01:15:33.936,0,train,38.18083133958396,0
normal,N0588,19678,28,42,2022-07-12 01:15:34.036,0,train,33.9926738279618,0
normal,N0588,19679,29,42,2022-07-12 01:15:34.136,0,train,44.25883288810168,0
normal,N0588,19680,30,42,2022-07-12 01:15:34.236,0,train,54.07216768441999,0
normal,N0588,19681,31,42,2022-07-12 01:15:34.336,0,train,88.68588324758267,0
normal,N0588,19682,32,42,2022-07-12 01:15:34.436,0,train,73.60400801824848,0
normal,N0588,19683,33,42,2022-07-12 01:15:34.536,0,train,93.48932383033745,0
normal,N0588,19684,34,42,2022-07-12 01:15:34.636,0,train,221.87261819908667,1
normal,N0588,19685,35,42,2022-07-12 01:15:34.736,0,train,120.00719695029782,0
normal,N0588,19686,36,42,2022-07-12 01:15:34.836,0,train,104.95761874285,0
normal,N0588,19687,37,42,2022-07-12 01:15:34.936,0,train,139.81884527253206,0
normal,N0588,19688,38,42,2022-07-12 01:15:35.036,0,train,62.838605006016344,0
normal,N0588,19689,39,42,2022-07-12 01:15:35.136,0,train,50.98425289611154,0
normal,N0588,19690,40,42,2022-07-12 01:15:35.236,0,train,46.13326661448759,0
normal,N0588,19691,41,42,2022-07-12 01:15:35.336,0,train,46.79727590673732,0
normal,N0589,19701,9,29,2022-07-12 01:15:40.116,0,train,68.91513321906646,0
normal,N0589,19702,10,29,2022-07-12 01:15:40.216,0,train,50.416259269537086,0
normal,N0589,19703,11,29,2022-07-12 01:15:40.316,0,train,47.954842433799655,0
normal,N0589,19704,12,29,2022-07-12 01:15:40.416,0,train,47.13970491322917,0
normal,N0589,19705,13,29,2022-07-12 01:15:40.516,0,train,68.27442010340663,0
normal,N0589,19706,14,29,2022-07-12 01:15:40.616,0,train,96.41262674765053,0
normal,N0589,19707,15,29,2022-07-12 01:15:40.716,0,train,63.49885651946067,0
normal,N0589,19708,16,29,2022-07-12 01:15:40.816,0,train,58.29897209574701,0
normal,N0589,19709,17,29,2022-07-12 01:15:40.916,0,train,47.32069934600192,0
normal,N0589,19710,18,29,2022-07-12 01:15:41.016,0,train,58.74508370699442,0
normal,N0589,19711,19,29,2022-07-12 01:15:41.116,0,train,50.1573481883601,0
normal,N0589,19712,20,29,2022-07-12 01:15:41.216,0,train,65.43900450980934,0
normal,N0589,19713,21,29,2022-07-12 01:15:41.316,0,train,83.0449984667235,0
normal,N0589,19714,22,29,2022-07-12 01:15:41.416,0,train,83.15086920996507,0
normal,N0589,19715,23,29,2022-07-12 01:15:41.516,0,train,71.41087809839088,0
normal,N0589,19716,24,29,2022-07-12 01:15:41.616,0,train,73.87318935161834,0
normal,N0589,19717,25,29,2022-07-12 01:15:41.716,0,train,41.964533461555334,0
normal,N0589,19718,26,29,2022-07-12 01:15:41.816,0,train,57.39080344134768,0
normal,N0589,19719,27,29,2022-07-12 01:15:41.916,0,train,45.19551653356058,0
normal,N0589,19720,28,29,2022-07-12 01:15:42.016,0,train,61.45033681966979,0
normal,N0590,19730,9,18,2022-07-12 01:15:48.124,0,train,38.407099254800244,0
normal,N0590,19731,10,18,2022-07-12 01:15:48.224,0,train,41.219362418866794,0
normal,N0590,19732,11,18,2022-07-12 01:15:48.324,0,train,30.34943362876304,0
normal,N0590,19733,12,18,2022-07-12 01:15:48.424,0,train,20.817345547111827,0
normal,N0590,19734,13,18,2022-07-12 01:15:48.524,0,train,29.41898877494163,0
normal,N0590,19735,14,18,2022-07-12 01:15:48.624,0,train,30.336733134429934,0
normal,N0590,19736,15,18,2022-07-12 01:15:48.724,0,train,30.98337242943708,0
normal,N0590,19737,16,18,2022-07-12 01:15:48.824,0,train,33.5689431246207,0
normal,N0590,19738,17,18,2022-07-12 01:15:48.924,0,train,36.659688720778824,0
normal,N0593,19804,9,46,2022-07-12 01:16:12.194,0,train,64.53718189877809,0
normal,N0593,19805,10,46,2022-07-12 01:16:12.294,0,train,102.92078574302636,0
normal,N0593,19806,11,46,2022-07-12 01:16:12.394,0,train,102.5940619701825,0
normal,N0593,19807,12,46,2022-07-12 01:16:12.494,0,train,100.42889999537816,0
normal,N0593,19808,13,46,2022-07-12 01:16:12.594,0,train,92.49074513870627,0
normal,N0593,19809,14,46,2022-07-12 01:16:12.694,0,train,65.80383035561773,0
normal,N0593,19810,15,46,2022-07-12 01:16:12.794,0,train,49.31867230774099,0
normal,N0593,19811,16,46,2022-07-12 01:16:12.894,0,train,56.187694065995174,0
normal,N0593,19812,17,46,2022-07-12 01:16:12.994,0,train,56.715828139866886,0
normal,N0593,19813,18,46,2022-07-12 01:16:13.094,0,train,69.72021125197325,0
normal,N0593,19814,19,46,2022-07-12 01:16:13.194,0,train,80.1029454471201,0
normal,N0593,19815,20,46,2022-07-12 01:16:13.294,0,train,68.7999159801031,0
normal,N0593,19816,21,46,2022-07-12 01:16:13.394,0,train,72.93419200087529,0
normal,N0593,19817,22,46,2022-07-12 01:16:13.494,0,train,70.17396067552204,0
normal,N0593,19818,23,46,2022-07-12 01:16:13.594,0,train,91.23410676460162,0
normal,N0593,19819,24,46,2022-07-12 01:16:13.694,0,train,72.94978644424067,0
normal,N0593,19820,25,46,2022-07-12 01:16:13.794,0,train,62.924116351409836,0
normal,N0593,19821,26,46,2022-07-12 01:16:13.894,0,train,54.92432304116385,0
normal,N0593,19822,27,46,2022-07-12 01:16:13.994,0,train,67.28767576439778,0
normal,N0593,19823,28,46,2022-07-12 01:16:14.094,0,train,84.14998292155832,0
normal,N0593,19824,29,46,2022-07-12 01:16:14.194,0,train,100.49762142541888,0
normal,N0593,19825,30,46,2022-07-12 01:16:14.294,0,train,62.504284203205906,0
normal,N0593,19826,31,46,2022-07-12 01:16:14.394,0,train,60.61624845814597,0
normal,N0593,19827,32,46,2022-07-12 01:16:14.494,0,train,83.51698493438508,0
normal,N0593,19828,33,46,2022-07-12 01:16:14.594,0,train,66.26269296959946,0
normal,N0593,19829,34,46,2022-07-12 01:16:14.694,0,train,84.5347386035675,0
normal,N0593,19830,35,46,2022-07-12 01:16:14.794,0,train,96.10800398626158,0
normal,N0593,19831,36,46,2022-07-12 01:16:14.894,0,train,57.47989453217747,0
normal,N0593,19832,37,46,2022-07-12 01:16:14.994,0,train,47.36901384367439,0
normal,N0593,19833,38,46,2022-07-12 01:16:15.094,0,train,89.32317449404,0
normal,N0593,19834,39,46,2022-07-12 01:16:15.194,0,train,61.401497361398945,0
normal,N0593,19835,40,46,2022-07-12 01:16:15.294,0,train,62.37601442523242,0
normal,N0593,19836,41,46,2022-07-12 01:16:15.394,0,train,43.02108532440369,0
normal,N0593,19837,42,46,2022-07-12 01:16:15.494,0,train,44.83923437753414,0
normal,N0593,19838,43,46,2022-07-12 01:16:15.594,0,train,51.189455857213545,0
normal,N0593,19839,44,46,2022-07-12 01:16:15.694,0,train,61.91688551002362,0
normal,N0593,19840,45,46,2022-07-12 01:16:15.794,0,train,60.96861462469063,0
normal,N0594,19850,9,35,2022-07-12 01:16:20.292,0,train,55.72521140644818,0
normal,N0594,19851,10,35,2022-07-12 01:16:20.392,0,train,67.41359431462023,0
normal,N0594,19852,11,35,2022-07-12 01:16:20.492,0,train,39.52477989666622,0
normal,N0594,19853,12,35,2022-07-12 01:16:20.592,0,train,48.77798864743922,0
normal,N0594,19854,13,35,2022-07-12 01:16:20.692,0,train,79.01412006707035,0
normal,N0594,19855,14,35,2022-07-12 01:16:20.792,0,train,101.8082593202779,0
normal,N0594,19856,15,35,2022-07-12 01:16:20.892,0,train,73.5737119584622,0
normal,N0594,19857,16,35,2022-07-12 01:16:20.992,0,train,68.36362448766837,0
normal,N0594,19858,17,35,2022-07-12 01:16:21.092,0,train,36.39527549639224,0
normal,N0594,19859,18,35,2022-07-12 01:16:21.192,0,train,47.473051388971214,0
normal,N0594,19860,19,35,2022-07-12 01:16:21.292,0,train,44.761177848537905,0
normal,N0594,19861,20,35,2022-07-12 01:16:21.392,0,train,33.510244013341676,0
normal,N0594,19862,21,35,2022-07-12 01:16:21.492,0,train,41.02350974147982,0
normal,N0594,19863,22,35,2022-07-12 01:16:21.592,0,train,54.77259685159453,0
normal,N0594,19864,23,35,2022-07-12 01:16:21.692,0,train,62.56633695345776,0
normal,N0594,19865,24,35,2022-07-12 01:16:21.792,0,train,56.889759289949474,0
normal,N0594,19866,25,35,2022-07-12 01:16:21.892,0,train,44.16837814451245,0
normal,N0594,19867,26,35,2022-07-12 01:16:21.992,0,train,44.094745346277364,0
normal,N0594,19868,27,35,2022-07-12 01:16:22.092,0,train,47.38504665077878,0
normal,N0594,19869,28,35,2022-07-12 01:16:22.192,0,train,34.15279949167778,0
normal,N0594,19870,29,35,2022-07-12 01:16:22.292,0,train,35.532083591877985,0
normal,N0594,19871,30,35,2022-07-12 01:16:22.392,0,train,43.50155080635311,0
normal,N0594,19872,31,35,2022-07-12 01:16:22.492,0,train,78.6504149270298,0
normal,N0594,19873,32,35,2022-07-12 01:16:22.592,0,train,69.1177408479626,0
normal,N0594,19874,33,35,2022-07-12 01:16:22.692,0,train,44.169626222334436,0
normal,N0594,19875,34,35,2022-07-12 01:16:22.792,0,train,55.21398136839114,0
normal,N0595,19885,9,22,2022-07-12 01:16:28.277,0,train,20.264230741529584,0
normal,N0595,19886,10,22,2022-07-12 01:16:28.377,0,train,31.966572916967593,0
normal,N0595,19887,11,22,2022-07-12 01:16:28.477,0,train,24.878656702061473,0
normal,N0595,19888,12,22,2022-07-12 01:16:28.577,0,train,18.651700348684027,0
normal,N0595,19889,13,22,2022-07-12 01:16:28.677,0,train,25.693317576713223,0
normal,N0595,19890,14,22,2022-07-12 01:16:28.777,0,train,25.92819957390962,0
normal,N0595,19891,15,22,2022-07-12 01:16:28.877,0,train,18.555262986043456,0
normal,N0595,19892,16,22,2022-07-12 01:16:28.977,0,train,21.461269808388327,0
normal,N0595,19893,17,22,2022-07-12 01:16:29.077,0,train,17.694562156150557,0
normal,N0595,19894,18,22,2022-07-12 01:16:29.177,0,train,23.435092365109142,0
normal,N0595,19895,19,22,2022-07-12 01:16:29.277,0,train,30.260824827302955,0
normal,N0595,19896,20,22,2022-07-12 01:16:29.377,0,train,18.667544790035336,0
normal,N0595,19897,21,22,2022-07-12 01:16:29.477,0,train,23.597502833565144,0
normal,N0598,19965,9,44,2022-07-12 01:16:52.428,0,train,59.86819522006086,0
normal,N0598,19966,10,44,2022-07-12 01:16:52.528,0,train,57.271506112298574,0
normal,N0598,19967,11,44,2022-07-12 01:16:52.628,0,train,70.88602569857167,0
normal,N0598,19968,12,44,2022-07-12 01:16:52.728,0,train,55.85501676932283,0
normal,N0598,19969,13,44,2022-07-12 01:16:52.828,0,train,45.434351757798545,0
normal,N0598,19970,14,44,2022-07-12 01:16:52.928,0,train,89.37260946022865,0
normal,N0598,19971,15,44,2022-07-12 01:16:53.028,0,train,127.90164696470823,0
normal,N0598,19972,16,44,2022-07-12 01:16:53.128,0,train,140.67166591705796,0
normal,N0598,19973,17,44,2022-07-12 01:16:53.228,0,train,103.72490247986326,0
normal,N0598,19974,18,44,2022-07-12 01:16:53.328,0,train,59.905513183621025,0
normal,N0598,19975,19,44,2022-07-12 01:16:53.428,0,train,54.344775803053714,0
normal,N0598,19976,20,44,2022-07-12 01:16:53.528,0,train,66.16201531676074,0
normal,N0598,19977,21,44,2022-07-12 01:16:53.628,0,train,85.20534553891484,0
normal,N0598,19978,22,44,2022-07-12 01:16:53.728,0,train,108.38578991241057,0
normal,N0598,19979,23,44,2022-07-12 01:16:53.828,0,train,81.62240288707719,0
normal,N0598,19980,24,44,2022-07-12 01:16:53.928,0,train,65.66810803144249,0
normal,N0598,19981,25,44,2022-07-12 01:16:54.028,0,train,34.34022913458806,0
normal,N0598,19982,26,44,2022-07-12 01:16:54.128,0,train,37.29791634642164,0
normal,N0598,19983,27,44,2022-07-12 01:16:54.228,0,train,42.269909687189575,0
normal,N0598,19984,28,44,2022-07-12 01:16:54.328,0,train,51.03041309536468,0
normal,N0598,19985,29,44,2022-07-12 01:16:54.428,0,train,55.72937245824873,0
normal,N0598,19986,30,44,2022-07-12 01:16:54.528,0,train,53.80495986476466,0
normal,N0598,19987,31,44,2022-07-12 01:16:54.628,0,train,46.49613959973479,0
normal,N0598,19988,32,44,2022-07-12 01:16:54.728,0,train,33.191134939679436,0
normal,N0598,19989,33,44,2022-07-12 01:16:54.828,0,train,34.70370004271138,0
normal,N0598,19990,34,44,2022-07-12 01:16:54.928,0,train,43.91332695166544,0
normal,N0598,19991,35,44,2022-07-12 01:16:55.028,0,train,51.81694384607802,0
normal,N0598,19992,36,44,2022-07-12 01:16:55.128,0,train,59.46041590937899,0
normal,N0598,19993,37,44,2022-07-12 01:16:55.228,0,train,52.30844932234052,0
normal,N0598,19994,38,44,2022-07-12 01:16:55.328,0,train,47.74388717577036,0
normal,N0598,19995,39,44,2022-07-12 01:16:55.428,0,train,48.61313921009774,0
normal,N0598,19996,40,44,2022-07-12 01:16:55.528,0,train,62.6046995517864,0
normal,N0598,19997,41,44,2022-07-12 01:16:55.628,0,train,73.05703050619607,0
normal,N0598,19998,42,44,2022-07-12 01:16:55.728,0,train,169.63234145376717,1
normal,N0598,19999,43,44,2022-07-12 01:16:55.828,0,train,137.90875475336546,0
