source,segment_id,cycle_id,duration_sec,n_samples,start_elapsed_sec,AI0_Vibration_rms,AI1_Vibration_rms,AI2_Current_rms,AI2_Current_OOD,AI0_expected_rms,AI0_response_residual,AI0_response_z,AI1_expected_rms,AI1_response_residual,AI1_response_z,PORD_raw,PORD,PORD_break,Current_IN,AI0_Gain,AI1_Gain,AI0_GainDev,AI1_GainDev,CNVG,CNVG_break
normal,N0000,1,1.7,18,1.7,0.0735416468687414,0.1651754969247355,155.49395186163716,False,0.0804475777518964,-0.0069059308831549,-0.4463995333866522,0.1558923793680686,0.0092831175566669,0.6427495322342403,0.6427495322342403,0.6427495322342403,False,True,0.7289951834748568,1.305024705869635,0.12734708249585608,0.2531771433934473,0.2531771433934473,False
normal,N0001,1,1.700000000000001,18,8.405,0.0797506453564971,0.1358733177027614,148.7467728205239,False,0.0777249938539999,0.0020256515024972,0.1309381603752194,0.1458414526331467,-0.0099681349303852,-0.6901791369809367,0.6901791369809367,0.6901791369809367,False,True,0.8264021969306572,1.1222076904005809,0.0019326312156120083,0.10225306837640433,0.10225306837640433,False
normal,N0004,1,1.6999999999999955,18,34.033,0.0340112236719978,0.0495045977488735,83.82992740443507,False,0.0515301119700121,-0.0175188882980143,-1.1324213482590928,0.0491381558681476,0.0003664418807259,0.0253719018411487,1.1324213482590928,1.1324213482590928,False,True,0.6253569437435951,0.7254927196903787,0.2806916107471766,0.33394907049627254,0.33394907049627254,False
normal,N0006,1,1.7000000000000028,18,49.357,0.0820246804552006,0.0333411582423953,83.34553111997793,False,0.0513346510942553,0.0306900293609453,1.9838042138194367,0.0484165755549411,-0.0150754173125458,-1.043799926773082,1.9838042138194367,1.9838042138194367,False,True,1.5169352301778476,0.4914563795947583,0.6054330749904984,0.7234269217878811,0.7234269217878811,False
normal,N0010,1,1.7000000000000028,18,82.803,0.0649849241512556,0.1208493001949581,157.31333845218617,False,0.0811817264391172,-0.0161968022878616,-1.0469616777215944,0.1586026263042593,-0.0377533261093012,-2.613985285537288,2.613985285537288,2.613985285537288,False,True,0.6367249644336265,0.9437679069966234,0.2626764120983308,0.07091983320043799,0.2626764120983308,False
normal,N0012,1,1.6999999999999886,18,95.927,0.0555657355920794,0.1408518926376607,139.46223388345433,False,0.0739785487018214,-0.0184128131097419,-1.1902046689423835,0.1320107509346457,0.0088411417030149,0.6121477681760448,1.1902046689423835,1.1902046689423835,False,True,0.6141228542113162,1.2407739941505203,0.2988192110278606,0.20269054482035054,0.2988192110278606,False
normal,N0016,1,1.700000000000017,18,128.605,0.1042134590990477,0.1256958338302339,117.0933049243768,False,0.0649523637694105,0.0392610953296371,2.5378381179789686,0.0986889041692952,0.0270069296609386,1.8699204551368365,2.5378381179789686,2.5378381179789686,False,True,1.3718181877051323,1.3187893521891458,0.5048780758019172,0.2636693294167104,0.5048780758019172,False
normal,N0016,2,1.6999999999999886,18,130.305,0.0843121057928351,0.1037006120398739,116.54637693861358,False,0.0647316704517626,0.0195804353410724,1.2656797972135323,0.097874173586234,0.0058264384536398,0.4034141082247836,1.2656797972135323,1.2656797972135323,False,True,1.1150541754197867,1.0931233093123385,0.2976440630815179,0.07599419123142587,0.2976440630815179,False
normal,N0018,1,1.6999999999999886,18,145.257,0.0878244433932452,0.0850283523737164,105.87022823778116,False,0.060423690721668,0.0274007526715771,1.7711852918874065,0.0819704621611563,0.0030578902125601,0.2117238623500054,1.7711852918874065,1.7711852918874065,False,True,1.278634345142897,0.9866804587369704,0.43453366204163835,0.02645387088283571,0.43453366204163835,False
normal,N0022,1,1.6999999999999886,18,178.715,0.0712608205756228,0.0786568832885378,103.83641298250193,False,0.059603016980601,0.0116578035950218,0.7535606963320068,0.0789407918354367,-0.0002839085468988,-0.0196574140748114,0.7535606963320068,0.7535606963320068,False,True,1.0578058171527103,0.9306227595435843,0.2449378504575627,0.08494611192432351,0.2449378504575627,False
normal,N0023,1,1.6000000000000227,17,185.581,0.0660052444551812,0.03689291207153,82.65252031696382,False,0.051055011256353,0.0149502331988281,0.9663834227268736,0.0473842328877077,-0.0104913208161776,-0.7264037653250134,0.9663834227268736,0.9663834227268736,False,True,1.2309124146326038,0.5483696981425458,0.39649676642988874,0.6138504167505932,0.6138504167505932,False
normal,N0027,1,1.700000000000017,18,226.457,0.0685757205499471,0.0431360395802241,86.22409206875811,False,0.0524961918864157,0.0160795286635314,1.0393811079091622,0.052704620235822,-0.0095685806555978,-0.6625145812264571,1.0393811079091622,1.0393811079091622,False,True,1.225876045400678,0.6146080606302864,0.3923967990384325,0.4998153430276187,0.4998153430276187,False
normal,N0028,1,1.6999999999999886,18,233.925,0.0631379328107209,0.0436788770460047,92.99268093658284,False,0.0552274149576773,0.0079105178530436,0.5113360585549617,0.0627874400920577,-0.0191085630460529,-1.3230490602479177,1.3230490602479177,1.3230490602479177,False,True,1.046517269183421,0.577044503689301,0.23420883614468313,0.5628807149060745,0.5628807149060745,False
normal,N0036,1,1.6000000000000227,17,289.736,0.0596556260356547,0.1200851461461457,147.882941193635,False,0.07737642535396,-0.0177207993183053,-1.1454728813208244,0.1445546469414252,-0.0244695007952795,-1.6942325780282756,1.6942325780282756,1.6942325780282756,False,True,0.6217819880935114,0.9976031784284484,0.286424677610267,0.015444527448998177,0.286424677610267,False
normal,N0041,1,1.6999999999999886,18,322.877,0.0632495082066958,0.0607183700753825,94.21222004952914,False,0.0557195165502881,0.0075299916564076,0.4867388363276117,0.0646041249910214,-0.0038857549156388,-0.2690440080240202,0.4867388363276117,0.4867388363276117,False,True,1.0347959595459795,0.7917707974131452,0.22294533827671606,0.2465281551591683,0.2465281551591683,False
normal,N0041,2,1.6999999999999886,18,324.577,0.0588480523249873,0.0458649004589687,92.59519374418804,False,0.0550670231519997,0.0037810291729875,0.2444058139446481,0.0621953237980501,-0.0163304233390813,-1.130694715251502,1.130694715251502,1.130694715251502,False,True,0.979599281787074,0.6085252778020825,0.1681293844554944,0.5097616551491394,0.5097616551491394,False
normal,N0042,1,1.599999999999966,17,330.088,0.0660786509449601,0.0406501686191423,82.32904045116751,False,0.0509244824726133,0.0151541684723467,0.9795658035644584,0.0469023615142745,-0.0062521928951321,-0.4328927253429424,0.9795658035644584,0.9795658035644584,False,True,1.2371231198197075,0.6065909274227972,0.40152969096466895,0.5129454691826515,0.5129454691826515,False
normal,N0042,2,1.6999999999999886,18,331.688,0.05659917703907,0.0468479873408547,83.98218825984402,False,0.0515915514176228,0.0050076256214472,0.3236930369867604,0.0493649710590573,-0.0025169837182025,-0.1742722848914116,0.3236930369867604,0.3236930369867604,False,True,1.0387899494118082,0.6853151992123128,0.22679759709827726,0.3909212306207726,0.3909212306207726,False
normal,N0043,1,1.6000000000000227,17,336.88,0.0647812832868732,0.179476237826332,170.69737948759288,False,0.0865823797180277,-0.0218010964311545,-1.4092233818793645,0.1785401461246709,0.0009360917016611,0.0648136253471174,1.4092233818793645,1.4092233818793645,False,True,0.5849617945170185,1.2917150393363703,0.34746767087073005,0.2429259943419081,0.34746767087073005,False
normal,N0043,2,1.6999999999999886,18,338.48,0.0707018700978505,0.1893305510075786,176.08797958982814,False,0.0887575644802692,-0.0180556943824187,-1.167120506077448,0.1865702467570515,0.002760304250527,0.1911194439820794,1.167120506077448,1.167120506077448,False,True,0.6188793612884297,1.320923300798363,0.29110384667201683,0.2652861334818462,0.29110384667201683,False
normal,N0049,1,1.6000000000000227,17,378.015,0.0728052027273907,0.11004097882527,126.70357884600692,False,0.0688302476782223,0.0039749550491684,0.2569411871048267,0.1130048365760478,-0.0029638577507777,-0.2052131917206117,0.2569411871048267,0.2569411871048267,False,True,0.8856830687249038,1.0669699188397084,0.06734496891618293,0.05177795074181429,0.06734496891618293,False
normal,N0051,1,1.6999999999999886,18,390.165,0.0460119929879398,0.0457726850807334,84.75012326952684,False,0.0519014242517737,-0.0058894312638339,-0.3806929742811383,0.0505089244761034,-0.0047362393953699,-0.3279303140718271,0.3806929742811383,0.3806929742811383,False,True,0.8368266749196117,0.6635179306822553,0.010602762644089566,0.4232442300879312,0.4232442300879312,False
normal,N0051,2,1.6999999999999886,18,391.865,0.0561557630450042,0.0437069992316257,83.35041789290891,False,0.0513366229774992,0.004819140067505,0.311509326383,0.0484238551300643,-0.0047168558984385,-0.326588228989991,0.326588228989991,0.326588228989991,False,True,1.0384637959559266,0.644213499958985,0.22648357339338449,0.4527699150455998,0.4527699150455998,False
normal,N0052,1,1.7000000000000457,18,397.412,0.1153700352505893,0.1562599798798641,126.03733756875228,False,0.068561409729427,0.0468086255211623,3.025710645625709,0.1120123710990441,0.04424760878082,3.063639954223219,3.063639954223219,3.063639954223219,True,True,1.4109077333404998,1.5231236313791214,0.532974351291167,0.4077184179328414,0.532974351291167,False
normal,N0053,1,1.6000000000000227,17,403.621,0.0707908981317098,0.1665688674696374,169.42227918460696,False,0.0860678583851924,-0.0152769602534825,-0.987503067161528,0.1766406945691548,-0.0100718270995173,-0.6973586316710731,0.987503067161528,0.987503067161528,False,True,0.6440383244961441,1.207841439921143,0.25125597303125324,0.17579000365125322,0.25125597303125324,False
normal,N0053,2,1.6999999999999886,18,405.221,0.0800994521929526,0.1618703287025691,173.07959510333174,False,0.0875436380212694,-0.0074441858283167,-0.4811923455981604,0.182088810607217,-0.0202184819046478,-1.3998982246396203,1.3998982246396203,1.3998982246396203,False,True,0.7133267071377577,1.1489681521553718,0.14907467720685724,0.1258194516992562,0.14907467720685724,False
normal,N0054,1,1.599999999999966,17,410.127,0.045846489453777,0.044747092731063,82.19076413132436,False,0.0508686859864713,-0.0050221965326942,-0.3246349010296704,0.0466963783691038,-0.0019492856380408,-0.1349656970725173,0.3246349010296704,0.3246349010296704,False,True,0.8597810672335782,0.6688495182212615,0.03766357640161763,0.41524100845204454,0.41524100845204454,False
normal,N0054,2,1.7000000000000457,18,411.727,0.0260567476598886,0.0460179867316393,83.73901347196451,False,0.0514934268891612,-0.0254366792292726,-1.6442275387595169,0.0490027260434939,-0.0029847393118546,-0.2066590005808927,1.6442275387595169,1.6442275387595169,False,True,0.4796198799787242,0.6751284150298265,0.5460203339923368,0.4058971906173252,0.5460203339923368,False
normal,N0056,1,1.6999999999999886,18,425.625,0.0550745188671171,0.0446590974762017,86.6045177088521,False,0.0526496991100651,0.002424819757052,0.1567404056613197,0.0532713208099985,-0.0086122233337967,-0.5962977938719786,0.5962977938719786,0.5962977938719786,False,True,0.9802006211498102,0.6335136944557267,0.16874305871959283,0.46951849122054323,0.46951849122054323,False
normal,N0056,2,1.6000000000000227,17,427.325,0.0504540710920804,0.0450567649370018,85.01376642215195,False,0.0520078080601407,-0.0015537369680603,-0.1004335938605378,0.0509016601653525,-0.0058448952283507,-0.4046920284104965,0.4046920284104965,0.4046920284104965,False,True,0.9147696903594379,0.6511144918971972,0.09965812161482454,0.44211461032930627,0.44211461032930627,False
normal,N0058,1,1.6999999999999886,18,439.829,0.0757017484305643,0.0514767129384194,85.91977879122784,False,0.0523733970970272,0.023328351333537,1.5079451743967194,0.0522513003463862,-0.0007745874079667,-0.0536313033963082,1.5079451743967194,1.5079451743967194,False,True,1.3580556573503075,0.7360448351981109,0.4947950846198803,0.3195090736221965,0.4947950846198803,False
normal,N0058,2,1.6999999999999886,18,441.529,0.0674368971430164,0.0528965830029586,86.35427384651084,False,0.0525487221082683,0.014888175034748,0.96237198155306,0.0528985453565934,-1.96235363487951e-06,-0.0001358705061327,0.96237198155306,0.96237198155306,False,True,1.203700808285522,0.7525413960030725,0.37414188943341736,0.29734410147472246,0.37414188943341736,False
normal,N0059,1,1.6999999999999886,18,446.452,0.0709455436819912,0.1590953938305918,173.48596801837354,False,0.0877076153439834,-0.0167620716619921,-1.0835007032518285,0.1826941635067404,-0.0235987696761486,-1.633944424171899,1.633944424171899,1.633944424171899,False,True,0.6303265153405418,1.1266262477055178,0.2727762440080199,0.10618271646295788,0.2727762440080199,False
normal,N0059,2,1.6000000000000227,17,448.152,0.0583042641397895,0.1668870420485242,169.5286384714518,False,0.0861107758889359,-0.0278065117491463,-1.7974135681269086,0.1767991325464401,-0.0099120904979159,-0.6862987021448923,1.7974135681269086,1.7974135681269086,False,True,0.5301051866119733,1.2093893944469758,0.44593875529165433,0.17707077064745683,0.44593875529165433,False
normal,N0060,1,1.7000000000000457,18,453.828,0.0923402958448922,0.1122194000711701,113.21864197554385,False,0.0633888814770348,0.0289514143678573,1.871420100108333,0.0929170174024056,0.0193023826687644,1.3364688484898628,1.871420100108333,1.871420100108333,False,True,1.257124033808186,1.2176896481219757,0.41756767073887247,0.18391050341914503,0.41756767073887247,False
normal,N0060,2,1.599999999999966,17,455.528,0.0849205171512473,0.1076550577093884,107.75646165882767,False,0.0611848130675437,0.0237357040837036,1.5342764656700885,0.0847802873939504,0.022874770315438,1.58381576345054,1.58381576345054,1.58381576345054,False,True,1.2147142242486726,1.2273762874152938,0.38324991427673544,0.19183396252158325,0.38324991427673544,False
normal,N0061,1,1.599999999999966,17,461.141,0.0582358506859618,0.0318534218957804,81.94049914493641,False,0.0507677004608175,0.0074681502251443,0.4827414047681327,0.0463235714482893,-0.0144701495525088,-1.0018920690662894,1.0018920690662894,1.0018920690662894,False,True,1.0954602611958646,0.4775777679085016,0.27991567634321757,0.7520730964940754,0.7520730964940754,False
normal,N0062,1,1.7000000000000457,18,467.905,0.0698397657347795,0.2014904846745595,185.9420528880698,False,0.0927338249480896,-0.02289405921331,-1.4798725216142092,0.201249354597183,0.0002411300773764,0.0166954951820009,1.4798725216142092,1.4798725216142092,False,True,0.5789352073332706,1.3312619916471866,0.3578236405737691,0.27308252934222954,0.3578236405737691,False
normal,N0063,1,1.6999999999999886,18,474.16,0.0784836569930326,0.1231207424455088,149.97474903101144,False,0.0782204999369571,0.0002631570560754,0.017010478243568,0.1476707058438042,-0.0245499633982953,-1.6998036914107255,1.6998036914107255,1.6998036914107255,False,True,0.8066142612954817,1.008555250391012,0.02616864441634118,0.004525967270265564,0.02616864441634118,False
normal,N0064,1,1.599999999999966,17,481.148,0.0767870521576315,0.0573583500783092,82.88612148414822,False,0.0511492726910105,0.0256377794666209,1.6572266627929204,0.0477322165712969,0.0096261335070123,0.6664994567921885,1.6572266627929204,1.6572266627929204,False,True,1.427943376895747,0.8501615218502719,0.5449762826265921,0.1753737507466371,0.5449762826265921,False
normal,N0065,1,1.6000000000000227,17,487.018,0.0707850320406793,0.1608958450439655,144.15173414056525,False,0.0758708295811925,-0.0050857975405131,-0.3287460716587533,0.1389964590684323,0.0218993859755331,1.516281573088788,1.516281573088788,1.516281573088788,False,True,0.7568788519659639,1.371233991719917,0.08981100385527997,0.30266622941193644,0.30266622941193644,False
normal,N0065,2,1.6999999999999886,18,488.618,0.0637168614619047,0.1392404221004885,152.21746482480492,False,0.0791254680533409,-0.0154086065914362,-0.9960126895178588,0.1510115645928187,-0.0117711424923301,-0.8150167532214662,0.9960126895178588,0.9960126895178588,False,True,0.6452005068907569,1.1237959415990315,0.24945307556785445,0.10366735946708504,0.24945307556785445,False
normal,N0067,1,1.6999999999999886,18,507.005,0.119109472963134,0.1371051123394423,131.53453978847585,False,0.0707796099810733,0.0483298629820607,3.12404347058516,0.1202012714410713,0.0169038408983709,1.170397311470761,3.12404347058516,3.12404347058516,True,True,1.3957617815903938,1.2805615336259566,0.5221814177481909,0.2342538509740451,0.5221814177481909,False
normal,N0067,2,1.6999999999999886,18,508.705,0.0660849069976563,0.1147168525207947,130.87441293988715,False,0.0705132392922883,-0.004428332294632,-0.2862475028278413,0.1192179143150057,-0.0045010617942109,-0.3116469596691488,0.3116469596691488,0.3116469596691488,False,True,0.7783095253842478,1.0768596120581597,0.061889914856761846,0.06100420985418872,0.061889914856761846,False
normal,N0068,1,1.6999999999999318,18,514.187,0.0840133180774863,0.1592417507263371,172.82957921098216,False,0.0874427530086468,-0.0034294349311605,-0.2216787539510637,0.181716374749022,-0.0224746240226849,-1.5561102172348111,1.5561102172348111,1.5561102172348111,False,True,0.7492640127067398,1.13194541269408,0.09992279911916592,0.1108929277138175,0.1108929277138175,False
normal,N0068,2,1.7000000000000457,18,515.887,0.0909287379034935,0.1441327602871741,172.6335764814535,False,0.0873636630849755,0.003565074818518,0.2304465194340144,0.1814243995305888,-0.0372916392434146,-2.582018759714922,2.582018759714922,2.582018759714922,False,True,0.8118591769924809,1.0257087223011954,0.019687309680198252,0.012338981147103092,0.019687309680198252,False
normal,N0071,1,1.6000000000000227,17,533.961,0.0704019935316841,0.1575675712226345,167.61444637971,False,0.0853383718168488,-0.0149363782851646,-0.965487840784462,0.1739476587151648,-0.0163800874925303,-1.1341333888655396,1.1341333888655396,1.1341333888655396,False,True,0.6474083837498537,1.154893684833416,0.24603691616764234,0.13096346307104817,0.24603691616764234,False
normal,N0071,2,1.6999999999999318,18,535.561,0.0670052910995343,0.1465911339351357,170.6306637205633,False,0.0865554589453694,-0.0195501678458351,-1.2637233056153216,0.1784407630665969,-0.0318496291314611,-2.20522190967826,2.20522190967826,2.20522190967826,False,True,0.6052807014559847,1.0554489615005864,0.3133218876729535,0.040921403426819145,0.3133218876729535,False
normal,N0072,1,1.6999999999999318,18,540.465,0.036742931718601,0.0602302315960275,83.66594283070147,False,0.0514639418332438,-0.0147210101146428,-0.9515664372178858,0.0488938764550461,0.0113363551409813,0.7849127105876238,0.9515664372178858,0.9515664372178858,False,True,0.67690840287482,0.8844075397487652,0.20147824225369687,0.1358821336677239,0.20147824225369687,False
normal,N0072,2,1.6000000000000227,17,542.165,0.0307345469014152,0.0447637453631973,81.90600537243068,False,0.0507537817269244,-0.0200192348255092,-1.2940438061237092,0.0462721878436519,-0.0015084424804545,-0.1044423592393419,1.2940438061237092,1.2940438061237092,False,True,0.5783834780583481,0.6714246536557302,0.3587771019214228,0.41139830423930507,0.41139830423930507,False
normal,N0073,1,1.6999999999999318,18,547.214,0.0770371726408751,0.0819288135327791,103.6922875163066,False,0.0595448602796821,0.017492312361193,1.1307034790830073,0.0787260955167917,0.0032027180159873,0.221751528415758,1.1307034790830073,1.1307034790830073,False,True,1.1451402742229428,0.9706816572399614,0.3242682112701402,0.04280154377040898,0.3242682112701402,False
normal,N0073,2,1.7000000000000457,18,548.914,0.0605615823342928,0.0937300809701275,106.5518347530776,False,0.0606987287652622,-0.0001371464309693,-0.0088651484971704,0.082985816445598,0.0107442645245294,0.7439172191008865,0.7439172191008865,0.7439172191008865,False,True,0.8760746028203423,1.0806988082579465,0.05643704289460294,0.06456304767353835,0.06456304767353835,False
normal,N0074,1,1.6999999999999318,18,555.017,0.0931285549657031,0.1636473825041037,183.27025094086488,False,0.0916557143902544,0.0014728405754487,0.0952044491549975,0.1972693082018012,-0.0336219256976975,-2.327933141328088,2.327933141328088,2.327933141328088,False,True,0.7832415150386403,1.0969926089584707,0.05557311069679888,0.07952761486399176,0.07952761486399176,False
normal,N0075,1,1.6000000000000227,17,560.665,0.0983645317940304,0.1078055487753979,109.87025368423966,False,0.0620377585869706,0.0363267732070597,2.34816346752457,0.087929095014264,0.0198764537611338,1.3762166943872418,2.34816346752457,2.34816346752457,False,True,1.3799495553655767,1.2054455556839525,0.5107880159472582,0.1738044254513096,0.5107880159472582,False
normal,N0075,2,1.7000000000000457,18,562.265,0.1019333564513817,0.0993955062576886,110.19128321169067,False,0.0621672986239048,0.0397660578274768,2.570478905618946,0.0884073162442767,0.0109881900134119,0.7608062645020827,2.570478905618946,2.570478905618946,False,True,1.425850175194865,1.1081693194971236,0.5435093215181239,0.08966456317788002,0.5435093215181239,False
normal,N0076,1,1.7000000000000457,18,568.733,0.0906679096023872,0.1660955170725902,180.76961720115267,False,0.0906466726688487,2.1236933538518188e-05,0.0013727558793379,0.1935442423104752,-0.0274487252378849,-1.9005097370986432,1.9005097370986432,1.9005097370986432,False,True,0.7730951943486608,1.1288054182310405,0.06861201722514132,0.10811509263425297,0.10811509263425297,False
normal,N0076,2,1.7000000000000457,18,570.433,0.0690092874349371,0.1656284503558424,179.96444196644268,False,0.0903217728676653,-0.0213124854327281,-1.3776395555429102,0.1923448140392627,-0.0267163636834202,-1.849802090267166,1.849802090267166,1.849802090267166,False,True,0.5910519412069681,1.1306673392409106,0.3371103069247037,0.10976319520611497,0.3371103069247037,False
normal,N0078,1,1.7000000000000457,18,581.972,0.0551909458355464,0.0914409936525553,107.67481626625954,False,0.0611518679760041,-0.0059609221404577,-0.3853141462138166,0.0846586644380534,0.0067823292145018,0.469598591579715,0.469598591579715,0.469598591579715,False,True,0.7900571477525857,1.0433100961461956,0.04690892568036222,0.029353614668892292,0.04690892568036222,False
normal,N0078,2,1.6000000000000227,17,583.672,0.0429581599808601,0.0943448623446106,105.70049350841586,False,0.060355200314304,-0.0173970403334438,-1.1245450929868257,0.0817176170359822,0.0126272453086283,0.8742920647061161,1.1245450929868257,1.1245450929868257,False,True,0.6264313226801281,1.0965485195238773,0.27897505974704645,0.07912270844587713,0.27897505974704645,False
normal,N0079,1,1.7000000000000457,18,589.747,0.0996961592233566,0.1591546221896597,175.18155346280352,False,0.0883918084860926,0.011304350737264,0.7307134953612967,0.1852199902220122,-0.0260653680323524,-1.804728100020233,1.804728100020233,1.804728100020233,False,True,0.8771924061713953,1.1161369748751513,0.05771215215836294,0.09682876486808623,0.09682876486808623,False
normal,N0084,1,1.6000000000000227,17,629.937,0.0860746461317494,0.1927782734017625,173.37945022808154,False,0.0876646338818166,-0.0015899877500672,-0.102776845255109,0.1825354894149952,0.0102427839867672,0.7091954374253179,0.7091954374253179,0.7091954374253179,False,True,0.7652131655219713,1.365988608041788,0.07885976469977467,0.29883359256361225,0.29883359256361225,False
normal,N0086,1,1.6000000000000227,17,644.232,0.0592997983024047,0.0335098611702146,82.7168122331135,False,0.0510809539702795,0.0082188443321252,0.5312662893553434,0.0474800052593804,-0.0139701440891658,-0.967272419394022,0.967272419394022,0.967272419394022,False,True,1.1050049822131929,0.49769749196237884,0.2885909152791288,0.7108076612877786,0.7108076612877786,False
normal,N0089,1,1.7000000000000457,18,670.175,0.0785132591148357,0.187709845307562,178.05947158362383,False,0.0895530898879149,-0.0110398307730792,-0.7136149187057524,0.1895070773150348,-0.0017972320074727,-0.1244377252650328,0.7136149187057524,0.7136149187057524,False,True,0.6796459515965091,1.295115748265962,0.19744220428913983,0.2455552431547523,0.2455552431547523,False
normal,N0089,2,1.6000000000000227,17,671.875,0.1012812364176806,0.1858000523092435,173.8385972615769,False,0.0878499063212382,0.0134313300964424,0.8682014907561357,0.1832194572134037,0.0025805950958397,0.1786766439843014,0.8682014907561357,0.8682014907561357,False,True,0.898023278599267,1.3130650316205543,0.08118178322997352,0.2593192942244272,0.2593192942244272,False
normal,N0091,1,1.6000000000000227,17,684.737,0.0478841288135776,0.048739750981164,81.87369182052467,False,0.0507407427434371,-0.0028566139298595,-0.1846515910643666,0.0462240520018766,0.0025156989792873,0.1741833314410448,0.1846515910643666,0.1846515910643666,False,True,0.9014715509322918,0.7313504699921288,0.08501427721341659,0.3259073239151251,0.3259073239151251,False
normal,N0094,1,1.599999999999909,17,711.407,0.0865382337881729,0.1469982909296407,151.03986220777497,False,0.0786502884406894,0.0078879453474834,0.5098769712689877,0.1492573503420187,-0.0022590594123779,-0.1564139818042617,0.5098769712689877,0.5098769712689877,False,True,0.8831231216594341,1.1956589455378286,0.0644504190590621,0.16565262336526088,0.16565262336526088,False
normal,N0096,1,1.599999999999909,17,725.224,0.0333976804249143,0.0387691517552748,81.81106784133387,False,0.0507154730660907,-0.0173177926411764,-1.1194225203099943,0.0461307642703876,-0.0073616125151128,-0.5097073231804913,1.1194225203099943,1.1194225203099943,False,True,0.629229466829176,0.5821847838622914,0.2745182051503645,0.5540122124992888,0.5540122124992888,False
normal,N0100,1,1.6999999999999318,18,758.873,0.070947377929389,0.0650569367255415,94.415075409378,False,0.0558013716089669,0.015146006320422,0.9790382018736392,0.0649063082215542,0.0001506285039872,0.0104292981197242,0.9790382018736392,0.9790382018736392,False,True,1.1582433467073925,0.8465232265576159,0.33564557256444866,0.17966246834451852,0.33564557256444866,False
normal,N0100,2,1.6000000000000227,17,760.573,0.0736219898527766,0.0583397114362985,91.97331655918634,False,0.0548160867532413,0.0188059030995353,1.2156140150525103,0.0612689452350262,-0.0029292337987276,-0.2028158797347949,1.2156140150525103,1.2156140150525103,False,True,1.2338163271745688,0.7792719462754606,0.3988531424775831,0.26244002630291347,0.3988531424775831,False
normal,N0102,1,1.6999999999999318,18,772.845,0.0812014924989409,0.0882512016021437,106.79407604016548,False,0.0607964766127126,0.0204050158862282,1.3189807028879743,0.0833466708728865,0.0049045307292572,0.339582560795491,1.3189807028879743,1.3189807028879743,False,True,1.1719839336519637,1.0152197955626066,0.34743905410207876,0.00206030750042077,0.34743905410207876,False
normal,N0103,1,1.6999999999999318,18,780.47,0.0735206255534987,0.0823502593681404,94.67171780678436,False,0.055904930511797,0.0176156950417017,1.1386789384293232,0.0652886152446357,0.0170616441235046,1.1813233768276383,1.1813233768276383,1.1813233768276383,False,True,1.1969988833344543,1.0686397552982754,0.3685585652178502,0.053341754108209315,0.3685585652178502,False
normal,N0104,1,1.599999999999909,17,788.652,0.030037664272396,0.0489143478054782,82.17638117890763,False,0.0508628822580663,-0.0208252179856703,-1.3461425763982615,0.0466749528222061,0.002239394983272,0.1550524453880371,1.3461425763982615,1.3461425763982615,False,True,0.5634092277552102,0.7312668188295437,0.38500797345152304,0.32602170949406717,0.38500797345152304,False
normal,N0107,1,1.6000000000000227,17,814.117,0.0646555275190351,0.0799753184069567,103.5439713284845,False,0.0594850125622432,0.0051705149567918,0.3342222074232668,0.0785051564949695,0.0014701619119872,0.1017918684612293,0.3342222074232668,0.3342222074232668,False,True,0.9624665628721242,0.9488941575608878,0.1504851182327324,0.06550284598910922,0.1504851182327324,False
normal,N0107,2,1.7000000000000457,18,815.717,0.0644354650401814,0.0885565918905971,108.10621919945072,False,0.0613259452714567,0.0031095197687246,0.2009994303883185,0.0853013032724928,0.0032552886181042,0.2253914403002791,0.2253914403002791,0.2253914403002791,False,True,0.9187113827282436,1.0063680213113713,0.10395780978643114,0.006696997769995527,0.10395780978643114,False
normal,N0108,1,1.599999999999909,17,820.767,0.0886640455828496,0.1972125641900428,178.7679028382667,False,0.0898389521000934,-0.0011749065172438,-0.0759459846825123,0.1905623910385563,0.0066501731514864,0.4604482983547761,0.4604482983547761,0.4604482983547761,False,True,0.7644741543285286,1.3552881692665726,0.07982598994247132,0.290969273862919,0.290969273862919,False
normal,N0108,2,1.7000000000000457,18,822.367,0.1102686575145247,0.1963805228785572,183.822866534575,False,0.0918787027396066,0.0183899547749181,1.1887271056461346,0.1980925113228555,-0.0017119884442982,-0.1185355851680291,1.1887271056461346,1.1887271056461346,False,True,0.9246073938545358,1.312458230059107,0.11035500088388432,0.25885706135747283,0.25885706135747283,False
normal,N0113,1,1.7000000000000457,18,860.591,0.0765196760930735,0.183749052817211,174.8203487959131,False,0.0882460572018998,-0.0117263811088263,-0.7579935484240876,0.1846819221462867,-0.0009328693290756,-0.0645905129649501,0.7579935484240876,0.7579935484240876,False,True,0.6746615343331533,1.2912779630481028,0.20480307295559658,0.24258756811153476,0.24258756811153476,False
normal,N0113,2,1.599999999999909,17,862.291,0.0754554549273551,0.1894178663514021,171.93363396850205,False,0.0870812262023016,-0.0116257712749465,-0.7514901264151,0.180381731050404,0.009036135300998,0.6256488407550844,0.7514901264151,0.7514901264151,False,True,0.6764482980650989,1.353464005779048,0.2021581883863425,0.2896224073757678,0.2896224073757678,False
normal,N0126,1,1.7000000000000457,18,949.707,0.0441083589224688,0.0543622706975057,83.76079520354945,False,0.0515022161314979,-0.0073938572090291,-0.4779391024733595,0.0490351731724327,0.005327097525073,0.3688404699720542,0.4779391024733595,0.4779391024733595,False,True,0.8116801349623064,0.7973397392221516,0.01990786735882263,0.23951924737289243,0.23951924737289243,False
normal,N0126,2,1.599999999999909,17,951.407,0.0362008148624569,0.0473226828953279,82.9906107913648,False,0.0511914356310476,-0.0149906207685907,-0.9689940761784755,0.0478878689357913,-0.0005651860404634,-0.0391326578507366,0.9689940761784755,0.9689940761784755,False,True,0.6723481195374214,0.7005304381968642,0.20823796603694533,0.3689622909501438,0.3689622909501438,False
normal,N0127,1,1.7000000000000457,18,956.266,0.0889805718017515,0.153324849898834,115.12365731263628,False,0.064157582596482,0.0248229892052695,1.6045586012919788,0.0957548210927104,0.0575700288061235,3.986064903301049,3.986064903301049,3.986064903301049,True,True,1.1913391757333098,1.6361931979889404,0.3638191036714325,0.4793274939855313,0.4793274939855313,False
normal,N0127,2,1.6000000000000227,17,957.966,0.0707007539555438,0.0984573937913068,109.29497391211191,False,0.0618056249152781,0.0088951290402657,0.5749813486657185,0.0870721302284616,0.0113852635628452,0.7882990584479668,0.7882990584479668,0.7882990584479668,False,True,0.9970769199943037,1.1067123532469296,0.18581371098178626,0.08834894755988064,0.18581371098178626,False
normal,N0131,1,1.6000000000000227,17,989.845,0.0277807620369373,0.0360761251766969,81.52829104449077,False,0.0506013685567702,-0.0228206065198329,-1.475124537794363,0.0457095261722006,-0.0096334009955036,-0.6670026471051254,1.475124537794363,1.475124537794363,False,True,0.525219237110748,0.5436234206458389,0.45519843753180955,0.6225433421976034,0.6225433421976034,False
normal,N0131,2,1.599999999999909,17,991.445,0.0415332461706352,0.0342762559644599,83.6030471460756,False,0.051438562518842,-0.0099053163482068,-0.6402798798163813,0.0488001839778989,-0.014523928013439,-1.0056156113349457,1.0056156113349457,1.0056156113349457,False,True,0.7657351415572171,0.5036836845177909,0.07817786570546187,0.6988516469258259,0.6988516469258259,False
normal,N0133,1,1.6999999999999318,18,1005.306,0.0955383559452549,0.1755535283782572,187.21964123394795,False,0.0932493502420581,0.0022890057031967,0.147961382051888,0.2031525124626504,-0.0275989840843932,-1.9109134406731891,1.9109134406731891,1.9109134406731891,False,True,0.7865587449784038,1.151979542347986,0.051346796098857055,0.1284369748347583,0.1284369748347583,False
normal,N0136,1,1.7000000000000457,18,1031.221,0.0745136403374129,0.108291757324061,122.72400317292824,False,0.0672244315909413,0.0072892087464716,0.4711746234124319,0.1070766667020211,0.0012150906220398,0.0841311040359955,0.4711746234124319,0.4711746234124319,False,True,0.9358604132038065,1.0840579554002414,0.12245212671129937,0.06766653707693096,0.12245212671129937,False
normal,N0137,1,1.7000000000000457,18,1037.528,0.0617033049389486,0.0431703145511408,83.99559482790232,False,0.0515969611608798,0.0101063437780688,0.6532742975721683,0.0493849421362289,-0.006214627585088,-0.4302917580157845,0.6532742975721683,0.6532742975721683,False,True,1.1322875324160306,0.6314156120538522,0.31298102295788455,0.4728358059749981,0.4728358059749981,False
normal,N0138,1,1.599999999999909,17,1045.208,0.0606739015276604,0.062061489540616,88.49692723234921,False,0.0534133136022113,0.007260587925449,0.4693245728738758,0.0560903462660059,0.0059711432746101,0.4134332591644262,0.4693245728738758,0.4693245728738758,False,True,1.0567652893339055,0.8615502566272267,0.243953700149639,0.16206671742865636,0.243953700149639,False
normal,N0138,2,1.7000000000000457,18,1046.808,0.0648858610976913,0.0649117423951766,89.14234917626091,False,0.0536737506502184,0.0112121104474728,0.7247510808774408,0.0570517982493961,0.0078599441457805,0.544211079117434,0.7247510808774408,0.7247510808774408,False,True,1.1219430346188957,0.8945936366917651,0.3038031060565363,0.1244305299318191,0.3038031060565363,False
normal,N0139,1,1.599999999999909,17,1052.861,0.0655016980960844,0.0518932014656346,86.8229704827571,False,0.0527378479499077,0.0127638501461766,0.8250555712001802,0.0535967387086759,-0.0017035372430413,-0.1179504363081239,0.8250555712001802,0.8250555712001802,False,True,1.1628474041635932,0.7342812473922284,0.3396127276554863,0.3219079818270011,0.3396127276554863,False
normal,N0145,1,1.599999999999909,17,1094.044,0.0875582709923881,0.152240959394484,151.98673635102557,False,0.0790323657918372,0.0085259052005508,0.5511147110534016,0.1506678602133312,0.0015730991811527,0.1089190949777244,0.5511147110534016,0.5511147110534016,False,True,0.8879659173999599,1.2305873191040175,0.06991915349667874,0.1944467217234549,0.1944467217234549,False
normal,N0145,2,1.7000000000000457,18,1095.644,0.0898242279269166,0.1471195924302175,153.9358835838171,False,0.0798188747666683,0.0100053531602482,0.6467462616803697,0.1535714049263126,-0.006451812496095,-0.4467140956272784,0.6467462616803697,0.6467462616803697,False,True,0.899411493680879,1.174132898688995,0.08272644607842941,0.14748508770531937,0.14748508770531937,False
normal,N0146,1,1.699999999999818,18,1101.005,0.0513510755643064,0.0513224368765206,84.26495137920959,False,0.0517056504078842,-0.0003545748435777,-0.0229197261602834,0.0497861887826072,0.0015362480939133,0.1063675793967954,0.1063675793967954,0.1063675793967954,False,True,0.9393066110071291,0.7482503134325084,0.12612774775062208,0.30306254226430807,0.30306254226430807,False
normal,N0152,1,1.7000000000000457,18,1150.509,0.0611058706326796,0.0457367833101056,82.93738405248651,False,0.0511699578754812,0.0099359127571983,0.6422576324073348,0.0478085797914623,-0.0020717964813567,-0.1434481693405103,0.6422576324073348,0.6422576324073348,False,True,1.135631452554448,0.6774884519272754,0.3159299136226653,0.40240760040151086,0.40240760040151086,False
normal,N0152,2,1.7000000000000457,18,1152.209,0.0582822239423536,0.0548177254595222,83.07224433824805,False,0.0512243759426828,0.0070578479996708,0.4562194593421156,0.0480094742457788,0.0068082512137434,0.4713933930335765,0.4713933930335765,0.4713933930335765,False,True,1.0813965520396354,0.8106841469204943,0.2669943810673089,0.2229215908859631,0.2669943810673089,False
normal,N0154,1,1.699999999999818,18,1165.852,0.0526795526767475,0.0491004797040382,88.08665427436496,False,0.053247762556012,-0.0005682098792644,-0.0367290998506893,0.0554791836724401,-0.0063787039684019,-0.4416521677037913,0.4416521677037913,0.4416521677037913,False,True,0.9218001463950429,0.6847976053990946,0.10731423164811842,0.3916767798516066,0.3916767798516066,False
normal,N0155,1,1.7000000000000457,18,1173.557,0.0992047224371568,0.1990512939445509,183.63514294355005,False,0.0918029535675355,0.0074017688696213,0.4784505123985993,0.1978128691126353,0.0012384248319156,0.0857467307251046,0.4784505123985993,0.4784505123985993,False,True,0.832686182389027,1.3316675605229618,0.005642631907198887,0.2733871328782713,0.2733871328782713,False
normal,N0158,1,1.599999999999909,17,1198.625,0.0847469726969295,0.1114444969707289,114.95809555270888,False,0.0640907760423741,0.0206561966545553,1.3352170336121092,0.0955081922261878,0.0159363047445411,1.1034065180764403,1.3352170336121092,1.3352170336121092,False,True,1.136290673372618,1.190983323863259,0.31651023354573576,0.16173445957826066,0.31651023354573576,False
normal,N0158,2,1.7000000000000457,18,1200.225,0.094112138504493,0.1049046135875083,114.37328335389228,False,0.0638547958992521,0.0302573426052409,1.9558353318371176,0.0946370274730106,0.0102675861144977,0.7109127006076327,1.9558353318371176,1.9558353318371176,False,True,1.2683113014489036,1.126825359671949,0.42642740328716905,0.106359433785218,0.42642740328716905,False
normal,N0159,1,1.599999999999909,17,1205.817,0.0672079841637356,0.0469471480465627,84.52251850999204,False,0.0518095824539471,0.0153984017097885,0.9953530457300934,0.0501698733335942,-0.0032227252870314,-0.2231368027081932,0.9953530457300934,0.9953530457300934,False,True,1.2256126906251614,0.6823754572577276,0.39218194610220686,0.3952200776851965,0.3952200776851965,False
normal,N0159,2,1.7000000000000457,18,1207.417,0.0510479231164207,0.0476665885133392,86.68543341593613,False,0.0526823497630049,-0.0016344266465842,-0.1056493765626258,0.0533918567908359,-0.0057252682774966,-0.3964092326541464,0.3964092326541464,0.3964092326541464,False,True,0.9076883505024975,0.6755454270544342,0.09188688591424068,0.4052797032197551,0.4052797032197551,False
normal,N0160,1,1.599999999999909,17,1212.95,0.0861655534551673,0.1935890219242512,172.6346782658899,False,0.0873641076708605,-0.0011985542156932,-0.0774745724619333,0.1814260408023826,0.0121629811218686,0.8421470889421677,0.8421470889421677,0.8421470889421677,False,True,0.7693260729850014,1.3776512754736667,0.0734993057315739,0.30733524596802275,0.30733524596802275,False
normal,N0164,1,1.6000000000001364,17,1247.012,0.0690320055217356,0.0720920041805241,82.19823872739043,False,0.050871702093613,0.0181603034281225,1.1738824372320318,0.046707512891691,0.025384491288833,1.757585186474771,1.757585186474771,1.757585186474771,False,True,1.2944723783447343,1.0774849182928736,0.44684425380900755,0.061584717051124005,0.44684425380900755,False
normal,N0166,1,1.7000000000000457,18,1261.397,0.0713647630786915,0.1113312076710748,138.38377586975653,False,0.0735433753642296,-0.002178612285538,-0.1408255489592036,0.1304042273169506,-0.0190730196458757,-1.3205880870136046,1.3205880870136046,1.3205880870136046,False,True,0.7948834614294673,0.9883672729126782,0.040818692940267014,0.02474574549547519,0.040818692940267014,False
normal,N0169,1,1.7000000000000457,18,1287.385,0.0683047843830218,0.0458321776799759,84.29451519031232,False,0.051717579831363,0.0165872045516588,1.0721972891606333,0.0498302284764686,-0.0039980507964926,-0.2768192111764086,1.0721972891606333,1.0721972891606333,False,True,1.2489832570804502,0.6679712775517751,0.41107089752315745,0.41655493294904733,0.41655493294904733,False
normal,N0170,1,1.7000000000000457,18,1295.139,0.1019117125176384,0.1938425025694543,171.52103740617423,False,0.0869147375482913,0.014996974969347,0.9694048118635908,0.1797671071025632,0.014075395466891,0.9745598714150558,0.9745598714150558,0.9745598714150558,False,True,0.9158229316848737,1.3884115761504472,0.10080883251464026,0.315115513831027,0.315115513831027,False
normal,N0175,1,1.7000000000000457,18,1328.059,0.0549609086209866,0.1386592829760937,138.8890084321406,False,0.0737472439781582,-0.0187863353571715,-1.214349155729648,0.1311568463652486,0.0075024366108451,0.5194577783596589,1.214349155729648,1.214349155729648,False,True,0.6099452248073755,1.2265003753242054,0.3056450497142816,0.19112006182592978,0.3056450497142816,False
normal,N0175,2,1.599999999999909,17,1329.759,0.0727754473625791,0.1469256802982979,137.69177778062402,False,0.0732641441709609,-0.0004886968083818,-0.0315893730939761,0.1293733932376716,0.0175522870606263,1.2152947788274444,1.2152947788274444,1.2152947788274444,False,True,0.8146699282497571,1.31092038158083,0.016231172257197026,0.2576846429748509,0.2576846429748509,False
normal,N0176,1,1.699999999999818,18,1335.63,0.0891185556504492,0.1311459432250532,161.1649900767106,False,0.0827359233307869,0.0063826323196622,0.4125735020351299,0.1643402342809628,-0.0331942910559096,-2.298324341881297,2.298324341881297,2.298324341881297,False,True,0.8523191425431859,0.9997024764295436,0.028946829688810554,0.013342396742017615,0.028946829688810554,False
normal,N0177,1,1.599999999999909,17,1342.65,0.0642952272535702,0.0683274253098314,83.02578665001707,False,0.0512056295965223,0.0130895976570478,0.8461118979018345,0.0479402686091952,0.0203871567006361,1.41157702172038,1.41157702172038,1.41157702172038,False,True,1.193632253850704,1.0110407721587709,0.3657420439595558,0.0020645611327151396,0.3657420439595558,False
normal,N0184,1,1.7000000000000457,18,1397.885,0.0426664193658197,0.0581511500798661,84.9329818878325,False,0.0519752103373003,-0.0093087909714805,-0.6017204655492268,0.0507813195858582,0.0073698304940078,0.5102763240639141,0.6017204655492268,0.6017204655492268,False,True,0.7743095842144874,0.8411405095850467,0.06704243422790397,0.18604138744960355,0.18604138744960355,False
normal,N0189,1,1.7000000000000457,18,1438.168,0.0911568096654818,0.1425381315176944,137.60071526780325,False,0.0732273991357992,0.0179294105296825,1.1589575148906697,0.1292377420804868,0.0133003894372075,0.9208995832611044,1.1589575148906697,1.1589575148906697,False,True,1.0211116586690905,1.2726148386463232,0.20963296679807605,0.228028882948126,0.228028882948126,False
normal,N0193,1,1.6000000000001364,17,1469.877,0.0841404328611329,0.190950578854998,174.193871186314,False,0.0879932644655734,-0.0038528316044405,-0.2490471247887531,0.1837486905665729,0.007201888288425,0.4986482504752967,0.4986482504752967,0.4986482504752967,False,True,0.744520534050155,1.3467119728384043,0.10627377471446273,0.28462121703296384,0.28462121703296384,False
normal,N0193,2,1.699999999999818,18,1471.477,0.0763643349807719,0.19661104252432,180.04133252475617,False,0.0903527993151168,-0.0139884643343448,-0.9042146608908108,0.192459353962319,0.004151688562001,0.2874568661787481,0.9042146608908108,0.9042146608908108,False,True,0.6537672551314222,1.3415976849404583,0.23626279833885877,0.28081637702651424,0.28081637702651424,False
normal,N0198,1,1.699999999999818,18,1511.429,0.0806742271966566,0.1985688163458704,168.06490549132815,False,0.0855201385546927,-0.004845911358036,-0.3132398232274416,0.1746186845617244,0.0239501317841459,1.658272224523615,1.658272224523615,1.658272224523615,False,True,0.739882213733442,1.45151197840518,0.1125232045535908,0.3595609279776333,0.3595609279776333,False
normal,N0199,1,1.6000000000001364,17,1517.965,0.0689606106505309,0.1250117373835235,126.42288142598854,False,0.0687169822273921,0.0002436284231387,0.0157481469549784,0.1125866960189208,0.0124250413646026,0.8602917582740274,0.8602917582740274,0.8602917582740274,False,True,0.840775838993298,1.2148194011136437,0.01531087596151757,0.1815505957827854,0.1815505957827854,False
normal,N0199,2,1.7000000000000457,18,1519.565,0.068401097915165,0.1196069489141645,127.38836566229716,False,0.0691065690190616,-0.0007054711038965,-0.0456016686128965,0.1140249283918472,0.0055820205223172,0.3864909668266158,0.3864909668266158,0.3864909668266158,False,True,0.8276336042298438,1.1534884729511332,0.0004436579711056387,0.1297459765720138,0.1297459765720138,False
normal,N0203,1,1.7000000000000457,18,1550.809,0.0738101260280578,0.0543345679205338,95.02654449585071,False,0.0560481081900993,0.0177620178379585,1.1481372473927391,0.0658171823737529,-0.011482614453219,-0.7950394922374179,1.1481372473927391,1.1481372473927391,False,True,1.1972251153371598,0.7024540058764112,0.36874754670287774,0.3662201808818929,0.36874754670287774,False
normal,N0203,2,1.7000000000000457,18,1552.509,0.0713693650965018,0.06597122639749,97.98785751280369,False,0.0572430406333411,0.0141263244631607,0.9131259428334296,0.0702284985684472,-0.0042572721709571,-0.2947673214060965,0.9131259428334296,0.9131259428334296,False,True,1.1226499990844894,0.8271207352484565,0.3044330327099252,0.20284943168054867,0.3044330327099252,False
normal,N0204,1,1.6000000000001364,17,1558.368,0.0881113578787394,0.1841056151674263,174.79937640618738,False,0.0882375945406573,-0.0001262366619179,-0.0081599407711879,0.184650680652426,-0.0005450654849997,-0.0377395399101704,0.0377395399101704,0.0377395399101704,False,True,0.7769567145746522,1.2939388969269285,0.06362956703465175,0.2446461457571604,0.2446461457571604,False
normal,N0205,1,1.599999999999909,17,1565.941,0.0683671180569414,0.0577190705053364,95.22230793333772,False,0.0561271015559861,0.0122400165009552,0.7911949521532317,0.0661088011310986,-0.0083897306257622,-0.5808927229847711,0.7911949521532317,0.7911949521532317,False,True,1.1066578747717495,0.744675795517649,0.2900856212747271,0.30785115802228974,0.30785115802228974,False
normal,N0210,1,1.599999999999909,17,1599.929,0.0511984007930394,0.0590759757505735,82.85581134722516,False,0.0511370421143166,6.135867872283235e-05,0.0039662264240001,0.0476870651141201,0.0113889106364534,0.7885515765100689,0.7885515765100689,0.7885515765100689,False,True,0.9524413248197512,0.8759403689565094,0.1400142964116806,0.14550209123270358,0.14550209123270358,False
normal,N0212,1,1.7000000000000457,18,1614.415,0.083702769801841,0.1772286089770623,182.9475876252492,False,0.0915255150962703,-0.0078227452944292,-0.5056624383185964,0.1967886532013131,-0.0195600442242508,-1.3543089591264796,1.3543089591264796,1.3543089591264796,False,True,0.7052091706693461,1.1901282232412174,0.1605197526606598,0.1610162230388255,0.1610162230388255,False
normal,N0216,1,1.699999999999818,18,1648.592,0.0969930681827315,0.1854094078797873,183.22130355214568,False,0.0916359634140969,0.0053571047686345,0.3462833772134917,0.1971963937860307,-0.0117869859062434,-0.816113728113743,0.816113728113743,0.816113728113743,False,True,0.8159612563699877,1.243204034998571,0.014647333554300753,0.20464711737836136,0.20464711737836136,False
normal,N0217,1,1.7000000000000457,18,1654.645,0.0989342947530217,0.0857768201393722,101.36834502480232,False,0.0586071160211626,0.040327178731859,2.606749773967874,0.0752642375201455,0.0105125826192266,0.7278759015853543,2.606749773967874,2.606749773967874,False,True,1.504351471675487,1.0395711031387584,0.597102961028808,0.025763398361875058,0.597102961028808,False
normal,N0221,1,1.6000000000001364,17,1688.994,0.0990126705248908,0.1757516833379346,179.20925732763533,False,0.0900170449917593,0.0089956255331314,0.5814774443089092,0.1912198541960837,-0.0154681708581491,-1.070993609948902,1.070993609948902,1.070993609948902,False,True,0.8515990009470688,1.2048297037448177,0.0281015524180148,0.1732934033594325,0.1732934033594325,False
normal,N0222,1,1.7000000000000457,18,1694.989,0.0803821056558402,0.1111199866595664,115.17556126639296,False,0.0641785265892045,0.0162035790666356,1.0473997288596308,0.0958321397518541,0.0152878469077122,1.0585082423892984,1.0585082423892984,1.0585082423892984,False,True,1.0757314117164962,1.1852731761463695,0.26174188474552396,0.15692844751026885,0.26174188474552396,False
normal,N0222,2,1.699999999999818,18,1696.689,0.0831909656716935,0.0990909837007271,115.18807673350094,False,0.0641835767603969,0.0190073889112966,1.2286380626249611,0.0958507834016208,0.0032402002991063,0.2243467470796072,1.2286380626249611,1.2286380626249611,False,True,1.1132006406481016,1.0568496927568376,0.2959803977001327,0.04224766613000953,0.2959803977001327,False
normal,N0227,1,1.7000000000000457,18,1735.205,0.0857628897863172,0.1823575515758045,176.83632608087947,False,0.0890595330650909,-0.0032966432787737,-0.2130950984430544,0.1876850201620643,-0.0053274685862597,-0.3688661617079189,0.3688661617079189,0.3688661617079189,False,True,0.7475370661263159,1.2668899230447848,0.10223031662583185,0.22352018866563936,0.22352018866563936,False
normal,N0228,1,1.7000000000000457,18,1743.205,0.0814819268491826,0.1919829124855762,173.32609396168394,False,0.0876431038600311,-0.0061611770108484,-0.3982586257073597,0.1824560073201607,0.0095269051654155,0.6596290310158898,0.6596290310158898,0.6596290310158898,False,True,0.7246063732758519,1.3607716059255652,0.13338563345196305,0.29500706725696074,0.29500706725696074,False
normal,N0228,2,1.7000000000000457,18,1744.905,0.0877590650547154,0.1964077186226538,176.05870096009966,False,0.0887457501315814,-0.0009866850768659,-0.0637793463857133,0.186526631883264,0.0098810867393897,0.6841520470833158,0.6841520470833158,0.6841520470833158,False,True,0.7683149852364929,1.3705272366156247,0.07481442136122828,0.3021506811485488,0.3021506811485488,False
normal,N0229,1,1.7000000000000457,18,1750.473,0.0751975611410074,0.1338938655349411,139.92173370795277,False,0.0741639634974927,0.0010335976435146,0.0668117757882485,0.1326952442677264,0.0011986212672147,0.0829907899071012,0.0829907899071012,0.0829907899071012,False,True,0.8283681396503862,1.1756068689996804,0.0004434612259944022,0.14873966961629148,0.14873966961629148,False
normal,N0233,1,1.699999999999818,18,1776.726,0.0375431528207504,0.0671725551140907,83.15650476058131,False,0.0512583762363873,-0.0137152234156368,-0.8865523615314446,0.0481349926774618,0.0190375624366288,1.3181330815137071,1.3181330815137071,1.3181330815137071,False,True,0.6958879616132394,0.9923897142395312,0.17382553476926624,0.020684220651742385,0.17382553476926624,False
normal,N0233,2,1.6000000000001364,17,1778.426,0.0351364087957039,0.063780277902296,81.2123533025827,False,0.0504738831286209,-0.0153374743329169,-0.9914146986678198,0.0452388899140895,0.0185413879882064,1.2837786857319782,1.2837786857319782,1.2837786857319782,False,False,0.6668683178081563,0.9648302796727503,0.21642160560283624,0.048847898000540096,0.21642160560283624,False
normal,N0235,1,1.7000000000000457,18,1790.289,0.0928995932149328,0.1848152873049497,179.04561452494062,False,0.0899510127645265,0.0029485804504062,0.1905963090978747,0.1909760839017786,-0.0061607965968288,-0.4265645788314107,0.4265645788314107,0.4265645788314107,False,True,0.7997512606790597,1.268121356133612,0.03471345228261819,0.22449172926256067,0.22449172926256067,False
normal,N0235,2,1.599999999999909,17,1791.989,0.0918767395388741,0.1746308743423918,175.18781047198445,False,0.0883943332793938,0.0034824062594802,0.2251028218493481,0.1852293109678341,-0.0105984366254423,-0.7338203078689891,0.7338203078689891,0.7338203078689891,False,True,0.8083631342896259,1.2246267915388365,0.02400282626612712,0.1895913087072909,0.1895913087072909,False
normal,N0241,1,1.7000000000000457,18,1830.78,0.0696616010100096,0.1996823442459436,176.3296827720749,False,0.0888550951946679,-0.0191934941846582,-1.2406679118364696,0.1869302995971432,0.0127520446488004,0.8829329891616228,1.2406679118364696,1.2406679118364696,False,True,0.6089376604908325,1.391236147603151,0.30729830870772423,0.31714783785595135,0.31714783785595135,False
normal,N0245,1,1.599999999999909,17,1863.326,0.0432241340729104,0.043692718945865,82.16475198958369,False,0.0508581897127217,-0.0076340556398112,-0.4934655346423925,0.0466576294150208,-0.0029649104691557,-0.2052860804070815,0.4934655346423925,0.4934655346423925,False,True,0.8108594117763905,0.6532962047640128,0.02091952005790322,0.4387694753854877,0.4387694753854877,False
normal,N0245,2,1.7000000000000457,18,1864.926,0.0390776989876152,0.0569499602033808,83.66916622477675,False,0.0514652425191679,-0.0123875435315526,-0.8007311028525194,0.0488986781799583,0.0080512820234225,0.5574590349471843,0.8007311028525194,0.8007311028525194,False,True,0.7198936637842941,0.8362085359166589,0.13991069553779725,0.19192208102969682,0.19192208102969682,False
normal,N0246,1,1.7000000000000457,18,1872.779,0.0919408191450106,0.1076143525921767,113.60722380939082,False,0.0635456798423073,0.0283951393027033,1.835462466920156,0.0934958678403026,0.014118484751874,0.9775433107174364,1.835462466920156,1.835462466920156,False,True,1.2474042822027254,1.1637263359459449,0.4098058895358645,0.13858238618893007,0.4098058895358645,False
normal,N0253,1,1.7000000000000457,18,1927.229,0.0643891301527931,0.1581296364794124,150.23916510178495,False,0.0783271956289265,-0.0139380654761334,-0.9009568775203372,0.1480645929095967,0.0100650435698156,0.6968889499595066,0.9009568775203372,0.9009568775203372,False,True,0.6605933625483968,1.2930541836749692,0.225875742156621,0.24396217540325205,0.24396217540325205,False
normal,N0257,1,1.7000000000000457,18,1959.989,0.0511317059084782,0.0442558020527629,83.62486502249278,False,0.051447366346139,-0.0003156604376607,-0.0204042980540282,0.0488326849499414,-0.0045768828971785,-0.3168967023518636,0.3168967023518636,0.3168967023518636,False,True,0.9424529140771912,0.6501617247850151,0.1294717520827836,0.4435789685804159,0.4435789685804159,False
normal,N0258,1,1.7000000000000457,18,1966.952,0.0496862287040718,0.1287238632398394,142.49139226204693,False,0.0752008577254121,-0.0255146290213402,-1.649266215137159,0.1365231328865978,-0.0077992696467583,-0.5400100652202231,1.649266215137159,1.649266215137159,False,True,0.537467506299394,1.1098315025097494,0.4321459026738628,0.09116337535801805,0.4321459026738628,False
normal,N0259,1,1.7000000000000457,18,1974.625,0.0986252042482042,0.196184729296707,182.36612915191287,False,0.091290888229671,0.0073343160185332,0.4740903585307418,0.1959224843210608,0.0002622449756462,0.0181574599695034,0.4740903585307418,0.4740903585307418,False,True,0.8335824157196,1.3216231348399075,0.006718368937851365,0.2658157999039512,0.2658157999039512,False
normal,N0264,1,1.7000000000000457,18,2015.921,0.0815602951039563,0.1822673447804991,162.75851813374055,False,0.083378934847523,-0.0018186397435666,-0.117556915448842,0.1667140313380226,0.0155533134424764,1.0768887584176683,1.0768887584176683,1.0768887584176683,False,True,0.7723957411008481,1.3757887460358227,0.06951717076506,0.3059823712314237,0.3059823712314237,False
normal,N0264,2,1.699999999999818,18,2017.621,0.0918867692969631,0.1930919580353994,166.11841433113707,False,0.0847347013434016,0.0071520679535615,0.4623098393595454,0.1717190964639368,0.0213728615714625,1.4798257906040286,1.4798257906040286,1.4798257906040286,False,True,0.8525895676675006,1.428015831775279,0.029264060898860248,0.34324112163035925,0.34324112163035925,False
normal,N0266,1,1.7000000000000457,18,2030.209,0.0448297856068435,0.0739973442605281,82.61751740735276,False,0.0510408870783068,-0.0062111014714633,-0.4014857440061277,0.0473320908476245,0.0266652534129035,1.8462632896146376,1.8462632896146376,1.8462632896146376,False,True,0.8363717019528063,1.1003493859793798,0.010058926378997255,0.0825829240875061,0.0825829240875061,False
normal,N0271,1,1.6000000000003638,17,2062.968,0.0827845113102828,0.1735008251155155,149.35862825869523,False,0.0779718863336058,0.004812624976677,0.3110881907598943,0.1467529023136652,0.0267479228018503,1.851987197639208,1.851987197639208,1.851987197639208,False,True,0.8543259185123334,1.4271112868212832,0.03129855113321277,0.34260749311107774,0.34260749311107774,False
normal,N0271,2,1.699999999999818,18,2064.568,0.0794618099627459,0.1635721717255108,149.74169998993202,False,0.0781264612931333,0.0013353486696126,0.0863169691543812,0.1473235446341698,0.016248627091341,1.1250312622517165,1.1250312622517165,1.1250312622517165,False,True,0.8179382215379201,1.3420023404280017,0.012227397494054092,0.28111795363016956,0.28111795363016956,False
normal,N0272,1,1.699999999999818,18,2069.925,0.0301581708948374,0.0566848032593882,84.53483058423255,False,0.0518145505531886,-0.0216563796583512,-1.3998688863094455,0.0501882139994328,0.0064965892599554,0.4498143735081181,1.3998688863094455,1.3998688863094455,False,True,0.5498878454711847,0.8237919992683649,0.40929986734443297,0.20688203791279575,0.40929986734443297,False
normal,N0274,1,1.699999999999818,18,2086.409,0.0489411637376963,0.0691347168870716,84.74435993431166,False,0.0518990986630263,-0.0029579349253299,-0.1912009825751632,0.0505003391310809,0.0186343777559907,1.290217161748363,1.290217161748363,1.290217161748363,False,True,0.8901604552067632,1.0022406135843756,0.07238752577309344,0.010806721749622352,0.07238752577309344,False
normal,N0274,2,1.7000000000002728,18,2088.109,0.0466307992109888,0.0553405050683694,83.77930157183086,False,0.0515096837175786,-0.0048788845065898,-0.3153712083191431,0.0490627411605641,0.0062777639078053,0.4346632249982647,0.4346632249982647,0.4346632249982647,False,True,0.8579084243686195,0.8115083552065813,0.035483154834125154,0.22190542497972465,0.22190542497972465,False
normal,N0275,1,1.699999999999818,18,2093.637,0.0407039731243905,0.0800215462693225,117.84381135286895,False,0.0652552039200912,-0.0245512307957007,-1.5869921313579487,0.0998068951223881,-0.0197853488530655,-1.3699087233109688,1.5869921313579487,1.5869921313579487,False,True,0.5323960586924683,0.8342318594595811,0.4416265238649602,0.1942887352188185,0.4416265238649602,False
normal,N0275,2,1.699999999999818,18,2095.337,0.0688865753370471,0.0906068370878023,117.33801714264236,False,0.0650511086731708,0.0038354666638762,0.247924654625591,0.099053439416091,-0.0084466023282886,-0.5848304367940712,0.5848304367940712,0.5848304367940712,False,True,0.9049001468006618,0.9486561752092268,0.08881039513309648,0.06575367712523086,0.08881039513309648,False
normal,N0276,1,1.699999999999818,18,2102.152,0.0870283650640538,0.1995164030896541,181.77100623374236,False,0.0910507475628223,-0.0040223824987685,-0.2600068985533485,0.1950359602178234,0.0044804428718306,0.3102193355294936,0.3102193355294936,0.3102193355294936,False,True,0.7379739342998075,1.348467885833164,0.11510570285255568,0.2859242196786266,0.2859242196786266,False
normal,N0280,1,1.6000000000003638,17,2134.595,0.103147905934662,0.1902225850573016,185.68133678177637,False,0.0926286222450649,0.0105192836895971,0.6799667430862963,0.2008609791788042,-0.0106383941215025,-0.7365869066700048,0.7365869066700048,0.7365869066700048,False,True,0.8562428747190507,1.2585788750146523,0.03353986059329507,0.21693837855614254,0.21693837855614254,False
normal,N0280,2,1.699999999999818,18,2136.195,0.0761089619474751,0.1897968775044638,193.62558393439727,False,0.0958342403629246,-0.0197252784154494,-1.2750424569201153,0.2126951169137841,-0.0228982394093203,-1.5854407293117148,1.5854407293117148,1.5854407293117148,False,False,0.6058677936859763,1.2042396862062956,0.3123524074179242,0.17280357309320632,0.3123524074179242,False
normal,N0281,1,1.599999999999909,17,2142.516,0.0322409970114777,0.0548724687386178,82.7197010997651,False,0.0510821196695711,-0.0188411226580934,-1.217890608139298,0.0474843086559385,0.0073881600826792,0.5115454380735851,1.217890608139298,1.217890608139298,False,True,0.6007645750251218,0.8149522366453434,0.32081107174793544,0.2176706017041875,0.32081107174793544,False
normal,N0285,1,1.7000000000002728,18,2168.479,0.0839005686313666,0.0650513533525629,91.06660188786609,False,0.0544502143272866,0.02945035430408,1.903671589224892,0.0599182588703414,0.0051330944822215,0.3554079819868883,1.903671589224892,1.903671589224892,False,True,1.4200727113658387,0.877574140902467,0.5394491470185954,0.1436386650568457,0.5394491470185954,False
normal,N0285,2,1.599999999999909,17,2170.179,0.0987496958196357,0.063299981141155,90.44263676849772,False,0.0541984354169464,0.0445512604026892,2.879794511708467,0.0589887700185258,0.0043112111226292,0.2985019758198461,2.879794511708467,2.879794511708467,False,True,1.6829350688019105,0.8598386800542681,0.7092804053647714,0.16405531756488861,0.7092804053647714,False
normal,N0287,1,1.599999999999909,17,2182.241,0.0619934611684737,0.0569753117855341,93.17648070924568,False,0.0553015808125389,0.0066918803559347,0.4325633023138281,0.0630612371912117,-0.0060859254056775,-0.4213806066586406,0.4325633023138281,0.4325633023138281,False,True,1.0255206037658684,0.7512197895576491,0.2139414612921895,0.299101836410808,0.299101836410808,False
normal,N0287,2,1.7000000000002728,18,2183.841,0.0565927317658568,0.0568967467606404,93.22652732673536,False,0.0553217753433334,0.0012709564225234,0.0821546528004075,0.0631357890717316,-0.0062390423110911,-0.4319821980670211,0.4319821980670211,0.4319821980670211,False,True,0.9356770126738759,0.7497811894994735,0.122256137544338,0.3010186912546584,0.3010186912546584,False
normal,N0293,1,1.699999999999818,18,2222.713,0.0778369251323275,0.099370047247649,109.23114823608702,False,0.0617798703359555,0.0160570547963719,1.037928396611708,0.0869770523908017,0.0123929948568472,0.8580729047753187,1.037928396611708,1.037928396611708,False,True,1.0983581611639446,1.117623718911985,0.28255755556534323,0.09815992291067151,0.28255755556534323,False
normal,N0293,2,1.599999999999909,17,2224.413,0.0885539689019872,0.0970706012864742,105.108915629989,False,0.060116490122038,0.0284374787799491,1.838199291717008,0.0808363737967205,0.0162342274897536,1.1240342548209543,1.838199291717008,1.838199291717008,False,True,1.2985936773235427,1.1345790939290408,0.45002296376897727,0.11321691089830614,0.45002296376897727,False
normal,N0294,1,1.699999999999818,18,2230.241,0.0479150691229341,0.0552013125734645,83.41221306538552,False,0.0513615582194021,-0.003446489096468,-0.2227811355943727,0.0485159082306786,0.0066854043427859,0.4628876547013426,0.4628876547013426,0.4628876547013426,False,True,0.8854158338050048,0.813029630045351,0.06704319590786027,0.22003255368061925,0.22003255368061925,False
normal,N0298,1,1.699999999999818,18,2263.699,0.0970668712672408,0.1423434757711469,150.5102199477658,False,0.0784365701622859,0.0186303011049548,1.2042630980264393,0.14846836941849,-0.006124893647343,-0.4240787109269097,1.2042630980264393,1.2042630980264393,False,True,0.994053708806219,1.1618717401940122,0.18277703074840948,0.13698744494426027,0.18277703074840948,False
normal,N0300,1,1.699999999999818,18,2277.617,0.0847631243036865,0.1770131488683193,149.41625640126568,False,0.0779951401189392,0.0067679841847473,0.437482655583601,0.146838748003444,0.0301744008648752,2.0892315456479755,2.0892315456479755,2.0892315456479755,False,True,0.8744075807687517,1.4554399428889262,0.05453239905284621,0.36226339226372356,0.36226339226372356,False
normal,N0303,1,1.599999999999909,17,2303.377,0.0875522792648517,0.1914630216443281,179.390305530362,False,0.090090100548531,-0.0025378212836793,-0.1640448269785762,0.1914895524225583,-2.6530778230254848e-05,-0.0018369524239276,0.1640448269785762,0.1640448269785762,False,True,0.7522692263276046,1.311210902915946,0.09591993384062365,0.2579062347296362,0.2579062347296362,False
normal,N0303,2,1.7000000000002728,18,2304.977,0.1226955739170461,0.2020332222362616,190.88059320339383,False,0.0947265970769577,0.0279689768400883,1.807915315395335,0.2086060449390759,-0.0065728227028143,-0.4550926660040474,1.807915315395335,1.807915315395335,False,True,0.9907679047502097,1.3003121698740079,0.1794660963700013,0.24955953741017559,0.24955953741017559,False
normal,N0306,1,1.599999999999909,17,2326.399,0.0391117951007109,0.0630507350780492,80.22073945096838,False,0.0500737526609268,-0.0109619575602158,-0.7085811924096603,0.0437617335927324,0.0192890014853168,1.3355423548470595,1.3355423548470595,1.3355423548470595,False,False,0.751494657173473,0.9655841006577206,0.09695010783420144,0.04806690400156596,0.09695010783420144,False
normal,N0309,1,1.7000000000002728,18,2352.589,0.0780494838996389,0.0861233003589749,97.55659814785712,False,0.0570690212697424,0.0209804626298964,1.3561775938225369,0.069586073600262,0.0165372267587129,1.1450134826721647,1.3561775938225369,1.3561775938225369,False,True,1.2331565012585592,1.0845526232305776,0.3983182148738914,0.06812274423905526,0.3983182148738914,False
normal,N0310,1,1.7000000000002728,18,2358.968,0.082210722874209,0.198668166693582,189.32900116973644,False,0.0941005073495028,-0.0118897844752938,-0.7685559458443706,0.2062947178262554,-0.0076265511326734,-0.5280512869909683,0.7685559458443706,0.7685559458443706,False,True,0.6692927679982787,1.2891330809482213,0.21279262272553373,0.24092513328445364,0.24092513328445364,False
normal,N0322,1,1.7000000000002728,18,2441.017,0.08006108689099,0.1972377931219347,181.1975671583891,False,0.0908193566387831,-0.010758269747793,-0.6954148074630772,0.1941817374236457,0.0030560556982889,0.2115968432551324,0.6954148074630772,0.6954148074630772,False,True,0.6810420511850349,1.3372862678095554,0.1953901540387166,0.2775975583472292,0.2775975583472292,False
normal,N0324,1,1.699999999999818,18,2453.657,0.0758253420217952,0.0754899470694976,98.09517052144108,False,0.0572863429775609,0.0185389990442342,1.1983613306915923,0.070388357256196,0.0051015898133015,0.353226644619577,1.1983613306915923,1.1983613306915923,False,True,1.191438310164621,0.945427231133466,0.3639023128103093,0.06916318611825281,0.3639023128103093,False
normal,N0324,2,1.699999999999818,18,2455.357,0.0783004503222469,0.0858176856607463,99.39238605784936,False,0.0578097881255266,0.0204906621967203,1.3245168823961144,0.0723207527412416,0.0134969329195046,0.9345079675715472,1.3245168823961144,1.3245168823961144,False,True,1.2142719204576715,1.0607432929143843,0.38288572628261824,0.04592505321214309,0.38288572628261824,False
normal,N0328,1,1.6000000000003638,17,2480.18,0.072777910601161,0.1707562162651084,153.1724060560689,False,0.0795108005906627,-0.0067328899895016,-0.4352141659842576,0.1524340915915993,0.018322124673509,1.2685972133335508,1.2685972133335508,1.2685972133335508,False,True,0.7323587215037671,1.369564849765865,0.12274375683044104,0.30144823257456477,0.30144823257456477,False
normal,N0328,2,1.699999999999818,18,2481.78,0.0834293067646029,0.1672524020549979,159.33692186385028,False,0.081998271483954,0.0014310352806489,0.092502153923915,0.1616170547770635,0.0056353472779344,0.3901832336776255,0.3901832336776255,0.3901832336776255,False,True,0.807062226070973,1.2895629689751753,0.02561343426051966,0.2412585483303632,0.2412585483303632,False
normal,N0329,1,1.699999999999818,18,2487.246,0.0659573637987281,0.1418098097280689,149.95052038391873,False,0.0782107233289791,-0.0122533595302509,-0.7920574458781734,0.1476346136702705,-0.0058248039422016,-0.4033009370346173,0.7920574458781734,0.7920574458781734,False,True,0.6779850556487139,1.1618362157046096,0.19988896157079478,0.1369568692522373,0.19988896157079478,False
normal,N0330,1,1.699999999999818,18,2493.621,0.0485422754639934,0.0740448786570235,83.76954723907507,False,0.0515057477038559,-0.0029634722398624,-0.1915589147157135,0.049048210631097,0.0249966680259264,1.730732868888448,1.730732868888448,1.730732868888448,False,True,0.8931795506343251,1.0859140952101167,0.07577341775328607,0.06937728746382497,0.07577341775328607,False
normal,N0334,1,1.7000000000002728,18,2527.515,0.0783360028835897,0.1859165628277014,190.96747013932253,False,0.094761653171574,-0.0164256502879843,-1.0617544177880205,0.2087354610569309,-0.0228188982292295,-1.579947261618453,1.579947261618453,1.579947261618453,False,False,0.6322761818891836,1.1960388855220525,0.26968791210037757,0.16597033907540237,0.26968791210037757,False
normal,N0335,1,1.699999999999818,18,2534.895,0.0576628849443999,0.0584965278171847,90.92654046812552,False,0.0543936975276317,0.0032691874167682,0.2113203508825357,0.0597096165533636,-0.0012130887361789,-0.0839924963761433,0.2113203508825357,0.2113203508825357,False,True,0.9774859154342022,0.7903619673028957,0.1659696755400873,0.24830908089944978,0.24830908089944978,False
normal,N0336,1,1.699999999999818,18,2541.797,0.0618784567375611,0.0955127587396341,110.36868780275668,False,0.0622388839309059,-0.0003604271933447,-0.0232980221857469,0.0886715867692439,0.0068411719703901,0.473672778251561,0.473672778251561,0.473672778251561,False,True,0.8641684442126666,1.0631685540586489,0.04275350092904904,0.048208822382524004,0.048208822382524004,False
normal,N0341,1,1.7000000000002728,18,2576.156,0.0746436823883977,0.0445294380001714,88.0937715345568,False,0.0532506344729831,0.0213930479154145,1.382847116303094,0.0554897858900937,-0.0109603478899222,-0.7588785164432993,1.382847116303094,1.382847116303094,False,True,1.3060285223965427,0.6209957429537541,0.4557319416522856,0.4894758811211214,0.4894758811211214,False
normal,N0347,1,1.699999999999818,18,2616.545,0.0590323164645151,0.0787711695228654,108.9136267119356,False,0.0616517458288656,-0.0026194293643504,-0.1693199752168896,0.0865040568534726,-0.0077328873306072,-0.5354138503824494,0.5354138503824494,0.5354138503824494,False,True,0.8354345170915128,0.8885291625444032,0.008937761798093892,0.13123263860641027,0.13123263860641027,False
normal,N0348,1,1.599999999999909,17,2622.582,0.1050054193170103,0.2094046012469921,181.4556008822977,False,0.090923476961891,0.0140819423551193,0.9102570823343016,0.1945661170344936,0.0148384842124985,1.0273950241854934,1.0273950241854934,1.0273950241854934,False,True,0.8919615729978391,1.4177591377339636,0.07440884460065811,0.3360327242247328,0.3360327242247328,False
normal,N0348,2,1.7000000000002728,18,2624.182,0.0919515152971632,0.2061223620763755,186.92242429885613,False,0.093129418929026,-0.0011779036318628,-0.0761397182414021,0.2027097636307633,0.0034125984456121,0.2362833435245246,0.2362833435245246,0.2362833435245246,False,True,0.7582323236455971,1.354722420519019,0.08802437319550144,0.29055174873744216,0.29055174873744216,False
normal,N0353,1,1.599999999999909,17,2656.465,0.0805648952766723,0.051533882329407,85.09501987683558,False,0.0520405949991003,0.0285243002775719,1.843811435348697,0.051022699271475,0.000511183057932,0.0353935700335844,1.843811435348697,1.843811435348697,False,True,1.4593064832251255,0.7440041022506285,0.5667023829060457,0.30875355928881854,0.5667023829060457,False
normal,N0353,2,1.699999999999818,18,2658.065,0.090818927694066,0.0553249260088876,88.10187052149695,False,0.0532539025308334,0.0375650251632325,2.428204102857156,0.0555018505357576,-0.00017692452687,-0.0122499964254852,2.428204102857156,2.428204102857156,False,True,1.5888981147399137,0.7714758317540481,0.6517818379215324,0.2724947628790788,0.6517818379215324,False
normal,N0354,1,1.7000000000002728,18,2662.939,0.082242945420531,0.1995155579951376,184.44056687875587,False,0.0921279537229501,-0.009885008302419,-0.6389671672629214,0.1990126678602272,0.0005028901349103,0.0348193801280384,0.6389671672629214,0.6389671672629214,False,True,0.6873010641170318,1.3289447674324164,0.18624178106887504,0.2713403904705547,0.2713403904705547,False
normal,N0354,2,1.599999999999909,17,2664.639,0.0762429496925684,0.2236672589119303,179.45955878207494,False,0.0901180452327971,-0.0138750955402286,-0.8968864993945082,0.1915927154414853,0.0320745434704449,2.220794650763576,2.220794650763576,2.220794650763576,False,True,0.6548440764729189,1.5311665485276449,0.23461705134197033,0.41298506600206825,0.41298506600206825,False
normal,N0359,1,1.7000000000002728,18,2703.937,0.0823140771027518,0.1900101507611574,148.80800484458547,False,0.0777497018574084,0.0045643752453434,0.2950413223353961,0.145932666840436,0.0440774839207213,3.0518607568164957,3.0518607568164957,3.0518607568164957,True,True,0.8526143316502669,1.568689975967696,0.029293106085512728,0.43719603193158063,0.43719603193158063,False
normal,N0360,1,1.699999999999818,18,2712.021,0.0640961457854959,0.0384615866836278,84.35399716568361,False,0.0517415816649254,0.0123545641205705,0.798599312957297,0.0499188357259372,-0.0114572490423093,-0.7932832281485888,0.798599312957297,0.798599312957297,False,True,1.1711999839091285,0.5601549041229958,0.34676992201542567,0.592586747900189,0.592586747900189,False
normal,N0361,1,1.699999999999818,18,2719.025,0.1063242481873778,0.1932461135643411,183.69865031396344,False,0.0918285797059604,0.0144956684814173,0.937000348789488,0.1979074727867431,-0.0046613592224019,-0.3227457200111541,0.937000348789488,0.937000348789488,False,True,0.8921362044402592,1.292383532865616,0.0746046090314936,0.24344338446885513,0.24344338446885513,False
normal,N0362,1,1.599999999999909,17,2725.717,0.088353098024847,0.1553488527686297,146.76617283154792,False,0.07692579323915,0.011427304785697,0.7386612479202443,0.1428910543616492,0.0124577984069804,0.8625598081545969,0.8625598081545969,0.8625598081545969,False,True,0.927898818836923,1.3003752461013536,0.11390848796350599,0.24960804476017134,0.24960804476017134,False
normal,N0365,1,1.7000000000002728,18,2751.173,0.0429493162667088,0.0556970557899308,83.52288543311629,False,0.0514062161133886,-0.0084568998466798,-0.5466542033694448,0.0486807711834569,0.0070162846064738,0.4857973219992876,0.5466542033694448,0.5466542033694448,False,True,0.7926027488530817,0.8192441745265158,0.04369205855539326,0.2124179310705987,0.2124179310705987,False
normal,N0365,2,1.599999999999909,17,2752.873,0.0588033633937019,0.0717149030512282,81.44562710514276,False,0.0505680124669386,0.0082353509267632,0.5323332760178103,0.0455863859393797,0.0261285171118484,1.8091004502634849,1.8091004502634849,1.8091004502634849,False,True,1.1128565972690814,1.0817533699116955,0.29567129209772586,0.06553838645604929,0.29567129209772586,False
normal,N0367,1,1.699999999999818,18,2766.429,0.0795915470832871,0.1648057212169326,164.83812004917414,False,0.0842180841652592,-0.0046265370819721,-0.2990594649051682,0.1698119077041991,-0.0050061864872665,-0.3466210573469526,0.3466210573469526,0.3466210573469526,False,True,0.7442418761208475,1.228290927465738,0.10664812314058841,0.1925788843800469,0.1925788843800469,False
normal,N0372,1,1.599999999999909,17,2799.337,0.0739572567389633,0.167756914235695,157.88530145202063,False,0.0814125217454302,-0.0074552650064668,-0.4819085039322357,0.1594546502644052,0.0083022639712898,0.574836659285799,0.574836659285799,0.574836659285799,False,True,0.7220111461722074,1.3053450934840805,0.13697363076699226,0.2534226163652334,0.2534226163652334,False
normal,N0372,2,1.7000000000002728,18,2800.937,0.0876268381858232,0.1790173120686314,165.73345550078537,False,0.0845793649122083,0.0030474732736148,0.1969887434970204,0.1711456430286196,0.0078716690400117,0.5450228937084515,0.5450228937084515,0.5450228937084515,False,True,0.8149515031474865,1.3270016390762085,0.015885601322615288,0.2698771616206521,0.2698771616206521,False
normal,N0373,1,1.699999999999818,18,2807.239,0.0984229741599998,0.1601278057153791,147.6148695288132,False,0.077268254577154,0.0211547195828458,1.3674415673261973,0.1441553143245768,0.0159724913908023,1.1059120287322686,1.3674415673261973,1.3674415673261973,False,True,1.0277114296089411,1.3326719540601453,0.21607548865869342,0.27414108602820875,0.27414108602820875,False
normal,N0377,1,1.7000000000002728,18,2832.477,0.0502028808679785,0.0621215721991966,83.23428270766945,False,0.0512897607579871,-0.0010868798900085,-0.0702559414445677,0.0482508544980852,0.0138707177011113,0.9603882811695846,0.9603882811695846,0.9603882811695846,False,True,0.9296751177417046,0.9169102126851016,0.11582098190113321,0.09979055461504213,0.11582098190113321,False
normal,N0377,2,1.699999999999818,18,2834.177,0.042346582495587,0.0496889395428086,83.6411833803944,False,0.0514539510385256,-0.0091073685429386,-0.5887005150695566,0.0488569935711747,0.0008319459716339,0.057602726761529,0.5887005150695566,0.5887005150695566,False,True,0.7803743882232311,0.7298374965837352,0.05924041802309314,0.32797820594222327,0.32797820594222327,False
normal,N0378,1,1.699999999999818,18,2839.572,0.0638136653494636,0.0849595849670758,109.8078295274514,False,0.062012569540841,0.0018010958086226,0.1164228750847947,0.0878361049479645,-0.0028765199808886,-0.1991660518023761,0.1991660518023761,0.1991660518023761,False,True,0.8957466491686537,0.9505296919778078,0.07864340791461724,0.06378070817186304,0.07864340791461724,False
normal,N0378,2,1.599999999999909,17,2841.272,0.0643395077094479,0.0974988768623093,108.92387452565832,False,0.0616558809692643,0.0026836267401836,0.1734696950883226,0.0865193224962387,0.0109795543660705,0.7602083448640639,0.7602083448640639,0.7602083448640639,False,True,0.9104570464098546,1.0996719424437975,0.09493251477563325,0.08196707227894325,0.09493251477563325,False
normal,N0379,1,1.599999999999909,17,2846.469,0.0783323201179361,0.1974235351568387,183.41805592321535,False,0.0917153558289244,-0.0133830357109883,-0.865079740553786,0.1974894857070385,-6.59505501998392e-05,-0.0045663199924805,0.865079740553786,0.865079740553786,False,True,0.6582694697087652,1.3223409615130652,0.2293998315279557,0.26635879267135265,0.26635879267135265,False
normal,N0383,1,1.699999999999818,18,2880.112,0.0753420030685997,0.1891817906983474,183.07682992322316,False,0.0915776662245043,-0.0162356631559046,-1.049473645138426,0.1969811788272189,-0.0077993881288715,-0.5400182687490831,1.049473645138426,1.049473645138426,False,True,0.6343202669503987,1.269499578232994,0.26646022764305616,0.2255779610288814,0.26646022764305616,False
normal,N0383,2,1.599999999999909,17,2881.812,0.0860933121837271,0.1937061917078056,178.67659602319438,False,0.0898021084854555,-0.0037087963017283,-0.2397366794614251,0.1904263759568312,0.0032798157509744,0.2270896632391883,0.2397366794614251,0.2397366794614251,False,True,0.7426882538222777,1.33187186724713,0.10873782841006081,0.27354054282778334,0.27354054282778334,False
normal,N0384,1,1.599999999999909,17,2887.04,0.0718751860298359,0.0757010241519033,99.54669542072946,False,0.057872054175399,0.0140031318544369,0.905162769731726,0.0725506194887179,0.0031504046631854,0.2181294280989431,0.905162769731726,0.905162769731726,False,True,1.1129020519825794,0.9342465874343004,0.2957121363406716,0.08105969225867465,0.2957121363406716,False
normal,N0384,2,1.7000000000002728,18,2888.64,0.0682443123596717,0.0803073521437068,99.85063383983484,False,0.0579946977040153,0.0102496146556563,0.6625353304416083,0.0730033809707745,0.0073039711729322,0.5057163206430605,0.6625353304416083,0.6625353304416083,False,True,1.0534658096582286,0.9880776901652683,0.2408265712147726,0.02503877945785877,0.2408265712147726,False
normal,N0385,1,1.599999999999909,17,2895.157,0.0542548844588859,0.0455329239025745,83.27206397267042,False,0.0513050060424396,0.0029498784164462,0.1906802096529785,0.0483071353117651,-0.0027742114091905,-0.1920823553823832,0.1920823553823832,0.1920823553823832,False,True,1.0042557403221417,0.6717579626805833,0.1929877817993847,0.41090200682205114,0.41090200682205114,False
normal,N0390,1,1.6000000000003638,17,2927.977,0.0544513598204316,0.1405885261909001,142.46665660068044,False,0.0751908765298739,-0.0207395167094423,-1.3406028439036684,0.1364862854398916,0.0041022407510084,0.2840331718011358,1.3406028439036684,1.3406028439036684,False,True,0.5891153061651371,1.2123367170839066,0.34039227697510793,0.17950483953580845,0.34039227697510793,False
normal,N0390,2,1.699999999999818,18,2929.577,0.0741208577002602,0.1476931146661136,143.81495790373108,False,0.0757349355202802,-0.00161407782002,-0.1043340279388284,0.1384947807726798,0.0091983338934338,0.6368792349390119,0.6368792349390119,0.6368792349390119,False,True,0.7944035692037003,1.261661363290817,0.041422601776243934,0.21938456584130855,0.21938456584130855,False
normal,N0395,1,1.7000000000002728,18,2968.448,0.0811533697479312,0.1399142890069964,143.2485717571735,False,0.0755063905545674,0.0056469791933638,0.3650208667900969,0.1376510643649726,0.0022632246420238,0.1567023762353528,0.3650208667900969,0.3650208667900969,False,True,0.8732147566054049,1.1999368260815035,0.053167316536942524,0.1692240815732715,0.1692240815732715,False
normal,N0395,2,1.599999999999909,17,2970.148,0.0739371022813628,0.1308498989639745,135.54342947200965,False,0.0723972546936748,0.0015398475876879,0.0995357839892594,0.1261731088937402,0.0046767900702342,0.3238141294291777,0.3238141294291777,0.3238141294291777,False,True,0.8407923761590201,1.1859913855994657,0.015330544703556888,0.15753420823949657,0.15753420823949657,False
normal,N0396,1,1.6000000000003638,17,2975.689,0.0591155256077652,0.0710398350860897,82.8090663859077,False,0.0511181798493292,0.007997345758436,0.5169486163850202,0.0476174315415462,0.0234224035445435,1.621733090220862,1.621733090220862,1.621733090220862,False,True,1.100343990973087,1.0539273358668602,0.2843639215137131,0.03947867753712632,0.2843639215137131,False
normal,N0400,1,1.699999999999818,18,3017.208,0.0890739338018954,0.1970881375790762,180.70243780942528,False,0.090619564816949,-0.0015456310150535,-0.0999096248690882,0.1934441686144558,0.0036439689646204,0.2523031011067788,0.2523031011067788,0.2523031011067788,False,True,0.7597862506299162,1.3399330112763261,0.08597706290112016,0.2795747922254712,0.2795747922254712,False
normal,N0401,1,1.599999999999909,17,3023.917,0.0777068702095555,0.1344488785167498,135.05162442968194,False,0.0721988042774361,0.0055080659321193,0.3560415103427274,0.1254404921337312,0.0090083863830185,0.6237275461099987,0.6237275461099987,0.6237275461099987,False,True,0.8868790866748405,1.2230493590477367,0.06869444840021355,0.18830238598023347,0.18830238598023347,False
normal,N0402,1,1.7000000000002728,18,3031.633,0.0501875736208122,0.0513528317276121,86.27849851469634,False,0.0525181456707677,-0.0023305720499555,-0.1506482316760247,0.0527856667292825,-0.0014328350016704,-0.0992074075837951,0.1506482316760247,0.1506482316760247,False,True,0.8965993716888773,0.7312206218948308,0.07959492349769808,0.3260848853319469,0.3260848853319469,False
normal,N0405,1,1.7000000000002728,18,3057.305,0.0984366993520878,0.2067992421253306,179.35700442447717,False,0.0900766630727931,0.0083600362792947,0.5403929401140636,0.1914399454722462,0.0153592966530844,1.063455318642064,1.063455318642064,1.063455318642064,False,True,0.845947692866716,1.4165020707062284,0.021443321479496888,0.3351456732313954,0.3351456732313954,False
normal,N0405,2,1.699999999999818,18,3059.005,0.0754426022203488,0.2097763954090958,180.90704001407929,False,0.09070212475266,-0.0152595225323112,-0.9863758924582297,0.1937489540301459,0.0160274413789499,1.1097166858383063,1.1097166858383063,1.1097166858383063,False,True,0.6427853962320237,1.4245830200756961,0.25320329283872534,0.34083432450608164,0.34083432450608164,False
normal,N0406,1,1.599999999999909,17,3064.829,0.0766869151930336,0.1267767335422673,131.6940089298036,False,0.0708439580758466,0.0058429571171869,0.377688884357739,0.1204388244459938,0.0063379090962735,0.4388275902040366,0.4388275902040366,0.4388275902040366,False,True,0.8975529092106684,1.1826606640978186,0.08065786293903775,0.15472187141074303,0.15472187141074303,False
normal,N0407,1,1.7000000000002728,18,3071.544,0.0458140393590096,0.068174896501979,83.61628760091075,False,0.0514439052330216,-0.0056298658740119,-0.363914661427981,0.0488199076047175,0.0193549888972614,1.3401112270930289,1.3401112270930289,1.3401112270930289,False,True,0.8445250030362738,1.0016597395700386,0.01976013526800027,0.011386465178173048,0.01976013526800027,False
normal,N0410,1,1.699999999999818,18,3097.337,0.087630800377049,0.1973919712672675,160.9200880163688,False,0.0826371018230152,0.0049936985540337,0.3227927910242664,0.163975416236158,0.0334165550311095,2.3137135756403437,2.3137135756403437,2.3137135756403437,False,True,0.8393659083862248,1.5069742637901835,0.013632528357532307,0.3970590128186333,0.3970590128186333,False
normal,N0410,2,1.6000000000003638,17,3099.037,0.0732649001962379,0.1874776615752018,158.9631998534477,False,0.0818474692714127,-0.0085825690751748,-0.5547774652309373,0.1610603402563881,0.0264173213188136,1.8290968327073147,1.8290968327073147,1.8290968327073147,False,True,0.7104019993796913,1.4489037761662198,0.1531832013361443,0.35776242516789564,0.35776242516789564,False
normal,N0411,1,1.6000000000003638,17,3104.729,0.0971009088053429,0.1650279442780738,159.7253235598656,False,0.0821549971610174,0.0149459116443254,0.9661040773430064,0.1621956368728671,0.0028323074052067,0.1961048374888685,0.9661040773430064,0.9661040773430064,False,True,0.9370317943572294,1.269317670284106,0.12370300628827775,0.2254346596949193,0.2254346596949193,False
normal,N0412,1,1.599999999999909,17,3112.717,0.0349222051810289,0.0576479763519118,82.26862601405416,False,0.0509001043773111,-0.0159778991962822,-1.0328117767753933,0.0468123652243498,0.010835611127562,0.7502419247842916,1.0328117767753933,1.0328117767753933,False,True,0.6542929255739924,0.8608677435384153,0.23545905784033752,0.1628592232251204,0.23545905784033752,False
normal,N0417,1,1.6000000000003638,17,3154.653,0.0678977597265355,0.1263182263135451,135.96013256662036,False,0.0725654003925925,-0.0046676406660569,-0.3017164015392644,0.1267938501322085,-0.0004756238186633,-0.0329315001236656,0.3017164015392644,0.3017164015392644,False,True,0.7697481871293731,1.1414083683602425,0.07295077579264334,0.11921808185390986,0.11921808185390986,False
normal,N0418,1,1.599999999999909,17,3161.29,0.0440357562014698,0.0663708910592588,82.0258668143387,False,0.0508021475446579,-0.006766391343188,-0.4373796942680525,0.0464507392891699,0.0199201517700888,1.379242280850402,1.379242280850402,1.379242280850402,False,True,0.8274836838021562,0.9940619087877984,0.0006248178552800016,0.019000620684978882,0.019000620684978882,False
normal,N0422,1,1.7000000000002728,18,3193.937,0.1168981531844898,0.1868900884346495,186.43565407388124,False,0.0929330001340872,0.0239651530504026,1.54910805223003,0.2019846469800635,-0.015094558545414,-1.0451252378442095,1.54910805223003,1.54910805223003,False,True,0.9664591193641017,1.2315269256956574,0.15462479269547771,0.19520997358249254,0.19520997358249254,False
normal,N0422,2,1.699999999999818,18,3195.637,0.1299907156148298,0.2006799178285327,181.3948043237949,False,0.0908989446751059,0.0390917709397238,2.526892985465027,0.1944755515179239,0.0062043663106088,0.4295812823236003,2.526892985465027,2.526892985465027,False,True,1.1045676005049148,1.3591446621050471,0.28819501815638976,0.2938107480660525,0.2938107480660525,False
normal,N0423,1,1.7000000000002728,18,3200.24,0.0636581593378082,0.0903487782107022,106.15910634858264,False,0.0605402571990255,0.0031179021387826,0.20154126698441,0.0824007890739737,0.0079479891367285,0.5503071859912237,0.5503071859912237,0.5503071859912237,False,True,0.9242759060482709,1.0455664584669206,0.10999641923642829,0.03151397516822985,0.10999641923642829,False
normal,N0423,2,1.599999999999909,17,3201.94,0.0693765926714903,0.0966256621159872,101.38830610542372,False,0.0586151706046193,0.0107614220668709,0.695618573441808,0.0752939725186765,0.0213316895973107,1.4769751031096945,1.4769751031096945,1.4769751031096945,False,True,1.0547023362381278,1.170822954190231,0.24199965290098063,0.14466205230111628,0.24199965290098063,False
normal,N0424,1,1.7000000000002728,18,3208.457,0.0617752088071474,0.067085791561171,96.69613865120871,False,0.056721813472811,0.0050533953343364,0.3266515922956179,0.0683042911980933,-0.0012184996369223,-0.0843671392588316,0.3266515922956179,0.3266515922956179,False,True,0.9847135165984785,0.8523304995492175,0.17333654532257672,0.17282574600399378,0.17333654532257672,False
normal,N0427,1,1.7000000000002728,18,3235.035,0.0858511998819274,0.1806322022870107,179.2591400208635,False,0.0900371733767539,-0.0041859734948264,-0.2705814243547341,0.1912941618870346,-0.0106619596000239,-0.7382185460631314,0.7382185460631314,0.7382185460631314,False,True,0.7381929102402199,1.2379425228791097,0.11480902102037895,0.20040591688203416,0.20040591688203416,False
normal,N0428,1,1.699999999999818,18,3240.184,0.0774837204812153,0.118882405530283,129.56370213430043,False,0.0699843486088864,0.0074993718723288,0.484759572770468,0.1172654156192769,0.0016169899110061,0.1119580251550546,0.484759572770468,0.484759572770468,False,True,0.9217898587456069,1.1272515678013382,0.10730307119551509,0.10673760023488374,0.10730307119551509,False
normal,N0428,2,1.599999999999909,17,3241.884,0.0716808769748414,0.1228851173174263,122.83593482811538,False,0.0672695976255493,0.004411279349292,0.2851452000432593,0.1072434055507681,0.0156417117666582,1.0830093295696888,1.0830093295696888,1.0830093295696888,False,True,0.8994617173846511,1.2290242889402219,0.0827822851486609,0.19317576465927164,0.19317576465927164,False
normal,N0429,1,1.7000000000002728,18,3249.156,0.0598443807958051,0.0607353488578841,84.47359248760739,False,0.0517898400994133,0.0080545406963918,0.520645698508711,0.0500969907461569,0.0106383581117272,0.7365844134056317,0.7365844134056317,0.7365844134056317,False,True,1.0919612388523527,0.8832978612807495,0.2767164526656457,0.13713763541946636,0.2767164526656457,False
normal,N0438,1,1.599999999999909,17,3321.549,0.0752686681987383,0.1181281277053711,133.19239017161036,False,0.0714485764825905,0.0038200917161478,0.2469308176457653,0.1226708861699549,-0.0045427584645837,-0.314533976365236,0.314533976365236,0.314533976365236,False,True,0.8710430667714941,1.0895835072221318,0.050677213380226155,0.07275069085226232,0.07275069085226232,False
normal,N0438,2,1.7000000000002728,18,3323.149,0.072926093256194,0.120433023878189,133.2981090358603,False,0.0714912355665953,0.0014348576895986,0.092749234527593,0.1228283701425308,-0.0023953462643417,-0.1658502848365875,0.1658502848365875,0.1658502848365875,False,True,0.8432644054757445,1.1099622665580728,0.01826634962320634,0.09128119175186226,0.09128119175186226,False
normal,N0440,1,1.6000000000003638,17,3336.749,0.0739234714083343,0.2190433947688958,177.8814011246419,False,0.0894812358936217,-0.0155577644852874,-1.0056542592559123,0.1892418148807677,0.029801579888128,2.063417964493952,2.063417964493952,2.063417964493952,False,True,0.6405552874027776,1.5128164306699659,0.25667877071059675,0.4009282704987499,0.4009282704987499,False
normal,N0444,1,1.599999999999909,17,3371.445,0.0948258527490696,0.2109937118966847,174.82099535077094,False,0.0882463180960949,0.0065795346529746,0.4253012734537195,0.1846828852859138,0.0263108266107708,1.8217232943068693,1.8217232943068693,1.8217232943068693,False,True,0.8360610234027436,1.4827315771529164,0.0096873974691335,0.3808412179734812,0.3808412179734812,False
normal,N0445,1,1.7000000000002728,18,3378.408,0.0809933371539494,0.1498297290741875,144.0223972543708,False,0.0758186402852495,0.0051746968686999,0.3344925263065637,0.1388037925393033,0.0110259365348842,0.7634197786444716,0.7634197786444716,0.7634197786444716,False,True,0.8668103076347042,1.2780697959134821,0.04580595373415088,0.23230613895205668,0.23230613895205668,False
normal,N0446,1,1.699999999999818,18,3385.213,0.0399252757828087,0.0484152926356951,84.75476053548948,False,0.0519032954553631,-0.0119780196725544,-0.774259471053621,0.0505158323734864,-0.0021005397377913,-0.145438310531271,0.774259471053621,0.774259471053621,False,True,0.7260869522788499,0.7017866020619146,0.13134443082011096,0.36717073573834086,0.36717073573834086,False
normal,N0449,1,1.599999999999909,17,3410.665,0.0854666464345285,0.1456061411669487,134.28609190730313,False,0.0718899008815066,0.0135767455530219,0.8776011492616429,0.1243001175788625,0.0213060235880862,1.475198026031583,1.475198026031583,1.475198026031583,False,True,0.9810032304711245,1.3320952211728867,0.16956154514613858,0.2737082280272371,0.2737082280272371,False
normal,N0449,2,1.7000000000002728,18,3412.265,0.0759369672974456,0.1425970381593998,140.43769398437823,False,0.0743721608985089,0.0015648063989367,0.1011491221306133,0.1334638438416939,0.0091331943177059,0.6323690656372175,0.6323690656372175,0.6323690656372175,False,True,0.8334400537534635,1.2474220831000167,0.006547571040295137,0.20803425935322545,0.20803425935322545,False
normal,N0450,1,1.7000000000002728,18,3417.874,0.0850509458184393,0.1954527078100423,172.4692303096872,False,0.0872973470381943,-0.0022464012197549,-0.1452074272483422,0.1811795814634347,0.0142731263466076,0.9882504693925452,0.9882504693925452,0.9882504693925452,False,True,0.7601027984076696,1.3922482448444895,0.08556052225622203,0.31787505392275406,0.31787505392275406,False
normal,N0451,1,1.7000000000002728,18,3425.428,0.0408307854708511,0.0551023622950958,83.83420146623999,False,0.051531836615494,-0.0107010511446429,-0.6917161956206762,0.0491445227189159,0.0059578395761798,0.4125121304713063,0.6917161956206762,0.6917161956206762,False,True,0.7507084627675707,0.8074871105515165,0.09799682976846734,0.2268730150804316,0.2268730150804316,False
normal,N0454,1,1.699999999999818,18,3451.261,0.0820567488473001,0.0663324600424089,97.38537056316572,False,0.0569999284737582,0.0250568203735418,1.6196734534638413,0.0693310046450373,-0.0029985446026284,-0.2076148587969574,1.6196734534638413,1.6196734534638413,False,True,1.298749501302853,0.8367948441846799,0.4501429509780448,0.1912211759400878,0.4501429509780448,False
normal,N0454,2,1.6000000000003638,17,3452.961,0.0811662447884514,0.0777624011668575,96.96272792186272,False,0.0568293860822248,0.0243368587062266,1.573135114493535,0.0687014155683423,0.0090609855985152,0.6273694391432372,1.573135114493535,1.573135114493535,False,True,1.290254662878296,0.9852613573831202,0.44358068350335994,0.027893164463638417,0.44358068350335994,False
normal,N0456,1,1.699999999999818,18,3465.373,0.0627897076951664,0.0525486368080932,93.6482166017323,False,0.0554919330378346,0.0072977746573318,0.4717283240902601,0.0637639579675131,-0.0112153211594199,-0.7765324940754329,0.7765324940754329,0.7765324940754329,False,True,1.0334602073592722,0.6893639298419357,0.2216536681308268,0.38503077625835624,0.38503077625835624,False
normal,N0461,1,1.699999999999818,18,3505.074,0.0520842455504114,0.0676280918438813,91.846460675974,False,0.0547648985777263,-0.0026806530273149,-0.1732774742191199,0.0610799745288552,0.006548117315026,0.4533821009543595,0.4533821009543595,0.4533821009543595,False,True,0.8740751259365758,0.9045890393008499,0.054152120958122205,0.11331936753953237,0.11331936753953237,False
normal,N0461,2,1.7000000000002728,18,3506.774,0.0445628249378834,0.0529451487217352,90.33521547279376,False,0.054155089377336,-0.0095922644394526,-0.6200441971317275,0.0588287500210851,-0.0058836012993498,-0.4073719803638616,0.6200441971317275,0.6200441971317275,False,True,0.7603620592730975,0.7200384701541592,0.08521949383109184,0.3414954665319974,0.3414954665319974,False
normal,N0467,1,1.699999999999818,18,3553.266,0.0893454851013748,0.2000573260461166,170.6079056991184,False,0.0865462757560163,0.0027992093453585,0.1809409573831009,0.1784068616087016,0.021650464437415,1.49904660851877,1.49904660851877,1.49904660851877,False,True,0.8071946381850202,1.4405950582988454,0.025449380921455718,0.352011434256675,0.352011434256675,False
normal,N0467,2,1.7000000000002728,18,3554.966,0.1034483753935051,0.2003145231705768,172.8785635443642,False,0.0874625188925077,0.0159858565009973,1.0333261371378042,0.181789344199363,0.0185251789712138,1.2826563970152371,1.2826563970152371,1.2826563970152371,False,True,0.9223321312747677,1.4235014209436758,0.1078911803853892,0.3400747970367144,0.3400747970367144,False
normal,N0468,1,1.699999999999818,18,3561.3,0.0657450538401517,0.1111053757772823,133.15130993486557,False,0.0714320000155364,-0.0056869461753847,-0.3676043334402674,0.1226096910471844,-0.0115043152699021,-0.7965420251620526,0.7965420251620526,0.7965420251620526,False,True,0.7610662285846391,1.025123623952533,0.08429382501391276,0.011768385149233942,0.08429382501391276,False
normal,N0469,1,1.699999999999818,18,3569.628,0.0957480209250069,0.2041442023599168,184.2391906440776,False,0.092046695512576,0.0037013254124308,0.239253761002954,0.1987126880066361,0.0054315143532806,0.3760701390006062,0.3760701390006062,0.3760701390006062,False,True,0.8010370393009199,1.3612617648014573,0.03310702012868006,0.2953672089704759,0.2953672089704759,False
normal,N0472,1,1.7000000000002728,18,3594.573,0.0347353740163475,0.0262442135040173,88.05061426986967,False,0.0532332198952465,-0.0184978458788989,-1.19570118912431,0.0554254967252728,-0.0291812832212555,-2.0204695271780397,2.0204695271780397,2.0204695271780397,False,True,0.608057148460875,0.3661742366258019,0.30874533572397855,1.0176908314059094,1.0176908314059094,True
normal,N0472,2,1.699999999999818,18,3596.273,0.02178940069672,0.0518178094625776,88.02772944878734,False,0.0532239855404139,-0.0314345848436939,-2.0319322975930776,0.0553914063804578,-0.0035735969178801,-0.2474306431368676,2.0319322975930776,2.0319322975930776,False,True,0.38153167087809897,0.723179592941245,0.7748203434537722,0.3371425169296065,0.7748203434537722,False
normal,N0473,1,1.699999999999818,18,3602.141,0.0358948788648495,0.0444734739317219,88.5022653039302,False,0.0534154675909589,-0.0175205887261093,-1.1325312639708245,0.0560982981175929,-0.0116248241858709,-0.8048858868977473,1.1325312639708245,1.1325312639708245,False,True,0.6251480978333799,0.6173525982079153,0.28102562925204105,0.49535977523276636,0.49535977523276636,False
normal,N0474,1,1.699999999999818,18,3608.646,0.0509055844016919,0.0530861998451575,88.31012714996938,False,0.0533379370791764,-0.0024323526774845,-0.1572273338138065,0.0558120797592722,-0.0027258799141147,-0.1887359530921492,0.1887359530921492,0.1887359530921492,False,True,0.8885046940225474,0.7385123125659667,0.07052572321490745,0.3161623336539153,0.3161623336539153,False
normal,N0477,1,1.599999999999909,17,3634.605,0.0454433100505777,0.0390258410249655,86.12049969486922,False,0.0524543908718915,-0.0070110808213138,-0.4531964278421459,0.0525503039869261,-0.0135244629619605,-0.9364141075943304,0.9364141075943304,0.9364141075943304,False,True,0.8133326851081232,0.5567142562087235,0.017873974831844233,0.5987480046000597,0.5987480046000597,False
normal,N0477,2,1.7000000000002728,18,3636.205,0.0425260395581342,0.0533607832619924,87.73713892085414,False,0.0531067280780861,-0.0105806885199518,-0.6839359527528632,0.0549585285676234,-0.001597745305631,-0.1106255567221897,0.6839359527528632,0.6839359527528632,False,True,0.7470957739955817,0.7471801753907253,0.10282081903111896,0.30449375318644606,0.30449375318644606,False
normal,N0478,1,1.7000000000002728,18,3641.185,0.0467079526663048,0.0629532256264742,87.54226894403679,False,0.0530280952364446,-0.0063201425701397,-0.4085341631682544,0.0546682407528356,0.0082849848736386,0.5736402797435838,0.5736402797435838,0.5736402797435838,False,True,0.8223900399536233,0.8834598185505865,0.006799423776239907,0.1369542970113311,0.1369542970113311,False
normal,N0478,2,1.599999999999909,17,3642.885,0.0365400991096244,0.0467670073732226,85.51504418265574,False,0.0522100808545642,-0.0156699817449397,-1.0129079855376095,0.0516483879480257,-0.0048813805748031,-0.3379796778355734,1.0129079855376095,1.0129079855376095,False,True,0.6586155884383207,0.6718675539861475,0.22887416873698757,0.4107388790688972,0.4107388790688972,False
normal,N0480,1,1.7000000000002728,18,3657.613,0.0378872995291444,0.0438734717638245,87.47101688532966,False,0.0529993440047749,-0.0151120444756305,-0.9768429074340628,0.0545621002135948,-0.0106886284497703,-0.7400650583576367,0.9768429074340628,0.9768429074340628,False,True,0.6676276042940555,0.6162038953215696,0.21528366796622578,0.49722220022003594,0.49722220022003594,False
normal,N0480,2,1.599999999999909,17,3659.313,0.0420776989396856,0.0476475627955191,85.66984370102439,False,0.0522725446892341,-0.0101948457495484,-0.6589950670731632,0.0518789848550062,-0.0042314220594871,-0.2929774973567747,0.6589950670731632,0.6589950670731632,False,True,0.7570574131988822,0.6832809760920782,0.08957511382760223,0.393893947708518,0.393893947708518,False
normal,N0481,1,1.699999999999818,18,3664.905,0.0425467272811121,0.041213702796791,88.50437568156447,False,0.0534163191587223,-0.0108695918776101,-0.7026106725313491,0.0561014418389698,-0.0148877390421787,-1.03080535681826,1.03080535681826,1.03080535681826,False,True,0.7409795559497038,0.5720888781371939,0.11104117234832,0.5715057472159368,0.5715057472159368,False
normal,N0483,1,1.699999999999818,18,3680.777,0.0440699733870277,0.0453248952937443,88.17174419606646,False,0.0532820975646558,-0.009212124177628,-0.5954719217395904,0.0556059377668091,-0.0102810424730648,-0.7118443992661698,0.7118443992661698,0.7118443992661698,False,True,0.7704033548058415,0.6315300061852187,0.07209999234939371,0.472654651489758,0.472654651489758,False
normal,N0483,2,1.6000000000003638,17,3682.477,0.046273408997342,0.0612181809365197,86.3419391690846,False,0.0525437448883158,-0.0062703358909738,-0.4053146582650926,0.0528801710199478,0.0083380099165719,0.5773116564480194,0.5773116564480194,0.5773116564480194,False,True,0.8260655411920289,0.8710543121061576,0.0023400893892499617,0.15109577694156195,0.15109577694156195,False
normal,N0484,1,1.699999999999818,18,3688.652,0.0228215963909918,0.0417990899548728,88.44223065444896,False,0.0533912427454349,-0.030569646354443,-1.9760226534708736,0.0560088675778346,-0.0142097776229617,-0.9838642960792804,1.9760226534708736,1.9760226534708736,False,True,0.39773255660823925,0.5806223531574417,0.7332343963596435,0.5566995569357032,0.7332343963596435,False
normal,N0484,2,1.6000000000003638,17,3690.352,0.0342385787483342,0.0346598435139537,86.52865151484565,False,0.0526190860083617,-0.0183805072600275,-1.188116418063221,0.0531583068299381,-0.0184984633159843,-1.2808066439772925,1.2808066439772925,1.2808066439772925,False,True,0.6099027648899549,0.4920998976497909,0.30571466481025467,0.7221183679984438,0.7221183679984438,False
normal,N0485,1,1.699999999999818,18,3697.541,0.0437715056273929,0.0438827001049388,88.31253262038932,False,0.053338907721128,-0.0095674020937351,-0.6184370945245675,0.0558156630652445,-0.0119329629603056,-0.8262209666187706,0.8262209666187706,0.8262209666187706,False,True,0.7639658663634116,0.6104605660017145,0.08049109681872775,0.506586409373382,0.506586409373382,False
normal,N0486,1,1.699999999999818,18,3704.587,0.035454418814867,0.0524537954664229,88.40504248692041,False,0.0533762367843527,-0.0179218179694856,-1.1584667316224266,0.0559534702710553,-0.0034996748046324,-0.2423123837351371,1.1584667316224266,1.1584667316224266,False,True,0.6181560761229059,0.7289311236764418,0.2922732315191611,0.32922086089289665,0.32922086089289665,False
normal,N0486,2,1.6000000000003638,17,3706.287,0.0446719999209927,0.0591997797362754,86.49555673624535,False,0.0526057317886541,-0.0079337318676613,-0.512836613001384,0.0531090072348046,0.0060907725014708,0.4217162125081566,0.512836613001384,0.512836613001384,False,True,0.7960611075607099,0.8408391125857464,0.039338256262231,0.1863997711048549,0.1863997711048549,False
normal,N0491,1,1.699999999999818,18,3755.261,0.0470819223452295,0.0557002753758403,87.15031422289411,False,0.0528699358625811,-0.0057880135173516,-0.3741373287826788,0.0540843658976395,0.0016159094782007,0.1118832175620216,0.3741373287826788,0.3741373287826788,False,True,0.8327028257760437,0.7851904299656259,0.005662619293852094,0.2548738335778379,0.2548738335778379,False
normal,N0492,1,1.599999999999909,17,3761.779,0.0463453205709436,0.0437956288565557,85.98507705078237,False,0.0523997458850081,-0.0060544253140645,-0.3913581935369784,0.0523485718162407,-0.008552942959685,-0.5921933071520368,0.5921933071520368,0.5921933071520368,False,True,0.8307830261422339,0.6257405429481707,0.0033544536020004884,0.4818642908336535,0.4818642908336535,False
normal,N0493,1,1.7000000000002728,18,3769.352,0.0332742176734146,0.0417436674252647,87.3263460744447,False,0.0529409672494212,-0.0196667495760066,-1.271259151373188,0.0543465915229218,-0.0126029240976571,-0.8726080994994173,1.271259151373188,1.271259151373188,False,True,0.5873099704710919,0.5872620350373722,0.34346146827365376,0.5453289906642522,0.5453289906642522,False
normal,N0497,1,1.699999999999818,18,3803.822,0.0410858322471925,0.0429910318684154,88.97856949416091,False,0.0536076631901746,-0.0125218309429821,-0.8094114442599369,0.0568078240528577,-0.0138167921844423,-0.9566545569758672,0.9566545569758672,0.9566545569758672,False,True,0.7117237827630523,0.5935797308812155,0.15132431686816047,0.5346285627035122,0.5346285627035122,False
normal,N0498,1,1.6000000000003638,17,3810.729,0.031989390957371,0.0405410795236285,86.80202458263508,False,0.0527293959776017,-0.0207400050202307,-1.3406344083244237,0.05356553667502,-0.0130244571513914,-0.901794433880632,1.3406344083244237,1.3406344083244237,False,True,0.5680426252705311,0.5737887998906495,0.3768177470560983,0.5685387237140132,0.5685387237140132,False
normal,N0498,2,1.699999999999818,18,3812.329,0.025608401431735,0.034896350772283,88.18935215160077,False,0.0532892026282565,-0.0276808011965215,-1.7892876350727,0.0556321674355268,-0.0207358166632437,-1.435717729462893,1.7892876350727,1.7892876350727,False,True,0.44758046785210764,0.4861278185714099,0.6151578694722861,0.7343285173862353,0.7343285173862353,False
normal,N0504,1,1.699999999999818,18,3859.636,0.0345415340544298,0.0417976372790509,88.49338600761718,False,0.0534118846670407,-0.0188703506126109,-1.2197799038011328,0.0560850710850574,-0.0142874338060064,-0.9892410970324496,1.2197799038011328,1.2197799038011328,False,True,0.6016384972129448,0.5802665457659525,0.31935744548585315,0.5573125482442771,0.5573125482442771,False
normal,N0505,1,1.699999999999818,18,3866.29,0.0395563910372128,0.0449527709447494,89.11122207454112,False,0.0536611904164653,-0.0141047993792525,-0.9117345609074772,0.0570054298016419,-0.0120526588568924,-0.8345085360771883,0.9117345609074772,0.9117345609074772,False,True,0.6842094543052374,0.6197416448142486,0.1907501169608704,0.4914974186018998,0.4914974186018998,False
normal,N0506,1,1.699999999999818,18,3873.48,0.0346674528276242,0.0429034532001795,87.95245361556381,False,0.0531936106577872,-0.0185261578301629,-1.197531274314466,0.0552792718305919,-0.0123758186304123,-0.8568836478862213,1.197531274314466,1.197531274314466,False,True,0.6075454641502567,0.5992815428880163,0.3095871969301483,0.5250685986782876,0.5250685986782876,False
normal,N0509,1,1.699999999999818,18,3899.637,0.0360946395396878,0.0379392616757363,89.40259934482908,False,0.0537787653406618,-0.0176841258009739,-1.1431023043050177,0.0574394795842311,-0.0195002179084947,-1.350166672202635,1.350166672202635,1.350166672202635,False,True,0.6222965198323156,0.5213451548782337,0.2855975083201255,0.6643878001061678,0.6643878001061678,False
normal,N0510,1,1.699999999999818,18,3906.425,0.0517809136742916,0.0306573192076541,88.90289846982913,False,0.0535771288422452,-0.0017962151679536,-0.1161073903581006,0.0566951008070567,-0.0260377815994025,-1.802818055601823,1.802818055601823,1.802818055601823,False,True,0.8977565822392362,0.4236477148819336,0.08088475755571665,0.8718978591353924,0.8718978591353924,True
normal,N0514,1,1.599999999999909,17,3946.985,0.0417421980452282,0.035716453037616,86.55535755627966,False,0.0526298622806292,-0.010887664235401,-0.7037788701605348,0.0531980894508227,-0.0174816364132066,-1.210403030952464,1.210403030952464,1.210403030952464,False,True,0.7433377153808954,0.5069451599703821,0.10786373655241155,0.6923972758818512,0.6923972758818512,False
normal,N0516,1,1.699999999999818,18,3962.777,0.0348987316117808,0.041219951427272,88.52893154428226,False,0.0534262278029167,-0.0185274961911359,-1.1976177859989805,0.056138021448846,-0.014918070021574,-1.0329054296331857,1.1976177859989805,1.1976177859989805,False,True,0.6076160389410249,0.5720169074167303,0.3094710398750279,0.5716315585202185,0.5716315585202185,False
normal,N0519,1,1.699999999999818,18,3988.539,0.0498006939677216,0.0614400872996522,88.04025696609904,False,0.0532290405740369,-0.0034283466063153,-0.2216084046076785,0.0554100679807952,0.006030019318857,0.4175097506737121,0.4175097506737121,0.4175097506737121,False,True,0.8718843900120894,0.8573479926758442,0.051642627405536684,0.16695621257485896,0.16695621257485896,False
normal,N0520,1,1.599999999999909,17,3995.089,0.0339227772005771,0.0302215016250117,86.70255942229986,False,0.0526892603531755,-0.0187664831525983,-1.2130659087629314,0.0534173685245804,-0.0231958668995686,-1.6060480230327503,1.6060480230327503,1.6060480230327503,False,True,0.6030652320254746,0.42822373424759397,0.3169888374290591,0.8611543053153264,0.8611543053153264,True
normal,N0521,1,1.7000000000002728,18,4002.714,0.0301784046233579,0.0315974686996003,88.71345197492067,False,0.0535006844536485,-0.0233222798302906,-1.507552712285236,0.056412892075243,-0.0248154233756426,-1.718183753413103,1.718183753413103,1.718183753413103,False,True,0.5243383312625325,0.4375719017322358,0.4568770611378092,0.8395590687727453,0.8395590687727453,False
normal,N0525,1,1.599999999999909,17,4034.885,0.0369374116573045,0.0488481593433702,86.82472925291965,False,0.0527385576389934,-0.0158011459816889,-1.021386444860836,0.0535993586584267,-0.0047511993150564,-0.3289661171112745,1.021386444860836,1.021386444860836,False,True,0.6557341937597087,0.6911803433668261,0.23325869306017752,0.3823993292149172,0.3823993292149172,False
normal,N0525,2,1.699999999999818,18,4036.485,0.0385527679687925,0.0452605166618765,88.54127233944989,False,0.0534312074914659,-0.0148784395226734,-0.9617426778254512,0.0561564048987775,-0.010895888236901,-0.7544154239989235,0.9617426778254512,0.9617426778254512,False,True,0.6711423048701868,0.6280010378611742,0.2100330141729163,0.47825828877217297,0.47825828877217297,False
normal,N0526,1,1.7000000000002728,18,4042.048,0.0517366804850399,0.0504496054174636,88.75284325670178,False,0.053516579403055,-0.001779898918015,-0.115052707581451,0.0564715712483854,-0.0060219658309218,-0.4169521389046522,0.4169521389046522,0.4169521389046522,False,True,0.8985062334108528,0.6983322706517436,0.08171943632166025,0.37210508593712427,0.37210508593712427,False
normal,N0526,2,1.699999999999818,18,4043.748,0.0409280349740044,0.0363000082644618,88.97411220470093,False,0.0536058646096956,-0.0126778296356911,-0.8194952033957376,0.0568011842572446,-0.0205011759927827,-1.4194715513593277,1.4194715513593277,1.4194715513593277,False,True,0.7090258019010691,0.5012214786743061,0.1551222896203026,0.703752031282282,0.703752031282282,False
normal,N0536,1,1.699999999999818,18,4116.185,0.0341027092651335,0.0437806205199413,89.40737407284574,False,0.0537806920121694,-0.0196779827470359,-1.271985263810567,0.0574465922517893,-0.0136659717318479,-0.9462119686142884,1.271985263810567,1.271985263810567,False,True,0.5879228666552015,0.6015824883488007,0.34241844731591564,0.5212364441349122,0.5212364441349122,False
normal,N0537,1,1.699999999999818,18,4123.182,0.0304897058183395,0.0541997083356236,89.08157434503087,False,0.0536492271307007,-0.0231595213123612,-1.497031997889496,0.0569612650988308,-0.0027615567632071,-0.1912061661348882,1.497031997889496,1.497031997889496,False,True,0.5275579346813964,0.7474732902563647,0.4507555193524081,0.30410153535651635,0.4507555193524081,False
normal,N0538,1,1.6000000000003638,17,4130.757,0.0351595410965167,0.0320795519946346,87.34389483695932,False,0.0529480484277861,-0.0177885073312694,-1.149849528858299,0.0543727330148325,-0.0222931810201978,-1.5435473681419425,1.5435473681419425,1.5435473681419425,False,True,0.6204623780056139,0.4512137786892404,0.2885492363851319,0.8088588702908966,0.8088588702908966,False
normal,N0543,1,1.699999999999818,18,4170.662,0.0389841064359709,0.0447805633754447,88.62563295098742,False,0.053465248212957,-0.014481141776986,-0.936061342276176,0.0562820725771821,-0.0115015092017374,-0.7963477370913379,0.936061342276176,0.936061342276176,False,True,0.6780052289887744,0.6207501253367028,0.1998592071687309,0.48987148158418947,0.48987148158418947,False
normal,N0543,2,1.6000000000003638,17,4172.362,0.0354574979003445,0.0483342823524815,86.79974088120807,False,0.0527284744711922,-0.0172709765708476,-1.1163963284318268,0.0535621347620742,-0.0052278524095926,-0.3619688827965084,1.1163963284318268,1.1163963284318268,False,True,0.6296431257220113,0.68410609345945,0.27386101567754495,0.39268709489281983,0.39268709489281983,False
normal,N0548,1,1.699999999999818,18,4212.549,0.0252264783720509,0.0384997015471837,88.54387551635729,False,0.0534322579108321,-0.0282057795387811,-1.8232222473629,0.056160282717969,-0.0176605811707852,-1.2227929052083233,1.8232222473629,1.8232222473629,False,True,0.43913991068557207,0.5341773246710618,0.6341961419950987,0.6400722553739119,0.6400722553739119,False
normal,N0549,1,1.5999999999994543,17,4218.836,0.045809419251683,0.0616271498773065,86.58317914720004,False,0.0526410886931777,-0.0068316694414946,-0.4415992720653807,0.0532395338485904,0.0083876160287161,0.5807463113666917,0.5807463113666917,0.5807463113666917,False,True,0.8155039463206477,0.8744302388380785,0.01520794626067342,0.14722758923453913,0.14722758923453913,False
normal,N0549,2,1.7000000000007276,18,4220.436,0.0456944221431894,0.0444936554715638,88.21973220087916,False,0.0533014614155925,-0.0076070392724031,-0.4917191960229007,0.0556774230375554,-0.0111837675659916,-0.7743477692464538,0.7743477692464538,0.7743477692464538,False,True,0.7983664230609314,0.6196107803146873,0.03644653862393076,0.491708600663425,0.491708600663425,False
normal,N0550,1,1.7000000000007276,18,4226.628,0.0244060299334224,0.0439651283708653,86.87892472617423,False,0.0527604262928297,-0.0283543963594073,-1.8328288421150691,0.0536800908766956,-0.0097149625058302,-0.6726498472284381,1.8328288421150691,1.8328288421150691,False,True,0.43299961629379585,0.6216995043810654,0.6482773656067935,0.48834324380870636,0.6482773656067935,False
normal,N0550,2,1.5999999999994543,17,4228.328,0.0368474979156938,0.0374327781991382,86.12448210445068,False,0.0524559978315016,-0.0156084999158078,-1.0089337986682934,0.0525562363783281,-0.0151234581791898,-1.0471262063742068,1.0471262063742068,1.0471262063742068,False,True,0.6594565537144303,0.5339640891861838,0.2275981150775152,0.6404715199000204,0.6404715199000204,False
normal,N0551,1,1.699999999999818,18,4235.853,0.0398638705360017,0.0284428305231154,88.30644795775206,False,0.0533364524721388,-0.0134725819361371,-0.8708680106363121,0.0558065990552336,-0.0273637685321181,-1.8946274585905405,1.8946274585905405,1.8946274585905405,False,True,0.6958119077395263,0.39570087467513493,0.1739348311419448,0.9401415490441407,0.9401415490441407,True
normal,N0555,1,1.7000000000007276,18,4260.918,0.039036699357428,0.0440545687692484,88.30421514613572,False,0.0533355515005007,-0.0142988521430726,-0.9242781360876154,0.05580327295023,-0.0117487041809815,-0.8134631572408667,0.9242781360876154,0.9242781360876154,False,True,0.6813911116736583,0.6129091887705296,0.19487774652284562,0.5025833252213907,0.5025833252213907,False
normal,N0555,2,1.699999999999818,18,4262.618,0.0280806145617695,0.0413091634016527,88.48151222416958,False,0.0534070934244452,-0.0253264788626756,-1.6371041844919638,0.0560673833185448,-0.014758219916892,-1.0218376413191044,1.6371041844919638,1.6371041844919638,False,True,0.4891689483625603,0.573562139295493,0.5263062799733987,0.5689338261893996,0.5689338261893996,False
normal,N0556,1,1.6000000000003638,17,4268.929,0.0385363189868833,0.0376511842716643,86.71708127147076,False,0.0526951201284208,-0.0141588011415375,-0.9152252360813128,0.0534390009788525,-0.0157878167071881,-1.093125422747382,1.093125422747382,1.093125422747382,False,True,0.6849681617284392,0.5334093225997832,0.18964184949874827,0.6415110185988424,0.6415110185988424,False
normal,N0557,1,1.699999999999818,18,4275.185,0.0294227441125247,0.0393599583064932,88.1865964831847,False,0.0532880906763709,-0.0238653465638461,-1.5426565586107654,0.055628062457552,-0.0162681041510587,-1.1263798254845427,1.5426565586107654,1.5426565586107654,False,True,0.5142631459779797,0.5483257747131578,0.47627911584632626,0.6139305181652492,0.6139305181652492,False
normal,N0557,2,1.699999999999818,18,4276.885,0.027402390898322,0.041416028126533,88.46580699156773,False,0.0534007561369456,-0.0259983652386235,-1.6805349355068069,0.0560439880386397,-0.0146279599121067,-1.0128186284030716,1.6805349355068069,1.6805349355068069,False,True,0.4774389241480644,0.5751480028958247,0.5505779632549934,0.5661727038668811,0.5661727038668811,False
normal,N0558,1,1.699999999999818,18,4283.108,0.0421050251843859,0.058298613583191,87.37877430056382,False,0.0529621227935912,-0.0108570976092052,-0.7018030427301912,0.0544246911637279,0.003873922419463,0.2682247432311536,0.7018030427301912,0.7018030427301912,False,True,0.742733122909526,0.8196697187605935,0.10867741580530794,0.21189863076399518,0.21189863076399518,False
normal,N0561,1,1.5999999999994543,17,4309.171,0.0641412700932595,0.0529228738148593,88.33204212604974,False,0.0533467800875856,0.0107944900056738,0.6977560857774284,0.0558447253757053,-0.0029218515608459,-0.2023047443412877,0.6977560857774284,0.6977560857774284,False,True,1.1192422439539356,0.7360575317913467,0.3013929599627326,0.319491824015755,0.319491824015755,False
normal,N0568,1,1.6000000000003638,17,4356.936,0.0564071305911709,0.0485074590789305,83.23439956606269,False,0.0512898079120314,0.0051173226791394,0.330783857354965,0.0482510285760431,0.0002564305028873,0.0177548743485487,0.330783857354965,0.330783857354965,False,True,1.0445661930684387,0.7159658167378062,0.23234274450713074,0.3471676840497269,0.3471676840497269,False
normal,N0568,2,1.699999999999818,18,4358.536,0.0391153252724129,0.0451199651441699,85.06349828563404,False,0.0520278755831609,-0.0129125503107479,-0.8346675533069079,0.0509757431729627,-0.0058557780287927,-0.4054455376546476,0.8346675533069079,0.8346675533069079,False,True,0.7087752041891323,0.6516465928071241,0.1554757915764581,0.4412977284838743,0.4412977284838743,False
normal,N0570,1,1.7000000000007276,18,4371.949,0.0504067202409008,0.0538850515918427,84.03265701576032,False,0.0516119162873509,-0.00120519604645,-0.0779039005569918,0.0494401517775511,0.0044448998142915,0.3077583860189485,0.3077583860189485,0.3077583860189485,False,True,0.9245814034173558,0.7877833907062669,0.11032689078801958,0.25157694070493236,0.25157694070493236,False
normal,N0571,1,1.699999999999818,18,4380.0,0.0775961398212995,0.1646964692989972,167.26955898462205,False,0.0851992047867859,-0.0076030649654864,-0.4914622967310967,0.1734338976427663,-0.008737428343769,-0.6049668063133089,0.6049668063133089,0.6049668063133089,False,True,0.71503617501081,1.2096340126964586,0.1466810716174199,0.17727301610700394,0.17727301610700394,False
normal,N0574,1,1.6000000000003638,17,4406.021,0.0594666155665611,0.1097245730414005,123.8196911878595,False,0.0676665574821312,-0.00819994191557,-0.5300444367082695,0.1087088569692871,0.0010157160721133,0.0703267007283345,0.5300444367082695,0.5300444367082695,False,True,0.7402668722428913,1.0886813816885725,0.11200344810236192,0.0719223934401996,0.11200344810236192,False
normal,N0575,1,1.699999999999818,18,4413.121,0.1080431083806623,0.1689257371358458,189.3499429908503,False,0.0941089576758703,0.013934150704792,0.900703826609504,0.206325913783622,-0.0374001766477762,-2.5895337314318545,2.5895337314318545,2.5895337314318545,False,True,0.8795017351992109,1.0960169150420698,0.06034132966139177,0.07863779293654449,0.07863779293654449,False
normal,N0575,2,1.699999999999818,18,4414.821,0.0869033875864456,0.1743945457399208,188.6944485454876,False,0.0938444562284905,-0.0069410686420448,-0.4486708389409777,0.2053494573111698,-0.0309549115712489,-2.1432729695945327,2.1432729695945327,2.1432729695945327,False,True,0.7098758338580962,1.1354300593503044,0.15392413460054116,0.1139666571800739,0.15392413460054116,False
normal,N0576,1,1.699999999999818,18,4421.037,0.0555471504749693,0.10346745400232,112.43911197475262,False,0.0630743298970117,-0.0075271794220423,-0.4865570534326354,0.0917557915215028,0.0117116624808172,0.810898443898777,0.810898443898777,0.810898443898777,False,True,0.7614636688211159,1.1305062518975517,0.08377174627354662,0.10962071402354451,0.10962071402354451,False
normal,N0578,1,1.699999999999818,18,4435.711,0.0974705901319298,0.094528517568627,110.4194132393587,False,0.0622593523749867,0.0352112377569431,2.2760552300061483,0.088747149851797,0.0057813677168299,0.400293476085289,2.2760552300061483,2.2760552300061483,False,True,1.3606078414335017,1.0517294256040577,0.4966726136587353,0.03739105233509161,0.4966726136587353,False
normal,N0583,1,1.6000000000003638,17,4484.616,0.0646854353758611,0.1858662529837928,171.08499944073836,False,0.0867387899505866,-0.0220533545747255,-1.425529354164397,0.1791175636981959,0.0067486892855968,0.4672694119225469,1.425529354164397,1.425529354164397,False,True,0.58277294542303,1.3346740721268149,0.35121655592595924,0.2756422924131422,0.35121655592595924,False
normal,N0587,1,1.7000000000007276,18,4524.614,0.0796197040694771,0.1020157075146872,119.95885481943672,False,0.0661086544140444,0.0135110496554326,0.8733545649089388,0.1029575669504385,-0.0009418594357512,-0.0652129748507604,0.8733545649089388,0.8733545649089388,False,True,1.0230410421223846,1.0447715730937666,0.21152067707087865,0.030753442278844464,0.21152067707087865,False
normal,N0587,2,1.699999999999818,18,4526.314,0.0691886961753467,0.0975983093515342,117.6708686968476,False,0.0651854190681295,0.0040032771072171,0.2587719255977834,0.0995492713133233,-0.0019509619617891,-0.1350817632861069,0.2587719255977834,0.2587719255977834,False,True,0.9062979467313854,1.0189665975964008,0.09035390405487156,0.0057441452093004094,0.09035390405487156,False
normal,N0588,1,1.6000000000003638,17,4532.317,0.0675036973118118,0.041059534087354,84.81722067703843,False,0.0519284990218618,0.0155751982899499,1.0067811807959828,0.0506088760444393,-0.0095493419570853,-0.6611825217761441,1.0067811807959828,1.0067811807959828,False,True,1.226728153521145,0.5947255443817318,0.39309165893888126,0.5327000787028463,0.5327000787028463,False
normal,N0593,1,1.699999999999818,18,4571.875,0.0781464487491985,0.045489520301689,86.2050999287432,False,0.0524885282844457,0.0256579204647527,1.6585285773820004,0.0526763286184414,-0.0071868083167524,-0.4976041352112723,1.6585285773820004,1.6585285773820004,False,True,1.3972724506574963,0.64828356279322,0.5232631583133226,0.44647191034644773,0.5232631583133226,False
normal,N0593,2,1.6000000000003638,17,4573.575,0.0790690021228665,0.0635327382323013,84.41825576000132,False,0.0517675109330128,0.0273014911898537,1.7647690273932584,0.0500145584597851,0.0135181797725161,0.935979068713082,1.7647690273932584,1.7647690273932584,False,True,1.4436924736272256,0.9245870616912041,0.5559451209165908,0.09145288984054793,0.5559451209165908,False
normal,N0597,1,1.699999999999818,18,4604.905,0.0780153260032212,0.1356771203091696,153.4407786916103,False,0.0796190928134878,-0.0016037668102665,-0.1036675240278316,0.1528338725490999,-0.0171567522399303,-1.187908524217099,1.187908524217099,1.187908524217099,False,True,0.7836893462676178,1.0863066451368228,0.05500150763219789,0.06973871475681397,0.06973871475681397,False
normal,N0597,2,1.6000000000003638,17,4606.605,0.0686768085515301,0.1241706760267543,150.10061486265465,False,0.0782712886124079,-0.0095944800608777,-0.6201874149523313,0.1478582017209059,-0.0236875256941516,-1.640089761522869,1.640089761522869,1.640089761522869,False,True,0.705232702494202,1.016302951975198,0.16048638464272758,0.0031266568844395817,0.16048638464272758,False
normal,N0598,1,1.699999999999818,18,4612.309,0.0624060526217876,0.0398263425574079,85.07397734719021,False,0.0520321040353902,0.0103739485863974,0.6705722786251355,0.0509913532937717,-0.0111650107363638,-0.7730490736955382,0.7730490736955382,0.7730490736955382,False,True,1.1306671766953171,0.5751224231228422,0.3115489518774423,0.5662171799699054,0.5662171799699054,False
