source,segment_id,cycle_id,cycle_id_07,cycle_start_sec,source_row_start,source_row_end,status,n_samples,cycle_duration,period,seg_acf,return_error,template_corr,shape_rmse,amplitude,offset_ratio,flag_period,flag_shape,flag_amplitude,verdict,rms_group,rms_detected_rows,rms_missed_rows,rms_not_evaluable_rows
normal,N0000,1,1,1.7,17,34,full_cycle,18,1.7,1.7,0.9913801738645865,0.041301445475773996,0.9989107777460581,0.04593874309352098,439.24885,0.009892007015800617,False,False,False,period_kept_normal_like,Normal,0,18,0
normal,N0001,0,,,41,77,partial,37,3.6,,,0.033452468367138215,0.9985229692066058,0.05361177188307488,435.4925155332054,0.015812098629516703,False,False,False,period_kept_normal_like,Normal,0,28,9
normal,N0002,0,,,78,101,partial,24,2.3,,,0.05145962121811868,0.9981320072256796,0.059835770941088086,220.9299783185548,0.022704201964731403,False,False,False,period_kept_normal_like,Normal,0,15,9
normal,N0003,0,,,102,111,partial,10,0.9,,,,0.9994151210796366,0.032446603160485366,418.1693492580342,0.01655995816888981,False,False,False,period_unknown_normal_like,Normal,0,1,9
normal,N0004,1,1,34.033,125,142,full_cycle,18,1.7,1.7,0.9920622322130015,0.037786645905009665,0.9982574931729395,0.05810427675679239,221.30086,0.01077103493460282,False,False,False,period_kept_normal_like,Normal,0,18,0
normal,N0005,1,1,39.937,164,181,full_cycle,18,1.7,1.7,0.9915123715095384,0.0420627246975081,0.9974422950529999,0.07039569116652855,441.70707000000004,0.010324981560610234,False,False,False,period_kept_normal_like,Normal,0,11,7
normal,N0005,2,2,41.637,181,197,full_cycle,17,1.6,1.7,0.9915123715095384,0.04069002124413604,0.9986647595779904,0.05086283827750523,438.96752000000004,-0.017501437520935494,False,False,False,period_kept_normal_like,Normal,0,17,0
normal,N0006,1,1,49.357,229,246,full_cycle,18,1.7,1.7,0.9913998595815178,0.039925812450269695,0.9948908975847149,0.09949314513882397,218.27736,0.011822224444974366,False,False,False,period_kept_normal_like,Normal,0,18,0
normal,N0007,1,1,56.049,268,285,full_cycle,18,1.7,1.7,0.9919634066011431,0.04081913496632685,0.9943699910988122,0.10444205209613418,508.70663,0.01009668821358612,False,False,False,period_kept_normal_like,Normal,0,15,3
normal,N0008,0,,,303,328,partial,26,2.5,,,0.030088856234472928,0.9986849548698257,0.05028849712053887,377.58445704652615,0.020461199433246337,False,False,False,period_kept_normal_like,Normal,0,17,9
normal,N0009,0,,,329,341,partial,13,1.2,,,,0.9963726594236061,0.0818329319798567,226.14036020240445,0.01675597478286698,False,False,False,period_unknown_normal_like,Normal,0,4,9
normal,N0010,1,1,82.803,358,375,full_cycle,18,1.7,1.7,0.9938282416973814,0.03535352448674859,0.9965174500827851,0.0821428053124807,447.65097000000003,0.009217792392770542,False,False,False,period_kept_normal_like,Normal,0,18,0
normal,N0011,1,1,88.438,398,415,full_cycle,18,1.7,1.7,0.9931649767063896,0.034850524236128735,0.993920229241382,0.10853366226578127,220.60159,0.011364631703377174,False,False,False,period_kept_normal_like,Normal,0,15,3
normal,N0011,2,2,90.138,415,432,full_cycle,18,1.7,1.7,0.9931649767063896,0.030470378735799716,0.9986378426840784,0.05137294813029378,222.17097,0.011273840406888124,False,False,False,period_kept_normal_like,Normal,0,18,0
normal,N0012,1,1,95.927,445,462,full_cycle,18,1.7,1.7,0.9911364359708967,0.040761822622634135,0.9946951798135188,0.10138091098085025,398.87982,0.01033224626257544,False,False,False,period_kept_normal_like,Normal,0,12,6
normal,N0013,0,,,482,506,partial,25,2.4,,,0.03819731395056445,0.9987972415492616,0.0480551373467805,495.7208974041011,0.016211831737941777,False,False,False,period_kept_normal_like,Normal,0,16,9
normal,N0014,0,,,507,520,partial,14,1.3,,,,0.9982738467586539,0.05661901767515704,223.85716249818213,0.02385454541241209,False,False,False,period_unknown_normal_like,Normal,0,5,9
normal,N0015,1,1,123.075,539,556,full_cycle,18,1.7,1.7,0.9923278926702237,0.040748356619862515,0.9866641719145534,0.16074254855374578,518.09782,0.009385858605529245,False,False,False,period_kept_normal_like,Normal,0,18,0
normal,N0016,1,1,128.605,578,595,full_cycle,18,1.7,1.7,0.9929165728291682,0.038103639522545946,0.9965664232989511,0.08156319548842289,335.56323,0.009393703272449452,False,False,False,period_kept_normal_like,Normal,0,16,2
normal,N0016,2,2,130.305,595,612,full_cycle,18,1.7,1.7,0.9929165728291682,0.03313233780834588,0.9991955056429396,0.03948047386752581,328.13887,0.01072525751780928,False,False,False,period_kept_normal_like,Normal,0,18,0
normal,N0017,0,,,621,656,partial,36,3.5,,,0.036857037519826184,0.9981150128241559,0.060541331682736794,223.46145158391448,0.017392051528835634,False,False,False,period_kept_normal_like,Normal,0,27,9
normal,N0018,0,,,657,692,partial,36,3.5,,,0.03775177015927248,0.9987051376824762,0.050177563109716085,300.12183338378736,0.015897492317055947,False,False,False,period_kept_normal_like,Normal,0,27,9
normal,N0019,0,,,693,715,partial,23,2.2,,,0.038340687094763154,0.9985470134096763,0.05272216346679704,225.78839406999273,0.01742838806411266,False,False,False,period_kept_normal_like,Normal,0,14,9
normal,N0020,0,,,716,737,partial,22,2.1,,,0.0391185680893764,0.9984789997629309,0.05388624801667095,228.1954436472397,0.018562658558802788,False,False,False,period_kept_normal_like,Normal,0,13,9
normal,N0021,0,,,738,748,partial,11,1.0,,,,0.9982386327706884,0.05659051043660363,277.1701406051806,0.023819423354666927,False,False,False,period_unknown_normal_like,Normal,0,2,9
normal,N0022,1,1,178.715,763,780,full_cycle,18,1.7,1.7,0.9948954799416776,0.0320725814134175,0.9990249676479909,0.04346406771135854,290.70369,0.0100501063471193,False,False,False,period_kept_normal_like,Normal,0,18,0
normal,N0023,1,1,185.581,815,831,full_cycle,17,1.6,1.7,0.9889754921539899,0.04650220169335427,0.9955842487501712,0.09249604341021221,222.05749,-0.016495913963541598,False,False,False,period_kept_normal_like,Normal,0,17,0
normal,N0024,0,,,849,884,partial,36,3.5,,,0.04213701111583255,0.9990052359344981,0.04398026217178352,493.44145198651705,0.015462798170209303,False,False,False,period_kept_normal_like,Normal,0,27,9
normal,N0025,0,,,885,910,partial,26,2.5,,,0.03154030790691941,0.9967900229119783,0.07856865062847994,230.74036349260007,0.013305927870568763,False,True,False,period_kept_form_broken,Normal,0,17,9
normal,N0026,0,,,911,922,partial,12,1.1,,,,0.9975782849293785,0.06663190649235734,229.82466384810417,0.013798294577436905,False,False,False,period_unknown_normal_like,Normal,0,3,9
normal,N0027,1,1,226.457,941,958,full_cycle,18,1.7,1.7,0.9897579106763371,0.044913323964985805,0.9982777215691979,0.05776603205759318,223.1628,0.013496046252279662,False,False,False,period_kept_normal_like,Normal,0,18,0
normal,N0028,1,1,233.925,987,1004,full_cycle,18,1.7,1.7,0.993411299677577,0.03348266876529475,0.9991389891659094,0.04084370809623948,251.99356999999998,0.011891433438979741,False,False,False,period_kept_normal_like,Normal,0,18,0
normal,N0029,1,1,240.921,1031,1048,full_cycle,18,1.7,1.7,0.987903921127056,0.050224031871690014,0.9960005604802551,0.08802791642147346,285.87214,0.01318288452930288,False,False,False,period_kept_normal_like,Normal,0,17,1
normal,N0030,0,,,1065,1091,partial,27,2.6,,,0.03635461563652548,0.9994883284034867,0.03139174403062432,513.5406460257741,0.016006843378763874,False,False,False,period_kept_normal_like,Normal,0,18,9
normal,N0031,0,,,1092,1104,partial,13,1.2,,,,0.9987529201915311,0.047982300745858304,359.21787326563583,0.019324446403189175,False,False,False,period_unknown_normal_like,Normal,0,4,9
normal,N0032,0,,,1105,1106,not_evaluable,2,,,,,,,,,False,,,not_evaluable,Normal,0,0,2
normal,N0033,1,1,266.008,1109,1126,full_cycle,18,1.7,1.7,0.9897358309813117,0.04543341424742114,0.9993636446636173,0.03511322349545876,403.64914,0.01114896262747045,False,False,False,period_kept_normal_like,Normal,0,11,7
normal,N0033,2,2,267.708,1126,1143,full_cycle,18,1.7,1.7,0.9897358309813117,0.04329272277072449,0.9918462632872133,0.12568955756555167,413.19792,0.011711248805557456,False,False,False,period_kept_normal_like,Normal,0,18,0
normal,N0034,1,1,274.018,1172,1188,full_cycle,17,1.6,1.7,0.992007721108248,0.03999657310995194,0.9950094151540969,0.09833238601263462,468.35833,-0.01741324358958236,False,False,False,period_kept_normal_like,Normal,0,17,0
normal,N0035,0,,,1207,1244,partial,38,3.7,,,0.04183093915541099,0.9980332445410589,0.06188697336818969,222.04937523044828,0.019631374672355133,False,False,False,period_kept_normal_like,Normal,0,29,9
normal,N0036,0,,,1245,1281,partial,37,3.6,,,0.04337049921485754,0.9986484867391022,0.05128325019863823,436.49905333611423,0.01447924942239877,False,False,False,period_kept_normal_like,Normal,0,28,9
normal,N0037,0,,,1282,1305,partial,24,2.3,,,0.05016576162092074,0.9982353024418826,0.058157862636034195,222.00826813517926,0.02021157373692218,False,False,False,period_kept_normal_like,Normal,0,15,9
normal,N0038,0,,,1306,1317,partial,12,1.1,,,,0.9994519076202821,0.03169914871858268,474.746941560187,0.01702329457277469,False,False,False,period_unknown_normal_like,Normal,0,3,9
normal,N0039,0,,,1318,1329,partial,12,1.1,,,,0.9982896156783844,0.055997362345280716,228.5845076150461,0.02154528314655097,False,False,False,period_unknown_normal_like,Normal,0,3,9
normal,N0040,0,,,1330,1330,not_evaluable,1,,,,,,,,,False,,,not_evaluable,Normal,0,0,1
normal,N0041,1,1,322.877,1335,1352,full_cycle,18,1.7,1.7,0.9955916886812749,0.029309346026740436,0.9831358128860794,0.1807605115428185,254.4004,0.00945594008962435,False,False,False,period_kept_normal_like,Normal,0,13,5
normal,N0041,2,2,324.577,1352,1369,full_cycle,18,1.7,1.7,0.9955916886812749,0.025830584824240985,0.9943085687530808,0.1050102282680421,249.02895,0.009627487085336861,False,False,False,period_kept_normal_like,Normal,0,18,0
normal,N0042,1,1,330.088,1392,1408,full_cycle,17,1.6,1.7,0.9914079498491614,0.04309817801578857,0.9986297387896741,0.051525538279642666,219.43357,-0.017003536651206106,False,False,False,period_kept_normal_like,Normal,0,17,0
normal,N0042,2,2,331.688,1408,1425,full_cycle,18,1.7,1.7,0.9914079498491614,0.03373593046321795,0.9978608346883352,0.06437882253777705,219.85295,0.012811163365438256,False,False,False,period_kept_normal_like,Normal,0,18,0
normal,N0043,1,1,336.88,1435,1451,full_cycle,17,1.6,1.7,0.9901635091405356,0.042181402317130544,0.9984426061286792,0.054931326451167425,485.97866,-0.01717249168924413,False,False,False,period_kept_normal_like,Normal,0,12,5
normal,N0043,2,2,338.48,1451,1468,full_cycle,18,1.7,1.7,0.9901635091405356,0.03581006211241789,0.9970897334095451,0.07509088838872005,495.56273999999996,0.00972851590900478,False,False,False,period_kept_normal_like,Normal,0,18,0
normal,N0044,0,,,1474,1502,partial,29,2.8,,,0.033195045546642744,0.9992670868030038,0.03762021605824383,371.9769234633716,0.016086058518424737,False,False,False,period_kept_normal_like,Normal,0,20,9
normal,N0045,0,,,1503,1519,partial,17,1.6,,,,0.998046177230605,0.06064473626382233,220.01628628726982,0.0175358439044038,False,False,False,period_unknown_normal_like,Normal,0,8,9
normal,N0046,0,,,1520,1524,not_evaluable,5,,,,,,,,,False,,,not_evaluable,Normal,0,0,5
normal,N0047,1,1,363.341,1533,1550,full_cycle,18,1.7,1.7,0.9932067873049388,0.03558992953795516,0.9875859713221715,0.1550876544515811,441.49142,0.010519705203410962,False,False,False,period_kept_normal_like,Normal,0,17,1
normal,N0047,2,2,365.041,1550,1566,full_cycle,17,1.6,1.7,0.9932067873049388,0.03938786552515503,0.9956893061168232,0.09138910984715587,435.22757,-0.017009737572461228,False,False,False,period_kept_normal_like,Normal,0,17,0
normal,N0048,1,1,370.258,1586,1603,full_cycle,18,1.7,1.7,0.9931852894032052,0.034401552371293234,0.993103005531273,0.11559812620954678,218.61568,0.01095442709970193,False,False,False,period_kept_normal_like,Normal,0,18,0
normal,N0048,2,2,371.958,1603,1619,full_cycle,17,1.6,1.7,0.9931852894032052,0.03163374783690366,0.9986516391678365,0.05111212294864101,217.61050999999998,-0.019264816586754014,False,False,False,period_kept_normal_like,Normal,0,17,0
normal,N0049,1,1,378.015,1636,1652,full_cycle,17,1.6,1.7,0.9917520065731668,0.03820858705537451,0.997713463639458,0.06655947865293432,366.43939,-0.018115349341947112,False,False,False,period_kept_normal_like,Normal,0,17,0
normal,N0050,0,,,1665,1686,partial,22,2.1,,,0.04048947979585907,0.9985045147105888,0.05343236257825232,488.9464102728407,0.013507600474510644,False,False,False,period_kept_normal_like,Normal,0,13,9
normal,N0051,1,1,390.165,1695,1712,full_cycle,18,1.7,1.7,0.9964034374912398,0.02410270976726747,0.9916248825712765,0.12738441827065022,224.24689,0.006663870501366225,False,False,False,period_kept_normal_like,Normal,0,17,1
normal,N0051,2,2,391.865,1712,1729,full_cycle,18,1.7,1.7,0.9964034374912398,0.03681984534652122,0.9971536138314616,0.07426219227536765,220.54984000000002,0.010397845301756097,False,False,False,period_kept_normal_like,Normal,0,18,0
normal,N0052,1,1,397.412,1749,1766,full_cycle,18,1.7,1.7,0.9914228174006973,0.04117707556064368,0.9968135464163175,0.07857323856367895,357.13831,0.009433426012262337,False,False,False,period_kept_normal_like,Normal,1,17,0
normal,N0052,2,,399.112,1766,1783,full_cycle,18,1.7,1.7,0.9914228174006973,0.02858162827904352,0.9983606301196546,0.05635848776510543,366.51961,0.010012126355418809,False,False,False,period_kept_normal_like,Normal,3,15,0
normal,N0053,1,1,403.621,1793,1809,full_cycle,17,1.6,1.7,0.9920465924351836,0.03966851881002209,0.9923412212281095,0.12181495749922391,497.73865,-0.01810883608295237,False,False,False,period_kept_normal_like,Normal,0,14,3
normal,N0053,2,2,405.221,1809,1826,full_cycle,18,1.7,1.7,0.9920465924351836,0.03703938201993064,0.9977387039700529,0.06619109500546423,496.46073,0.009604802804372278,False,False,False,period_kept_normal_like,Normal,0,18,0
normal,N0054,1,1,410.127,1842,1858,full_cycle,17,1.6,1.7,0.9845894077031522,0.055548945575456275,0.998005103861068,0.06217001905405233,222.95621,-0.020056896486534283,False,False,True,period_kept_form_broken,Normal,0,13,4
normal,N0054,2,2,411.727,1858,1875,full_cycle,18,1.7,1.7,0.9845894077031522,0.05945601586979982,0.9971633891168495,0.07413456404474422,219.53312,0.019475632973230798,True,False,False,period_broken,Normal,0,18,0
normal,N0055,1,1,419.579,1905,1922,full_cycle,18,1.7,1.7,0.9932924356024003,0.03971077497691199,0.9944461006891074,0.10373369710395249,404.78079,0.011243758119345651,False,False,False,period_kept_normal_like,Normal,0,18,0
normal,N0056,1,1,425.625,1945,1962,full_cycle,18,1.7,1.7,0.9893519567632011,0.044399463278362285,0.9978585477663716,0.06441322614692324,224.52607,0.012577158110650317,False,False,False,period_kept_normal_like,Normal,0,17,1
normal,N0056,2,2,427.325,1962,1978,full_cycle,17,1.6,1.7,0.9893519567632011,0.047604378689806985,0.9933758400273569,0.11328861349224767,226.48372999999998,-0.017833928677790673,False,False,False,period_kept_normal_like,Normal,0,17,0
normal,N0057,1,1,433.228,1993,2010,full_cycle,18,1.7,1.7,0.9932976029711844,0.0353386455439643,0.9994957059230373,0.031258115332110356,279.8008,0.01033668826915014,False,False,False,period_kept_normal_like,Normal,0,15,3
normal,N0057,2,2,434.928,2010,2026,full_cycle,17,1.6,1.7,0.9932976029711844,0.034301223301167014,0.9922760568178276,0.12233208865812482,277.1844,-0.018375401447556217,False,False,False,period_kept_normal_like,Normal,0,17,0
normal,N0058,1,1,439.829,2042,2059,full_cycle,18,1.7,1.7,0.9899970971216212,0.043939069983947254,0.9864006666958235,0.16232285198591728,225.45793,0.012529527844794386,False,False,False,period_kept_normal_like,Normal,0,14,4
normal,N0058,2,2,441.529,2059,2076,full_cycle,18,1.7,1.7,0.9899970971216212,0.032572068396291,0.9984059002568539,0.055574888684960216,227.20828,0.013296950166035278,False,False,False,period_kept_normal_like,Normal,0,18,0
normal,N0059,1,1,446.452,2092,2109,full_cycle,18,1.7,1.7,0.9919084035641276,0.04083005684025173,0.9944731975355036,0.10348033520897422,487.74725,0.009815453296643241,False,False,False,period_kept_normal_like,Normal,0,14,4
normal,N0059,2,2,448.152,2109,2125,full_cycle,17,1.6,1.7,0.9919084035641276,0.03624084488420662,0.9982249290103085,0.058644693217101,483.07616,-0.018465879815927986,False,False,False,period_kept_normal_like,Normal,0,17,0
normal,N0060,1,1,453.828,2147,2164,full_cycle,18,1.7,1.7,0.9942572070366625,0.03346824736560193,0.9990158968893296,0.043665773517986034,318.93149,0.01019384592781426,False,False,False,period_kept_normal_like,Normal,0,18,0
normal,N0060,2,2,455.528,2164,2180,full_cycle,17,1.6,1.7,0.9942572070366625,0.03537882096206578,0.995878031264237,0.08936618166589078,316.76261,-0.018001134982440003,False,False,False,period_kept_normal_like,Normal,0,17,0
normal,N0061,1,1,461.141,2203,2219,full_cycle,17,1.6,1.7,0.989404275777167,0.04767161130159274,0.9981483822932511,0.059895820445388215,217.96503,-0.018378341183904585,False,False,False,period_kept_normal_like,Normal,0,17,0
normal,N0062,1,1,467.905,2253,2270,full_cycle,18,1.7,1.7,0.9925876810362497,0.03750397317384842,0.9936744732931512,0.1107055011935719,522.52085,0.009705001526845914,False,False,False,period_kept_normal_like,Normal,0,18,0
normal,N0063,1,1,474.16,2300,2317,full_cycle,18,1.7,1.7,0.9934589342307368,0.03241769154712976,0.9985874626223891,0.052314349552695594,435.13219,0.007926661253418728,False,False,False,period_kept_normal_like,Normal,0,18,0
normal,N0064,1,1,481.148,2351,2367,full_cycle,17,1.6,1.7,0.9922805942807345,0.037100546194417244,0.9967217918355114,0.07969647619999762,221.76078,-0.018506749423861154,False,False,False,period_kept_normal_like,Normal,0,17,0
normal,N0065,1,1,487.018,2394,2410,full_cycle,17,1.6,1.7,0.9892806723007881,0.047596522940814255,0.9960164528379032,0.08785284643403846,413.26432,-0.01655241084567862,False,False,False,period_kept_normal_like,Normal,0,15,2
normal,N0065,2,2,488.618,2410,2427,full_cycle,18,1.7,1.7,0.9892806723007881,0.04007938328993226,0.9983413471638625,0.05668897485417242,432.07078,0.010441310238159423,False,False,False,period_kept_normal_like,Normal,0,18,0
normal,N0066,1,1,493.473,2441,2457,full_cycle,17,1.6,1.7,0.9922222590422483,0.039974758357114774,0.9947373564214862,0.10097708617983937,468.92649,-0.017395339246029803,False,False,False,period_kept_normal_like,Normal,0,12,5
normal,N0066,2,2,495.073,2457,2474,full_cycle,18,1.7,1.7,0.9922222590422483,0.03790313178160854,0.9987386940302756,0.04943460646491258,469.4789,0.009308078031396336,False,False,False,period_kept_normal_like,Normal,0,18,0
normal,N0067,1,1,507.005,2493,2510,full_cycle,18,1.7,1.7,0.9939391846112662,0.03369588796604267,0.9986387765826759,0.051355334397368696,374.78283999999996,0.008363407114872807,False,False,False,period_kept_normal_like,Normal,1,14,3
normal,N0067,2,2,508.705,2510,2527,full_cycle,18,1.7,1.7,0.9939391846112662,0.031199644747609685,0.9977961742346593,0.06534456687703695,369.79906000000005,0.009374829130176806,False,False,False,period_kept_normal_like,Normal,0,18,0
normal,N0068,1,1,514.187,2547,2564,full_cycle,18,1.7,1.7,0.9927509748622699,0.038878443621096166,0.9993338485489112,0.03592587419235494,497.30748,0.009449417964302724,False,False,False,period_kept_normal_like,Normal,0,18,0
normal,N0068,2,2,515.887,2564,2581,full_cycle,18,1.7,1.7,0.9927509748622699,0.03885521684393201,0.9910323727231697,0.1318134205946396,491.50234,0.009832812500834027,False,False,False,period_kept_normal_like,Normal,0,18,0
normal,N0069,1,1,521.037,2598,2615,full_cycle,18,1.7,1.7,0.991911431326107,0.038784386439174943,0.9972675179033758,0.07276114390393815,221.99883,0.010899528561638335,False,False,False,period_kept_normal_like,Normal,0,18,0
normal,N0069,2,2,522.737,2615,2631,full_cycle,17,1.6,1.7,0.991911431326107,0.03817355883927235,0.9985975242013944,0.052127697626105425,219.94927,-0.01734949694309056,False,False,False,period_kept_normal_like,Normal,0,17,0
normal,N0070,1,1,528.243,2653,2670,full_cycle,18,1.7,1.7,0.9874326181423853,0.049984069274190364,0.9991234158875554,0.04121142703015381,343.46502,0.011495542587439863,False,False,False,period_kept_normal_like,Normal,0,18,0
normal,N0071,1,1,533.961,2692,2708,full_cycle,17,1.6,1.7,0.9921658580682681,0.04031659557179236,0.9980141277835874,0.062029246483412265,490.84645,-0.01689542027348879,False,False,False,period_kept_normal_like,Normal,0,13,4
normal,N0071,2,2,535.561,2708,2725,full_cycle,18,1.7,1.7,0.9921658580682681,0.03428415273106287,0.9988832536566159,0.046515546221738986,497.45601999999997,0.008060134583532096,False,False,False,period_kept_normal_like,Normal,0,18,0
normal,N0072,1,1,540.465,2741,2758,full_cycle,18,1.7,1.7,0.9884288613801466,0.04221402196787915,0.9974582190588643,0.07017621087983048,219.65268,0.013563270191189209,False,False,False,period_kept_normal_like,Normal,0,13,5
normal,N0072,2,2,542.165,2758,2774,full_cycle,17,1.6,1.7,0.9884288613801466,0.04079725008213335,0.9919936006762247,0.12454878036261474,220.43421999999998,-0.017023864023925143,False,False,False,period_kept_normal_like,Normal,0,17,0
normal,N0073,1,1,547.214,2791,2808,full_cycle,18,1.7,1.7,0.9899689905908129,0.0438863067496707,0.9925777549368691,0.11991913863022886,297.29846,0.009599632638527627,False,False,False,period_kept_normal_like,Normal,0,13,5
normal,N0073,2,2,548.914,2808,2825,full_cycle,18,1.7,1.7,0.9899689905908129,0.035440078130709374,0.9994096917535024,0.03381896254454266,304.18769,0.01116593392408096,False,False,False,period_kept_normal_like,Normal,0,18,0
normal,N0074,1,1,555.017,2853,2870,full_cycle,18,1.7,1.7,0.9920119354144263,0.04003865626680655,0.9994386129304758,0.03298010684038423,518.60064,0.010112549962053534,False,False,False,period_kept_normal_like,Normal,0,18,0
normal,N0075,1,1,560.665,2893,2909,full_cycle,17,1.6,1.7,0.9942478322353588,0.03536733139641238,0.9978152244614219,0.0650615293856152,324.22249,-0.018749964530529635,False,False,False,period_kept_normal_like,Normal,0,14,3
normal,N0075,2,2,562.265,2909,2926,full_cycle,18,1.7,1.7,0.9942478322353588,0.03247364020304993,0.9958603539855823,0.0895576024295778,313.03076,0.009475748532527238,False,False,False,period_kept_normal_like,Normal,0,18,0
normal,N0076,1,1,568.733,2943,2960,full_cycle,18,1.7,1.7,0.9922234413445721,0.039098301977335784,0.9983364638072841,0.05677236452171958,511.41256,0.009774009300137363,False,False,False,period_kept_normal_like,Normal,0,15,3
normal,N0076,2,2,570.433,2960,2977,full_cycle,18,1.7,1.7,0.9922234413445721,0.0354423579693795,0.9856878334573796,0.16652273921698238,509.19372,0.010719963664262373,False,False,False,period_kept_normal_like,Normal,0,18,0
normal,N0077,0,,,2987,2998,partial,12,1.1,,,,0.9985786180755757,0.05104769202857733,223.34633033147415,0.006585969135692321,False,False,False,period_unknown_normal_like,Normal,0,3,9
normal,N0078,1,1,581.972,3002,3019,full_cycle,18,1.7,1.7,0.9907214001993205,0.042905720777562335,0.9996092383359472,0.02751546336340115,307.00221999999997,0.011540491945168421,False,False,False,period_kept_normal_like,Normal,0,12,6
normal,N0078,2,2,583.672,3019,3035,full_cycle,17,1.6,1.7,0.9907214001993205,0.039133709595662876,0.9962337259000419,0.0854233929826581,307.38715,-0.01625952341371459,False,False,False,period_kept_normal_like,Normal,0,17,0
normal,N0079,1,1,589.747,3063,3080,full_cycle,18,1.7,1.7,0.9910737492679946,0.04684891747917012,0.9896820382079718,0.14138971310549703,488.42019,0.011609204409689556,False,False,False,period_kept_normal_like,Normal,0,18,0
normal,N0080,1,1,597.608,3117,3134,full_cycle,18,1.7,1.7,0.9942193840707205,0.029735267306001328,0.9904718944270974,0.13587017534212104,234.75626,0.011583072437369226,False,False,False,period_kept_normal_like,Normal,0,18,0
normal,N0081,0,,,3141,3171,partial,31,3.0,,,0.036738886055549924,0.9983725624952147,0.056123783207482604,336.025793990505,0.016987142594662233,False,False,False,period_kept_normal_like,Normal,0,22,9
normal,N0082,0,,,3172,3187,partial,16,1.5,,,,0.9993876550560808,0.033884314510525454,512.008236672628,0.015287882317116853,False,False,False,period_unknown_normal_like,Normal,0,7,9
normal,N0083,0,,,3188,3192,not_evaluable,5,,,,,,,,,False,,,not_evaluable,Normal,0,0,5
normal,N0084,1,1,629.937,3206,3222,full_cycle,17,1.6,1.7,0.9924005543606661,0.03954056738359065,0.9952404330383342,0.09602947978734093,497.93703,-0.01856405015710521,False,False,False,period_kept_normal_like,Normal,0,17,0
normal,N0084,2,,631.537,3222,3239,full_cycle,18,1.7,1.7,0.9924005543606661,0.028096377569106233,0.998966323843753,0.04475206758049152,499.99684,0.010074133668524783,False,False,False,period_kept_normal_like,Normal,0,18,0
normal,N0085,1,1,636.953,3254,3271,full_cycle,18,1.7,1.7,0.995197630072751,0.03137062974028947,0.9996105595452538,0.027468907533271282,316.87752,0.009209660973778653,False,False,False,period_kept_normal_like,Normal,0,18,0
normal,N0086,0,,,3289,3321,partial,33,3.2,,,0.042998590911150734,0.9980395919613652,0.061660388166699505,221.90931837083866,0.019074204439943804,False,False,False,period_kept_normal_like,Normal,0,24,9
normal,N0087,0,,,3322,3344,partial,23,2.2,,,0.043100210486324904,0.9987248728824395,0.04939001534928963,541.7957647192723,0.014128482137216916,False,False,True,period_kept_form_broken,Normal,0,14,9
normal,N0088,0,,,3345,3356,partial,12,1.1,,,,0.9982326035756763,0.05692298988920582,243.95595647855083,0.011512902366573367,False,False,False,period_unknown_normal_like,Normal,0,3,9
normal,N0089,1,1,670.175,3366,3383,full_cycle,18,1.7,1.7,0.9921077474940905,0.03967361310478292,0.9875822573662753,0.15511085182166384,495.57335,0.009255434906564173,False,False,False,period_kept_normal_like,Normal,0,18,0
normal,N0089,2,2,671.875,3383,3399,full_cycle,17,1.6,1.7,0.9921077474940905,0.04089101459269187,0.9953907306981742,0.09450110725429468,496.21541,-0.01931476871103216,False,False,False,period_kept_normal_like,Normal,0,17,0
normal,N0090,1,1,677.421,3421,3438,full_cycle,18,1.7,1.7,0.9942357947288621,0.033677781250399726,0.9983912507230082,0.05582966706126359,389.18249000000003,0.009229262933724912,False,False,False,period_kept_normal_like,Normal,0,18,0
normal,N0091,0,,,3456,3491,partial,36,3.5,,,0.03822196620773168,0.998448372177913,0.054927717033413224,220.58973425379472,0.01846906130774499,False,False,False,period_kept_normal_like,Normal,0,27,9
normal,N0092,0,,,3492,3514,partial,23,2.2,,,0.03852192488750095,0.9994507831189007,0.032414129211475226,500.6498997559437,0.016756249600076996,False,False,False,period_kept_normal_like,Normal,0,14,9
normal,N0093,0,,,3515,3522,partial,8,0.7,,,,0.991237958235497,0.12382880556591051,422.98094254535823,0.01844614393775086,False,False,False,period_unknown_normal_like,Normal,0,0,8
normal,N0094,1,,709.707,3525,3542,full_cycle,18,1.7,1.7,0.9901749542607913,0.0458895301384786,0.9952159795216976,0.09627585199161254,430.73671,0.011201142149335399,False,False,False,period_kept_normal_like,Normal,0,11,7
normal,N0094,2,1,711.407,3542,3558,full_cycle,17,1.6,1.7,0.9901749542607913,0.0422937591111066,0.9982260919940943,0.05862547877367677,432.11095,-0.018020675014136994,False,False,False,period_kept_normal_like,Normal,0,17,0
normal,N0095,1,1,718.025,3591,3608,full_cycle,18,1.7,1.7,0.9938785000762109,0.037326286754179115,0.9986848170056722,0.05047937253483047,431.90508,0.009399746433392532,False,False,False,period_kept_normal_like,Normal,0,18,0
normal,N0096,0,,,3623,3660,partial,38,3.7,,,0.039298172242695495,0.9974234178568656,0.0708346998284559,219.16882022980002,0.017268253024238518,False,False,False,period_kept_normal_like,Normal,0,29,9
normal,N0097,0,,,3661,3685,partial,25,2.4,,,0.04202576904872471,0.9991940969496043,0.03933616474391105,428.93079432051485,0.016630465302110896,False,False,False,period_kept_normal_like,Normal,0,16,9
normal,N0098,0,,,3686,3709,partial,24,2.3,,,0.04641887348090753,0.9982489646859886,0.05793229685177184,217.37939673258168,0.01978770069089212,False,False,True,period_kept_form_broken,Normal,0,15,9
normal,N0099,0,,,3710,3721,partial,12,1.1,,,,0.999546057313428,0.02884836665593412,482.97764227783165,0.016995309678472206,False,False,False,period_unknown_normal_like,Normal,0,3,9
normal,N0100,1,1,758.873,3729,3746,full_cycle,18,1.7,1.7,0.9906592964417235,0.040319154381703824,0.998893727835401,0.04629689318853522,258.84965,0.011782865867820774,False,False,False,period_kept_normal_like,Normal,0,16,2
normal,N0100,2,2,760.573,3746,3762,full_cycle,17,1.6,1.7,0.9906592964417235,0.043423718949353415,0.9917850301909056,0.12616062779298662,261.22716,-0.01578586167112179,False,False,False,period_kept_normal_like,Normal,0,17,0
normal,N0101,1,1,766.428,3789,3806,full_cycle,18,1.7,1.7,0.991893234688596,0.03987774206604272,0.9877268563019512,0.15420510988605227,499.51523,0.010727316915783705,False,False,False,period_kept_normal_like,Normal,0,18,0
normal,N0102,1,1,772.845,3830,3847,full_cycle,18,1.7,1.7,0.9952685577948812,0.03684364663295811,0.9911483838015858,0.13095803291294375,300.6473,0.009957314454120667,False,False,False,period_kept_normal_like,Normal,0,17,1
normal,N0103,0,,,3867,3900,partial,34,3.3,,,0.04459198255670401,0.9990535604029388,0.04286264430303046,265.47143740086136,0.015594037334516352,False,False,False,period_kept_normal_like,Normal,0,25,9
normal,N0104,0,,,3901,3934,partial,34,3.3,,,0.05996379915237104,0.9969295967100388,0.07720229673843401,221.8449162334972,0.01419577602358884,True,False,False,period_broken,Normal,0,25,9
normal,N0105,0,,,3935,3956,partial,22,2.1,,,0.05324380137064534,0.9982071934973755,0.05850325286614089,306.93402761076976,0.019027548544303458,False,False,False,period_kept_normal_like,Normal,0,13,9
normal,N0106,0,,,3957,3965,partial,9,0.8,,,,0.9979808697296625,0.05991297793504052,510.23024153206615,0.02231604521631255,False,False,False,period_unknown_normal_like,Normal,0,0,9
normal,N0107,1,1,814.117,3974,3990,full_cycle,17,1.6,1.7,0.9898425707961053,0.043650532553616596,0.9986903643820143,0.05037280029785775,301.0495,-0.016312804040531547,False,False,False,period_kept_normal_like,Normal,0,16,1
normal,N0107,2,2,815.717,3990,4007,full_cycle,18,1.7,1.7,0.9898425707961053,0.039252918283528344,0.998762346773796,0.0489688995768721,309.83547999999996,0.010143898455589476,False,False,False,period_kept_normal_like,Normal,0,18,0
normal,N0108,1,1,820.767,4025,4041,full_cycle,17,1.6,1.7,0.9916910776618403,0.04163406182941864,0.9990850264951465,0.04210417040691034,505.5781,-0.01782151387688668,False,False,False,period_kept_normal_like,Normal,0,17,0
normal,N0108,2,2,822.367,4041,4058,full_cycle,18,1.7,1.7,0.9916910776618403,0.04086462532347384,0.9988187320758933,0.047840428540685556,514.16832,0.00958787489943325,False,False,False,period_kept_normal_like,Normal,0,18,0
normal,N0109,0,,,4066,4102,partial,37,3.6,,,0.036764417514422575,0.9984410590697494,0.05507826053162929,304.84650261637705,0.018246811761871568,False,False,False,period_kept_normal_like,Normal,0,28,9
normal,N0110,0,,,4103,4125,partial,23,2.2,,,0.028752273839530954,0.9980958974360475,0.06035421271053842,220.3933342930131,0.019797511952053804,False,False,False,period_kept_normal_like,Normal,0,14,9
normal,N0111,0,,,4126,4135,partial,10,0.9,,,,0.9990472218177604,0.04141256727167591,461.30529288855615,0.008447197196717986,False,False,False,period_unknown_normal_like,Normal,0,1,9
normal,N0112,1,1,855.065,4151,4167,full_cycle,17,1.6,1.7,0.988501755034691,0.05038505612960367,0.9978323517447703,0.06480600662367492,221.39742999999999,-0.016753673755381893,False,False,False,period_kept_normal_like,Normal,0,17,0
normal,N0113,1,1,860.591,4189,4206,full_cycle,18,1.7,1.7,0.9915745853052789,0.04194849510008473,0.9936762528412655,0.11068992781661985,492.83295,0.010133651837629288,False,False,False,period_kept_normal_like,Normal,0,12,6
normal,N0113,2,2,862.291,4206,4222,full_cycle,17,1.6,1.7,0.9915745853052789,0.039411352663803884,0.9978416597900613,0.06466671598864838,490.04572,-0.018389027048333367,False,False,False,period_kept_normal_like,Normal,0,17,0
normal,N0114,1,1,869.389,4251,4268,full_cycle,18,1.7,1.7,0.990162463966932,0.04132200357696003,0.9981127275532827,0.06046974752316017,427.67042000000004,0.01001301601524342,False,False,False,period_kept_normal_like,Normal,0,18,0
normal,N0115,0,,,4276,4302,partial,27,2.6,,,0.039988098104293525,0.9982489248067623,0.05807272262346631,222.89773013843296,0.0153947313232003,False,False,False,period_kept_normal_like,Normal,0,18,9
normal,N0116,0,,,4303,4329,partial,27,2.6,,,0.046241925575287446,0.9985647939500739,0.052574713889836734,395.55657063241347,0.01512598404077433,False,False,False,period_kept_normal_like,Normal,0,18,9
normal,N0117,0,,,4330,4346,partial,17,1.6,,,,0.9979466242514485,0.062170554763702854,219.80802809803993,0.017176135117166168,False,False,False,period_unknown_normal_like,Normal,0,8,9
normal,N0118,0,,,4347,4348,not_evaluable,2,,,,,,,,,False,,,not_evaluable,Normal,0,0,2
normal,N0119,1,1,902.058,4354,4371,full_cycle,18,1.7,1.7,0.9929579140958789,0.0373818401014844,0.9969294572331828,0.07713090567799874,477.51419999999996,0.00928690411350132,False,False,False,period_kept_normal_like,Normal,0,14,4
normal,N0119,2,2,903.758,4371,4388,full_cycle,18,1.7,1.7,0.9929579140958789,0.034778761515402205,0.9834477040445542,0.17908119223881885,468.02513999999996,0.010068989657516358,False,False,False,period_kept_normal_like,Normal,0,18,0
normal,N0120,1,1,910.265,4418,4434,full_cycle,17,1.6,1.7,0.9920774638797006,0.04194763158777537,0.9986142532618285,0.05181586924106487,216.84244,-0.01687552693790016,False,False,False,period_kept_normal_like,Normal,0,17,0
normal,N0121,1,1,917.521,4467,4484,full_cycle,18,1.7,1.7,0.9886003080951528,0.046279969441100244,0.9990200365694846,0.04357383557392923,337.04654,0.011265899397052723,False,False,False,period_kept_normal_like,Normal,0,18,0
normal,N0122,0,,,4491,4519,partial,29,2.8,,,0.052029897586792204,0.9995008826955859,0.031045333397546157,502.00857830050955,0.018075935090564394,False,False,False,period_kept_normal_like,Normal,3,17,9
normal,N0123,0,,,4520,4537,partial,18,1.7,,,0.00377410218957831,0.9987199373408867,0.04917210727516665,222.49265065443802,0.02107337127734214,False,False,False,period_kept_normal_like,Normal,0,9,9
normal,N0124,0,,,4538,4544,partial,7,0.6,,,,0.9962485574299665,0.08019379281323064,381.2752802281755,0.04965900079786367,False,False,False,period_unknown_normal_like,Normal,0,0,7
normal,N0125,1,1,943.329,4559,4576,full_cycle,18,1.7,1.7,0.9935711285642065,0.03591276685943298,0.9995582897553833,0.029254291974770107,524.77986,0.009567537519446726,False,False,False,period_kept_normal_like,Normal,0,18,0
normal,N0126,1,1,949.707,4605,4622,full_cycle,18,1.7,1.7,0.9861342461032453,0.05239122028313102,0.9984108898460164,0.05548784482518357,219.94843,0.01237214212119685,False,False,False,period_kept_normal_like,Normal,0,18,0
normal,N0126,2,2,951.407,4622,4638,full_cycle,17,1.6,1.7,0.9861342461032453,0.04819297913768088,0.9982283454852993,0.05858822938298216,222.14916,-0.014241649619561925,False,False,False,period_kept_normal_like,Normal,0,17,0
normal,N0127,1,1,956.266,4650,4667,full_cycle,18,1.7,1.7,0.9916808386331424,0.03588249377012235,0.996496821052873,0.08238573426303554,327.84871,0.01033342877608897,False,False,False,period_kept_normal_like,Normal,0,14,4
normal,N0127,2,2,957.966,4667,4683,full_cycle,17,1.6,1.7,0.9916808386331424,0.044770947120959914,0.9981362502873062,0.06009172212829225,321.64207999999996,-0.01570069360949289,False,False,False,period_kept_normal_like,Normal,0,17,0
normal,N0128,0,,,4693,4728,partial,36,3.5,,,0.04264004248623215,0.9989502976409735,0.045178401037766096,489.15496461849966,0.01686103231670853,False,False,False,period_kept_normal_like,Normal,0,27,9
normal,N0129,0,,,4729,4748,partial,20,1.9,,,0.028973624724869758,0.9979688785168689,0.062121902884161105,228.97498660700137,0.019654687394781944,False,False,False,period_kept_normal_like,Normal,0,11,9
normal,N0130,0,,,4749,4755,partial,7,0.6,,,,0.9993483171944453,0.03342410094240818,275.3496774890542,-0.020946946268179542,False,False,False,period_unknown_normal_like,Normal,0,0,7
normal,N0131,1,1,989.845,4761,4777,full_cycle,17,1.6,1.6,0.9811649958663177,0.07776828234719231,0.9990044352647007,0.043919320061250516,216.75923,-0.009023293667817517,True,False,False,period_broken,Normal,0,13,4
normal,N0131,2,2,991.445,4777,4793,full_cycle,17,1.6,1.6,0.9811649958663177,0.040563634762525905,0.9904179617213712,0.1362541711832846,224.0869,-0.014718366234260016,True,False,False,period_broken,Normal,0,17,0
normal,N0132,1,1,998.048,4824,4841,full_cycle,18,1.7,1.7,0.986371481369376,0.045042965485443,0.9992184472852388,0.03891347305047066,356.53834,0.011441485301329974,False,False,False,period_kept_normal_like,Normal,0,18,0
normal,N0133,0,,,4855,4889,partial,35,3.4,,,0.0396308403358955,0.9993282487860828,0.03612639816230613,531.0291538796756,0.016711146108880155,False,False,False,period_kept_normal_like,Normal,0,26,9
normal,N0134,0,,,4890,4911,partial,22,2.1,,,0.03363573773096724,0.9980029691975087,0.06174555328289194,223.16084933345533,0.018691678552058905,False,False,False,period_kept_normal_like,Normal,0,13,9
normal,N0135,0,,,4912,4920,partial,9,0.8,,,,0.9984845023803585,0.05190585699585771,262.7583278287311,0.037474882460665215,False,False,False,period_unknown_normal_like,Normal,0,0,9
normal,N0136,1,1,1031.221,4938,4955,full_cycle,18,1.7,1.7,0.9929228550578741,0.035389433650732514,0.9944910776338513,0.10331281181157,357.05511,0.0081689674970211,False,False,False,period_kept_normal_like,Normal,0,18,0
normal,N0137,1,1,1037.528,4982,4999,full_cycle,18,1.7,1.7,0.9926045880510324,0.03945815720838525,0.9950545629010634,0.09788658937357,219.61750999999998,0.012228325027989111,False,False,False,period_kept_normal_like,Normal,0,18,0
normal,N0138,1,1,1045.208,5026,5042,full_cycle,17,1.6,1.7,0.994511727208185,0.03316285485994937,0.9935468831783195,0.11181642921326969,240.52658,-0.02110390772612324,False,False,True,period_kept_form_broken,Normal,0,15,2
normal,N0138,2,2,1046.808,5042,5059,full_cycle,18,1.7,1.7,0.994511727208185,0.030824155136446225,0.9846814461564452,0.1722779674592422,234.99623000000003,0.009355679751067643,False,False,False,period_kept_normal_like,Normal,0,18,0
normal,N0139,0,,,5067,5101,partial,35,3.4,,,0.05165662233437845,0.998493347558785,0.054103700956751564,242.96056105263082,0.0173023101982684,False,False,False,period_kept_normal_like,Normal,0,26,9
normal,N0140,0,,,5102,5124,partial,23,2.2,,,0.046799494923493425,0.9989902841800014,0.043950315861727915,545.6265580446403,0.014120018255830313,False,False,True,period_kept_form_broken,Normal,0,14,9
normal,N0141,0,,,5125,5137,partial,13,1.2,,,,0.9981564866614414,0.05833874561914584,221.31688753455524,0.018081160185732317,False,False,False,period_unknown_normal_like,Normal,0,4,9
normal,N0142,0,,,5138,5139,not_evaluable,2,,,,,,,,,False,,,not_evaluable,Normal,0,0,2
normal,N0143,0,,,5140,5140,not_evaluable,1,,,,,,,,,False,,,not_evaluable,Normal,0,0,1
normal,N0144,1,,1086.485,5143,5160,full_cycle,18,1.7,1.7,0.9897691604259581,0.04647511955599151,0.9891541278486442,0.14496164076490042,415.20553,0.011938369980992587,False,False,False,period_kept_normal_like,Normal,0,11,7
normal,N0144,2,1,1088.185,5160,5176,full_cycle,17,1.6,1.7,0.9897691604259581,0.04224169565848381,0.9948948504736606,0.09945464899783572,423.36207,-0.01792859596515106,False,False,False,period_kept_normal_like,Normal,0,17,0
normal,N0145,1,1,1094.044,5201,5217,full_cycle,17,1.6,1.7,0.9919846380467799,0.040706422153433515,0.9977128837477317,0.06656791823972055,441.44849999999997,-0.017040344456941185,False,False,False,period_kept_normal_like,Normal,0,17,0
normal,N0145,2,2,1095.644,5217,5234,full_cycle,18,1.7,1.7,0.9919846380467799,0.04360025743138389,0.9993741797573377,0.034821354369954934,443.90635999999995,0.0098067977272345,False,False,False,period_kept_normal_like,Normal,0,18,0
normal,N0146,1,1,1101.005,5244,5261,full_cycle,18,1.7,1.7,0.9914657177971974,0.04064899249542797,0.9959802968252601,0.08825063683089746,219.66711,0.012290110784664382,False,False,False,period_kept_normal_like,Normal,0,12,6
normal,N0147,0,,,5281,5306,partial,26,2.5,,,0.04433019202508907,0.9984590538105305,0.054436734441666274,390.8193312177558,0.020371015349858943,False,False,False,period_kept_normal_like,Normal,0,17,9
normal,N0148,0,,,5307,5332,partial,26,2.5,,,0.040477140670118726,0.9971086707244388,0.07456707454935,221.58586210938512,0.018232477030344453,False,False,False,period_kept_normal_like,Normal,0,17,9
normal,N0149,0,,,5333,5347,partial,15,1.4,,,,0.9993844230604433,0.033898037610442175,418.12134264190973,0.014555553460641156,False,False,False,period_unknown_normal_like,Normal,0,6,9
normal,N0150,0,,,5348,5350,not_evaluable,3,,,,,,,,,False,,,not_evaluable,Normal,0,0,3
normal,N0151,0,,,5351,5353,not_evaluable,3,,,,,,,,,False,,,not_evaluable,Normal,0,0,3
normal,N0152,1,1,1150.509,5365,5382,full_cycle,18,1.7,1.7,0.9918846270841548,0.03899721156325949,0.9913514825549914,0.1294469101589693,216.60818999999998,0.010990553958278304,False,False,True,period_kept_form_broken,Normal,0,18,0
normal,N0152,2,2,1152.209,5382,5399,full_cycle,18,1.7,1.7,0.9918846270841548,0.027595011986347513,0.9984243767073127,0.05525187896879552,217.82699000000002,0.010934342622906695,False,False,False,period_kept_normal_like,Normal,0,18,0
normal,N0153,1,1,1158.555,5416,5433,full_cycle,18,1.7,1.7,0.9942219860789498,0.03426464372144399,0.9897541306088102,0.14089489680407127,284.65024000000005,0.009756232358535658,False,False,False,period_kept_normal_like,Normal,0,18,0
normal,N0154,1,1,1165.852,5468,5485,full_cycle,18,1.7,1.7,0.9846107970665443,0.04939043314746783,0.9887739153134598,0.14748063967915054,234.63741,0.014210697663759788,False,False,False,period_kept_normal_like,Normal,0,18,0
normal,N0155,0,,,5501,5534,partial,34,3.3,,,0.03975092883327753,0.9987086748985139,0.050066854333830194,515.972934815913,0.01582115080473862,False,False,False,period_kept_normal_like,Normal,0,25,9
normal,N0156,0,,,5535,5553,partial,19,1.8,,,0.05128255958402119,0.9986430474453946,0.05070569985908972,343.718500850574,0.018878035667848053,False,False,False,period_kept_normal_like,Normal,0,10,9
normal,N0157,0,,,5554,5559,partial,6,0.5,,,,0.9958236193158333,0.0834304169569546,247.1452191255494,0.07824390955662613,False,False,False,period_unknown_normal_like,Normal,0,0,6
normal,N0158,1,1,1198.625,5568,5584,full_cycle,17,1.6,1.7,0.9937755226138322,0.03507419415514219,0.9928777613552704,0.11747058088799814,334.32738,-0.016351540666516753,False,False,False,period_kept_normal_like,Normal,0,16,1
normal,N0158,2,2,1200.225,5584,5601,full_cycle,18,1.7,1.7,0.9937755226138322,0.03819081815664209,0.9862388419083906,0.163285773423447,332.75918,0.009353669380184119,False,False,False,period_kept_normal_like,Normal,0,18,0
normal,N0159,1,1,1205.817,5622,5638,full_cycle,17,1.6,1.7,0.9898386576593026,0.04653602592334496,0.9981602791265746,0.05970309198242575,224.21875,-0.017770845714285718,False,False,False,period_kept_normal_like,Normal,0,17,0
normal,N0159,2,2,1207.417,5638,5655,full_cycle,18,1.7,1.7,0.9898386576593026,0.02636931603933577,0.9964275878511634,0.08319584447778379,223.77398,0.013105523602299909,False,False,False,period_kept_normal_like,Normal,0,18,0
normal,N0160,0,,,5660,5697,partial,38,3.7,,,0.04128420431673642,0.9993414007170383,0.035812504042135755,494.98500767258133,0.01764606312053559,False,False,False,period_kept_normal_like,Normal,0,29,9
normal,N0161,0,,,5698,5723,partial,26,2.5,,,0.03485788612777437,0.9990046235550859,0.04375140536015846,330.43130109628584,0.017035952631519146,False,False,False,period_kept_normal_like,Normal,0,17,9
normal,N0162,0,,,5724,5736,partial,13,1.2,,,,0.9977759268124825,0.0640779312186564,223.3363480263766,0.019710506365869816,False,False,False,period_unknown_normal_like,Normal,0,4,9
normal,N0163,0,,,5737,5738,not_evaluable,2,,,,,,,,,False,,,not_evaluable,Normal,0,0,2
normal,N0164,1,1,1247.012,5758,5774,full_cycle,17,1.6,1.7,0.9929361874463551,0.03497723093605374,0.9986510156806576,0.051123938802932305,219.51809,-0.01874707028700914,False,False,False,period_kept_normal_like,Normal,0,17,0
normal,N0165,1,1,1252.717,5792,5809,full_cycle,18,1.7,1.7,0.9903882268353106,0.04089708839743657,0.9950238654558368,0.09818992147525307,444.56916,0.010553283701883945,False,False,False,period_kept_normal_like,Normal,0,12,6
normal,N0165,2,2,1254.417,5809,5825,full_cycle,17,1.6,1.7,0.9903882268353106,0.039625907393373294,0.998258565939347,0.05808638818617857,440.18441,-0.017234353835929816,False,False,False,period_kept_normal_like,Normal,0,17,0
normal,N0166,0,,,5832,5863,partial,32,3.1,,,0.03893225883973559,0.9982398148341539,0.05839827701933827,397.91468553378564,0.0169529851947512,False,False,False,period_kept_normal_like,Normal,0,23,9
normal,N0167,0,,,5864,5882,partial,19,1.8,,,0.07380085376475118,0.9972173746032184,0.07261090040110892,221.88019060317447,0.021541575228299956,True,False,False,period_broken,Normal,0,10,9
normal,N0168,0,,,5883,5889,partial,7,0.6,,,,0.9986059088218615,0.048886302694054584,466.5259284947437,-0.022698878504689195,False,False,False,period_unknown_normal_like,Normal,0,0,7
normal,N0169,1,1,1287.385,5906,5923,full_cycle,18,1.7,1.7,0.9902077495937872,0.043330282629295065,0.9983397027919894,0.056717068335032435,220.01542999999998,0.011754872080081467,False,False,False,period_kept_normal_like,Normal,0,18,0
normal,N0170,1,1,1295.139,5958,5975,full_cycle,18,1.7,1.7,0.9905768558998733,0.043404826405391526,0.9921805830322897,0.12308582523970417,479.68524,0.01130579674189978,False,False,False,period_kept_normal_like,Normal,0,18,0
normal,N0171,0,,,5982,6008,partial,27,2.6,,,0.04463558287809404,0.9982479401391333,0.05808904810562093,403.71246745483194,0.017215622826071374,False,False,False,period_kept_normal_like,Normal,0,18,9
normal,N0172,0,,,6009,6034,partial,26,2.5,,,0.03913501422750074,0.9994735268259065,0.03181899451143168,485.59559593059555,0.016650936909614156,False,False,False,period_kept_normal_like,Normal,0,17,9
normal,N0173,0,,,6035,6048,partial,14,1.3,,,,0.9989337777382762,0.04449861860200761,424.8672173866246,0.019300072159034024,False,False,False,period_unknown_normal_like,Normal,0,5,9
normal,N0174,0,,,6049,6051,not_evaluable,3,,,,,,,,,False,,,not_evaluable,Normal,0,0,3
normal,N0175,1,1,1328.059,6062,6079,full_cycle,18,1.7,1.7,0.9901859032711399,0.04596327232874225,0.9948985717462236,0.09941839488591468,391.96031,0.01120153121385894,False,False,False,period_kept_normal_like,Normal,0,18,0
normal,N0175,2,2,1329.759,6079,6095,full_cycle,17,1.6,1.7,0.9901859032711399,0.04261029619203068,0.998081878147236,0.06096196428700498,393.98663,-0.017073245607344596,False,False,False,period_kept_normal_like,Normal,0,17,0
normal,N0176,1,1,1335.63,6120,6137,full_cycle,18,1.7,1.7,0.9921077618013109,0.04043818759208549,0.9993139843331988,0.03645758294823907,463.73122,0.00962568258702048,False,False,False,period_kept_normal_like,Normal,0,18,0
normal,N0177,1,1,1342.65,6167,6183,full_cycle,17,1.6,1.7,0.9892379908874508,0.04036997951693755,0.998671354549676,0.05073707283636469,220.17076,-0.016774427721464924,False,False,False,period_kept_normal_like,Normal,0,17,0
normal,N0178,0,,,6198,6229,partial,32,3.1,,,0.04552415924820472,0.9986986343662199,0.05021350331782302,370.0303943705299,0.016345319754552848,False,False,False,period_kept_normal_like,Normal,15,8,9
normal,N0179,0,,,6230,6249,partial,20,1.9,,,0.05307902808052622,0.9986682964840384,0.05030145803381057,485.2343432939135,0.012630213121240057,False,False,False,period_kept_normal_like,Normal,0,11,9
normal,N0180,0,,,6250,6256,partial,7,0.6,,,,0.9984908764214643,0.050863238117286075,234.91200614950458,-0.02430725562839318,False,False,False,period_unknown_normal_like,Normal,0,0,7
normal,N0181,1,1,1374.517,6263,6280,full_cycle,18,1.7,1.7,0.991590300225265,0.041039578287793435,0.9994941314188661,0.03130687426024456,508.26388,0.010122784112480639,False,False,False,period_kept_normal_like,Normal,0,15,3
normal,N0181,2,2,1376.217,6280,6297,full_cycle,18,1.7,1.7,0.991590300225265,0.03604119794451421,0.9905462299507415,0.13533912764030462,511.17259,0.010705268150349816,False,False,False,period_kept_normal_like,Normal,0,18,0
normal,N0182,1,1,1381.584,6312,6329,full_cycle,18,1.7,1.7,0.9942420746071514,0.030460568064042754,0.9994787502341863,0.03177926086718654,278.52336,0.010325433638988963,False,False,False,period_kept_normal_like,Normal,0,14,4
normal,N0182,2,2,1383.284,6329,6345,full_cycle,17,1.6,1.7,0.9942420746071514,0.03065340219715237,0.9932567725724977,0.11430224468830992,275.24081,-0.020051409255044703,False,False,True,period_kept_form_broken,Normal,0,17,0
normal,N0183,0,,,6354,6385,partial,32,3.1,,,0.047911113637134774,0.9986107169751994,0.051881941564969586,227.62152046661382,0.0159764121342098,False,False,False,period_kept_normal_like,Normal,0,23,9
normal,N0184,0,,,6386,6418,partial,33,3.2,,,0.032447474326823114,0.9979277383528449,0.06339504459601362,223.45565295682263,0.02002105478585046,False,False,False,period_kept_normal_like,Normal,0,24,9
normal,N0185,0,,,6419,6440,partial,22,2.1,,,0.05268770694579045,0.9990866277121453,0.041757762528167035,339.3420635746319,0.017146453174661763,False,False,False,period_kept_normal_like,Normal,0,13,9
normal,N0186,0,,,6441,6449,partial,9,0.8,,,,0.9977259390546492,0.06358282011641778,527.3642239015519,-0.006458893969848964,False,False,False,period_unknown_normal_like,Normal,0,0,9
normal,N0187,1,1,1423.851,6466,6482,full_cycle,17,1.6,1.7,0.988940196726602,0.049527277996656384,0.9934654740480247,0.1125195273361593,224.46993,-0.017564749374225756,False,False,False,period_kept_normal_like,Normal,0,17,0
normal,N0188,1,1,1430.156,6512,6529,full_cycle,18,1.7,1.7,0.9917184248886588,0.04063506141890472,0.9981657840154053,0.05961370203361522,489.79157,0.01001231605517425,False,False,False,period_kept_normal_like,Normal,0,18,0
normal,N0188,2,,1431.856,6529,6546,full_cycle,18,1.7,1.7,0.9917184248886588,0.028284029694612307,0.9972553984397587,0.07292232527126467,494.80087,0.010188581519672757,False,False,False,period_kept_normal_like,Normal,0,18,0
normal,N0189,0,,,6550,6585,partial,36,3.5,,,0.03628923469617043,0.997306128086245,0.0723746107191299,407.97325527751286,0.015254091531365109,False,False,False,period_kept_normal_like,Normal,0,27,9
normal,N0190,0,,,6586,6611,partial,26,2.5,,,0.046558418019152586,0.9970760991893057,0.07498590650523561,224.571975031191,0.019528521697382062,False,False,False,period_kept_normal_like,Normal,0,17,9
normal,N0191,0,,,6612,6623,partial,12,1.1,,,,0.9983247636034981,0.05541901051913585,474.03114219916756,0.015252816579300998,False,False,False,period_unknown_normal_like,Normal,0,3,9
normal,N0192,1,1,1463.835,6636,6653,full_cycle,18,1.7,1.7,0.9920569811244532,0.040533370665742,0.9981214303686259,0.060330163772260394,221.82062000000002,0.011097582839153339,False,False,False,period_kept_normal_like,Normal,0,18,0
normal,N0193,1,1,1469.877,6677,6693,full_cycle,17,1.6,1.7,0.9916654584826928,0.04214493715935624,0.9933416145671875,0.11358090409956277,499.87154999999996,-0.018502730976587885,False,False,False,period_kept_normal_like,Normal,0,11,6
normal,N0193,2,2,1471.477,6693,6710,full_cycle,18,1.7,1.7,0.9916654584826928,0.03925790372473098,0.9977317865646396,0.06629225845459932,505.63782,0.009906508133569965,False,False,False,period_kept_normal_like,Normal,0,18,0
normal,N0194,1,1,1478.587,6740,6757,full_cycle,18,1.7,1.7,0.993216219519485,0.03629775796011049,0.9983227264651195,0.057006293282683376,427.33138,0.008858313960963414,False,False,False,period_kept_normal_like,Normal,0,18,0
normal,N0195,0,,,6766,6794,partial,29,2.8,,,0.03685784581892847,0.9986166519960624,0.05168454988929544,222.6176019702755,0.018998766096206373,False,False,False,period_kept_normal_like,Normal,0,20,9
normal,N0196,0,,,6795,6812,partial,18,1.7,,,0.0566025618167147,0.9985880931320211,0.05164237789908625,505.08337577677764,0.017386804193433917,False,False,False,period_kept_normal_like,Normal,0,9,9
normal,N0197,0,,,6813,6818,partial,6,0.5,,,,0.9996076007834112,0.025573398176905703,261.1529870019398,0.07948558310211506,False,False,False,period_unknown_normal_like,Normal,0,0,6
normal,N0198,1,1,1511.429,6832,6849,full_cycle,18,1.7,1.7,0.9910735235551776,0.0424075108228599,0.9904444564544486,0.13606566657134955,477.74177999999995,0.01057441101587655,False,False,False,period_kept_normal_like,Normal,0,18,0
normal,N0199,1,1,1517.965,6878,6894,full_cycle,17,1.6,1.7,0.9932423342243705,0.03761518389651255,0.9979658514347988,0.06277868145379607,369.10216,-0.017646670639911727,False,False,False,period_kept_normal_like,Normal,0,17,0
normal,N0199,2,2,1519.565,6894,6911,full_cycle,18,1.7,1.7,0.9932423342243705,0.03752296504260146,0.9969080264286295,0.0773996046148189,367.16597,0.008421228336025361,False,False,False,period_kept_normal_like,Normal,0,18,0
normal,N0200,0,,,6918,6950,partial,33,3.2,,,0.04064756908668081,0.9974516310978043,0.0703014310256805,220.34967929816204,0.020203338799121805,False,False,False,period_kept_normal_like,Normal,0,24,9
normal,N0201,0,,,6951,6972,partial,22,2.1,,,0.03537781255209122,0.9982823019634759,0.057264663677445614,452.20252033514566,0.016199545250425128,False,False,False,period_kept_normal_like,Normal,0,13,9
normal,N0202,0,,,6973,6980,partial,8,0.7,,,,0.9983395721116707,0.0539049979554409,515.1707764286824,-0.016164942432795027,False,False,False,period_unknown_normal_like,Normal,0,0,8
normal,N0203,1,1,1550.809,6988,7005,full_cycle,18,1.7,1.7,0.9869169964024367,0.05169297209733459,0.9933250934145849,0.11372172839542018,266.7797,0.011700624368434059,False,False,False,period_kept_normal_like,Normal,0,16,2
normal,N0203,2,2,1552.509,7005,7022,full_cycle,18,1.7,1.7,0.9869169964024367,0.04518796199090124,0.9982779886224593,0.05776155333770947,272.02585999999997,0.013824130111574464,False,False,False,period_kept_normal_like,Normal,0,18,0
normal,N0204,1,1,1558.368,7043,7059,full_cycle,17,1.6,1.7,0.9897687244687587,0.05018715075654693,0.9963788804799161,0.08376108326760465,496.29241,-0.017093571534773214,False,False,False,period_kept_normal_like,Normal,0,17,0
normal,N0205,0,,,7079,7111,partial,33,3.2,,,0.03647040991818492,0.9988879830002112,0.046439627796672114,272.97113495113314,0.01791724644967912,False,False,False,period_kept_normal_like,Normal,0,24,9
normal,N0206,0,,,7112,7133,partial,22,2.1,,,0.03415435727100112,0.9991664220943428,0.039892054368124756,266.5326162565251,0.01724204913274696,False,False,False,period_kept_normal_like,Normal,0,13,9
normal,N0207,0,,,7134,7145,partial,12,1.1,,,,0.9994975920579746,0.03034932004257143,520.2706510580368,0.007020235007247577,False,False,False,period_unknown_normal_like,Normal,0,3,9
normal,N0208,0,,,7146,7156,partial,11,1.0,,,,0.9991937343505407,0.03828756383567229,399.82949903204997,0.017330384486453146,False,False,False,period_unknown_normal_like,Normal,0,2,9
normal,N0209,1,1,1592.994,7168,7185,full_cycle,18,1.7,1.7,0.9919813228461455,0.04103090551115342,0.9821455345395437,0.18599200743482072,486.87784999999997,0.010436389984976847,False,False,False,period_kept_normal_like,Normal,0,18,0
normal,N0209,2,2,1594.694,7185,7201,full_cycle,17,1.6,1.7,0.9919813228461455,0.03831511728338436,0.9911238264723375,0.13113956767446783,487.06132,-0.018071764942245876,False,False,False,period_kept_normal_like,Normal,0,17,0
normal,N0210,1,1,1599.929,7220,7236,full_cycle,17,1.6,1.7,0.9901368526416368,0.042683556857231755,0.9980950052674833,0.060753002347633034,220.83321,-0.017103226627462415,False,False,False,period_kept_normal_like,Normal,0,17,0
normal,N0211,1,1,1606.545,7268,7285,full_cycle,18,1.7,1.7,0.9905834747514024,0.045615987205581895,0.9934704080568629,0.11247703938950547,371.40314,0.011455214058201647,False,False,False,period_kept_normal_like,Normal,0,18,0
normal,N0211,2,2,1608.245,7285,7301,full_cycle,17,1.6,1.7,0.9905834747514024,0.037365770982964536,0.9973748771475485,0.0713174279305201,374.7826,-0.01637856403285531,False,False,False,period_kept_normal_like,Normal,0,17,0
normal,N0212,0,,,7307,7344,partial,38,3.7,,,0.03671463101476122,0.9992384933250511,0.038508882757310264,520.5940700532055,0.016712245539580322,False,False,False,period_kept_normal_like,Normal,0,29,9
normal,N0213,0,,,7345,7367,partial,23,2.2,,,0.03855773171585785,0.9978542646503555,0.06406937659062227,253.24753036023043,0.022376052921967697,False,False,False,period_kept_normal_like,Normal,0,14,9
normal,N0214,0,,,7368,7379,partial,12,1.1,,,,0.9991201171388169,0.04016364747922733,318.77620621801304,0.014947233020309272,False,False,False,period_unknown_normal_like,Normal,0,3,9
normal,N0215,0,,,7380,7389,partial,10,0.9,,,,0.9979962892406521,0.06005563559589037,232.3899039917508,0.004691292675646219,False,False,False,period_unknown_normal_like,Normal,0,1,9
normal,N0216,1,1,1648.592,7406,7423,full_cycle,18,1.7,1.7,0.9912249424393359,0.04095197782998932,0.993523267070286,0.11202084650332363,517.23141,0.010217043742908941,False,False,False,period_kept_normal_like,Normal,0,18,0
normal,N0217,1,1,1654.645,7452,7469,full_cycle,18,1.7,1.7,0.9951618684549075,0.03294102378131099,0.9975962280058995,0.06824447405152952,281.15538000000004,0.009811861913173707,False,False,False,period_kept_normal_like,Normal,0,18,0
normal,N0218,0,,,7490,7527,partial,38,3.7,,,0.04394574390031333,0.9979028581658874,0.06390545972152428,236.39546408350714,0.020040276218213755,False,False,False,period_kept_normal_like,Normal,0,29,9
normal,N0219,0,,,7528,7551,partial,24,2.3,,,0.04241573842704812,0.9986030126909102,0.051745135124849476,483.3889707736972,0.011747249668587187,False,False,False,period_kept_normal_like,Normal,0,15,9
normal,N0220,0,,,7552,7565,partial,14,1.3,,,,0.9990249439663218,0.042553711333551555,301.7755682160488,0.015605282733930385,False,False,False,period_unknown_normal_like,Normal,0,5,9
normal,N0221,1,1,1688.994,7583,7599,full_cycle,17,1.6,1.7,0.9918085108405426,0.0407048254640781,0.9941058513863578,0.10686399271472385,509.42665,-0.01856425699362214,False,False,False,period_kept_normal_like,Normal,0,17,0
normal,N0222,1,1,1694.989,7626,7643,full_cycle,18,1.7,1.7,0.9925405506067152,0.03884156931801474,0.9880318253737869,0.15227717602545643,332.91355999999996,0.009561801603289174,False,False,False,period_kept_normal_like,Normal,0,18,0
normal,N0222,2,2,1696.689,7643,7660,full_cycle,18,1.7,1.7,0.9925405506067152,0.033263635165308954,0.9989940182802317,0.04414849467480275,324.56854999999996,0.009113212891753217,False,False,False,period_kept_normal_like,Normal,0,18,0
normal,N0223,1,1,1702.921,7680,7697,full_cycle,18,1.7,1.7,0.9909296442965704,0.039321570295363144,0.9986064811330152,0.05196097386292533,220.46269999999998,0.011990569886718734,False,False,False,period_kept_normal_like,Normal,0,18,0
normal,N0224,0,,,7706,7734,partial,29,2.8,,,0.04575289295961863,0.9990422057980367,0.04300620456838009,490.7866431488526,0.016249358398273392,False,False,False,period_kept_normal_like,Normal,0,20,9
normal,N0225,0,,,7735,7749,partial,15,1.4,,,,0.998426770224702,0.054191286943161804,386.3970105506568,0.021157823528026577,False,False,False,period_unknown_normal_like,Normal,0,6,9
normal,N0226,0,,,7750,7751,not_evaluable,2,,,,,,,,,False,,,not_evaluable,Normal,0,0,2
normal,N0227,1,1,1735.205,7764,7781,full_cycle,18,1.7,1.7,0.9914575695052653,0.04089430068060071,0.9991250350469654,0.04117334813328966,507.29114,0.010153777015792271,False,False,False,period_kept_normal_like,Normal,0,18,0
normal,N0227,2,,1736.905,7781,7798,full_cycle,18,1.7,1.7,0.9914575695052653,0.033845392572617906,0.9893689596227673,0.1435187818053387,507.33811000000003,0.010447671903944014,False,False,False,period_kept_normal_like,Normal,0,18,0
normal,N0228,1,1,1743.205,7812,7829,full_cycle,18,1.7,1.7,0.9915263897541221,0.041441780186512796,0.9978963859649984,0.0638416180309976,488.4358,0.009829940441567573,False,False,False,period_kept_normal_like,Normal,0,18,0
normal,N0228,2,2,1744.905,7829,7846,full_cycle,18,1.7,1.7,0.9915263897541221,0.03847692250958289,0.997002789613297,0.07620429859422048,494.61573999999996,0.010493860999104902,False,False,False,period_kept_normal_like,Normal,0,18,0
normal,N0229,1,1,1750.473,7861,7878,full_cycle,18,1.7,1.7,0.9927254530504505,0.04071523639692387,0.9899113937213495,0.13980942266129726,402.80609,0.010281832689097162,False,False,False,period_kept_normal_like,Normal,0,18,0
normal,N0230,0,,,7895,7926,partial,32,3.1,,,0.041019654829991585,0.997866778490423,0.06428932006799735,219.72612488708862,0.017414686279138714,False,False,False,period_kept_normal_like,Normal,0,23,9
normal,N0231,0,,,7927,7942,partial,16,1.5,,,,0.9992800116892966,0.036742047882071395,432.8603512456697,0.01831700775534373,False,False,False,period_unknown_normal_like,Normal,0,7,9
normal,N0232,0,,,7943,7946,not_evaluable,4,,,,,,,,,False,,,not_evaluable,Normal,0,0,4
normal,N0233,1,1,1776.726,7957,7974,full_cycle,18,1.7,1.7,0.9937022176834351,0.03265634876435957,0.9953269230073477,0.09515296460575529,218.34780999999998,0.012265263442599702,False,False,False,period_kept_normal_like,Normal,0,18,0
normal,N0233,2,2,1778.426,7974,7990,full_cycle,17,1.6,1.7,0.9937022176834351,0.033674611011052916,0.9987528805784156,0.04915581226385751,217.68442,-0.017918750225670722,False,False,False,period_kept_normal_like,Normal,0,17,0
normal,N0234,1,1,1783.465,8009,8025,full_cycle,17,1.6,1.7,0.9888256116170956,0.04785154760771698,0.9981502312277387,0.05986590846430214,300.07151999999996,-0.01564569444144516,False,False,False,period_kept_normal_like,Normal,0,17,0
normal,N0234,2,2,1785.065,8025,8042,full_cycle,18,1.7,1.7,0.9888256116170956,0.03336956591021875,0.9979167465806046,0.0635319093061021,312.20523000000003,0.011327253625858255,False,False,False,period_kept_normal_like,Normal,0,18,0
normal,N0235,1,1,1790.289,8050,8067,full_cycle,18,1.7,1.7,0.9908042571036848,0.042347949258694215,0.9895477018417915,0.1423071596284932,506.67077,0.010856090679021036,False,False,False,period_kept_normal_like,Normal,0,12,6
normal,N0235,2,2,1791.989,8067,8083,full_cycle,17,1.6,1.7,0.9908042571036848,0.031657452997002254,0.9958745731654371,0.08940366039467276,504.04817,-0.017333582919267412,False,False,False,period_kept_normal_like,Normal,0,17,0
normal,N0236,0,,,8088,8113,partial,26,2.5,,,0.03173414746839382,0.9974037023239665,0.07066031521453975,267.14171426848264,0.017596725959907935,False,False,False,period_kept_normal_like,Normal,0,17,9
normal,N0237,0,,,8114,8128,partial,15,1.4,,,,0.9989068739634892,0.0451719153326439,259.39924296949476,0.016966443918262842,False,False,False,period_unknown_normal_like,Normal,0,6,9
normal,N0238,0,,,8129,8131,not_evaluable,3,,,,,,,,,False,,,not_evaluable,Normal,0,0,3
normal,N0239,1,1,1816.956,8143,8160,full_cycle,18,1.7,1.7,0.995311026059399,0.030470216319533214,0.9992291124145704,0.03864705288596243,292.38120000000004,0.010300675765666437,False,False,False,period_kept_normal_like,Normal,0,18,0
normal,N0239,2,2,1818.656,8160,8176,full_cycle,17,1.6,1.7,0.995311026059399,0.03258153114887715,0.9944356936077812,0.10383084144378499,286.04129,-0.018503166535852218,False,False,False,period_kept_normal_like,Normal,0,17,0
normal,N0240,1,1,1824.169,8197,8213,full_cycle,17,1.6,1.7,0.9867506275206818,0.05098094974906102,0.9910392407132959,0.13176293529665267,239.29921000000002,-0.015720779542063672,False,False,False,period_kept_normal_like,Normal,0,17,0
normal,N0241,1,1,1830.78,8240,8257,full_cycle,18,1.7,1.7,0.9925944086279915,0.042042752432477314,0.9921761718886083,0.1231205383590495,494.36777,0.010823551224532577,False,False,False,period_kept_normal_like,Normal,0,17,1
normal,N0242,0,,,8275,8303,partial,29,2.8,,,0.03240114928116729,0.9994433987092676,0.03278439088273883,382.58698713932586,0.018270158803182328,False,False,False,period_kept_normal_like,Normal,0,20,9
normal,N0243,0,,,8304,8319,partial,16,1.5,,,,0.9979699633507169,0.061695370307714666,217.45947403436693,0.018428293812107106,False,False,False,period_unknown_normal_like,Normal,0,7,9
normal,N0244,0,,,8320,8325,partial,6,0.5,,,,0.993307374740501,0.10561427665092735,446.6943375639435,0.01112031198060826,False,False,False,period_unknown_normal_like,Normal,0,0,6
normal,N0245,1,1,1863.326,8330,8346,full_cycle,17,1.6,1.7,0.991030037193346,0.043611097836239184,0.9976956905495065,0.06681765904557989,219.39947999999998,-0.016170140022665508,False,False,False,period_kept_normal_like,Normal,0,12,5
normal,N0245,2,2,1864.926,8346,8363,full_cycle,18,1.7,1.7,0.991030037193346,0.03535860300008604,0.9946758771993608,0.10156519052430601,218.34984,0.011292350574548025,False,False,False,period_kept_normal_like,Normal,0,18,0
normal,N0246,1,1,1872.779,8394,8411,full_cycle,18,1.7,1.7,0.9932345601297048,0.03711900295289243,0.9936212528224322,0.11117024177601385,327.69565,0.01021069846544571,False,False,False,period_kept_normal_like,Normal,0,18,0
normal,N0247,1,1,1879.613,8443,8459,full_cycle,17,1.6,1.7,0.9898956084747226,0.04000316688362873,0.9894167860072096,0.14319559040358634,264.28584,-0.016126116045415074,False,False,False,period_kept_normal_like,Normal,0,17,0
normal,N0248,0,,,8476,8510,partial,35,3.4,,,0.039248492699038406,0.999457256502902,0.032472651263421075,482.45055848185854,0.01666763810589352,False,False,False,period_kept_normal_like,Normal,0,26,9
normal,N0249,0,,,8511,8533,partial,23,2.2,,,0.04581115329175941,0.9990125899537925,0.04346214846583754,360.5389877033369,0.017225519806663158,False,False,False,period_kept_normal_like,Normal,0,14,9
normal,N0250,0,,,8534,8542,partial,9,0.8,,,,0.9933907180251208,0.10839665410891414,220.63047845158542,0.011853077727610682,False,False,False,period_unknown_normal_like,Normal,0,0,9
normal,N0251,1,1,1911.681,8548,8564,full_cycle,17,1.6,1.7,0.9931466924444855,0.03737876245284789,0.9970515227986799,0.07558223718280262,446.45410000000004,-0.01686043803271154,False,False,False,period_kept_normal_like,Normal,0,13,4
normal,N0251,2,2,1913.281,8564,8581,full_cycle,18,1.7,1.7,0.9931466924444855,0.03460937182369314,0.9992540474230359,0.03801687938097722,444.28891,0.009382068263538115,False,False,False,period_kept_normal_like,Normal,0,18,0
normal,N0252,1,1,1918.401,8597,8613,full_cycle,17,1.6,1.7,0.9903619343629276,0.04717377003029016,0.9973194836002987,0.0720659456638278,215.68397,-0.015535323510597474,False,False,True,period_kept_form_broken,Normal,0,12,5
normal,N0252,2,2,1920.001,8613,8630,full_cycle,18,1.7,1.7,0.9903619343629276,0.03465660223872579,0.9980665555156897,0.06120497274202033,216.75661,0.012687870347787247,False,False,False,period_kept_normal_like,Normal,0,18,0
normal,N0253,0,,,8643,8680,partial,38,3.7,,,0.04281996318129431,0.9992057197097759,0.03932882345872105,424.8415120709132,0.016574559908371325,False,False,False,period_kept_normal_like,Normal,0,29,9
normal,N0254,0,,,8681,8707,partial,27,2.6,,,0.036859913401924946,0.9985347259092487,0.0531225880390388,396.7796815072339,0.012304856227191616,False,False,False,period_kept_normal_like,Normal,0,18,9
normal,N0255,0,,,8708,8720,partial,13,1.2,,,,0.9988938174270892,0.04519052125753661,221.20969881621116,0.02501188858537335,False,False,False,period_unknown_normal_like,Normal,0,4,9
normal,N0256,0,,,8721,8726,partial,6,0.5,,,,0.9995315792297542,0.02794103225979698,494.76883758432643,0.03363453165009726,False,False,False,period_unknown_normal_like,Normal,0,0,6
normal,N0257,1,1,1959.989,8741,8758,full_cycle,18,1.7,1.7,0.9894174378235311,0.04409058877591228,0.9984278283829975,0.0551913263832494,219.18264,0.013762593016437048,False,False,False,period_kept_normal_like,Normal,0,18,0
normal,N0258,1,1,1966.952,8789,8806,full_cycle,18,1.7,1.7,0.9906595635781767,0.03739979486295072,0.9981791919273981,0.05939541767398169,405.48258,0.0077947200012158015,False,False,False,period_kept_normal_like,Normal,0,18,0
normal,N0259,0,,,8822,8853,partial,32,3.1,,,0.034124230842674484,0.9987198476723457,0.04980256152880115,524.047447372886,0.015370254000574582,False,False,False,period_kept_normal_like,Normal,0,23,9
normal,N0260,0,,,8854,8872,partial,19,1.8,,,0.005376251880774507,0.998451738098414,0.05416224576365878,244.32728025584453,0.017532862121617743,False,False,False,period_kept_normal_like,Normal,0,10,9
normal,N0261,0,,,8873,8893,partial,21,2.0,,,0.04891141960522848,0.99851016232587,0.053270874274425596,429.2440021053018,0.0193581960537453,False,False,False,period_kept_normal_like,Normal,0,12,9
normal,N0262,0,,,8894,8901,partial,8,0.7,,,,0.9983641043537113,0.0535053023634601,222.96458969515857,0.030657402087239626,False,False,False,period_unknown_normal_like,Normal,0,0,8
normal,N0263,0,,,8902,8910,partial,9,0.8,,,,0.9938283545093136,0.10474642812842863,364.9251588201996,0.01635274337013428,False,False,False,period_unknown_normal_like,Normal,0,0,9
normal,N0264,1,1,2015.921,8922,8939,full_cycle,18,1.7,1.7,0.9913841992140666,0.04224619000272755,0.9989473798527714,0.04516028714761629,465.56788,0.009302091711410714,False,False,False,period_kept_normal_like,Normal,0,18,0
normal,N0264,2,2,2017.621,8939,8956,full_cycle,18,1.7,1.7,0.9913841992140666,0.03512027442813766,0.9875194366593198,0.15550270567603586,476.62167999999997,0.010652096228606304,False,False,False,period_kept_normal_like,Normal,0,18,0
normal,N0265,1,1,2021.815,8964,8981,full_cycle,18,1.7,1.7,0.993265868855229,0.03645669740864456,0.9983941427366393,0.05577946259836002,418.55638,0.009140176752574287,False,False,False,period_kept_normal_like,Normal,0,12,6
normal,N0265,2,2,2023.515,8981,8998,full_cycle,18,1.7,1.7,0.993265868855229,0.03771824452064645,0.9884974587307629,0.1492855442068911,409.11798999999996,0.010185521584242867,False,False,False,period_kept_normal_like,Normal,0,18,0
normal,N0266,1,1,2030.209,9019,9036,full_cycle,18,1.7,1.7,0.9901704988993668,0.042534147368628615,0.9983080375239005,0.05725536915820891,217.94024000000002,0.01225937035605292,False,False,False,period_kept_normal_like,Normal,0,17,1
normal,N0267,0,,,9050,9075,partial,26,2.5,,,0.04161527515948115,0.9989508765133934,0.044917092142649974,439.2727066083269,0.018314091303514364,False,False,False,period_kept_normal_like,Normal,0,17,9
normal,N0268,0,,,9076,9090,partial,15,1.4,,,,0.999278634409997,0.03669535531015906,395.61316056346925,0.01412190526165909,False,False,False,period_unknown_normal_like,Normal,0,6,9
normal,N0269,0,,,9091,9094,not_evaluable,4,,,,,,,,,False,,,not_evaluable,Normal,0,0,4
normal,N0270,1,1,2056.94,9111,9127,full_cycle,17,1.6,1.7,0.9917836809243419,0.04055617897710955,0.9917207830656573,0.1266530015842079,483.12681,-0.017979720091501446,False,False,False,period_kept_normal_like,Normal,0,17,0
normal,N0271,1,1,2062.968,9155,9171,full_cycle,17,1.6,1.7,0.9927468852526147,0.03897853877565905,0.9981188586492598,0.06037144496414915,436.55699000000004,-0.01645534283507864,False,False,False,period_kept_normal_like,Normal,0,17,0
normal,N0271,2,2,2064.568,9171,9188,full_cycle,18,1.7,1.7,0.9927468852526147,0.041143947492016476,0.9973975220732662,0.07100916126139413,435.78701,0.009441624732606665,False,False,False,period_kept_normal_like,Normal,0,18,0
normal,N0272,1,1,2069.925,9202,9219,full_cycle,18,1.7,1.7,0.9945818706132104,0.03158122668245292,0.9957700298920291,0.09052937138958739,222.50189999999998,0.011066339340975354,False,False,False,period_kept_normal_like,Normal,0,16,2
normal,N0273,1,1,2077.449,9241,9257,full_cycle,17,1.6,1.7,0.9946907720731023,0.03323059986706979,0.9980430893413631,0.06157527426742815,384.32198,-0.018355397113899136,False,False,False,period_kept_normal_like,Normal,0,11,6
normal,N0273,2,2,2079.049,9257,9274,full_cycle,18,1.7,1.7,0.9946907720731023,0.03126228163297498,0.9977608195619277,0.06586662355673736,376.68602,0.008428284180892656,False,False,False,period_kept_normal_like,Normal,0,18,0
normal,N0274,1,1,2086.409,9288,9305,full_cycle,18,1.7,1.7,0.9959029258727523,0.024584895784731834,0.9923606721201621,0.12166017329917808,222.52300000000002,0.008741319535773036,False,False,False,period_kept_normal_like,Normal,0,14,4
normal,N0274,2,2,2088.109,9305,9322,full_cycle,18,1.7,1.7,0.9959029258727523,0.02332297209474185,0.9979093914223481,0.06364396372948862,221.41613999999998,0.008684152516667328,False,False,False,period_kept_normal_like,Normal,0,18,0
normal,N0275,1,1,2093.637,9339,9356,full_cycle,18,1.7,1.7,0.9904129515668888,0.04037671353901067,0.9991852550781375,0.039731200411120264,337.61959,0.00856793936770846,False,False,False,period_kept_normal_like,Normal,0,15,3
normal,N0275,2,2,2095.337,9356,9373,full_cycle,18,1.7,1.7,0.9904129515668888,0.04351622669257031,0.9945009243041539,0.10322043964594299,334.26075000000003,0.011916518325711814,False,False,False,period_kept_normal_like,Normal,0,18,0
normal,N0276,0,,,9380,9411,partial,32,3.1,,,0.0446671917439068,0.9991287954086586,0.04108477693409138,510.9033791700824,0.01708291120168677,False,False,False,period_kept_normal_like,Normal,0,23,9
normal,N0277,0,,,9412,9432,partial,21,2.0,,,0.03267946252075625,0.9976434835992869,0.06699703477038763,221.5512646635919,0.023924932629780217,False,False,False,period_kept_normal_like,Normal,0,12,9
normal,N0278,0,,,9433,9440,partial,8,0.7,,,,0.99930895748032,0.03477534197444869,302.9228553958729,0.013683861916134233,False,False,False,period_unknown_normal_like,Normal,0,0,8
normal,N0279,0,,,9441,9448,partial,8,0.7,,,,0.9983457831418755,0.053804084433414466,235.40047556175875,-0.006113220906891315,False,False,False,period_unknown_normal_like,Normal,0,0,8
normal,N0280,1,1,2134.595,9453,9469,full_cycle,17,1.6,1.7,0.9910224372132316,0.043857271498432604,0.9962432893502455,0.08531486906688097,526.1946399999999,-0.018460355278419407,False,False,False,period_kept_normal_like,Normal,0,12,5
normal,N0280,2,2,2136.195,9469,9486,full_cycle,18,1.7,1.7,0.9910224372132316,0.03599124295761542,0.9990481356850981,0.042944581848268534,540.8693000000001,0.009226117050067791,False,False,True,period_kept_form_broken,Normal,0,18,0
normal,N0281,1,1,2142.516,9512,9528,full_cycle,17,1.6,1.7,0.9809005366332983,0.05173081816522727,0.9969112649912235,0.07735905945333485,222.90412,-0.01270613319080868,True,False,False,period_broken,Normal,0,17,0
normal,N0282,0,,,9547,9579,partial,33,3.2,,,0.05516867776257621,0.997970880952562,0.06273166013194424,232.36064524997218,0.021247087874672155,False,False,False,period_kept_normal_like,Normal,0,24,9
normal,N0283,0,,,9580,9601,partial,22,2.1,,,0.03201965278131547,0.9985629355806241,0.05237830293937304,539.2861040041105,0.013535604227682066,False,False,False,period_kept_normal_like,Normal,1,12,9
normal,N0284,0,,,9602,9611,partial,10,0.9,,,,0.9984292337625083,0.05317310624258783,241.3666618814384,0.008225917610662282,False,False,False,period_unknown_normal_like,Normal,0,1,9
normal,N0285,1,1,2168.479,9617,9634,full_cycle,18,1.7,1.7,0.986907420595133,0.05097413320011023,0.9973306120518648,0.07191619532144361,248.68205,0.013872044763229858,False,False,False,period_kept_normal_like,Normal,0,14,4
normal,N0285,2,2,2170.179,9634,9650,full_cycle,17,1.6,1.7,0.986907420595133,0.03773532699513499,0.9928280731004775,0.11787963508522327,254.62785000000002,-0.015948644757437173,False,False,False,period_kept_normal_like,Normal,0,17,0
normal,N0286,1,1,2174.925,9665,9682,full_cycle,18,1.7,1.7,0.9917334576883735,0.04126417539504299,0.9994740273734894,0.03192290656979636,513.5234,0.00962721419258768,False,False,False,period_kept_normal_like,Normal,0,12,6
normal,N0286,2,2,2176.625,9682,9699,full_cycle,18,1.7,1.7,0.9917334576883735,0.03834627309828256,0.9921658377813161,0.12320182343902354,518.54259,0.010392703088227696,False,False,False,period_kept_normal_like,Normal,0,18,0
normal,N0287,1,1,2182.241,9719,9735,full_cycle,17,1.6,1.7,0.9948294943160668,0.032836517580981425,0.980226546486688,0.19573212864024545,262.50497,-0.017753250300365737,False,False,False,period_kept_normal_like,Normal,0,15,2
normal,N0287,2,2,2183.841,9735,9752,full_cycle,18,1.7,1.7,0.9948294943160668,0.03164703985448699,0.966744366288942,0.2538361485588197,253.60206,0.01006905487606658,False,True,False,period_kept_form_broken,Normal,0,18,0
normal,N0288,0,,,9762,9797,partial,36,3.5,,,0.04236945855894471,0.9971076110597118,0.0749939304618455,222.2824487336232,0.018495451186466044,False,False,False,period_kept_normal_like,Normal,0,27,9
normal,N0289,0,,,9798,9821,partial,24,2.3,,,0.03832725873816088,0.9990759150010453,0.04208518640404706,498.8731012357528,0.01583440916150045,False,False,False,period_kept_normal_like,Normal,0,15,9
normal,N0290,0,,,9822,9834,partial,13,1.2,,,,0.999151950733343,0.039568035273018776,297.9725082950979,0.020924829176020007,False,False,False,period_unknown_normal_like,Normal,0,4,9
normal,N0291,0,,,9835,9835,not_evaluable,1,,,,,,,,,False,,,not_evaluable,Normal,0,0,1
normal,N0292,1,1,2215.537,9840,9857,full_cycle,18,1.7,1.7,0.9914446989749066,0.04218565675426137,0.9857407171887367,0.1662148021291213,491.53573,0.01093912446489244,False,False,False,period_kept_normal_like,Normal,0,13,5
normal,N0292,2,2,2217.237,9857,9873,full_cycle,17,1.6,1.7,0.9914446989749066,0.037764796577244644,0.9937733944657748,0.10983646126201053,497.23059,-0.01842278021350215,False,False,False,period_kept_normal_like,Normal,0,17,0
normal,N0293,1,1,2222.713,9893,9910,full_cycle,18,1.7,1.7,0.9927249494161036,0.03808985117585341,0.9995777664653633,0.02860205365631356,306.33703,0.011100203051828624,False,False,False,period_kept_normal_like,Normal,0,16,2
normal,N0293,2,2,2224.413,9910,9926,full_cycle,17,1.6,1.7,0.9927249494161036,0.03564948970196734,0.9950120717109651,0.0983062106888731,305.51569,-0.01750618744817983,False,False,False,period_kept_normal_like,Normal,0,17,0
normal,N0294,1,1,2230.241,9945,9962,full_cycle,18,1.7,1.7,0.9898995577744615,0.04671775623418182,0.9981737480465149,0.05948414208743051,218.85029,0.01264496059894482,False,False,False,period_kept_normal_like,Normal,0,18,0
normal,N0295,0,,,9978,10006,partial,29,2.8,,,0.04522063158066812,0.9984057664845043,0.05548441125209433,475.60518650210554,0.01684096011738903,False,False,False,period_kept_normal_like,Normal,0,20,9
normal,N0296,0,,,10007,10026,partial,20,1.9,,,0.038148206949757395,0.9991132864822864,0.04104577546661738,294.7947290981353,0.01717720767815127,False,False,False,period_kept_normal_like,Normal,0,11,9
normal,N0297,0,,,10027,10034,partial,8,0.7,,,,0.9986072363450171,0.04936938723763969,228.52297700009046,0.002444393859773438,False,False,False,period_unknown_normal_like,Normal,0,0,8
normal,N0298,1,1,2263.699,10049,10066,full_cycle,18,1.7,1.7,0.9929600764340956,0.03814369767714423,0.9988574230065262,0.04705042959267833,439.52196000000004,0.009081760369031518,False,False,False,period_kept_normal_like,Normal,0,18,0
normal,N0299,1,1,2269.827,10091,10108,full_cycle,18,1.7,1.7,0.9902660109984345,0.039695985197973335,0.9984973429469161,0.05395737243741625,219.71109,0.01117594741455833,False,False,False,period_kept_normal_like,Normal,0,15,3
normal,N0299,2,2,2271.527,10108,10125,full_cycle,18,1.7,1.7,0.9902660109984345,0.04238982557610809,0.9912813817546836,0.12997046914703633,219.92399999999998,0.011817565854300471,False,False,False,period_kept_normal_like,Normal,0,18,0
normal,N0300,0,,,10133,10168,partial,36,3.5,,,0.04246437312690646,0.9993482884388178,0.03559799045621949,421.8580671115653,0.016269324197167045,False,False,False,period_kept_normal_like,Normal,0,27,9
normal,N0301,0,,,10169,10188,partial,20,1.9,,,0.018520054531130474,0.9993221147537442,0.03588846566636952,512.7871870303277,0.015292949273384936,False,False,False,period_kept_normal_like,Normal,0,11,9
normal,N0302,0,,,10189,10197,partial,9,0.8,,,,0.9990434969944945,0.04123651037085479,237.38564632429456,0.05689378245029381,False,False,True,period_unknown_form_broken,Normal,0,0,9
normal,N0303,1,1,2303.377,10207,10223,full_cycle,17,1.6,1.7,0.9890679877556856,0.049562219622709874,0.9940969021450973,0.10694508915267888,511.22409,-0.017614095488927374,False,False,False,period_kept_normal_like,Normal,3,14,0
normal,N0303,2,2,2304.977,10223,10240,full_cycle,18,1.7,1.7,0.9890679877556856,0.0420516072700858,0.9969716292905122,0.07659940110491967,537.82529,0.00956198105762955,False,False,True,period_kept_form_broken,Normal,4,14,0
normal,N0304,1,1,2309.783,10253,10270,full_cycle,18,1.7,1.7,0.9964248941569789,0.026658419286578257,0.9912236448141208,0.13040010802388619,239.57935,0.009245339186959045,False,False,False,period_kept_normal_like,Normal,0,14,4
normal,N0304,2,2,2311.483,10270,10287,full_cycle,18,1.7,1.7,0.9964248941569789,0.02491246657826708,0.9975597477455629,0.06876037189378569,232.63374,0.008375548265900973,False,False,False,period_kept_normal_like,Normal,0,18,0
normal,N0305,0,,,10298,10335,partial,38,3.7,,,0.04111557627986379,0.9984231024435367,0.05541480402105412,275.9760534293567,0.016431587462261074,False,False,False,period_kept_normal_like,Normal,0,29,9
normal,N0306,0,,,10336,10370,partial,35,3.4,,,0.041151823956001,0.9982587990787033,0.05816274277482575,219.2302935123935,0.016654208782770557,False,False,False,period_kept_normal_like,Normal,0,26,9
normal,N0307,0,,,10371,10393,partial,23,2.2,,,0.03183644765367799,0.9989477193878505,0.044867121173233646,336.9698817123092,0.01556898558712964,False,False,False,period_kept_normal_like,Normal,0,14,9
normal,N0308,0,,,10394,10402,partial,9,0.8,,,,0.9991951452512088,0.0378266161153811,544.7517607836721,0.04004141825808525,False,False,True,period_unknown_form_broken,Normal,0,0,9
normal,N0309,1,1,2352.589,10420,10437,full_cycle,18,1.7,1.7,0.9878605533157137,0.04797599107165798,0.9976935657187219,0.06684845862079633,274.37345,0.011856396498147709,False,False,False,period_kept_normal_like,Normal,0,18,0
normal,N0310,1,1,2358.968,10466,10483,full_cycle,18,1.7,1.7,0.9919927320537009,0.0413853846578518,0.9993023945529381,0.036764256468507596,528.6595199999999,0.00967584725364613,False,False,False,period_kept_normal_like,Normal,0,18,0
normal,N0311,0,,,10503,10540,partial,38,3.7,,,0.034846859130488746,0.998798941257027,0.04836221529142914,298.50998319191814,0.015017157461163527,False,False,False,period_kept_normal_like,Normal,0,29,9
normal,N0312,0,,,10541,10564,partial,24,2.3,,,0.04572280411532661,0.9980550293685209,0.06105620670334488,221.54606710081183,0.016273596521138453,False,False,False,period_kept_normal_like,Normal,0,15,9
normal,N0313,0,,,10565,10581,partial,17,1.6,,,,0.9990298986038064,0.042732577927901756,535.822209921884,0.01583365696445557,False,False,False,period_unknown_normal_like,Normal,0,8,9
normal,N0314,0,,,10582,10582,not_evaluable,1,,,,,,,,,False,,,not_evaluable,Normal,0,0,1
normal,N0315,1,1,2391.665,10588,10605,full_cycle,18,1.7,1.7,0.9912418053591888,0.03948721791843389,0.996587819250097,0.08130867237224695,219.15295,0.012309122061850888,False,False,False,period_kept_normal_like,Normal,0,14,4
normal,N0315,2,2,2393.365,10605,10621,full_cycle,17,1.6,1.7,0.9912418053591888,0.03736582971308735,0.9988325277423039,0.04756025125340062,217.51954,-0.01680803021190648,False,False,False,period_kept_normal_like,Normal,0,17,0
normal,N0316,1,1,2399.02,10645,10661,full_cycle,17,1.6,1.7,0.9916990098129885,0.04178512523592841,0.9969913793458275,0.07634921425567764,430.68152,-0.01789121344235991,False,False,False,period_kept_normal_like,Normal,0,17,0
normal,N0316,2,2,2400.62,10661,10678,full_cycle,18,1.7,1.7,0.9916990098129885,0.03288163138872892,0.999364741375563,0.03508295290944947,436.46495000000004,0.010018498958642198,False,False,False,period_kept_normal_like,Normal,0,18,0
normal,N0317,1,1,2405.741,10688,10704,full_cycle,17,1.6,1.7,0.9918244615792886,0.03868011982555841,0.9900376282063926,0.13893198101990165,487.74152000000004,-0.017913082579067704,False,False,False,period_kept_normal_like,Normal,0,13,4
normal,N0317,2,,2407.341,10704,10721,full_cycle,18,1.7,1.7,0.9918244615792886,0.032311937736929634,0.9967018037900581,0.07993907152802554,482.11307,0.009855848936506314,False,False,False,period_kept_normal_like,Normal,0,18,0
normal,N0318,0,,,10725,10755,partial,31,3.0,,,0.03214277117260591,0.998028259810045,0.061775977008845025,221.20509386401085,0.02141556783800046,False,False,False,period_kept_normal_like,Normal,0,22,9
normal,N0319,0,,,10756,10771,partial,16,1.5,,,,0.9987031313259309,0.04931154797691293,329.35170361233367,0.016696720910287222,False,False,False,period_unknown_normal_like,Normal,0,7,9
normal,N0320,0,,,10772,10774,not_evaluable,3,,,,,,,,,False,,,not_evaluable,Normal,0,0,3
normal,N0321,0,,,10775,10777,not_evaluable,3,,,,,,,,,False,,,not_evaluable,Normal,0,0,3
normal,N0322,1,1,2441.017,10796,10813,full_cycle,18,1.7,1.7,0.9921701790046216,0.04051596577939553,0.9959496290855443,0.08858664485551931,516.10154,0.009926298155796789,False,False,False,period_kept_normal_like,Normal,0,18,0
normal,N0323,1,1,2446.246,10832,10849,full_cycle,18,1.7,1.7,0.9978853864576523,0.021918136995379815,0.9989126502861638,0.045899238235039476,230.02306,0.007788616548987334,False,False,False,period_kept_normal_like,Normal,0,13,5
normal,N0323,2,2,2447.946,10849,10866,full_cycle,18,1.7,1.7,0.9978853864576523,0.015806188030721043,0.9987376602401808,0.04945486108209664,225.71769,0.005681452062060883,False,False,False,period_kept_normal_like,Normal,0,18,0
normal,N0324,1,1,2453.657,10883,10900,full_cycle,18,1.7,1.7,0.9888061841930541,0.04241517526286913,0.9915599214872473,0.12787748870876064,277.57136,0.010216015208824562,False,False,False,period_kept_normal_like,Normal,0,14,4
normal,N0324,2,2,2455.357,10900,10917,full_cycle,18,1.7,1.7,0.9888061841930541,0.03104876590579811,0.9997011952862672,0.02406105011959311,277.47193,0.011895374531801346,False,False,False,period_kept_normal_like,Normal,0,18,0
normal,N0325,0,,,10922,10951,partial,30,2.9,,,0.038689844121462015,0.9986211278840951,0.0516315739066934,514.747955337422,0.01944683294029104,False,False,False,period_kept_normal_like,Normal,0,21,9
normal,N0326,0,,,10952,10970,partial,19,1.8,,,0.04495118757662123,0.9980591798993423,0.06064110279847515,237.65517833740364,0.018035680449331466,False,False,False,period_kept_normal_like,Normal,0,10,9
normal,N0327,0,,,10971,10973,not_evaluable,3,,,,,,,,,False,,,not_evaluable,Normal,0,0,3
normal,N0328,1,1,2480.18,10984,11000,full_cycle,17,1.6,1.7,0.9907299055872395,0.04517335407245386,0.9974714635598753,0.06999313789752416,440.96533999999997,-0.01734732995114764,False,False,False,period_kept_normal_like,Normal,0,17,0
normal,N0328,2,2,2481.78,11000,11017,full_cycle,18,1.7,1.7,0.9907299055872395,0.043498093170411437,0.999292481423559,0.0370245491782795,454.1083,0.009468901762757788,False,False,False,period_kept_normal_like,Normal,0,18,0
normal,N0329,1,1,2487.246,11038,11055,full_cycle,18,1.7,1.7,0.991908878771028,0.039105742724961604,0.9989444145728139,0.045223851728628375,437.10774000000004,0.009263210080721541,False,False,False,period_kept_normal_like,Normal,0,18,0
normal,N0330,1,1,2493.621,11078,11095,full_cycle,18,1.7,1.7,0.9910211770624744,0.037378142988358294,0.9981960198311782,0.05912031441976342,221.13290999999998,0.012387399532174352,False,False,False,period_kept_normal_like,Normal,0,13,5
normal,N0331,0,,,11116,11145,partial,30,2.9,,,0.03491350866690825,0.9993775848339308,0.034689133568509424,402.6412565438919,0.015683494208993846,False,False,False,period_kept_normal_like,Normal,0,21,9
normal,N0332,0,,,11146,11159,partial,14,1.3,,,,0.9994058006294582,0.033219167911323885,497.17002046041307,0.01656505162645298,False,False,False,period_unknown_normal_like,Normal,0,5,9
normal,N0333,0,,,11160,11161,not_evaluable,2,,,,,,,,,False,,,not_evaluable,Normal,0,0,2
normal,N0334,1,1,2527.515,11176,11193,full_cycle,18,1.7,1.7,0.9934731635837759,0.03446815963493622,0.9896349118137971,0.1417122378652187,531.21907,0.009881197135752627,False,False,True,period_kept_form_broken,Normal,0,18,0
normal,N0335,1,1,2534.895,11228,11245,full_cycle,18,1.7,1.7,0.9953942228845214,0.02795334513267811,0.9818711755571314,0.18741557394746572,242.26204,0.010085765955302445,False,False,False,period_kept_normal_like,Normal,0,18,0
normal,N0336,0,,,11257,11290,partial,34,3.3,,,0.045026576631874086,0.9990629068126589,0.04265047767628488,320.5862460849888,0.01466885433364859,False,False,False,period_kept_normal_like,Normal,0,25,9
normal,N0337,0,,,11291,11322,partial,32,3.1,,,0.048426359694765206,0.9985338095952666,0.053298629524320136,220.65052175475398,0.01791693707643086,False,False,False,period_kept_normal_like,Normal,0,23,9
normal,N0338,0,,,11323,11342,partial,20,1.9,,,0.06961200334662944,0.9991042571258447,0.04125422961218956,322.5882211939047,0.013405172439614012,True,False,False,period_broken,Normal,0,11,9
normal,N0339,0,,,11343,11348,partial,6,0.5,,,,0.99981205239871,0.017698757079236998,467.09273263074454,0.06342359282876982,False,False,False,period_unknown_normal_like,Normal,0,0,6
normal,N0340,1,1,2568.609,11360,11377,full_cycle,18,1.7,1.7,0.9944604072412884,0.03413445232309634,0.9976491804381497,0.06748861312166177,304.2324,0.00996976982070286,False,False,False,period_kept_normal_like,Normal,0,18,0
normal,N0340,2,2,2570.309,11377,11394,full_cycle,18,1.7,1.7,0.9944604072412884,0.033034906639786574,0.9992160537050288,0.038973015619873874,296.98303999999996,0.011589959718198843,False,False,False,period_kept_normal_like,Normal,0,18,0
normal,N0341,1,1,2576.156,11417,11434,full_cycle,18,1.7,1.7,0.9877141635538774,0.04645635021111871,0.9989066395661592,0.046025925743724744,234.79285,0.013633449780995318,False,False,False,period_kept_normal_like,Normal,0,18,0
normal,N0342,1,1,2582.295,11457,11474,full_cycle,18,1.7,1.7,0.9937756618147333,0.03927111547682035,0.9947964337765357,0.10040871256002792,508.0114,0.010492694594232013,False,False,False,period_kept_normal_like,Normal,0,17,1
normal,N0343,0,,,11494,11527,partial,34,3.3,,,0.03530252709942604,0.9982510418708622,0.058266940612378,317.4740928075968,0.015513926724761174,False,False,False,period_kept_normal_like,Normal,0,25,9
normal,N0344,0,,,11528,11548,partial,21,2.0,,,0.06039019231645638,0.9983549149037919,0.05597763322389179,224.17654226133115,0.019185536622728643,False,False,False,period_kept_normal_like,Normal,0,12,9
normal,N0345,0,,,11549,11562,partial,14,1.3,,,,0.9991584044696982,0.03953432847163322,491.6242994565166,0.01619581929011778,False,False,False,period_unknown_normal_like,Normal,0,5,9
normal,N0346,0,,,11563,11564,not_evaluable,2,,,,,,,,,False,,,not_evaluable,Normal,0,0,2
normal,N0347,1,1,2616.545,11581,11598,full_cycle,18,1.7,1.7,0.9902760711975375,0.044885658212987546,0.9995052697457442,0.03096029501830318,312.46785,0.011350142196746843,False,False,False,period_kept_normal_like,Normal,0,18,0
normal,N0348,1,1,2622.582,11626,11642,full_cycle,17,1.6,1.7,0.9918689192304081,0.040692647600259264,0.9936668319575125,0.11077234800400189,519.88679,-0.018343442858011462,False,False,False,period_kept_normal_like,Normal,0,17,0
normal,N0348,2,2,2624.182,11642,11659,full_cycle,18,1.7,1.7,0.9918689192304081,0.04037226703751489,0.9981125519560052,0.06047256059767734,523.39011,0.010663767212027844,False,False,False,period_kept_normal_like,Normal,0,18,0
normal,N0349,1,1,2630.627,11679,11695,full_cycle,17,1.6,1.7,0.993538340933103,0.029665239056094698,0.9800570761053129,0.19656911010114497,269.74442999999997,-0.01782989481006151,False,True,False,period_kept_form_broken,Normal,0,17,0
normal,N0350,0,,,11707,11734,partial,28,2.7,,,0.042445795537042114,0.9983670864021764,0.056117648828942726,221.10456555415487,0.019842797811801514,False,False,False,period_kept_normal_like,Normal,0,19,9
normal,N0351,0,,,11735,11752,partial,18,1.7,,,0.05092889934887582,0.9992576985852606,0.037444958198770056,541.3361441632758,0.014942942007655365,False,False,True,period_kept_form_broken,Normal,0,9,9
normal,N0352,0,,,11753,11757,not_evaluable,5,,,,,,,,,False,,,not_evaluable,Normal,0,0,5
normal,N0353,1,1,2656.465,11768,11784,full_cycle,17,1.6,1.7,0.9872298471366933,0.050576313829239404,0.9918685156830354,0.12551793044868015,233.80664000000002,-0.016387628041701467,False,False,False,period_kept_normal_like,Normal,0,17,0
normal,N0353,2,2,2658.065,11784,11801,full_cycle,18,1.7,1.7,0.9872298471366933,0.042051900117797886,0.9916101953614816,0.12749606459467513,238.68241999999998,0.013265587262724405,False,False,False,period_kept_normal_like,Normal,0,18,0
normal,N0354,1,1,2662.939,11816,11833,full_cycle,18,1.7,1.7,0.992410521681553,0.038527833617895364,0.9835180398724008,0.1787003014749098,512.7384,0.010384408386765008,False,False,False,period_kept_normal_like,Normal,0,17,1
normal,N0354,2,2,2664.639,11833,11849,full_cycle,17,1.6,1.7,0.992410521681553,0.04009058658556184,0.9931861371216004,0.1148993443275443,514.5933,-0.018773508613501185,False,False,False,period_kept_normal_like,Normal,0,17,0
normal,N0355,1,1,2670.613,11871,11888,full_cycle,18,1.7,1.7,0.993178578026775,0.03529111522867489,0.9848177240158089,0.17150994058470978,321.98920999999996,0.008893958790438614,False,False,False,period_kept_normal_like,Normal,0,18,0
normal,N0356,0,,,11904,11935,partial,32,3.1,,,0.04408815938762379,0.9974119916597716,0.07081148324384073,218.45657126790815,0.017266789967236885,False,False,False,period_kept_normal_like,Normal,0,23,9
normal,N0357,0,,,11936,11955,partial,20,1.9,,,0.05041054539661785,0.9994319565156685,0.03285243705160701,482.36882069053706,0.017585181600361013,False,False,False,period_kept_normal_like,Normal,0,11,9
normal,N0358,0,,,11956,11962,partial,7,0.6,,,,0.9973780160346332,0.06704349077214423,417.4601504052568,-0.029578859718533062,False,False,False,period_unknown_normal_like,Normal,0,0,7
normal,N0359,1,1,2703.937,11979,11996,full_cycle,18,1.7,1.7,0.9903376988580413,0.043447418604086865,0.9993636148108257,0.035114047104044775,420.00275,0.00935915426604175,False,False,False,period_kept_normal_like,Normal,0,18,0
normal,N0360,1,1,2712.021,12029,12046,full_cycle,18,1.7,1.7,0.9887790537432222,0.045600811684344066,0.998023128555649,0.06188851608683442,220.14991,0.013999562976935867,False,False,False,period_kept_normal_like,Normal,0,18,0
normal,N0361,1,1,2719.025,12081,12098,full_cycle,18,1.7,1.7,0.9922007063593173,0.03919660715423091,0.9993745846013733,0.034810089555180626,513.24231,0.009698544556400084,False,False,False,period_kept_normal_like,Normal,0,18,0
normal,N0362,0,,,12113,12146,partial,34,3.3,,,0.03600784331279758,0.9987762808329299,0.04873863820136938,429.305375820392,0.018136504329508474,False,False,False,period_kept_normal_like,Normal,0,25,9
normal,N0363,0,,,12147,12167,partial,21,2.0,,,0.014317565857297146,0.9977064557076816,0.06609580769528406,220.6080301275645,0.018303470924290154,False,False,False,period_kept_normal_like,Normal,0,12,9
normal,N0364,0,,,12168,12176,partial,9,0.8,,,,0.9983174109896371,0.05469249813051664,475.13815589630144,0.02651813888710026,False,False,False,period_unknown_normal_like,Normal,0,0,9
normal,N0365,1,1,2751.173,12180,12197,full_cycle,18,1.7,1.7,0.9935028909381537,0.03343671078349061,0.9934146863106416,0.11295594394776926,219.75209999999998,0.010427902756841755,False,False,False,period_kept_normal_like,Normal,0,12,6
normal,N0365,2,2,2752.873,12197,12213,full_cycle,17,1.6,1.7,0.9935028909381537,0.03492513502727541,0.99882929351444,0.04762608335536698,218.55214,-0.019153516982263363,False,False,False,period_kept_normal_like,Normal,0,17,0
normal,N0366,1,1,2758.342,12235,12252,full_cycle,18,1.7,1.7,0.9906093068096389,0.04376371171438218,0.9923664537196912,0.12161412713208405,427.72036,0.011037578384157342,False,False,False,period_kept_normal_like,Normal,4,13,1
normal,N0366,2,2,2760.042,12252,12268,full_cycle,17,1.6,1.7,0.9906093068096389,0.04111939147094485,0.9971775385241987,0.07394943616664751,430.16582,-0.018078916637309775,False,False,False,period_kept_normal_like,Normal,0,17,0
normal,N0367,0,,,12277,12313,partial,37,3.6,,,0.0368494816051558,0.9986765133857392,0.05074872817651979,477.21175397863925,0.016084004996932903,False,False,False,period_kept_normal_like,Normal,0,28,9
normal,N0368,0,,,12314,12340,partial,27,2.6,,,0.04551187398299314,0.9971779609600973,0.07372271122879653,220.64548481902736,0.017178947766133004,False,False,False,period_kept_normal_like,Normal,0,18,9
normal,N0369,0,,,12341,12355,partial,15,1.4,,,,0.999460468854056,0.03173522972600014,446.400890910434,0.015268175846968608,False,False,False,period_unknown_normal_like,Normal,0,6,9
normal,N0370,0,,,12356,12356,not_evaluable,1,,,,,,,,,False,,,not_evaluable,Normal,0,0,1
normal,N0371,1,1,2793.465,12376,12393,full_cycle,18,1.7,1.7,0.9913258522756244,0.03868012335429966,0.996592360505231,0.08125454769497566,220.24502999999999,0.012672465432758082,False,False,False,period_kept_normal_like,Normal,0,18,0
normal,N0372,1,1,2799.337,12418,12434,full_cycle,17,1.6,1.7,0.9904790427015396,0.045011155867041214,0.9915501858855071,0.12795122057577282,459.46115,-0.017441640332376312,False,False,False,period_kept_normal_like,Normal,0,17,0
normal,N0372,2,2,2800.937,12434,12451,full_cycle,18,1.7,1.7,0.9904790427015396,0.03997801272463298,0.9959777208939768,0.08827890896425937,474.98685,0.009869045848321899,False,False,False,period_kept_normal_like,Normal,0,18,0
normal,N0373,1,1,2807.239,12473,12490,full_cycle,18,1.7,1.7,0.9934686755584884,0.037567894099889365,0.9990458954634269,0.04299508738926251,426.34743000000003,0.009732375803847828,False,False,False,period_kept_normal_like,Normal,0,18,0
normal,N0374,0,,,12500,12529,partial,30,2.9,,,0.05134360751919405,0.9980219908720335,0.06183972008939883,217.04151694780222,0.021824236593469205,False,False,True,period_kept_form_broken,Normal,0,21,9
normal,N0375,0,,,12530,12550,partial,21,2.0,,,0.05365886597749082,0.998626901996655,0.051141223765922235,510.45475432689767,0.011862076556131204,False,False,False,period_kept_normal_like,Normal,0,12,9
normal,N0376,0,,,12551,12556,partial,6,0.5,,,,0.9873977548255228,0.14492667786664373,503.8107174258298,-0.013446154488034868,False,False,False,period_unknown_normal_like,Normal,0,0,6
normal,N0377,1,1,2832.477,12563,12580,full_cycle,18,1.7,1.7,0.989206342035326,0.046471938484318825,0.9950008166971256,0.09841705974737747,217.56771,0.012687691569672716,False,False,False,period_kept_normal_like,Normal,0,15,3
normal,N0377,2,2,2834.177,12580,12597,full_cycle,18,1.7,1.7,0.989206342035326,0.037460928692747114,0.9969095482741911,0.07738055452602274,219.63432,0.012640813201528368,False,False,False,period_kept_normal_like,Normal,0,18,0
normal,N0378,1,1,2839.572,12618,12635,full_cycle,18,1.7,1.7,0.9893664631339,0.047080201236486895,0.9983211592630117,0.05703291968605126,315.50459,0.011867104690933336,False,False,False,period_kept_normal_like,Normal,0,18,0
normal,N0378,2,2,2841.272,12635,12651,full_cycle,17,1.6,1.7,0.9893664631339,0.0345379083819335,0.9986562915588162,0.05102386799130374,319.17242,-0.015171973309911926,False,False,False,period_kept_normal_like,Normal,0,17,0
normal,N0379,1,1,2846.469,12664,12680,full_cycle,17,1.6,1.7,0.9913560433094364,0.045788329590767604,0.9974853632218321,0.06980049253193601,522.2130500000001,-0.017735264610870976,False,False,False,period_kept_normal_like,Normal,1,14,2
normal,N0380,0,,,12700,12728,partial,29,2.8,,,0.0303112268149567,0.9990585046635895,0.04263871433292875,311.92101882642027,0.01621461576912856,False,False,False,period_kept_normal_like,Normal,0,20,9
normal,N0381,0,,,12729,12741,partial,13,1.2,,,,0.9984990565632809,0.05264002753188876,223.9679718547826,0.019578692897208046,False,False,False,period_unknown_normal_like,Normal,0,4,9
normal,N0382,0,,,12742,12742,not_evaluable,1,,,,,,,,,False,,,not_evaluable,Normal,0,0,1
normal,N0383,1,1,2880.112,12747,12764,full_cycle,18,1.7,1.7,0.9921221924279886,0.03995083341348678,0.9861947787232482,0.16354698475883642,508.76063,0.01031639459162692,False,False,False,period_kept_normal_like,Normal,0,13,5
normal,N0383,2,2,2881.812,12764,12780,full_cycle,17,1.6,1.7,0.9921221924279886,0.037573013249703795,0.9943528188969208,0.10460121121295046,510.4416,-0.018535592759289208,False,False,False,period_kept_normal_like,Normal,0,17,0
normal,N0384,1,1,2887.04,12798,12814,full_cycle,17,1.6,1.7,0.9948495407613911,0.03285220042597538,0.9896941005094304,0.14130704251019457,288.38757,-0.018258844989400898,False,False,False,period_kept_normal_like,Normal,0,13,4
normal,N0384,2,2,2888.64,12814,12831,full_cycle,18,1.7,1.7,0.9948495407613911,0.031492875315320495,0.9801217379968467,0.19625017867790495,278.024,0.009714514489650494,False,False,False,period_kept_normal_like,Normal,0,18,0
normal,N0385,1,1,2895.157,12853,12869,full_cycle,17,1.6,1.7,0.989693488881967,0.043176650940788604,0.9988885528404172,0.04640505222162764,221.66338000000002,-0.01726628739938911,False,False,False,period_kept_normal_like,Normal,0,17,0
normal,N0386,0,,,12883,12910,partial,28,2.7,,,0.035903363096983866,0.9995773353321935,0.02855063926077334,508.35030654543027,0.01721374554123059,False,False,False,period_kept_normal_like,Normal,0,19,9
normal,N0387,0,,,12911,12927,partial,17,1.6,,,,0.9988455108280755,0.04661712226562649,301.4014213048909,0.017845307455473636,False,False,False,period_unknown_normal_like,Normal,0,8,9
normal,N0388,0,,,12928,12931,not_evaluable,4,,,,,,,,,False,,,not_evaluable,Normal,0,0,4
normal,N0389,1,1,2921.326,12944,12960,full_cycle,17,1.6,1.7,0.992418480120819,0.03982090203027056,0.9942416998427837,0.10562531209235076,487.99604,-0.01828535419570208,False,False,False,period_kept_normal_like,Normal,0,17,0
normal,N0389,2,2,2922.926,12960,12977,full_cycle,18,1.7,1.7,0.992418480120819,0.03398212279404793,0.9985434873333172,0.05312243680120506,489.09096999999997,0.010181875957013265,False,False,False,period_kept_normal_like,Normal,0,18,0
normal,N0390,1,1,2927.977,12994,13010,full_cycle,17,1.6,1.7,0.9926954628366332,0.035592611409959944,0.9982750191365463,0.05781133472721341,416.13941,-0.01711020457663455,False,False,False,period_kept_normal_like,Normal,0,17,0
normal,N0390,2,2,2929.577,13010,13027,full_cycle,18,1.7,1.7,0.9926954628366332,0.03243974863771384,0.9984702987721081,0.0544407579763632,422.27178000000004,0.008168885088790028,False,False,False,period_kept_normal_like,Normal,0,18,0
normal,N0391,1,1,2935.965,13046,13062,full_cycle,17,1.6,1.7,0.9885511186250509,0.04490302976877913,0.9986753754944515,0.05066024061826811,219.62204,-0.017595277550468073,False,False,False,period_kept_normal_like,Normal,0,17,0
normal,N0392,0,,,13071,13095,partial,25,2.4,,,0.04465765085514083,0.9992903082801707,0.03691352194077994,416.2521431164826,0.014752969782480991,False,False,False,period_kept_normal_like,Normal,0,16,9
normal,N0393,0,,,13096,13109,partial,14,1.3,,,,0.9989287384312334,0.044603651986872876,377.51611243551565,0.017419568809525908,False,False,False,period_unknown_normal_like,Normal,0,5,9
normal,N0394,0,,,13110,13110,not_evaluable,1,,,,,,,,,False,,,not_evaluable,Normal,0,0,1
normal,N0395,1,1,2968.448,13122,13139,full_cycle,18,1.7,1.7,0.993884036362555,0.0373450070784609,0.9925418276657455,0.12020902169811949,410.15189,0.009798847790696442,False,False,False,period_kept_normal_like,Normal,0,18,0
normal,N0395,2,2,2970.148,13139,13155,full_cycle,17,1.6,1.7,0.993884036362555,0.03811925658930363,0.9973566192855804,0.07156500635217986,401.30227,-0.015885540904116986,False,False,False,period_kept_normal_like,Normal,0,17,0
normal,N0396,1,1,2975.689,13171,13187,full_cycle,17,1.6,1.7,0.9927598928359322,0.039082124951184474,0.9971615203731152,0.07415897974682464,220.75453,-0.016952921645594317,False,False,False,period_kept_normal_like,Normal,0,17,0
normal,N0397,0,,,13205,13236,partial,32,3.1,,,0.03977263059071866,0.9989207375799961,0.04572822912334596,477.6864840089364,0.017517199569388638,False,False,False,period_kept_normal_like,Normal,0,23,9
normal,N0398,0,,,13237,13258,partial,22,2.1,,,0.042542304231386927,0.9992017383558953,0.03903785403728729,340.4712288553862,0.015265035480775563,False,False,False,period_kept_normal_like,Normal,0,13,9
normal,N0399,0,,,13259,13265,partial,7,0.6,,,,0.9998050372165757,0.018281737183365857,255.4182354732258,0.09092350999607665,False,False,False,period_unknown_normal_like,Normal,0,0,7
normal,N0400,1,1,3017.208,13280,13297,full_cycle,18,1.7,1.7,0.9922991487421204,0.03947362095309937,0.9977000822843435,0.06675395549392742,505.60027,0.01003101404942823,False,False,False,period_kept_normal_like,Normal,0,18,0
normal,N0401,1,1,3023.917,13327,13343,full_cycle,17,1.6,1.7,0.9934703343731145,0.03908930897416709,0.997216957149384,0.07343122988939148,401.60351,-0.016481280100116652,False,False,False,period_kept_normal_like,Normal,0,17,0
normal,N0402,0,,,13362,13395,partial,34,3.3,,,0.045315156082299635,0.9977408600955106,0.06622227137724616,226.07639222060712,0.01713282641359438,False,False,False,period_kept_normal_like,Normal,0,25,9
normal,N0403,0,,,13396,13416,partial,21,2.0,,,0.04615299123961698,0.9994963337598314,0.030973605973277852,484.465300069369,0.016249576344096434,False,False,False,period_kept_normal_like,Normal,0,12,9
normal,N0404,0,,,13417,13428,partial,12,1.1,,,,0.9986117393176157,0.05044942600635957,241.9965927348117,0.022367786513357503,False,False,False,period_unknown_normal_like,Normal,0,3,9
normal,N0405,1,1,3057.305,13438,13455,full_cycle,18,1.7,1.7,0.9916949726612808,0.04088029646108741,0.9992834622545491,0.03725978907362821,502.22164999999995,0.00998421103745024,False,False,False,period_kept_normal_like,Normal,0,18,0
normal,N0405,2,2,3059.005,13455,13472,full_cycle,18,1.7,1.7,0.9916949726612808,0.04101419852416478,0.9891042932158576,0.1452942940871249,505.65034,0.010547000778070801,False,False,False,period_kept_normal_like,Normal,0,18,0
normal,N0406,1,1,3064.829,13497,13513,full_cycle,17,1.6,1.7,0.9936936422402567,0.034807278452377216,0.9961342927105545,0.08654367610230605,388.00721,-0.01852608325242204,False,False,False,period_kept_normal_like,Normal,0,17,0
normal,N0407,0,,,13529,13566,partial,38,3.7,,,0.03912111233546006,0.9979361509045788,0.0633961714478198,221.56524545663643,0.0205024236117256,False,False,False,period_kept_normal_like,Normal,0,29,9
normal,N0408,0,,,13567,13591,partial,25,2.4,,,0.04131116407486306,0.9990701524332672,0.04225289727494689,444.1514669436442,0.018980182371962674,False,False,False,period_kept_normal_like,Normal,0,16,9
normal,N0409,0,,,13592,13604,partial,13,1.2,,,,0.9975957980605572,0.0666222684800841,446.8366058147268,0.019863752685171817,False,False,False,period_unknown_normal_like,Normal,0,4,9
normal,N0410,1,1,3097.337,13610,13627,full_cycle,18,1.7,1.7,0.9907249116772536,0.04361474596231872,0.9899453706054273,0.139573795721061,461.68071,0.010186775796530335,False,False,False,period_kept_normal_like,Normal,0,14,4
normal,N0410,2,2,3099.037,13627,13643,full_cycle,17,1.6,1.7,0.9907249116772536,0.0373568811006415,0.9958541960658054,0.08962418826690592,462.52959999999996,-0.017596372615936367,False,False,False,period_kept_normal_like,Normal,0,17,0
normal,N0411,1,1,3104.729,13668,13684,full_cycle,17,1.6,1.7,0.9919498617651583,0.040224770363794175,0.9980442545110102,0.061556940184822447,465.78783,-0.016631947398668617,False,False,False,period_kept_normal_like,Normal,0,17,0
normal,N0411,2,,3106.329,13684,13701,full_cycle,18,1.7,1.7,0.9919498617651583,0.03135829504252376,0.9989304100601882,0.04552285698838932,470.84623,0.008891179885653466,False,False,False,period_kept_normal_like,Normal,0,18,0
normal,N0412,1,1,3112.717,13720,13736,full_cycle,17,1.6,1.7,0.9893961242828477,0.04633422812481749,0.9985046527809746,0.05382597176885978,218.99143,-0.0180818753957632,False,False,False,period_kept_normal_like,Normal,0,17,0
normal,N0413,0,,,13745,13772,partial,28,2.7,,,0.03920793295359489,0.9990128202642945,0.0436330910335997,409.4536364942642,0.0130049919375363,False,False,False,period_kept_normal_like,Normal,1,18,9
normal,N0414,0,,,13773,13787,partial,15,1.4,,,,0.9987354113101272,0.048585651734117316,506.2068697681377,0.018710808250425467,False,False,False,period_unknown_normal_like,Normal,0,6,9
normal,N0415,0,,,13788,13801,partial,14,1.3,,,,0.9987328914047064,0.04850981011067555,415.7762568165824,0.01815977754501171,False,False,False,period_unknown_normal_like,Normal,0,5,9
normal,N0416,0,,,13802,13802,not_evaluable,1,,,,,,,,,False,,,not_evaluable,Normal,0,0,1
normal,N0417,1,1,3154.653,13820,13836,full_cycle,17,1.6,1.7,0.9915982532714083,0.03950718378527714,0.9956808982711064,0.09147819193519131,401.4179,-0.01773211486707494,False,False,False,period_kept_normal_like,Normal,0,17,0
normal,N0418,1,1,3161.29,13870,13886,full_cycle,17,1.6,1.7,0.9923528397714696,0.039596563172194704,0.9985110556449879,0.053710610570315113,219.37468,-0.01783061717742449,False,False,False,period_kept_normal_like,Normal,0,17,0
normal,N0419,0,,,13903,13940,partial,38,3.7,,,0.04461333608310267,0.9977701065259388,0.06589707226954679,486.58293474318225,0.015106882950355307,False,False,False,period_kept_normal_like,Normal,0,29,9
normal,N0420,0,,,13941,13963,partial,23,2.2,,,0.03589446152096649,0.9986924382931484,0.05001422193452938,513.951109771004,0.015468519731092383,False,False,False,period_kept_normal_like,Normal,0,14,9
normal,N0421,0,,,13964,13973,partial,10,0.9,,,,0.9979866823725613,0.060199432965683405,232.06951256857167,0.009691559206517094,False,False,False,period_unknown_normal_like,Normal,0,1,9
normal,N0422,1,1,3193.937,13983,14000,full_cycle,18,1.7,1.7,0.9933861871848393,0.03746589103506797,0.9994566676825125,0.03244543673819888,523.76432,0.00998548882578692,False,False,False,period_kept_normal_like,Normal,3,15,0
normal,N0422,2,2,3195.637,14000,14017,full_cycle,18,1.7,1.7,0.9933861871848393,0.04303986634780106,0.9926917396111228,0.11899476670614606,502.15453,0.011526886073941284,False,False,False,period_kept_normal_like,Normal,3,15,0
normal,N0423,1,1,3200.24,14029,14046,full_cycle,18,1.7,1.7,0.9935563314444318,0.03534709838663223,0.9991014652604056,0.04172422627160747,296.67274,0.011197870559918888,False,False,False,period_kept_normal_like,Normal,0,14,4
normal,N0423,2,2,3201.94,14046,14062,full_cycle,17,1.6,1.7,0.9935563314444318,0.03210493735494932,0.9891902651966057,0.14471994051123901,294.41432,-0.01669965242349625,False,False,False,period_kept_normal_like,Normal,0,17,0
normal,N0424,0,,,14073,14108,partial,36,3.5,,,0.044234405179136474,0.9986857526272789,0.05055176557266326,273.7626301568267,0.01596659653717284,False,False,False,period_kept_normal_like,Normal,0,27,9
normal,N0425,0,,,14109,14132,partial,24,2.3,,,0.038709570733324344,0.9991824104988516,0.03958593871399032,521.4519758412124,0.01658860818560327,False,False,False,period_kept_normal_like,Normal,0,15,9
normal,N0426,0,,,14133,14143,partial,11,1.0,,,,0.9981071065251431,0.05866536030520439,303.57835019512873,0.03239607139002411,False,False,False,period_unknown_normal_like,Normal,0,2,9
normal,N0427,1,,3233.435,14146,14162,full_cycle,17,1.6,1.7,0.991507355835252,0.04287655587158361,0.9985456134611291,0.053083650204770974,494.37242000000003,-0.017285377691579156,False,False,False,period_kept_normal_like,Normal,0,10,7
normal,N0427,2,1,3235.035,14162,14179,full_cycle,18,1.7,1.7,0.991507355835252,0.0401138049219706,0.9980309046504457,0.06176667580307084,504.29219,0.009194391030000474,False,False,False,period_kept_normal_like,Normal,0,18,0
normal,N0428,1,1,3240.184,14196,14213,full_cycle,18,1.7,1.7,0.9942722122590227,0.035228510323021385,0.9995964432992788,0.027962315849141866,368.77339,0.009840743214400902,False,False,False,period_kept_normal_like,Normal,0,11,7
normal,N0428,2,2,3241.884,14213,14229,full_cycle,17,1.6,1.7,0.9942722122590227,0.035024015337652585,0.9946485851851108,0.10182517470570963,358.59613,-0.016115471951691173,False,False,False,period_kept_normal_like,Normal,0,17,0
normal,N0429,1,1,3249.156,14258,14275,full_cycle,18,1.7,1.7,0.992418048207382,0.03573068298722838,0.9924820545470213,0.12068976474890553,220.22608000000002,0.010415139270142964,False,False,False,period_kept_normal_like,Normal,0,18,0
normal,N0430,0,,,14283,14310,partial,28,2.7,,,0.03885232616280953,0.999206049028932,0.03913043774976167,478.25745044661113,0.01248498537139834,False,False,False,period_kept_normal_like,Normal,0,19,9
normal,N0431,0,,,14311,14335,partial,25,2.4,,,0.04724629188271736,0.9980216320999987,0.061631699376232814,228.2923843372668,0.015034736242368474,False,False,False,period_kept_normal_like,Normal,0,16,9
normal,N0432,0,,,14336,14346,partial,11,1.0,,,,0.999074969073042,0.04101066218254279,500.13301861100473,0.025837080959012316,False,False,False,period_unknown_normal_like,Normal,0,2,9
normal,N0433,1,1,3283.017,14364,14380,full_cycle,17,1.6,1.7,0.9896774612299708,0.045041873299054624,0.9984232099206216,0.05527233285103087,218.14706999999999,-0.016883351046154328,False,False,False,period_kept_normal_like,Normal,0,17,0
normal,N0434,1,1,3288.625,14403,14420,full_cycle,18,1.7,1.7,0.987845367054422,0.04655850735362188,0.9974820124054207,0.06984698250101962,334.32165,0.010462791288146674,False,False,False,period_kept_normal_like,Normal,0,15,3
normal,N0434,2,2,3290.325,14420,14437,full_cycle,18,1.7,1.7,0.987845367054422,0.05224996218951289,0.9965533795435642,0.08171797314144215,336.07665999999995,0.013240628422308741,False,False,False,period_kept_normal_like,Normal,0,18,0
normal,N0435,0,,,14446,14480,partial,35,3.4,,,0.0405838682717914,0.9985156160105154,0.05370238390157992,511.60580123595884,0.015951791429869515,False,False,False,period_kept_normal_like,Normal,0,26,9
normal,N0436,0,,,14481,14502,partial,22,2.1,,,0.02728154116394713,0.9980150060312265,0.06155919054361806,226.620320415414,0.01845919635676969,False,False,False,period_kept_normal_like,Normal,0,13,9
normal,N0437,0,,,14503,14512,partial,10,0.9,,,,0.9980789077418585,0.05880447316875265,268.38407333173814,0.03342034915989262,False,False,False,period_unknown_normal_like,Normal,0,1,9
normal,N0438,1,1,3321.549,14517,14533,full_cycle,17,1.6,1.7,0.9939569596738929,0.03507323056546662,0.9982952940756158,0.05747058141775565,391.38012000000003,-0.017761917269839868,False,False,False,period_kept_normal_like,Normal,0,12,5
normal,N0438,2,2,3323.149,14533,14550,full_cycle,18,1.7,1.7,0.9939569596738929,0.034064895048123336,0.997504181312117,0.06953882877769425,387.07308,0.00875964301108204,False,False,False,period_kept_normal_like,Normal,0,18,0
normal,N0439,1,1,3328.539,14566,14583,full_cycle,18,1.7,1.7,0.9897230272640262,0.04495103747827883,0.9813566457349472,0.19005656760170048,226.20621,0.011861145997507936,False,False,False,period_kept_normal_like,Normal,0,12,6
normal,N0439,2,2,3330.239,14583,14600,full_cycle,18,1.7,1.7,0.9897230272640262,0.036118518325996406,0.9974568703831271,0.0701948262530169,227.39091000000002,0.013554040174304968,False,False,False,period_kept_normal_like,Normal,0,18,0
normal,N0440,0,,,14612,14645,partial,34,3.3,,,0.04019610119319058,0.9992136872322838,0.039068809083638564,515.3411891535508,0.015748925281270178,False,False,False,period_kept_normal_like,Normal,0,25,9
normal,N0441,0,,,14646,14662,partial,17,1.6,,,,0.9984919520530219,0.05327925007382679,398.6763177180046,0.01643050396425218,False,False,False,period_unknown_normal_like,Normal,0,8,9
normal,N0442,0,,,14663,14666,not_evaluable,4,,,,,,,,,False,,,not_evaluable,Normal,0,0,4
normal,N0443,1,1,3364.033,14680,14697,full_cycle,18,1.7,1.7,0.9908858858471399,0.0407020524365789,0.9931822974950344,0.11493171278359603,220.78933999999998,0.011326668962848853,False,False,False,period_kept_normal_like,Normal,0,18,0
normal,N0444,1,1,3371.445,14735,14751,full_cycle,17,1.6,1.7,0.9921695396731444,0.04047460266813477,0.9980701545442603,0.06114798091920723,499.00478,-0.01772484073198658,False,False,False,period_kept_normal_like,Normal,0,17,0
normal,N0445,1,1,3378.408,14783,14800,full_cycle,18,1.7,1.7,0.9950500656552521,0.03377225228079397,0.9968543769455791,0.07806820523068461,417.54489,0.009169187138882515,False,False,False,period_kept_normal_like,Normal,0,18,0
normal,N0446,0,,,14811,14841,partial,31,3.0,,,0.04201789622342363,0.9971032326341784,0.07487754345926279,223.18354422447803,0.020226975171051556,False,False,False,period_kept_normal_like,Normal,0,22,9
normal,N0447,0,,,14842,14862,partial,21,2.0,,,0.04934504597219062,0.9986596819729475,0.0505270889542936,501.49882348769864,0.018270968278648412,False,False,False,period_kept_normal_like,Normal,0,12,9
normal,N0448,0,,,14863,14869,partial,7,0.6,,,,0.9922885786508623,0.11497643000052107,407.0156192447059,0.018633500127337332,False,False,False,period_unknown_normal_like,Normal,0,0,7
normal,N0449,1,1,3410.665,14878,14894,full_cycle,17,1.6,1.7,0.9909474138949415,0.042181234780187864,0.9937780719247267,0.1097951986465827,387.64851,-0.01790085704830905,False,False,False,period_kept_normal_like,Normal,0,16,1
normal,N0449,2,2,3412.265,14894,14911,full_cycle,18,1.7,1.7,0.9909474138949415,0.03946596133796146,0.9980274965406825,0.06182010556790895,399.26664,0.009904659496839153,False,False,False,period_kept_normal_like,Normal,0,18,0
normal,N0450,1,1,3417.874,14931,14948,full_cycle,18,1.7,1.7,0.9933328558302392,0.03923833172697747,0.9895078235962143,0.14257837066797566,490.48847,0.01041021628668158,False,False,False,period_kept_normal_like,Normal,0,18,0
normal,N0451,0,,,14968,15004,partial,37,3.6,,,0.03851875667171058,0.9981497226332287,0.06000449767096343,221.11702676673548,0.016880452308751865,False,False,False,period_kept_normal_like,Normal,0,28,9
normal,N0452,0,,,15005,15028,partial,24,2.3,,,0.04105978222865096,0.999015219729242,0.04344531642136571,357.62437604341994,0.017651293070553967,False,False,False,period_kept_normal_like,Normal,0,15,9
normal,N0453,0,,,15029,15039,partial,11,1.0,,,,0.9991666932893999,0.03892432543001491,504.1679198198336,0.017298512333732793,False,False,False,period_unknown_normal_like,Normal,0,2,9
normal,N0454,1,1,3451.261,15051,15068,full_cycle,18,1.7,1.7,0.9879240428180232,0.05013351887454387,0.9993262270543769,0.0361308051687818,268.90448000000004,0.013428210860687514,False,False,False,period_kept_normal_like,Normal,0,18,0
normal,N0454,2,2,3452.961,15068,15084,full_cycle,17,1.6,1.7,0.9879240428180232,0.03275783828863436,0.9981960854155318,0.05911923973975911,278.97767,-0.016231525358284052,False,False,False,period_kept_normal_like,Normal,0,17,0
normal,N0455,1,1,3458.028,15101,15118,full_cycle,18,1.7,1.7,0.9946288437610958,0.03405250336878992,0.9994090036995462,0.033838666228580366,529.4888699999999,0.00904481468304018,False,False,False,period_kept_normal_like,Normal,0,18,0
normal,N0455,2,2,3459.728,15118,15135,full_cycle,18,1.7,1.7,0.9946288437610958,0.03727811690890318,0.9957424182537525,0.09082436145304959,503.64,0.010542053614393102,False,False,False,period_kept_normal_like,Normal,4,14,0
normal,N0456,1,1,3465.373,15146,15163,full_cycle,18,1.7,1.7,0.9927269411016268,0.036233171187315324,0.9949627150870336,0.0987913939514598,253.44851,0.011955940455588586,False,False,False,period_kept_normal_like,Normal,0,15,3
normal,N0457,0,,,15179,15205,partial,27,2.6,,,0.04151624171136469,0.9991883599409207,0.03953680098718743,275.1689851750908,0.01632343504845969,False,False,False,period_kept_normal_like,Normal,0,18,9
normal,N0458,0,,,15206,15223,partial,18,1.7,,,0.035301530449537495,0.9986029351528289,0.05137022743651078,469.5258191055898,0.0151805490795559,False,False,False,period_kept_normal_like,Normal,0,9,9
normal,N0459,0,,,15224,15228,not_evaluable,5,,,,,,,,,False,,,not_evaluable,Normal,0,0,5
normal,N0460,1,1,3499.068,15244,15261,full_cycle,18,1.7,1.7,0.9901722697960448,0.04711319447638718,0.9974335848331443,0.07051545494274791,507.93021999999996,0.011658521657932137,False,False,False,period_kept_normal_like,Normal,0,18,0
normal,N0461,1,1,3505.074,15284,15301,full_cycle,18,1.7,1.7,0.9948813338203206,0.030018430089260913,0.9856028374083383,0.16701647380227094,244.25306999999998,0.010042308120161172,False,False,False,period_kept_normal_like,Normal,0,14,4
normal,N0461,2,2,3506.774,15301,15318,full_cycle,18,1.7,1.7,0.9948813338203206,0.02998109947230716,0.9958053722893435,0.09015038097200274,238.11916,0.009811703716151293,False,False,False,period_kept_normal_like,Normal,0,18,0
normal,N0462,0,,,15327,15360,partial,34,3.3,,,0.048639629748708196,0.9986139476562784,0.05187072581559153,265.5509825489836,0.019940427290484564,False,False,False,period_kept_normal_like,Normal,0,25,9
normal,N0463,0,,,15361,15394,partial,34,3.3,,,0.024075962603085126,0.9978190825526883,0.06506570243236355,226.42904320560902,0.014725983828824632,False,False,False,period_kept_normal_like,Normal,0,25,9
normal,N0464,0,,,15395,15414,partial,20,1.9,,,0.06848740868228444,0.9990853436383992,0.0416874931729072,262.8030224284964,0.018655733958240953,False,False,False,period_kept_normal_like,Normal,0,11,9
normal,N0465,0,,,15415,15422,partial,8,0.7,,,,0.9994042819841811,0.03228786966777392,524.0692783432354,0.015773554770829736,False,False,False,period_unknown_normal_like,Normal,0,0,8
normal,N0466,1,1,3546.849,15434,15451,full_cycle,18,1.7,1.7,0.9883572325783389,0.0473527305707101,0.9938182136245984,0.10944044545934674,231.47514999999999,0.013126454140656002,False,False,False,period_kept_normal_like,Normal,0,18,0
normal,N0466,2,2,3548.549,15451,15467,full_cycle,17,1.6,1.7,0.9883572325783389,0.031795902430588836,0.985668268251587,0.16663652139477175,235.01054,-0.01722608430668685,False,False,False,period_kept_normal_like,Normal,0,17,0
normal,N0467,1,1,3553.266,15481,15498,full_cycle,18,1.7,1.7,0.9908708632579171,0.042745461875976734,0.9993017650869402,0.03678083936036896,477.62208,0.010063877404544463,False,False,False,period_kept_normal_like,Normal,0,17,1
normal,N0467,2,2,3554.966,15498,15515,full_cycle,18,1.7,1.7,0.9908708632579171,0.04177517602489065,0.9882169976724854,0.15109456313699587,482.44983,0.010769588695459005,False,False,False,period_kept_normal_like,Normal,0,18,0
normal,N0468,0,,,15522,15557,partial,36,3.5,,,0.04020510460572975,0.997890087004095,0.0640516089036647,391.39522460354,0.015271464294075226,False,False,False,period_kept_normal_like,Normal,0,27,9
normal,N0469,0,,,15558,15594,partial,37,3.6,,,0.04322358239096051,0.9982396522470178,0.058528126344270445,517.655756702835,0.014388791608876614,False,False,False,period_kept_normal_like,Normal,2,26,9
normal,N0470,0,,,15595,15618,partial,24,2.3,,,0.041391804019735606,0.9986183638041447,0.05146004316025809,313.4262037434837,0.012592538781064182,False,False,False,period_kept_normal_like,Normal,0,15,9
normal,N0471,0,,,15619,15629,partial,11,1.0,,,,0.9990234222273536,0.04213782090077898,268.0485702336718,0.00991535561262524,False,False,False,period_unknown_normal_like,Normal,0,2,9
normal,N0472,1,1,3594.573,15636,15653,full_cycle,18,1.7,1.7,0.9924954894575926,0.03661210575865728,0.9963896255084475,0.08363671787787563,230.94442,0.011456774394666292,False,False,False,period_kept_normal_like,Normal,0,15,3
normal,N0472,2,2,3596.273,15653,15670,full_cycle,18,1.7,1.7,0.9924954894575926,0.032957466583868375,0.9969173802070749,0.07728244204728837,230.50394,0.01172009467603894,False,False,False,period_kept_normal_like,Normal,0,18,0
normal,N0473,1,1,3602.141,15695,15712,full_cycle,18,1.7,1.7,0.9919447302700232,0.038277684862252276,0.9954662898315083,0.09372333461552082,232.5466,0.011491795622898803,False,False,False,period_kept_normal_like,Normal,0,18,0
normal,N0474,1,1,3608.646,15733,15750,full_cycle,18,1.7,1.7,0.991717328612728,0.03978095319500973,0.9979042100383693,0.0637227828226275,231.231,0.011704895562802364,False,False,False,period_kept_normal_like,Normal,0,12,6
normal,N0475,0,,,15769,15795,partial,27,2.6,,,0.03230541994080908,0.9981991570536112,0.05889219064503772,232.72611573461282,0.014953055657724595,False,False,False,period_kept_normal_like,Normal,0,18,9
normal,N0476,0,,,15796,15809,partial,14,1.3,,,,0.9984892176243638,0.05296922406086151,231.71574863844216,0.014218971268023102,False,False,False,period_unknown_normal_like,Normal,0,5,9
normal,N0477,1,1,3634.605,15815,15831,full_cycle,17,1.6,1.7,0.9917708893796968,0.04142301183716779,0.9963038308141153,0.08462462878885632,230.28735,-0.01735925383005189,False,False,False,period_kept_normal_like,Normal,0,13,4
normal,N0477,2,2,3636.205,15831,15848,full_cycle,18,1.7,1.7,0.9917708893796968,0.03359719135893345,0.9924208717312843,0.12117987052574654,230.9468,0.011586702830160325,False,False,False,period_kept_normal_like,Normal,0,18,0
normal,N0478,1,1,3641.185,15864,15881,full_cycle,18,1.7,1.7,0.9924160285651585,0.03811649263922764,0.9966144475313453,0.08099078903195375,230.06621,0.01153814987331128,False,False,False,period_kept_normal_like,Normal,0,13,5
normal,N0478,2,2,3642.885,15881,15897,full_cycle,17,1.6,1.7,0.9924160285651585,0.03282829327418613,0.9983227692256853,0.05700556661620421,228.20797,-0.017938459270287532,False,False,False,period_kept_normal_like,Normal,0,17,0
normal,N0479,1,1,3651.841,15928,15945,full_cycle,18,1.7,1.7,0.9917383660755189,0.03967286498772903,0.9977094747564915,0.06661751015534634,230.05262,0.011651978986884162,False,False,False,period_kept_normal_like,Normal,0,18,0
normal,N0480,1,1,3657.613,15968,15985,full_cycle,18,1.7,1.7,0.9915444229870691,0.040565735331301325,0.998130613545985,0.06018252449552628,229.386,0.011569645001156538,False,False,False,period_kept_normal_like,Normal,0,17,1
normal,N0480,2,2,3659.313,15985,16001,full_cycle,17,1.6,1.7,0.9915444229870691,0.040913578105882704,0.99630239728389,0.08464103769722452,228.45808,-0.01720320364681346,False,False,False,period_kept_normal_like,Normal,0,17,0
normal,N0481,1,1,3664.905,16014,16031,full_cycle,18,1.7,1.7,0.991760638591889,0.03917720168424947,0.9984269212681336,0.05520724629060857,232.04806000000002,0.011955633622773207,False,False,False,period_kept_normal_like,Normal,0,13,5
normal,N0482,1,1,3674.599,16066,16083,full_cycle,18,1.7,1.7,0.9908048977924016,0.04126340097677034,0.9964875352436037,0.082494851145498,231.32911000000001,0.012725763688950755,False,False,False,period_kept_normal_like,Normal,0,18,0
normal,N0483,1,1,3680.777,16106,16123,full_cycle,18,1.7,1.7,0.9906682166299927,0.03994732124457706,0.9982626253350522,0.058018647117430364,231.30789,0.011823815790948336,False,False,False,period_kept_normal_like,Normal,0,14,4
normal,N0483,2,2,3682.477,16123,16139,full_cycle,17,1.6,1.7,0.9906682166299927,0.031217697569044474,0.9939647899140212,0.10813519104150997,230.01984,-0.016949096651836647,False,False,False,period_kept_normal_like,Normal,0,17,0
normal,N0484,1,1,3688.652,16150,16167,full_cycle,18,1.7,1.7,0.9905985124879856,0.04000954393392557,0.9978700843634633,0.0642394858773834,231.78628,0.01153154941343582,False,False,False,period_kept_normal_like,Normal,0,14,4
normal,N0484,2,2,3690.352,16167,16183,full_cycle,17,1.6,1.7,0.9905985124879856,0.03174162329404955,0.9965155057628696,0.08216573242198107,230.60825,-0.017558157882469505,False,False,False,period_kept_normal_like,Normal,0,17,0
normal,N0485,1,1,3697.541,16203,16220,full_cycle,18,1.7,1.7,0.9917547091917671,0.03347588765517297,0.9972974443490741,0.07236160289593892,231.28798999999998,0.011493542035166275,False,False,False,period_kept_normal_like,Normal,0,18,0
normal,N0486,1,1,3704.587,16236,16253,full_cycle,18,1.7,1.7,0.9903207197932926,0.038861389187289014,0.9951756598049332,0.09668070711337579,232.49259999999998,0.011990018050416378,False,False,False,period_kept_normal_like,Normal,0,12,6
normal,N0486,2,2,3706.287,16253,16269,full_cycle,17,1.6,1.7,0.9903207197932926,0.04100188441712567,0.9984908927271171,0.05407305559343352,231.01749999999998,-0.01736731200017315,False,False,False,period_kept_normal_like,Normal,0,17,0
normal,N0487,0,,,16276,16310,partial,35,3.4,,,0.03813930161867011,0.9980170673226766,0.0620689529148213,232.64041614376546,0.019697493061723442,False,False,False,period_kept_normal_like,Normal,0,26,9
normal,N0488,0,,,16311,16333,partial,23,2.2,,,0.025768664207497953,0.9969765778765486,0.07605220559127887,232.40696342565653,0.02140267323650672,False,False,False,period_kept_normal_like,Normal,0,14,9
normal,N0489,0,,,16334,16354,partial,21,2.0,,,0.03836407922642488,0.997972099956194,0.062150355993400186,232.43422440484252,0.016026752672868735,False,False,False,period_kept_normal_like,Normal,0,12,9
normal,N0490,0,,,16355,16362,partial,8,0.7,,,,0.9869943564755659,0.15086376691492326,241.32337712589177,-0.0108256234630294,False,False,False,period_unknown_normal_like,Normal,0,0,8
normal,N0491,1,1,3755.261,16382,16399,full_cycle,18,1.7,1.7,0.993116338295692,0.0341899244499722,0.9984813345523252,0.0542440255223568,229.51093,0.011265632380583711,False,False,False,period_kept_normal_like,Normal,0,18,0
normal,N0492,1,1,3761.779,16429,16445,full_cycle,17,1.6,1.7,0.9912348799916353,0.04219876418425055,0.9980038235363272,0.06218996621936381,229.18465,-0.017786169634397414,False,False,False,period_kept_normal_like,Normal,0,17,0
normal,N0493,1,1,3769.352,16475,16492,full_cycle,18,1.7,1.7,0.9913701835451599,0.03365992015635775,0.9939033385202538,0.1086843209345675,230.06215,0.011469623214729533,False,False,False,period_kept_normal_like,Normal,0,18,0
normal,N0494,0,,,16502,16528,partial,27,2.6,,,0.04184216259716524,0.9981414138852696,0.059828915951451546,230.5426918983755,0.018290145337374403,False,False,False,period_kept_normal_like,Normal,0,18,9
normal,N0495,0,,,16529,16543,partial,15,1.4,,,,0.9985329574219821,0.05233048326708498,239.33484245976925,0.022527345572183968,False,False,False,period_unknown_normal_like,Normal,0,6,9
normal,N0496,0,,,16544,16556,partial,13,1.2,,,,0.9965550288555856,0.07974927415437293,242.3562380658169,0.02541395707110127,False,False,False,period_unknown_normal_like,Normal,0,4,9
normal,N0497,1,1,3803.822,16575,16592,full_cycle,18,1.7,1.7,0.9917848684078755,0.040389305100935136,0.9975347462926089,0.06911171433317362,233.23181,0.011656678795733934,False,False,False,period_kept_normal_like,Normal,0,18,0
normal,N0498,1,1,3810.729,16616,16632,full_cycle,17,1.6,1.7,0.9930750001054954,0.03758234581087274,0.9955695258045929,0.09265011469826215,232.88753,-0.01740147674501937,False,False,False,period_kept_normal_like,Normal,0,17,0
normal,N0498,2,2,3812.329,16632,16649,full_cycle,18,1.7,1.7,0.9930750001054954,0.03339915335426837,0.9899549516025842,0.13950728034763363,233.33136,0.010150738619355858,False,False,False,period_kept_normal_like,Normal,0,18,0
normal,N0499,1,1,3817.283,16665,16682,full_cycle,18,1.7,1.7,0.9912980513233929,0.04009846846586644,0.9977977096773495,0.06532179957820672,231.75159000000002,0.012073317001901495,False,False,False,period_kept_normal_like,Normal,0,17,1
normal,N0499,2,2,3818.983,16682,16698,full_cycle,17,1.6,1.7,0.9912980513233929,0.04385754999236249,0.997607815907131,0.06807978172654325,230.24466999999999,-0.01696153813245708,False,False,False,period_kept_normal_like,Normal,0,17,0
normal,N0500,0,,,16707,16743,partial,37,3.6,,,0.03708311806690839,0.9979013369282899,0.06390528066052714,233.30413948444132,0.019266054470229395,False,False,False,period_kept_normal_like,Normal,0,28,9
normal,N0501,0,,,16744,16767,partial,24,2.3,,,0.04562641869008438,0.9978328804339783,0.06444878458803692,234.64665914294918,0.02161678611365072,False,False,False,period_kept_normal_like,Normal,0,15,9
normal,N0502,0,,,16768,16778,partial,11,1.0,,,,0.9980826676017357,0.059042856519104465,234.73637346248128,0.02485891149680199,False,False,False,period_unknown_normal_like,Normal,0,2,9
normal,N0503,0,,,16779,16791,partial,13,1.2,,,,0.9987358087946748,0.048310365926837656,234.6181946940573,0.010749334788135409,False,False,False,period_unknown_normal_like,Normal,0,4,9
normal,N0504,1,1,3859.636,16810,16827,full_cycle,18,1.7,1.7,0.9926791128719334,0.03847900085523968,0.9959402374869927,0.08868928835519985,232.01683,0.011203985402570098,False,False,False,period_kept_normal_like,Normal,0,18,0
normal,N0505,1,1,3866.29,16857,16874,full_cycle,18,1.7,1.7,0.9911847483723949,0.04016859468362106,0.9982610749836937,0.05804452789965193,233.52267999999998,0.01199337267545818,False,False,False,period_kept_normal_like,Normal,0,18,0
normal,N0506,0,,,16892,16929,partial,38,3.7,,,0.03807875021208751,0.9982132649258448,0.05898670579203968,232.285691107479,0.018343044054079764,False,False,False,period_kept_normal_like,Normal,0,29,9
normal,N0507,0,,,16930,16956,partial,27,2.6,,,0.035386978813989556,0.9981953761231149,0.05895398129929314,233.24232745003485,0.017025740317639378,False,False,False,period_kept_normal_like,Normal,0,18,9
normal,N0508,0,,,16957,16969,partial,13,1.2,,,,0.9983892260333996,0.05453197735020771,233.28818277039076,0.021004584503103323,False,False,False,period_unknown_normal_like,Normal,0,4,9
normal,N0509,1,1,3899.637,16984,17001,full_cycle,18,1.7,1.7,0.9914317815218154,0.03965754958304983,0.9969189824163619,0.07726235544105048,234.34046,0.012148116613298954,False,False,False,period_kept_normal_like,Normal,0,18,0
normal,N0510,1,1,3906.425,17036,17053,full_cycle,18,1.7,1.7,0.9915645248644002,0.04049927504173241,0.9980247156076203,0.06186366874212834,232.60203,0.01180355613253701,False,False,False,period_kept_normal_like,Normal,0,18,0
normal,N0511,0,,,17070,17107,partial,38,3.7,,,0.03515953642224073,0.9982377853322677,0.05858055304499399,235.06449209610653,0.01882422156748244,False,False,False,period_kept_normal_like,Normal,0,29,9
normal,N0512,0,,,17108,17133,partial,26,2.5,,,0.045574972984472044,0.9978765944358817,0.06390205191297693,234.62602802929038,0.01760819377957979,False,False,False,period_kept_normal_like,Normal,0,17,9
normal,N0513,0,,,17134,17146,partial,13,1.2,,,,0.9977547459228525,0.06438233026318935,240.25829323517092,0.025119423400675068,False,False,False,period_unknown_normal_like,Normal,0,4,9
normal,N0514,1,1,3946.985,17165,17181,full_cycle,17,1.6,1.7,0.991810146681581,0.04212594175647692,0.9949865177487348,0.098557708282135,230.98327999999998,-0.017812112309600937,False,False,False,period_kept_normal_like,Normal,0,17,0
normal,N0515,1,1,3954.111,17206,17223,full_cycle,18,1.7,1.7,0.9917729127505938,0.03937071678298989,0.9911877794640515,0.13066628214042214,233.4359,0.01141572331873043,False,False,False,period_kept_normal_like,Normal,0,18,0
normal,N0515,2,2,3955.811,17223,17240,full_cycle,18,1.7,1.7,0.9917729127505938,0.04172233932222768,0.99836490895672,0.056284890480088515,233.37331,0.011907150217064363,False,False,False,period_kept_normal_like,Normal,0,18,0
normal,N0516,1,1,3962.777,17264,17281,full_cycle,18,1.7,1.7,0.992396928526448,0.032963975454633886,0.9972699255597343,0.07272908103376294,232.60548,0.01141659360430424,False,False,False,period_kept_normal_like,Normal,0,18,0
normal,N0517,0,,,17287,17311,partial,25,2.4,,,0.04056733022024142,0.9983071658252556,0.05701089032377491,233.6466825285599,0.019951471434782972,False,False,False,period_kept_normal_like,Normal,0,16,9
normal,N0518,0,,,17312,17324,partial,13,1.2,,,,0.9981925216155211,0.057765761237476856,231.04950525274717,0.020512564104404843,False,False,False,period_unknown_normal_like,Normal,0,4,9
normal,N0519,1,1,3988.539,17343,17360,full_cycle,18,1.7,1.7,0.9913839732783863,0.041960816867427135,0.9952561831256084,0.09587046048775626,231.53296,0.011436617160379286,False,False,False,period_kept_normal_like,Normal,0,18,0
normal,N0520,1,1,3995.089,17392,17408,full_cycle,17,1.6,1.7,0.9918368517422622,0.041813786286733275,0.9979737356524923,0.06265690044437432,230.54638,-0.017509577140183245,False,False,False,period_kept_normal_like,Normal,0,17,0
normal,N0521,1,1,4002.714,17441,17458,full_cycle,18,1.7,1.7,0.9920278599971811,0.0350597436238858,0.9982895943140562,0.057566578989171696,232.73696999999999,0.012044888876814331,False,False,False,period_kept_normal_like,Normal,0,18,0
normal,N0522,0,,,17464,17488,partial,25,2.4,,,0.0403439967546036,0.9974235325648392,0.07033361554412486,231.83637907497894,0.01729082103335051,False,False,False,period_kept_normal_like,Normal,0,16,9
normal,N0523,0,,,17489,17499,partial,11,1.0,,,,0.9958029290905,0.08735581272744722,237.97880137817504,0.02165368799322539,False,False,False,period_unknown_normal_like,Normal,0,2,9
normal,N0524,1,1,4028.4,17506,17523,full_cycle,18,1.7,1.7,0.9916138070143234,0.040066079929981006,0.9906046976897337,0.1349199697084966,233.44794000000002,0.01156676806173825,False,False,False,period_kept_normal_like,Normal,0,15,3
normal,N0524,2,2,4030.1,17523,17540,full_cycle,18,1.7,1.7,0.9916138070143234,0.03455711346745087,0.9982617555662702,0.05803316801925972,233.52697,0.012514195331044883,False,False,False,period_kept_normal_like,Normal,0,18,0
normal,N0525,1,1,4034.885,17554,17570,full_cycle,17,1.6,1.7,0.9918347114662653,0.041254108884251434,0.9986398817706014,0.05133448226543971,231.75087000000002,-0.01784171673228238,False,False,False,period_kept_normal_like,Normal,0,12,5
normal,N0525,2,2,4036.485,17570,17587,full_cycle,18,1.7,1.7,0.9918347114662653,0.0348757163264909,0.9970372967018787,0.07576435600010466,232.44383,0.011669797184727066,False,False,False,period_kept_normal_like,Normal,0,18,0
normal,N0526,1,1,4042.048,17608,17625,full_cycle,18,1.7,1.7,0.9903083224355157,0.04192683919557385,0.9961376283176282,0.0865063300261659,233.47976,0.012402596670981874,False,False,False,period_kept_normal_like,Normal,0,17,1
normal,N0526,2,2,4043.748,17625,17642,full_cycle,18,1.7,1.7,0.9903083224355157,0.04517035873082471,0.9961011313630728,0.08691408392226634,233.62973,0.01328453864356471,False,False,False,period_kept_normal_like,Normal,0,18,0
normal,N0527,0,,,17649,17684,partial,36,3.5,,,0.04109686957199098,0.9979065991336159,0.06380048342007841,233.56179769429306,0.021223428439982886,False,False,False,period_kept_normal_like,Normal,0,27,9
normal,N0528,0,,,17685,17709,partial,25,2.4,,,0.031372924877332065,0.9971093773516501,0.07449829182492466,232.48683868395062,0.012230303129513127,False,False,False,period_kept_normal_like,Normal,0,16,9
normal,N0529,0,,,17710,17720,partial,11,1.0,,,,0.9966273632972261,0.07830751389436309,245.30501362870277,0.01690849498588773,False,False,False,period_unknown_normal_like,Normal,0,2,9
normal,N0530,0,,,17721,17721,not_evaluable,1,,,,,,,,,False,,,not_evaluable,Normal,0,0,1
normal,N0531,1,1,4075.297,17729,17745,full_cycle,17,1.6,1.7,0.9916605256215256,0.0411157994871423,0.9987216997409608,0.04976652240099039,229.31507,-0.017489064009181772,False,False,False,period_kept_normal_like,Normal,0,15,2
normal,N0531,2,2,4076.897,17745,17762,full_cycle,18,1.7,1.7,0.9916605256215256,0.034502878641088044,0.9973523694501027,0.0716225117573089,230.44554,0.011440166781985478,False,False,False,period_kept_normal_like,Normal,0,18,0
normal,N0532,1,1,4082.705,17786,17803,full_cycle,18,1.7,1.7,0.9912494013857777,0.04100170257578718,0.9969383341386894,0.0770193326788125,230.45911999999998,0.011255403612426811,False,False,False,period_kept_normal_like,Normal,0,18,0
normal,N0533,0,,,17822,17859,partial,38,3.7,,,0.03611129651467503,0.9979864073802593,0.062619539127556,234.1168133697719,0.017411853876898354,False,False,False,period_kept_normal_like,Normal,0,29,9
normal,N0534,0,,,17860,17884,partial,25,2.4,,,0.03996485300438662,0.9972681510027801,0.07242340833364339,232.86541924671937,0.01719473631316504,False,False,False,period_kept_normal_like,Normal,0,16,9
normal,N0535,0,,,17885,17894,partial,10,0.9,,,,0.9975894599145845,0.06587087485185149,246.29185593558321,0.002976607971808304,False,False,False,period_unknown_normal_like,Normal,0,1,9
normal,N0536,1,1,4116.185,17910,17927,full_cycle,18,1.7,1.7,0.9916886540687546,0.039394594979149065,0.9957129315918757,0.09113832915267206,234.6572,0.01188273537639035,False,False,False,period_kept_normal_like,Normal,0,18,0
normal,N0537,1,1,4123.182,17961,17978,full_cycle,18,1.7,1.7,0.9914846648701622,0.03937710450662296,0.9902922966834745,0.13714472347038525,233.35496,0.011492257016823593,False,False,False,period_kept_normal_like,Normal,0,18,0
normal,N0538,0,,,17995,18029,partial,35,3.4,,,0.04212806839852723,0.9980731411223871,0.06118505972578924,235.0639487533994,0.01817658514309493,False,False,False,period_kept_normal_like,Normal,0,26,9
normal,N0539,0,,,18030,18052,partial,23,2.2,,,0.04948671122640034,0.998134219691523,0.05974377667171499,233.17056668425806,0.018555509436817177,False,False,False,period_kept_normal_like,Normal,0,14,9
normal,N0540,0,,,18053,18062,partial,10,0.9,,,,0.9976390566109405,0.06518970854595885,235.30217213377054,0.016344304358104023,False,False,False,period_unknown_normal_like,Normal,0,1,9
normal,N0541,0,,,18063,18070,partial,8,0.7,,,,0.9968342699704562,0.07443136134521335,244.99585364729583,0.02622478255779754,False,False,False,period_unknown_normal_like,Normal,0,0,8
normal,N0542,1,1,4163.809,18078,18094,full_cycle,17,1.6,1.7,0.9917284368241143,0.041201313251279334,0.991971635197563,0.12471951252599345,231.47931,-0.017000849341567505,False,False,False,period_kept_normal_like,Normal,0,15,2
normal,N0542,2,2,4165.409,18094,18111,full_cycle,18,1.7,1.7,0.9917284368241143,0.03344630837150072,0.9865505259255583,0.1614260078773911,232.01969000000003,0.010794928401018337,False,False,False,period_kept_normal_like,Normal,0,18,0
normal,N0543,1,1,4170.662,18131,18148,full_cycle,18,1.7,1.7,0.9915077309174236,0.040538181337130996,0.9977654089387975,0.06579908951558909,233.00150000000002,0.012829409707157907,False,False,False,period_kept_normal_like,Normal,0,18,0
normal,N0543,2,2,4172.362,18148,18164,full_cycle,17,1.6,1.7,0.9915077309174236,0.04119818815529058,0.9976566551264575,0.06738123397866723,231.76232,-0.017317122828680694,False,False,False,period_kept_normal_like,Normal,0,17,0
normal,N0544,0,,,18171,18206,partial,36,3.5,,,0.03679867058520772,0.9975703536281106,0.06873363361400744,232.43226541611148,0.017563799338954602,False,False,False,period_kept_normal_like,Normal,0,27,9
normal,N0545,0,,,18207,18228,partial,22,2.1,,,0.025076812360739813,0.9983223522521136,0.056593127357893666,234.6649213363732,0.01818681784165181,False,False,False,period_kept_normal_like,Normal,0,13,9
normal,N0546,0,,,18229,18235,partial,7,0.6,,,,0.9968924894464988,0.07298740267237662,256.8649924426282,-0.017994123445966934,False,False,False,period_unknown_normal_like,Normal,0,0,7
normal,N0547,0,,,18236,18243,partial,8,0.7,,,,0.9991942539350016,0.03755070723365148,263.5674951500816,0.06971108410129868,False,False,False,period_unknown_normal_like,Normal,0,0,8
normal,N0548,1,1,4212.549,18258,18275,full_cycle,18,1.7,1.7,0.991647806505034,0.04043980100946948,0.9976502103610582,0.06747382770712104,232.10398,0.011896706051871285,False,False,False,period_kept_normal_like,Normal,0,18,0
normal,N0549,1,1,4218.836,18302,18318,full_cycle,17,1.6,1.7,0.9916480117478055,0.04005950891127491,0.992378515712728,0.12151800610028957,231.13135,-0.018025900099661953,False,False,False,period_kept_normal_like,Normal,0,16,1
normal,N0549,2,2,4220.436,18318,18335,full_cycle,18,1.7,1.7,0.9916480117478055,0.03966343843962458,0.9866445447271629,0.16086079258514846,231.65501999999998,0.010794880909298562,False,False,False,period_kept_normal_like,Normal,0,18,0
normal,N0550,1,1,4226.628,18347,18364,full_cycle,18,1.7,1.7,0.9835525096183844,0.05606896134763239,0.9953121623052688,0.0953031244689388,228.79746,0.015554698079973027,True,False,False,period_broken,Normal,0,13,5
normal,N0550,2,2,4228.328,18364,18380,full_cycle,17,1.6,1.7,0.9835525096183844,0.04875747565775579,0.9976648746243085,0.06726295723057825,229.67377,-0.015120471473516544,False,False,False,period_kept_normal_like,Normal,0,17,0
normal,N0551,1,1,4235.853,18405,18422,full_cycle,18,1.7,1.7,0.9931680679223306,0.03364529123703155,0.9959614702652364,0.08845705941926905,231.84111000000001,0.01206572416062423,False,False,False,period_kept_normal_like,Normal,0,18,0
normal,N0552,0,,,18434,18464,partial,31,3.0,,,0.03608910451413184,0.9978989558910677,0.0637694047724338,232.8895295292632,0.01582522697983793,False,False,False,period_kept_normal_like,Normal,0,22,9
normal,N0553,0,,,18465,18481,partial,17,1.6,,,,0.9976883415283427,0.06596481731286452,233.89057664442183,0.0186619160053982,False,False,False,period_unknown_normal_like,Normal,0,8,9
normal,N0554,0,,,18482,18484,not_evaluable,3,,,,,,,,,False,,,not_evaluable,Normal,0,0,3
normal,N0555,1,1,4260.918,18489,18506,full_cycle,18,1.7,1.7,0.992459416811893,0.037593228846651394,0.9939690800648839,0.10809675006348589,232.35620999999998,0.0107905535111244,False,False,False,period_kept_normal_like,Normal,0,13,5
normal,N0555,2,2,4262.618,18506,18523,full_cycle,18,1.7,1.7,0.992459416811893,0.03313709094462166,0.9983495358236658,0.05654886684671671,232.38948,0.011330553648935551,False,False,False,period_kept_normal_like,Normal,0,18,0
normal,N0556,1,1,4268.929,18551,18567,full_cycle,17,1.6,1.7,0.9921700489179132,0.03976859241163899,0.9930380617511209,0.11614110106763802,231.3464,-0.01778972408907162,False,False,False,period_kept_normal_like,Normal,0,17,0
normal,N0557,1,1,4275.185,18590,18607,full_cycle,18,1.7,1.7,0.9897728748769526,0.040469346046133475,0.9964217478001896,0.08326381949641973,232.48329999999999,0.011767261663652448,False,False,False,period_kept_normal_like,Normal,0,14,4
normal,N0557,2,2,4276.885,18607,18624,full_cycle,18,1.7,1.7,0.9897728748769526,0.037640663763034286,0.9967281671409649,0.07961894350203719,232.68786,0.01176156003709913,False,False,False,period_kept_normal_like,Normal,0,18,0
normal,N0558,0,,,18630,18659,partial,30,2.9,,,0.04237609662403087,0.9981432796419335,0.059913766021917406,230.60057459911727,0.01798533249912039,False,False,False,period_kept_normal_like,Normal,0,21,9
normal,N0559,0,,,18660,18678,partial,19,1.8,,,0.027951659994793175,0.9984708435971582,0.05382702828325267,230.93034550371658,0.018716676475554427,False,False,False,period_kept_normal_like,Normal,0,10,9
normal,N0560,0,,,18679,18683,not_evaluable,5,,,,,,,,,False,,,not_evaluable,Normal,0,0,5
normal,N0561,1,1,4309.171,18698,18714,full_cycle,17,1.6,1.7,0.9894267061318122,0.04455355193869434,0.9881142716806021,0.1517517664438664,242.93747000000002,-0.017061222070848103,False,False,False,period_kept_normal_like,Normal,0,17,0
normal,N0562,1,1,4316.877,18746,18763,full_cycle,18,1.7,1.7,0.9960173866600626,0.03365274020585479,0.9890690603007877,0.14552902001739756,222.86167,0.00870142056122553,False,False,False,period_kept_normal_like,Normal,0,18,0
normal,N0563,1,1,4323.665,18789,18805,full_cycle,17,1.6,1.7,0.9928384124467936,0.035555535247807794,0.9981047635200512,0.06059720026454105,403.92355999999995,-0.018273389400707406,False,False,False,period_kept_normal_like,Normal,0,13,4
normal,N0563,2,2,4325.265,18805,18822,full_cycle,18,1.7,1.7,0.9928384124467936,0.035408146860155004,0.9976558063610023,0.06739343570080546,400.88205,0.009961935040934034,False,False,False,period_kept_normal_like,Normal,0,18,0
normal,N0564,0,,,18828,18857,partial,30,2.9,,,0.041881649595354745,0.999426851340593,0.03328794689053239,454.25530933284494,0.016494337131521163,False,False,False,period_kept_normal_like,Normal,0,21,9
normal,N0565,0,,,18858,18875,partial,18,1.7,,,0.037284397009411246,0.9980398859929919,0.06084765869606775,225.12489602235712,0.01751094197005314,False,False,False,period_kept_normal_like,Normal,0,9,9
normal,N0566,0,,,18876,18879,not_evaluable,4,,,,,,,,,False,,,not_evaluable,Normal,0,0,4
normal,N0567,1,1,4351.066,18897,18914,full_cycle,18,1.7,1.7,0.993066415944823,0.0375010158842056,0.9883711869438264,0.15010271581932405,472.37175,0.010179385945372852,False,False,False,period_kept_normal_like,Normal,0,18,0
normal,N0568,1,1,4356.936,18939,18955,full_cycle,17,1.6,1.7,0.9900083319797878,0.046613346524657366,0.9945061590178363,0.10317129883326015,221.90848,-0.016197527974145018,False,False,False,period_kept_normal_like,Normal,0,17,0
normal,N0568,2,2,4358.536,18955,18972,full_cycle,18,1.7,1.7,0.9900083319797878,0.04383039759349015,0.991317533650792,0.1297007268737945,221.46263,0.01314427125855473,False,False,False,period_kept_normal_like,Normal,0,18,0
normal,N0569,1,1,4364.393,18991,19008,full_cycle,18,1.7,1.7,0.9896119637168445,0.04331106147509745,0.9991304445677621,0.04104587250822366,367.08002,0.011060418988561168,False,False,False,period_kept_normal_like,Normal,6,12,0
normal,N0570,1,1,4371.949,19029,19046,full_cycle,18,1.7,1.7,0.9917612536179803,0.0381115843215329,0.9974872733173675,0.06977397758191024,220.84608,0.011704818284726257,False,False,False,period_kept_normal_like,Normal,0,14,4
normal,N0571,0,,,19066,19095,partial,30,2.9,,,0.045724245453508346,0.9980650167024715,0.061163450757413605,485.0170493886851,0.01540820992250835,False,False,False,period_kept_normal_like,Normal,0,21,9
normal,N0572,0,,,19096,19115,partial,20,1.9,,,0.03150666790217731,0.998587545399583,0.05180409000062074,344.01324296343546,0.016480791849549745,False,False,False,period_kept_normal_like,Normal,0,11,9
normal,N0573,0,,,19116,19123,partial,8,0.7,,,,0.998210676317152,0.055958166919444996,229.9031422066682,-0.005284007367250331,False,False,False,period_unknown_normal_like,Normal,0,0,8
normal,N0574,1,1,4406.021,19137,19153,full_cycle,17,1.6,1.7,0.9937073659938217,0.035935390063819836,0.9979994877516226,0.06225746928065244,364.88811,-0.017485039797542314,False,False,False,period_kept_normal_like,Normal,0,17,0
normal,N0575,1,1,4413.121,19177,19194,full_cycle,18,1.7,1.7,0.9930233988137079,0.037169359640074284,0.9995669331651225,0.02896665311310786,528.8117500000001,0.00906725736577169,False,False,False,period_kept_normal_like,Normal,0,12,6
normal,N0575,2,2,4414.821,19194,19211,full_cycle,18,1.7,1.7,0.9930233988137079,0.03444764487359512,0.9942809759678589,0.10526447198496434,523.2230999999999,0.00958453095820884,False,False,False,period_kept_normal_like,Normal,0,18,0
normal,N0576,1,1,4421.037,19240,19257,full_cycle,18,1.7,1.7,0.9950943433636481,0.0322914848997574,0.9973793285774087,0.07125693567135123,318.11575,0.009247241350505465,False,False,False,period_kept_normal_like,Normal,0,18,0
normal,N0577,0,,,19273,19307,partial,35,3.4,,,0.03659838974034083,0.9981718066521176,0.05959797399624543,223.90080857910564,0.01836760467499052,False,False,False,period_kept_normal_like,Normal,0,26,9
normal,N0578,0,,,19308,19342,partial,35,3.4,,,0.036273885539550965,0.9988850166080913,0.04654302791113383,315.4050495691202,0.01862266771018824,False,False,False,period_kept_normal_like,Normal,0,26,9
normal,N0579,0,,,19343,19366,partial,24,2.3,,,0.03848194294492806,0.9980123185812525,0.06172295131687911,273.3590627738644,0.015466902210774661,False,False,False,period_kept_normal_like,Normal,0,15,9
normal,N0580,0,,,19367,19376,partial,10,0.9,,,,0.9996191051606315,0.026184169088646347,486.48356220800207,0.02124570194722589,False,False,False,period_unknown_normal_like,Normal,0,1,9
normal,N0581,1,1,4469.05,19380,19397,full_cycle,18,1.7,1.7,0.9953134564381524,0.03171640739355607,0.9988720801211362,0.04674767122862384,265.95034999999996,0.010444839001848637,False,False,False,period_kept_normal_like,Normal,0,12,6
normal,N0581,2,2,4470.75,19397,19413,full_cycle,17,1.6,1.7,0.9953134564381524,0.032550262184093515,0.9869178493448437,0.15920636574699418,260.59904,-0.018004912834675067,False,False,False,period_kept_normal_like,Normal,0,17,0
normal,N0582,1,1,4476.033,19435,19452,full_cycle,18,1.7,1.7,0.9916093204040882,0.03876136341676636,0.9936669913751045,0.11077095382244845,220.41442999999998,0.012039836796102151,False,False,False,period_kept_normal_like,Normal,0,17,1
normal,N0582,2,2,4477.733,19452,19469,full_cycle,18,1.7,1.7,0.9916093204040882,0.04174915144103903,0.9982576425869069,0.05810178558244156,222.50369,0.012105980063944635,False,False,False,period_kept_normal_like,Normal,0,18,0
normal,N0583,0,,,19477,19513,partial,37,3.6,,,0.04391320585536883,0.9991931608540591,0.03962405033655188,496.7674649363579,0.016244329522133602,False,False,False,period_kept_normal_like,Normal,0,28,9
normal,N0584,0,,,19514,19538,partial,25,2.4,,,0.03543042339203714,0.9988426563134934,0.0471391544057874,307.5629983142985,0.015828770789060833,False,False,False,period_kept_normal_like,Normal,0,16,9
normal,N0585,0,,,19539,19549,partial,11,1.0,,,,0.9967633344464087,0.0767127529233246,242.92084132744515,0.007844653065456335,False,False,False,period_unknown_normal_like,Normal,0,2,9
normal,N0586,1,1,4517.5,19555,19572,full_cycle,18,1.7,1.7,0.9924604935806725,0.0390362021792657,0.993937403209062,0.10838026242099148,523.9007,0.010210066638245632,False,False,False,period_kept_normal_like,Normal,0,14,4
normal,N0586,2,2,4519.2,19572,19588,full_cycle,17,1.6,1.7,0.9924604935806725,0.0340278582733382,0.9984117570956734,0.055472701639036115,518.7327300000001,-0.017923054758854327,False,False,False,period_kept_normal_like,Normal,0,17,0
normal,N0587,1,1,4524.614,19610,19627,full_cycle,18,1.7,1.7,0.9951095240533177,0.03226211981092276,0.9903643174813724,0.13663504264953777,346.16724999999997,0.00833065315715928,False,False,False,period_kept_normal_like,Normal,0,18,0
normal,N0587,2,2,4526.314,19627,19644,full_cycle,18,1.7,1.7,0.9951095240533177,0.03160510953602463,0.9986057870846671,0.05197391195068776,332.27805,0.009387622982690337,False,False,False,period_kept_normal_like,Normal,0,18,0
normal,N0588,1,1,4532.317,19661,19677,full_cycle,17,1.6,1.7,0.9896164666223077,0.03971374609227689,0.9893050948688374,0.143949222615572,226.10536000000002,-0.01663420456949805,False,False,False,period_kept_normal_like,Normal,0,17,0
normal,N0589,0,,,19692,19720,partial,29,2.8,,,0.03539031262852434,0.9991997018452983,0.03931161829812647,503.499338563006,0.013774167864599377,False,False,False,period_kept_normal_like,Normal,0,20,9
normal,N0590,0,,,19721,19738,partial,18,1.7,,,0.042830932856745246,0.9991301846873711,0.04053374494677706,297.29868463499156,0.016635849670939767,False,False,False,period_kept_normal_like,Normal,0,9,9
normal,N0591,0,,,19739,19744,partial,6,0.5,,,,0.9997318734487104,0.0211394793096412,253.2445814344342,0.040424194399347094,False,False,False,period_unknown_normal_like,Normal,0,0,6
normal,N0592,1,1,4565.625,19759,19775,full_cycle,17,1.6,1.7,0.995510877165911,0.034119356726544,0.9986152530713323,0.051797173419925,326.32545,-0.0189724537267933,False,False,False,period_kept_normal_like,Normal,0,17,0
normal,N0593,1,1,4571.875,19801,19818,full_cycle,18,1.7,1.7,0.9911128187157968,0.03831535519632982,0.9987722828827679,0.04877193777817039,228.06301,0.010823436341510338,False,False,False,period_kept_normal_like,Normal,0,15,3
normal,N0593,2,2,4573.575,19818,19834,full_cycle,17,1.6,1.7,0.9911128187157968,0.037933905237152434,0.9956886198593906,0.09139638407743958,227.45433,-0.017517524836744156,False,False,False,period_kept_normal_like,Normal,0,17,0
normal,N0594,0,,,19841,19875,partial,35,3.4,,,0.04107675941182063,0.9991638125543312,0.040306237130065314,519.454760496076,0.016130274155953986,False,False,False,period_kept_normal_like,Normal,0,26,9
normal,N0595,0,,,19876,19897,partial,22,2.1,,,0.04380348395795537,0.9981677484720649,0.05914334058157924,301.9636340501122,0.020648443291256584,False,False,False,period_kept_normal_like,Normal,0,13,9
normal,N0596,0,,,19898,19905,partial,8,0.7,,,,0.9987045072445011,0.04761420294537014,228.58164647904758,0.01990725306555462,False,False,False,period_unknown_normal_like,Normal,0,0,8
normal,N0597,1,1,4604.905,19910,19927,full_cycle,18,1.7,1.7,0.9921378627548307,0.040721060497624424,0.9970001197733631,0.07623823147941448,428.71767,0.010898845908379312,False,False,False,period_kept_normal_like,Normal,0,13,5
normal,N0597,2,2,4606.605,19927,19943,full_cycle,17,1.6,1.7,0.9921378627548307,0.034793445886141056,0.9986059082469908,0.051971653537823195,426.65009999999995,-0.01804931576249484,False,False,False,period_kept_normal_like,Normal,0,17,0
normal,N0598,1,1,4612.309,19964,19981,full_cycle,18,1.7,1.7,0.9931438716880658,0.03975795011791742,0.9984745339624158,0.054365342340690695,227.10958,0.011252913034056851,False,False,False,period_kept_normal_like,Normal,0,17,1
abnormal,A0000,0,,,0,3,not_evaluable,4,,,,,,,,,False,,,not_evaluable,RMS_not_evaluable,0,0,4
abnormal,A0001,1,1,8.981,6,19,full_cycle,14,1.3,2.1,0.0924060725537946,0.5306441652919284,0.6136441460973817,0.865196201411173,293.25488,0.09974984632952952,True,True,True,period_broken,RMS_detected,7,0,7
abnormal,A0001,2,2,10.281,19,32,full_cycle,14,1.3,2.1,0.0924060725537946,0.27073906371054435,0.2098347865101294,1.2373136631980688,364.78047000000004,-0.02790346984901316,True,True,True,period_broken,RMS_detected,14,0,0
abnormal,A0002,0,,,54,100,global_no_cycle,47,,1.2,-0.270721331323977,,,,,,True,,,period_broken,RMS_detected,34,4,9
abnormal,A0003,0,,,101,131,partial,31,3.0,,,0.22438801804853867,0.253651454936263,1.2018924956463886,354.0495883848233,0.21192362547465732,True,True,True,period_broken,RMS_missed,0,22,9
abnormal,A0004,0,,,132,149,partial,18,1.7,,,0.33576865324582483,0.5306371406577015,0.9415807399627429,347.9333638523706,-0.3469734054575765,True,True,True,period_broken,RMS_detected,9,0,9
abnormal,A0005,0,,,150,152,not_evaluable,3,,,,,,,,,False,,,not_evaluable,RMS_not_evaluable,0,0,3
abnormal,A0006,1,1,51.441,180,195,full_cycle,16,1.5,1.2,0.3401482077961939,0.6300097803040055,0.8371380904834775,0.5617338779958551,406.503724,-0.31221896471482263,True,True,True,period_broken,RMS_detected,11,5,0
abnormal,A0007,1,,57.764,216,241,full_cycle,26,2.5,2.1,0.06339699867687672,0.3317708358364441,-0.08603153335881603,1.4505812958544262,228.88186000000002,-0.041874999652659235,True,True,True,period_broken,RMS_detected,16,10,0
abnormal,A0008,0,,,243,267,partial,25,2.4,,,0.45958884149229534,0.47878784803042856,1.0003635997883855,308.3409476171446,-0.0368172570197309,True,True,True,period_broken,RMS_detected,8,8,9
abnormal,A0009,0,,,268,275,partial,8,0.7,,,,0.6779632148971462,0.7507092472655403,290.0780115361528,-0.11717748712395824,False,True,True,period_unknown_form_broken,RMS_not_evaluable,0,0,8
abnormal,A0010,0,,,276,279,not_evaluable,4,,,,,,,,,False,,,not_evaluable,RMS_not_evaluable,0,0,4
abnormal,A0011,1,1,91.729,295,311,full_cycle,17,1.6,1.8,0.027751882706450317,0.3460982636606923,-0.1975418574212825,1.523232532725629,206.232099,0.07586705137496566,True,True,True,period_broken,RMS_missed,0,17,0
abnormal,A0012,0,,,330,371,global_no_cycle,42,,1.5,0.42035139443220954,,,,,,True,,,period_broken,RMS_detected,21,12,9
abnormal,A0013,0,,,372,399,partial,28,2.7,,,0.21588338962307208,0.3413116785622102,1.1270880520432265,305.21214770178926,0.30984817026836436,True,True,True,period_broken,RMS_detected,19,0,9
abnormal,A0014,0,,,400,414,partial,15,1.4,,,,0.32020970286918204,1.1264732078383077,171.96898586700618,0.28934177948595147,False,True,True,period_unknown_form_broken,RMS_missed,1,5,9
abnormal,A0015,1,,124.121,418,434,full_cycle,17,1.6,1.3,0.4924263913590539,0.44901317056442386,-0.12423360738480767,1.4758735089119477,181.198138,0.36430921957790763,True,True,True,period_broken,RMS_missed,0,11,6
abnormal,A0016,1,1,132.001,480,492,full_cycle,13,1.2,2.2,0.19926716317527765,0.6666667087189307,0.4016603672659329,1.0767000689246076,152.5879,1.307291742442662,True,True,True,period_broken,RMS_missed,0,13,0
abnormal,A0017,0,,,515,550,partial,36,3.5,,,0.45934365283454276,0.26728163025740104,1.1936206111610117,395.01821380019487,0.697425952562191,True,True,True,period_broken,RMS_detected,16,11,9
abnormal,A0018,0,,,551,574,partial,24,2.3,,,0.28420208700935057,0.786763599678028,0.6392989133551791,308.5972748980658,0.810053483802105,True,True,True,period_broken,RMS_detected,15,0,9
abnormal,A0019,0,,,575,584,partial,10,0.9,,,,0.6732861338544343,0.7668669761190778,267.209868412866,0.67655704748041,False,True,True,period_unknown_form_broken,RMS_missed,0,1,9
abnormal,A0020,0,,,585,599,partial,15,1.4,,,,0.12613843718594114,1.277187633273296,144.39029502698986,1.2463826208553013,False,True,True,period_unknown_form_broken,RMS_missed,0,6,9
