segment_id,data_count,ai0_rms_mean,ai0_rms_max,ai1_rms_mean,ai1_rms_max,ai2_rms_mean,ai2_rms_max,nd_mean,nd_max,residual_mean,residual_max,Equipment_state,label
0,41,0.06937930626212536,0.116967,0.16315438387560796,0.1944154307584663,154.72146395168343,205.0427593171261,-0.40772595678947954,-0.1856337631582094,0.018042541160190113,0.05280765256641001,0,Normal
1,37,0.07102585249451697,0.09026421982546572,0.13617663080693032,0.17986049917783506,134.6640363704689,159.3240860265139,-0.31575550300763383,-0.08238739452948511,0.02334520173266908,0.17495436636159378,0,Normal
2,24,0.042103404624151165,0.052827,0.05032199715815503,0.061019641959782094,83.00149086583924,109.87891,-0.08047506410242158,0.2958556658040303,0.012858800773829372,0.06618812448809178,0,Normal
3,10,0.03903503784534438,0.05548699321462643,0.11046420054468727,0.13088039998840545,167.35920936793497,202.61462052485516,-0.3900052537454507,0.7802262550082489,0.0573367919657997,0.20516309534587002,0,Normal
4,50,0.03794927258186991,0.047643061515817806,0.04644829615712729,0.059287825112749756,78.15016031203605,86.85277002437763,-0.10009418032228869,0.22062031547152927,0.012859298393694365,0.04340876185587657,0,Normal
5,50,0.07112591551676066,0.1137495354583921,0.14781560300582744,0.194915,152.41843610188621,181.28687927734262,-0.35424397264610696,-0.09606848621113155,0.014050505979088707,0.10487312811445627,0,Normal
6,50,0.07017076743974877,0.10333914365186117,0.043472324148247414,0.07171425305125892,83.55214456356661,106.83117207582266,0.2374845377289374,0.5031888139889684,0.02182854572644171,0.05496340587641915,0,Normal
7,41,0.07889691978649756,0.12318417958812732,0.17908705375063258,0.212864,170.4410929435169,192.63008,-0.3966534547932558,-0.15093720530920898,0.01835367075600711,0.08264264835370733,0,Normal
8,26,0.0619260197550943,0.08909662506963999,0.10720615701496386,0.158762,135.5139802628411,177.14662085456837,-0.27570112623398396,0.014483208087640333,0.02112604330499511,0.06595388691489741,0,Normal
9,13,0.04499195255358017,0.057902760170824324,0.05144052967229454,0.06343510853147491,66.71002267507096,85.28591002720235,-0.0772608455679075,0.033990057965726614,0.016517488780475875,0.04853026508201416,0,Normal
10,50,0.06660893252752817,0.09460824136722974,0.12106604229300581,0.13727295536120726,155.2072373670547,233.89557,-0.2975054000466016,-0.09092456128574784,0.03153083383471675,0.18082654600091635,0,Normal
11,50,0.04601325309130458,0.106267,0.04920203968890303,0.06729038312418796,81.1413489735276,98.774445,-0.055460692083047006,0.3294398929856865,0.012229547689421668,0.03308335694840607,0,Normal
12,40,0.07270010770912164,0.162992,0.12804617973422058,0.16089601642116563,130.72175237545838,148.7379744051903,-0.28353137527511907,0.4815547041526344,0.018810062502215848,0.07737086750072773,0,Normal
13,25,0.07760172981710041,0.180397,0.17331258438822045,0.244892,166.29094937251048,195.53086240664518,-0.40286541926673614,-0.15164946271955607,0.025856018457511395,0.18740497182772153,0,Normal
14,14,0.03768066002116758,0.04524332980948683,0.039807024843203455,0.04980881844613462,74.41509055520206,89.79471198161943,-0.051704893251732095,0.05958140540489344,0.028300074089292315,0.08060937142323485,0,Normal
15,50,0.07547384915263934,0.11608940937010577,0.18938273493435617,0.244347,183.74098703465773,237.3755829791743,-0.4368499413762569,-0.1879250469544396,0.016491991742458894,0.08647246527091243,0,Normal
16,50,0.08659741355511416,0.12046065154190391,0.11757047735356937,0.14089376865958267,113.74188865977833,158.65972,-0.16259484533435484,0.036672210758923886,0.02479193567609315,0.052411756336374696,0,Normal
17,36,0.049802054445559435,0.06059063868563636,0.05473642782407541,0.0660684022025658,84.81684958515609,109.6414070351822,-0.051131287185407964,0.13805773531551274,0.01117847807157268,0.03884373514125224,0,Normal
18,36,0.08529526370830165,0.09845387634064999,0.08971784965739724,0.12589948571181694,99.32880987110276,116.5718,-0.022360097060097468,0.2080825749244477,0.015965073806868655,0.05765636943243205,0,Normal
19,23,0.07767012579210676,0.09944089779512251,0.03873318526235752,0.062127752741159614,74.89599849022561,88.39545560467671,0.32294201602956274,0.586097376998857,0.02713587629947045,0.05582360234370169,0,Normal
20,22,0.07099599692206736,0.08556569891317432,0.0567440738715306,0.08797750040436475,83.45695476291331,110.72363,0.14186940744808638,0.5017816057527836,0.021281717482684315,0.06789256522436313,0,Normal
21,11,0.10072447353197006,0.14066616765235343,0.07886763797881145,0.0892683865682583,86.17988475166248,108.83677759374274,0.11929955130689568,0.22353124665001353,0.026201955086736017,0.08832986825197323,0,Normal
22,50,0.0815807512252616,0.106826,0.07773814876913958,0.10629030550650735,96.85265747440911,108.95982726972898,0.024483603589573452,0.2244607197660553,0.013475932865648103,0.06247661645735511,0,Normal
23,50,0.060076567313221314,0.07755341871574715,0.03569799460871723,0.05966541814568972,83.19276555134134,111.32015,0.2665239041597986,0.585139748138654,0.025639496264051927,0.05042730715037373,0,Normal
24,36,0.06898767672221466,0.092189,0.1850691688908304,0.22909601974063193,172.7088711748662,211.22415424516,-0.45935046004835034,-0.32166468612381405,0.019471689622835103,0.04691661112633855,0,Normal
25,26,0.06662024819260225,0.07434537723490278,0.03625544236855995,0.054231626040531,89.05445838626318,109.41917903133704,0.3126924115342427,0.8754960511079017,0.032347169208292156,0.07327897495544357,0,Normal
26,12,0.04388233474257417,0.06059337319790012,0.04045571697068278,0.05292590883395391,82.91750555117054,97.0338748086175,0.041696054244976265,0.11670480469135588,0.027564910872524603,0.04941713285723727,0,Normal
27,50,0.06935279507823361,0.11254769720656214,0.0386502441318377,0.05839697879856458,85.65358215424624,104.81684200022913,0.2808802368450441,0.5311654956936814,0.02574677119929886,0.05642650137099761,0,Normal
28,50,0.06492490192552028,0.087338,0.04638631312199219,0.06147890017721527,87.55070966890949,96.86494473362706,0.16361652056200257,0.34859115533330687,0.022519354019265546,0.042127580118739835,0,Normal
29,42,0.08441136167872847,0.1055887322014049,0.07270546992787481,0.104758,100.97392856912249,141.09697,0.06874194545075703,0.25689547489965087,0.012623375472403423,0.04918363110594123,0,Normal
30,27,0.07056722812899621,0.08979113685158464,0.1767242857649766,0.20144170460756133,188.1434274523804,250.38517935089698,-0.4171770194867989,0.17766228574284143,0.03297041191424435,0.23007190469908265,0,Normal
31,13,0.08348682621940327,0.09695619038462681,0.13010906050797633,0.210371,130.93797072264022,152.35634793993873,-0.20991632636377044,-0.08025770830007295,0.023838084977717687,0.1190980215008743,0,Normal
32,2,0.037920843868052834,0.04161768773610566,0.151257970795689,0.17432,23.12391918627741,25.842908,-0.5908090283984104,-0.5098397835224675,0.1664046597755734,0.18601793036580103,0,Normal
33,50,0.07734190368810905,0.1362329077051503,0.13959776780372724,0.18393307735097567,138.83250534235322,161.6833871517992,-0.299805574621666,0.05134716781887061,0.02046536167085295,0.11723433645000593,0,Normal
34,50,0.0724643537665142,0.12000290540024437,0.132068002424853,0.14825457772662537,154.58936335523487,181.07714,-0.30246906411659064,0.1987821925260343,0.0239641525944425,0.10171678143053031,0,Normal
35,38,0.038736988212766055,0.05908999002369183,0.039974257867966954,0.05519211798798811,81.22662878589188,101.92229,-0.02427571599621222,0.3243370098752571,0.019490428229444735,0.07302496757096977,0,Normal
36,37,0.07301744570411288,0.10017274486056575,0.1247568214558656,0.14647740580205534,135.70992555428077,159.2961794542916,-0.26806011328430907,-0.13166812746352513,0.02373093601867445,0.12776899715028056,0,Normal
37,24,0.054810474868653924,0.06979025384751084,0.038188380286703086,0.05346120577484201,81.94341842478168,106.39359,0.1899723858661433,0.39723465521772294,0.021271436523751245,0.0747383533130974,0,Normal
38,12,0.057978870045929144,0.07944446350124092,0.14233011673120508,0.18339759692018867,151.14865102039445,186.32029064046452,-0.38066382661326403,0.24734629747948328,0.01841746847535548,0.03775807666082083,0,Normal
39,12,0.055155857480843014,0.06580341140937232,0.026118836626690883,0.03558129609218866,79.8313536486041,94.39386552547406,0.3737887358262644,0.8757126567844924,0.03255639224553053,0.051435090033250586,0,Normal
40,1,0.033547,0.033547,0.251701,0.251701,14.682295,14.682295,-0.764784451479234,-0.764784451479234,0.2775550239944112,0.2775550239944112,0,Normal
41,50,0.058459991700518826,0.08038015823945609,0.055327695771635196,0.07433684529222369,86.46658469628137,98.25685013444185,0.028908244148523558,0.24931137277722615,0.01593791276079103,0.036592181921597196,0,Normal
42,50,0.06999665368216061,0.151804,0.04927088636311279,0.07652010995156763,82.03753975532862,95.51854666968595,0.16790855449106576,0.7303888661833067,0.012564144056406474,0.03684620709438337,0,Normal
43,43,0.0594015951842873,0.09193842766330083,0.18284995996186537,0.249756,160.25484472057127,185.93151171837994,-0.514173136874719,-0.3021573637545414,0.028427295925231508,0.2640049060500209,0,Normal
44,29,0.06941622058115092,0.09589195896684977,0.10804585448312334,0.133709582385669,135.01073017314167,184.79266,-0.22532329748792954,-0.034494439512928673,0.019155549915329983,0.08009679118460583,0,Normal
45,17,0.050270181685991774,0.06994387231130401,0.038955557418434254,0.04720037830145009,82.1822437115365,106.75598,0.12376364098532631,0.3520991640960368,0.02106783463131755,0.05808400788315299,0,Normal
46,5,0.11160330684168393,0.144359,0.17762200696776526,0.2124600800385804,105.87702778396662,171.48458391154813,-0.221275449563187,0.11597748865542644,0.0878048598781227,0.16353637174231064,0,Normal
47,50,0.07335432425803214,0.10556115186279467,0.1351249629195177,0.16864798304160059,151.70363274059886,227.68679,-0.3030127732136736,-0.058374690522894374,0.016694351517362874,0.08015234497034199,0,Normal
48,50,0.03770733941880323,0.06088054832456752,0.05123420064944325,0.06316467177703054,80.36349512275136,92.01154608444749,-0.15993018026485634,0.1899079336108257,0.010232482955320752,0.0443368746034007,0,Normal
49,40,0.07752578006825235,0.12479143932427816,0.10887013530269055,0.142231,125.86350184235815,147.9711385857217,-0.20328577359781894,0.1390501847364296,0.018677474146197505,0.0924531485043174,0,Normal
50,22,0.06228875557408908,0.08623207241218317,0.15591925611745927,0.20043329949511882,171.7566677592141,245.36636,-0.42129933740038333,0.11607974280024204,0.02435387341964502,0.20172306736091025,0,Normal
51,50,0.05500164688385595,0.0820096923890707,0.04873251321715025,0.06981311301610894,84.36596005580245,112.0730459415269,0.06482321465403444,0.7030324661590523,0.016441613354324033,0.08526162650562333,0,Normal
52,50,0.09210078046047265,0.14112159516636708,0.13106635964411442,0.16659669311123798,115.86802088860142,134.50916848810078,-0.18061306562645085,0.10210276532661183,0.0318544850740983,0.11394413556673803,0,Normal
53,50,0.07307896398231384,0.1078993956679091,0.1602619923256152,0.17778146508818066,160.90915633211435,182.24925030331218,-0.38820140246637647,-0.14617546178890714,0.016240804647554955,0.0642594802660836,0,Normal
54,50,0.03319661719675384,0.053216913622456535,0.04621766040444062,0.071673,78.38232977058935,88.34342321514796,-0.16613677209829447,0.18755011615827383,0.017168159725793,0.0603366900097256,0,Normal
55,50,0.06490234601946185,0.09783981740886478,0.12933252603488454,0.16057271947189536,139.9286422898478,184.25385956372364,-0.3416352824001133,-0.11862682659983416,0.017667824963072825,0.08050600220501199,0,Normal
56,50,0.054086604602399294,0.09291,0.04491214224639366,0.054735975116919224,85.91197624928827,110.9331837918668,0.08505956145523236,0.6307096910075383,0.019581383387605455,0.07906802605935513,0,Normal
57,50,0.06657670927518029,0.08452223477878469,0.06370595260739051,0.0754292971106055,94.95147107204193,113.29056,0.027960562290636176,0.7388772724632631,0.013428692259275463,0.09022945281925494,0,Normal
58,50,0.06555293070133904,0.09057229166748515,0.04701523091178281,0.06504543995930845,81.21737192777346,89.40333781304531,0.1744079411311775,0.9714271582140738,0.013820128723489027,0.06095531239533205,0,Normal
59,50,0.06660922617306299,0.109079,0.16611731431333504,0.18823501863441883,159.79038166990483,182.40894915132546,-0.42573093814704355,0.33165878223714323,0.019486421907475383,0.10715527776426653,0,Normal
60,50,0.08182981166715925,0.0962256509720771,0.10873728471498806,0.12710847930645697,109.81714109090484,136.76451574282126,-0.14187745158877205,0.2055774546087282,0.017677247262789488,0.042203581437709206,0,Normal
61,50,0.05664058121160486,0.07074826179066168,0.03387768826688836,0.045627959656333525,82.04897811297697,109.83278,0.25833361232132435,0.5575157927824327,0.025716020188182573,0.0774106133114129,0,Normal
62,50,0.08707818510656967,0.188485,0.20542931517928553,0.276851,181.8931828366801,258.70612,-0.4201001655499947,-0.1898967844809246,0.024182484542332214,0.06157440642110604,0,Normal
63,50,0.07158717143750552,0.14874545872227496,0.12429249305496805,0.13795416296998797,137.88729405646302,158.60916431630673,-0.29024400087756086,0.1680412863261093,0.018075240455530134,0.0775705431599924,0,Normal
64,50,0.08142142101508347,0.10951458996316428,0.05908563501651317,0.09882263676236668,79.77442394877652,87.58949130140495,0.14902810034781308,0.4503216238510852,0.013750653758364756,0.07390605949998737,0,Normal
65,50,0.0720884852168279,0.1341764441460075,0.1504687626124109,0.19440492566033404,142.60482758383534,176.53813,-0.365123268387019,-0.08835743639627965,0.02528704038969428,0.07551989172918804,0,Normal
66,50,0.07948441031744109,0.198869,0.1258161886813964,0.14357629778727407,150.75740974203327,171.75115426898208,-0.24391108577828371,0.4106370829594584,0.029789774879087474,0.1273994991121528,0,Normal
67,50,0.08664976615304706,0.14197004886735795,0.1161855910666933,0.16017328714645274,124.24948549168047,150.53906,-0.14306942217593938,0.20255221720291322,0.02120008274751086,0.08071035710115103,0,Normal
68,50,0.08382225772296822,0.10789366231155563,0.16261124509037223,0.21151526886846725,169.24690794960597,209.33910380794472,-0.3223226735140125,-0.14854110244814936,0.017776160934166164,0.055862565577894235,0,Normal
69,50,0.03533429287334547,0.05500629372353676,0.041059259016735614,0.05240989582989075,80.62925120965832,91.0788446136609,-0.08975956594031409,0.130770240431069,0.018881209709985202,0.05166370000133538,0,Normal
70,50,0.053703594595894216,0.07062897666609648,0.09415313410519889,0.13453916662370108,118.35656487231986,167.44711,-0.2780090354522645,-0.07666813428369884,0.01666147816302784,0.08171653195221801,0,Normal
71,50,0.0642976267614613,0.08731584566617906,0.1399650996130779,0.163979369658808,157.56814885144414,181.25750527499088,-0.3857898404234673,-0.13177175795634533,0.021397029866493576,0.05621608721563506,0,Normal
72,50,0.03240328658151572,0.04404486102259831,0.05186341216656504,0.078001,77.60467569698207,87.06262991055021,-0.23684353972729405,0.04077334826692874,0.01215424288087396,0.06939515251301151,0,Normal
73,50,0.07663748189557117,0.11275140521873774,0.08232725690349335,0.11670856627900113,96.405806543783,111.95809665340808,-0.04276639386917002,0.4700175133069501,0.011892561781956185,0.047352389976150544,0,Normal
74,50,0.0768738191838993,0.12290239983417736,0.16907520705997264,0.21887675949035795,182.52656467877762,260.68643,-0.383241633776622,-0.19002396159203466,0.02043669657513874,0.15782000585002914,0,Normal
75,50,0.09405790555230956,0.11437820157486304,0.1024330742991325,0.125122,104.06395777230954,118.00268510599774,-0.04578298385095755,0.10051910011909354,0.01554992959247635,0.05233003637798192,0,Normal
76,50,0.08236324473369154,0.10536405784469388,0.16114612788075852,0.18319866629645531,169.78766827902598,199.3896,-0.32263054249455686,0.15112094605327303,0.01755415903487245,0.13093925991492697,0,Normal
77,12,0.04371092423610722,0.05052464919719878,0.05408142603814641,0.085807,86.19189409442032,97.26175441134072,-0.10121985195285495,0.01993911999427026,0.01847991321294178,0.046276599132567264,0,Normal
78,50,0.04969447095293392,0.08069941737088317,0.09271746032358723,0.10746062894009135,100.99430225383853,114.63911579064548,-0.3097454514585766,-0.0421379868771457,0.012876651918883186,0.13313329844040353,0,Normal
79,50,0.08547459281109056,0.12022644342905599,0.1529153589382389,0.17887030397329792,164.30472054383998,187.41464545043397,-0.29922757041027054,-0.047105631855235176,0.02313104066916708,0.15310831173953895,0,Normal
80,42,0.056092612716935525,0.06737594693137901,0.04873450096381699,0.06402900501022955,89.23130307800436,110.76746858274072,0.07539969364353169,0.6461142752158735,0.02069770248054182,0.05862654890720753,0,Normal
81,31,0.07254045000052571,0.11313135547672007,0.11120329718603189,0.171485,103.86862355488515,123.60386786927273,-0.21444629019426958,0.08079814865783946,0.029985559579031276,0.13618623348623304,0,Normal
82,16,0.11222010889567935,0.16128270256447216,0.1787263587889885,0.19539808244709056,165.06536781315884,196.50292362082826,-0.2366273415203656,0.11815143466690067,0.02684138130982707,0.1623994488556138,0,Normal
83,5,0.07373586260427886,0.08980804522146109,0.06876934711602348,0.099538,81.68299530882132,104.66601,0.045732824125117436,0.1560484688538355,0.010373774354553975,0.028595293285598816,0,Normal
84,50,0.07611032444405505,0.09928061556467103,0.19057203798300582,0.268401,162.76276329364478,186.31105373529448,-0.43020487328444984,-0.2741916551645476,0.031196886745838676,0.24715231544828714,0,Normal
85,46,0.07377931745041436,0.09085466781624377,0.09554099155253014,0.111459,106.35412333946489,123.9201320548389,-0.13446305025590843,0.04497875609633431,0.012270680461194674,0.10474910870222526,0,Normal
86,33,0.06735133577775337,0.102342,0.04059166904998037,0.05826361450425128,77.40528487995387,87.38050703248808,0.2541970548625026,0.4470381969728034,0.021926913246849564,0.07447991140657495,0,Normal
87,23,0.10327453286788456,0.11759516767778626,0.19511200150338692,0.2589581112583655,188.9909684418777,259.63882,-0.30458806706462616,-0.17586630919618246,0.02154902469811799,0.13567121994496573,0,Normal
88,12,0.06124556763030035,0.0769059097144036,0.0379063082230613,0.044898,88.19719515416284,114.70474,0.22493708698225925,0.4004818491318987,0.029485783357026476,0.056116195195924375,0,Normal
89,50,0.08217316930051237,0.1257773606039656,0.18120497624583606,0.2062880530084086,177.09020456774277,236.6013974590835,-0.38717398985876683,-0.18799524296583106,0.02595247979818371,0.21833372385493993,0,Normal
90,49,0.072519217767516,0.1019224798790728,0.1229446215775085,0.14865676833565297,127.11282043542116,146.78242,-0.2855410870553238,-0.06640548655670572,0.018580229819101082,0.08738044431643371,0,Normal
91,36,0.04969750242539722,0.062511557016283,0.057952258655159766,0.09391978033407021,81.06319659468065,102.15582,-0.08523996099264092,0.1563537452786649,0.012883744395026793,0.04470617643916449,0,Normal
92,23,0.07587116410262854,0.10534791685648084,0.17286978288626734,0.19845786374366725,183.4301956310841,251.39073,-0.3942127575305874,-0.20954884454045997,0.028465791477062824,0.15429136320849407,0,Normal
93,8,0.03321871623361422,0.04137173180445798,0.10815542205833742,0.12592165441588407,144.98962795227987,169.0056713202687,-0.5342954285849684,-0.44888762581114006,0.031621816938962294,0.060156027049050126,0,Normal
94,50,0.07971321933466399,0.14083205792041809,0.14711306616617822,0.20188120958722236,149.16073535403248,175.35768582445866,-0.328875377483771,-0.08976050416772395,0.0212970400298004,0.06678525732911655,0,Normal
95,50,0.07947495707489795,0.12118087965104067,0.13765391785688705,0.1577316171907205,147.4031903827681,190.10782504868848,-0.27442371024873036,0.16962041885144818,0.015269365363127976,0.0850448088833679,0,Normal
96,38,0.029026368289085863,0.043696493358163196,0.0413499918370027,0.0551911657704383,80.77994635650782,92.461205264686,-0.19093721632175467,0.20287662599549366,0.017006145055261903,0.05716063989345424,0,Normal
97,25,0.07711098212327108,0.151958,0.16945104042582737,0.292293,153.48036916742925,208.28905,-0.3765482170248452,-0.20725488295690978,0.021104676106728757,0.07257669995294636,0,Normal
98,24,0.05725728144304696,0.08969842797507657,0.046222815824009666,0.06036401598303413,75.04816387285526,85.76945333271763,0.10890508141733986,0.46625893181542927,0.008986834191609084,0.02989222843182321,0,Normal
99,12,0.08461395764755981,0.12126388728100383,0.16646979095122214,0.2124441748660104,190.7804052739688,224.15344247386335,-0.24590391829992578,0.7700389272426179,0.06004019134735008,0.19993024512274807,0,Normal
100,50,0.06823571707068815,0.09518905617874357,0.05915376381175741,0.07501780598431282,91.47115771774752,120.41034,0.05909282238716945,0.29054537112199774,0.013920568713675823,0.053178584755520085,0,Normal
101,50,0.07357736106326747,0.1406,0.18678103393230722,0.305678,177.5871934313176,240.90186161275642,-0.4452846293283257,-0.2814121444792558,0.01693944658531291,0.051592402200232756,0,Normal
102,45,0.08410437539725882,0.111488,0.08884582184106346,0.09731586180834037,107.17023427375275,153.19802,-0.028823535498377812,0.21651691610900697,0.012534542875868084,0.06550676089784248,0,Normal
103,34,0.0744256913837853,0.09649896977895671,0.07031288559420103,0.09311108523514623,85.34106112623334,99.45232642078349,0.04267350418845897,0.5316976763223445,0.015361062442542109,0.07608572781180559,0,Normal
104,34,0.03662295420882537,0.04665961684904839,0.052607403084121894,0.06059403756971473,81.65463293077322,104.76555,-0.17643229030352917,0.22073029668302743,0.009512710637703354,0.0634813514470599,0,Normal
105,22,0.05875329070901987,0.08553495727478912,0.07111440746100585,0.08089340742112425,91.98943056206373,112.37152482211587,-0.09832595028623513,0.3327967050478471,0.018265311306675056,0.06789113260403185,0,Normal
106,9,0.049680038217596124,0.07499345726711765,0.20394006860876168,0.23996,130.92254269154986,185.62522374583872,-0.6144143357150003,-0.4363542295618957,0.08235525302201241,0.20681028924590966,0,Normal
107,50,0.07541568819532714,0.140062,0.08379350798232636,0.132944,104.2281365861541,142.38896,-0.06705130149536424,0.21441984196649946,0.009491712559272045,0.02920994207926461,0,Normal
108,50,0.08839148526638513,0.13590558822138257,0.19384039405685094,0.22105816340320936,182.54421886123376,243.71569536798611,-0.3898723585752183,-0.1788104805333196,0.028169517650802223,0.19124327273227953,0,Normal
109,37,0.08244376646967821,0.10001222417784737,0.10214993228273088,0.200733,104.07411404606569,138.63243,-0.09962109811810185,0.04071980168430839,0.01681886027591568,0.06936898262527963,0,Normal
110,23,0.06138852989285443,0.07404257864566846,0.05310529399903426,0.104843,86.8908798929605,105.05634440096753,0.08027059347503625,0.3463153065735084,0.014616613434939491,0.031691328110157874,0,Normal
111,10,0.08170803698423137,0.09952751335284128,0.17726233027953855,0.230093,177.72926035540632,230.59276,-0.3717536242836058,-0.25905051696903486,0.019273841977045205,0.0510446034205605,0,Normal
112,50,0.05903923474443532,0.07868396376962716,0.039275656537728805,0.06613241658899212,81.79394784037213,101.30955,0.21906882092973315,0.6172129611937602,0.02165306287786937,0.06577576968676799,0,Normal
113,50,0.069880413771478,0.09790854965629917,0.18073935380533512,0.2005139153370658,165.76949586509951,187.6380029678752,-0.44612440109653145,-0.26551502868353205,0.02070881303099375,0.16484514493455213,0,Normal
114,40,0.06586467761317312,0.09796958215589163,0.12248251640260147,0.14171877868511287,140.4606854404779,184.39963,-0.3173861393772618,-0.14680534722763694,0.016521570542551555,0.13684001944058594,0,Normal
115,27,0.03248180742498766,0.046676758102935985,0.04851865909899269,0.059933687724017116,78.0971827451833,86.78602084872982,-0.22882001323899162,0.025281923949836436,0.013094901359130306,0.04619350449367245,0,Normal
116,27,0.06372586531689774,0.09212098518524431,0.11857262613178818,0.1514999953547854,119.77796797549657,144.23161949154064,-0.3179533692932896,-0.07084765367003092,0.0216635245513197,0.14955801432494065,0,Normal
117,17,0.06482409151554605,0.10049383602987796,0.05515897713289437,0.08170976328444478,75.20122679610141,87.17125332121904,0.06753036883719306,0.318068906986415,0.018984666277771862,0.04270976777943744,0,Normal
118,2,0.06812067603324859,0.08559835206649717,0.162010959724948,0.18806,137.68815125434435,152.45136250868867,-0.4014958227091802,-0.22731214277072986,0.04477466052328117,0.07661932367388134,0,Normal
119,50,0.07039350579491475,0.09550460745115913,0.15427305554206655,0.17277534413769807,152.53703360607483,174.88910145192486,-0.3844737362844723,-0.2313425627246518,0.016988583025827397,0.08526055254250492,0,Normal
120,50,0.0439700893961935,0.09011064267332689,0.051403461497997884,0.06700579476209502,82.1647754831526,99.30778199961789,-0.08809981087135008,0.7440344368776579,0.010994492544821162,0.056696214633667544,0,Normal
121,42,0.05684369298800815,0.08137831316204583,0.09856847731129992,0.12099012956766349,113.8845898248342,141.67638201622609,-0.2813620786835513,0.06445686665876793,0.014716807452278038,0.06626347467093788,0,Normal
122,29,0.09617981503447205,0.15499578102258138,0.18948276387962967,0.286657,160.91866899818967,189.36930854721922,-0.34518555610461377,-0.10154356517585575,0.03552905404865103,0.32998666862523734,0,Normal
123,18,0.041317303141605734,0.05244184647461097,0.045372366899442754,0.074276,86.80825196693681,108.55400958722898,-0.05215801682322785,0.0977129823692479,0.02025799261420818,0.04210402079166465,0,Normal
124,7,0.07397352992039943,0.09938225815104022,0.0709538623393789,0.11181696191455033,96.4906467263182,145.6767233185693,0.05598651273611436,0.250687908468301,0.03230490800066441,0.056363540438987614,0,Normal
125,50,0.08788717695278914,0.12797613529795313,0.1688402606504379,0.19268407297049744,175.07792407741866,198.7605702864905,-0.32212267042820086,0.12592784472055238,0.021306625348924947,0.15747390408669198,0,Normal
126,50,0.0388844626759371,0.06520774723834584,0.04691263803007278,0.0604286210632015,82.46353846584574,96.92198444600152,-0.12309829648116845,0.20124037092726674,0.01372092554605235,0.037260773664196875,0,Normal
127,48,0.08594189086743516,0.12116501082511404,0.13257893858648975,0.20291381959960245,104.0195481330767,120.86559571624629,-0.20442368767998023,-0.02064838845196425,0.04654557904745657,0.17149586848652593,0,Normal
128,36,0.07593644349424178,0.100041,0.14606137738945735,0.16278635846194237,153.31302036694717,179.63148966436069,-0.3016593353883334,0.9716107289962752,0.020935156123820197,0.13509917401625654,0,Normal
129,20,0.06639639044395179,0.0769242932889214,0.0705621905489499,0.09847148901585677,78.93012013813124,93.4773170076352,-0.011408742690783364,0.3401249987459998,0.018097644492103417,0.06432979697333324,0,Normal
130,7,0.049058104898613654,0.060715439543826084,0.05011229081317171,0.06641008124739582,88.74551728167556,116.60053,-0.035563751875852576,0.06801950674423238,0.021675351205270536,0.0761028104926095,0,Normal
131,50,0.032384674624236595,0.048930182078140684,0.04530055177414703,0.093288,78.2261325319255,89.04701371269279,-0.1574405386911633,0.17222429064069764,0.021793390872883504,0.0824654528301846,0,Normal
132,49,0.052834837918145805,0.07258303881934125,0.09391820740227028,0.11144902240531318,118.76161536891135,138.6221574295916,-0.26886969759967744,0.7914284187463262,0.013829020248677805,0.06107863975809241,0,Normal
133,35,0.08666063125401392,0.11455716636989587,0.18542004712157503,0.241377,185.51248230756528,230.02189424162262,-0.36679932078208105,-0.22794471614906467,0.017119426214509396,0.06470688937616281,0,Normal
134,22,0.04689342839672581,0.05671772686647447,0.037326687790929146,0.04919624370823447,79.37314687164871,91.99234732687638,0.11035336674106978,0.32002927192604713,0.022992498106552118,0.04531444609514877,0,Normal
135,9,0.09265491790560837,0.127007,0.06941122532647176,0.07844000478816067,75.61768060503823,91.28781311587534,0.14016583351075476,0.2822176006784248,0.017974958552769753,0.0392040110066537,0,Normal
136,50,0.07749390190962928,0.0909550300505695,0.10568825843261856,0.11960348755868283,122.51843871931797,163.5627169821086,-0.15435325200923916,0.085738446670181,0.016113784903699583,0.09383615489354308,0,Normal
137,48,0.07872245166942438,0.132727,0.05168539166761951,0.07834032080182805,81.0826081113424,92.08462887344932,0.20449481603638867,0.37070668532768136,0.012216122717129818,0.0702893790044739,0,Normal
138,48,0.05519411552471132,0.0882062837189052,0.05749013301122704,0.109012,87.08722113114716,113.85764,-0.03810642178997902,0.2392507670511109,0.011640070111465345,0.027174142481939653,0,Normal
139,35,0.061782013011623754,0.07312129583917397,0.04074350591538029,0.060076109001832,80.34689711411083,92.96502337221307,0.21994661534860255,0.47466404888796004,0.021134987748290052,0.04980729148821382,0,Normal
140,23,0.09102033397382785,0.10718502220459723,0.17654325312480132,0.20216685767924475,180.42524795848306,228.56369,-0.3149155591930241,0.035135141984555446,0.03054249106891041,0.1355986027381661,0,Normal
141,13,0.04617257082039094,0.072901,0.04848695905329973,0.069631,74.28994027688482,90.920459,-0.043198726799755956,0.110762255206204,0.008330745102253397,0.02033526029210162,0,Normal
142,2,0.05445070393561609,0.05554,0.07411968636051436,0.11740837272102872,39.71385864424428,44.947153,-0.044484942070837724,0.2860765062751817,0.06822373760536098,0.11815032144392201,0,Normal
143,1,0.011576,0.011576,0.046519,0.046519,40.269022,40.269022,-0.6014699807215644,-0.6014699807215644,0.039918883432267564,0.039918883432267564,0,Normal
144,50,0.06766881611604299,0.09032128249587691,0.14224457214043348,0.1874543378385787,145.0582865431279,171.7081078660553,-0.35740267700539763,-0.21334282245286765,0.016094417880073365,0.055635481794544445,0,Normal
145,50,0.08590856179143053,0.13672,0.16161826931835485,0.264697,154.0508220052171,198.64543092520177,-0.308297100020852,-0.09006331625778373,0.016858654518798633,0.10830994795578841,0,Normal
146,40,0.037481832295753394,0.06365451728039417,0.057070338141344226,0.1132458042158737,78.47985920328868,87.50163186802867,-0.20923473587846306,0.16757795682109677,0.017229556915676566,0.11705390818385997,0,Normal
147,26,0.09267898800398745,0.12814295751815627,0.11440074675301751,0.14498216167101385,136.39319657115814,187.99021,-0.0963457575504699,0.18355609837990833,0.028647206666948696,0.17092130213643913,0,Normal
148,26,0.039478696466723986,0.04535738040397738,0.053351227185762025,0.06937852604372624,78.19583036115245,89.46391265240467,-0.12390481512119507,0.3410761788378897,0.012156926854031488,0.058152143978300735,0,Normal
149,15,0.11276449861561778,0.157676,0.1812314497902617,0.261975,156.4464370370065,198.52682795623934,-0.23522906615208708,-0.09334083815913823,0.02835164470531681,0.06100900162551992,0,Normal
150,3,0.02249834265193271,0.02634932739179503,0.11661119629770571,0.12095200087500275,51.29156598450479,75.54897253364612,-0.6773484813496822,-0.64180027877785,0.09603011249545639,0.11371370208035353,0,Normal
151,3,0.030573196840867487,0.038192,0.21318878410678488,0.27344,54.306192132039826,87.58143383163203,-0.7474526312375799,-0.7285065728563243,0.18878395603531284,0.2786426265859535,0,Normal
152,50,0.064165899441962,0.099591,0.05353876141558769,0.144591,78.23886272126539,86.42780438147072,0.1021647799109538,0.2915521369713272,0.016480656437395432,0.1817751013564856,0,Normal
153,50,0.08186421134710471,0.10269164085455057,0.07050243683267325,0.11431953361740066,93.57082521295986,108.00418019432543,0.06995363928619691,0.325331723366018,0.020050558567232556,0.11839520611997675,0,Normal
154,47,0.04986041688018804,0.07372720554178085,0.04605903262342087,0.056916228091819294,83.79325735808314,101.17258,0.014643057636258923,0.29427548931195485,0.01631283144212216,0.07196803728118141,0,Normal
155,34,0.08213588319297278,0.12202152073548336,0.19509743722325398,0.293154,174.4370486624701,203.41831382386928,-0.4120468958492019,-0.19520781098575585,0.023366367187511755,0.23158353604146467,0,Normal
156,19,0.06947151176300634,0.08990732021476337,0.11873186501328789,0.16273036024202736,102.91972663157294,125.01671834335104,-0.2643754554342436,-0.052849318275431593,0.03485751468016912,0.19924943306328413,0,Normal
157,6,0.10286677113843488,0.146418,0.08387184495297562,0.127499,53.80654612061438,85.11477437304534,0.10772305430692027,0.2335865354805883,0.06112895206738694,0.1576544985793301,0,Normal
158,50,0.0888112903164766,0.12344186666065395,0.10909314972634966,0.124729,115.85862601799758,171.28327,-0.1067212570829965,0.1778857709073088,0.015267143392279643,0.06053664280304756,0,Normal
159,50,0.06047896188753728,0.07575626241176368,0.038761021026663574,0.05323069793267791,80.4601254064621,89.58133497633342,0.22692843385581912,0.7186408161027947,0.02185818755958438,0.054783591787041376,0,Normal
160,38,0.08419198396758365,0.11147787565835653,0.19660577193909418,0.241022,160.59510245891278,185.12301525041238,-0.40513245781966145,-0.2601505302716059,0.03834933713131168,0.26444449964476174,0,Normal
161,26,0.0882120345685543,0.10053577946034935,0.11431851742813731,0.138221,115.01957271237623,159.54079,-0.13052755425717757,0.01181837809585068,0.01954615730222273,0.035780247123446296,0,Normal
162,13,0.07511162897920837,0.09593930909173778,0.08404647783549428,0.11508756729768858,75.40171234499135,91.684591,-0.0469289943987556,0.21174205967276225,0.03681375939412602,0.06545053247005565,0,Normal
163,2,0.06545419474064366,0.07170838948128733,0.068656813609112,0.12270162721822397,139.13331082275877,157.39077164551753,0.17088550246960968,0.6040670342622574,0.06334251974903583,0.0942296156926706,0,Normal
164,50,0.06993938087844846,0.09389392238158974,0.05108888937129907,0.08483212157313996,82.9075041682487,99.27622497018993,0.16922040626162452,0.9512586005374207,0.018242126627666864,0.05115078638674443,0,Normal
165,43,0.08287301199280549,0.12175387789460752,0.15920364017515032,0.18750296651013285,147.1160960346808,168.5929559226819,-0.31972192443713693,0.034507909348188086,0.02313638639042924,0.11907431034508481,0,Normal
166,32,0.08938514215751436,0.123814,0.11785938319489156,0.164923,135.93878871522378,164.42026741185612,-0.1505995342159522,0.05092058558800992,0.016712021304042084,0.0702743718140245,0,Normal
167,19,0.09011728989736434,0.11284352900809155,0.08899724126335894,0.11254670053931262,78.30831681870696,91.73979254938939,0.013353003429056674,0.29239704986249576,0.035181425494012285,0.12630376857834077,0,Normal
168,7,0.07206489587394305,0.0846962811462227,0.165879620964725,0.203465,187.0724395688937,206.49649386078966,-0.3930197147235964,-0.29283034531287044,0.03586391987589594,0.07425158497095993,0,Normal
169,50,0.0764589283827113,0.09607169326549835,0.057958247369742776,0.08763842863607266,83.63210810435133,110.4473,0.13789795005164357,0.3147822814003125,0.012854502695843565,0.035127114778864016,0,Normal
170,42,0.0828752412726794,0.12951114111727993,0.19168124792264307,0.21981868298964036,168.9011073864402,211.13386059422825,-0.4006476400185517,0.01865663109675559,0.031198589074243104,0.09389837276419555,0,Normal
171,27,0.08236777400363753,0.0983034887325979,0.11699836153261708,0.15375875059651076,123.39441597398289,145.8651511311973,-0.16978307525678446,0.3100115696639255,0.023747186079750526,0.08968966606545838,0,Normal
172,26,0.06200158238495009,0.09580194321793964,0.19192288389624765,0.251361,161.19469968961573,196.39864,-0.5148433852572505,-0.268690661999788,0.03337793758106748,0.0905676388034478,0,Normal
173,14,0.10499429209554666,0.12708919119264234,0.149327180563018,0.16385705953894691,152.02380432774876,212.48045,-0.18586188195409958,-0.049281677434563576,0.024439393950269558,0.08236128654804312,0,Normal
174,3,0.1130366290561265,0.12425499003259387,0.09289738254599687,0.11008315795115982,102.71422577683724,105.56828802299596,0.10146949615947011,0.15309629274040457,0.009838164220336782,0.023836687415514035,0,Normal
175,50,0.07154253248200701,0.113231,0.1435803875284864,0.17342175158035975,136.7496284088951,168.2040763813833,-0.3395287114023979,0.015957399083021562,0.019398891106023913,0.05661813013658805,0,Normal
176,50,0.08442653477417919,0.169878,0.14357091929313834,0.183793,159.1545135565201,199.78725314356433,-0.2789885618032518,0.015881834835065754,0.017672987830693827,0.04551849140835912,0,Normal
177,46,0.06469467831968416,0.08344527782924567,0.0672906730898247,0.08424009452155191,81.20807221919135,99.390519,-0.02209033823755904,0.2140438553039587,0.011315442387815967,0.03608682578321527,0,Normal
178,32,0.14220259808148272,0.19237168892355236,0.1844333271815981,0.226165,121.11190637659558,147.57182,-0.1369166731312927,0.11863428962870931,0.07529229817097467,0.1209210766501822,0,Normal
179,20,0.07590183046623092,0.11267657967519248,0.14865672633850743,0.16725208529402555,145.89674509752282,176.1887355262797,-0.34675105441042653,-0.16464580923277672,0.02609612720910125,0.07910487487662227,0,Normal
180,7,0.045681450162104564,0.058887,0.06650844844607527,0.1002208455088062,67.46364171276207,84.804903,-0.15136048669579658,0.435055440477641,0.03681683470241111,0.05441710424537219,0,Normal
181,50,0.0905695853875981,0.12581866144813336,0.20492995617049264,0.318557,173.72996257374817,208.87628,-0.39096534016173196,-0.22959646532565878,0.03103280931410411,0.10023462253925826,0,Normal
182,47,0.06613252285434494,0.07829666632303063,0.06211987553628181,0.0766122707841244,91.59660478967781,104.90230479818271,0.031183591421524104,0.346005970808548,0.013258216838383987,0.029111580021266077,0,Normal
183,32,0.04474469902464811,0.05918234942024522,0.04718539416308833,0.058709153329499365,83.16449275139868,105.49797,-0.03305293192496001,0.2552629464385847,0.016053513373055692,0.05268235114407175,0,Normal
184,33,0.03388464684045231,0.04958867175877975,0.0491793837088936,0.06821203030624437,82.94639146445185,107.76354,-0.21755503781601454,-0.041406719044053256,0.014495696835858829,0.07144399446833813,0,Normal
185,22,0.0542230292689809,0.07522717733372694,0.09865494572771126,0.12276540080046984,100.63418303317376,124.15253376930467,-0.3258625754946577,-0.16132549205706032,0.017653455839154522,0.06783689546858632,0,Normal
186,9,0.06116869150925665,0.08241634708903325,0.1543219098929738,0.18206691706142,185.43869731045453,214.93949560735217,-0.4408356371493625,-0.2386761650887566,0.037095435001231365,0.09268289458880172,0,Normal
187,50,0.05703950497701749,0.09074370516460081,0.04362378019067867,0.056458,84.50375372470002,111.8337,0.11908671585490445,0.38662629682783073,0.019246023728856948,0.04228514962451351,0,Normal
188,50,0.07710792735663151,0.11155489648016352,0.19808846022082097,0.283352,161.16499222606916,184.69206613867084,-0.4505193724051637,-0.2674268137948983,0.038997944060943326,0.266733962015633,0,Normal
189,36,0.07905517236395465,0.10219261315623551,0.13516262733829093,0.15466933706297442,124.84932633594634,148.10074142247336,-0.26281519974712986,0.07701959665223242,0.02328344774207621,0.12220457978194639,0,Normal
190,26,0.052301942034440684,0.09083460079543845,0.050527290966157413,0.07005176765435688,76.23878281009132,88.50595455376288,0.018001022830620547,0.4853153926459698,0.01656318056752826,0.03739493213830701,0,Normal
191,12,0.05512905276025465,0.07197833866171127,0.17979800482446376,0.226682,166.84554355411032,192.8307212056864,-0.5320557239437437,-0.4121619262140079,0.02855940540274417,0.11364202663397484,0,Normal
192,50,0.06690333474936765,0.1658,0.057449833883920276,0.07673627652551301,78.41805013041981,87.46193331662427,0.057644125130916185,0.8342183576161871,0.010399384189403805,0.06458996939913172,0,Normal
193,50,0.08598398005844946,0.15171579084920594,0.20027446893419526,0.287289,172.38014768533728,201.1824684994641,-0.4082261633741377,-0.21575191512711997,0.02802284942131848,0.2140580766457482,0,Normal
194,42,0.05957288889332612,0.0836318975116552,0.11752808569851568,0.138743,146.575196562863,213.833,-0.3379385661976287,-0.03351558531710071,0.024196003803622364,0.10827642058459323,0,Normal
195,29,0.057124991519972766,0.07395218551469591,0.06456979844916477,0.09582962315745587,82.5964035178202,108.5477,0.022835747690623208,0.9885337710616521,0.026510337209862227,0.09296762105200435,0,Normal
196,18,0.09604129185940166,0.117578,0.18250293808332196,0.20946660789681967,161.97693861167633,192.98982700932416,-0.2785846733257915,0.7424199762892709,0.02643267716023316,0.07412467819111769,0,Normal
197,6,0.0775187277672955,0.0921410526122857,0.10378048514836306,0.158369,103.80219352263619,131.99522,-0.13023454705956658,-0.028503460368165954,0.01659505264888159,0.03542360319681527,0,Normal
198,50,0.07918319767622059,0.11705068102279456,0.20214425488127452,0.254542,153.31893463757754,179.09774815803706,-0.44249628330790564,-0.246624608027616,0.05228107309407219,0.20853423843617802,0,Normal
199,49,0.06544961203149938,0.09719723999425087,0.11936162390424404,0.1395513344167658,128.86614867106155,178.70577295653393,-0.3070304876159459,-0.02707670762158451,0.014085778503527904,0.08309701946538642,0,Normal
200,33,0.03316568080422211,0.039720385685438654,0.04149357892822164,0.048532905254064486,85.66498848729202,107.7273320514302,-0.11203017918405134,0.11974236352221962,0.02268666804590998,0.06219867712052392,0,Normal
201,22,0.09780013608021391,0.1618397454196589,0.17563927888020286,0.1984242939370076,156.40808450286679,184.58455931977002,-0.29990881220262017,-0.04635331678641921,0.02978504995270954,0.05850515645812193,0,Normal
202,8,0.08431951466882447,0.09493621466411015,0.18403012547420064,0.228299,194.73078173609647,220.77370500257294,-0.368730699793406,-0.2726751373348273,0.029720129479741123,0.07598590859502999,0,Normal
203,50,0.07096276877718927,0.08884589361641876,0.06294637120406342,0.09410322836332449,93.64891744335047,123.60503,0.07309432938452388,0.7538350700240734,0.01679066559385166,0.1052993007819511,0,Normal
204,48,0.08636137257660803,0.12051581585999407,0.19524805290485472,0.288148,167.8260139823252,194.4787386454655,-0.3899727638808348,-0.20899004762751358,0.031439059586571,0.3054761921241809,0,Normal
205,33,0.07513378896283016,0.116497,0.05770827152157831,0.06825693468652105,94.2762182025902,124.14755,0.12584394084646341,0.39006536496868816,0.01871505511590082,0.06001043179369693,0,Normal
206,22,0.06754001651611329,0.08670802079969303,0.05674181001839167,0.0735673691931416,94.86472753704183,111.05663281913489,0.09340884549388845,0.19703367649624842,0.01910736296787198,0.03420971033147964,0,Normal
207,12,0.06488873999685592,0.1170764428755845,0.17272647865454005,0.19073053334141338,196.7985936447917,226.74110382723734,-0.49023737514487303,-0.23175511615123973,0.032415355276737834,0.07849515100501323,0,Normal
208,11,0.08328200885850678,0.10879773816628727,0.13267302764264277,0.166079,130.25203216322018,169.67382,-0.2447386475225265,-0.09874667882270183,0.018814766015923225,0.06475071253704286,0,Normal
209,50,0.07072059084209636,0.1156329345779134,0.15645375638317174,0.233279,163.39775908729268,193.64334169528377,-0.382967715451369,-0.07266152159258166,0.01994577962582511,0.15411540609219312,0,Normal
210,50,0.04363480118800433,0.06497815031223958,0.060547935914541585,0.0772982327669915,78.23311019794265,87.5094780053154,-0.15258443267661378,0.689439409654328,0.010158426040612218,0.04166730457584565,0,Normal
211,50,0.06357313365523655,0.0912654766332812,0.13327261759208206,0.17594205634526386,125.33199537132239,143.47588528754383,-0.3633375538089602,-0.06986079474181121,0.02085515789733299,0.10852751377392737,0,Normal
212,38,0.09291939337072919,0.13657544384972725,0.17848805944584367,0.239391,175.50846797017795,206.6300412811328,-0.32277293057459594,-0.12921520628758182,0.019361763999343445,0.16525057982869762,0,Normal
213,23,0.06296558893351967,0.091921,0.05948089548860495,0.07042345143416362,81.07111510833529,96.81087455016343,0.027003450716657707,0.3250709950844013,0.014740151694099738,0.05401903070449657,0,Normal
214,12,0.046303579740971164,0.055315,0.09233054427467406,0.118783,114.8657181289804,133.16302762766972,-0.33026417432214844,-0.2573204183904139,0.019779442601557368,0.0539859763335698,0,Normal
215,10,0.06802840174300098,0.08290766258917205,0.0301976933773499,0.051178486443687124,70.4394872448146,82.15631666421194,0.40982393789660054,0.8405315142471398,0.014991055042026063,0.052592377725978565,0,Normal
216,50,0.08167001506674136,0.11562375391285304,0.1664371897576536,0.18880512135506283,179.42265683983717,257.01228,-0.34852351741748405,-0.11119089488689186,0.022068852519964963,0.18778493437648636,0,Normal
217,50,0.08126561118586365,0.10712689569991282,0.08390936705671136,0.10722316975961865,93.04033861193304,107.22244152392828,-0.038606592228730724,0.20454247564585668,0.01474343240435053,0.07346850858093937,0,Normal
218,38,0.04869696410841537,0.08574146775452353,0.03974623952403383,0.060422978740707574,85.93187928285396,100.44791653259779,0.06514143089458467,0.6161628017215863,0.024829749039962472,0.0604361428649567,0,Normal
219,24,0.060394395205992824,0.1054729225502925,0.19404174744178546,0.2227653516415872,149.21992424050575,181.78675887939582,-0.5405595810554774,-0.27794258669886046,0.050116441881346084,0.1906147984131077,0,Normal
220,14,0.04775479039444791,0.06193178851284693,0.1132631706155741,0.184274,87.74873719327236,111.30060249902992,-0.39454071882104946,-0.16000784930086986,0.04944620729755913,0.21750953935000267,0,Normal
221,50,0.09484576090933189,0.15268397111517631,0.18298599265475354,0.21212756820083523,181.73119498842593,252.46111,-0.32334268620872275,0.036580364033434065,0.020893281431135658,0.15342275840451297,0,Normal
222,50,0.08201122844235688,0.120939,0.1040367272838116,0.1201303405967868,111.47681702355618,132.67108937142774,-0.1267449719776886,0.20702922272346208,0.013623756243621372,0.03904340129222879,0,Normal
223,40,0.05067505024427099,0.071044,0.06956720770473056,0.10829440342726243,79.155462770705,88.928949,-0.15417589845275637,0.23256620893657992,0.017400058417202158,0.07195116014872299,0,Normal
224,29,0.07171536233697665,0.1106976430363357,0.17939679918367937,0.19669779212461944,155.12343713556928,183.16380004565178,-0.43611531476927984,-0.19399406419986656,0.028480637702166352,0.12349799188134672,0,Normal
225,15,0.07687245825605701,0.12144253364451846,0.13744599210568945,0.15547012437281962,127.24916817077234,165.87879,-0.3180697738798797,-0.08791992965895137,0.029418639882651237,0.06673623228512163,0,Normal
226,2,0.0468845135545751,0.049937027109150184,0.05493466334660828,0.055256,64.69606556639866,78.01280213279732,-0.08000879641733855,-0.04472729825102002,0.01735134578480156,0.03456359780829668,0,Normal
227,50,0.0847466528444429,0.12457205177285954,0.18397185025011883,0.256254,162.7929215893321,186.2961349089897,-0.3824159714152029,-0.16691388558588488,0.02576642727736649,0.25758472525597814,0,Normal
228,50,0.08049694337923625,0.11095167042681241,0.1891536125021157,0.21270458678951895,169.25399207521707,199.92579401862173,-0.4023249761305456,-0.07970493487090896,0.02355845382686196,0.05474010934165663,0,Normal
229,43,0.061265577693509134,0.09542240052157563,0.13175886997864172,0.14958232552711567,139.7930494448524,192.83964090928362,-0.380657463727558,-0.15474968853587226,0.018021296771010106,0.07633117751575569,0,Normal
230,32,0.0520902793157205,0.0746291484917254,0.04966669944539226,0.062148168869243445,75.84356948472329,86.58243917837278,0.010318511670441356,0.334124535378159,0.010667529670800379,0.056417042342214944,0,Normal
231,16,0.09574821274367823,0.122808,0.16626646168822362,0.183212,125.49774905104596,160.0828015831403,-0.272037851108003,-0.1899338208621815,0.051562440793563556,0.19169682835538207,0,Normal
232,4,0.05003290150320009,0.07477521937558369,0.08581676684150066,0.12039521820653842,159.65158108279226,189.26372,-0.09581415741193602,0.5990037826298641,0.07220788922053101,0.19023161903677172,0,Normal
233,50,0.03850323200302534,0.0512007982847924,0.06639320664105347,0.118268,82.58579678976693,100.69792334639294,-0.2695168963564252,-0.03575548925997587,0.009007122282159467,0.05755668128295435,0,Normal
234,50,0.0642073266299436,0.08471678237220769,0.09044522836087537,0.10775453718892768,98.439326887517,114.78235593627363,-0.17319219257323218,-0.051477937024715315,0.0151694571265764,0.0991725593070995,0,Normal
235,41,0.08984274614680336,0.12843939997056977,0.17152250685421533,0.19278014778965183,168.98372703832376,192.57710381706107,-0.31966785327341746,0.00927619697071122,0.01836095331675623,0.13859428607623359,0,Normal
236,26,0.07734517938821207,0.124395,0.05753159882914345,0.0764520159524914,84.98191887914794,100.3501189781811,0.1487499720707492,0.8168016416068469,0.016629271709154854,0.06193448559689728,0,Normal
237,15,0.09479874487391936,0.12201489236359635,0.06857401928180767,0.081328,96.18590929127802,127.41961,0.15902319459470574,0.3122254469380187,0.015020349795208552,0.03660311857394309,0,Normal
238,3,0.047079596663600176,0.050937,0.13074931293544614,0.15411962409872837,196.2429779153085,226.8362512333659,-0.44904785655608864,-0.257925177005332,0.07368777939354755,0.08912189962629002,0,Normal
239,50,0.07593094519376259,0.096163,0.08813345316325949,0.12271379815041175,98.87695548708706,115.1925558510861,-0.07120926441345843,0.6258664998478343,0.011226056057365532,0.08639048006738857,0,Normal
240,50,0.058709480263855716,0.08003474300952056,0.04446040912369773,0.06193142754853952,85.99201505936436,109.33853,0.13155465697229574,0.3197133167130571,0.02035411230688776,0.08348070784699615,0,Normal
241,43,0.08854551267147061,0.13011642195549336,0.20286883581462564,0.23679998797930712,174.85898783950236,242.66437,-0.3929140663247308,0.3381184817689578,0.037296756685751796,0.201281869999657,0,Normal
242,29,0.06347930963728671,0.11180272173744252,0.1288265491600337,0.182607,138.20333374531566,189.99233,-0.38036570308881446,-0.001253851837057831,0.016847230508251366,0.05983197371117738,0,Normal
243,16,0.06087476456461954,0.070939,0.044238768178178345,0.06696436915927753,69.50832175641617,85.73333821630875,0.17342245008448867,0.3158514250333391,0.012967572208189915,0.03249794690141924,0,Normal
244,6,0.06323994193445359,0.0918710166592272,0.16394282405959323,0.18820823988205193,131.5283662683737,176.03166010250726,-0.4687723884191633,-0.22669043626566568,0.04348776687791361,0.1602114968220814,0,Normal
245,50,0.04012746744753004,0.05493615741294616,0.04806463669446555,0.06863609164207997,78.057203603959,86.86097266044816,-0.09370969345477384,0.21145843246659896,0.011925765885698271,0.04355003913973382,0,Normal
246,50,0.09400485707402584,0.13653700977024508,0.10368757091447342,0.11965866905744857,111.9910925200441,140.4524210167994,-0.05913859660013963,0.25945370529584155,0.013074475652600068,0.033501317950920595,0,Normal
247,50,0.08051857347674915,0.09996332294546836,0.05960562061808816,0.08422111242022395,94.30426260715643,127.48088,0.13789123354516641,0.4339758815496367,0.019297489812636067,0.06688970424256827,0,Normal
248,35,0.06962440324539533,0.10551551630731852,0.17545990245768125,0.21066380592569764,171.3819017430205,217.32138421992946,-0.43134581583589077,0.02799341543056071,0.03481742811441557,0.1376791585961599,0,Normal
249,23,0.07539330322894008,0.08990177248864452,0.11120539978723856,0.12735125845471648,110.7607169457257,129.76090188543947,-0.18979239777405085,0.0947481858214972,0.02169997089230539,0.05009146102860339,0,Normal
250,9,0.024826581585900027,0.048617699946738646,0.05813650279502558,0.07013191669038189,63.16135362230479,85.12646377087182,-0.43682602519380787,-0.020104229492043272,0.028866677107801282,0.0937442359262728,0,Normal
251,50,0.07427567955356738,0.10947453208714802,0.15493648036263108,0.18505692070792706,142.28729200739667,164.88613839262115,-0.36557089916822827,-0.007758530306030916,0.024641712694719473,0.14339981645905855,0,Normal
252,50,0.04200529693357561,0.061496434551118494,0.04847296783645507,0.0603824277526169,76.94934108202933,85.54097344411427,-0.06396517678599781,0.7680472360704429,0.009465163276841108,0.04760903710887325,0,Normal
253,38,0.05989019278960503,0.09405463977337854,0.15077081115650418,0.18027389479816538,133.94446551303108,156.9485480715341,-0.4495962701515321,-0.20255958552615194,0.026419569276719238,0.10681546846736681,0,Normal
254,27,0.08019518154680902,0.12027569266938354,0.13308188221770065,0.15680165817586242,139.60567800351686,198.27547,-0.2647578701332252,0.07463349859691767,0.02537006140657846,0.09485223829743275,0,Normal
255,13,0.030972400762350267,0.04548611398218142,0.050048682734310276,0.063252,88.75093687440176,106.89833683478827,-0.25553169987758967,0.039105264721771484,0.01804577345942101,0.029809619618018715,0,Normal
256,6,0.09466573787403536,0.10433158702186025,0.2517775381474046,0.331438,119.20818954506679,147.98345,-0.449050666662202,-0.4120786297750844,0.14505117880676102,0.18821317223403988,0,Normal
257,50,0.044711453317651625,0.06048711159329729,0.05488862915159385,0.073288,79.59793523639591,89.614879,-0.10433425136074682,0.08451593586258634,0.008633736533889921,0.03150504190264201,0,Normal
258,45,0.07044231638110808,0.11423392340806648,0.1326833037090312,0.1698244432708378,128.86597184451935,150.48192999019298,-0.3216234397244759,-0.07552369483114502,0.023684162954112794,0.17021109231980697,0,Normal
259,32,0.08438293618231688,0.11446399372379071,0.18476780040558793,0.20665314667311505,182.5536185608472,224.24556391062504,-0.38748133405285234,-0.22603363349827968,0.02186583050928654,0.0806422339093947,0,Normal
260,19,0.06211863412350936,0.075327,0.045902814298201845,0.0573584896549761,97.047680374034,121.68468,0.15326564859466538,0.39836812609997413,0.03271521060930498,0.08163669235412291,0,Normal
261,21,0.09371646755447417,0.192139,0.13940986095620753,0.16912865600680052,135.01324016071118,158.15075231385575,-0.21962005083959144,0.18436479072921166,0.019561521579506906,0.07760100996841428,0,Normal
262,8,0.031714569141291726,0.043014,0.06916518000434702,0.08504106348700022,83.62122364886744,107.34226,-0.36653748561719246,-0.11823912263619131,0.022706086197743836,0.03712564396950252,0,Normal
263,9,0.04755951565591541,0.05944311123250532,0.0989632593044904,0.1134277872551519,112.00420914346316,143.03070815793626,-0.3617342805110841,-0.24239882073022817,0.028013116132710916,0.059392792318694806,0,Normal
264,50,0.078956349756231,0.10605739306196432,0.18389563578553017,0.21165749631113942,154.53376738813472,174.1014515273267,-0.4020506216362071,-0.2685617010713614,0.03328710687620287,0.06256120815630092,0,Normal
265,50,0.06053104683577823,0.10069148023244072,0.13185359761975043,0.17784015235176787,134.4552990769516,156.04772747607834,-0.3827410190137458,-0.11025243140034954,0.018387514615885253,0.15371986889351258,0,Normal
266,39,0.05522581488953444,0.08995840045543274,0.0663893982406044,0.08304117544628087,82.6838169366901,106.57930735612447,-0.09443182181677999,0.5213313795816047,0.01627657844639784,0.06240393071662141,0,Normal
267,26,0.0674907437273485,0.09421847808046996,0.1551643616732306,0.18566560738381246,155.64718054611717,190.65894882771428,-0.4002410352062479,-0.24070947071579585,0.02572435925266449,0.064280421292779,0,Normal
268,15,0.07848691593221613,0.08945918143879923,0.1316344475743641,0.15895503043313852,144.17000913003343,169.7616497475059,-0.25302003139849666,-0.14095278149272955,0.021676378193949106,0.05072630736027667,0,Normal
269,4,0.06197520551418579,0.07538682588158226,0.046917878913651,0.053579,97.02782083786951,109.51008,0.11669333563486314,0.25027931109263524,0.03167495620783195,0.04084630143813564,0,Normal
270,50,0.08865766450419643,0.12495703242515004,0.20087469646463185,0.22954431957249563,163.52744830991867,225.52255,-0.39385613291117616,-0.20087660330795715,0.042148215320748375,0.07115604133913253,0,Normal
271,50,0.07053726574770831,0.10378326731848445,0.1580658597607055,0.18214364009841244,150.93417732175698,194.3742386975239,-0.39387974129869713,-0.23766534021341737,0.022389458674459798,0.06384835405163833,0,Normal
272,43,0.03556372007241403,0.04509307117174433,0.06405310710261215,0.08197231319083989,82.42711117668803,107.80014,-0.286457816815548,-0.15220707754982293,0.010881902985488232,0.0548094178168412,0,Normal
273,45,0.06868303718423743,0.09533548178668842,0.1184363890859764,0.163475,126.76393900758625,150.74460147691448,-0.2777597795766895,-0.056454485047348825,0.016180619252503796,0.13057296288376366,0,Normal
274,50,0.04517037390934576,0.05723819539433437,0.06300687388822014,0.0793465201839375,79.63305486552139,87.82158557671853,-0.15386850396019322,0.3714487615147227,0.01111459873178513,0.04902820115463759,0,Normal
275,47,0.058232463511055176,0.09367968658145692,0.08647257340243066,0.10867661826875796,110.54045247032522,133.42406,-0.21179387268412966,0.0033729810281329445,0.01631012808415253,0.07100273388720542,0,Normal
276,32,0.10654679599518348,0.16113779281410057,0.19697709023768306,0.2249760118579312,177.45830475382718,209.15499117739566,-0.31242423602370717,-0.07673511931538483,0.020150973018826585,0.0739293967447973,0,Normal
277,21,0.05665175848354604,0.07281473267592668,0.055366589074819554,0.086577,81.9707710072815,107.07582,0.019532379891994623,0.2990209875807735,0.00884287542126501,0.020389950649211334,0,Normal
278,8,0.07810397442834191,0.11021271321403897,0.08580171377646423,0.09858,117.56038125752835,151.5726,-0.06908983477116815,0.2032914891640024,0.026883098059130216,0.06278329167781707,0,Normal
279,8,0.029950001992774596,0.04048552840419237,0.03999639989300757,0.06093560816374703,63.35707725272476,81.48349765170681,-0.2052666288568133,0.3303614793339047,0.017027128337819532,0.03971841171854783,0,Normal
280,50,0.07958537699669596,0.12579506540719315,0.1877486485766468,0.20566555257553462,176.83962042325751,202.06962303237077,-0.4277521394774572,-0.19227424648898167,0.02198580772184213,0.23283366601471692,0,Normal
281,48,0.03267518179825522,0.051428973098828254,0.05913349425532416,0.09255938186105178,77.88245201924417,88.5628652886342,-0.29380328466596795,-0.11868959397128634,0.011420763206875248,0.08459581377067718,0,Normal
282,33,0.06793941118586529,0.10167256915117273,0.039910816150758414,0.06888293960408484,81.55980590724572,94.778907,0.2624471421632817,0.5345230820298256,0.021997388495840105,0.05495731843162392,0,Normal
283,22,0.09011437490397298,0.14683658489218548,0.2153976685509592,0.26700814180189336,197.08024939091683,255.1895787053751,-0.4223371977076687,-0.18443826831498641,0.023711149839289104,0.09518696582120417,0,Normal
284,10,0.04658834672755331,0.05444732503989522,0.03405666863177931,0.041554,100.0556936782463,119.43985,0.1413919822059653,0.29062650846946314,0.048376712831011214,0.07161380459289343,0,Normal
285,50,0.08456800711200768,0.11165982335289627,0.05740474815571392,0.08520814449452588,85.61736872724278,97.4929592712259,0.1985491330116485,0.3918704456774547,0.013670416836254942,0.042660762534944524,0,Normal
286,50,0.08402738767319615,0.11986787464037225,0.1929190584826161,0.21642619177169845,171.76870035014247,194.6288975666553,-0.3988938028329666,-0.23875178371724515,0.02282323383654842,0.11892416128827504,0,Normal
287,50,0.059599825893404075,0.07666691422315104,0.052340274517415145,0.07201658513009347,91.82852544308273,123.07037,0.07251911372373569,0.7043380705973662,0.02088094704707254,0.09365713937455594,0,Normal
288,36,0.06300808542264781,0.08442699188411251,0.03763668335984846,0.05766517689559272,78.9225667269737,89.95511460832056,0.26308965117054284,0.9212862927387285,0.020660159566197815,0.041574873577297694,0,Normal
289,24,0.07915489226936757,0.10996352766167516,0.2043117633666596,0.318154,158.14888498699005,185.94886573105887,-0.4399487710907582,-0.2686498507506053,0.05149692287914354,0.34738079822412826,0,Normal
290,13,0.10185923666213612,0.153903,0.09441355102165182,0.11619895931404318,110.14827772309367,144.33588,0.03794854940062772,0.5612516104162228,0.0172025094249802,0.09534825909657708,0,Normal
291,1,0.050063,0.050063,0.124048,0.124048,6.96838,6.96838,-0.42492763278809037,-0.42492763278809037,0.15968633449627517,0.15968633449627517,0,Normal
292,50,0.08276220681340284,0.133514,0.1965188302019174,0.22327828081253226,162.1788996595051,187.4899444275785,-0.4061225033124718,0.5581469984128465,0.03537847287621062,0.18756947911182292,0,Normal
293,50,0.08766031311829016,0.10624894737831524,0.1007127520170304,0.161686,105.10209993959455,141.74558,-0.06906932556240747,0.07001473730979973,0.014668673549077032,0.039810818084639335,0,Normal
294,42,0.051476561933975686,0.06934370567686732,0.05001256804485899,0.06389147515827132,83.98617840381026,105.77272130090915,0.019326324928552234,0.5386630788840107,0.014865477799866285,0.06870356762928238,0,Normal
295,29,0.08131150020528463,0.13244606074172233,0.17416252998735507,0.2025737108269481,154.17921603195188,177.09715150919308,-0.37633412976079,-0.06587205725422537,0.025479746510999123,0.06527426919539965,0,Normal
296,20,0.07777149854450836,0.08856095739470451,0.08697993585044739,0.10114956228526152,99.70742363636322,126.5253,-0.0529338171168668,0.27874925665793404,0.014483340947245349,0.07113236394952276,0,Normal
297,8,0.03536264144180329,0.04754498451466779,0.07043408699913345,0.094087,72.91154076416578,90.797316,-0.3326906760799171,-0.14974159405479792,0.022560042352817368,0.043308983732763845,0,Normal
298,50,0.07875111571719255,0.1159682019917529,0.13551674838983355,0.15433254498419963,142.0238769940695,161.6651,-0.2766066926838376,0.018045622476343084,0.014615563539065115,0.10015759842299071,0,Normal
299,48,0.03612924275146533,0.05002527598124772,0.04637303523590724,0.0618908813340059,80.12225117320689,93.958747,-0.13610788210222405,0.14610353511600793,0.011401512888445967,0.029346029537954642,0,Normal
300,36,0.08247501113467096,0.10605181665110693,0.17156252010488882,0.260884,133.55159857506374,157.61528352982893,-0.3522795566569028,-0.24376316332049328,0.0468781865936216,0.2403072693183169,0,Normal
301,20,0.11134196323368402,0.13682384071133216,0.17754883726637954,0.20070916764612423,190.24718022485533,237.1745358163934,-0.24080990654711515,-0.12492949310002673,0.03082967277992707,0.12430900664793096,0,Normal
302,9,0.025033185008163268,0.040221687396229416,0.07169340108685876,0.08955,94.163666494329,107.99982114438198,-0.5046263518646985,-0.2690240105400544,0.008379800634579361,0.02770605247032966,0,Normal
303,50,0.10528094294655062,0.1702858342540565,0.1987936745797758,0.233886,183.86691932260663,241.49280818321114,-0.3245726713922775,-0.039114901790932605,0.022608081850022735,0.09086566851873445,0,Normal
304,50,0.05086462500080584,0.06792553972034378,0.06095612970408872,0.08711845550341214,83.62102200232084,93.76560938614598,-0.07688310358072081,0.681491976468414,0.014210638972299364,0.0547627649159163,0,Normal
305,38,0.07091614453611365,0.0920950101433297,0.0665225611084055,0.08323839686466818,95.39254520588625,127.53798,0.03394286054942954,0.3715813328447166,0.013696548909430915,0.08233584472990829,0,Normal
306,35,0.03684265769224563,0.050992102466950705,0.06136893011168245,0.07792872703096507,83.45948678405328,104.99224477146903,-0.2472807771649001,0.027688958658764952,0.00993947668592316,0.03762580458139619,0,Normal
307,23,0.07721934246415413,0.13405,0.10392905586124279,0.12416584845949658,112.393718139571,132.0408287809092,-0.1551682864772473,0.24355727485249917,0.015634656301229562,0.054074018266880575,0,Normal
308,9,0.0761320699078598,0.09128503231362742,0.2272140836706217,0.305763,209.4570118986283,273.12842,-0.4927261406043885,-0.42555671327821204,0.022692405987118008,0.042630731242717324,0,Normal
309,50,0.07144898727372431,0.12341515427612608,0.07383906793269758,0.0989591795565222,96.83944452378928,128.05848513063964,-0.014771346387501653,0.3208366746859128,0.015689989741545094,0.09571312514716149,0,Normal
310,50,0.09569903351304664,0.12337492243685505,0.199136825427488,0.2248385194500711,174.25853166972104,199.76985768200683,-0.35933059651230925,-0.22593526722664997,0.027183588085395016,0.1645697045834672,0,Normal
311,38,0.08053859755293014,0.09976477271729402,0.08978250599980331,0.115457,98.17318018964964,116.35555,-0.056996682317556446,0.18988051044594778,0.012162036991563518,0.030613707793776174,0,Normal
312,24,0.040645202442166656,0.04878171256936353,0.04357063856898752,0.05463995853951575,82.21204430207939,108.544,-0.023311517383524254,0.6214504596527068,0.017698295112632396,0.08300892798125402,0,Normal
313,17,0.06661360098137112,0.08050531235452726,0.21690468943601524,0.310668,161.25061076861758,199.75149132193965,-0.5273902595082361,-0.4210977151230422,0.059180874781289916,0.35046688504534473,0,Normal
314,1,0.093078,0.093078,0.238408,0.238408,114.75851,114.75851,-0.4384183995149132,-0.4384183995149132,0.13732560307049607,0.13732560307049607,0,Normal
315,50,0.05441968991637466,0.07478399735571775,0.05370961901010243,0.07174579053699093,77.79162648365386,85.955271895933,0.006584226051823282,0.37067499271066195,0.01079620785123891,0.043941461012568135,0,Normal
316,50,0.06809135984679027,0.09407909789746073,0.16554752095262426,0.18336806814737402,144.2474716267221,163.39983518753186,-0.4231620240997122,-0.25903930139195414,0.027697526405413123,0.20074859380298743,0,Normal
317,42,0.09177052332701392,0.15039537424402388,0.16676341421169702,0.18418622751823766,153.41299811939558,178.03184072119672,-0.2979799094258727,0.008374827790562298,0.024142623757038795,0.14687673413748004,0,Normal
318,31,0.03617174565118868,0.04877859711799838,0.06082829134325184,0.092852,85.71377921714023,103.5756404062519,-0.2575022529495482,-0.07305423006059392,0.009911448290756438,0.028989937097292945,0,Normal
319,16,0.06107112605918102,0.08750666709742749,0.11684948955210434,0.15453814939036897,120.21821200734828,146.29369064670175,-0.31519916295528233,0.012837382457716883,0.01231137649826037,0.02397455512035071,0,Normal
320,3,0.1774717925981525,0.193004,0.23319451363789048,0.27965,245.83352788988793,250.72733,-0.13279039837850165,-0.0385542498849283,0.038213169435381306,0.07121880624934765,0,Normal
321,3,0.16579049253937814,0.202584,0.04777009924962994,0.0741554719491421,59.69455177131161,94.22389030430351,0.556536513744634,0.9415152836544682,0.024519696510515998,0.03981030288099331,0,Normal
322,50,0.09041316115495973,0.15232923225916511,0.20045038074816227,0.2324423643454437,178.7547410860398,226.75114767329595,-0.3817562775718399,0.27580606197669577,0.029652464238932454,0.11331739939955972,0,Normal
323,50,0.05748627095421733,0.07235589587034356,0.0646522252150057,0.10680429288188747,79.64575603656296,90.11631543124174,-0.04196949052250228,0.48355577706051506,0.018794936419617336,0.11956634608299305,0,Normal
324,44,0.07228901940501209,0.09783642540741153,0.07651971586843682,0.09756724078193459,91.25887466128201,103.4330300126186,-0.04085651386644054,0.1558251598174603,0.01020847377305696,0.0357153943817448,0,Normal
325,30,0.0965170553048043,0.146764,0.1878126751450333,0.228551634891695,171.5099806921395,197.2116346884349,-0.3189390297311227,0.5144412341347642,0.01952939875568938,0.08129626670720491,0,Normal
326,19,0.05062488418255256,0.069678,0.05161267077484253,0.059444264068677526,76.00227356970885,92.74026804470486,-0.005992387306830631,0.42089378753428436,0.015527544549348758,0.05815998336389762,0,Normal
327,3,0.0380715815437184,0.04952111784885314,0.03514660306964884,0.037568,31.07397097454331,37.87247011840477,0.008135844830741997,0.16187286284283112,0.04020946623575474,0.05081729039154244,0,Normal
328,50,0.07135983571991496,0.12435919850055321,0.17331850822569464,0.224367,155.95086730854038,194.90328131144338,-0.42983221378851477,-0.13623274970885665,0.025236520483440605,0.07148926137119707,0,Normal
329,50,0.06758643341939904,0.11892807205197602,0.14206234648227992,0.16253799859079107,141.51510692458947,160.29288,-0.3742198182343618,-0.053378721954617105,0.016302370635683544,0.07522038616473763,0,Normal
330,42,0.04087937183304159,0.05407074544427883,0.06496831547799228,0.07443835265775298,76.95000206925579,86.83375376633467,-0.23042253759117795,-0.04132257129893249,0.013941894695846821,0.073288163002308,0,Normal
331,30,0.11533994379502908,0.14731951958130554,0.18080620632106845,0.2222020898191554,143.4529420001185,181.0951786490652,-0.21495730126838883,0.36390458429593336,0.049968382797067834,0.09660557013687564,0,Normal
332,14,0.12029818001006927,0.143745158524383,0.1733436253613989,0.22773,167.89582672573326,220.99378,-0.17947978572380538,-0.03204869671235164,0.015303339480290641,0.03500480736467046,0,Normal
333,2,0.09114794834669815,0.10243289669339631,0.025415703126006245,0.029723,56.20589912112416,64.266928,0.5579042196270192,0.6582724176456359,0.00591729200408099,0.007316000545394316,0,Normal
334,50,0.08840686974301384,0.134075,0.1962126546555643,0.302756,176.68808901912928,201.04439803312155,-0.3841338636748498,-0.10740467866828951,0.024413024660155814,0.15112452250088376,0,Normal
335,45,0.06689961294585928,0.108764,0.05764195366251586,0.105679,91.58872370463973,125.69214,0.08231061834681319,0.31067775693417476,0.014840503609653267,0.03812713845520056,0,Normal
336,34,0.058820828325969514,0.085199,0.08831369729389571,0.13830321182713,98.9780056389591,116.90887726899592,-0.18352974815508777,0.3126295112275161,0.015860970162377943,0.046826194556273834,0,Normal
337,32,0.03955451859481986,0.061269342815963024,0.048408381109505905,0.06576784592869073,84.22340494160903,108.41408601481751,-0.09687366416034632,0.26935403192501955,0.016708451693730093,0.08521879251728726,0,Normal
338,20,0.06126444495343945,0.08828,0.1435550927751962,0.265873,95.95771878762243,116.88916708380839,-0.39363684512298647,-0.23279304653216462,0.0663195724190819,0.3027019208833195,0,Normal
339,6,0.11081559511794169,0.1248300780140748,0.1672900724574493,0.185232,101.52381219273674,169.00202396149248,-0.20046934446499534,-0.06571321681272267,0.08299453314105144,0.14906288041253613,0,Normal
340,50,0.08613010572444817,0.129608,0.09788367524796021,0.11323186900736029,101.8623489635394,117.70158659801508,-0.0657617449568236,0.13724088007546012,0.014886596235161247,0.10650176554692148,0,Normal
341,50,0.06289053692102216,0.081713,0.043905734300623826,0.06401369267586428,86.53170187890912,105.00610540668116,0.1821249574680657,0.3762946456831818,0.021614576984156666,0.042638649773444975,0,Normal
342,45,0.07175430163040206,0.13273066050238733,0.20045206746127933,0.22353885614720317,181.56253337608428,253.73927,-0.49252397978607754,-0.19681968717372028,0.0271491099531024,0.07022624547334247,0,Normal
343,34,0.07533046067760209,0.10402460155895817,0.10068636264066744,0.11858128023849294,102.30315012792408,118.06761657525306,-0.16002009755685417,0.03805445503821278,0.01906651327520274,0.13160896381111614,0,Normal
344,21,0.04644863000998062,0.06986336734655724,0.046358706591472336,0.05854103026937603,77.20196350400666,88.26492665821159,-0.014962289446400065,0.12411520720108883,0.015239406363919461,0.029122143529717225,0,Normal
345,14,0.08411305119216572,0.11256962324801482,0.17542808081336755,0.19152229813418595,140.79239771314397,181.4936282857741,-0.3653812540944813,-0.16150578233476648,0.04327256190632972,0.19093222777974964,0,Normal
346,3,0.05093010386874688,0.055324,0.031685140812012576,0.040555,58.00163839811959,73.55153422144141,0.24072150191541652,0.31432296723856473,0.02495067031877494,0.041315532380585204,0,Normal
347,50,0.0661693354333452,0.10390125992739453,0.07981597891134029,0.09299297798973856,104.53784943924815,135.83936,-0.09871175784120848,0.39136734187857264,0.012989455478803275,0.07765229436915946,0,Normal
348,50,0.0899933713745444,0.12544111631080138,0.20551786848497478,0.22870946526280891,184.20635368388568,234.134689973508,-0.3955014984179296,-0.22685203554410127,0.030658276401326182,0.12675822710471998,0,Normal
349,41,0.05798622998062592,0.0714180045394717,0.054507206535946456,0.071489,89.19491479785243,101.54838881798683,0.0255560728599236,0.15470302979429593,0.02229489496540879,0.05260033891574081,0,Normal
350,28,0.06125623080031596,0.08678961875324337,0.040066262548856806,0.052868484423141925,85.05948099896125,108.13965,0.2128237455192894,0.7218088251257284,0.023481465083565335,0.08168805145209487,0,Normal
351,18,0.07618602356086465,0.10110746815839075,0.20948811845683774,0.245118,159.53548411561022,201.12821764592312,-0.47731436776657954,-0.3469198223067947,0.05313683009730357,0.1669747131644248,0,Normal
352,5,0.061662369524795,0.07434250195816657,0.04913025698430814,0.0585750882287001,111.60734514362045,119.92384,0.109544693741034,0.270643445689338,0.047955210319009955,0.059153088588615184,0,Normal
353,50,0.07501422939247047,0.10544186522676845,0.04384002421398694,0.05920834971522176,85.85508747763406,103.40011734255624,0.288715431020729,0.8047464231064964,0.020896300036089555,0.07709260796774353,0,Normal
354,50,0.07584207202589797,0.11190796152106426,0.21393945855885058,0.23567967715922178,181.15905532777253,256.7412,-0.4808527413548343,-0.24139797675035524,0.03962646362764719,0.12612388598077096,0,Normal
355,46,0.07971424068447319,0.10667480028713436,0.0974619840569269,0.11661143000409523,103.31548274341618,119.65553099189769,-0.105536668251196,0.10845780921686941,0.014420533811371225,0.060902898097641586,0,Normal
356,32,0.03598319499462729,0.04507315137085491,0.04607914066967578,0.05859572203952549,79.05192893171494,91.888796,-0.13824123989876858,0.04231428098803538,0.013979651498259398,0.04276650886425731,0,Normal
357,20,0.0947788444541705,0.13436828596956948,0.19485550544136418,0.237422,148.33252236360647,178.3124425259572,-0.35325707888355035,-0.12996283076733775,0.05251495610998015,0.15260080083441285,0,Normal
358,7,0.11866973040327403,0.13861,0.14706122484663361,0.17836221743874647,160.4398015692937,177.72860468075558,-0.10564588193026721,-0.04005078886447396,0.016804138930882444,0.06513445057043352,0,Normal
359,50,0.1077571214101836,0.230031,0.1749157625276217,0.238333,146.9695878713044,207.49309,-0.2448099457077793,-0.017725491870656383,0.03792450609518025,0.08678261962704482,0,Normal
360,50,0.05965466778615978,0.07313692932164981,0.04637910508090707,0.089107,83.35930289285496,110.07692,0.11986966509727899,0.4128859892445344,0.014903976650477935,0.03555069247103523,0,Normal
361,50,0.09028312036852909,0.13410394482005367,0.19330178751873692,0.2205199293109355,180.8319314202725,224.85058356348594,-0.3759696251447756,-0.1639722114999298,0.021424874881335803,0.08613679011268946,0,Normal
362,34,0.06992207383893272,0.10259063609901246,0.15697976333800354,0.213705,135.51129044528173,159.20632029971188,-0.3893067318810018,-0.12256946059737694,0.032525445229694826,0.2390862072634972,0,Normal
363,21,0.032134306881404756,0.03873579310606091,0.061523165685931934,0.099143,87.81488126887072,106.22879004033919,-0.3093047325136893,-0.14651785070197657,0.009019249593891185,0.021008127432503215,0,Normal
364,9,0.10815458091788077,0.12767377393576176,0.1735749337400607,0.1917088213776299,187.82371189338227,214.32678982081964,-0.24010853186217135,-0.15824050326725161,0.027512599648902916,0.062372780886466084,0,Normal
365,50,0.056570634851359915,0.122737,0.06475596562024495,0.09446188171161954,79.58566046417381,90.4232626843734,-0.08498115520390723,0.3317798840067057,0.012063242980992352,0.08261328927562744,0,Normal
366,50,0.09366618343271156,0.14949069240357407,0.17201795325701688,0.20528782235558932,149.5411361070867,208.30371,-0.3123635684259611,-0.08821998570558677,0.035392226445391764,0.08638689475440489,0,Normal
367,37,0.08269433415894425,0.11684234935672941,0.15595739620947016,0.17158808967626513,165.94879007839694,218.8007028573831,-0.31281020286015554,-0.10810378421457022,0.018028628270760856,0.09548018772123909,0,Normal
368,27,0.06216341621141499,0.08562393310167432,0.07703744485104437,0.09566850126173539,74.87218606265387,87.26009607059869,-0.10045647500121513,0.3212667143348356,0.027232571195960183,0.07833484188400884,0,Normal
369,15,0.07659806958874421,0.10250954641398038,0.1894518105696988,0.2234156673568351,168.6272110981326,210.4720089971012,-0.42583322514704525,-0.2958219351616673,0.024872382606404453,0.059697228752717324,0,Normal
370,1,0.103244,0.103244,0.138295,0.138295,139.35556,139.35556,-0.14511468079821147,-0.14511468079821147,0.006013766341043614,0.006013766341043614,0,Normal
371,50,0.05061627275926006,0.06159070874409548,0.04847351564308434,0.0644447799969644,81.97933121142673,95.6102558751293,0.019331579853091127,0.6342503393654477,0.011597006601465556,0.06084155719585263,0,Normal
372,50,0.0719515156938631,0.1105711514681836,0.16944877783118403,0.20094689988501935,157.58537506616878,183.97959249561725,-0.4090212440061819,-0.09319595949077086,0.022215118995067763,0.057138640715457045,0,Normal
373,43,0.07800964337962069,0.12128342011379792,0.15667803863441063,0.18048664944186316,148.51047540910113,220.29939,-0.3528327461419048,-0.11299365190767685,0.02203721312934224,0.07700718527821804,0,Normal
374,30,0.05122378901189713,0.07149337332088898,0.06874367309255608,0.08875082996456991,75.9347181290119,85.96047914918132,-0.11433945421926096,0.7115983524211372,0.021067291607441325,0.046988067474259126,0,Normal
375,21,0.05283487565426349,0.08218347346942693,0.2059680846197225,0.298571,160.3647274303254,190.48192407673957,-0.5942412515165706,-0.41477138714100337,0.04819086046349161,0.153593673137644,0,Normal
376,6,0.056587511336754326,0.07110990313357674,0.1320524138165313,0.15014123096105214,180.85796253315303,201.50692407645823,-0.42535934447649,-0.3329355333120915,0.052870363462975446,0.08680349278409635,0,Normal
377,50,0.047933514500238555,0.07375273302280623,0.052268656560956125,0.06300303928303777,80.41807216590742,98.076951,-0.051415944236814795,0.3260620129799197,0.007390849976570699,0.025090930307871684,0,Normal
378,50,0.0699842267779803,0.10103503783279838,0.08809636441020027,0.12519362784383237,103.97757466329539,118.2643890392373,-0.11722978164062481,0.16677907450635493,0.014534243166603464,0.1040798685520401,0,Normal
379,43,0.10348675572407803,0.14269580182131697,0.20179683113650482,0.290724,181.14005141587648,229.13864,-0.3319695442421723,-0.14057251716919394,0.022512077986356877,0.06761447794165215,0,Normal
380,29,0.09723775726385055,0.1278218815336404,0.11346220218130836,0.13040739117473366,112.01183869865055,140.41329046301303,-0.09026004240980157,0.11783585764387643,0.021116354300106954,0.045825172062758615,0,Normal
381,13,0.06400179216860351,0.08871167579185955,0.052092046904403735,0.06951140446358424,83.32683243291989,108.55926,0.04094457818812665,0.25774168944909776,0.011007695620940044,0.05261428372710532,0,Normal
382,1,0.060781,0.060781,0.189527,0.189527,196.98932,196.98932,-0.514348265543788,-0.514348265543788,0.015856750763424243,0.015856750763424243,0,Normal
383,50,0.08437304867115321,0.1546177184704263,0.1969300964477564,0.27468,168.37972407123095,192.17660479692276,-0.4087897005899989,-0.16880551606159466,0.031452157496427484,0.28897245267299376,0,Normal
384,50,0.0742963138547598,0.104067,0.07363435716839023,0.08707399976858764,93.26037006613791,106.86511905049989,0.006774786525947197,0.5435587098879421,0.012613193205675475,0.05937121842079543,0,Normal
385,40,0.05473086439311549,0.07477677720589461,0.047341260323954006,0.075528,85.21772186494408,103.22078304410346,0.08207104284297646,0.3531532678773889,0.017048117435225715,0.04277665774307908,0,Normal
386,28,0.11788279120212654,0.24642,0.22834088474207676,0.355093,182.29629140505162,251.38393,-0.3335353116787841,-0.14588663159874513,0.04159373471715449,0.08311005848849037,0,Normal
387,17,0.08896135805089439,0.10427650571053865,0.10408881852524514,0.15157907899179227,97.62802259470372,115.20346496734193,-0.10521400412027082,0.10497818123084743,0.02540359150929266,0.11544325482218912,0,Normal
388,4,0.05676797342382185,0.07258572976143451,0.04449675676958149,0.05936977336153474,106.17042551681052,108.11013817108736,0.1976694224615328,0.6264748522359764,0.04569253527093074,0.08224632253143219,0,Normal
389,50,0.08835004637345131,0.149114,0.19915395398503663,0.22288576897662174,162.8230036845361,182.95805710814813,-0.38772318780382675,-0.005833741695252007,0.03710667342324167,0.1556970815110989,0,Normal
390,50,0.06963664646120048,0.10297724610126258,0.14906994626164974,0.18409951679051198,135.1010660415829,153.8887165317459,-0.377913345436138,-0.12635271215558802,0.024985587953727274,0.1961568094991356,0,Normal
391,39,0.02389128895217628,0.03549932859646785,0.056819085699004505,0.08617877748417337,78.48666975962458,87.20752407793319,-0.40467745859868426,-0.11933341896372782,0.012490388836133345,0.06424091066920032,0,Normal
392,25,0.05633975694382375,0.08344394447971244,0.13517127066480558,0.15699953304739475,151.2542478624446,200.56376026528946,-0.43249509808324627,-0.245818495275636,0.02809380725644893,0.11412073025802438,0,Normal
393,14,0.053104960902720606,0.06309036743909485,0.14285033773543082,0.226726,123.85933470517338,161.54518,-0.4466481319604277,-0.2878467088254949,0.030732153038655813,0.06629950780521945,0,Normal
394,1,0.097474,0.097474,0.008393,0.008393,88.098537,88.098537,0.841434616692485,0.841434616692485,0.058873953823984665,0.058873953823984665,0,Normal
395,50,0.06824630215688803,0.12113329742849403,0.13388616455657282,0.15396022575717405,136.98080171091803,165.89111777333378,-0.3386385814597428,-0.006187947755558769,0.014746903087664312,0.09626167160021447,0,Normal
396,44,0.06533484856440307,0.08917435925197333,0.06773297499794427,0.10829850090375213,84.45395940058543,102.68536126753074,-0.020749879558269377,0.3610310313678208,0.012038155475577524,0.02741560633378272,0,Normal
397,32,0.07840789618229574,0.10629966828969882,0.19324089629066998,0.23415579254718427,162.93967507506235,193.2936583508808,-0.41194704030116275,0.3609668076498713,0.042636848703847534,0.08808156428546438,0,Normal
398,22,0.0856837600215223,0.10689245286033996,0.11591404307208694,0.1294057529667398,113.75146644435618,150.43296,-0.16417552035528554,0.22154517866802176,0.027779143534225316,0.06533278012639203,0,Normal
399,7,0.03782439980104913,0.044936724825024796,0.029330455019343404,0.034095270361151266,86.66597352816208,108.68634,0.11977645171300466,0.24503235521615913,0.03611943887824974,0.06561147168141604,0,Normal
400,50,0.09035882782853881,0.17348994116230484,0.20216183586264147,0.23331369747580902,168.86791081060838,189.28307287989577,-0.381267695828013,0.38392680747854485,0.03891176009511216,0.11675533514847349,0,Normal
401,46,0.06999618141499585,0.09742326444232917,0.13497464157713998,0.16290264404085036,134.75940602501552,161.24035267906876,-0.32945601085178955,-0.13696299151960886,0.019366283517870567,0.06607130211224467,0,Normal
402,34,0.050857184628185684,0.06177058012112238,0.04580772932906654,0.05850326616266822,85.36687075432644,110.79968,0.06175091910674544,0.5390552639703612,0.018093448895657113,0.08187802685424454,0,Normal
403,21,0.10294191455226465,0.21595,0.21510626674061334,0.339068,152.73982668221782,180.93982250091233,-0.3848023151317005,-0.1160948873271526,0.06584846268146809,0.3585432998971939,0,Normal
404,12,0.07228913721720666,0.09562226589729682,0.047023064940616636,0.06045752688596075,92.40560978813927,117.59354,0.21620296431910038,0.5220845774431934,0.026954877040246617,0.09250734189416837,0,Normal
405,50,0.08433081949180413,0.166261,0.21795927804495477,0.319471,178.06434071880983,229.4848164783689,-0.44985906148078647,-0.2802651814538381,0.03829293440925445,0.10883544938747602,0,Normal
406,50,0.07365000127560405,0.106324,0.13092646111783718,0.1519387108738257,134.3908790031318,179.8696083952555,-0.2899167008207577,-0.0541029838264861,0.017722639445321438,0.06916677361938452,0,Normal
407,38,0.043946958236443366,0.062284486261829274,0.06024144025194231,0.090828,82.57379950007784,109.67792,-0.16264773835264534,0.06883216472224143,0.007116200640016578,0.021656557517433478,0,Normal
408,25,0.06716526003172314,0.08807557082301538,0.16396168772123082,0.18464188849202123,151.1307555804524,205.60327,-0.4255003226480213,-0.329985795648261,0.03236949212794237,0.09597890539475089,0,Normal
409,13,0.06269430072152968,0.088969,0.1909372618120885,0.28219,139.49068500880122,167.10355,-0.5032331017088723,-0.43777565431776727,0.05848463592976975,0.11471328519267493,0,Normal
410,50,0.0817634284870522,0.106877,0.19219747275802412,0.2647,148.38195217355306,172.33249568084278,-0.4073103631260787,-0.27126582637229224,0.04850056539448046,0.1815382459382644,0,Normal
411,50,0.07933664572340686,0.11828767430717368,0.17168781919295248,0.2505159690408977,149.8922309651544,172.45259182702603,-0.37327309331422304,-0.14243955732734562,0.031074142865154104,0.23665525328882597,0,Normal
412,40,0.04407768688768484,0.0724259650516765,0.055460839305618646,0.122407,80.32328618068978,98.53102,-0.11294464847552872,0.14423536910452764,0.01210932180455801,0.04190751081914168,0,Normal
413,28,0.10902049720604368,0.1447484690188466,0.18615172546873657,0.271026,146.29480990477194,183.22402760604834,-0.2625789008171276,-0.11056896049518732,0.045068764578106116,0.12930399496008993,0,Normal
414,15,0.06718429814366558,0.1223347282974054,0.15566893554210848,0.18446825890027801,180.7488654819082,253.64593,-0.44376123643491827,-0.16692687488025862,0.04066510091530394,0.22715585325068455,0,Normal
415,14,0.06892628031713324,0.09172828790782045,0.11074362245644465,0.13584891122567014,118.67163195930797,155.9198831788288,-0.20519698883981194,0.7047122302158273,0.027030386724441698,0.10794634843839461,0,Normal
416,1,0.035278,0.035278,0.124262,0.124262,166.06345,166.06345,-0.5577500454428643,-0.5577500454428643,0.04189545456748721,0.04189545456748721,0,Normal
417,50,0.057675700796341066,0.07757927477812615,0.12266137188748351,0.16681372832893582,138.27208829244037,201.11957,-0.36514510800905803,-0.12905602820317053,0.014283246336934981,0.10136930192038951,0,Normal
418,50,0.03787048312786629,0.05141420683235325,0.05816625292830678,0.06882731330147937,83.2421092056922,109.23909302293045,-0.21499389670631644,0.11333052985702272,0.009865602468934592,0.07804129398090244,0,Normal
419,38,0.08657175152033629,0.122254,0.1950232192937477,0.22793768450697222,150.47626478881728,178.340194518995,-0.3675251179415491,0.9319458600990825,0.05037025370495253,0.2042938195518321,0,Normal
420,23,0.06320398198508992,0.10663105750436877,0.17787622273096168,0.23209315625950713,183.19408651457093,229.38141064260554,-0.4940443186989424,-0.20452452005212668,0.019606896544852728,0.05977725985881305,0,Normal
421,10,0.06430162969183024,0.094482,0.04249684066555763,0.06902780746433522,87.19592019717444,98.58396755017259,0.2255777925802125,0.6877752074383043,0.02805437709186982,0.055984069311479256,0,Normal
422,50,0.11380580549445676,0.15280562312591772,0.18499325767943223,0.2128429047607648,185.09368679830956,250.43744121525899,-0.22940720204194062,0.698099787685775,0.02809382378358865,0.2247486948360106,0,Normal
423,49,0.06826425003043098,0.08970532196029397,0.09249866863143542,0.11734436672461102,96.92532175328495,111.28934965670341,-0.15157427535978862,0.043914490696345634,0.016563416903161557,0.09134346182456528,0,Normal
424,36,0.06025734511729677,0.09148597127046311,0.06280753250058659,0.07886355245168708,90.64991199689597,105.5391,-0.024741082579199623,0.3305950011576277,0.010687387827330667,0.034803520333250244,0,Normal
425,24,0.0824928921863337,0.138960752858496,0.18878037911179066,0.223273,169.63944913662,196.51543960330332,-0.40841164003225056,-0.0035809611719879336,0.022389492696736266,0.20692939884073874,0,Normal
426,11,0.06596777070081497,0.0827696162036529,0.10737524457803747,0.170872,105.01516061870056,121.46976026255452,-0.23081504619564983,0.02549185626391927,0.02476593623528075,0.12812002930043775,0,Normal
427,50,0.08278471701080817,0.123981,0.18528296931491006,0.246008,175.59412569903557,213.83818900948225,-0.3885561132810661,-0.21692899788610356,0.018219984630628697,0.10749592851355366,0,Normal
428,50,0.07709461092907725,0.1137002499425573,0.12160702925515553,0.1569540401805573,123.30788298048648,150.8994793567914,-0.22935860438727684,0.03688778853011261,0.014730675590580791,0.060121215308049716,0,Normal
429,39,0.06210204611923255,0.1023065496437056,0.05563172317621985,0.08040847139968109,80.4379556136759,94.187986,0.06256187064442247,0.7312452838724636,0.012245744998046423,0.0689567957124765,0,Normal
430,28,0.06990679711914037,0.110940104376641,0.21699030349879286,0.301859,173.32654981831595,215.67685500116343,-0.5165323306088146,-0.2926789253857241,0.044984066625327515,0.12214331477075996,0,Normal
431,25,0.0432135072326394,0.051900031053940615,0.03655547639184527,0.053224732217269075,84.42319031690877,110.42191,0.1101799425427928,0.3689434836077546,0.02604967688736278,0.06829386433063764,0,Normal
432,11,0.042541794510385034,0.06911663661594074,0.23901614472808744,0.333995,171.10647874145263,227.1128,-0.6933217957889702,-0.49747491231031016,0.06646212511208754,0.09994145446562078,0,Normal
433,50,0.039760222273464575,0.05180939351700616,0.06485619506869089,0.09298249162342338,82.97914311788368,108.4834092747868,-0.24043019631109747,-0.0709611072885978,0.009449746799827215,0.031024393090855445,0,Normal
434,49,0.057327967374272405,0.06754474512647153,0.10908094167099419,0.168849,110.22025301557501,133.3573,-0.30835808940987464,-0.20633957944056056,0.016916655302756267,0.052456824572074595,0,Normal
435,35,0.09451540136438523,0.12098969637576582,0.20100570339459486,0.279273,163.30798656656188,189.36897680106273,-0.36241143357066324,-0.21449520824296203,0.0399479919566028,0.3091477108879414,0,Normal
436,22,0.05160410144574284,0.06196879432558509,0.05191304071496691,0.07756512585434255,87.05906256413014,102.62372819266223,0.026508708441975292,0.576386369783843,0.026206748026903304,0.07199362118740714,0,Normal
437,10,0.12541091904082963,0.14480388918925255,0.05896024084195076,0.08811283882471385,93.81352836982276,108.08677136249136,0.3700414380985801,0.5789972206678742,0.031932286243800366,0.05167619730338773,0,Normal
438,50,0.08012212138306866,0.136097,0.12129180353353161,0.14220956313483282,124.27533838684386,143.94045849141813,-0.21424558735845928,0.31574622356495463,0.0167532887029536,0.12760676943441668,0,Normal
439,49,0.05295459415578226,0.0824730234925336,0.05299559232008085,0.096749,80.15694064892679,90.07782155085965,-0.013779199263069388,0.27209632978997855,0.016907731589376588,0.12212945129858713,0,Normal
440,34,0.0932783373650883,0.1341484922054661,0.21131210479036702,0.23625907963060383,174.09469403931357,203.66571297168346,-0.39565315852365035,-0.19730641231177523,0.03818544800774366,0.1038109648289777,0,Normal
441,17,0.08091787444354727,0.10701439899191137,0.1475619748822631,0.212802,117.44216947577031,142.83253899409763,-0.29605425612486086,-0.08272858891836785,0.043271667975705266,0.2541584454655109,0,Normal
442,4,0.05564675181685855,0.0759928512871441,0.026377338088192308,0.04912728174514305,105.90401123793421,107.36885948409328,0.48953899709624116,0.9371759011911122,0.0634740347470064,0.08851410233570854,0,Normal
443,50,0.06426132209118386,0.116753,0.06869987794335479,0.13054,78.4437209901858,87.26177692144002,-0.03317883092494734,0.19583996737244813,0.01840623368294471,0.1091556844352056,0,Normal
444,50,0.08344334108652635,0.11369164826494513,0.21192129571451962,0.240558,178.10630926532008,232.44775080383593,-0.43884713993861396,-0.2832798229277883,0.035445235289124,0.06670003629958063,0,Normal
445,44,0.08698418395370083,0.11647095338645598,0.15918640009768817,0.22722284857161704,143.6955974022483,216.6281,-0.297739928633034,-0.09247337481006437,0.03181371550177343,0.21916853022013294,0,Normal
446,31,0.035562785094818444,0.04577898676030303,0.05685098466819636,0.07241676336779121,76.41028349630479,87.83537645810546,-0.24165238121035554,0.0027011065130312056,0.01567115837344122,0.0768588852306217,0,Normal
447,21,0.07670347251010981,0.11099988662021236,0.20778526857529472,0.255262,162.62808434972695,204.44062,-0.4641982143586189,-0.25389568531134427,0.045985223210489846,0.09391951795240046,0,Normal
448,7,0.03375037685733986,0.04130329398832149,0.11607068268286466,0.12804628397770862,107.75962917378804,149.30217647669548,-0.5497006575568897,-0.4657493050701915,0.04526265437717815,0.13602367907013482,0,Normal
449,50,0.08864685644243263,0.1505081679793492,0.13812249509828034,0.15668830513059998,134.86754191594466,184.64413,-0.22928029577990158,0.16970474067867627,0.019005343517671965,0.06785823684685216,0,Normal
450,48,0.0862879541255173,0.11234027733230857,0.1902796386941409,0.2181266421396066,165.24682490933375,195.5073136539431,-0.37064374019598456,0.5689956658197579,0.0292421501158194,0.06159859377637139,0,Normal
451,37,0.036871968561495126,0.04948156939103691,0.05958462009188773,0.08720539724695944,82.07865946642336,106.95351,-0.21665203940335193,0.9943898013750955,0.010375857459694089,0.09106555444134469,0,Normal
452,24,0.10762450816802493,0.143818,0.1526023659550956,0.1923453976349144,128.326542558244,162.03609851243786,-0.16989868219311385,0.23501831250187852,0.03872688215415837,0.07782705653498558,0,Normal
453,11,0.13602964040659732,0.172044,0.22169383728871708,0.286431,196.49318493174206,229.04847401532322,-0.23976332975156406,-0.13010079060395097,0.02592538307190301,0.08819242408597655,0,Normal
454,50,0.07697088288983323,0.09221380910145725,0.07328133528334449,0.145481,91.95071119922976,104.47591838291207,0.02978864738817128,0.1601097000878488,0.014438894668944631,0.15855580122009272,0,Normal
455,50,0.10204320652417055,0.15267154764821111,0.1913980477256973,0.21810486546384056,176.61818474112425,208.4502759735964,-0.3107675957556796,-0.09472738093954237,0.02265012017480747,0.058016839603628995,0,Normal
456,39,0.058314844569054114,0.07189452743011808,0.04958127318176668,0.0687645774563474,88.59919366843143,109.22946,0.09246300364659395,0.39338552760347706,0.021026918699277322,0.08353236373166192,0,Normal
457,27,0.0856427111659729,0.12794,0.0673376269121163,0.08080519829441668,92.76492854015038,117.20003,0.11801204823450961,0.6233528945281522,0.010993153070659952,0.07449521479391014,0,Normal
458,18,0.06810593139221792,0.11097,0.16897121339234744,0.205298,152.52843558603482,188.47515,-0.43210124734397426,-0.2630268780330859,0.021558595163744792,0.058685859146537164,0,Normal
459,5,0.03029633179484024,0.04400294272545872,0.05418406045207835,0.06928697468139304,54.11086824861195,65.71447328253772,-0.30019874608120967,-0.16976077410925766,0.03653866128940505,0.05080165121119046,0,Normal
460,50,0.106715037550116,0.15967613113643506,0.20423657526197794,0.25585678370916803,175.37872986338112,237.20172,-0.32773340172627874,-0.10129568902682039,0.028381624182452776,0.07704947311689397,0,Normal
461,48,0.05015254338636103,0.070778768032511,0.059368848830874066,0.08224389364384446,85.6168617015773,95.55279438558422,-0.09224313578309873,0.17939050417987945,0.012119849611228105,0.03388601975261657,0,Normal
462,34,0.08320977678657453,0.09836704146765826,0.06548285241568075,0.08751633656523793,86.47696893805103,100.76529930389873,0.13231359355631117,0.7789089533473524,0.01108248970820655,0.03219400741457577,0,Normal
463,34,0.03650526667354445,0.043628391334593626,0.055842295078471556,0.06648854486526232,86.21587728787185,113.64855,-0.20560626807384774,0.004252639272820878,0.0126680470069607,0.05351147450220463,0,Normal
464,20,0.061737329316781234,0.0838727657735215,0.07055112788313436,0.0820879903548625,81.35673058040209,98.99052951144115,-0.08340872151507828,0.045774593545078984,0.014675779142813757,0.09531132386875796,0,Normal
465,8,0.08191871917115573,0.12321811878331855,0.19443101156003162,0.231111995128985,157.65014750371964,205.27318,-0.44508192370345145,-0.260681797646784,0.06346846336589926,0.0980939780784739,0,Normal
466,50,0.04994270975856849,0.08960501938117083,0.045846864643450044,0.055542679326802374,82.46133590329794,91.85484194175136,0.023636014964736808,0.3673559602529349,0.01788274160239395,0.06603593810332686,0,Normal
467,49,0.08653175711887526,0.12226193504439557,0.1999946637795858,0.22651979409226028,169.74921904992647,233.93312,-0.39749496708855936,-0.06745895543733195,0.04281659614256739,0.21492317432704458,0,Normal
468,36,0.06788675763590575,0.0899915548087708,0.11358481924943657,0.13598174219051123,134.60534567600513,177.36513308743426,-0.265520824504546,-0.06124848750301067,0.017180058460241992,0.08346445810836677,0,Normal
469,37,0.10336603477765476,0.14439811490493912,0.2031686461656743,0.246773,163.6928748098104,191.99836050252142,-0.3356533260348277,-0.16338772045274552,0.04096000709838456,0.17787893191053444,0,Normal
470,24,0.08234727224441857,0.10571311413301568,0.09561278019739994,0.11440714062636125,104.04838632735402,132.59758,-0.07617554602082392,0.0558681170069364,0.013943923375936028,0.05356842872133563,0,Normal
471,11,0.06739889362104247,0.07432903391945841,0.050576108859688114,0.06314213349262124,105.39042723668912,120.15014785740681,0.16593318326484788,0.8887663318232552,0.038623835312247945,0.07263224775333145,0,Normal
472,50,0.02713751338066327,0.04276301307555397,0.036711583287733926,0.06367278896200479,84.61034725748009,100.7197,-0.13594156012360084,0.2811161887288769,0.02670322649917967,0.04987360542134317,0,Normal
473,50,0.03668195127873171,0.04334648938149432,0.05145131588346716,0.0715755187826117,86.36269640918299,111.71676,-0.15915094118242915,0.2647742846463723,0.014180139487816969,0.07952124883362201,0,Normal
474,39,0.04576342328071055,0.056418420250836515,0.04648614963106316,0.0719351747589453,82.50977131764223,92.34525718620704,0.019208526216217887,0.5948840131957899,0.018304069225017407,0.04690164013022256,0,Normal
475,27,0.03830674780645958,0.05089231344122608,0.03175705283771723,0.043661593282884215,90.639399757125,114.76551494472066,0.10314784028669602,0.5223777299292526,0.03873272495546249,0.09008318271099183,0,Normal
476,14,0.04737790618737759,0.05304696150110767,0.06446545760974741,0.09250383222331926,80.93657825475717,94.21769645405622,-0.11155807846996,0.6732806521697332,0.015445826638980377,0.0643245743566421,0,Normal
477,50,0.04043544439560638,0.05375219524819428,0.04663540122541595,0.06777532566207262,82.22961742745044,91.04212004423462,-0.08135206549551117,0.22610973343078752,0.0159293138061168,0.03688195171399419,0,Normal
478,50,0.04069998810207427,0.048173833682819966,0.05489642399088407,0.07253509498856399,81.3316117223303,90.51687905455626,-0.1449749826065475,0.26815890473735465,0.012843951047935443,0.08476970851933838,0,Normal
479,50,0.04902817217063015,0.075398,0.05163331016161853,0.06592642743619587,87.08301374930106,107.01507662474808,-0.026608777225960854,0.3248259665396201,0.015167673475378916,0.0626863334018358,0,Normal
480,50,0.03783808115918091,0.048475231693102826,0.04124691160184848,0.060615920499485935,86.78506659291853,113.71101,-0.029528269108431326,0.36991307653352495,0.02446669512378822,0.09664175054816544,0,Normal
481,41,0.03953807790361013,0.04792386801062702,0.03933881749485821,0.05716828606841384,81.56863318242006,91.5747185556069,0.05116782750835776,0.9710234278668309,0.02057194987504097,0.04296582307699452,0,Normal
482,50,0.03059732739724032,0.0437426931383974,0.034585791399312366,0.05846310681532414,86.13562080517698,111.0139,-0.04035057269644936,0.29179621573152237,0.030191404430283498,0.08014474296671265,0,Normal
483,44,0.044601439083792625,0.05583577506581242,0.05079511214191317,0.06862522817156967,82.5104671376723,91.17013301069237,-0.05554739496250633,0.4995869549601322,0.012586706315556638,0.04047513707251085,0,Normal
484,44,0.028597407298817323,0.040349677892146794,0.038909445759111004,0.04895903064501992,82.52049387259144,91.37316450456153,-0.15099825074579654,0.13777880320805766,0.024447346795667294,0.04168202775221091,0,Normal
485,44,0.041226315168468246,0.06047305648716625,0.04498398104163051,0.06168903968291288,84.23177118730288,96.183192,-0.048970390706923744,0.21009860955034598,0.020315942042320134,0.04092251001503002,0,Normal
486,43,0.037499777147357555,0.05128461439262266,0.05285187315137262,0.06671148356617472,83.65523232454103,94.52076822220941,-0.16844846700288174,0.04092357812518296,0.012604422695257342,0.05569911305812887,0,Normal
487,35,0.037543930168230946,0.04865932725593316,0.04309105875828498,0.053076536656982434,85.45818579877847,105.03496,-0.08988922418521904,0.2237648174513101,0.020826880202725304,0.04843407041755766,0,Normal
488,23,0.034037237543375044,0.051692,0.0358660445390125,0.04720101483284019,91.30197445290136,108.0153006294266,-0.010231386473599478,0.7528633826724366,0.03546414134190921,0.07914438764645,0,Normal
489,21,0.03698030919704599,0.05681284984930786,0.02829193564175882,0.03566560632458111,87.30272824556242,112.6758,0.1347416045177732,0.8153629190617301,0.0379656163475519,0.09326969277210301,0,Normal
490,8,0.027426965626880555,0.03333507771102386,0.03172852949013129,0.036520990488347935,75.02753553998241,93.5288182652347,-0.0772397360779081,-0.0008291337239812109,0.032788911967191296,0.051196868187192004,0,Normal
491,50,0.04304678884892769,0.06460778499724316,0.04722507443235571,0.07157449642225923,84.6275489512263,97.5856640916044,-0.04568565924824793,0.25596435175160787,0.01756831905144828,0.04363138402978262,0,Normal
492,50,0.04789308090114675,0.0674984185536965,0.036982083954010814,0.05445690866272157,86.15356010006434,114.25818,0.14276149640509284,0.4395927038348968,0.02781786603237342,0.054406769423577576,0,Normal
493,39,0.034199085525259604,0.04344544949704169,0.03889027288414396,0.060115351595911005,80.23396841325112,90.59366527286545,-0.03980479709226546,0.3966021191085129,0.020855912028744126,0.0423491126867552,0,Normal
494,27,0.040933232747100784,0.05006380577822665,0.041276524393432074,0.053633414386928605,80.71810388340894,90.81843030328618,0.008365149351839678,0.45922844702070637,0.017202830330596355,0.035991853191868574,0,Normal
495,15,0.03712383186324453,0.067664,0.038963095694287846,0.04562416677230026,82.1711984733503,101.93087,-0.03683627001189513,0.5502136384984594,0.02113293346310301,0.06517985042152047,0,Normal
496,13,0.045670307906270136,0.067175,0.035836618094553505,0.047596970410941075,72.4847882447738,88.00277584106419,0.13425506686110125,0.6972713210119419,0.015045719028815083,0.024378249705026285,0,Normal
497,50,0.039971781679330645,0.054376,0.04499020272318838,0.09608816302229949,88.66426898181668,109.50782274930509,-0.04061671848333611,0.1984662926896357,0.023274387426324216,0.03806471501851154,0,Normal
498,50,0.028792902087212514,0.03586504160042199,0.03703720356937081,0.047235189716989597,88.32396087886558,113.35417078187926,-0.12917201391023367,0.18185985328030943,0.0305156773390263,0.07447378631461407,0,Normal
499,50,0.048193814211564955,0.064045,0.045647774441065166,0.06097484865827876,87.6359111202386,115.2636,0.029362748116045622,0.19701657070934064,0.02121441895930244,0.05226505182282158,0,Normal
500,37,0.04357773264959521,0.058781586185641506,0.03955485741424784,0.048083404865920214,89.38865677992229,109.05073369517223,0.02490332407186833,0.24440251647597205,0.02934848111339979,0.052786548060875044,0,Normal
501,24,0.02873675262807683,0.036862962987258635,0.037244820996931084,0.05408501884440829,87.07967613999188,113.59908,-0.06780218289918591,0.9145077720207254,0.028729812259285403,0.09956277881598098,0,Normal
502,11,0.03878294809996514,0.050058,0.0546527533483093,0.06586158493385959,84.77756722842294,106.07745,-0.16991199784988653,-0.07493509013462445,0.009685525915157988,0.03190336212742069,0,Normal
503,13,0.03779311844378661,0.046418291392510344,0.0588197656607207,0.087366,89.38468819047647,100.88858028589074,-0.21299509527431154,-0.028648491833555962,0.019870464076607523,0.05258403416536096,0,Normal
504,50,0.036505720134033776,0.044575,0.042721508663574666,0.05321392093146304,88.22461078275002,109.60766382552134,-0.07461799060168194,0.15599953125768248,0.024705356831276302,0.0545703097704948,0,Normal
505,50,0.041625670329404584,0.057034,0.044578823332229095,0.05521540477529799,86.523598544004,109.80965,-0.027248768904662875,0.3529711777962282,0.020690482491383378,0.06753027527723593,0,Normal
506,38,0.03454800869361015,0.03938808904859437,0.0436345070987327,0.06119923875343549,86.87080567920479,100.60193077773533,-0.10872824640386876,0.11661039939350487,0.02226166927565506,0.04281379504514553,0,Normal
507,27,0.0334235786867266,0.04518476896034769,0.04638031110131572,0.05711261551006047,90.7587006677027,111.17502769025322,-0.14017577634378536,0.9961609743182418,0.024264849314754647,0.08957096530491523,0,Normal
508,13,0.03313247450205315,0.04934114821829747,0.04716222614024295,0.070328,94.29936958257905,106.55611079105145,-0.18024191067069595,0.05496377409508049,0.028772661446582488,0.04792926020899264,0,Normal
509,50,0.039241103955260995,0.048630462120979275,0.04280352268171254,0.06518585966808037,84.7212408460959,92.38291941754879,-0.033189558206905105,0.2037798816133656,0.023308206753016057,0.05253724307676502,0,Normal
510,50,0.048478530344003914,0.07084616676292373,0.045295683548909074,0.06910389240845989,87.87859698195369,117.13351,0.05383240852907178,0.9628075571177505,0.021771420515673826,0.10324884099220452,0,Normal
511,38,0.028725701737636212,0.039158046463019576,0.030281299290843677,0.04701481555850241,89.94763946234572,109.9471846927292,-0.020982479834896994,0.3031671380610433,0.03933105147378032,0.06813896496926378,0,Normal
512,26,0.03555057045276862,0.049373489962732026,0.06473157880325325,0.126441,80.50581780520271,92.44552893568452,-0.27479274919567404,0.0821943737825518,0.02074345874952171,0.16456226826500053,0,Normal
513,13,0.044192556400671004,0.05647566561213186,0.037523472786919525,0.04168037365475506,71.36974427001401,90.46852400508092,0.08016182620161907,0.2167770640038122,0.024537432307459504,0.04049943181835937,0,Normal
514,50,0.03875800612468214,0.046986816895806,0.0350335368332484,0.05110585527412686,88.24460066387402,110.83152757566594,0.06066731491284588,0.7629175946547884,0.03241868377684729,0.07936964439043748,0,Normal
515,50,0.04095555909484903,0.055384,0.03959790753130829,0.05842690347776442,88.60169154891463,110.38153671301903,0.025848339195701005,0.47117261896856294,0.02838029357398621,0.06367137393863842,0,Normal
516,40,0.03288269077280859,0.03747507227878287,0.03869806452478022,0.04778283427550108,89.33584068862737,113.74600605698228,-0.08403115101893295,0.16351496234600943,0.030138282204704703,0.07934307596641962,0,Normal
517,25,0.0350932221067078,0.05082324489509368,0.028038721977127996,0.04489726644908351,90.4772778398547,110.93966376192631,0.14459824715328243,0.8492239236082423,0.04224542078147715,0.0920951787575337,0,Normal
518,13,0.04971941352522877,0.084142,0.029137163365421045,0.0405806599317951,76.10360893311403,92.13207702598787,0.24758690345567466,0.5918442634581005,0.03416139957466021,0.0563731474894493,0,Normal
519,50,0.048305538216627066,0.075615,0.05193729902510432,0.07397515066966745,87.6988584945256,108.92411505315789,-0.029052250168632526,0.5628526548581113,0.01744618442420593,0.05790518016828214,0,Normal
520,50,0.03991695938374526,0.057198,0.029205687130630213,0.04023601906128388,88.20781778115787,115.73531,0.15438195713017153,0.43560580567483137,0.038199878162982384,0.083139229537987,0,Normal
521,39,0.025602490626055435,0.037326013982208174,0.04292222686850876,0.06192158436280518,88.37891946744269,117.53644,-0.2405922602325242,0.10434065990776069,0.02470061430813592,0.08760391639691353,0,Normal
522,25,0.05059734674484544,0.05854391376735928,0.05487959229660932,0.087243,80.1732911277293,91.28926824018724,-0.035945205800363735,0.15727136421458993,0.01986629000896291,0.12886662452012124,0,Normal
523,11,0.03119176871179534,0.04240222386149104,0.033122756880528445,0.050691,70.26754215700727,86.16321600539654,-0.06118122368940079,0.1557907125276318,0.022958452748400894,0.03501222472315156,0,Normal
524,50,0.03920933634404351,0.061463,0.031200698891635365,0.041516771013651824,85.5941351837319,103.79709,0.11490561729007887,0.6587324076697838,0.032889677929387844,0.07453395920412809,0,Normal
525,50,0.0342593629429211,0.04148408625485199,0.043591811143320155,0.05721411186411968,82.80614309059962,91.78216268292924,-0.11145198717265084,0.6664697068816342,0.021495249283799648,0.05664299185802419,0,Normal
526,49,0.04394137189905435,0.056285183256341985,0.050665696965387044,0.102651,88.26186800569624,114.75147,-0.04869350238066526,0.297628454747636,0.018580737651501134,0.04388107538466801,0,Normal
527,36,0.03465892274295362,0.0404864375822324,0.043727281089800674,0.057984807276561676,87.26020522172905,102.12217810086011,-0.11612164837333824,0.2742978787277446,0.02256188665409289,0.04343490183418503,0,Normal
528,25,0.04271095130473443,0.05498405986192726,0.05191214170508064,0.068367,80.62929015618944,91.33740332851902,-0.10121818001361302,0.04795942628148234,0.012895821750014025,0.02840056746008387,0,Normal
529,11,0.029862641219705555,0.039561031388223436,0.04494342393515029,0.053116405116498615,69.20681754458454,87.21458898616397,-0.2005837752248367,-0.09492151030981225,0.02308840690687838,0.05287829395953837,0,Normal
530,1,0.002891,0.002891,0.056153,0.056153,24.435285,24.435285,-0.9020577525616056,-0.9020577525616056,0.06963635586006241,0.06963635586006241,0,Normal
531,50,0.03684315432996854,0.04940091417423366,0.04220346285416921,0.05292853243195016,84.73282671400689,104.55169,-0.07404966650255979,0.313603188892425,0.020794432457053248,0.053033091957691826,0,Normal
532,50,0.02094334517979469,0.028157419157302042,0.03939680554924552,0.053901017927308205,83.73259725127578,94.655167,-0.2986453565990131,0.09390279167070618,0.023012717515739838,0.0478893248233997,0,Normal
533,38,0.037669918591841385,0.04749181518746151,0.04205204984018363,0.05945012568615814,89.36991044834593,116.37486,-0.0551237616652592,0.2566554991174033,0.026827510887356798,0.08249857122876544,0,Normal
534,25,0.026124045677300346,0.03651416428867023,0.04832281485191418,0.07733,91.03088692497205,109.96305127646376,-0.3055016186160962,-0.07122398080819942,0.022663524286277936,0.04926828800130186,0,Normal
535,10,0.028615385066585085,0.035753723393515256,0.025242315597748106,0.03657475804294541,75.15799607863957,86.92185996443857,0.08601077393037217,0.5708249409938294,0.025610888471842348,0.05852013778474613,0,Normal
536,50,0.03079448687793068,0.055322,0.0381996478237778,0.04996202224490118,86.28543608895001,107.12065,-0.10718212677979158,0.5735618289127498,0.02676757333723018,0.07640255439950881,0,Normal
537,50,0.03401511854312286,0.051180734304032804,0.046039225115457307,0.06685080827260056,88.66736159129499,116.92943,-0.14069449601775713,0.06980484923249736,0.02246878947764821,0.07879898643038726,0,Normal
538,35,0.03835326200277117,0.04792090539628816,0.043240525613712257,0.07278700636652122,86.30411647193942,99.22512699814627,-0.035818103810503044,0.49997067104645704,0.022310171307888125,0.04058535202311258,0,Normal
539,23,0.031824699027703,0.04023068771099992,0.048963795105422064,0.068768,84.99379522231855,106.06624,-0.20834159027141477,0.07515003279162366,0.015437297125660856,0.029833475739683715,0,Normal
540,10,0.02665001594981827,0.03348888126428432,0.056575864578876936,0.08452,77.6818072038862,92.562806,-0.355479008844086,-0.16981896767775229,0.009730655963652371,0.019321194156795708,0,Normal
541,8,0.02390555091901552,0.032080347266667794,0.038450688667051744,0.050562030586201734,103.1201647454178,114.19533451376046,-0.23813408972942407,0.09073797461158407,0.04786966023642025,0.06960823531148282,0,Normal
542,50,0.027008185226443753,0.03632240027035658,0.03773444316142838,0.051539952536842716,86.19211533865082,109.47622,-0.15892038867507832,0.11164989129124235,0.02711441019319412,0.07577535349878275,0,Normal
543,50,0.03399701452931597,0.04476784948822089,0.0405366544688037,0.05421799794072076,87.55689251457967,104.82061605440805,-0.09005302283259344,0.19341112138944314,0.026043278843939296,0.06314551711496466,0,Normal
544,36,0.03811119723463926,0.045112493512329814,0.03746407450511407,0.048261727597548765,88.29857423878657,116.83108,0.029785786771074685,0.8663022096161763,0.030056606052471298,0.10078923953625396,0,Normal
545,22,0.027154750622590207,0.03110369181463834,0.05330583923738233,0.06159492221603985,92.3873877087503,114.51524652881926,-0.32294202041977066,-0.18518881255858854,0.01940108210381669,0.05668939721221815,0,Normal
546,7,0.024650753054094178,0.029715,0.043994986596918015,0.05094062450212665,61.287095993038,89.60476078935787,-0.2768910164505716,-0.05789352373714632,0.026952155329022752,0.05674302500671332,0,Normal
547,8,0.01992373199337103,0.026504879022549794,0.03018763792300263,0.03730999934780666,99.61489336296262,115.37076,-0.19170399381920364,0.18456647951427346,0.051686633521845604,0.08540397329893064,0,Normal
548,50,0.02802259285492202,0.04080447088739174,0.03726058392854188,0.046313732230300775,84.35515361705619,94.715964,-0.13376624286737704,0.7705162638018502,0.02534802184054551,0.07527648168777609,0,Normal
549,49,0.0475187438946817,0.06962834092522958,0.05319187428963236,0.08333729153866233,87.49343400513564,115.30305,-0.04644437531723274,0.4517020345531988,0.016239848407372744,0.07182593125975709,0,Normal
550,46,0.027720990105854666,0.044804227602984074,0.040897610282144725,0.052164945679546146,80.52295335937364,91.29860686631038,-0.20396422450121499,0.22852803124738422,0.022315956862068914,0.05081048021097414,0,Normal
551,45,0.038705092885873774,0.04745283260459801,0.03628971849095028,0.05867033110184396,87.47620661904415,116.44579,0.04260602251224566,0.5012738080795828,0.030187873033603378,0.08883453866344643,0,Normal
552,31,0.025445168838078756,0.033324,0.03790811163771866,0.04668878996397315,87.56481430599996,100.71538259392058,-0.1952594889504292,-0.05910836297927611,0.029004448889206568,0.04890156600481348,0,Normal
553,17,0.04715196508647258,0.05790735326795726,0.0500332710088412,0.054505107415116,86.72634899056567,110.7129,-0.050366645155873406,0.140657019036214,0.016387277938363816,0.045033955319187226,0,Normal
554,3,0.021812828477115603,0.023313,0.029579034902440095,0.04767120602627964,36.443897034567065,66.25889560666688,-0.10212568236097774,0.13238294151933166,0.027830697278373465,0.05930236518091153,0,Normal
555,50,0.03372192797237191,0.047534850570397295,0.045909576884311694,0.06994838514933707,82.38480170638269,91.55516923233722,-0.15952629082470557,0.056487464454456286,0.02097557933581308,0.06938411678770964,0,Normal
556,50,0.03467351118758731,0.04471898199590415,0.04072529520139568,0.089719,87.26112478616047,116.62044,-0.06590292190497588,0.25222188350610114,0.025484623123422975,0.0491088371401516,0,Normal
557,45,0.029989073107677063,0.04568946609449491,0.04286868428892607,0.06039716404434897,82.71119751068785,91.43226733999644,-0.16761446755372897,0.08163502813461616,0.020692754173612812,0.0456443494105015,0,Normal
558,30,0.04176180104260942,0.05524287718158785,0.056572124860230964,0.06991544909388768,79.95786059584051,90.70826414442676,-0.14615586350628912,0.21299817997187045,0.01619099300952348,0.09529219975872713,0,Normal
559,19,0.041495628768926825,0.05219987280156916,0.0299321653377391,0.03968976591767707,89.96344904760596,105.94713917630824,0.1841386693903735,0.5973557230104032,0.0397002382653064,0.07663003251760578,0,Normal
560,5,0.07738363160059536,0.088609,0.1253762411488646,0.14342209168883294,188.95120981095374,227.93689,-0.23543971435956362,-0.07562764856004314,0.06981199074536995,0.10912457118511315,0,Normal
561,50,0.06075877395860538,0.07809213940169223,0.04328331423065885,0.05638955939710826,85.13938618349431,94.6862679838577,0.17440448728866417,0.48063061417285385,0.020569662536236086,0.056575447200618655,0,Normal
562,50,0.05861740333042314,0.07353373218666383,0.05173611243897028,0.127375,78.65146294476,88.43075135267625,0.0789404766052881,0.41918226853050233,0.020207165794887797,0.14160530753747713,0,Normal
563,44,0.05922544947678657,0.07981496352689764,0.11702922473560594,0.1564052840229511,128.73128955574674,149.8416339140279,-0.3185051509450479,0.15136940305279784,0.017513055632395545,0.05670041033643482,0,Normal
564,30,0.05415418034961287,0.08874886114593246,0.15135611521936135,0.202316,148.49025383941222,185.12478,-0.4881338349889685,-0.23921758846217792,0.013619403181086153,0.05111598415329709,0,Normal
565,18,0.07663768650466143,0.116295,0.05317452592258634,0.08951,77.66594192194636,89.36007967346592,0.18458887312280597,0.2709208615435648,0.0162545997978571,0.03622117045597429,0,Normal
566,4,0.07155836207258914,0.09440483357593508,0.13603520524451043,0.145367,105.10824698419465,135.92626,-0.33893006624199007,-0.12944223277210828,0.04719317779941157,0.07262442817661305,0,Normal
567,50,0.06765794727918509,0.09599599160017047,0.14191162362272197,0.161171017047731,164.70162241151044,232.7137263866192,-0.36015481518514336,-0.12076300006183148,0.025091522171629133,0.15030426905604155,0,Normal
568,50,0.04423380784109756,0.0672143722949192,0.04175034272680053,0.05230288578558548,84.93529344670965,108.38842575456314,0.014392065456536231,0.2864787451922903,0.02151161297798935,0.05723725099637487,0,Normal
569,44,0.11955785782075155,0.195321,0.11824327700710056,0.17594549508340032,120.85933710520959,137.6168201079325,0.009951098681046187,0.4387953165111765,0.02242653862348222,0.0733849617538006,0,Normal
570,42,0.04567476117650227,0.06977973260123602,0.053500930466295143,0.09096259485359903,78.15849410641442,86.99580379664341,-0.07466944641789336,0.31573782061178124,0.014864819171837003,0.06866231543690607,0,Normal
571,30,0.05960874328652231,0.09822064564642202,0.1723198139131374,0.231059,146.81033422707932,174.8364254067514,-0.49488190044087627,-0.2253335232199006,0.03727444167396784,0.142140281416806,0,Normal
572,20,0.07814419573616418,0.0957657208478065,0.09588684312064426,0.1076897691231623,120.30628700791321,144.45441079420382,-0.11569925503187875,0.0677925878064787,0.017281750775006526,0.05480305211485344,0,Normal
573,8,0.039604064708163286,0.04916910539149559,0.05112829868838814,0.06110176494504885,80.43468360239683,102.47709,-0.18340134201545338,0.0924784508852213,0.019358335705728712,0.05890867450401662,0,Normal
574,50,0.073686411943136,0.10039810590145613,0.10646916355831543,0.12274940173744228,116.20262540695468,134.82340259347026,-0.17760794142830963,0.9938777996629237,0.013743170685144333,0.07850394900062672,0,Normal
575,50,0.09084965709030433,0.12508979100630074,0.1744608192911679,0.2187012053419002,175.82982873340916,198.42070914299427,-0.31298739234983236,0.4113138571607883,0.02128489549587615,0.15964658508059215,0,Normal
576,49,0.07098004117065086,0.09482430272087425,0.09808740589904708,0.11236352973451841,111.67943442851733,165.01727,-0.15803123819146694,0.41644041159988965,0.018464124898083595,0.14045448247084885,0,Normal
577,35,0.058057094061832744,0.07514175480516809,0.055686122758323554,0.07279587314539197,79.61528715629062,87.728988,0.02466192271887521,0.37635676247001904,0.007600333162705852,0.04378721879622596,0,Normal
578,35,0.09650638148837849,0.12229833443101341,0.09873145145205799,0.154539,99.59891892549349,115.61741381059431,-0.01618588865796626,0.20511142492573575,0.020285821557539163,0.11808365002747455,0,Normal
579,24,0.060739582313450315,0.06981034452787066,0.07225530225542916,0.081763,100.31845460346972,134.2193,-0.09167370033886775,0.0627112761164563,0.014331750693218666,0.0583862996991331,0,Normal
580,10,0.0648282053145179,0.08528164515767739,0.18675865588179913,0.221833,183.7952604597915,239.37049,-0.4851998787016443,-0.36891005687794065,0.024655249145724766,0.04659145670095313,0,Normal
581,50,0.0633049850195236,0.139714,0.0595575027557659,0.07303312310373776,89.9418193840218,103.67932330267847,0.021770084966964157,0.4294213337152913,0.014965329284793834,0.08457559969510776,0,Normal
582,50,0.07332046279048093,0.09368334490399027,0.05304793737759361,0.0768975283998127,84.13060933452631,108.85346287723992,0.16082725563584352,0.41610490865075744,0.01627594864839581,0.06932178505589047,0,Normal
583,37,0.07831398129049778,0.11680671541910594,0.18503183581807134,0.209190709616847,156.01880172353856,184.14783846428477,-0.40748860864255837,-0.10546841408252067,0.03380867712171469,0.15395607476351916,0,Normal
584,25,0.07693677402542548,0.09892336917280971,0.09111699513622794,0.10990104668518857,108.64542799178004,133.26754622428422,-0.07559151830591032,0.4020810514786418,0.015319522208089895,0.04654769572391826,0,Normal
585,11,0.08248459116115117,0.110552,0.034822850165572634,0.0548661805714595,71.7930417646937,89.60504329059987,0.4051599636324747,0.611188434100167,0.02791512357640781,0.05971651916631457,0,Normal
586,50,0.07318522091119797,0.10534345163321733,0.1676967738441026,0.19053568801959386,172.90368455243035,196.63932030218612,-0.3926568492632464,0.2696915687399934,0.02143717864177576,0.10072652569624951,0,Normal
587,50,0.0759080671251937,0.08991506026523031,0.0991967445218597,0.12576960242125282,116.05750786280963,140.56488846044292,-0.132523118111843,0.21738080205524793,0.010319486252430265,0.05330522754243602,0,Normal
588,42,0.06324242813095411,0.07367305605443554,0.036660391590458495,0.05183278226180802,82.72556574814679,93.51025883304145,0.26942806504691524,0.4004793689213579,0.025372311286360076,0.04727137063303946,0,Normal
589,29,0.06800199450456768,0.09989719045348573,0.19671662696337872,0.304815,182.27210092993477,232.3986755699012,-0.4873366298491503,-0.2935129751649037,0.018425897316694674,0.08021190685244595,0,Normal
590,18,0.10235617047753502,0.11287869275354849,0.08009060192277458,0.09907854174946258,89.08551887074948,110.12012972380523,0.12717304783066607,0.35351336236168257,0.014214948657597279,0.05382874411969248,0,Normal
591,6,0.05140983479588409,0.06764160963982649,0.026547059782829518,0.03623680647030953,103.23986365793519,118.37865,0.32526222652234393,0.5224125063222677,0.05992511492204238,0.08914140937246216,0,Normal
592,50,0.08956831787805561,0.1254985004615593,0.09471149684661047,0.10943380335892562,108.4666386643338,124.62437755575729,-0.033111589497479305,0.1514830252625257,0.011331358442164582,0.052371886128132206,0,Normal
593,46,0.07403507302806092,0.09944610727474454,0.05574593283835548,0.07571684863137573,82.0961284650056,95.34229,0.14444144710457274,0.4904951668057836,0.01326083427135588,0.057532912020414,0,Normal
594,35,0.08287164993540445,0.12077489521667986,0.19109134602764652,0.26304,185.7789257115784,239.6320296886052,-0.39931779665720635,-0.1902983723819789,0.01735108143877616,0.0673480415463246,0,Normal
595,22,0.06274849286293667,0.072071064172801,0.09588603552486337,0.12860371475389037,93.42191447626398,113.4310782138785,-0.21313431646711453,-0.0835592591195329,0.024915775768329373,0.10062669091210082,0,Normal
596,8,0.06727768391815912,0.08878848554289007,0.05354829021370236,0.06700949647624581,77.57503011338177,98.272335,0.0602851899291095,0.2522469631727455,0.016296825288369073,0.04886137377354897,0,Normal
597,50,0.06831124355197875,0.08973643350501512,0.1373428594642592,0.219325,140.87220444897596,161.1563378976753,-0.33842371044434094,-0.11773345845747907,0.0275121204667086,0.21348030293139286,0,Normal
598,44,0.06714928452509338,0.09988898906786473,0.0434868032152223,0.06272517199923276,85.06076533636775,110.73748584971214,0.21560183975807573,0.832786627423667,0.02021184605815417,0.08819898433811656,0,Normal
0,4,0.6583891155449348,0.8281672926766103,0.5011784669225314,0.5490323231273484,36.39950863422914,57.66268822651092,0.09908637968560015,0.2961086554558099,0.49948643143448623,0.557813898940289,1,Outlier
1,50,0.3329946463491856,0.6861719465671696,0.2513159626614285,0.3877018437761841,95.2847196733963,126.57816581314502,0.018343579011371364,0.3753382330236485,0.17493407269935768,0.3282031620793048,1,Outlier
2,47,0.4481002277340083,0.7809387113131065,0.27319032109355296,0.43133389585856213,104.75171872432134,164.50884,0.12706836170275657,0.4677828345454506,0.18500479793091804,0.3240959110010954,1,Outlier
3,31,0.04655215590148325,0.0637251351132735,0.10007257184436079,0.14902890107080224,103.53134088437687,133.51442,-0.3675380642058202,-0.12389126551685868,0.018207282238988536,0.07524412743470887,1,Outlier
4,18,0.5564692092201811,0.8166043701621446,0.22404995342688114,0.35900215479897585,127.48616539090888,178.89857387283573,0.3701984816744893,0.6644026967845081,0.1079445464118865,0.17656466119790942,1,Outlier
5,3,1.1379773342719899,1.2754045,0.35560100485522494,0.41103227,152.2191946501504,158.54837,0.5223042387733189,0.583205647943337,0.20700356916401788,0.25440692411744753,1,Outlier
6,50,0.4921503256250586,0.9709503259134995,0.22479332959679987,0.35122453774644496,124.84739581758895,267.02884,0.21263349867198858,0.6398743268106227,0.1112857605410677,0.23207856422162623,1,Outlier
7,40,0.3272373856451616,0.6817909169394304,0.23349065855123782,0.3370064762465559,146.30513946039542,287.3197010733145,0.052451028443332395,0.5260610362492986,0.10248978720474114,0.2502847305952772,1,Outlier
8,25,0.18301041799475995,0.510929363551595,0.21283151916692714,0.3654464795196663,88.27733815013053,111.94826202886911,-0.18447731151497837,0.1660049386084691,0.14533777441110468,0.26996730834654825,1,Outlier
9,8,0.45005898410965695,0.5238096071272133,0.3832935062072653,0.5131366729236236,97.55446850446168,126.13861717836757,0.11946058630288095,0.8326370227877687,0.30403267250205157,0.42193037961148877,1,Outlier
10,4,0.6561291312293536,0.75195941,0.37442358037685364,0.4931953006981693,216.69667697350184,230.3193424146249,0.27825697175544867,0.49850103048362704,0.14404306729496757,0.24912197923632406,1,Outlier
11,50,0.25093537841956515,0.9721493,0.1746071924023718,0.34765576123073416,64.37970760575854,107.28837,-0.03856856448210513,0.6981289005257231,0.13742514248697277,0.29810941041515276,1,Outlier
12,42,0.3898154374610153,0.923012849707863,0.21643468407822905,0.36741746441928747,75.5604104672059,133.5534428735144,0.08388339532535988,0.563276621752667,0.16507105860418309,0.2812629341621896,1,Outlier
13,28,0.8254286947410165,1.2145161863051874,0.298482356121399,0.3812535935502675,108.98134772877329,135.91429083562807,0.43658583926083233,0.6270773906524588,0.2047276973743013,0.28559550090413266,1,Outlier
14,15,0.3179349135767358,0.82649834,0.14136764919350248,0.23921689740230612,77.20418162530683,118.01721,0.32167485149343805,0.5846471119660399,0.08791906849181033,0.17339729986924937,1,Outlier
15,50,0.21827299315022877,0.6223957123260311,0.1482237203215146,0.37090116331685385,146.10381827379268,333.7021652800735,0.1610737154788476,0.9107839611531718,0.02628502673264724,0.11126244647210287,1,Outlier
16,50,0.1627409991373428,0.67080878,0.16893048373311198,0.4520523827285708,239.2693655202198,429.15349,-0.17294455027005196,0.5532034157313943,0.09465423847084076,0.3068948036006081,1,Outlier
17,36,0.35327142565721076,0.6179168923984233,0.2671583676246325,0.5461076138661658,310.64542099546674,457.76373,0.15770987804309555,0.4089895147655957,0.0885587841966581,0.14472155011250726,1,Outlier
18,24,0.5325168275780253,1.0284604762392096,0.16668558397403832,0.29731641721440794,221.84142088384206,308.52141689172265,0.37240015830284173,0.7314171165390854,0.07022050942229803,0.12261977507187063,1,Outlier
19,10,0.0195894060058012,0.03212778151359281,0.09768743686338112,0.15133473,177.9350529386149,207.2360387063011,-0.6390140106050602,-0.3592322216445895,0.0868196540373682,0.15022886690236276,1,Outlier
20,15,0.034906348814753185,0.04560827348046925,0.015899958057078292,0.026198298733183547,177.19588531572924,191.8558839760624,0.4089288304007617,0.7247353473032445,0.16437784963473187,0.1850805285595885,1,Outlier
