segment_id,data_count,ai0_rms_mean,ai0_rms_max,ai1_rms_mean,ai1_rms_max,ai2_rms_mean,ai2_rms_max,nd_mean,nd_max,residual_mean,residual_max,Equipment_state,label
0,91,0.05450652684202767,0.116967,0.11884773628655644,0.1944154307584663,121.37297955106274,205.0427593171261,4.533030547171006,425.80887372013564,0.14366522674266172,0.5792757737007812,0,Normal
1,76,0.061864603101179805,0.08035225412270647,0.10191916910039085,0.17986049917783506,113.22973416342043,152.99936922875924,-2.1718704369826907,28.373577235772302,0.14452764179071184,0.4937467405422522,0,Normal
2,51,0.03954733598443792,0.054391289203327406,0.04012226842602044,0.05761935806567095,84.55406758318452,109.87891,-0.2893508302262044,9.247896084888396,0.10031404285582986,0.2549197682617778,0,Normal
3,10,0.03903503784534438,0.05548699321462643,0.11046420054468727,0.13088039998840545,167.35920936793497,202.61462052485516,-1.0029764675634325,0.7802630338455737,0.18401341257393067,0.42574032307377596,0,Normal
4,14,0.04737790618737759,0.05304696150110767,0.06446545760974741,0.09250383222331926,80.93657825475717,94.21769645405622,-0.5454499260886758,3.771722539431285,0.11796488784550993,0.25198560005315035,0,Normal
5,100,0.04020200303788072,0.05411784534790719,0.04708411446357988,0.06521354285269279,81.58654287023973,94.57564484809166,0.09324906749091211,32.02660349854231,0.10209909094773778,0.2840316168942293,0,Normal
6,100,0.05856244295710513,0.1137495354583921,0.11367325913528353,0.194915,123.85894826951773,181.28687927734262,3.3840573627577295,170.56699576868775,0.16008615955204342,0.4874502533998294,0,Normal
7,100,0.06296427181066695,0.08538866321356718,0.0496832919737476,0.07046019363725875,83.63661960162246,106.83117207582266,0.28299414035922715,15.74760862049094,0.1014865297344247,0.2559590429964757,0,Normal
8,91,0.06253640143742717,0.09882036989254797,0.12399995148865449,0.212864,133.19406221050465,192.63008,-0.05325365829421115,20.150236657417963,0.15551697930703298,0.6035942523162878,0,Normal
9,67,0.052741742005512585,0.07664165804508669,0.07564260031803421,0.158762,107.11878066495683,177.14662085456837,-2.4966352501574076,149.43668639053263,0.12136674529015011,0.4038614501328367,0,Normal
10,13,0.04499195255358017,0.057902760170824324,0.05144052967229454,0.06343510853147491,66.71002267507096,85.28591002720235,-3.3009217048949706,4.136981690899299,0.12388664408455845,0.23405652093703655,0,Normal
11,50,0.03059732739724032,0.04374269313839741,0.034585791399312366,0.05846310681532414,86.13562080517698,111.0139,-1.4963467543249882,6.055470085470085,0.09919064773402245,0.26757779844839463,0,Normal
12,94,0.05707186091512831,0.09460824136722974,0.09049490644157673,0.1334889358295286,119.56293888999106,155.40836911479698,-1.0593280406320453,8.750841504463631,0.14788998067854206,0.5070423716118013,0,Normal
13,94,0.038560911816837025,0.106267,0.04430166551966608,0.064464,82.1662263703017,100.62100685988322,-5.4501577037736,81.18668122270732,0.10088525334648647,0.2582137597244012,0,Normal
14,84,0.05830372250922255,0.162992,0.09310155080558982,0.16089601642116563,111.64679452012524,146.5294148563762,0.17178042687378736,51.439166666666786,0.14008782570480593,0.48563173869368326,0,Normal
15,68,0.0535390221059762,0.180397,0.1139689123720893,0.244892,122.99739727561818,195.53086240664518,-1.4395904704908793,117.31138392857144,0.14871913024592742,0.5389803026803807,0,Normal
16,49,0.038590278112475715,0.04865932725593316,0.041867519291970634,0.053076536656982434,82.39510749837366,99.35451068254724,0.0729030066250242,17.61809672386896,0.09832495688468294,0.2505420725980524,0,Normal
17,73,0.062093255977244736,0.11608940937010577,0.14006108552086746,0.19962802284073247,150.24219449184815,194.3227390491359,-0.0402388496656578,7.424419701830534,0.19654688887527202,0.6144756754890495,0,Normal
18,71,0.07530954492661938,0.11095588728273953,0.09970946489706378,0.12859245426618157,105.77103018578504,158.65972,-0.6421583893677829,25.472041612483753,0.14747975425120818,0.39928688467791806,0,Normal
19,44,0.045985539765723234,0.06059063868563636,0.0505755980144372,0.06040820466956454,85.04013639602455,109.6414070351822,-1.06515525382414,7.437931034482757,0.0978070930566477,0.21576813579188137,0,Normal
20,36,0.08529526370830165,0.09845387634064999,0.08971784965739724,0.12589948571181694,99.32880987110276,116.5718,0.2105548388729961,18.31812054689003,0.12112030391038656,0.36650725666064343,0,Normal
21,73,0.05815225518701274,0.08734618218731716,0.04511371080693416,0.07157449642225923,82.30406650025638,97.46321796608478,0.06784816899071668,26.621309370988467,0.10828959261715776,0.2840273716827485,0,Normal
22,72,0.055886847003530145,0.08556569891317432,0.0485556984070978,0.07697070722619093,84.08409943028722,110.72363,-0.10119062332198661,14.476975945017186,0.09949889704270076,0.32029724643464097,0,Normal
23,50,0.05489737329195563,0.14066616765235343,0.05505928442080107,0.0892683865682583,83.64267070926991,100.98965891226484,-0.9352893955106932,34.9599697885196,0.10102320228098245,0.25366727362867836,0,Normal
24,77,0.06615910654264137,0.09648412079922788,0.0634896200820245,0.0855492124849785,91.59446952123132,108.84644260463693,0.9926812020847883,48.863140218303855,0.11539642884829043,0.3542145312198142,0,Normal
25,65,0.054415743644646124,0.0775055397794248,0.03690780669421183,0.059665418145689715,82.87100090020422,111.32015,1.0129851053988794,25.89904458598728,0.09845024829812214,0.25880820088024975,0,Normal
26,49,0.06197767740708838,0.092189,0.15489782116995315,0.19935259799511018,149.1709561519765,182.99563227785126,-3.753992440796587,6.5739635425068546,0.20605804489579999,0.5486046259430656,0,Normal
27,76,0.050823376629617244,0.07434537723490278,0.04122590303542726,0.06705340497767433,86.9902505250597,109.41917903133704,0.9005166857579909,14.988385768891499,0.10869292769615446,0.22929828396525367,0,Normal
28,12,0.04388233474257417,0.06059337319790012,0.04045571697068278,0.05292590883395391,82.91750555117054,97.0338748086175,1.8930167156338422,19.606923506420998,0.10470798402148661,0.2632854584516607,0,Normal
29,50,0.028792902087212514,0.03586504160042199,0.03703720356937081,0.047235189716989597,88.32396087886558,113.35417078187926,-1.6845028737545895,56.52989577619318,0.10453217764569417,0.2607527919755389,0,Normal
30,50,0.048193814211564955,0.064045,0.045647774441065166,0.06097484865827876,87.6359111202386,115.2636,-0.6078462619659001,7.781639928698751,0.10421477867017043,0.2515662313529666,0,Normal
31,87,0.05844261831250942,0.07977895134745756,0.039548790911917944,0.0650876570149825,86.74563716937607,106.17622046007611,4.525435177865286,375.2525951557112,0.09917720343647457,0.22149200418010284,0,Normal
32,74,0.0536919939385991,0.08201706354289942,0.0442661152616829,0.05777623640909815,87.1645429646575,113.59908,1.1013139160923233,63.67426710097736,0.11143914065170855,0.26306426161422414,0,Normal
33,53,0.07632042710036518,0.1055887322014049,0.06880447166720577,0.104758,97.92324408522296,141.09697,14.232582424415519,817.6547619047644,0.12429353030972387,0.2846557502848672,0,Normal
34,40,0.061917896615996906,0.08893833005459457,0.14381896365251592,0.193446579943663,159.79162270931607,250.38517935089698,-0.2603248598888128,7.772660171242987,0.20615454539113318,0.5143508021484848,0,Normal
35,13,0.08348682621940327,0.09695619038462681,0.13010906050797633,0.210371,130.93797072264022,152.35634793993873,-2.4620289522858374,10.188240118931667,0.18711874315704102,0.3834386564104052,0,Normal
36,50,0.036505720134033776,0.044575,0.042721508663574666,0.05321392093146304,88.22461078275002,109.60766382552134,0.04236757408493113,14.325186104218359,0.10361653634429838,0.2454313623550488,0,Normal
37,2,0.037920843868052834,0.04161768773610566,0.151257970795689,0.17432,23.12391918627741,25.842908,-25.710437812476467,-0.6717847158619565,0.063748194730232,0.102000571791563,0,Normal
38,100,0.06009682459233503,0.11023272260857934,0.09622471145079149,0.18078206328670993,112.96413772444075,141.49511036728288,-1.2972481996372704,84.80097382836313,0.14416947601145433,0.5836576207895716,0,Normal
39,88,0.05727103396642066,0.08740992410190047,0.10047117431958369,0.14480026405328134,127.4420648550857,169.73212008657143,-0.5228393247879853,12.83613243761997,0.16107701032370408,0.5392978420866369,0,Normal
40,65,0.037039752494392925,0.05832953028012483,0.044028605248253236,0.05431319092540964,85.2341393036421,107.64336906119237,28.349267688639554,1852.3589743590517,0.10473096878073326,0.2745346548209495,0,Normal
41,50,0.06568220878851917,0.0904613205657534,0.10721361921328443,0.138942,124.00364723624429,159.2961794542916,-0.5624719941629581,7.017735815759286,0.17634173026118197,0.438638599901067,0,Normal
42,74,0.04516854571049586,0.06979025384751084,0.04084031344353154,0.05941885544757658,83.9742753218377,106.39359,140.76001193488597,10588.699999997816,0.10403594886578123,0.28811263641294155,0,Normal
43,62,0.05253472798416281,0.07944446350124092,0.07740790844644446,0.1401852928852857,105.32640922735608,158.7360064127715,-0.6321708336668846,44.363198716234365,0.11805902407460903,0.4992641043600313,0,Normal
44,50,0.038004403087406116,0.05539611638282958,0.030602563367677763,0.04701481555850241,85.66188606028501,104.02752588525784,-0.6175538339463016,7.89039445950015,0.10250995291289794,0.2262020085060966,0,Normal
45,1,0.033547,0.033547,0.251701,0.251701,14.682295,14.682295,-1.3075593734672455,-1.3075593734672455,0.22967409761462568,0.22967409761462568,0,Normal
46,76,0.05006112470606503,0.07086111873446538,0.05803134261491893,0.126441,85.52158780102616,104.76967683632506,-0.5283478349573801,73.14214463840376,0.11241690765854111,0.2506813180873274,0,Normal
47,63,0.062157623819104474,0.08094042858670814,0.04627102623062722,0.0636537348315085,79.68601321457764,99.9065643955089,0.3526247626342864,45.97582697201008,0.10170690907431403,0.3076318671106637,0,Normal
48,43,0.0594015951842873,0.09193842766330083,0.18284995996186537,0.249756,160.25484472057127,185.93151171837994,-0.7025091120864428,2.85906990115212,0.2268566933082643,0.5175792585732242,0,Normal
49,79,0.05101320724495226,0.09589195896684977,0.07135562358876701,0.133709582385669,107.86620740346363,184.79266,1.1464625010372897,135.3307952622672,0.12344493612514477,0.3689416040231586,0,Normal
50,67,0.04717857848826496,0.067406,0.03968807041801623,0.0577242749958802,85.5500865330418,106.75598,-2.593265943222124,50.657939669891846,0.1021982949309325,0.2917299086699193,0,Normal
51,5,0.11160330684168393,0.144359,0.17762200696776526,0.2124600800385804,105.87702778396662,171.48458391154813,1.2079197736125464,8.622616984402082,0.27598304190677564,0.4816423423434917,0,Normal
52,90,0.05574454624721703,0.10556115186279469,0.09384855393798794,0.1493357776763492,121.0140974763463,158.96438447426152,-0.5263173184611708,48.971428571428504,0.14367932397639796,0.5342841071904109,0,Normal
53,75,0.0371112750842623,0.052885696897176274,0.04449792143681638,0.06316467177703054,82.98928490971005,105.91985,-1.022352100782408,8.335990552111015,0.10295194449323643,0.264111763075592,0,Normal
54,53,0.06978745088723441,0.11691928537328647,0.09435261690220659,0.142231,116.36108946339259,137.13187335547028,8.072192204934366,455.5052083333247,0.14737021224774624,0.39465928850149423,0,Normal
55,311,0.058538223070613814,0.13858731816078987,0.0898838160157581,0.20043329949511882,110.05703157014459,245.36636,-0.9291173782353549,68.51783216783215,0.1396773703405728,0.5335534396331973,0,Normal
56,75,0.04137630650837862,0.057608490376853304,0.047967299813646794,0.087243,80.7985527305557,95.97317690213352,-11.051815904979101,13.292144122858822,0.10547193007012282,0.2674134326147767,0,Normal
57,61,0.05858479901522099,0.09783981740886478,0.10851401397752275,0.16057271947189536,122.54464998973893,149.6515841480521,1.8676978605153398,80.35154241645229,0.15777320613523174,0.45711366707922685,0,Normal
58,510,0.05597963909124612,0.0962256509720771,0.06604339784878442,0.1750010853272059,96.70985606562859,181.83937665887848,-6.591248757739067,1111.9044117647366,0.11933545157516331,0.5689023038225318,0,Normal
59,61,0.07047880953384171,0.11823997918893593,0.1668104619422748,0.2215883539369793,153.05589128440147,194.02441087446132,-0.8466342965220206,18.737163158600364,0.2246435700871569,0.531566830757192,0,Normal
60,101,0.05688840312558447,0.14874545872227496,0.09263450825663208,0.1276669343870996,115.37778479670465,158.6091643163067,1.1039637812341268,120.01454138702395,0.15027638257455714,0.4002708766634039,0,Normal
61,188,0.05822816890965425,0.10770733322527301,0.0767330770614377,0.17257703232064223,100.7100253028821,156.46691381226657,12.02101119790708,2336.387096774547,0.127175487854614,0.48739467625224253,0,Normal
62,75,0.0652903575596349,0.198869,0.10659090252059812,0.14357629778727407,135.39927224584747,171.75115426898208,-1.0906115527224056,10.368214430756735,0.15340870746869845,0.5221237142347958,0,Normal
63,10,0.028615385066585085,0.035753723393515256,0.025242315597748106,0.03657475804294541,75.15799607863957,86.92185996443857,0.4709388697903362,4.205832798459563,0.09043218907800206,0.14483263312093494,0,Normal
64,50,0.08664976615304706,0.14197004886735795,0.1161855910666933,0.16017328714645274,124.24948549168047,150.53906,-0.38358062051697084,15.806297776842701,0.1616136165641544,0.4358216644123984,0,Normal
65,100,0.06257395310760504,0.10789366231155563,0.11636144100085997,0.21151526886846725,133.74006199513897,209.33910380794472,0.449839770222175,58.00610820244317,0.16594190766097502,0.5153412933264354,0,Normal
66,100,0.036293123348594844,0.05411005052575723,0.04415129159669539,0.06722400412947745,83.56671522569728,93.45273012126754,2.178174769224896,96.85602836879463,0.10337583706827332,0.2457570284099357,0,Normal
67,85,0.049704726042542294,0.07280392561050537,0.08329763507194077,0.12519702563000448,106.86916803041662,167.44711,-1.1519251453651684,41.00455136540953,0.13005240467825346,0.4089492684130067,0,Normal
68,73,0.06016190120006093,0.08731584566617906,0.1229326369787519,0.163979369658808,142.3254416087836,181.25750527499088,-1.6563324486562367,5.480618637431482,0.18076897883653162,0.5333294469368011,0,Normal
69,50,0.03240328658151572,0.04404486102259831,0.05186341216656504,0.078001,77.60467569698207,87.06262991055021,-2.5952542037680395,4.3668048717284265,0.10180569586793753,0.2640997561799447,0,Normal
70,10,0.02665001594981827,0.03348888126428432,0.056575864578876936,0.08452,77.6818072038862,92.562806,10.552526304690158,110.55464926590476,0.08910531272590318,0.2396400546007862,0,Normal
71,50,0.07663748189557117,0.11275140521873774,0.08232725690349335,0.11670856627900113,96.405806543783,111.95809665340808,-11.946734848678597,7.03059785673999,0.13333367122618373,0.295570980995868,0,Normal
72,58,0.07108372551898973,0.12290239983417736,0.15713111959840875,0.21887675949035795,171.589622068319,260.68643,-0.8960275034614026,3.433197284175098,0.2220719664092654,0.5163910358810382,0,Normal
73,100,0.06732451736284885,0.10764650188417643,0.07575827230576548,0.125122,96.31077378972402,118.00268510599774,-2.474086931234391,32.6283112582782,0.12700443434744824,0.32302136842549384,0,Normal
74,100,0.06662835914816524,0.105079,0.12108678699680177,0.17471503041896538,137.43691566568478,199.3896,0.06504859415723833,50.12647619047612,0.15642028503829183,0.6044240938908434,0,Normal
75,48,0.04010501689326505,0.04659649874078523,0.04179313571963942,0.06193687010739241,87.70916880392501,116.83108,-0.11388145806964411,18.782608695652154,0.10319212166069887,0.2576163639201184,0,Normal
76,72,0.04508968407855377,0.08069941737088317,0.08477875848015878,0.10721993854922693,98.50430807221625,114.52059471537402,-2.0167473812952164,28.929989550679156,0.130273226836357,0.3371606320315608,0,Normal
77,50,0.08547459281109056,0.12022644342905599,0.1529153589382389,0.17887030397329792,164.30472054383998,187.41464545043397,-0.6956366785521071,4.7515336427667245,0.2358141074247678,0.5136366444383785,0,Normal
78,7,0.024650753054094178,0.029715,0.043994986596918015,0.05094062450212665,61.287095993038,89.60476078935787,-1.3107730055846982,1.3925106872739228,0.07729617931360729,0.15392367130136597,0,Normal
79,42,0.056092612716935525,0.06737594693137901,0.04873450096381699,0.06402900501022955,89.23130307800436,110.76746858274072,0.682039848256178,31.422398589065295,0.10302431520755617,0.22292704206841712,0,Normal
80,8,0.01992373199337103,0.026504879022549794,0.03018763792300263,0.03730999934780666,99.61489336296262,115.37076,-0.6502499737214992,1.273099774636345,0.11863466618055851,0.22536435200935226,0,Normal
81,31,0.07254045000052571,0.11313135547672007,0.11120329718603189,0.171485,103.86862355488515,123.60386786927273,0.14087006841096825,16.21788537549408,0.131831222554442,0.42320238674821575,0,Normal
82,66,0.04508540255331269,0.09155226375355227,0.08294907482769683,0.14639965412903133,111.08053831846124,161.46324129444838,-6.1587164626620865,10.319473684210527,0.13882453627081287,0.5053970931077496,0,Normal
83,54,0.04942181480049698,0.06962834092522958,0.05448426673318516,0.08333729153866233,85.46387996738983,115.30305,5.2562066000039085,277.123772102163,0.10420003914891164,0.29646309871117393,0,Normal
84,96,0.052754257290577124,0.09927736501438786,0.1218355659711619,0.204689796149686,124.4572904182229,186.31105373529448,-1.6986927183153886,14.619484491044112,0.16836378437032398,0.5905387387971702,0,Normal
85,91,0.05734706425449614,0.07594322576964979,0.06852080248321663,0.09303439162858002,97.27925641643446,116.44579,-0.17933363531839513,60.126988199076266,0.12246118153541767,0.38321987515602673,0,Normal
86,64,0.04570352698206221,0.0867264555934347,0.04058079236603866,0.058263614504251285,85.27554813534427,102.02835846151086,-0.2980120342458959,11.081378299120239,0.10581390953699801,0.25042491822265955,0,Normal
87,40,0.07409034301450819,0.11553997442660267,0.12041059167453434,0.20449758365442852,134.20137019156869,200.21188832731963,-1.0692394156863967,15.045838458384583,0.17764826390431673,0.521270077743694,0,Normal
88,3,0.021812828477115603,0.023313,0.029579034902440095,0.04767120602627964,36.443897034567065,66.25889560666688,-1.4860265475074164,0.13238294151933166,0.07761679066170389,0.08771752313899023,0,Normal
89,62,0.04092825962540376,0.0769059097144036,0.0430933400013312,0.05283658508647204,85.86496530508258,114.70474,-24.8052166437187,14.615104640582363,0.10805721209789601,0.256935758627135,0,Normal
90,100,0.06056932418562384,0.1257773606039656,0.12041070976825896,0.19636008173607994,130.8665409572897,186.46963188851467,-4.00382469857814,186.47771836007132,0.16663441149748734,0.6184795826055975,0,Normal
91,94,0.055564049848132006,0.09871820141898859,0.08984276846229712,0.14865676833565297,105.39190312795128,135.62878370056316,-1.6590626786424174,22.707282913165272,0.13153435760654586,0.47013783531224046,0,Normal
92,66,0.04653926372710537,0.062511557016283,0.055339408297477743,0.07823181307882363,80.58229455940716,100.70758782545066,-0.23023480633692223,13.302505812451562,0.11026326345303063,0.3095433374578021,0,Normal
93,42,0.05719023255143606,0.10534791685648084,0.10077854446035728,0.19845786374366725,130.23046146327312,188.3780375674303,-1.6201169875015273,2.578419972640219,0.1592171561999971,0.5731693626161722,0,Normal
94,5,0.07738363160059536,0.088609,0.1253762411488646,0.14342209168883294,188.95120981095374,227.93689,-1.4999930886088388,0.458305350679607,0.24690067498802076,0.37813899092460546,0,Normal
95,8,0.03321871623361422,0.04137173180445798,0.10815542205833742,0.12592165441588407,144.98962795227987,169.0056713202687,-1.1785459387268507,-0.20195045126900474,0.14547268205965092,0.3318145606974909,0,Normal
96,100,0.07224650038904612,0.1408320579204181,0.09828152119239268,0.20188120958722236,117.1055631573268,164.42059327094748,0.15413644579740501,31.362478411053466,0.15052841109518528,0.5418084568577197,0,Normal
97,100,0.06703689235505597,0.09399184316950061,0.10162049346020295,0.127375,113.0273666423352,144.23259190870422,-0.3783495991726882,9.110374964758954,0.1529338026333777,0.3971279977760144,0,Normal
98,82,0.05015163975488866,0.07774816627869753,0.09556331711985416,0.12784038251272561,111.08983356003525,139.8425587919488,-0.09625539744807478,24.757984031936154,0.14148520420163094,0.4180812666022294,0,Normal
99,55,0.06106150393222467,0.08222806549226365,0.15373341885191968,0.202316,147.8460579736838,185.12478,-0.6785479782386744,5.505857524334569,0.2042161318658486,0.5910314620095302,0,Normal
100,42,0.06760586606737826,0.116295,0.05110728760062554,0.08951,79.07580957025898,97.29185826223932,0.8355137443843952,39.21058276725062,0.10820195078658565,0.2674253100307212,0,Normal
101,4,0.07155836207258914,0.09440483357593508,0.13603520524451043,0.145367,105.10824698419465,135.92626,-0.09155009331053068,1.9340361898715144,0.043306880334974054,0.08964336605944101,0,Normal
102,62,0.0714701490485998,0.12126388728100383,0.1516555101017875,0.2124441748660104,168.35707311659516,224.15344247386335,-0.6525785804234913,13.358082417017775,0.20462907510079376,0.5437167992558494,0,Normal
103,100,0.05742025570870988,0.09160631886938804,0.049680772545153476,0.07581080726717003,87.01354728723464,108.38842575456314,-0.19827283920607675,32.152153987167694,0.10727782035632175,0.27531260104230104,0,Normal
104,94,0.09437068090210787,0.195321,0.15279552356868534,0.196086009630723,147.4414552507914,187.17146493395214,-0.3286222253107878,11.259740681766486,0.21180105478169603,0.553533174555669,0,Normal
105,87,0.06670944169175237,0.09460040134005776,0.07224068167744202,0.09096259485359903,90.62364127511071,113.64208210495075,2.0430427579652446,70.29857142857131,0.11597339761537544,0.3037562408230466,0,Normal
106,64,0.06715448459106303,0.08807035849421757,0.13505915366792032,0.231059,123.28764802674614,155.5985464763704,2.8748798027726745,214.87769784172738,0.14644556648100854,0.5422977249963248,0,Normal
107,54,0.06049919181485203,0.08826022753766273,0.0743024936531872,0.1076897691231623,99.56536862717354,144.45441079420382,-0.020600493089709068,7.46414487339145,0.11628256738822135,0.3682512783177434,0,Normal
108,30,0.049937655493945576,0.06776745597851523,0.06500569437750532,0.08089340742112425,91.65009381666862,112.37152482211587,-0.14714206974224178,27.806077476223606,0.11592061733978071,0.3183451075934285,0,Normal
109,59,0.06996058460591517,0.09967423896122808,0.13087081316993465,0.23996,128.0936314572214,185.62522374583872,1.138148841422951,96.837154614932,0.1657726280016221,0.46398641208642233,0,Normal
110,100,0.08345257158939398,0.11162590448188986,0.1391594242635763,0.2187012053419002,145.73254155427975,198.32878948876177,-0.07681283235874652,30.039363753213394,0.18890849747147043,0.5751064610032551,0,Normal
111,99,0.0822030499542285,0.11113864641383753,0.15060706015772118,0.1912966136566458,146.86718086816097,171.425487983071,-0.889054380367557,23.9740810556079,0.1946091355434031,0.655672649177133,0,Normal
112,72,0.07015616922885118,0.09474413522851954,0.07645283445177874,0.10068631517341371,90.4299067410495,114.64001968256991,0.6365778969460829,33.88636363636362,0.1238441817954414,0.41302630934497064,0,Normal
113,58,0.08588818513133539,0.10861833554883815,0.08247199344750941,0.154539,93.55374691470988,114.1206483332931,0.03239078004740629,9.688756090133982,0.13240666944914176,0.32949610342939684,0,Normal
114,34,0.06732232761090105,0.09671920638218656,0.10949773879426357,0.1384568211822733,125.4324203428705,141.9817274518518,3.2383073599490944,110.11290322580635,0.1311520254559479,0.4294706804219882,0,Normal
115,10,0.0648282053145179,0.08528164515767739,0.18675865588179913,0.221833,183.7952604597915,239.37049,-0.8542683218644287,0.12534554965155356,0.2667860930183619,0.5986589899513826,0,Normal
116,50,0.05903923474443532,0.07868396376962716,0.039275656537728805,0.06613241658899212,81.79394784037213,101.30955,4.747979110661051,235.4298780487834,0.0978693872584456,0.21149584349778894,0,Normal
117,50,0.069880413771478,0.09790854965629917,0.18073935380533512,0.2005139153370658,165.76949586509951,187.6380029678752,-0.07891379517391556,12.167222767419027,0.23491527284259653,0.5366134082173004,0,Normal
118,90,0.06549522522132131,0.09120018755627644,0.09566203941431188,0.12869091321457005,116.60128978128877,184.39963,0.09053160384939965,23.342849727485056,0.15177096282405836,0.4292322312027427,0,Normal
119,77,0.062054351765880346,0.09368334490399027,0.0520708091706757,0.07440254515875112,82.98731048987472,108.85346287723992,0.17850850016186545,17.30022658610272,0.09485666361249616,0.2708655141590971,0,Normal
120,64,0.0741792562467022,0.11680671541910594,0.16024278346637624,0.1983951195256577,145.73571025393738,172.34533487509148,-2.1310568677488675,4.789762491458388,0.1948476599151836,0.6148541602544626,0,Normal
121,42,0.07350843411523748,0.09892336917280971,0.07632541303387017,0.10990104668518857,97.16463288474581,124.7022175293646,1.077462081840294,45.79110827483518,0.12121713864236616,0.3679118098651445,0,Normal
122,13,0.08112297891153321,0.110552,0.06740558143837987,0.09852140847171238,87.35545898081806,109.98883136641831,2.4781251709396175,19.116206030150767,0.08567966635360634,0.2749483493591769,0,Normal
123,50,0.07039350579491475,0.09550460745115913,0.15427305554206655,0.17277534413769807,152.53703360607483,174.88910145192486,-0.3779868689998462,18.18342877594845,0.21718890783097178,0.4809374155263064,0,Normal
124,50,0.0439700893961935,0.09011064267332689,0.051403461497997884,0.06700579476209502,82.1647754831526,99.30778199961789,-0.44337648597534857,18.31841967556253,0.097308846962504,0.25555042858725185,0,Normal
125,92,0.06500115141007394,0.09745148620775365,0.1377920500516082,0.19053568801959386,145.79252766811507,196.63932030218612,0.22375063743857201,49.29352878083673,0.20011342166495255,0.5603190066107907,0,Normal
126,79,0.08636915319185849,0.13065931291415855,0.13919535815886214,0.1763668835663317,136.57918547227035,180.3394420299888,-0.7429948474494088,15.27311925564507,0.18352411733273585,0.654197511340336,0,Normal
127,60,0.05831828025569186,0.07032845624069961,0.0387001345338951,0.05183278226180802,82.76581013147344,96.07790290639815,0.2548168858135391,6.591700981944885,0.10317385512847628,0.22513635389662986,0,Normal
128,86,0.0804778383754547,0.12797613529795313,0.17540330084761777,0.304815,177.1058850082008,232.3986755699012,-0.2552021053158923,40.323131376223174,0.23340595417409196,0.6056973888553073,0,Normal
129,68,0.06097069469005059,0.11287869275354849,0.05989854274456629,0.09754025108436003,85.46043466470378,110.12012972380523,1.0007745595272755,59.566794942275976,0.10585737897987085,0.3670077597864104,0,Normal
130,54,0.07930294264743407,0.11267341175361648,0.11307262441781117,0.1740710801414181,104.1835825420086,120.86559571624629,1.4528120714111878,58.5621792341096,0.14185684084771355,0.4309249942903357,0,Normal
131,86,0.08455770968506147,0.1254985004615593,0.12251038072385993,0.15634413433619226,131.12884109162835,167.1957308938815,0.08631239539937109,34.039384454877485,0.18147087771637382,0.44652847786594363,0,Normal
132,66,0.07238310560171138,0.09944610727474454,0.059689035731696816,0.08738083128467021,82.26135500209065,95.34229,6.6981440671920005,360.465853658543,0.09929413409643018,0.24073512618962772,0,Normal
133,42,0.07978162301730657,0.12077489521667986,0.1745889638590919,0.26304,171.9257111034933,239.6320296886052,-1.1017937089506529,10.104657577429267,0.21257677289302424,0.5652396908028505,0,Normal
134,72,0.04527773989383263,0.07194117143124651,0.06122277115957063,0.12860371475389037,85.72934597395788,113.4310782138785,-0.49492769261546765,13.85486630053119,0.105910721278973,0.3698863744432015,0,Normal
135,8,0.06727768391815912,0.08878848554289007,0.05354829021370236,0.06700949647624581,77.57503011338177,98.272335,-0.7676075057658341,4.612099993455926,0.10162017576330484,0.22675625476394184,0,Normal
136,49,0.052834837918145805,0.07258303881934125,0.09391820740227028,0.11144902240531318,118.76161536891135,138.6221574295916,-0.9442467378643765,2.021143557016696,0.16239511471803877,0.3566254816630255,0,Normal
137,85,0.07876087938553844,0.11172182225286159,0.1596606128712866,0.241377,163.83441314169195,227.51343684909284,-1.135101557224745,2.6441587106046605,0.21830596517043033,0.6240868651261935,0,Normal
138,66,0.05967585406797577,0.09988898906786473,0.041624007240546476,0.06272517199923276,84.67393590100933,110.73748584971214,0.6548908498813583,14.97682823129252,0.09773000262213169,0.25979879156956887,0,Normal
139,9,0.09265491790560837,0.127007,0.06941122532647176,0.07844000478816067,75.61768060503823,91.28781311587534,2.7338070906274594,13.123050654524754,0.1330693061251056,0.3349303904418106,0,Normal
140,50,0.07749390190962928,0.0909550300505695,0.10568825843261856,0.11960348755868283,122.51843871931797,163.5627169821086,-1.8766558008934684,21.331495427649244,0.1480782343474542,0.4383536682474477,0,Normal
141,48,0.07872245166942438,0.132727,0.05168539166761951,0.07834032080182805,81.0826081113424,92.08462887344932,0.3604524426137925,20.860590988882397,0.1076891090891103,0.29730452387132567,0,Normal
142,48,0.05519411552471132,0.0882062837189052,0.05749013301122704,0.109012,87.08722113114716,113.85764,-2.054153416160481,23.604020979020973,0.10528626881706339,0.2905593371203292,0,Normal
143,35,0.061782013011623754,0.07312129583917397,0.04074350591538029,0.060076109001832,80.34689711411083,92.96502337221307,-0.1435959514502477,3.5643545279383426,0.10532245787266915,0.2639603102557617,0,Normal
144,23,0.09102033397382785,0.10718502220459723,0.17654325312480132,0.20216685767924475,180.42524795848306,228.56369,-1.322215413299687,1.2645787635063772,0.23555203120634743,0.596906068963067,0,Normal
145,13,0.04617257082039094,0.072901,0.04848695905329973,0.069631,74.28994027688482,90.920459,2.3454872069085715,43.57444206664635,0.07193005345183304,0.16334699551131016,0,Normal
146,2,0.05445070393561609,0.05554,0.07411968636051436,0.11740837272102872,39.71385864424428,44.947153,-0.812871232914043,0.286083130716684,0.07290065530675904,0.09943796493056506,0,Normal
147,1,0.011576,0.011576,0.046519,0.046519,40.269022,40.269022,-1.6626123290023465,-1.6626123290023465,0.04370350227499865,0.04370350227499865,0,Normal
148,50,0.06766881611604299,0.09032128249587691,0.14224457214043348,0.1874543378385787,145.0582865431279,171.7081078660553,-0.9102540016467481,4.447916045554826,0.1896828894630148,0.488048990306922,0,Normal
149,50,0.08590856179143053,0.13672,0.16161826931835485,0.264697,154.0508220052171,198.64543092520177,-2.7175493107885336,8.408752140195386,0.214651180707851,0.5014732087869349,0,Normal
150,40,0.037481832295753394,0.06365451728039417,0.057070338141344226,0.1132458042158737,78.47985920328868,87.50163186802867,-25.38339504174133,9.369969512195123,0.0988365540614931,0.273185412116035,0,Normal
151,26,0.09267898800398745,0.12814295751815627,0.11440074675301751,0.14498216167101385,136.39319657115814,187.99021,-0.5489948014212866,18.157584172162448,0.17999057023940382,0.38833738539366314,0,Normal
152,26,0.039478696466723986,0.04535738040397738,0.053351227185762025,0.06937852604372624,78.19583036115245,89.46391265240467,-2.850857639240443,30.31836384439361,0.11318117048749449,0.2853441772018228,0,Normal
153,15,0.11276449861561778,0.157676,0.1812314497902617,0.261975,156.4464370370065,198.52682795623934,-1.544820021425458,0.5653299514314455,0.22655261150086964,0.4260911128531859,0,Normal
154,3,0.02249834265193271,0.02634932739179503,0.11661119629770571,0.12095200087500275,51.29156598450479,75.54897253364612,-1.468806605602791,-0.9542760698844764,0.18867708662997895,0.23221911065738518,0,Normal
155,3,0.030573196840867487,0.038192,0.21318878410678488,0.27344,54.306192132039826,87.58143383163203,-1.3963339860717874,-0.8628044785463652,0.20016484647704272,0.28486219136435875,0,Normal
156,50,0.064165899441962,0.099591,0.05353876141558769,0.144591,78.23886272126539,86.42780438147072,4.593443850715636,215.48051948052037,0.1031481494299304,0.2440995193278559,0,Normal
157,50,0.08186421134710471,0.10269164085455057,0.07050243683267325,0.11431953361740066,93.57082521295986,108.00418019432543,1.0425841352559335,15.244638500064207,0.11846251173949326,0.3197205843235169,0,Normal
158,47,0.04986041688018804,0.07372720554178085,0.04605903262342087,0.056916228091819294,83.79325735808314,101.17258,-0.8515323855143225,33.549628334062035,0.10591138606330636,0.22733241914154162,0,Normal
159,34,0.08213588319297278,0.12202152073548336,0.19509743722325398,0.293154,174.4370486624701,203.41831382386928,-0.6837469969096752,1.327227910504361,0.2223325923229336,0.6719507047721371,0,Normal
160,19,0.06947151176300634,0.08990732021476337,0.11873186501328789,0.16273036024202736,102.91972663157294,125.01671834335104,-0.2650300044348743,17.101659125188547,0.1459221209189209,0.4331667430884694,0,Normal
161,6,0.10286677113843488,0.146418,0.08387184495297562,0.127499,53.80654612061438,85.11477437304534,-0.03235479194964319,3.4724075197089146,0.14454942626207118,0.19616133557852755,0,Normal
162,50,0.0888112903164766,0.12344186666065395,0.10909314972634966,0.124729,115.85862601799758,171.28327,2.8618114940887454,172.59819639278595,0.15911433882136583,0.3676742986781353,0,Normal
163,50,0.06047896188753728,0.07575626241176368,0.038761021026663574,0.05323069793267791,80.4601254064621,89.58133497633342,-0.4243408753220345,1.7380505358679494,0.10639753196544265,0.23400990348031742,0,Normal
164,38,0.08419198396758365,0.11147787565835653,0.19660577193909418,0.241022,160.59510245891278,185.12301525041238,0.37001932168520796,34.31342901076368,0.21914854555358024,0.619680224467972,0,Normal
165,26,0.0882120345685543,0.10053577946034935,0.11431851742813731,0.138221,115.01957271237623,159.54079,5.02550635541529,157.85120350109455,0.15357105201640386,0.4481671434160095,0,Normal
166,13,0.07511162897920837,0.09593930909173778,0.08404647783549428,0.11508756729768858,75.40171234499135,91.684591,-0.6961605675418348,0.7826123720202655,0.10356637907504972,0.28289261045483194,0,Normal
167,2,0.06545419474064366,0.07170838948128733,0.068656813609112,0.12270162721822397,139.13331082275877,157.39077164551753,-1.107031643051873,0.6040834022029237,0.3103765344972813,0.44510800356869784,0,Normal
168,50,0.06993938087844846,0.09389392238158974,0.05108888937129907,0.08483212157313996,82.9075041682487,99.27622497018993,-37.38218601960699,16.224231912784948,0.0975068238827162,0.25097795254847594,0,Normal
169,43,0.08287301199280549,0.12175387789460752,0.15920364017515032,0.18750296651013285,147.1160960346808,168.5929559226819,-0.44197034316670875,7.651506583730511,0.20306878591044872,0.5569071027855863,0,Normal
170,32,0.08938514215751436,0.123814,0.11785938319489156,0.164923,135.93878871522378,164.42026741185612,-0.4452042167593609,5.911282571550621,0.18207967974507536,0.3426480407968525,0,Normal
171,19,0.09011728989736434,0.11284352900809155,0.08899724126335894,0.11254670053931262,78.30831681870696,91.73979254938939,5.855834662590156,124.77611940298529,0.09779741141429821,0.21871737509578898,0,Normal
172,7,0.07206489587394305,0.0846962811462227,0.165879620964725,0.203465,187.0724395688937,206.49649386078966,-1.1640482099204277,2.419850770744506,0.20177762686462233,0.39025171190849606,0,Normal
173,50,0.0764589283827113,0.09607169326549835,0.057958247369742776,0.08763842863607266,83.63210810435133,110.4473,-0.23255202284978843,4.1706261666383835,0.10742793075760378,0.2660684962622297,0,Normal
174,42,0.0828752412726794,0.12951114111727993,0.19168124792264307,0.21981868298964036,168.9011073864402,211.13386059422825,0.544031642887518,29.492654853854315,0.23386415440995362,0.620889971767498,0,Normal
175,27,0.08236777400363753,0.0983034887325979,0.11699836153261708,0.15375875059651076,123.39441597398289,145.8651511311973,-2.5646778710525306,8.214135257473222,0.17384291167274651,0.3670889809637816,0,Normal
176,26,0.06200158238495009,0.09580194321793964,0.19192288389624765,0.251361,161.19469968961573,196.39864,-0.6719593299579234,2.065009453898343,0.21505455904757412,0.5483364726180587,0,Normal
177,14,0.10499429209554666,0.12708919119264234,0.149327180563018,0.16385705953894691,152.02380432774876,212.48045,-1.7578834716640261,0.5932018746963024,0.1753526845854058,0.5608808801888842,0,Normal
178,3,0.1130366290561265,0.12425499003259387,0.09289738254599687,0.11008315795115982,102.71422577683724,105.56828802299596,0.21802231255449203,0.4812201591511937,0.040328801257081624,0.07232653183286172,0,Normal
179,50,0.07154253248200701,0.113231,0.1435803875284864,0.17342175158035975,136.7496284088951,168.2040763813833,1.0800242049178528,62.64896008993808,0.18318789076375824,0.5061672772799963,0,Normal
180,50,0.08442653477417919,0.169878,0.14357091929313834,0.183793,159.1545135565201,199.78725314356433,3.151724967502915,227.26434619002964,0.21443586795623482,0.43751849634058937,0,Normal
181,46,0.06469467831968416,0.08344527782924567,0.0672906730898247,0.08424009452155191,81.20807221919135,99.390519,-0.9123586494703343,6.744424532058939,0.11112580805782048,0.2722529235021672,0,Normal
182,32,0.14220259808148272,0.19237168892355236,0.1844333271815981,0.226165,121.11190637659558,147.57182,-0.6498918800284809,4.037245279339595,0.19674689091004488,0.5729645648507752,0,Normal
183,20,0.07590183046623092,0.11267657967519248,0.14865672633850743,0.16725208529402555,145.89674509752282,176.1887355262797,-1.7724354959587807,1.8541848416329871,0.18334176110017655,0.535519722821829,0,Normal
184,7,0.045681450162104564,0.058887,0.06650844844607527,0.1002208455088062,67.46364171276207,84.804903,-2.2248706599072094,1.247996857816182,0.10131125018658486,0.24736842822386143,0,Normal
185,50,0.0905695853875981,0.12581866144813336,0.20492995617049264,0.318557,173.72996257374817,208.87628,-0.9495643946128786,1.4739363057324844,0.24148732777984258,0.624527089566238,0,Normal
186,47,0.06613252285434494,0.07829666632303063,0.06211987553628181,0.0766122707841244,91.59660478967781,104.90230479818271,0.3307460041568116,9.524545069826491,0.10924936357007863,0.33210450959864635,0,Normal
187,32,0.04474469902464811,0.05918234942024522,0.04718539416308833,0.058709153329499365,83.16449275139868,105.49797,1.7540871149156685,50.37066246056798,0.10330146405164126,0.20625250667610434,0,Normal
188,33,0.03388464684045231,0.04958867175877975,0.0491793837088936,0.06821203030624437,82.94639146445185,107.76354,0.5150324563943962,21.569525839104944,0.1011356954871033,0.2696767630165188,0,Normal
189,22,0.0542230292689809,0.07522717733372694,0.09865494572771126,0.12276540080046984,100.63418303317376,124.15253376930467,0.04721856007371979,3.8284201851147466,0.12033034508923848,0.4199204350530217,0,Normal
190,9,0.06116869150925665,0.08241634708903325,0.1543219098929738,0.18206691706142,185.43869731045453,214.93949560735217,-0.23800553991015494,3.8271753520279224,0.21165452574048224,0.42691863458440915,0,Normal
191,50,0.05703950497701749,0.09074370516460081,0.04362378019067867,0.056458,84.50375372470002,111.8337,-2.309063733787236,11.071367276887864,0.10275774871972938,0.2336109882664681,0,Normal
192,50,0.07710792735663151,0.11155489648016352,0.19808846022082097,0.283352,161.16499222606916,184.69206613867084,-0.7784245257972833,5.981233402183534,0.25128647318610403,0.5695322509798018,0,Normal
193,36,0.07905517236395465,0.10219261315623551,0.13516262733829093,0.15466933706297442,124.84932633594634,148.10074142247336,-0.13042778285646506,41.23156001028022,0.17987410556005037,0.5007362091072834,0,Normal
194,26,0.052301942034440684,0.09083460079543845,0.050527290966157413,0.07005176765435688,76.23878281009132,88.50595455376288,0.41423494743390776,9.163581675150397,0.09038703749974915,0.1927568084376346,0,Normal
195,12,0.05512905276025465,0.07197833866171127,0.17979800482446376,0.226682,166.84554355411032,192.8307212056864,-0.4984027606462183,2.1314615690959773,0.21003317258219592,0.5583510031725902,0,Normal
196,50,0.06690333474936765,0.1658,0.057449833883920276,0.07673627652551301,78.41805013041981,87.46193331662427,-0.34304219745594855,10.138046892118913,0.09867107407277037,0.30563828110594965,0,Normal
197,50,0.08598398005844946,0.15171579084920594,0.20027446893419526,0.287289,172.38014768533728,201.1824684994641,-0.6274128463858049,1.2788074013034687,0.22946656922391317,0.638761017818682,0,Normal
198,42,0.05957288889332612,0.0836318975116552,0.11752808569851568,0.138743,146.575196562863,213.833,-4.831832741463502,8.686870642912467,0.16081687932137845,0.48699752432309773,0,Normal
199,29,0.057124991519972766,0.07395218551469591,0.06456979844916477,0.09582962315745587,82.5964035178202,108.5477,28.974831359478767,846.9710610932347,0.12822239685092643,0.35433506416201693,0,Normal
200,18,0.09604129185940166,0.117578,0.18250293808332196,0.20946660789681967,161.97693861167633,192.98982700932416,-0.49629773423220286,1.6248296964688538,0.24877229484748442,0.5573713790963344,0,Normal
201,6,0.0775187277672955,0.0921410526122857,0.10378048514836306,0.158369,103.80219352263619,131.99522,0.003787911291723215,2.1527901952019075,0.08101766264141429,0.1996137043561375,0,Normal
202,50,0.07918319767622059,0.11705068102279456,0.20214425488127452,0.254542,153.31893463757754,179.09774815803706,-0.7046434112643644,3.129412748870671,0.2254320281591364,0.6339188055838836,0,Normal
203,49,0.06544961203149938,0.09719723999425087,0.11936162390424404,0.1395513344167658,128.86614867106155,178.70577295653393,-1.1290887198924993,47.51598311218338,0.16630655084310067,0.45132449847729356,0,Normal
204,33,0.03316568080422211,0.039720385685438654,0.04149357892822164,0.048532905254064486,85.66498848729202,107.7273320514302,0.08132491986805696,10.459077740222117,0.09721537127968564,0.22868568447867077,0,Normal
205,22,0.09780013608021391,0.1618397454196589,0.17563927888020286,0.1984242939370076,156.40808450286679,184.58455931977002,-1.0339554332726995,6.368387023162058,0.22483069741884518,0.4518282978922886,0,Normal
206,8,0.08431951466882447,0.09493621466411015,0.18403012547420064,0.228299,194.73078173609647,220.77370500257294,-0.15784042285026065,3.3514148396155092,0.1753830137930006,0.41098391003904877,0,Normal
207,50,0.07096276877718927,0.08884589361641876,0.06294637120406342,0.09410322836332449,93.64891744335047,123.60503,-3.678608261818009,30.52147147147148,0.11862856354378051,0.3115696292982705,0,Normal
208,48,0.08636137257660803,0.12051581585999407,0.19524805290485472,0.288148,167.8260139823252,194.4787386454655,-0.4929007722976193,3.7649197592778334,0.23670725946064933,0.5909140616531439,0,Normal
209,33,0.07513378896283016,0.116497,0.05770827152157831,0.06825693468652105,94.2762182025902,124.14755,-0.003027135015589682,6.44532677442024,0.11370774852372391,0.30157718829173613,0,Normal
210,22,0.06754001651611329,0.08670802079969303,0.05674181001839167,0.0735673691931416,94.86472753704183,111.05663281913489,6.020983721545014,112.45833333333357,0.11445445685080559,0.22676752907556175,0,Normal
211,12,0.06488873999685592,0.1170764428755845,0.17272647865454005,0.19073053334141338,196.7985936447917,226.74110382723734,-0.31216045772466067,0.7481069116447818,0.254487534022851,0.6780386225437496,0,Normal
212,11,0.08328200885850678,0.10879773816628727,0.13267302764264277,0.166079,130.25203216322018,169.67382,0.15793286918130767,7.553633555519424,0.1667606810620902,0.41689524797550037,0,Normal
213,50,0.07072059084209636,0.1156329345779134,0.15645375638317174,0.233279,163.39775908729268,193.64334169528377,3.3038526713234218,207.6639344262268,0.22307243022873974,0.5210604931140239,0,Normal
214,50,0.04363480118800433,0.06497815031223958,0.060547935914541585,0.0772982327669915,78.23311019794265,87.5094780053154,1.1432381994851082,43.274193548387125,0.09966446465945442,0.2925968845710314,0,Normal
215,50,0.06357313365523655,0.0912654766332812,0.13327261759208206,0.17594205634526386,125.33199537132239,143.47588528754383,-0.595487949337093,8.254959991230953,0.1844682597994291,0.4217120481698705,0,Normal
216,38,0.09291939337072919,0.13657544384972725,0.17848805944584367,0.239391,175.50846797017795,206.6300412811328,0.32220557865250204,25.922337713277088,0.23056398018126123,0.6689304149161137,0,Normal
217,23,0.06296558893351967,0.091921,0.05948089548860495,0.07042345143416362,81.07111510833529,96.81087455016343,-1.8306177892951263,7.960841125598141,0.1157063041353728,0.24520380741595152,0,Normal
218,12,0.046303579740971164,0.055315,0.09233054427467406,0.118783,114.8657181289804,133.16302762766972,-0.5123716335859706,1.2813298445436354,0.1419979858574961,0.38333194780542845,0,Normal
219,10,0.06802840174300098,0.08290766258917205,0.0301976933773499,0.051178486443687124,70.4394872448146,82.15631666421194,2.9623109558750103,22.529936165529357,0.07908327852331609,0.16435152423143617,0,Normal
220,50,0.08167001506674136,0.11562375391285304,0.1664371897576536,0.18880512135506283,179.42265683983717,257.01228,-0.39716243347985447,9.05746140651801,0.21117962325706785,0.6522549279412151,0,Normal
221,50,0.08126561118586365,0.10712689569991282,0.08390936705671136,0.10722316975961865,93.04033861193304,107.22244152392828,0.7829089595775776,19.94008697052666,0.1293442452886788,0.3188850654702875,0,Normal
222,38,0.04869696410841537,0.08574146775452353,0.03974623952403383,0.060422978740707574,85.93187928285396,100.44791653259779,-19.992351771907753,1.746335800319257,0.10537181106348696,0.2492254481329509,0,Normal
223,24,0.060394395205992824,0.1054729225502925,0.19404174744178546,0.2227653516415872,149.21992424050575,181.78675887939582,-0.8060128069599779,1.1649436862874056,0.2420294216768184,0.6488414876068499,0,Normal
224,14,0.04775479039444791,0.06193178851284693,0.1132631706155741,0.184274,87.74873719327236,111.30060249902992,1.3387080305366343,24.001797566371675,0.12847919626057944,0.3515313959041072,0,Normal
225,50,0.09484576090933189,0.15268397111517631,0.18298599265475354,0.21212756820083523,181.73119498842593,252.46111,-2.583964353633249,3.7315458098132877,0.23063397854862752,0.6500876339316533,0,Normal
226,50,0.08201122844235688,0.120939,0.1040367272838116,0.1201303405967868,111.47681702355618,132.67108937142774,-1.5463065459220702,48.723168316831675,0.14469495808873833,0.39997124891868063,0,Normal
227,40,0.05067505024427099,0.071044,0.06956720770473056,0.10829440342726243,79.155462770705,88.928949,-2.2642774329082203,20.218215811965823,0.10927602983277503,0.3047147748103925,0,Normal
228,29,0.07171536233697665,0.1106976430363357,0.17939679918367937,0.19669779212461944,155.12343713556928,183.16380004565178,0.024908824560963116,15.73892646737943,0.22373649578774832,0.5519345031095835,0,Normal
229,15,0.07687245825605701,0.12144253364451846,0.13744599210568945,0.15547012437281962,127.24916817077234,165.87879,-0.24165165268645292,3.406076511557485,0.18609975593085887,0.3974236714109183,0,Normal
230,2,0.0468845135545751,0.049937027109150184,0.05493466334660828,0.055256,64.69606556639866,78.01280213279732,-0.05119835632843502,0.012895908978662315,0.13206479044152547,0.21537498230413854,0,Normal
231,50,0.0847466528444429,0.12457205177285954,0.18397185025011883,0.256254,162.7929215893321,186.2961349089897,-0.7881591480986079,2.1599458902344755,0.23128535290461869,0.6572087792205942,0,Normal
232,50,0.08049694337923625,0.11095167042681241,0.1891536125021157,0.21270458678951895,169.25399207521707,199.92579401862173,-1.1018553332861618,1.8879240130318131,0.2322728714553547,0.5881938544925375,0,Normal
233,43,0.061265577693509134,0.09542240052157563,0.13175886997864172,0.14958232552711567,139.7930494448524,192.83964090928362,30.26581739353561,1357.7232142857144,0.17869439094073086,0.4704261962172291,0,Normal
234,32,0.0520902793157205,0.0746291484917254,0.04966669944539226,0.062148168869243445,75.84356948472329,86.58243917837278,-0.3137400214115739,10.161236040997398,0.10249333945864078,0.20729195684871163,0,Normal
235,16,0.09574821274367823,0.122808,0.16626646168822362,0.183212,125.49774905104596,160.0828015831403,5.42343340287052,97.99913043478207,0.2058727440850179,0.38500912793162156,0,Normal
236,4,0.05003290150320009,0.07477521937558369,0.08581676684150066,0.12039521820653842,159.65158108279226,189.26372,2.1951156919850043,8.85288739905531,0.12076241111636529,0.2697746758941024,0,Normal
237,50,0.03850323200302534,0.0512007982847924,0.06639320664105347,0.118268,82.58579678976693,100.69792334639294,-0.524546873324414,3.6250596279217677,0.10331186025869978,0.24883505516129698,0,Normal
238,50,0.0642073266299436,0.08471678237220769,0.09044522836087537,0.10775453718892768,98.439326887517,114.78235593627363,-0.9362987101691896,11.871770983314985,0.1328577441666857,0.3637717609968828,0,Normal
239,41,0.08984274614680336,0.12843939997056977,0.17152250685421533,0.19278014778965183,168.98372703832376,192.57710381706107,-0.9584308758796026,2.432033828382839,0.2307725210497819,0.5047913342295531,0,Normal
240,26,0.07734517938821207,0.124395,0.05753159882914345,0.0764520159524914,84.98191887914794,100.3501189781811,0.13613693011449246,19.679515769353294,0.09855238624693993,0.2823854061561792,0,Normal
241,15,0.09479874487391936,0.12201489236359635,0.06857401928180767,0.081328,96.18590929127802,127.41961,0.5828829879788757,7.428941809103131,0.12990230882731074,0.27120122692055726,0,Normal
242,3,0.047079596663600176,0.050937,0.13074931293544614,0.15411962409872837,196.2429779153085,226.8362512333659,-0.7068150191093053,-0.257925177005332,0.3250910184092699,0.4565449814680904,0,Normal
243,50,0.07593094519376259,0.096163,0.08813345316325949,0.12271379815041175,98.87695548708706,115.1925558510861,0.6405095001473308,21.69138834315651,0.13479465266242643,0.313654684285405,0,Normal
244,50,0.058709480263855716,0.08003474300952056,0.04446040912369773,0.06193142754853952,85.99201505936436,109.33853,1.6072903190058512,69.69699646643109,0.10095147896118721,0.28392375922017815,0,Normal
245,43,0.08854551267147061,0.13011642195549336,0.20286883581462564,0.23679998797930712,174.85898783950236,242.66437,-0.6363488678747755,3.812524819315384,0.2440303925441306,0.6162126788317661,0,Normal
246,29,0.06347930963728671,0.11180272173744252,0.1288265491600337,0.182607,138.20333374531566,189.99233,-0.891603434327395,4.575602352494783,0.1860626495167985,0.42764132129184473,0,Normal
247,16,0.06087476456461954,0.070939,0.044238768178178345,0.06696436915927753,69.50832175641617,85.73333821630875,-0.017659824854683537,4.9850197851893725,0.1111471629518034,0.2227471470826176,0,Normal
248,6,0.06323994193445359,0.0918710166592272,0.16394282405959323,0.18820823988205193,131.5283662683737,176.03166010250726,12.056103112854792,74.0744106787845,0.2785886689280342,0.6242562724047753,0,Normal
249,50,0.04012746744753004,0.05493615741294616,0.04806463669446555,0.06863609164207997,78.057203603959,86.86097266044816,-0.15601599928929222,11.93018277622262,0.10201739103567865,0.2489873438674362,0,Normal
250,50,0.09400485707402584,0.13653700977024508,0.10368757091447342,0.11965866905744857,111.9910925200441,140.4524210167994,-7.406519221909251,8.91883145668942,0.15433834407269134,0.3361837777502109,0,Normal
251,50,0.08051857347674915,0.09996332294546836,0.05960562061808816,0.08422111242022395,94.30426260715643,127.48088,2.158622571578782,86.3225524475526,0.11155806275408217,0.3052203759885461,0,Normal
252,35,0.06962440324539533,0.10551551630731852,0.17545990245768125,0.21066380592569764,171.3819017430205,217.32138421992946,-0.990621841805759,1.8141144751703284,0.21676558011669567,0.6404697209345513,0,Normal
253,23,0.07539330322894008,0.08990177248864452,0.11120539978723856,0.12735125845471648,110.7607169457257,129.76090188543947,-2.634411833128603,10.555073649754505,0.14192161792376148,0.4310323256432611,0,Normal
254,9,0.024826581585900027,0.048617699946738646,0.05813650279502558,0.07013191669038189,63.16135362230479,85.12646377087182,-1.628739753959602,0.9578542888198281,0.14578485868894617,0.2413306070596733,0,Normal
255,50,0.07427567955356738,0.10947453208714802,0.15493648036263108,0.18505692070792706,142.28729200739667,164.88613839262115,1.0022800481041219,96.819277108434,0.19683280565575045,0.5703611217023101,0,Normal
256,50,0.04200529693357561,0.061496434551118494,0.04847296783645507,0.0603824277526169,76.94934108202933,85.54097344411427,0.2567096705636857,12.684165477888735,0.1001156645754995,0.26231159884867833,0,Normal
257,38,0.05989019278960503,0.09405463977337854,0.15077081115650418,0.18027389479816538,133.94446551303108,156.9485480715341,-0.4757517604050926,2.2157216571718314,0.1988062583605288,0.510575101801838,0,Normal
258,27,0.08019518154680902,0.12027569266938354,0.13308188221770065,0.15680165817586242,139.60567800351686,198.27547,-0.5057631980624372,5.116642510555169,0.1832481589124489,0.41621809955810385,0,Normal
259,13,0.030972400762350267,0.04548611398218142,0.050048682734310276,0.063252,88.75093687440176,106.89833683478827,-1.9185268980096832,14.462980466288595,0.09686584119001354,0.2378978579601747,0,Normal
260,6,0.09466573787403536,0.10433158702186025,0.2517775381474046,0.331438,119.20818954506679,147.98345,-0.5624379109955118,-0.1261441107441392,0.2986067280233859,0.47971659230932806,0,Normal
261,50,0.044711453317651625,0.06048711159329729,0.05488862915159385,0.073288,79.59793523639591,89.614879,2.4997187652301376,78.32858546168976,0.10076610503558053,0.28283400275584064,0,Normal
262,45,0.07044231638110808,0.11423392340806648,0.1326833037090312,0.1698244432708378,128.86597184451935,150.48192999019298,0.7397149255440212,30.090824837812814,0.18534072849555183,0.4640788734999333,0,Normal
263,32,0.08438293618231688,0.11446399372379071,0.18476780040558793,0.20665314667311505,182.5536185608472,224.24556391062504,0.12027364273469823,13.645121488230822,0.232758823477436,0.6870126761029358,0,Normal
264,19,0.06211863412350936,0.075327,0.045902814298201845,0.0573584896549761,97.047680374034,121.68468,9.466884441545055,182.71783625731098,0.1034356964942091,0.21508359433559515,0,Normal
265,21,0.09371646755447417,0.192139,0.13940986095620753,0.16912865600680052,135.01324016071118,158.15075231385575,-1.0591084422567572,1.4903923784918456,0.19688302213545011,0.43109883973215396,0,Normal
266,8,0.031714569141291726,0.043014,0.06916518000434702,0.08504106348700022,83.62122364886744,107.34226,-2.5102383473034386,2.998337028824834,0.11712989267208898,0.165249228865384,0,Normal
267,9,0.04755951565591541,0.05944311123250532,0.0989632593044904,0.1134277872551519,112.00420914346316,143.03070815793626,-1.4274990871660864,0.21636060100166943,0.1524085248450718,0.44944043201724826,0,Normal
268,50,0.078956349756231,0.10605739306196432,0.18389563578553017,0.21165749631113942,154.53376738813472,174.1014515273267,0.4399541040779777,26.357873620862566,0.23302977040758613,0.5581842266901218,0,Normal
269,50,0.06053104683577823,0.10069148023244072,0.13185359761975043,0.17784015235176787,134.4552990769516,156.04772747607834,-1.9729003134416145,2.828200807646495,0.16926842331583677,0.5088852706703222,0,Normal
270,39,0.05522581488953444,0.08995840045543274,0.0663893982406044,0.08304117544628087,82.6838169366901,106.57930735612447,0.1085511498527638,49.40357478833495,0.11380913609589399,0.26103318416193677,0,Normal
271,26,0.0674907437273485,0.09421847808046996,0.1551643616732306,0.18566560738381246,155.64718054611717,190.65894882771428,0.8526541397089236,30.726090490382017,0.21120795627685743,0.4540296223285967,0,Normal
272,15,0.07848691593221613,0.08945918143879923,0.1316344475743641,0.15895503043313852,144.17000913003343,169.7616497475059,1.5897956667943804,15.175184638109306,0.20444842648403622,0.43021585986475247,0,Normal
273,4,0.06197520551418579,0.07538682588158226,0.046917878913651,0.053579,97.02782083786951,109.51008,-0.9745582690470774,0.48589602789100095,0.12022270127718276,0.2297309348180307,0,Normal
274,50,0.08865766450419643,0.12495703242515004,0.20087469646463185,0.22954431957249563,163.52744830991867,225.52255,-0.060315109484101355,26.172922252010753,0.22793458325914695,0.6376539611786942,0,Normal
275,50,0.07053726574770831,0.10378326731848445,0.1580658597607055,0.18214364009841244,150.93417732175698,194.3742386975239,-1.849058999605675,0.802717285425084,0.20811133053662428,0.49750076491737766,0,Normal
276,43,0.03556372007241403,0.04509307117174433,0.06405310710261215,0.08197231319083989,82.42711117668803,107.80014,-0.5444391548129612,27.275975552421233,0.10679898469761286,0.2936969985149972,0,Normal
277,45,0.06868303718423743,0.09533548178668842,0.1184363890859764,0.163475,126.76393900758625,150.74460147691448,-0.8317005653390874,11.901855433770328,0.15814051710891985,0.4792670258134386,0,Normal
278,50,0.04517037390934576,0.05723819539433437,0.06300687388822014,0.0793465201839375,79.63305486552139,87.82158557671853,0.5383415536143132,14.763849498960104,0.10483387595966132,0.2982576044749233,0,Normal
279,47,0.058232463511055176,0.09367968658145692,0.08647257340243066,0.10867661826875796,110.54045247032522,133.42406,4.2225912506319485,210.85672937771403,0.1419259123490189,0.3055609542224512,0,Normal
280,32,0.10654679599518348,0.16113779281410057,0.19697709023768306,0.2249760118579312,177.45830475382718,209.15499117739566,-0.22789648223458112,6.183554972841358,0.2316334159690674,0.6578072316140899,0,Normal
281,21,0.05665175848354604,0.07281473267592668,0.055366589074819554,0.086577,81.9707710072815,107.07582,-0.36283641322793725,3.324388811394171,0.1100132951154923,0.26800007012573474,0,Normal
282,8,0.07810397442834191,0.11021271321403897,0.08580171377646423,0.09858,117.56038125752835,151.5726,0.006518289586900636,8.311584977721196,0.13837055832324602,0.27332559071186935,0,Normal
283,8,0.029950001992774596,0.04048552840419237,0.03999639989300757,0.06093560816374703,63.35707725272476,81.48349765170681,-0.49270343506745307,1.1112953888679482,0.09233904740075843,0.19347147805235385,0,Normal
284,50,0.07958537699669596,0.12579506540719315,0.1877486485766468,0.20566555257553462,176.83962042325751,202.06962303237077,-0.7240674754664856,2.5126354302569633,0.23931721435776748,0.5959288359000571,0,Normal
285,48,0.03267518179825522,0.051428973098828254,0.05913349425532416,0.09255938186105178,77.88245201924417,88.5628652886342,-0.014000519677296467,32.36152099886491,0.10355120588171933,0.29330846328554727,0,Normal
286,33,0.06793941118586529,0.10167256915117273,0.039910816150758414,0.06888293960408484,81.55980590724572,94.778907,0.5852426969671084,10.032198581560284,0.10328718092083924,0.27424706716863256,0,Normal
287,22,0.09011437490397298,0.14683658489218548,0.2153976685509592,0.26700814180189336,197.08024939091683,255.1895787053751,1.693763510364687,37.32456339305957,0.25019017971395163,0.690356145542826,0,Normal
288,10,0.04658834672755331,0.05444732503989522,0.03405666863177931,0.041554,100.0556936782463,119.43985,-1.98029447022738,3.6814430084148655,0.12600502867260305,0.20394900523542014,0,Normal
289,50,0.08456800711200768,0.11165982335289627,0.05740474815571392,0.08520814449452588,85.61736872724278,97.4929592712259,-0.19022794115609476,11.349669389342663,0.11656365863284782,0.31723711739975263,0,Normal
290,50,0.08402738767319615,0.11986787464037225,0.1929190584826161,0.21642619177169845,171.76870035014247,194.6288975666553,-0.63778127891833,11.94661469367002,0.2538175392813855,0.6310996701806957,0,Normal
291,50,0.059599825893404075,0.07666691422315104,0.052340274517415145,0.07201658513009347,91.82852544308273,123.07037,0.07696564542689847,5.625428107913235,0.11561171904574472,0.24764774855876154,0,Normal
292,36,0.06300808542264781,0.08442699188411251,0.03763668335984846,0.05766517689559272,78.9225667269737,89.95511460832056,0.25077459473739755,9.418036350987043,0.1019404214337299,0.26924675470664017,0,Normal
293,24,0.07915489226936757,0.10996352766167516,0.2043117633666596,0.318154,158.14888498699005,185.94886573105887,-0.3675044923407608,10.442770669968365,0.24896292055401745,0.6248824370951591,0,Normal
294,13,0.10185923666213612,0.153903,0.09441355102165182,0.11619895931404318,110.14827772309367,144.33588,-1.841177881859745,6.75438306864331,0.14194070573581577,0.3445221121240908,0,Normal
295,1,0.050063,0.050063,0.124048,0.124048,6.96838,6.96838,-2.35329656962128,-2.35329656962128,0.1729437901618091,0.1729437901618091,0,Normal
296,50,0.08276220681340284,0.133514,0.1965188302019174,0.22327828081253226,162.1788996595051,187.4899444275785,2.1135440569392947,80.6950939935808,0.23208052005432178,0.6687537272968342,0,Normal
297,50,0.08766031311829016,0.10624894737831524,0.1007127520170304,0.161686,105.10209993959455,141.74558,1.1668557429854949,26.015731292516985,0.1339373595430002,0.39260395327200914,0,Normal
298,42,0.051476561933975686,0.06934370567686732,0.05001256804485899,0.06389147515827132,83.98617840381026,105.77272130090915,1.1300682905332984,57.3617021276597,0.1206904575468683,0.23201478060566916,0,Normal
299,29,0.08131150020528463,0.13244606074172233,0.17416252998735507,0.2025737108269481,154.17921603195188,177.09715150919308,-0.7236212355216933,1.4101348474095103,0.22997260525293162,0.5551172164317302,0,Normal
300,20,0.07777149854450836,0.08856095739470451,0.08697993585044739,0.10114956228526152,99.70742363636322,126.5253,-0.8072571259504132,4.344628212606801,0.11666867594013816,0.3416053381958426,0,Normal
301,8,0.03536264144180329,0.04754498451466779,0.07043408699913345,0.094087,72.91154076416578,90.797316,0.26771964971133055,9.605738113019667,0.09538501447310974,0.24701604888477882,0,Normal
302,50,0.07875111571719255,0.1159682019917529,0.13551674838983355,0.15433254498419963,142.0238769940695,161.6651,-0.06145937056776032,52.03257219610488,0.20061473158317975,0.4832871097265897,0,Normal
303,48,0.03612924275146533,0.05002527598124772,0.04637303523590724,0.0618908813340059,80.12225117320689,93.958747,-1.4546481939442468,8.94107482287887,0.09282856634755719,0.2668339790286741,0,Normal
304,36,0.08247501113467096,0.10605181665110693,0.17156252010488882,0.260884,133.55159857506374,157.61528352982893,-0.39488222800991424,20.496129032258082,0.17602046042355882,0.5580977018821274,0,Normal
305,20,0.11134196323368402,0.13682384071133216,0.17754883726637954,0.20070916764612423,190.24718022485533,237.1745358163934,-0.42557797666950287,6.588601411253844,0.25433860162045646,0.6070050413973083,0,Normal
306,9,0.025033185008163268,0.040221687396229416,0.07169340108685876,0.08955,94.163666494329,107.99982114438198,-1.3338162381612593,0.9862793518126161,0.10916777189108481,0.26136178293934165,0,Normal
307,50,0.10528094294655062,0.1702858342540565,0.1987936745797758,0.233886,183.86691932260663,241.49280818321114,-0.7537922015171402,1.3691054848038966,0.23544835101097253,0.659071353194848,0,Normal
308,50,0.05086462500080584,0.06792553972034378,0.06095612970408872,0.08711845550341214,83.62102200232084,93.76560938614598,0.38411571160191627,37.11191335740076,0.11540680281426448,0.26763786017739327,0,Normal
309,38,0.07091614453611365,0.0920950101433297,0.0665225611084055,0.08323839686466818,95.39254520588625,127.53798,-0.01871847579741265,19.037745786516858,0.11183222150292361,0.28334190362345535,0,Normal
310,35,0.03684265769224563,0.050992102466950705,0.06136893011168245,0.07792872703096507,83.45948678405328,104.99224477146903,-0.4557896320110611,6.880808080808079,0.10396636923731643,0.2923669793257548,0,Normal
311,23,0.07721934246415413,0.13405,0.10392905586124279,0.12416584845949658,112.393718139571,132.0408287809092,0.2555952422956972,16.61370558375632,0.1372875266757094,0.36744354605037843,0,Normal
312,9,0.0761320699078598,0.09128503231362742,0.2272140836706217,0.305763,209.4570118986283,273.12842,-0.4294677306006349,3.309083208444648,0.2740980663453125,0.6044725147877361,0,Normal
313,50,0.07144898727372431,0.12341515427612608,0.07383906793269758,0.0989591795565222,96.83944452378928,128.05848513063964,-1.6752756401862174,7.730329167400105,0.13020027335361928,0.27855632870078734,0,Normal
314,50,0.09569903351304664,0.12337492243685505,0.199136825427488,0.2248385194500711,174.25853166972104,199.76985768200683,-0.4520145790295693,10.850606860158313,0.2379551587563088,0.6453795407872287,0,Normal
315,38,0.08053859755293014,0.09976477271729402,0.08978250599980331,0.115457,98.17318018964964,116.35555,-1.0159763199194094,19.89532926572691,0.12059743077936347,0.34167874815988486,0,Normal
316,24,0.040645202442166656,0.04878171256936353,0.04357063856898752,0.05463995853951575,82.21204430207939,108.544,-3.3106539621308317,8.019180754226266,0.09140018609351265,0.22575977174577289,0,Normal
317,17,0.06661360098137112,0.08050531235452726,0.21690468943601524,0.310668,161.25061076861758,199.75149132193965,-1.5793693173904384,0.8227556794189681,0.26840221134347164,0.5700535378972191,0,Normal
318,1,0.093078,0.093078,0.238408,0.238408,114.75851,114.75851,-0.4384183995149132,-0.4384183995149132,0.42107333343828035,0.42107333343828035,0,Normal
319,50,0.05441968991637466,0.07478399735571775,0.05370961901010243,0.07174579053699093,77.79162648365386,85.955271895933,0.2527336541667159,35.11236338797813,0.10153016523642178,0.23168654846240314,0,Normal
320,50,0.06809135984679027,0.09407909789746073,0.16554752095262426,0.18336806814737402,144.2474716267221,163.39983518753186,-0.44215778711014203,9.710674157303373,0.20081805081429518,0.5432704015166023,0,Normal
321,42,0.09177052332701392,0.15039537424402388,0.16676341421169702,0.18418622751823766,153.41299811939558,178.03184072119672,-0.6295452593631082,10.517478863873846,0.21386822289716953,0.5621732606658174,0,Normal
322,31,0.03617174565118868,0.04877859711799838,0.06082829134325184,0.092852,85.71377921714023,103.5756404062519,-0.9565281931778084,4.177676748933012,0.1008050092938552,0.2665511211063145,0,Normal
323,16,0.06107112605918102,0.08750666709742749,0.11684948955210434,0.15453814939036897,120.21821200734828,146.29369064670175,2.5321132781153453,77.93596798399193,0.1364135993468457,0.3072652738598625,0,Normal
324,3,0.1774717925981525,0.193004,0.23319451363789048,0.27965,245.83352788988793,250.72733,0.14864369890526405,1.860519548758449,0.32515729922460357,0.6310551517429872,0,Normal
325,3,0.16579049253937814,0.202584,0.04777009924962994,0.0741554719491421,59.69455177131161,94.22389030430351,33.85733701342922,100.66158971918104,0.05255881408993344,0.09993507515532865,0,Normal
326,50,0.09041316115495973,0.15232923225916511,0.20045038074816227,0.2324423643454437,178.7547410860398,226.75114767329595,-0.33958718160247015,5.038398351571854,0.25330006592200766,0.5951875580179199,0,Normal
327,50,0.05748627095421733,0.07235589587034356,0.0646522252150057,0.10680429288188747,79.64575603656296,90.11631543124174,11.783303960368306,559.336206896566,0.11312057118651596,0.2694923139916082,0,Normal
328,44,0.07228901940501209,0.09783642540741153,0.07651971586843682,0.09756724078193459,91.25887466128201,103.4330300126186,-0.39257973554866654,27.169524830296506,0.1263706744498351,0.2573045764211487,0,Normal
329,30,0.0965170553048043,0.146764,0.1878126751450333,0.228551634891695,171.5099806921395,197.2116346884349,-0.14479462514154637,6.623497402918627,0.2586434583949868,0.6408660967456874,0,Normal
330,19,0.05062488418255256,0.069678,0.05161267077484253,0.059444264068677526,76.00227356970885,92.74026804470486,-0.2654033131133461,5.439433942338156,0.09831216889534498,0.24556531508164525,0,Normal
331,3,0.0380715815437184,0.04952111784885314,0.03514660306964884,0.037568,31.07397097454331,37.87247011840477,0.9606291128957571,3.033076506350448,0.06204294588373228,0.1341982342051935,0,Normal
332,50,0.07135983571991496,0.12435919850055321,0.17331850822569464,0.224367,155.95086730854038,194.90328131144338,4.478937862562108,337.03906249999443,0.20404480091616287,0.5638218294901203,0,Normal
333,50,0.06758643341939904,0.11892807205197602,0.14206234648227992,0.16253799859079107,141.51510692458947,160.29288,-0.8121322929406594,2.7082311116334417,0.20609353177275433,0.4588916802391993,0,Normal
334,42,0.04087937183304159,0.05407074544427883,0.06496831547799228,0.07443835265775298,76.95000206925579,86.83375376633467,-2.0337807687074223,3.729130300852244,0.10135281498230582,0.2839922075511593,0,Normal
335,30,0.11533994379502908,0.14731951958130554,0.18080620632106845,0.2222020898191554,143.4529420001185,181.0951786490652,-0.6102324632084101,4.3724477168667235,0.21225259794922194,0.509909903255707,0,Normal
336,14,0.12029818001006927,0.143745158524383,0.1733436253613989,0.22773,167.89582672573326,220.99378,-2.7693359643980315,0.8745280468770438,0.18853055747698244,0.5592463063481601,0,Normal
337,2,0.09114794834669815,0.10243289669339631,0.025415703126006245,0.029723,56.20589912112416,64.266928,1.5703687556925434,2.18555673002134,0.04217196801008243,0.069231543484683,0,Normal
338,50,0.08840686974301384,0.134075,0.1962126546555643,0.302756,176.68808901912928,201.04439803312155,-0.910896518611044,1.900466193073703,0.24788925369747164,0.6893559465050252,0,Normal
339,45,0.06689961294585928,0.108764,0.05764195366251586,0.105679,91.58872370463973,125.69214,0.30836237636879066,52.0954423592494,0.11134447546549643,0.23631234490454367,0,Normal
340,34,0.058820828325969514,0.085199,0.08831369729389571,0.13830321182713,98.9780056389591,116.90887726899592,-0.27701660298360664,16.014854945823146,0.13944085461364708,0.4547275508870668,0,Normal
341,32,0.03955451859481986,0.061269342815963024,0.048408381109505905,0.06576784592869073,84.22340494160903,108.41408601481751,-0.9071108212894013,4.301308539944904,0.09659307737261172,0.25855589786333694,0,Normal
342,20,0.06126444495343945,0.08828,0.1435550927751962,0.265873,95.95771878762243,116.88916708380839,6.593734520557075,159.6239495798325,0.1704906503880872,0.3325410533458911,0,Normal
343,6,0.11081559511794169,0.1248300780140748,0.1672900724574493,0.185232,101.52381219273674,169.00202396149248,-0.24920435266438457,0.9576509975610127,0.18246424726814814,0.5067482394642792,0,Normal
344,50,0.08613010572444817,0.129608,0.09788367524796021,0.11323186900736029,101.8623489635394,117.70158659801508,0.45695134070963284,16.54475159481926,0.1359023809532125,0.39934291067780825,0,Normal
345,50,0.06289053692102216,0.081713,0.043905734300623826,0.06401369267586428,86.53170187890912,105.00610540668116,-0.08467502464610595,5.810037258665463,0.09839303156077209,0.21485849472768986,0,Normal
346,45,0.07175430163040206,0.13273066050238733,0.20045206746127933,0.22353885614720317,181.56253337608428,253.73927,-0.009525032026093736,23.335515548281528,0.24747363662698443,0.5720139707882097,0,Normal
347,34,0.07533046067760209,0.10402460155895817,0.10068636264066744,0.11858128023849294,102.30315012792408,118.06761657525306,-10.55487703006211,18.646489301114645,0.14728926183676325,0.35519298114825404,0,Normal
348,21,0.04644863000998062,0.06986336734655724,0.046358706591472336,0.05854103026937603,77.20196350400666,88.26492665821159,39.62102156813329,850.8055555555713,0.08392075528154551,0.2062029692203636,0,Normal
349,14,0.08411305119216572,0.11256962324801482,0.17542808081336755,0.19152229813418595,140.79239771314397,181.4936282857741,-0.26341413476539915,5.518421352800273,0.23735598802302155,0.5919838194387026,0,Normal
350,3,0.05093010386874688,0.055324,0.031685140812012576,0.040555,58.00163839811959,73.55153422144141,2.573702568405763,6.492348320693392,0.06451157446734712,0.07775232827657526,0,Normal
351,50,0.0661693354333452,0.10390125992739453,0.07981597891134029,0.09299297798973856,104.53784943924815,135.83936,-1.4141437002234993,4.402191605627253,0.12231512996666684,0.38786760076680477,0,Normal
352,50,0.0899933713745444,0.12544111631080138,0.20551786848497478,0.22870946526280891,184.20635368388568,234.134689973508,-0.5568675932166154,1.676232551232551,0.2465685634593366,0.6827085337138921,0,Normal
353,41,0.05798622998062592,0.0714180045394717,0.054507206535946456,0.071489,89.19491479785243,101.54838881798683,0.29964293062926556,7.355895196506548,0.1120127447688936,0.30880418332457404,0,Normal
354,28,0.06125623080031596,0.08678961875324337,0.040066262548856806,0.052868484423141925,85.05948099896125,108.13965,1.8634721439561246,22.242451554754396,0.09728122386904307,0.18545020586267671,0,Normal
355,18,0.07618602356086465,0.10110746815839075,0.20948811845683774,0.245118,159.53548411561022,201.12821764592312,-0.4335070389201311,6.416034790365745,0.23419616577147132,0.6832853965954109,0,Normal
356,5,0.061662369524795,0.07434250195816657,0.04913025698430814,0.0585750882287001,111.60734514362045,119.92384,-24.090636539494824,1.2601272756366857,0.16943397734569796,0.25220109219140546,0,Normal
357,50,0.07501422939247047,0.10544186522676845,0.04384002421398694,0.05920834971522176,85.85508747763406,103.40011734255624,-0.17512874404404907,8.765730773499056,0.10350025138919121,0.22282340100052309,0,Normal
358,50,0.07584207202589797,0.11190796152106426,0.21393945855885058,0.23567967715922178,181.15905532777253,256.7412,1.815275642612749,76.46205733558162,0.2491856128993407,0.7033368844261847,0,Normal
359,46,0.07971424068447319,0.10667480028713436,0.0974619840569269,0.11661143000409523,103.31548274341618,119.65553099189769,-1.114982010211845,213.17281105990548,0.1406870919276327,0.36076517337758574,0,Normal
360,32,0.03598319499462729,0.04507315137085491,0.04607914066967578,0.05859572203952549,79.05192893171494,91.888796,-1.1068936622630234,16.253235028588627,0.09522808625324738,0.21903300826579117,0,Normal
361,20,0.0947788444541705,0.13436828596956948,0.19485550544136418,0.237422,148.33252236360647,178.3124425259572,-1.0040470682730678,0.9511696679729763,0.24093119007022282,0.5003421299481768,0,Normal
362,7,0.11866973040327403,0.13861,0.14706122484663361,0.17836221743874647,160.4398015692937,177.72860468075558,4.318765589901161,29.30753262158955,0.15625200206272802,0.29147294663468526,0,Normal
363,50,0.1077571214101836,0.230031,0.1749157625276217,0.238333,146.9695878713044,207.49309,5.8091374194964605,316.1643678160881,0.1987524112952799,0.5495401026506274,0,Normal
364,50,0.05965466778615978,0.07313692932164981,0.04637910508090707,0.089107,83.35930289285496,110.07692,-0.4896383452450291,14.797112462006071,0.1022903175130374,0.22792711783795233,0,Normal
365,50,0.09028312036852909,0.13410394482005367,0.19330178751873692,0.2205199293109355,180.8319314202725,224.85058356348594,-0.5549790972785827,4.489831277587559,0.24354058192814348,0.6472019096726263,0,Normal
366,34,0.06992207383893272,0.10259063609901246,0.15697976333800354,0.213705,135.51129044528173,159.20632029971188,-2.1305983851818375,2.664850504322766,0.1935354654551749,0.5325012531047841,0,Normal
367,21,0.032134306881404756,0.03873579310606091,0.061523165685931934,0.099143,87.81488126887072,106.22879004033919,-1.145583091658587,0.854867601246106,0.09781502463189559,0.27684080375843195,0,Normal
368,9,0.10815458091788077,0.12767377393576176,0.1735749337400607,0.1917088213776299,187.82371189338227,214.32678982081964,-1.0568681249718892,6.725786901270772,0.23825482123902753,0.4664625107534616,0,Normal
369,50,0.056570634851359915,0.122737,0.06475596562024495,0.09446188171161954,79.58566046417381,90.4232626843734,-0.6842570730411052,8.137266023823024,0.10035101287620271,0.3018430913256677,0,Normal
370,50,0.09366618343271156,0.14949069240357407,0.17201795325701688,0.20528782235558932,149.5411361070867,208.30371,-0.581195746609033,17.81627155172413,0.19408112804512212,0.5891398652899986,0,Normal
371,37,0.08269433415894425,0.11684234935672941,0.15595739620947016,0.17158808967626513,165.94879007839694,218.8007028573831,-0.8663190833653299,37.10920148069796,0.21985183234783803,0.4955517489016442,0,Normal
372,27,0.06216341621141499,0.08562393310167432,0.07703744485104437,0.09566850126173539,74.87218606265387,87.26009607059869,-1.474363419374068,3.4304783661222675,0.10643272240034529,0.2816717550765022,0,Normal
373,15,0.07659806958874421,0.10250954641398038,0.1894518105696988,0.2234156673568351,168.6272110981326,210.4720089971012,-0.8318645819367275,4.374860573120526,0.22370204283677383,0.5599705289203978,0,Normal
374,1,0.103244,0.103244,0.138295,0.138295,139.35556,139.35556,-6.89126961483595,-6.89126961483595,0.07489572703831152,0.07489572703831152,0,Normal
375,50,0.05061627275926006,0.06159070874409548,0.04847351564308434,0.0644447799969644,81.97933121142673,95.6102558751293,-1.9683681492955152,44.7486631016043,0.10706876463268353,0.2543902028859928,0,Normal
376,50,0.0719515156938631,0.1105711514681836,0.16944877783118403,0.20094689988501935,157.58537506616878,183.97959249561725,-1.5183853536205596,1.051146921967681,0.227837508373354,0.5385418191822153,0,Normal
377,43,0.07800964337962069,0.12128342011379792,0.15667803863441063,0.18048664944186316,148.51047540910113,220.29939,0.4079663865508433,45.022689540675046,0.19237979348929998,0.576368077209851,0,Normal
378,30,0.05122378901189713,0.07149337332088898,0.06874367309255608,0.08875082996456991,75.9347181290119,85.96047914918132,0.9513504903601739,19.420789327404115,0.11651217096140708,0.28000679254513827,0,Normal
379,21,0.05283487565426349,0.08218347346942693,0.2059680846197225,0.298571,160.3647274303254,190.48192407673957,-0.41076927142100256,2.095843885584153,0.22482273016145649,0.559982705244569,0,Normal
380,6,0.056587511336754326,0.07110990313357674,0.1320524138165313,0.15014123096105214,180.85796253315303,201.50692407645823,-0.5773327111136025,-0.23093548307327086,0.2093378140526906,0.3873512453755638,0,Normal
381,50,0.047933514500238555,0.07375273302280623,0.052268656560956125,0.06300303928303777,80.41807216590742,98.076951,-0.5953976419184296,2.638872599325612,0.09956418757898343,0.2512304084687058,0,Normal
382,50,0.0699842267779803,0.10103503783279838,0.08809636441020027,0.12519362784383237,103.97757466329539,118.2643890392373,-1.0842234629344063,8.933026514631127,0.129894933243774,0.33492129504098767,0,Normal
383,43,0.10348675572407803,0.14269580182131697,0.20179683113650482,0.290724,181.14005141587648,229.13864,-0.21101267780061508,7.027801564194783,0.247973538283411,0.6607320480034394,0,Normal
384,29,0.09723775726385055,0.1278218815336404,0.11346220218130836,0.13040739117473366,112.01183869865055,140.41329046301303,1.120006021678726,13.097870303900459,0.15469644280266495,0.42413002616171624,0,Normal
385,13,0.06400179216860351,0.08871167579185955,0.052092046904403735,0.06951140446358424,83.32683243291989,108.55926,-0.42627733817374897,1.1812406066402514,0.10892651422154283,0.2629181893197476,0,Normal
386,1,0.060781,0.060781,0.189527,0.189527,196.98932,196.98932,-0.5143523752831523,-0.5143523752831523,0.3937464846478561,0.3937464846478561,0,Normal
387,50,0.08437304867115321,0.1546177184704263,0.1969300964477564,0.27468,168.37972407123095,192.17660479692276,-0.8087053187059553,3.284341948807811,0.23943685213923988,0.6243212526682843,0,Normal
388,50,0.0742963138547598,0.104067,0.07363435716839023,0.08707399976858764,93.26037006613791,106.86511905049989,0.11793067261027307,32.37604748603347,0.1197216111406305,0.3343422177006614,0,Normal
389,40,0.05473086439311549,0.07477677720589461,0.047341260323954006,0.075528,85.21772186494408,103.22078304410346,0.5595973113599312,11.089941262848745,0.11335209388193561,0.228424501934126,0,Normal
390,12,0.15056831022366732,0.24642,0.25236810901918433,0.355093,192.4727940601241,251.38393,-0.19398020019546383,4.056188013738279,0.26289994942163336,0.707313004476863,0,Normal
391,16,0.0831138318219874,0.11358841911436218,0.20192257610353448,0.2264344744790422,147.57115358630995,189.4630207656322,-2.9180697579270247,1.0043880626897879,0.2404839947133109,0.6534976410237978,0,Normal
392,17,0.08896135805089439,0.10427650571053865,0.10408881852524514,0.15157907899179227,97.62802259470372,115.20346496734193,2.6013872790740287,20.460310549992723,0.13174708922603057,0.35561459721543076,0,Normal
393,4,0.05676797342382185,0.07258572976143451,0.04449675676958149,0.05936977336153474,106.17042551681052,108.11013817108736,0.38700561623090757,1.5961408380504822,0.04972287922391595,0.10030530633274455,0,Normal
394,50,0.08835004637345131,0.149114,0.19915395398503663,0.22288576897662174,162.8230036845361,182.95805710814813,-0.6367887714150131,1.83890794539727,0.24410326400979496,0.6066672518950529,0,Normal
395,50,0.06963664646120048,0.10297724610126258,0.14906994626164974,0.18409951679051198,135.1010660415829,153.8887165317459,-0.32931909927648056,29.8620178041543,0.18372177046281224,0.5374838439065355,0,Normal
396,39,0.02389128895217628,0.03549932859646785,0.056819085699004505,0.08617877748417337,78.48666975962458,87.20752407793319,-0.4880224172533332,16.67555555555555,0.10513194325821192,0.24883348531252567,0,Normal
397,25,0.05633975694382375,0.08344394447971244,0.13517127066480558,0.15699953304739475,151.2542478624446,200.56376026528946,-1.1270953844601717,0.691956779404063,0.18489951368188184,0.5051032739959145,0,Normal
398,14,0.053104960902720606,0.06309036743909485,0.14285033773543082,0.226726,123.85933470517338,161.54518,-1.818396886937543,0.5034183029713258,0.18757264752663688,0.3732517707756059,0,Normal
399,1,0.097474,0.097474,0.008393,0.008393,88.098537,88.098537,0.841434616692485,0.841434616692485,0.15797281427272172,0.15797281427272172,0,Normal
400,50,0.06824630215688803,0.12113329742849403,0.13388616455657282,0.15396022575717405,136.98080171091803,165.89111777333378,-0.2738144858445445,22.39406250000001,0.18838307235935509,0.4489310049709045,0,Normal
401,44,0.06533484856440307,0.08917435925197333,0.06773297499794427,0.10829850090375213,84.45395940058543,102.68536126753074,0.2134612842444041,4.189998765279664,0.12306937812354893,0.280854540941762,0,Normal
402,32,0.07840789618229574,0.10629966828969882,0.19324089629066998,0.23415579254718427,162.93967507506235,193.2936583508808,-0.542269594202686,1.64327919350322,0.2307124535768733,0.5887953331305709,0,Normal
403,22,0.0856837600215223,0.10689245286033996,0.11591404307208694,0.1294057529667398,113.75146644435618,150.43296,0.01349009558138828,8.043310954642216,0.14327028380452686,0.4526282501805259,0,Normal
404,7,0.03782439980104913,0.044936724825024796,0.029330455019343404,0.034095270361151266,86.66597352816208,108.68634,1.039815755208476,8.769865696698377,0.11702792305602115,0.20289865825543113,0,Normal
405,50,0.09035882782853881,0.17348994116230484,0.20216183586264147,0.23331369747580902,168.86791081060838,189.28307287989577,-0.029446904379556896,19.431270903010038,0.24412502092829144,0.6259352811492943,0,Normal
406,46,0.06999618141499585,0.09742326444232917,0.13497464157713998,0.16290264404085036,134.75940602501552,161.24035267906876,-1.1261956189127096,3.073750493344337,0.1777061243353902,0.4924987213584121,0,Normal
407,34,0.050857184628185684,0.06177058012112238,0.04580772932906654,0.05850326616266822,85.36687075432644,110.79968,0.04501664028015131,5.6708530419181225,0.1030176751836577,0.24537657357370973,0,Normal
408,21,0.10294191455226465,0.21595,0.21510626674061334,0.339068,152.73982668221782,180.93982250091233,-0.9289698956912285,0.7880667844828652,0.2534156675907348,0.5570782280230648,0,Normal
409,12,0.07228913721720666,0.09562226589729682,0.047023064940616636,0.06045752688596075,92.40560978813927,117.59354,1.129997103135778,4.175450039133837,0.09237317447048164,0.19835465805923677,0,Normal
410,50,0.08433081949180413,0.166261,0.21795927804495477,0.319471,178.06434071880983,229.4848164783689,-1.135375719018658,2.9721898146892043,0.2581199835047206,0.6093247252779648,0,Normal
411,50,0.07365000127560405,0.106324,0.13092646111783718,0.1519387108738257,134.3908790031318,179.8696083952555,5.096489205916772,301.2397959183685,0.17558902122117506,0.4704842386989977,0,Normal
412,38,0.043946958236443366,0.062284486261829274,0.06024144025194231,0.090828,82.57379950007784,109.67792,1.8035817080312482,48.29555966697492,0.10743155455096721,0.26718822735969033,0,Normal
413,25,0.06716526003172314,0.08807557082301538,0.16396168772123082,0.18464188849202123,151.1307555804524,205.60327,-0.5731186909806957,2.0765718386893197,0.19855117483327278,0.5768604639120726,0,Normal
414,13,0.06269430072152968,0.088969,0.1909372618120885,0.28219,139.49068500880122,167.10355,-0.8116629688782047,0.37456577072694386,0.2331693497558784,0.5298164954072716,0,Normal
415,50,0.0817634284870522,0.106877,0.19219747275802412,0.2647,148.38195217355306,172.33249568084278,-0.9886861837316947,9.171896551724139,0.21264346575643828,0.5927963641523957,0,Normal
416,50,0.07933664572340686,0.11828767430717368,0.17168781919295248,0.2505159690408977,149.8922309651544,172.45259182702603,-0.3456501484582051,17.931061313414254,0.2059072990960637,0.5937437573626638,0,Normal
417,40,0.04407768688768484,0.0724259650516765,0.055460839305618646,0.122407,80.32328618068978,98.53102,-0.881352726466251,3.0715529088410447,0.1026840090299002,0.2671124430001242,0,Normal
418,28,0.10902049720604368,0.1447484690188466,0.18615172546873657,0.271026,146.29480990477194,183.22402760604834,5.387971742963157,157.99831838564964,0.20636251454845472,0.46362938986589175,0,Normal
419,15,0.06718429814366558,0.1223347282974054,0.15566893554210848,0.18446825890027801,180.7488654819082,253.64593,-0.24160519983361395,1.5661636035779958,0.19758332255128047,0.5463696235894997,0,Normal
420,14,0.06892628031713324,0.09172828790782045,0.11074362245644465,0.13584891122567014,118.67163195930797,155.9198831788288,0.5711585613988441,14.84645061728395,0.16957621801605946,0.4424737394371262,0,Normal
421,1,0.035278,0.035278,0.124262,0.124262,166.06345,166.06345,-0.5577500454428643,-0.5577500454428643,0.37059771208636955,0.37059771208636955,0,Normal
422,50,0.057675700796341066,0.07757927477812615,0.12266137188748351,0.16681372832893582,138.27208829244037,201.11957,1.8075308593126391,71.52414275717315,0.1704423861348019,0.44149477022573147,0,Normal
423,50,0.03787048312786629,0.05141420683235325,0.05816625292830678,0.06882731330147937,83.2421092056922,109.23909302293045,-1.153807411118556,5.170693647437833,0.10603872627264119,0.2598501905516775,0,Normal
424,38,0.08657175152033629,0.122254,0.1950232192937477,0.22793768450697222,150.47626478881728,178.340194518995,-0.6010060760233947,1.4448518667984023,0.23677139978281025,0.5806084144876422,0,Normal
425,23,0.06320398198508992,0.10663105750436877,0.17787622273096168,0.23209315625950713,183.19408651457093,229.38141064260554,0.12163605641467573,19.585687220117123,0.24227495052427783,0.508721703844071,0,Normal
426,10,0.06430162969183024,0.094482,0.04249684066555763,0.06902780746433522,87.19592019717444,98.58396755017259,-7.943795496772708,2.4626258475446887,0.1379675853270294,0.257351762210157,0,Normal
427,50,0.11380580549445676,0.15280562312591772,0.18499325767943223,0.2128429047607648,185.09368679830956,250.43744121525899,5.040672991499718,270.4587155963307,0.23099197154498302,0.6506973433701545,0,Normal
428,49,0.06826425003043098,0.08970532196029397,0.09249866863143542,0.11734436672461102,96.92532175328495,111.28934965670341,-10.961961823280836,28.623607427055678,0.1296145705030379,0.4005108322206341,0,Normal
429,36,0.06025734511729677,0.09148597127046311,0.06280753250058659,0.07886355245168708,90.64991199689597,105.5391,-0.7844255695634077,5.160547834572802,0.11623264832616899,0.2619532963691516,0,Normal
430,24,0.0824928921863337,0.138960752858496,0.18878037911179066,0.223273,169.63944913662,196.51543960330332,-0.5013512875581103,1.3693020934874436,0.23351547808344608,0.6743872273427167,0,Normal
431,11,0.06596777070081497,0.0827696162036529,0.10737524457803747,0.170872,105.01516061870056,121.46976026255452,-0.0425563852309963,4.177388535031847,0.1619174068613981,0.2964659998187913,0,Normal
432,50,0.08278471701080817,0.123981,0.18528296931491006,0.246008,175.59412569903557,213.83818900948225,-0.8085829588493146,2.444808474622546,0.22601348283455638,0.5967101809261307,0,Normal
433,50,0.07709461092907725,0.1137002499425573,0.12160702925515553,0.1569540401805573,123.30788298048648,150.8994793567914,-4.0990656553382605,4.49148004503941,0.16205847773658266,0.45733543320613623,0,Normal
434,39,0.06210204611923255,0.1023065496437056,0.05563172317621985,0.08040847139968109,80.4379556136759,94.187986,-0.10910896341671084,4.488481150974321,0.11031987061444977,0.31914873995443555,0,Normal
435,28,0.06990679711914037,0.110940104376641,0.21699030349879286,0.301859,173.32654981831595,215.67685500116343,-0.5077081829470218,4.143887015177066,0.2639844308849487,0.646216282782861,0,Normal
436,25,0.0432135072326394,0.051900031053940615,0.03655547639184527,0.053224732217269075,84.42319031690877,110.42191,0.9422941779603398,19.033769394584752,0.11122072384214449,0.24196318683909887,0,Normal
437,11,0.042541794510385034,0.06911663661594074,0.23901614472808744,0.333995,171.10647874145263,227.1128,-1.0288239949134654,0.0149239746794643,0.3017210720067665,0.602008667254754,0,Normal
438,50,0.039760222273464575,0.05180939351700616,0.06485619506869089,0.09298249162342338,82.97914311788368,108.4834092747868,0.16379537901242208,20.696960392999678,0.10268190713435914,0.26055719906082225,0,Normal
439,49,0.057327967374272405,0.06754474512647153,0.10908094167099419,0.168849,110.22025301557501,133.3573,-0.8590324397949822,9.566592947536552,0.14995138079655226,0.3925514758399882,0,Normal
440,35,0.09451540136438523,0.12098969637576582,0.20100570339459486,0.279273,163.30798656656188,189.36897680106273,-0.6870579693256151,2.245493940331912,0.2523063730907392,0.61570446331717,0,Normal
441,22,0.05160410144574284,0.06196879432558509,0.05191304071496691,0.07756512585434255,87.05906256413014,102.62372819266223,-1.2505688573148181,2.32535978218592,0.10155049244550064,0.22318841445633109,0,Normal
442,10,0.12541091904082963,0.14480388918925255,0.05896024084195076,0.08811283882471385,93.81352836982276,108.08677136249136,-0.8438720411259709,3.085355630074126,0.14217226245407477,0.23616816251918446,0,Normal
443,50,0.08012212138306866,0.136097,0.12129180353353161,0.14220956313483282,124.27533838684386,143.94045849141813,-4.16068352873451,3.9701499542393166,0.15747687681140468,0.4792034501868102,0,Normal
444,49,0.05295459415578226,0.0824730234925336,0.05299559232008085,0.096749,80.15694064892679,90.07782155085965,1.174787541170456,19.325150459296804,0.1058182688861215,0.21116644928697598,0,Normal
445,34,0.0932783373650883,0.1341484922054661,0.21131210479036702,0.23625907963060383,174.09469403931357,203.66571297168346,0.2996181395202697,24.308541973490417,0.26283646762182533,0.5992409168384942,0,Normal
446,17,0.08091787444354727,0.10701439899191137,0.1475619748822631,0.212802,117.44216947577031,142.83253899409763,-0.9453084118212668,5.364244256615097,0.1960628707466614,0.443823828458542,0,Normal
447,4,0.05564675181685855,0.0759928512871441,0.026377338088192308,0.04912728174514305,105.90401123793421,107.36885948409328,10.860751944833602,39.42840646651268,0.19666558575638116,0.25845980712813527,0,Normal
448,50,0.06426132209118386,0.116753,0.06869987794335479,0.13054,78.4437209901858,87.26177692144002,3.3062894684125967,162.1112372304211,0.10787578223384056,0.3229057972707662,0,Normal
449,50,0.08344334108652635,0.11369164826494513,0.21192129571451962,0.240558,178.10630926532008,232.44775080383593,-1.3195066196606273,4.0809788216795235,0.2508760251259148,0.6311344886401118,0,Normal
450,44,0.08698418395370083,0.11647095338645598,0.15918640009768817,0.22722284857161704,143.6955974022483,216.6281,-1.1798020692008384,10.434058405412348,0.19930155934496951,0.5249516369017313,0,Normal
451,31,0.035562785094818444,0.04577898676030303,0.05685098466819636,0.07241676336779121,76.41028349630479,87.83537645810546,-0.11039137988636527,8.242101970597433,0.09527579324758335,0.2585710140160471,0,Normal
452,21,0.07670347251010981,0.11099988662021236,0.20778526857529472,0.255262,162.62808434972695,204.44062,-0.9855950430913303,1.270384517443341,0.25713464021810145,0.5538374215635795,0,Normal
453,7,0.03375037685733986,0.04130329398832149,0.11607068268286466,0.12804628397770862,107.75962917378804,149.30217647669548,-1.0192255271582102,-0.2411755653280978,0.15776934741565452,0.28653074092857556,0,Normal
454,50,0.08864685644243263,0.1505081679793492,0.13812249509828034,0.15668830513059998,134.86754191594466,184.64413,-0.09036238853246985,6.6146587876477305,0.1851223204681742,0.40397232400461996,0,Normal
455,48,0.0862879541255173,0.11234027733230857,0.1902796386941409,0.2181266421396066,165.24682490933375,195.5073136539431,-0.8470808365420721,3.0912670007158196,0.24238796510151547,0.6023789838934421,0,Normal
456,37,0.036871968561495126,0.04948156939103691,0.05958462009188773,0.08720539724695944,82.07865946642336,106.95351,-0.13024019545798823,25.23776889396532,0.11083193366213874,0.27592658453976415,0,Normal
457,24,0.10762450816802493,0.143818,0.1526023659550956,0.1923453976349144,128.326542558244,162.03609851243786,-3.1139758990645787,4.25504704485247,0.17630520784449577,0.5369407612984236,0,Normal
458,11,0.13602964040659732,0.172044,0.22169383728871708,0.286431,196.49318493174206,229.04847401532322,-0.16724318673049327,1.6465066994804485,0.20535343630591027,0.4636755869222783,0,Normal
459,50,0.07697088288983323,0.09221380910145725,0.07328133528334449,0.145481,91.95071119922976,104.47591838291207,-0.286200810560547,21.21025279661766,0.12724661694086506,0.26847487294096284,0,Normal
460,50,0.10204320652417055,0.15267154764821111,0.1913980477256973,0.21810486546384056,176.61818474112425,208.4502759735964,0.6955171418463607,59.09062707733231,0.25699443915441506,0.6503267363689635,0,Normal
461,39,0.058314844569054114,0.07189452743011808,0.04958127318176668,0.0687645774563474,88.59919366843143,109.22946,-1.853495319932871,3.061008132222698,0.10593089879645098,0.2321526114666525,0,Normal
462,27,0.0856427111659729,0.12794,0.0673376269121163,0.08080519829441668,92.76492854015038,117.20003,-2.0459022894617753,8.38040856859129,0.10402837447776868,0.27056053061764984,0,Normal
463,18,0.06810593139221792,0.11097,0.16897121339234744,0.205298,152.52843558603482,188.47515,-0.30521748723688913,2.720095007985585,0.21647713025330534,0.4705680549074177,0,Normal
464,5,0.03029633179484024,0.04400294272545872,0.05418406045207835,0.06928697468139304,54.11086824861195,65.71447328253772,-0.8055883234287446,-0.15922291618264064,0.07030804803449411,0.12848157851508157,0,Normal
465,50,0.106715037550116,0.15967613113643506,0.20423657526197794,0.25585678370916803,175.37872986338112,237.20172,-0.2652537930392434,14.010541661993944,0.24299716502030136,0.679965600561841,0,Normal
466,48,0.05015254338636103,0.070778768032511,0.059368848830874066,0.08224389364384446,85.6168617015773,95.55279438558422,-0.6281204663255984,4.269585898153329,0.11443822921017105,0.22819635515661574,0,Normal
467,34,0.08320977678657453,0.09836704146765826,0.06548285241568075,0.08751633656523793,86.47696893805103,100.76529930389873,0.37244307965761947,22.723404255319167,0.12135622885970199,0.33315512926410984,0,Normal
468,34,0.03650526667354445,0.043628391334593626,0.055842295078471556,0.06648854486526232,86.21587728787185,113.64855,-1.867237330288046,7.850911289625981,0.1049013008251239,0.29774867522978554,0,Normal
469,20,0.061737329316781234,0.0838727657735215,0.07055112788313436,0.0820879903548625,81.35673058040209,98.99052951144115,-0.7838486219867064,15.279612903225807,0.11507221928207052,0.29513192965653373,0,Normal
470,8,0.08191871917115573,0.12321811878331855,0.19443101156003162,0.231111995128985,157.65014750371964,205.27318,0.005936706739696859,2.5422008838452723,0.2455150961590765,0.5072259093889762,0,Normal
471,50,0.04994270975856849,0.08960501938117083,0.045846864643450044,0.055542679326802374,82.46133590329794,91.85484194175136,0.001730904031279721,5.9445577164366386,0.10973943775000676,0.28524059682581104,0,Normal
472,49,0.08653175711887526,0.12226193504439557,0.1999946637795858,0.22651979409226028,169.74921904992647,233.93312,0.2903495762696001,35.040996784565905,0.2436168179009213,0.5874455166989696,0,Normal
473,36,0.06788675763590575,0.0899915548087708,0.11358481924943657,0.13598174219051123,134.60534567600513,177.36513308743426,-0.4948014303119035,38.7564655172414,0.174898052384163,0.4082635671088571,0,Normal
474,37,0.10336603477765476,0.14439811490493912,0.2031686461656743,0.246773,163.6928748098104,191.99836050252142,-0.2754127487482101,4.060471336030982,0.21810073644085246,0.6771147705525755,0,Normal
475,24,0.08234727224441857,0.10571311413301568,0.09561278019739994,0.11440714062636125,104.04838632735402,132.59758,-2.7080708981128563,21.372204472843435,0.12574901536178873,0.39626080373422173,0,Normal
476,11,0.06739889362104247,0.07432903391945841,0.050576108859688114,0.06314213349262124,105.39042723668912,120.15014785740681,0.9055306052866001,3.495563508015099,0.12172700265865787,0.2926564638327958,0,Normal
477,50,0.02713751338066327,0.04276301307555397,0.036711583287733926,0.06367278896200479,84.61034725748009,100.7197,-0.28393336206025,9.150962176509621,0.10269268227605739,0.2326455118713951,0,Normal
0,4,0.6583891155449348,0.8281672926766103,0.5011784669225314,0.5490323231273484,36.399508634229136,57.66268822651092,0.07412635245130955,3.1732835294052046,0.43423470547152065,0.6753191406426777,1,Outlier
1,50,0.33299464634921255,0.6861719465671696,0.2513159626614285,0.3877018437761841,95.2847196733963,126.578165813145,-3.0507312458902276,13.758322680365875,0.23127993919160872,0.6429927959128128,1,Outlier
2,47,0.4481002277340083,0.7809387113131065,0.27319032109356445,0.43133389585856213,104.75171872432134,164.50884,-0.4138000209046688,9.269194797056901,0.2764149122714383,0.6219839330623214,1,Outlier
3,31,0.04655215590201903,0.0637251351132735,0.10007257184436079,0.14902890107080224,103.53134088437687,133.51442,-74.06006096690541,18.40315313757655,0.14165256811183913,0.39676740843039326,1,Outlier
4,18,0.5564692092204233,0.8166043701621446,0.22404995342688114,0.35900215479897585,127.48616539090888,178.89857387283573,2.6786750584867116,31.96571689257279,0.2973368989706042,0.6873452679016089,1,Outlier
5,3,1.1379773342719899,1.2754045,0.35560100485522494,0.41103227,152.2191946501504,158.54837,0.7727594431967941,1.951051596079624,0.3821152532603274,0.5954014265091023,1,Outlier
6,50,0.492150325625453,0.9709503259134995,0.22479332959766474,0.35122453774644496,124.84739581758895,267.02884,-23.490260054276046,16.670579559604853,0.2672983433852125,0.760720259753095,1,Outlier
7,40,0.3272373856454042,0.681790916940454,0.23349065855123782,0.3370064762465559,146.30513946039542,287.3197010733145,2.1355487033697966,89.097513146299,0.26080418839604597,0.855089433034434,1,Outlier
8,25,0.18301041799475995,0.510929363551595,0.21283151916692714,0.3654464795196663,88.27733815013053,111.94826202886911,-19.165745178386604,14.337356978766023,0.23662637871221082,0.6286330542080955,1,Outlier
9,8,0.45005898410965695,0.5238096071272133,0.3832935062072653,0.5131366729236236,97.5544685044617,126.13861717836757,-1.1224200852601005,3.0918776742704375,0.3751276395262224,0.6679257819165474,1,Outlier
10,4,0.6561291312294665,0.75195941,0.37442358037685364,0.4931953006981693,216.69667697350184,230.3193424146249,1.004241913501465,2.711168888114969,0.2970126894119283,0.5522796962063505,1,Outlier
11,50,0.25093537841987057,0.9721493,0.1746071924023718,0.34765576123073416,64.37970760575854,107.28837,-1.7529298623438363,6.710667102309551,0.1985720767877503,0.5752706280335829,1,Outlier
12,42,0.3898154374610153,0.923012849707863,0.21643468407822905,0.36741746441928747,75.5604104672059,133.5534428735144,-3.228476166048806,8.699770662151227,0.20308740386682783,0.5876456055006383,1,Outlier
13,28,0.8254286947410165,1.2145161863051874,0.298482356121399,0.3812535935502675,108.98134772877329,135.91429083562807,-19.68402773561494,5.309610058617352,0.2473380093725264,0.7088985820331574,1,Outlier
14,15,0.31793491357645126,0.82649834,0.14136764919291042,0.23921689740230612,77.20418162530683,118.01721,0.7838512741341916,6.010866253408018,0.08903166397883087,0.26249975327252123,1,Outlier
15,50,0.21827299315022877,0.6223957123260311,0.14822372032840878,0.37090116331685385,146.10381827379268,333.7021652800735,2.249601319729243,105.62695875011892,0.17041731050226389,1.008867486285614,1,Outlier
16,50,0.1627409991415358,0.67080878,0.1689304837333854,0.4520523827285708,239.2693655202198,429.15349,-0.8650269791242096,12.829530909321521,0.23544430959158302,1.0208503448463022,1,Outlier
17,36,0.35327142565721076,0.6179168923984233,0.2671583676246325,0.5461076138661658,310.64542099546674,457.76373,4.373406393218576,175.78389305622545,0.2769186173459028,1.0855517104005161,1,Outlier
18,24,0.5325168275780253,1.0284604762392096,0.1666855839745729,0.29731641721440794,221.84142088384206,308.52141689172265,9.311332923300638,256.2630078329524,0.19015797192949732,0.8566736795574941,1,Outlier
19,10,0.019589406049907127,0.032127781515370386,0.09768743686500989,0.15133473,177.9350529386149,207.2360387063011,0.05499487127240852,1.5415212602181871,0.1980517811749978,0.35787620385003693,1,Outlier
20,15,0.03490634882900859,0.045608273484852316,0.015899957995378657,0.026198298744429634,177.19588531572924,191.8558839760624,24.645920650076384,353.59337108553194,0.17767087248337532,0.2750014821537838,1,Outlier
